observation_id,indicator_id,geography_id,geography_label,statcan_dguid,value,unit,period_start,period_end,source_id,evidence_status,as_of_date,transformation_id,quality_flags
OBS_BCPI_B34454F54630A7BFF4AB,BCPI_BUS_DEPOT_WITH_MAINTENANCE_AND_REPAIR_FACILITIES_DIVISION_COMPOSITE,PR_24,Quebec,2021A000224,68.4,"Index, 2023=100",2017-01-01,2017-03-31,STATCAN_BCPI_18100289,observed,2017-03-31,TR_STATCAN_BCPI_BC_ON_QC_REFERENCE_CLASSES_1_0_0,
OBS_BCPI_9440513C9F5B2ACDC087,BCPI_BUS_DEPOT_WITH_MAINTENANCE_AND_REPAIR_FACILITIES_DIVISION_COMPOSITE,PR_24,Quebec,2021A000224,69.1,"Index, 2023=100",2017-04-01,2017-06-30,STATCAN_BCPI_18100289,observed,2017-06-30,TR_STATCAN_BCPI_BC_ON_QC_REFERENCE_CLASSES_1_0_0,
OBS_BCPI_3DA90EC562A27C301A88,BCPI_BUS_DEPOT_WITH_MAINTENANCE_AND_REPAIR_FACILITIES_DIVISION_COMPOSITE,PR_24,Quebec,2021A000224,69.2,"Index, 2023=100",2017-07-01,2017-09-30,STATCAN_BCPI_18100289,observed,2017-09-30,TR_STATCAN_BCPI_BC_ON_QC_REFERENCE_CLASSES_1_0_0,
OBS_BCPI_B2737BAE9C95B9219BF3,BCPI_BUS_DEPOT_WITH_MAINTENANCE_AND_REPAIR_FACILITIES_DIVISION_COMPOSITE,PR_24,Quebec,2021A000224,69.8,"Index, 2023=100",2017-10-01,2017-12-31,STATCAN_BCPI_18100289,observed,2017-12-31,TR_STATCAN_BCPI_BC_ON_QC_REFERENCE_CLASSES_1_0_0,
OBS_BCPI_8671F515C0E3C247F046,BCPI_BUS_DEPOT_WITH_MAINTENANCE_AND_REPAIR_FACILITIES_DIVISION_COMPOSITE,PR_24,Quebec,2021A000224,70.4,"Index, 2023=100",2018-01-01,2018-03-31,STATCAN_BCPI_18100289,observed,2018-03-31,TR_STATCAN_BCPI_BC_ON_QC_REFERENCE_CLASSES_1_0_0,
OBS_BCPI_9FBB862C22BB35B374EF,BCPI_BUS_DEPOT_WITH_MAINTENANCE_AND_REPAIR_FACILITIES_DIVISION_COMPOSITE,PR_24,Quebec,2021A000224,71.4,"Index, 2023=100",2018-04-01,2018-06-30,STATCAN_BCPI_18100289,observed,2018-06-30,TR_STATCAN_BCPI_BC_ON_QC_REFERENCE_CLASSES_1_0_0,
OBS_BCPI_DD98FFC83F7F6151EE94,BCPI_BUS_DEPOT_WITH_MAINTENANCE_AND_REPAIR_FACILITIES_DIVISION_COMPOSITE,PR_24,Quebec,2021A000224,72.8,"Index, 2023=100",2018-07-01,2018-09-30,STATCAN_BCPI_18100289,observed,2018-09-30,TR_STATCAN_BCPI_BC_ON_QC_REFERENCE_CLASSES_1_0_0,
OBS_BCPI_EB97DC782931D3D5E5AB,BCPI_BUS_DEPOT_WITH_MAINTENANCE_AND_REPAIR_FACILITIES_DIVISION_COMPOSITE,PR_24,Quebec,2021A000224,73.7,"Index, 2023=100",2018-10-01,2018-12-31,STATCAN_BCPI_18100289,observed,2018-12-31,TR_STATCAN_BCPI_BC_ON_QC_REFERENCE_CLASSES_1_0_0,
OBS_BCPI_BD0CAFC153C0257B3C0E,BCPI_BUS_DEPOT_WITH_MAINTENANCE_AND_REPAIR_FACILITIES_DIVISION_COMPOSITE,PR_24,Quebec,2021A000224,74.3,"Index, 2023=100",2019-01-01,2019-03-31,STATCAN_BCPI_18100289,observed,2019-03-31,TR_STATCAN_BCPI_BC_ON_QC_REFERENCE_CLASSES_1_0_0,
OBS_BCPI_2A5D74C391D41BD1E41A,BCPI_BUS_DEPOT_WITH_MAINTENANCE_AND_REPAIR_FACILITIES_DIVISION_COMPOSITE,PR_24,Quebec,2021A000224,75.1,"Index, 2023=100",2019-04-01,2019-06-30,STATCAN_BCPI_18100289,observed,2019-06-30,TR_STATCAN_BCPI_BC_ON_QC_REFERENCE_CLASSES_1_0_0,
OBS_BCPI_833CBD91E135EB2C86F9,BCPI_BUS_DEPOT_WITH_MAINTENANCE_AND_REPAIR_FACILITIES_DIVISION_COMPOSITE,PR_24,Quebec,2021A000224,75.6,"Index, 2023=100",2019-07-01,2019-09-30,STATCAN_BCPI_18100289,observed,2019-09-30,TR_STATCAN_BCPI_BC_ON_QC_REFERENCE_CLASSES_1_0_0,
OBS_BCPI_05C7F4618F607F7DE1C2,BCPI_BUS_DEPOT_WITH_MAINTENANCE_AND_REPAIR_FACILITIES_DIVISION_COMPOSITE,PR_24,Quebec,2021A000224,76.3,"Index, 2023=100",2019-10-01,2019-12-31,STATCAN_BCPI_18100289,observed,2019-12-31,TR_STATCAN_BCPI_BC_ON_QC_REFERENCE_CLASSES_1_0_0,
OBS_BCPI_E7ADD172F067678F1A7E,BCPI_BUS_DEPOT_WITH_MAINTENANCE_AND_REPAIR_FACILITIES_DIVISION_COMPOSITE,PR_24,Quebec,2021A000224,76.6,"Index, 2023=100",2020-01-01,2020-03-31,STATCAN_BCPI_18100289,observed,2020-03-31,TR_STATCAN_BCPI_BC_ON_QC_REFERENCE_CLASSES_1_0_0,
OBS_BCPI_2176E51B592C08C59447,BCPI_BUS_DEPOT_WITH_MAINTENANCE_AND_REPAIR_FACILITIES_DIVISION_COMPOSITE,PR_24,Quebec,2021A000224,77.1,"Index, 2023=100",2020-04-01,2020-06-30,STATCAN_BCPI_18100289,observed,2020-06-30,TR_STATCAN_BCPI_BC_ON_QC_REFERENCE_CLASSES_1_0_0,
OBS_BCPI_52F26392351F1515FA64,BCPI_BUS_DEPOT_WITH_MAINTENANCE_AND_REPAIR_FACILITIES_DIVISION_COMPOSITE,PR_24,Quebec,2021A000224,78.1,"Index, 2023=100",2020-07-01,2020-09-30,STATCAN_BCPI_18100289,observed,2020-09-30,TR_STATCAN_BCPI_BC_ON_QC_REFERENCE_CLASSES_1_0_0,
OBS_BCPI_6A14FA692F2B1953C154,BCPI_BUS_DEPOT_WITH_MAINTENANCE_AND_REPAIR_FACILITIES_DIVISION_COMPOSITE,PR_24,Quebec,2021A000224,77.9,"Index, 2023=100",2020-10-01,2020-12-31,STATCAN_BCPI_18100289,observed,2020-12-31,TR_STATCAN_BCPI_BC_ON_QC_REFERENCE_CLASSES_1_0_0,
OBS_BCPI_BCE1D62B76FAC577FC04,BCPI_BUS_DEPOT_WITH_MAINTENANCE_AND_REPAIR_FACILITIES_DIVISION_COMPOSITE,PR_24,Quebec,2021A000224,79.6,"Index, 2023=100",2021-01-01,2021-03-31,STATCAN_BCPI_18100289,observed,2021-03-31,TR_STATCAN_BCPI_BC_ON_QC_REFERENCE_CLASSES_1_0_0,
OBS_BCPI_81EAD0AD80DF2C7B06B6,BCPI_BUS_DEPOT_WITH_MAINTENANCE_AND_REPAIR_FACILITIES_DIVISION_COMPOSITE,PR_24,Quebec,2021A000224,83.0,"Index, 2023=100",2021-04-01,2021-06-30,STATCAN_BCPI_18100289,observed,2021-06-30,TR_STATCAN_BCPI_BC_ON_QC_REFERENCE_CLASSES_1_0_0,
OBS_BCPI_6FABB6C1EF4E2D50AE4E,BCPI_BUS_DEPOT_WITH_MAINTENANCE_AND_REPAIR_FACILITIES_DIVISION_COMPOSITE,PR_24,Quebec,2021A000224,85.2,"Index, 2023=100",2021-07-01,2021-09-30,STATCAN_BCPI_18100289,observed,2021-09-30,TR_STATCAN_BCPI_BC_ON_QC_REFERENCE_CLASSES_1_0_0,
OBS_BCPI_F6FB0C4AF3CED7059FB9,BCPI_BUS_DEPOT_WITH_MAINTENANCE_AND_REPAIR_FACILITIES_DIVISION_COMPOSITE,PR_24,Quebec,2021A000224,87.8,"Index, 2023=100",2021-10-01,2021-12-31,STATCAN_BCPI_18100289,observed,2021-12-31,TR_STATCAN_BCPI_BC_ON_QC_REFERENCE_CLASSES_1_0_0,
OBS_BCPI_2BDDEED5FCBC0B7B7609,BCPI_BUS_DEPOT_WITH_MAINTENANCE_AND_REPAIR_FACILITIES_DIVISION_COMPOSITE,PR_24,Quebec,2021A000224,91.4,"Index, 2023=100",2022-01-01,2022-03-31,STATCAN_BCPI_18100289,observed,2022-03-31,TR_STATCAN_BCPI_BC_ON_QC_REFERENCE_CLASSES_1_0_0,
OBS_BCPI_8246661414B2D9AFDEDD,BCPI_BUS_DEPOT_WITH_MAINTENANCE_AND_REPAIR_FACILITIES_DIVISION_COMPOSITE,PR_24,Quebec,2021A000224,94.9,"Index, 2023=100",2022-04-01,2022-06-30,STATCAN_BCPI_18100289,observed,2022-06-30,TR_STATCAN_BCPI_BC_ON_QC_REFERENCE_CLASSES_1_0_0,
OBS_BCPI_8E7A166EBED869863FC7,BCPI_BUS_DEPOT_WITH_MAINTENANCE_AND_REPAIR_FACILITIES_DIVISION_COMPOSITE,PR_24,Quebec,2021A000224,96.6,"Index, 2023=100",2022-07-01,2022-09-30,STATCAN_BCPI_18100289,observed,2022-09-30,TR_STATCAN_BCPI_BC_ON_QC_REFERENCE_CLASSES_1_0_0,
OBS_BCPI_0103769533911F1602AD,BCPI_BUS_DEPOT_WITH_MAINTENANCE_AND_REPAIR_FACILITIES_DIVISION_COMPOSITE,PR_24,Quebec,2021A000224,97.7,"Index, 2023=100",2022-10-01,2022-12-31,STATCAN_BCPI_18100289,observed,2022-12-31,TR_STATCAN_BCPI_BC_ON_QC_REFERENCE_CLASSES_1_0_0,
OBS_BCPI_F14EFFC3B4860A90AFA4,BCPI_BUS_DEPOT_WITH_MAINTENANCE_AND_REPAIR_FACILITIES_DIVISION_COMPOSITE,PR_24,Quebec,2021A000224,98.9,"Index, 2023=100",2023-01-01,2023-03-31,STATCAN_BCPI_18100289,observed,2023-03-31,TR_STATCAN_BCPI_BC_ON_QC_REFERENCE_CLASSES_1_0_0,
OBS_BCPI_A58593F01E4466892D8D,BCPI_BUS_DEPOT_WITH_MAINTENANCE_AND_REPAIR_FACILITIES_DIVISION_COMPOSITE,PR_24,Quebec,2021A000224,99.9,"Index, 2023=100",2023-04-01,2023-06-30,STATCAN_BCPI_18100289,observed,2023-06-30,TR_STATCAN_BCPI_BC_ON_QC_REFERENCE_CLASSES_1_0_0,
OBS_BCPI_E906850390BE1CE05188,BCPI_BUS_DEPOT_WITH_MAINTENANCE_AND_REPAIR_FACILITIES_DIVISION_COMPOSITE,PR_24,Quebec,2021A000224,100.5,"Index, 2023=100",2023-07-01,2023-09-30,STATCAN_BCPI_18100289,observed,2023-09-30,TR_STATCAN_BCPI_BC_ON_QC_REFERENCE_CLASSES_1_0_0,
OBS_BCPI_87189F6F28A55FC64BEE,BCPI_BUS_DEPOT_WITH_MAINTENANCE_AND_REPAIR_FACILITIES_DIVISION_COMPOSITE,PR_24,Quebec,2021A000224,100.7,"Index, 2023=100",2023-10-01,2023-12-31,STATCAN_BCPI_18100289,observed,2023-12-31,TR_STATCAN_BCPI_BC_ON_QC_REFERENCE_CLASSES_1_0_0,
OBS_BCPI_889555B539BFA4EFD215,BCPI_BUS_DEPOT_WITH_MAINTENANCE_AND_REPAIR_FACILITIES_DIVISION_COMPOSITE,PR_24,Quebec,2021A000224,101.3,"Index, 2023=100",2024-01-01,2024-03-31,STATCAN_BCPI_18100289,observed,2024-03-31,TR_STATCAN_BCPI_BC_ON_QC_REFERENCE_CLASSES_1_0_0,
OBS_BCPI_405CE5B4BCB8A65FC29F,BCPI_BUS_DEPOT_WITH_MAINTENANCE_AND_REPAIR_FACILITIES_DIVISION_COMPOSITE,PR_24,Quebec,2021A000224,102.0,"Index, 2023=100",2024-04-01,2024-06-30,STATCAN_BCPI_18100289,observed,2024-06-30,TR_STATCAN_BCPI_BC_ON_QC_REFERENCE_CLASSES_1_0_0,
OBS_BCPI_989D2EA1130AFBAE584E,BCPI_BUS_DEPOT_WITH_MAINTENANCE_AND_REPAIR_FACILITIES_DIVISION_COMPOSITE,PR_24,Quebec,2021A000224,102.5,"Index, 2023=100",2024-07-01,2024-09-30,STATCAN_BCPI_18100289,observed,2024-09-30,TR_STATCAN_BCPI_BC_ON_QC_REFERENCE_CLASSES_1_0_0,
OBS_BCPI_915F747FCF51C406E123,BCPI_BUS_DEPOT_WITH_MAINTENANCE_AND_REPAIR_FACILITIES_DIVISION_COMPOSITE,PR_24,Quebec,2021A000224,103.3,"Index, 2023=100",2024-10-01,2024-12-31,STATCAN_BCPI_18100289,observed,2024-12-31,TR_STATCAN_BCPI_BC_ON_QC_REFERENCE_CLASSES_1_0_0,
OBS_BCPI_41610085BFDB3E548799,BCPI_BUS_DEPOT_WITH_MAINTENANCE_AND_REPAIR_FACILITIES_DIVISION_COMPOSITE,PR_24,Quebec,2021A000224,104.1,"Index, 2023=100",2025-01-01,2025-03-31,STATCAN_BCPI_18100289,observed,2025-03-31,TR_STATCAN_BCPI_BC_ON_QC_REFERENCE_CLASSES_1_0_0,
OBS_BCPI_7EBE5BDA6CBCCDB04398,BCPI_BUS_DEPOT_WITH_MAINTENANCE_AND_REPAIR_FACILITIES_DIVISION_COMPOSITE,PR_24,Quebec,2021A000224,107.2,"Index, 2023=100",2025-04-01,2025-06-30,STATCAN_BCPI_18100289,observed,2025-06-30,TR_STATCAN_BCPI_BC_ON_QC_REFERENCE_CLASSES_1_0_0,
OBS_BCPI_98D5F9B67D58FF51558D,BCPI_BUS_DEPOT_WITH_MAINTENANCE_AND_REPAIR_FACILITIES_DIVISION_COMPOSITE,PR_24,Quebec,2021A000224,108.3,"Index, 2023=100",2025-07-01,2025-09-30,STATCAN_BCPI_18100289,observed,2025-09-30,TR_STATCAN_BCPI_BC_ON_QC_REFERENCE_CLASSES_1_0_0,
OBS_BCPI_AD0D571FFFB4ECF50C24,BCPI_BUS_DEPOT_WITH_MAINTENANCE_AND_REPAIR_FACILITIES_DIVISION_COMPOSITE,PR_24,Quebec,2021A000224,109.0,"Index, 2023=100",2025-10-01,2025-12-31,STATCAN_BCPI_18100289,observed,2025-12-31,TR_STATCAN_BCPI_BC_ON_QC_REFERENCE_CLASSES_1_0_0,
OBS_BCPI_F1C8F0E157F64526BABD,BCPI_BUS_DEPOT_WITH_MAINTENANCE_AND_REPAIR_FACILITIES_DIVISION_COMPOSITE,PR_24,Quebec,2021A000224,110.7,"Index, 2023=100",2026-01-01,2026-03-31,STATCAN_BCPI_18100289,observed,2026-03-31,TR_STATCAN_BCPI_BC_ON_QC_REFERENCE_CLASSES_1_0_0,
OBS_BCPI_55006094B4408C53054F,BCPI_BUS_DEPOT_WITH_MAINTENANCE_AND_REPAIR_FACILITIES_DIVISION_COMPOSITE,PR_24,Quebec,2021A000224,113.4,"Index, 2023=100",2026-04-01,2026-06-30,STATCAN_BCPI_18100289,observed,2026-06-30,TR_STATCAN_BCPI_BC_ON_QC_REFERENCE_CLASSES_1_0_0,
OBS_BCPI_CB1CBDD7DB6584423953,BCPI_INSTITUTIONAL_BUILDINGS_62213_DIVISION_COMPOSITE,PR_24,Quebec,2021A000224,71.7,"Index, 2023=100",2017-01-01,2017-03-31,STATCAN_BCPI_18100289,observed,2017-03-31,TR_STATCAN_BCPI_BC_ON_QC_REFERENCE_CLASSES_1_0_0,
OBS_BCPI_E2431BEEBA393A791ED8,BCPI_INSTITUTIONAL_BUILDINGS_62213_DIVISION_COMPOSITE,PR_24,Quebec,2021A000224,72.5,"Index, 2023=100",2017-04-01,2017-06-30,STATCAN_BCPI_18100289,observed,2017-06-30,TR_STATCAN_BCPI_BC_ON_QC_REFERENCE_CLASSES_1_0_0,
OBS_BCPI_BCBEB41A32BB585CCD09,BCPI_INSTITUTIONAL_BUILDINGS_62213_DIVISION_COMPOSITE,PR_24,Quebec,2021A000224,73.0,"Index, 2023=100",2017-07-01,2017-09-30,STATCAN_BCPI_18100289,observed,2017-09-30,TR_STATCAN_BCPI_BC_ON_QC_REFERENCE_CLASSES_1_0_0,
OBS_BCPI_627BC87B7BE7DCA1E47D,BCPI_INSTITUTIONAL_BUILDINGS_62213_DIVISION_COMPOSITE,PR_24,Quebec,2021A000224,73.6,"Index, 2023=100",2017-10-01,2017-12-31,STATCAN_BCPI_18100289,observed,2017-12-31,TR_STATCAN_BCPI_BC_ON_QC_REFERENCE_CLASSES_1_0_0,
OBS_BCPI_59D7C89A1C6BC5645D2C,BCPI_INSTITUTIONAL_BUILDINGS_62213_DIVISION_COMPOSITE,PR_24,Quebec,2021A000224,74.1,"Index, 2023=100",2018-01-01,2018-03-31,STATCAN_BCPI_18100289,observed,2018-03-31,TR_STATCAN_BCPI_BC_ON_QC_REFERENCE_CLASSES_1_0_0,
OBS_BCPI_5472F0F259E92D59802F,BCPI_INSTITUTIONAL_BUILDINGS_62213_DIVISION_COMPOSITE,PR_24,Quebec,2021A000224,75.0,"Index, 2023=100",2018-04-01,2018-06-30,STATCAN_BCPI_18100289,observed,2018-06-30,TR_STATCAN_BCPI_BC_ON_QC_REFERENCE_CLASSES_1_0_0,
OBS_BCPI_FDBC743DF9C4D874DEC8,BCPI_INSTITUTIONAL_BUILDINGS_62213_DIVISION_COMPOSITE,PR_24,Quebec,2021A000224,76.1,"Index, 2023=100",2018-07-01,2018-09-30,STATCAN_BCPI_18100289,observed,2018-09-30,TR_STATCAN_BCPI_BC_ON_QC_REFERENCE_CLASSES_1_0_0,
OBS_BCPI_5909A0A6BD9D12A48FCE,BCPI_INSTITUTIONAL_BUILDINGS_62213_DIVISION_COMPOSITE,PR_24,Quebec,2021A000224,76.9,"Index, 2023=100",2018-10-01,2018-12-31,STATCAN_BCPI_18100289,observed,2018-12-31,TR_STATCAN_BCPI_BC_ON_QC_REFERENCE_CLASSES_1_0_0,
OBS_BCPI_38DAD708E16D581625BA,BCPI_INSTITUTIONAL_BUILDINGS_62213_DIVISION_COMPOSITE,PR_24,Quebec,2021A000224,77.5,"Index, 2023=100",2019-01-01,2019-03-31,STATCAN_BCPI_18100289,observed,2019-03-31,TR_STATCAN_BCPI_BC_ON_QC_REFERENCE_CLASSES_1_0_0,
OBS_BCPI_FD78752ED951D7C3FDE3,BCPI_INSTITUTIONAL_BUILDINGS_62213_DIVISION_COMPOSITE,PR_24,Quebec,2021A000224,78.3,"Index, 2023=100",2019-04-01,2019-06-30,STATCAN_BCPI_18100289,observed,2019-06-30,TR_STATCAN_BCPI_BC_ON_QC_REFERENCE_CLASSES_1_0_0,
OBS_BCPI_7701DD574458A76D839C,BCPI_INSTITUTIONAL_BUILDINGS_62213_DIVISION_COMPOSITE,PR_24,Quebec,2021A000224,78.8,"Index, 2023=100",2019-07-01,2019-09-30,STATCAN_BCPI_18100289,observed,2019-09-30,TR_STATCAN_BCPI_BC_ON_QC_REFERENCE_CLASSES_1_0_0,
OBS_BCPI_CCD0841DA766551DFB16,BCPI_INSTITUTIONAL_BUILDINGS_62213_DIVISION_COMPOSITE,PR_24,Quebec,2021A000224,79.4,"Index, 2023=100",2019-10-01,2019-12-31,STATCAN_BCPI_18100289,observed,2019-12-31,TR_STATCAN_BCPI_BC_ON_QC_REFERENCE_CLASSES_1_0_0,
OBS_BCPI_24308F2CA0F82EB6C15E,BCPI_INSTITUTIONAL_BUILDINGS_62213_DIVISION_COMPOSITE,PR_24,Quebec,2021A000224,79.9,"Index, 2023=100",2020-01-01,2020-03-31,STATCAN_BCPI_18100289,observed,2020-03-31,TR_STATCAN_BCPI_BC_ON_QC_REFERENCE_CLASSES_1_0_0,
OBS_BCPI_7EDACB71ED6D44B2789B,BCPI_INSTITUTIONAL_BUILDINGS_62213_DIVISION_COMPOSITE,PR_24,Quebec,2021A000224,80.4,"Index, 2023=100",2020-04-01,2020-06-30,STATCAN_BCPI_18100289,observed,2020-06-30,TR_STATCAN_BCPI_BC_ON_QC_REFERENCE_CLASSES_1_0_0,
OBS_BCPI_E22D3E99F2009704EF44,BCPI_INSTITUTIONAL_BUILDINGS_62213_DIVISION_COMPOSITE,PR_24,Quebec,2021A000224,81.5,"Index, 2023=100",2020-07-01,2020-09-30,STATCAN_BCPI_18100289,observed,2020-09-30,TR_STATCAN_BCPI_BC_ON_QC_REFERENCE_CLASSES_1_0_0,
OBS_BCPI_6513E7A02BCE6B9A9F80,BCPI_INSTITUTIONAL_BUILDINGS_62213_DIVISION_COMPOSITE,PR_24,Quebec,2021A000224,81.6,"Index, 2023=100",2020-10-01,2020-12-31,STATCAN_BCPI_18100289,observed,2020-12-31,TR_STATCAN_BCPI_BC_ON_QC_REFERENCE_CLASSES_1_0_0,
OBS_BCPI_77CF3D3639E097B7E050,BCPI_INSTITUTIONAL_BUILDINGS_62213_DIVISION_COMPOSITE,PR_24,Quebec,2021A000224,82.7,"Index, 2023=100",2021-01-01,2021-03-31,STATCAN_BCPI_18100289,observed,2021-03-31,TR_STATCAN_BCPI_BC_ON_QC_REFERENCE_CLASSES_1_0_0,
OBS_BCPI_C51AB1088CF4D5FEA2A8,BCPI_INSTITUTIONAL_BUILDINGS_62213_DIVISION_COMPOSITE,PR_24,Quebec,2021A000224,85.5,"Index, 2023=100",2021-04-01,2021-06-30,STATCAN_BCPI_18100289,observed,2021-06-30,TR_STATCAN_BCPI_BC_ON_QC_REFERENCE_CLASSES_1_0_0,
OBS_BCPI_DBC0DE087C3D01522B66,BCPI_INSTITUTIONAL_BUILDINGS_62213_DIVISION_COMPOSITE,PR_24,Quebec,2021A000224,87.4,"Index, 2023=100",2021-07-01,2021-09-30,STATCAN_BCPI_18100289,observed,2021-09-30,TR_STATCAN_BCPI_BC_ON_QC_REFERENCE_CLASSES_1_0_0,
OBS_BCPI_20D9BAB52A71043172D4,BCPI_INSTITUTIONAL_BUILDINGS_62213_DIVISION_COMPOSITE,PR_24,Quebec,2021A000224,89.3,"Index, 2023=100",2021-10-01,2021-12-31,STATCAN_BCPI_18100289,observed,2021-12-31,TR_STATCAN_BCPI_BC_ON_QC_REFERENCE_CLASSES_1_0_0,
OBS_BCPI_6129320824C1005579FA,BCPI_INSTITUTIONAL_BUILDINGS_62213_DIVISION_COMPOSITE,PR_24,Quebec,2021A000224,92.4,"Index, 2023=100",2022-01-01,2022-03-31,STATCAN_BCPI_18100289,observed,2022-03-31,TR_STATCAN_BCPI_BC_ON_QC_REFERENCE_CLASSES_1_0_0,
OBS_BCPI_45FF0242A049E08C906D,BCPI_INSTITUTIONAL_BUILDINGS_62213_DIVISION_COMPOSITE,PR_24,Quebec,2021A000224,95.3,"Index, 2023=100",2022-04-01,2022-06-30,STATCAN_BCPI_18100289,observed,2022-06-30,TR_STATCAN_BCPI_BC_ON_QC_REFERENCE_CLASSES_1_0_0,
OBS_BCPI_622CA7CD2FBD5863496A,BCPI_INSTITUTIONAL_BUILDINGS_62213_DIVISION_COMPOSITE,PR_24,Quebec,2021A000224,97.0,"Index, 2023=100",2022-07-01,2022-09-30,STATCAN_BCPI_18100289,observed,2022-09-30,TR_STATCAN_BCPI_BC_ON_QC_REFERENCE_CLASSES_1_0_0,
OBS_BCPI_506072B7F90FBB8A92EE,BCPI_INSTITUTIONAL_BUILDINGS_62213_DIVISION_COMPOSITE,PR_24,Quebec,2021A000224,97.9,"Index, 2023=100",2022-10-01,2022-12-31,STATCAN_BCPI_18100289,observed,2022-12-31,TR_STATCAN_BCPI_BC_ON_QC_REFERENCE_CLASSES_1_0_0,
OBS_BCPI_4CA68F0B78275392B473,BCPI_INSTITUTIONAL_BUILDINGS_62213_DIVISION_COMPOSITE,PR_24,Quebec,2021A000224,98.8,"Index, 2023=100",2023-01-01,2023-03-31,STATCAN_BCPI_18100289,observed,2023-03-31,TR_STATCAN_BCPI_BC_ON_QC_REFERENCE_CLASSES_1_0_0,
OBS_BCPI_4620813E49BBEBA77D64,BCPI_INSTITUTIONAL_BUILDINGS_62213_DIVISION_COMPOSITE,PR_24,Quebec,2021A000224,99.8,"Index, 2023=100",2023-04-01,2023-06-30,STATCAN_BCPI_18100289,observed,2023-06-30,TR_STATCAN_BCPI_BC_ON_QC_REFERENCE_CLASSES_1_0_0,
OBS_BCPI_B2429668FC06210FC240,BCPI_INSTITUTIONAL_BUILDINGS_62213_DIVISION_COMPOSITE,PR_24,Quebec,2021A000224,100.4,"Index, 2023=100",2023-07-01,2023-09-30,STATCAN_BCPI_18100289,observed,2023-09-30,TR_STATCAN_BCPI_BC_ON_QC_REFERENCE_CLASSES_1_0_0,
OBS_BCPI_017E6B9837DCF5B16D96,BCPI_INSTITUTIONAL_BUILDINGS_62213_DIVISION_COMPOSITE,PR_24,Quebec,2021A000224,101.1,"Index, 2023=100",2023-10-01,2023-12-31,STATCAN_BCPI_18100289,observed,2023-12-31,TR_STATCAN_BCPI_BC_ON_QC_REFERENCE_CLASSES_1_0_0,
OBS_BCPI_2A6ACC049346B686B6DA,BCPI_INSTITUTIONAL_BUILDINGS_62213_DIVISION_COMPOSITE,PR_24,Quebec,2021A000224,101.8,"Index, 2023=100",2024-01-01,2024-03-31,STATCAN_BCPI_18100289,observed,2024-03-31,TR_STATCAN_BCPI_BC_ON_QC_REFERENCE_CLASSES_1_0_0,
OBS_BCPI_2E15099A6741AA589411,BCPI_INSTITUTIONAL_BUILDINGS_62213_DIVISION_COMPOSITE,PR_24,Quebec,2021A000224,102.9,"Index, 2023=100",2024-04-01,2024-06-30,STATCAN_BCPI_18100289,observed,2024-06-30,TR_STATCAN_BCPI_BC_ON_QC_REFERENCE_CLASSES_1_0_0,
OBS_BCPI_BBEBF0A909BA085B9B83,BCPI_INSTITUTIONAL_BUILDINGS_62213_DIVISION_COMPOSITE,PR_24,Quebec,2021A000224,103.1,"Index, 2023=100",2024-07-01,2024-09-30,STATCAN_BCPI_18100289,observed,2024-09-30,TR_STATCAN_BCPI_BC_ON_QC_REFERENCE_CLASSES_1_0_0,
OBS_BCPI_FD7604AF75EA490470B9,BCPI_INSTITUTIONAL_BUILDINGS_62213_DIVISION_COMPOSITE,PR_24,Quebec,2021A000224,103.9,"Index, 2023=100",2024-10-01,2024-12-31,STATCAN_BCPI_18100289,observed,2024-12-31,TR_STATCAN_BCPI_BC_ON_QC_REFERENCE_CLASSES_1_0_0,
OBS_BCPI_0BB65BDD45803230C2D4,BCPI_INSTITUTIONAL_BUILDINGS_62213_DIVISION_COMPOSITE,PR_24,Quebec,2021A000224,105.0,"Index, 2023=100",2025-01-01,2025-03-31,STATCAN_BCPI_18100289,observed,2025-03-31,TR_STATCAN_BCPI_BC_ON_QC_REFERENCE_CLASSES_1_0_0,
OBS_BCPI_DA89086E427C0E069393,BCPI_INSTITUTIONAL_BUILDINGS_62213_DIVISION_COMPOSITE,PR_24,Quebec,2021A000224,107.9,"Index, 2023=100",2025-04-01,2025-06-30,STATCAN_BCPI_18100289,observed,2025-06-30,TR_STATCAN_BCPI_BC_ON_QC_REFERENCE_CLASSES_1_0_0,
OBS_BCPI_D1B231F0EDCBF2B66331,BCPI_INSTITUTIONAL_BUILDINGS_62213_DIVISION_COMPOSITE,PR_24,Quebec,2021A000224,109.2,"Index, 2023=100",2025-07-01,2025-09-30,STATCAN_BCPI_18100289,observed,2025-09-30,TR_STATCAN_BCPI_BC_ON_QC_REFERENCE_CLASSES_1_0_0,
OBS_BCPI_FF26FC349E6AC696BCDC,BCPI_INSTITUTIONAL_BUILDINGS_62213_DIVISION_COMPOSITE,PR_24,Quebec,2021A000224,109.0,"Index, 2023=100",2025-10-01,2025-12-31,STATCAN_BCPI_18100289,observed,2025-12-31,TR_STATCAN_BCPI_BC_ON_QC_REFERENCE_CLASSES_1_0_0,
OBS_BCPI_D3074468D119D98B9373,BCPI_INSTITUTIONAL_BUILDINGS_62213_DIVISION_COMPOSITE,PR_24,Quebec,2021A000224,109.3,"Index, 2023=100",2026-01-01,2026-03-31,STATCAN_BCPI_18100289,observed,2026-03-31,TR_STATCAN_BCPI_BC_ON_QC_REFERENCE_CLASSES_1_0_0,
OBS_BCPI_B3FC764FCC86BDCBAD10,BCPI_INSTITUTIONAL_BUILDINGS_62213_DIVISION_COMPOSITE,PR_24,Quebec,2021A000224,111.6,"Index, 2023=100",2026-04-01,2026-06-30,STATCAN_BCPI_18100289,observed,2026-06-30,TR_STATCAN_BCPI_BC_ON_QC_REFERENCE_CLASSES_1_0_0,
OBS_BCPI_C953F42611BDC9A8F5EA,BCPI_OFFICE_BUILDING_62212_DIVISION_COMPOSITE,PR_24,Quebec,2021A000224,69.8,"Index, 2023=100",2017-01-01,2017-03-31,STATCAN_BCPI_18100289,observed,2017-03-31,TR_STATCAN_BCPI_BC_ON_QC_REFERENCE_CLASSES_1_0_0,
OBS_BCPI_3E2EEA0809E248740F84,BCPI_OFFICE_BUILDING_62212_DIVISION_COMPOSITE,PR_24,Quebec,2021A000224,70.5,"Index, 2023=100",2017-04-01,2017-06-30,STATCAN_BCPI_18100289,observed,2017-06-30,TR_STATCAN_BCPI_BC_ON_QC_REFERENCE_CLASSES_1_0_0,
OBS_BCPI_54907E13800F33C3A4D2,BCPI_OFFICE_BUILDING_62212_DIVISION_COMPOSITE,PR_24,Quebec,2021A000224,70.9,"Index, 2023=100",2017-07-01,2017-09-30,STATCAN_BCPI_18100289,observed,2017-09-30,TR_STATCAN_BCPI_BC_ON_QC_REFERENCE_CLASSES_1_0_0,
OBS_BCPI_B5AB14317FBB0064DFD8,BCPI_OFFICE_BUILDING_62212_DIVISION_COMPOSITE,PR_24,Quebec,2021A000224,71.6,"Index, 2023=100",2017-10-01,2017-12-31,STATCAN_BCPI_18100289,observed,2017-12-31,TR_STATCAN_BCPI_BC_ON_QC_REFERENCE_CLASSES_1_0_0,
OBS_BCPI_D6AB3944039484BFEC14,BCPI_OFFICE_BUILDING_62212_DIVISION_COMPOSITE,PR_24,Quebec,2021A000224,72.2,"Index, 2023=100",2018-01-01,2018-03-31,STATCAN_BCPI_18100289,observed,2018-03-31,TR_STATCAN_BCPI_BC_ON_QC_REFERENCE_CLASSES_1_0_0,
OBS_BCPI_0C7C5FE320950F332306,BCPI_OFFICE_BUILDING_62212_DIVISION_COMPOSITE,PR_24,Quebec,2021A000224,73.3,"Index, 2023=100",2018-04-01,2018-06-30,STATCAN_BCPI_18100289,observed,2018-06-30,TR_STATCAN_BCPI_BC_ON_QC_REFERENCE_CLASSES_1_0_0,
OBS_BCPI_C550B7509812F3CDC645,BCPI_OFFICE_BUILDING_62212_DIVISION_COMPOSITE,PR_24,Quebec,2021A000224,74.6,"Index, 2023=100",2018-07-01,2018-09-30,STATCAN_BCPI_18100289,observed,2018-09-30,TR_STATCAN_BCPI_BC_ON_QC_REFERENCE_CLASSES_1_0_0,
OBS_BCPI_AE95102621E94571F5D7,BCPI_OFFICE_BUILDING_62212_DIVISION_COMPOSITE,PR_24,Quebec,2021A000224,75.5,"Index, 2023=100",2018-10-01,2018-12-31,STATCAN_BCPI_18100289,observed,2018-12-31,TR_STATCAN_BCPI_BC_ON_QC_REFERENCE_CLASSES_1_0_0,
OBS_BCPI_8B04A6C6B39004BB50ED,BCPI_OFFICE_BUILDING_62212_DIVISION_COMPOSITE,PR_24,Quebec,2021A000224,76.2,"Index, 2023=100",2019-01-01,2019-03-31,STATCAN_BCPI_18100289,observed,2019-03-31,TR_STATCAN_BCPI_BC_ON_QC_REFERENCE_CLASSES_1_0_0,
OBS_BCPI_1D5B56FBB9BCAB8B4C04,BCPI_OFFICE_BUILDING_62212_DIVISION_COMPOSITE,PR_24,Quebec,2021A000224,77.1,"Index, 2023=100",2019-04-01,2019-06-30,STATCAN_BCPI_18100289,observed,2019-06-30,TR_STATCAN_BCPI_BC_ON_QC_REFERENCE_CLASSES_1_0_0,
OBS_BCPI_1355DF11338C677263B4,BCPI_OFFICE_BUILDING_62212_DIVISION_COMPOSITE,PR_24,Quebec,2021A000224,77.6,"Index, 2023=100",2019-07-01,2019-09-30,STATCAN_BCPI_18100289,observed,2019-09-30,TR_STATCAN_BCPI_BC_ON_QC_REFERENCE_CLASSES_1_0_0,
OBS_BCPI_56AE4D8CD2BC94345AD2,BCPI_OFFICE_BUILDING_62212_DIVISION_COMPOSITE,PR_24,Quebec,2021A000224,78.4,"Index, 2023=100",2019-10-01,2019-12-31,STATCAN_BCPI_18100289,observed,2019-12-31,TR_STATCAN_BCPI_BC_ON_QC_REFERENCE_CLASSES_1_0_0,
OBS_BCPI_9520AE82877A7D32B769,BCPI_OFFICE_BUILDING_62212_DIVISION_COMPOSITE,PR_24,Quebec,2021A000224,79.0,"Index, 2023=100",2020-01-01,2020-03-31,STATCAN_BCPI_18100289,observed,2020-03-31,TR_STATCAN_BCPI_BC_ON_QC_REFERENCE_CLASSES_1_0_0,
OBS_BCPI_DD6560AF125F4FBE1080,BCPI_OFFICE_BUILDING_62212_DIVISION_COMPOSITE,PR_24,Quebec,2021A000224,79.6,"Index, 2023=100",2020-04-01,2020-06-30,STATCAN_BCPI_18100289,observed,2020-06-30,TR_STATCAN_BCPI_BC_ON_QC_REFERENCE_CLASSES_1_0_0,
OBS_BCPI_8199AC3A29C8668F9BC1,BCPI_OFFICE_BUILDING_62212_DIVISION_COMPOSITE,PR_24,Quebec,2021A000224,80.7,"Index, 2023=100",2020-07-01,2020-09-30,STATCAN_BCPI_18100289,observed,2020-09-30,TR_STATCAN_BCPI_BC_ON_QC_REFERENCE_CLASSES_1_0_0,
OBS_BCPI_F6727741414EB4FC2815,BCPI_OFFICE_BUILDING_62212_DIVISION_COMPOSITE,PR_24,Quebec,2021A000224,80.9,"Index, 2023=100",2020-10-01,2020-12-31,STATCAN_BCPI_18100289,observed,2020-12-31,TR_STATCAN_BCPI_BC_ON_QC_REFERENCE_CLASSES_1_0_0,
OBS_BCPI_7AE3F54DEB0A24F3FF87,BCPI_OFFICE_BUILDING_62212_DIVISION_COMPOSITE,PR_24,Quebec,2021A000224,82.2,"Index, 2023=100",2021-01-01,2021-03-31,STATCAN_BCPI_18100289,observed,2021-03-31,TR_STATCAN_BCPI_BC_ON_QC_REFERENCE_CLASSES_1_0_0,
OBS_BCPI_B06A3C4902DC2F8E13AF,BCPI_OFFICE_BUILDING_62212_DIVISION_COMPOSITE,PR_24,Quebec,2021A000224,85.3,"Index, 2023=100",2021-04-01,2021-06-30,STATCAN_BCPI_18100289,observed,2021-06-30,TR_STATCAN_BCPI_BC_ON_QC_REFERENCE_CLASSES_1_0_0,
OBS_BCPI_CD803C9BD914D695A8F2,BCPI_OFFICE_BUILDING_62212_DIVISION_COMPOSITE,PR_24,Quebec,2021A000224,87.1,"Index, 2023=100",2021-07-01,2021-09-30,STATCAN_BCPI_18100289,observed,2021-09-30,TR_STATCAN_BCPI_BC_ON_QC_REFERENCE_CLASSES_1_0_0,
OBS_BCPI_1C5D65556D451EDC68C2,BCPI_OFFICE_BUILDING_62212_DIVISION_COMPOSITE,PR_24,Quebec,2021A000224,89.2,"Index, 2023=100",2021-10-01,2021-12-31,STATCAN_BCPI_18100289,observed,2021-12-31,TR_STATCAN_BCPI_BC_ON_QC_REFERENCE_CLASSES_1_0_0,
OBS_BCPI_49DCE4DD9426AAAD5E85,BCPI_OFFICE_BUILDING_62212_DIVISION_COMPOSITE,PR_24,Quebec,2021A000224,92.2,"Index, 2023=100",2022-01-01,2022-03-31,STATCAN_BCPI_18100289,observed,2022-03-31,TR_STATCAN_BCPI_BC_ON_QC_REFERENCE_CLASSES_1_0_0,
OBS_BCPI_7210E96AF9BDCDF1DBBE,BCPI_OFFICE_BUILDING_62212_DIVISION_COMPOSITE,PR_24,Quebec,2021A000224,95.1,"Index, 2023=100",2022-04-01,2022-06-30,STATCAN_BCPI_18100289,observed,2022-06-30,TR_STATCAN_BCPI_BC_ON_QC_REFERENCE_CLASSES_1_0_0,
OBS_BCPI_C31AA85AC6E1AB949659,BCPI_OFFICE_BUILDING_62212_DIVISION_COMPOSITE,PR_24,Quebec,2021A000224,96.8,"Index, 2023=100",2022-07-01,2022-09-30,STATCAN_BCPI_18100289,observed,2022-09-30,TR_STATCAN_BCPI_BC_ON_QC_REFERENCE_CLASSES_1_0_0,
OBS_BCPI_EC4A10F35D276FAAFA58,BCPI_OFFICE_BUILDING_62212_DIVISION_COMPOSITE,PR_24,Quebec,2021A000224,97.7,"Index, 2023=100",2022-10-01,2022-12-31,STATCAN_BCPI_18100289,observed,2022-12-31,TR_STATCAN_BCPI_BC_ON_QC_REFERENCE_CLASSES_1_0_0,
OBS_BCPI_3C33D235C530B0A108AE,BCPI_OFFICE_BUILDING_62212_DIVISION_COMPOSITE,PR_24,Quebec,2021A000224,98.7,"Index, 2023=100",2023-01-01,2023-03-31,STATCAN_BCPI_18100289,observed,2023-03-31,TR_STATCAN_BCPI_BC_ON_QC_REFERENCE_CLASSES_1_0_0,
OBS_BCPI_CC13B69960ACEBF8E689,BCPI_OFFICE_BUILDING_62212_DIVISION_COMPOSITE,PR_24,Quebec,2021A000224,99.8,"Index, 2023=100",2023-04-01,2023-06-30,STATCAN_BCPI_18100289,observed,2023-06-30,TR_STATCAN_BCPI_BC_ON_QC_REFERENCE_CLASSES_1_0_0,
OBS_BCPI_ED691465DD50D3161C19,BCPI_OFFICE_BUILDING_62212_DIVISION_COMPOSITE,PR_24,Quebec,2021A000224,100.5,"Index, 2023=100",2023-07-01,2023-09-30,STATCAN_BCPI_18100289,observed,2023-09-30,TR_STATCAN_BCPI_BC_ON_QC_REFERENCE_CLASSES_1_0_0,
OBS_BCPI_3067AC7EAEEC348E96ED,BCPI_OFFICE_BUILDING_62212_DIVISION_COMPOSITE,PR_24,Quebec,2021A000224,101.0,"Index, 2023=100",2023-10-01,2023-12-31,STATCAN_BCPI_18100289,observed,2023-12-31,TR_STATCAN_BCPI_BC_ON_QC_REFERENCE_CLASSES_1_0_0,
OBS_BCPI_1D1807C74B810E644504,BCPI_OFFICE_BUILDING_62212_DIVISION_COMPOSITE,PR_24,Quebec,2021A000224,101.7,"Index, 2023=100",2024-01-01,2024-03-31,STATCAN_BCPI_18100289,observed,2024-03-31,TR_STATCAN_BCPI_BC_ON_QC_REFERENCE_CLASSES_1_0_0,
OBS_BCPI_844F7A60714FD4562B52,BCPI_OFFICE_BUILDING_62212_DIVISION_COMPOSITE,PR_24,Quebec,2021A000224,102.7,"Index, 2023=100",2024-04-01,2024-06-30,STATCAN_BCPI_18100289,observed,2024-06-30,TR_STATCAN_BCPI_BC_ON_QC_REFERENCE_CLASSES_1_0_0,
OBS_BCPI_CAC221BE199475F22080,BCPI_OFFICE_BUILDING_62212_DIVISION_COMPOSITE,PR_24,Quebec,2021A000224,102.9,"Index, 2023=100",2024-07-01,2024-09-30,STATCAN_BCPI_18100289,observed,2024-09-30,TR_STATCAN_BCPI_BC_ON_QC_REFERENCE_CLASSES_1_0_0,
OBS_BCPI_16C5EE5906E9BAB07343,BCPI_OFFICE_BUILDING_62212_DIVISION_COMPOSITE,PR_24,Quebec,2021A000224,103.6,"Index, 2023=100",2024-10-01,2024-12-31,STATCAN_BCPI_18100289,observed,2024-12-31,TR_STATCAN_BCPI_BC_ON_QC_REFERENCE_CLASSES_1_0_0,
OBS_BCPI_6752F1D788D0636B084A,BCPI_OFFICE_BUILDING_62212_DIVISION_COMPOSITE,PR_24,Quebec,2021A000224,105.3,"Index, 2023=100",2025-01-01,2025-03-31,STATCAN_BCPI_18100289,observed,2025-03-31,TR_STATCAN_BCPI_BC_ON_QC_REFERENCE_CLASSES_1_0_0,
OBS_BCPI_586BF59A6F4FEE3AED14,BCPI_OFFICE_BUILDING_62212_DIVISION_COMPOSITE,PR_24,Quebec,2021A000224,108.5,"Index, 2023=100",2025-04-01,2025-06-30,STATCAN_BCPI_18100289,observed,2025-06-30,TR_STATCAN_BCPI_BC_ON_QC_REFERENCE_CLASSES_1_0_0,
OBS_BCPI_5175378533AC7F4A3060,BCPI_OFFICE_BUILDING_62212_DIVISION_COMPOSITE,PR_24,Quebec,2021A000224,109.9,"Index, 2023=100",2025-07-01,2025-09-30,STATCAN_BCPI_18100289,observed,2025-09-30,TR_STATCAN_BCPI_BC_ON_QC_REFERENCE_CLASSES_1_0_0,
OBS_BCPI_3B8C6E654116A51D0A1B,BCPI_OFFICE_BUILDING_62212_DIVISION_COMPOSITE,PR_24,Quebec,2021A000224,110.4,"Index, 2023=100",2025-10-01,2025-12-31,STATCAN_BCPI_18100289,observed,2025-12-31,TR_STATCAN_BCPI_BC_ON_QC_REFERENCE_CLASSES_1_0_0,
OBS_BCPI_D02037EB755D06156623,BCPI_OFFICE_BUILDING_62212_DIVISION_COMPOSITE,PR_24,Quebec,2021A000224,111.6,"Index, 2023=100",2026-01-01,2026-03-31,STATCAN_BCPI_18100289,observed,2026-03-31,TR_STATCAN_BCPI_BC_ON_QC_REFERENCE_CLASSES_1_0_0,
OBS_BCPI_1CE155B50B94E6D86DF7,BCPI_OFFICE_BUILDING_62212_DIVISION_COMPOSITE,PR_24,Quebec,2021A000224,114.0,"Index, 2023=100",2026-04-01,2026-06-30,STATCAN_BCPI_18100289,observed,2026-06-30,TR_STATCAN_BCPI_BC_ON_QC_REFERENCE_CLASSES_1_0_0,
OBS_BCPI_C7EE1E557F4345C2A4B1,BCPI_SCHOOL_DIVISION_COMPOSITE,PR_24,Quebec,2021A000224,71.7,"Index, 2023=100",2017-01-01,2017-03-31,STATCAN_BCPI_18100289,observed,2017-03-31,TR_STATCAN_BCPI_BC_ON_QC_REFERENCE_CLASSES_1_0_0,
OBS_BCPI_34947F1E43D18590C48E,BCPI_SCHOOL_DIVISION_COMPOSITE,PR_24,Quebec,2021A000224,72.5,"Index, 2023=100",2017-04-01,2017-06-30,STATCAN_BCPI_18100289,observed,2017-06-30,TR_STATCAN_BCPI_BC_ON_QC_REFERENCE_CLASSES_1_0_0,
OBS_BCPI_F8C5C2E5EDC58C7C8FCA,BCPI_SCHOOL_DIVISION_COMPOSITE,PR_24,Quebec,2021A000224,73.0,"Index, 2023=100",2017-07-01,2017-09-30,STATCAN_BCPI_18100289,observed,2017-09-30,TR_STATCAN_BCPI_BC_ON_QC_REFERENCE_CLASSES_1_0_0,
OBS_BCPI_94CBB4B86CD73B3C41D8,BCPI_SCHOOL_DIVISION_COMPOSITE,PR_24,Quebec,2021A000224,73.6,"Index, 2023=100",2017-10-01,2017-12-31,STATCAN_BCPI_18100289,observed,2017-12-31,TR_STATCAN_BCPI_BC_ON_QC_REFERENCE_CLASSES_1_0_0,
OBS_BCPI_8B001B899380C979CC9B,BCPI_SCHOOL_DIVISION_COMPOSITE,PR_24,Quebec,2021A000224,74.1,"Index, 2023=100",2018-01-01,2018-03-31,STATCAN_BCPI_18100289,observed,2018-03-31,TR_STATCAN_BCPI_BC_ON_QC_REFERENCE_CLASSES_1_0_0,
OBS_BCPI_05DC9B3AD87F2A2C14F9,BCPI_SCHOOL_DIVISION_COMPOSITE,PR_24,Quebec,2021A000224,75.0,"Index, 2023=100",2018-04-01,2018-06-30,STATCAN_BCPI_18100289,observed,2018-06-30,TR_STATCAN_BCPI_BC_ON_QC_REFERENCE_CLASSES_1_0_0,
OBS_BCPI_E658772C4C4583451CB4,BCPI_SCHOOL_DIVISION_COMPOSITE,PR_24,Quebec,2021A000224,76.1,"Index, 2023=100",2018-07-01,2018-09-30,STATCAN_BCPI_18100289,observed,2018-09-30,TR_STATCAN_BCPI_BC_ON_QC_REFERENCE_CLASSES_1_0_0,
OBS_BCPI_919D5AEC89AF7C574B1F,BCPI_SCHOOL_DIVISION_COMPOSITE,PR_24,Quebec,2021A000224,76.9,"Index, 2023=100",2018-10-01,2018-12-31,STATCAN_BCPI_18100289,observed,2018-12-31,TR_STATCAN_BCPI_BC_ON_QC_REFERENCE_CLASSES_1_0_0,
OBS_BCPI_B3AF76B033F821C7F0B6,BCPI_SCHOOL_DIVISION_COMPOSITE,PR_24,Quebec,2021A000224,77.5,"Index, 2023=100",2019-01-01,2019-03-31,STATCAN_BCPI_18100289,observed,2019-03-31,TR_STATCAN_BCPI_BC_ON_QC_REFERENCE_CLASSES_1_0_0,
OBS_BCPI_37968516AF2DA1104679,BCPI_SCHOOL_DIVISION_COMPOSITE,PR_24,Quebec,2021A000224,78.3,"Index, 2023=100",2019-04-01,2019-06-30,STATCAN_BCPI_18100289,observed,2019-06-30,TR_STATCAN_BCPI_BC_ON_QC_REFERENCE_CLASSES_1_0_0,
OBS_BCPI_D0FA147389575248BFDA,BCPI_SCHOOL_DIVISION_COMPOSITE,PR_24,Quebec,2021A000224,78.8,"Index, 2023=100",2019-07-01,2019-09-30,STATCAN_BCPI_18100289,observed,2019-09-30,TR_STATCAN_BCPI_BC_ON_QC_REFERENCE_CLASSES_1_0_0,
OBS_BCPI_52822675AB5F82F1039B,BCPI_SCHOOL_DIVISION_COMPOSITE,PR_24,Quebec,2021A000224,79.4,"Index, 2023=100",2019-10-01,2019-12-31,STATCAN_BCPI_18100289,observed,2019-12-31,TR_STATCAN_BCPI_BC_ON_QC_REFERENCE_CLASSES_1_0_0,
OBS_BCPI_E96065D83C707AD2D350,BCPI_SCHOOL_DIVISION_COMPOSITE,PR_24,Quebec,2021A000224,79.9,"Index, 2023=100",2020-01-01,2020-03-31,STATCAN_BCPI_18100289,observed,2020-03-31,TR_STATCAN_BCPI_BC_ON_QC_REFERENCE_CLASSES_1_0_0,
OBS_BCPI_44FF5F2FC5F3028D1C88,BCPI_SCHOOL_DIVISION_COMPOSITE,PR_24,Quebec,2021A000224,80.4,"Index, 2023=100",2020-04-01,2020-06-30,STATCAN_BCPI_18100289,observed,2020-06-30,TR_STATCAN_BCPI_BC_ON_QC_REFERENCE_CLASSES_1_0_0,
OBS_BCPI_D03AB6B4083B1D1B5614,BCPI_SCHOOL_DIVISION_COMPOSITE,PR_24,Quebec,2021A000224,81.5,"Index, 2023=100",2020-07-01,2020-09-30,STATCAN_BCPI_18100289,observed,2020-09-30,TR_STATCAN_BCPI_BC_ON_QC_REFERENCE_CLASSES_1_0_0,
OBS_BCPI_179064C53E80BE702927,BCPI_SCHOOL_DIVISION_COMPOSITE,PR_24,Quebec,2021A000224,81.6,"Index, 2023=100",2020-10-01,2020-12-31,STATCAN_BCPI_18100289,observed,2020-12-31,TR_STATCAN_BCPI_BC_ON_QC_REFERENCE_CLASSES_1_0_0,
OBS_BCPI_778BEA08A5E42F501BE7,BCPI_SCHOOL_DIVISION_COMPOSITE,PR_24,Quebec,2021A000224,82.7,"Index, 2023=100",2021-01-01,2021-03-31,STATCAN_BCPI_18100289,observed,2021-03-31,TR_STATCAN_BCPI_BC_ON_QC_REFERENCE_CLASSES_1_0_0,
OBS_BCPI_DDE3FDE21816655D94B4,BCPI_SCHOOL_DIVISION_COMPOSITE,PR_24,Quebec,2021A000224,85.5,"Index, 2023=100",2021-04-01,2021-06-30,STATCAN_BCPI_18100289,observed,2021-06-30,TR_STATCAN_BCPI_BC_ON_QC_REFERENCE_CLASSES_1_0_0,
OBS_BCPI_AAE9912F9B00DB1E6FE5,BCPI_SCHOOL_DIVISION_COMPOSITE,PR_24,Quebec,2021A000224,87.4,"Index, 2023=100",2021-07-01,2021-09-30,STATCAN_BCPI_18100289,observed,2021-09-30,TR_STATCAN_BCPI_BC_ON_QC_REFERENCE_CLASSES_1_0_0,
OBS_BCPI_DBE735C52B5447D526E8,BCPI_SCHOOL_DIVISION_COMPOSITE,PR_24,Quebec,2021A000224,89.3,"Index, 2023=100",2021-10-01,2021-12-31,STATCAN_BCPI_18100289,observed,2021-12-31,TR_STATCAN_BCPI_BC_ON_QC_REFERENCE_CLASSES_1_0_0,
OBS_BCPI_FBEC23459919EF220D35,BCPI_SCHOOL_DIVISION_COMPOSITE,PR_24,Quebec,2021A000224,92.4,"Index, 2023=100",2022-01-01,2022-03-31,STATCAN_BCPI_18100289,observed,2022-03-31,TR_STATCAN_BCPI_BC_ON_QC_REFERENCE_CLASSES_1_0_0,
OBS_BCPI_05DED2DCC01496BF4480,BCPI_SCHOOL_DIVISION_COMPOSITE,PR_24,Quebec,2021A000224,95.3,"Index, 2023=100",2022-04-01,2022-06-30,STATCAN_BCPI_18100289,observed,2022-06-30,TR_STATCAN_BCPI_BC_ON_QC_REFERENCE_CLASSES_1_0_0,
OBS_BCPI_050D9686CFD859161907,BCPI_SCHOOL_DIVISION_COMPOSITE,PR_24,Quebec,2021A000224,97.0,"Index, 2023=100",2022-07-01,2022-09-30,STATCAN_BCPI_18100289,observed,2022-09-30,TR_STATCAN_BCPI_BC_ON_QC_REFERENCE_CLASSES_1_0_0,
OBS_BCPI_BCCDC8F87097B3F75F15,BCPI_SCHOOL_DIVISION_COMPOSITE,PR_24,Quebec,2021A000224,97.9,"Index, 2023=100",2022-10-01,2022-12-31,STATCAN_BCPI_18100289,observed,2022-12-31,TR_STATCAN_BCPI_BC_ON_QC_REFERENCE_CLASSES_1_0_0,
OBS_BCPI_094BAF8186AF196EE16C,BCPI_SCHOOL_DIVISION_COMPOSITE,PR_24,Quebec,2021A000224,98.8,"Index, 2023=100",2023-01-01,2023-03-31,STATCAN_BCPI_18100289,observed,2023-03-31,TR_STATCAN_BCPI_BC_ON_QC_REFERENCE_CLASSES_1_0_0,
OBS_BCPI_C49F89035745CC7B7D0B,BCPI_SCHOOL_DIVISION_COMPOSITE,PR_24,Quebec,2021A000224,99.8,"Index, 2023=100",2023-04-01,2023-06-30,STATCAN_BCPI_18100289,observed,2023-06-30,TR_STATCAN_BCPI_BC_ON_QC_REFERENCE_CLASSES_1_0_0,
OBS_BCPI_BCAB75FA523E7C6CCDA7,BCPI_SCHOOL_DIVISION_COMPOSITE,PR_24,Quebec,2021A000224,100.4,"Index, 2023=100",2023-07-01,2023-09-30,STATCAN_BCPI_18100289,observed,2023-09-30,TR_STATCAN_BCPI_BC_ON_QC_REFERENCE_CLASSES_1_0_0,
OBS_BCPI_9D8F9516951C2A1E249E,BCPI_SCHOOL_DIVISION_COMPOSITE,PR_24,Quebec,2021A000224,101.1,"Index, 2023=100",2023-10-01,2023-12-31,STATCAN_BCPI_18100289,observed,2023-12-31,TR_STATCAN_BCPI_BC_ON_QC_REFERENCE_CLASSES_1_0_0,
OBS_BCPI_64933D2FA4EA4AC52A16,BCPI_SCHOOL_DIVISION_COMPOSITE,PR_24,Quebec,2021A000224,101.8,"Index, 2023=100",2024-01-01,2024-03-31,STATCAN_BCPI_18100289,observed,2024-03-31,TR_STATCAN_BCPI_BC_ON_QC_REFERENCE_CLASSES_1_0_0,
OBS_BCPI_60ABB225B6917779CBE7,BCPI_SCHOOL_DIVISION_COMPOSITE,PR_24,Quebec,2021A000224,102.9,"Index, 2023=100",2024-04-01,2024-06-30,STATCAN_BCPI_18100289,observed,2024-06-30,TR_STATCAN_BCPI_BC_ON_QC_REFERENCE_CLASSES_1_0_0,
OBS_BCPI_D3C01524184D3E435A8A,BCPI_SCHOOL_DIVISION_COMPOSITE,PR_24,Quebec,2021A000224,103.1,"Index, 2023=100",2024-07-01,2024-09-30,STATCAN_BCPI_18100289,observed,2024-09-30,TR_STATCAN_BCPI_BC_ON_QC_REFERENCE_CLASSES_1_0_0,
OBS_BCPI_93C498A88476C09C9CB6,BCPI_SCHOOL_DIVISION_COMPOSITE,PR_24,Quebec,2021A000224,103.9,"Index, 2023=100",2024-10-01,2024-12-31,STATCAN_BCPI_18100289,observed,2024-12-31,TR_STATCAN_BCPI_BC_ON_QC_REFERENCE_CLASSES_1_0_0,
OBS_BCPI_6A5E0825A134EEFBEEA5,BCPI_SCHOOL_DIVISION_COMPOSITE,PR_24,Quebec,2021A000224,105.0,"Index, 2023=100",2025-01-01,2025-03-31,STATCAN_BCPI_18100289,observed,2025-03-31,TR_STATCAN_BCPI_BC_ON_QC_REFERENCE_CLASSES_1_0_0,
OBS_BCPI_A57C3855D2C334145383,BCPI_SCHOOL_DIVISION_COMPOSITE,PR_24,Quebec,2021A000224,107.9,"Index, 2023=100",2025-04-01,2025-06-30,STATCAN_BCPI_18100289,observed,2025-06-30,TR_STATCAN_BCPI_BC_ON_QC_REFERENCE_CLASSES_1_0_0,
OBS_BCPI_E7C0C88D4BC759D569B0,BCPI_SCHOOL_DIVISION_COMPOSITE,PR_24,Quebec,2021A000224,109.2,"Index, 2023=100",2025-07-01,2025-09-30,STATCAN_BCPI_18100289,observed,2025-09-30,TR_STATCAN_BCPI_BC_ON_QC_REFERENCE_CLASSES_1_0_0,
OBS_BCPI_83B8A588D76AB5EEEB21,BCPI_SCHOOL_DIVISION_COMPOSITE,PR_24,Quebec,2021A000224,109.0,"Index, 2023=100",2025-10-01,2025-12-31,STATCAN_BCPI_18100289,observed,2025-12-31,TR_STATCAN_BCPI_BC_ON_QC_REFERENCE_CLASSES_1_0_0,
OBS_BCPI_15D5100B9FC99B108733,BCPI_SCHOOL_DIVISION_COMPOSITE,PR_24,Quebec,2021A000224,109.3,"Index, 2023=100",2026-01-01,2026-03-31,STATCAN_BCPI_18100289,observed,2026-03-31,TR_STATCAN_BCPI_BC_ON_QC_REFERENCE_CLASSES_1_0_0,
OBS_BCPI_5BC8943F290CC5714D45,BCPI_SCHOOL_DIVISION_COMPOSITE,PR_24,Quebec,2021A000224,111.6,"Index, 2023=100",2026-04-01,2026-06-30,STATCAN_BCPI_18100289,observed,2026-06-30,TR_STATCAN_BCPI_BC_ON_QC_REFERENCE_CLASSES_1_0_0,
OBS_BCPI_094C8AC1D5DA59AB7EE3,BCPI_BUS_DEPOT_WITH_MAINTENANCE_AND_REPAIR_FACILITIES_DIVISION_COMPOSITE,PR_35,Ontario,2021A000235,65.7,"Index, 2023=100",2017-01-01,2017-03-31,STATCAN_BCPI_18100289,observed,2017-03-31,TR_STATCAN_BCPI_BC_ON_QC_REFERENCE_CLASSES_1_0_0,
OBS_BCPI_88F23733355D9213D605,BCPI_BUS_DEPOT_WITH_MAINTENANCE_AND_REPAIR_FACILITIES_DIVISION_COMPOSITE,PR_35,Ontario,2021A000235,66.3,"Index, 2023=100",2017-04-01,2017-06-30,STATCAN_BCPI_18100289,observed,2017-06-30,TR_STATCAN_BCPI_BC_ON_QC_REFERENCE_CLASSES_1_0_0,
OBS_BCPI_F1B7439DFEFBE95B52BB,BCPI_BUS_DEPOT_WITH_MAINTENANCE_AND_REPAIR_FACILITIES_DIVISION_COMPOSITE,PR_35,Ontario,2021A000235,66.1,"Index, 2023=100",2017-07-01,2017-09-30,STATCAN_BCPI_18100289,observed,2017-09-30,TR_STATCAN_BCPI_BC_ON_QC_REFERENCE_CLASSES_1_0_0,
OBS_BCPI_920032F93AFF141C198F,BCPI_BUS_DEPOT_WITH_MAINTENANCE_AND_REPAIR_FACILITIES_DIVISION_COMPOSITE,PR_35,Ontario,2021A000235,66.4,"Index, 2023=100",2017-10-01,2017-12-31,STATCAN_BCPI_18100289,observed,2017-12-31,TR_STATCAN_BCPI_BC_ON_QC_REFERENCE_CLASSES_1_0_0,
OBS_BCPI_B4F4BCE39C2EC246A573,BCPI_BUS_DEPOT_WITH_MAINTENANCE_AND_REPAIR_FACILITIES_DIVISION_COMPOSITE,PR_35,Ontario,2021A000235,67.2,"Index, 2023=100",2018-01-01,2018-03-31,STATCAN_BCPI_18100289,observed,2018-03-31,TR_STATCAN_BCPI_BC_ON_QC_REFERENCE_CLASSES_1_0_0,
OBS_BCPI_0864D2568FDE868215CA,BCPI_BUS_DEPOT_WITH_MAINTENANCE_AND_REPAIR_FACILITIES_DIVISION_COMPOSITE,PR_35,Ontario,2021A000235,68.6,"Index, 2023=100",2018-04-01,2018-06-30,STATCAN_BCPI_18100289,observed,2018-06-30,TR_STATCAN_BCPI_BC_ON_QC_REFERENCE_CLASSES_1_0_0,
OBS_BCPI_A72F4C0B28785477884D,BCPI_BUS_DEPOT_WITH_MAINTENANCE_AND_REPAIR_FACILITIES_DIVISION_COMPOSITE,PR_35,Ontario,2021A000235,69.8,"Index, 2023=100",2018-07-01,2018-09-30,STATCAN_BCPI_18100289,observed,2018-09-30,TR_STATCAN_BCPI_BC_ON_QC_REFERENCE_CLASSES_1_0_0,
OBS_BCPI_9BA9EBA326ED1AE9B2E8,BCPI_BUS_DEPOT_WITH_MAINTENANCE_AND_REPAIR_FACILITIES_DIVISION_COMPOSITE,PR_35,Ontario,2021A000235,70.4,"Index, 2023=100",2018-10-01,2018-12-31,STATCAN_BCPI_18100289,observed,2018-12-31,TR_STATCAN_BCPI_BC_ON_QC_REFERENCE_CLASSES_1_0_0,
OBS_BCPI_76ED232954680219C361,BCPI_BUS_DEPOT_WITH_MAINTENANCE_AND_REPAIR_FACILITIES_DIVISION_COMPOSITE,PR_35,Ontario,2021A000235,71.1,"Index, 2023=100",2019-01-01,2019-03-31,STATCAN_BCPI_18100289,observed,2019-03-31,TR_STATCAN_BCPI_BC_ON_QC_REFERENCE_CLASSES_1_0_0,
OBS_BCPI_9DCD1E0ABFEF1814F80A,BCPI_BUS_DEPOT_WITH_MAINTENANCE_AND_REPAIR_FACILITIES_DIVISION_COMPOSITE,PR_35,Ontario,2021A000235,71.6,"Index, 2023=100",2019-04-01,2019-06-30,STATCAN_BCPI_18100289,observed,2019-06-30,TR_STATCAN_BCPI_BC_ON_QC_REFERENCE_CLASSES_1_0_0,
OBS_BCPI_2FCABAFC42B6E0A6040B,BCPI_BUS_DEPOT_WITH_MAINTENANCE_AND_REPAIR_FACILITIES_DIVISION_COMPOSITE,PR_35,Ontario,2021A000235,72.0,"Index, 2023=100",2019-07-01,2019-09-30,STATCAN_BCPI_18100289,observed,2019-09-30,TR_STATCAN_BCPI_BC_ON_QC_REFERENCE_CLASSES_1_0_0,
OBS_BCPI_6223DF1ED414677AB3FE,BCPI_BUS_DEPOT_WITH_MAINTENANCE_AND_REPAIR_FACILITIES_DIVISION_COMPOSITE,PR_35,Ontario,2021A000235,72.4,"Index, 2023=100",2019-10-01,2019-12-31,STATCAN_BCPI_18100289,observed,2019-12-31,TR_STATCAN_BCPI_BC_ON_QC_REFERENCE_CLASSES_1_0_0,
OBS_BCPI_0EF5CC530FFE38DF7FB0,BCPI_BUS_DEPOT_WITH_MAINTENANCE_AND_REPAIR_FACILITIES_DIVISION_COMPOSITE,PR_35,Ontario,2021A000235,72.9,"Index, 2023=100",2020-01-01,2020-03-31,STATCAN_BCPI_18100289,observed,2020-03-31,TR_STATCAN_BCPI_BC_ON_QC_REFERENCE_CLASSES_1_0_0,
OBS_BCPI_682914EC173BCA8EEE14,BCPI_BUS_DEPOT_WITH_MAINTENANCE_AND_REPAIR_FACILITIES_DIVISION_COMPOSITE,PR_35,Ontario,2021A000235,73.2,"Index, 2023=100",2020-04-01,2020-06-30,STATCAN_BCPI_18100289,observed,2020-06-30,TR_STATCAN_BCPI_BC_ON_QC_REFERENCE_CLASSES_1_0_0,
OBS_BCPI_00232A408D54D254F5DD,BCPI_BUS_DEPOT_WITH_MAINTENANCE_AND_REPAIR_FACILITIES_DIVISION_COMPOSITE,PR_35,Ontario,2021A000235,73.8,"Index, 2023=100",2020-07-01,2020-09-30,STATCAN_BCPI_18100289,observed,2020-09-30,TR_STATCAN_BCPI_BC_ON_QC_REFERENCE_CLASSES_1_0_0,
OBS_BCPI_E79AA1C2750D9529CEB6,BCPI_BUS_DEPOT_WITH_MAINTENANCE_AND_REPAIR_FACILITIES_DIVISION_COMPOSITE,PR_35,Ontario,2021A000235,73.5,"Index, 2023=100",2020-10-01,2020-12-31,STATCAN_BCPI_18100289,observed,2020-12-31,TR_STATCAN_BCPI_BC_ON_QC_REFERENCE_CLASSES_1_0_0,
OBS_BCPI_619D184C48C9EB79FFB2,BCPI_BUS_DEPOT_WITH_MAINTENANCE_AND_REPAIR_FACILITIES_DIVISION_COMPOSITE,PR_35,Ontario,2021A000235,75.3,"Index, 2023=100",2021-01-01,2021-03-31,STATCAN_BCPI_18100289,observed,2021-03-31,TR_STATCAN_BCPI_BC_ON_QC_REFERENCE_CLASSES_1_0_0,
OBS_BCPI_512980045C712A124099,BCPI_BUS_DEPOT_WITH_MAINTENANCE_AND_REPAIR_FACILITIES_DIVISION_COMPOSITE,PR_35,Ontario,2021A000235,78.8,"Index, 2023=100",2021-04-01,2021-06-30,STATCAN_BCPI_18100289,observed,2021-06-30,TR_STATCAN_BCPI_BC_ON_QC_REFERENCE_CLASSES_1_0_0,
OBS_BCPI_798DAE871A8AC7CFD33F,BCPI_BUS_DEPOT_WITH_MAINTENANCE_AND_REPAIR_FACILITIES_DIVISION_COMPOSITE,PR_35,Ontario,2021A000235,82.0,"Index, 2023=100",2021-07-01,2021-09-30,STATCAN_BCPI_18100289,observed,2021-09-30,TR_STATCAN_BCPI_BC_ON_QC_REFERENCE_CLASSES_1_0_0,
OBS_BCPI_1AD906938C4180F367DF,BCPI_BUS_DEPOT_WITH_MAINTENANCE_AND_REPAIR_FACILITIES_DIVISION_COMPOSITE,PR_35,Ontario,2021A000235,85.0,"Index, 2023=100",2021-10-01,2021-12-31,STATCAN_BCPI_18100289,observed,2021-12-31,TR_STATCAN_BCPI_BC_ON_QC_REFERENCE_CLASSES_1_0_0,
OBS_BCPI_AA35FD999A876CC2EA7D,BCPI_BUS_DEPOT_WITH_MAINTENANCE_AND_REPAIR_FACILITIES_DIVISION_COMPOSITE,PR_35,Ontario,2021A000235,88.1,"Index, 2023=100",2022-01-01,2022-03-31,STATCAN_BCPI_18100289,observed,2022-03-31,TR_STATCAN_BCPI_BC_ON_QC_REFERENCE_CLASSES_1_0_0,
OBS_BCPI_1DC78B1557535BD1393F,BCPI_BUS_DEPOT_WITH_MAINTENANCE_AND_REPAIR_FACILITIES_DIVISION_COMPOSITE,PR_35,Ontario,2021A000235,92.1,"Index, 2023=100",2022-04-01,2022-06-30,STATCAN_BCPI_18100289,observed,2022-06-30,TR_STATCAN_BCPI_BC_ON_QC_REFERENCE_CLASSES_1_0_0,
OBS_BCPI_DA965D7C591DBC159DB3,BCPI_BUS_DEPOT_WITH_MAINTENANCE_AND_REPAIR_FACILITIES_DIVISION_COMPOSITE,PR_35,Ontario,2021A000235,94.0,"Index, 2023=100",2022-07-01,2022-09-30,STATCAN_BCPI_18100289,observed,2022-09-30,TR_STATCAN_BCPI_BC_ON_QC_REFERENCE_CLASSES_1_0_0,
OBS_BCPI_3772E495D7C07B60EB79,BCPI_BUS_DEPOT_WITH_MAINTENANCE_AND_REPAIR_FACILITIES_DIVISION_COMPOSITE,PR_35,Ontario,2021A000235,96.0,"Index, 2023=100",2022-10-01,2022-12-31,STATCAN_BCPI_18100289,observed,2022-12-31,TR_STATCAN_BCPI_BC_ON_QC_REFERENCE_CLASSES_1_0_0,
OBS_BCPI_19841CCC6158AA62C29E,BCPI_BUS_DEPOT_WITH_MAINTENANCE_AND_REPAIR_FACILITIES_DIVISION_COMPOSITE,PR_35,Ontario,2021A000235,97.7,"Index, 2023=100",2023-01-01,2023-03-31,STATCAN_BCPI_18100289,observed,2023-03-31,TR_STATCAN_BCPI_BC_ON_QC_REFERENCE_CLASSES_1_0_0,
OBS_BCPI_16FD875AE71EDDF6738A,BCPI_BUS_DEPOT_WITH_MAINTENANCE_AND_REPAIR_FACILITIES_DIVISION_COMPOSITE,PR_35,Ontario,2021A000235,99.1,"Index, 2023=100",2023-04-01,2023-06-30,STATCAN_BCPI_18100289,observed,2023-06-30,TR_STATCAN_BCPI_BC_ON_QC_REFERENCE_CLASSES_1_0_0,
OBS_BCPI_D0710309F206C4A5F345,BCPI_BUS_DEPOT_WITH_MAINTENANCE_AND_REPAIR_FACILITIES_DIVISION_COMPOSITE,PR_35,Ontario,2021A000235,101.3,"Index, 2023=100",2023-07-01,2023-09-30,STATCAN_BCPI_18100289,observed,2023-09-30,TR_STATCAN_BCPI_BC_ON_QC_REFERENCE_CLASSES_1_0_0,
OBS_BCPI_F89EB2695A3CD91D5583,BCPI_BUS_DEPOT_WITH_MAINTENANCE_AND_REPAIR_FACILITIES_DIVISION_COMPOSITE,PR_35,Ontario,2021A000235,101.9,"Index, 2023=100",2023-10-01,2023-12-31,STATCAN_BCPI_18100289,observed,2023-12-31,TR_STATCAN_BCPI_BC_ON_QC_REFERENCE_CLASSES_1_0_0,
OBS_BCPI_D9CE3438F16758A2DEF2,BCPI_BUS_DEPOT_WITH_MAINTENANCE_AND_REPAIR_FACILITIES_DIVISION_COMPOSITE,PR_35,Ontario,2021A000235,102.5,"Index, 2023=100",2024-01-01,2024-03-31,STATCAN_BCPI_18100289,observed,2024-03-31,TR_STATCAN_BCPI_BC_ON_QC_REFERENCE_CLASSES_1_0_0,
OBS_BCPI_CEB5EF6C62B44567102C,BCPI_BUS_DEPOT_WITH_MAINTENANCE_AND_REPAIR_FACILITIES_DIVISION_COMPOSITE,PR_35,Ontario,2021A000235,104.0,"Index, 2023=100",2024-04-01,2024-06-30,STATCAN_BCPI_18100289,observed,2024-06-30,TR_STATCAN_BCPI_BC_ON_QC_REFERENCE_CLASSES_1_0_0,
OBS_BCPI_B45A602D5B05DE9CBAA7,BCPI_BUS_DEPOT_WITH_MAINTENANCE_AND_REPAIR_FACILITIES_DIVISION_COMPOSITE,PR_35,Ontario,2021A000235,104.6,"Index, 2023=100",2024-07-01,2024-09-30,STATCAN_BCPI_18100289,observed,2024-09-30,TR_STATCAN_BCPI_BC_ON_QC_REFERENCE_CLASSES_1_0_0,
OBS_BCPI_A6C932164DABB732AAE4,BCPI_BUS_DEPOT_WITH_MAINTENANCE_AND_REPAIR_FACILITIES_DIVISION_COMPOSITE,PR_35,Ontario,2021A000235,106.1,"Index, 2023=100",2024-10-01,2024-12-31,STATCAN_BCPI_18100289,observed,2024-12-31,TR_STATCAN_BCPI_BC_ON_QC_REFERENCE_CLASSES_1_0_0,
OBS_BCPI_4F0E7BEECFD9BB12AFD2,BCPI_BUS_DEPOT_WITH_MAINTENANCE_AND_REPAIR_FACILITIES_DIVISION_COMPOSITE,PR_35,Ontario,2021A000235,107.0,"Index, 2023=100",2025-01-01,2025-03-31,STATCAN_BCPI_18100289,observed,2025-03-31,TR_STATCAN_BCPI_BC_ON_QC_REFERENCE_CLASSES_1_0_0,
OBS_BCPI_C8423EC0FCEB3F6BA992,BCPI_BUS_DEPOT_WITH_MAINTENANCE_AND_REPAIR_FACILITIES_DIVISION_COMPOSITE,PR_35,Ontario,2021A000235,108.8,"Index, 2023=100",2025-04-01,2025-06-30,STATCAN_BCPI_18100289,observed,2025-06-30,TR_STATCAN_BCPI_BC_ON_QC_REFERENCE_CLASSES_1_0_0,
OBS_BCPI_4116B5652F230C3FAD67,BCPI_BUS_DEPOT_WITH_MAINTENANCE_AND_REPAIR_FACILITIES_DIVISION_COMPOSITE,PR_35,Ontario,2021A000235,110.0,"Index, 2023=100",2025-07-01,2025-09-30,STATCAN_BCPI_18100289,observed,2025-09-30,TR_STATCAN_BCPI_BC_ON_QC_REFERENCE_CLASSES_1_0_0,
OBS_BCPI_3A3E9FCA615B87A7B6BD,BCPI_BUS_DEPOT_WITH_MAINTENANCE_AND_REPAIR_FACILITIES_DIVISION_COMPOSITE,PR_35,Ontario,2021A000235,111.2,"Index, 2023=100",2025-10-01,2025-12-31,STATCAN_BCPI_18100289,observed,2025-12-31,TR_STATCAN_BCPI_BC_ON_QC_REFERENCE_CLASSES_1_0_0,
OBS_BCPI_E4203CE11A5C228FCC6A,BCPI_BUS_DEPOT_WITH_MAINTENANCE_AND_REPAIR_FACILITIES_DIVISION_COMPOSITE,PR_35,Ontario,2021A000235,112.6,"Index, 2023=100",2026-01-01,2026-03-31,STATCAN_BCPI_18100289,observed,2026-03-31,TR_STATCAN_BCPI_BC_ON_QC_REFERENCE_CLASSES_1_0_0,
OBS_BCPI_E2657CF9ED5B4F883BB6,BCPI_BUS_DEPOT_WITH_MAINTENANCE_AND_REPAIR_FACILITIES_DIVISION_COMPOSITE,PR_35,Ontario,2021A000235,114.7,"Index, 2023=100",2026-04-01,2026-06-30,STATCAN_BCPI_18100289,observed,2026-06-30,TR_STATCAN_BCPI_BC_ON_QC_REFERENCE_CLASSES_1_0_0,
OBS_BCPI_A717D37830F6CE0C517D,BCPI_INSTITUTIONAL_BUILDINGS_62213_DIVISION_COMPOSITE,PR_35,Ontario,2021A000235,67.4,"Index, 2023=100",2017-01-01,2017-03-31,STATCAN_BCPI_18100289,observed,2017-03-31,TR_STATCAN_BCPI_BC_ON_QC_REFERENCE_CLASSES_1_0_0,
OBS_BCPI_2F16C2FCE1EF5502F5CD,BCPI_INSTITUTIONAL_BUILDINGS_62213_DIVISION_COMPOSITE,PR_35,Ontario,2021A000235,68.3,"Index, 2023=100",2017-04-01,2017-06-30,STATCAN_BCPI_18100289,observed,2017-06-30,TR_STATCAN_BCPI_BC_ON_QC_REFERENCE_CLASSES_1_0_0,
OBS_BCPI_8FC69896592D6A72A0DD,BCPI_INSTITUTIONAL_BUILDINGS_62213_DIVISION_COMPOSITE,PR_35,Ontario,2021A000235,68.6,"Index, 2023=100",2017-07-01,2017-09-30,STATCAN_BCPI_18100289,observed,2017-09-30,TR_STATCAN_BCPI_BC_ON_QC_REFERENCE_CLASSES_1_0_0,
OBS_BCPI_CB324C9AE39B632474EC,BCPI_INSTITUTIONAL_BUILDINGS_62213_DIVISION_COMPOSITE,PR_35,Ontario,2021A000235,68.9,"Index, 2023=100",2017-10-01,2017-12-31,STATCAN_BCPI_18100289,observed,2017-12-31,TR_STATCAN_BCPI_BC_ON_QC_REFERENCE_CLASSES_1_0_0,
OBS_BCPI_FF750B5C2F5A5E0E4AA3,BCPI_INSTITUTIONAL_BUILDINGS_62213_DIVISION_COMPOSITE,PR_35,Ontario,2021A000235,69.7,"Index, 2023=100",2018-01-01,2018-03-31,STATCAN_BCPI_18100289,observed,2018-03-31,TR_STATCAN_BCPI_BC_ON_QC_REFERENCE_CLASSES_1_0_0,
OBS_BCPI_F528ED944E0F12FFE79E,BCPI_INSTITUTIONAL_BUILDINGS_62213_DIVISION_COMPOSITE,PR_35,Ontario,2021A000235,71.0,"Index, 2023=100",2018-04-01,2018-06-30,STATCAN_BCPI_18100289,observed,2018-06-30,TR_STATCAN_BCPI_BC_ON_QC_REFERENCE_CLASSES_1_0_0,
OBS_BCPI_38251708107870FB88D1,BCPI_INSTITUTIONAL_BUILDINGS_62213_DIVISION_COMPOSITE,PR_35,Ontario,2021A000235,72.0,"Index, 2023=100",2018-07-01,2018-09-30,STATCAN_BCPI_18100289,observed,2018-09-30,TR_STATCAN_BCPI_BC_ON_QC_REFERENCE_CLASSES_1_0_0,
OBS_BCPI_BF6D81DC936004E0B267,BCPI_INSTITUTIONAL_BUILDINGS_62213_DIVISION_COMPOSITE,PR_35,Ontario,2021A000235,72.7,"Index, 2023=100",2018-10-01,2018-12-31,STATCAN_BCPI_18100289,observed,2018-12-31,TR_STATCAN_BCPI_BC_ON_QC_REFERENCE_CLASSES_1_0_0,
OBS_BCPI_577AB0CDCDA302DFDD55,BCPI_INSTITUTIONAL_BUILDINGS_62213_DIVISION_COMPOSITE,PR_35,Ontario,2021A000235,73.1,"Index, 2023=100",2019-01-01,2019-03-31,STATCAN_BCPI_18100289,observed,2019-03-31,TR_STATCAN_BCPI_BC_ON_QC_REFERENCE_CLASSES_1_0_0,
OBS_BCPI_9DBEFA0BAE044733B2AD,BCPI_INSTITUTIONAL_BUILDINGS_62213_DIVISION_COMPOSITE,PR_35,Ontario,2021A000235,73.6,"Index, 2023=100",2019-04-01,2019-06-30,STATCAN_BCPI_18100289,observed,2019-06-30,TR_STATCAN_BCPI_BC_ON_QC_REFERENCE_CLASSES_1_0_0,
OBS_BCPI_647BAFEEAEFCFE6FBFB4,BCPI_INSTITUTIONAL_BUILDINGS_62213_DIVISION_COMPOSITE,PR_35,Ontario,2021A000235,74.1,"Index, 2023=100",2019-07-01,2019-09-30,STATCAN_BCPI_18100289,observed,2019-09-30,TR_STATCAN_BCPI_BC_ON_QC_REFERENCE_CLASSES_1_0_0,
OBS_BCPI_4117A80CC37B38D381E6,BCPI_INSTITUTIONAL_BUILDINGS_62213_DIVISION_COMPOSITE,PR_35,Ontario,2021A000235,74.4,"Index, 2023=100",2019-10-01,2019-12-31,STATCAN_BCPI_18100289,observed,2019-12-31,TR_STATCAN_BCPI_BC_ON_QC_REFERENCE_CLASSES_1_0_0,
OBS_BCPI_6A5AB694FD83C7CBA2AE,BCPI_INSTITUTIONAL_BUILDINGS_62213_DIVISION_COMPOSITE,PR_35,Ontario,2021A000235,75.0,"Index, 2023=100",2020-01-01,2020-03-31,STATCAN_BCPI_18100289,observed,2020-03-31,TR_STATCAN_BCPI_BC_ON_QC_REFERENCE_CLASSES_1_0_0,
OBS_BCPI_063A1B20E6CD4BF36D4E,BCPI_INSTITUTIONAL_BUILDINGS_62213_DIVISION_COMPOSITE,PR_35,Ontario,2021A000235,75.3,"Index, 2023=100",2020-04-01,2020-06-30,STATCAN_BCPI_18100289,observed,2020-06-30,TR_STATCAN_BCPI_BC_ON_QC_REFERENCE_CLASSES_1_0_0,
OBS_BCPI_54ED54FB890ADEE97AD7,BCPI_INSTITUTIONAL_BUILDINGS_62213_DIVISION_COMPOSITE,PR_35,Ontario,2021A000235,76.0,"Index, 2023=100",2020-07-01,2020-09-30,STATCAN_BCPI_18100289,observed,2020-09-30,TR_STATCAN_BCPI_BC_ON_QC_REFERENCE_CLASSES_1_0_0,
OBS_BCPI_FF93603B1BEF8994EF7B,BCPI_INSTITUTIONAL_BUILDINGS_62213_DIVISION_COMPOSITE,PR_35,Ontario,2021A000235,76.1,"Index, 2023=100",2020-10-01,2020-12-31,STATCAN_BCPI_18100289,observed,2020-12-31,TR_STATCAN_BCPI_BC_ON_QC_REFERENCE_CLASSES_1_0_0,
OBS_BCPI_84D9D39D3DC425B7026E,BCPI_INSTITUTIONAL_BUILDINGS_62213_DIVISION_COMPOSITE,PR_35,Ontario,2021A000235,77.2,"Index, 2023=100",2021-01-01,2021-03-31,STATCAN_BCPI_18100289,observed,2021-03-31,TR_STATCAN_BCPI_BC_ON_QC_REFERENCE_CLASSES_1_0_0,
OBS_BCPI_E483156DF050F4607263,BCPI_INSTITUTIONAL_BUILDINGS_62213_DIVISION_COMPOSITE,PR_35,Ontario,2021A000235,80.8,"Index, 2023=100",2021-04-01,2021-06-30,STATCAN_BCPI_18100289,observed,2021-06-30,TR_STATCAN_BCPI_BC_ON_QC_REFERENCE_CLASSES_1_0_0,
OBS_BCPI_B4DC564524C88EFFEEB5,BCPI_INSTITUTIONAL_BUILDINGS_62213_DIVISION_COMPOSITE,PR_35,Ontario,2021A000235,83.9,"Index, 2023=100",2021-07-01,2021-09-30,STATCAN_BCPI_18100289,observed,2021-09-30,TR_STATCAN_BCPI_BC_ON_QC_REFERENCE_CLASSES_1_0_0,
OBS_BCPI_9B3B7B5DFFC5779F2269,BCPI_INSTITUTIONAL_BUILDINGS_62213_DIVISION_COMPOSITE,PR_35,Ontario,2021A000235,86.4,"Index, 2023=100",2021-10-01,2021-12-31,STATCAN_BCPI_18100289,observed,2021-12-31,TR_STATCAN_BCPI_BC_ON_QC_REFERENCE_CLASSES_1_0_0,
OBS_BCPI_0735E6C5E230FB2BED8E,BCPI_INSTITUTIONAL_BUILDINGS_62213_DIVISION_COMPOSITE,PR_35,Ontario,2021A000235,89.1,"Index, 2023=100",2022-01-01,2022-03-31,STATCAN_BCPI_18100289,observed,2022-03-31,TR_STATCAN_BCPI_BC_ON_QC_REFERENCE_CLASSES_1_0_0,
OBS_BCPI_EE16CC69EF4379711C6C,BCPI_INSTITUTIONAL_BUILDINGS_62213_DIVISION_COMPOSITE,PR_35,Ontario,2021A000235,92.6,"Index, 2023=100",2022-04-01,2022-06-30,STATCAN_BCPI_18100289,observed,2022-06-30,TR_STATCAN_BCPI_BC_ON_QC_REFERENCE_CLASSES_1_0_0,
OBS_BCPI_CB4DF550D1AA548154E6,BCPI_INSTITUTIONAL_BUILDINGS_62213_DIVISION_COMPOSITE,PR_35,Ontario,2021A000235,94.7,"Index, 2023=100",2022-07-01,2022-09-30,STATCAN_BCPI_18100289,observed,2022-09-30,TR_STATCAN_BCPI_BC_ON_QC_REFERENCE_CLASSES_1_0_0,
OBS_BCPI_26C3A5ED77E16D41A6DB,BCPI_INSTITUTIONAL_BUILDINGS_62213_DIVISION_COMPOSITE,PR_35,Ontario,2021A000235,96.5,"Index, 2023=100",2022-10-01,2022-12-31,STATCAN_BCPI_18100289,observed,2022-12-31,TR_STATCAN_BCPI_BC_ON_QC_REFERENCE_CLASSES_1_0_0,
OBS_BCPI_2BE37E7B3CBC2D7FD233,BCPI_INSTITUTIONAL_BUILDINGS_62213_DIVISION_COMPOSITE,PR_35,Ontario,2021A000235,98.1,"Index, 2023=100",2023-01-01,2023-03-31,STATCAN_BCPI_18100289,observed,2023-03-31,TR_STATCAN_BCPI_BC_ON_QC_REFERENCE_CLASSES_1_0_0,
OBS_BCPI_2185A50E38484A332E2C,BCPI_INSTITUTIONAL_BUILDINGS_62213_DIVISION_COMPOSITE,PR_35,Ontario,2021A000235,99.1,"Index, 2023=100",2023-04-01,2023-06-30,STATCAN_BCPI_18100289,observed,2023-06-30,TR_STATCAN_BCPI_BC_ON_QC_REFERENCE_CLASSES_1_0_0,
OBS_BCPI_FA69B1B815809E6FEA83,BCPI_INSTITUTIONAL_BUILDINGS_62213_DIVISION_COMPOSITE,PR_35,Ontario,2021A000235,101.1,"Index, 2023=100",2023-07-01,2023-09-30,STATCAN_BCPI_18100289,observed,2023-09-30,TR_STATCAN_BCPI_BC_ON_QC_REFERENCE_CLASSES_1_0_0,
OBS_BCPI_2577688AFB9C154512EE,BCPI_INSTITUTIONAL_BUILDINGS_62213_DIVISION_COMPOSITE,PR_35,Ontario,2021A000235,101.8,"Index, 2023=100",2023-10-01,2023-12-31,STATCAN_BCPI_18100289,observed,2023-12-31,TR_STATCAN_BCPI_BC_ON_QC_REFERENCE_CLASSES_1_0_0,
OBS_BCPI_B7AF7532E7D3C64437DD,BCPI_INSTITUTIONAL_BUILDINGS_62213_DIVISION_COMPOSITE,PR_35,Ontario,2021A000235,102.6,"Index, 2023=100",2024-01-01,2024-03-31,STATCAN_BCPI_18100289,observed,2024-03-31,TR_STATCAN_BCPI_BC_ON_QC_REFERENCE_CLASSES_1_0_0,
OBS_BCPI_05E9AA176099D29C06CB,BCPI_INSTITUTIONAL_BUILDINGS_62213_DIVISION_COMPOSITE,PR_35,Ontario,2021A000235,103.9,"Index, 2023=100",2024-04-01,2024-06-30,STATCAN_BCPI_18100289,observed,2024-06-30,TR_STATCAN_BCPI_BC_ON_QC_REFERENCE_CLASSES_1_0_0,
OBS_BCPI_DA9DFF4C13DBA5A7A729,BCPI_INSTITUTIONAL_BUILDINGS_62213_DIVISION_COMPOSITE,PR_35,Ontario,2021A000235,104.5,"Index, 2023=100",2024-07-01,2024-09-30,STATCAN_BCPI_18100289,observed,2024-09-30,TR_STATCAN_BCPI_BC_ON_QC_REFERENCE_CLASSES_1_0_0,
OBS_BCPI_FB66783270ABDD41538C,BCPI_INSTITUTIONAL_BUILDINGS_62213_DIVISION_COMPOSITE,PR_35,Ontario,2021A000235,105.5,"Index, 2023=100",2024-10-01,2024-12-31,STATCAN_BCPI_18100289,observed,2024-12-31,TR_STATCAN_BCPI_BC_ON_QC_REFERENCE_CLASSES_1_0_0,
OBS_BCPI_77BE6B2A5F2025F05B9F,BCPI_INSTITUTIONAL_BUILDINGS_62213_DIVISION_COMPOSITE,PR_35,Ontario,2021A000235,106.4,"Index, 2023=100",2025-01-01,2025-03-31,STATCAN_BCPI_18100289,observed,2025-03-31,TR_STATCAN_BCPI_BC_ON_QC_REFERENCE_CLASSES_1_0_0,
OBS_BCPI_E99222D7132DB75A87EB,BCPI_INSTITUTIONAL_BUILDINGS_62213_DIVISION_COMPOSITE,PR_35,Ontario,2021A000235,107.6,"Index, 2023=100",2025-04-01,2025-06-30,STATCAN_BCPI_18100289,observed,2025-06-30,TR_STATCAN_BCPI_BC_ON_QC_REFERENCE_CLASSES_1_0_0,
OBS_BCPI_B1BF3DAE89EA870DBCA9,BCPI_INSTITUTIONAL_BUILDINGS_62213_DIVISION_COMPOSITE,PR_35,Ontario,2021A000235,108.4,"Index, 2023=100",2025-07-01,2025-09-30,STATCAN_BCPI_18100289,observed,2025-09-30,TR_STATCAN_BCPI_BC_ON_QC_REFERENCE_CLASSES_1_0_0,
OBS_BCPI_B0B885BA1548F293A30C,BCPI_INSTITUTIONAL_BUILDINGS_62213_DIVISION_COMPOSITE,PR_35,Ontario,2021A000235,108.6,"Index, 2023=100",2025-10-01,2025-12-31,STATCAN_BCPI_18100289,observed,2025-12-31,TR_STATCAN_BCPI_BC_ON_QC_REFERENCE_CLASSES_1_0_0,
OBS_BCPI_E3500CAC9B7E471F0F0A,BCPI_INSTITUTIONAL_BUILDINGS_62213_DIVISION_COMPOSITE,PR_35,Ontario,2021A000235,108.2,"Index, 2023=100",2026-01-01,2026-03-31,STATCAN_BCPI_18100289,observed,2026-03-31,TR_STATCAN_BCPI_BC_ON_QC_REFERENCE_CLASSES_1_0_0,
OBS_BCPI_273A3CC3C54EB3C3EBEF,BCPI_INSTITUTIONAL_BUILDINGS_62213_DIVISION_COMPOSITE,PR_35,Ontario,2021A000235,109.5,"Index, 2023=100",2026-04-01,2026-06-30,STATCAN_BCPI_18100289,observed,2026-06-30,TR_STATCAN_BCPI_BC_ON_QC_REFERENCE_CLASSES_1_0_0,
OBS_BCPI_78401A440CF9DC890EC6,BCPI_OFFICE_BUILDING_62212_DIVISION_COMPOSITE,PR_35,Ontario,2021A000235,65.6,"Index, 2023=100",2017-01-01,2017-03-31,STATCAN_BCPI_18100289,observed,2017-03-31,TR_STATCAN_BCPI_BC_ON_QC_REFERENCE_CLASSES_1_0_0,
OBS_BCPI_DA009B0DA0411F9B806F,BCPI_OFFICE_BUILDING_62212_DIVISION_COMPOSITE,PR_35,Ontario,2021A000235,66.4,"Index, 2023=100",2017-04-01,2017-06-30,STATCAN_BCPI_18100289,observed,2017-06-30,TR_STATCAN_BCPI_BC_ON_QC_REFERENCE_CLASSES_1_0_0,
OBS_BCPI_FCFB609D90D774BA0BFF,BCPI_OFFICE_BUILDING_62212_DIVISION_COMPOSITE,PR_35,Ontario,2021A000235,66.6,"Index, 2023=100",2017-07-01,2017-09-30,STATCAN_BCPI_18100289,observed,2017-09-30,TR_STATCAN_BCPI_BC_ON_QC_REFERENCE_CLASSES_1_0_0,
OBS_BCPI_7F4B6CA6778281497830,BCPI_OFFICE_BUILDING_62212_DIVISION_COMPOSITE,PR_35,Ontario,2021A000235,66.9,"Index, 2023=100",2017-10-01,2017-12-31,STATCAN_BCPI_18100289,observed,2017-12-31,TR_STATCAN_BCPI_BC_ON_QC_REFERENCE_CLASSES_1_0_0,
OBS_BCPI_6493506AAAE77A70F5BD,BCPI_OFFICE_BUILDING_62212_DIVISION_COMPOSITE,PR_35,Ontario,2021A000235,67.9,"Index, 2023=100",2018-01-01,2018-03-31,STATCAN_BCPI_18100289,observed,2018-03-31,TR_STATCAN_BCPI_BC_ON_QC_REFERENCE_CLASSES_1_0_0,
OBS_BCPI_AF76BFB4FAAED4D6A721,BCPI_OFFICE_BUILDING_62212_DIVISION_COMPOSITE,PR_35,Ontario,2021A000235,69.2,"Index, 2023=100",2018-04-01,2018-06-30,STATCAN_BCPI_18100289,observed,2018-06-30,TR_STATCAN_BCPI_BC_ON_QC_REFERENCE_CLASSES_1_0_0,
OBS_BCPI_3FD5907EC84F195E953F,BCPI_OFFICE_BUILDING_62212_DIVISION_COMPOSITE,PR_35,Ontario,2021A000235,70.3,"Index, 2023=100",2018-07-01,2018-09-30,STATCAN_BCPI_18100289,observed,2018-09-30,TR_STATCAN_BCPI_BC_ON_QC_REFERENCE_CLASSES_1_0_0,
OBS_BCPI_FF0A00A74C42710CCD3F,BCPI_OFFICE_BUILDING_62212_DIVISION_COMPOSITE,PR_35,Ontario,2021A000235,70.9,"Index, 2023=100",2018-10-01,2018-12-31,STATCAN_BCPI_18100289,observed,2018-12-31,TR_STATCAN_BCPI_BC_ON_QC_REFERENCE_CLASSES_1_0_0,
OBS_BCPI_CB090260DFA679C80E3E,BCPI_OFFICE_BUILDING_62212_DIVISION_COMPOSITE,PR_35,Ontario,2021A000235,71.4,"Index, 2023=100",2019-01-01,2019-03-31,STATCAN_BCPI_18100289,observed,2019-03-31,TR_STATCAN_BCPI_BC_ON_QC_REFERENCE_CLASSES_1_0_0,
OBS_BCPI_A3F2529080969E6C7B65,BCPI_OFFICE_BUILDING_62212_DIVISION_COMPOSITE,PR_35,Ontario,2021A000235,72.0,"Index, 2023=100",2019-04-01,2019-06-30,STATCAN_BCPI_18100289,observed,2019-06-30,TR_STATCAN_BCPI_BC_ON_QC_REFERENCE_CLASSES_1_0_0,
OBS_BCPI_175B4FFC5BD0FFC18DF6,BCPI_OFFICE_BUILDING_62212_DIVISION_COMPOSITE,PR_35,Ontario,2021A000235,72.6,"Index, 2023=100",2019-07-01,2019-09-30,STATCAN_BCPI_18100289,observed,2019-09-30,TR_STATCAN_BCPI_BC_ON_QC_REFERENCE_CLASSES_1_0_0,
OBS_BCPI_555B2D4C1A8CCBDC52B2,BCPI_OFFICE_BUILDING_62212_DIVISION_COMPOSITE,PR_35,Ontario,2021A000235,73.0,"Index, 2023=100",2019-10-01,2019-12-31,STATCAN_BCPI_18100289,observed,2019-12-31,TR_STATCAN_BCPI_BC_ON_QC_REFERENCE_CLASSES_1_0_0,
OBS_BCPI_0AE60DEDA0AF9548F379,BCPI_OFFICE_BUILDING_62212_DIVISION_COMPOSITE,PR_35,Ontario,2021A000235,73.6,"Index, 2023=100",2020-01-01,2020-03-31,STATCAN_BCPI_18100289,observed,2020-03-31,TR_STATCAN_BCPI_BC_ON_QC_REFERENCE_CLASSES_1_0_0,
OBS_BCPI_F0923063A95085984A7A,BCPI_OFFICE_BUILDING_62212_DIVISION_COMPOSITE,PR_35,Ontario,2021A000235,73.9,"Index, 2023=100",2020-04-01,2020-06-30,STATCAN_BCPI_18100289,observed,2020-06-30,TR_STATCAN_BCPI_BC_ON_QC_REFERENCE_CLASSES_1_0_0,
OBS_BCPI_697A8A8869848A6CEF21,BCPI_OFFICE_BUILDING_62212_DIVISION_COMPOSITE,PR_35,Ontario,2021A000235,74.6,"Index, 2023=100",2020-07-01,2020-09-30,STATCAN_BCPI_18100289,observed,2020-09-30,TR_STATCAN_BCPI_BC_ON_QC_REFERENCE_CLASSES_1_0_0,
OBS_BCPI_861C4E771B58E501610E,BCPI_OFFICE_BUILDING_62212_DIVISION_COMPOSITE,PR_35,Ontario,2021A000235,74.7,"Index, 2023=100",2020-10-01,2020-12-31,STATCAN_BCPI_18100289,observed,2020-12-31,TR_STATCAN_BCPI_BC_ON_QC_REFERENCE_CLASSES_1_0_0,
OBS_BCPI_E941D0CB1EE71DF085C0,BCPI_OFFICE_BUILDING_62212_DIVISION_COMPOSITE,PR_35,Ontario,2021A000235,75.7,"Index, 2023=100",2021-01-01,2021-03-31,STATCAN_BCPI_18100289,observed,2021-03-31,TR_STATCAN_BCPI_BC_ON_QC_REFERENCE_CLASSES_1_0_0,
OBS_BCPI_E9FE5F37803103A3B843,BCPI_OFFICE_BUILDING_62212_DIVISION_COMPOSITE,PR_35,Ontario,2021A000235,79.3,"Index, 2023=100",2021-04-01,2021-06-30,STATCAN_BCPI_18100289,observed,2021-06-30,TR_STATCAN_BCPI_BC_ON_QC_REFERENCE_CLASSES_1_0_0,
OBS_BCPI_1FE3F7869009A3980051,BCPI_OFFICE_BUILDING_62212_DIVISION_COMPOSITE,PR_35,Ontario,2021A000235,82.5,"Index, 2023=100",2021-07-01,2021-09-30,STATCAN_BCPI_18100289,observed,2021-09-30,TR_STATCAN_BCPI_BC_ON_QC_REFERENCE_CLASSES_1_0_0,
OBS_BCPI_58B7AFDFE68F0FF5B0AF,BCPI_OFFICE_BUILDING_62212_DIVISION_COMPOSITE,PR_35,Ontario,2021A000235,85.4,"Index, 2023=100",2021-10-01,2021-12-31,STATCAN_BCPI_18100289,observed,2021-12-31,TR_STATCAN_BCPI_BC_ON_QC_REFERENCE_CLASSES_1_0_0,
OBS_BCPI_A2877D20A5789920809D,BCPI_OFFICE_BUILDING_62212_DIVISION_COMPOSITE,PR_35,Ontario,2021A000235,88.5,"Index, 2023=100",2022-01-01,2022-03-31,STATCAN_BCPI_18100289,observed,2022-03-31,TR_STATCAN_BCPI_BC_ON_QC_REFERENCE_CLASSES_1_0_0,
OBS_BCPI_CFE079D345A0D50D5FDB,BCPI_OFFICE_BUILDING_62212_DIVISION_COMPOSITE,PR_35,Ontario,2021A000235,92.0,"Index, 2023=100",2022-04-01,2022-06-30,STATCAN_BCPI_18100289,observed,2022-06-30,TR_STATCAN_BCPI_BC_ON_QC_REFERENCE_CLASSES_1_0_0,
OBS_BCPI_59B75D27677C49983E5F,BCPI_OFFICE_BUILDING_62212_DIVISION_COMPOSITE,PR_35,Ontario,2021A000235,94.4,"Index, 2023=100",2022-07-01,2022-09-30,STATCAN_BCPI_18100289,observed,2022-09-30,TR_STATCAN_BCPI_BC_ON_QC_REFERENCE_CLASSES_1_0_0,
OBS_BCPI_07B7FECCE192FC377AB9,BCPI_OFFICE_BUILDING_62212_DIVISION_COMPOSITE,PR_35,Ontario,2021A000235,96.4,"Index, 2023=100",2022-10-01,2022-12-31,STATCAN_BCPI_18100289,observed,2022-12-31,TR_STATCAN_BCPI_BC_ON_QC_REFERENCE_CLASSES_1_0_0,
OBS_BCPI_186F3DD31C1978D4B8A8,BCPI_OFFICE_BUILDING_62212_DIVISION_COMPOSITE,PR_35,Ontario,2021A000235,98.0,"Index, 2023=100",2023-01-01,2023-03-31,STATCAN_BCPI_18100289,observed,2023-03-31,TR_STATCAN_BCPI_BC_ON_QC_REFERENCE_CLASSES_1_0_0,
OBS_BCPI_BE7CAEF42C74B7AEF8E4,BCPI_OFFICE_BUILDING_62212_DIVISION_COMPOSITE,PR_35,Ontario,2021A000235,99.1,"Index, 2023=100",2023-04-01,2023-06-30,STATCAN_BCPI_18100289,observed,2023-06-30,TR_STATCAN_BCPI_BC_ON_QC_REFERENCE_CLASSES_1_0_0,
OBS_BCPI_06EFD657B9A911E6B380,BCPI_OFFICE_BUILDING_62212_DIVISION_COMPOSITE,PR_35,Ontario,2021A000235,101.2,"Index, 2023=100",2023-07-01,2023-09-30,STATCAN_BCPI_18100289,observed,2023-09-30,TR_STATCAN_BCPI_BC_ON_QC_REFERENCE_CLASSES_1_0_0,
OBS_BCPI_02CB42BCA1C3785D9BC4,BCPI_OFFICE_BUILDING_62212_DIVISION_COMPOSITE,PR_35,Ontario,2021A000235,101.7,"Index, 2023=100",2023-10-01,2023-12-31,STATCAN_BCPI_18100289,observed,2023-12-31,TR_STATCAN_BCPI_BC_ON_QC_REFERENCE_CLASSES_1_0_0,
OBS_BCPI_FEB57A7AB211DC9DCE69,BCPI_OFFICE_BUILDING_62212_DIVISION_COMPOSITE,PR_35,Ontario,2021A000235,102.5,"Index, 2023=100",2024-01-01,2024-03-31,STATCAN_BCPI_18100289,observed,2024-03-31,TR_STATCAN_BCPI_BC_ON_QC_REFERENCE_CLASSES_1_0_0,
OBS_BCPI_91943A3E015F13CAF46A,BCPI_OFFICE_BUILDING_62212_DIVISION_COMPOSITE,PR_35,Ontario,2021A000235,103.6,"Index, 2023=100",2024-04-01,2024-06-30,STATCAN_BCPI_18100289,observed,2024-06-30,TR_STATCAN_BCPI_BC_ON_QC_REFERENCE_CLASSES_1_0_0,
OBS_BCPI_443BDF52960D31FFFC2F,BCPI_OFFICE_BUILDING_62212_DIVISION_COMPOSITE,PR_35,Ontario,2021A000235,104.0,"Index, 2023=100",2024-07-01,2024-09-30,STATCAN_BCPI_18100289,observed,2024-09-30,TR_STATCAN_BCPI_BC_ON_QC_REFERENCE_CLASSES_1_0_0,
OBS_BCPI_905FBDF3EF06896A08A2,BCPI_OFFICE_BUILDING_62212_DIVISION_COMPOSITE,PR_35,Ontario,2021A000235,105.1,"Index, 2023=100",2024-10-01,2024-12-31,STATCAN_BCPI_18100289,observed,2024-12-31,TR_STATCAN_BCPI_BC_ON_QC_REFERENCE_CLASSES_1_0_0,
OBS_BCPI_64BCFF082924CADEC4F5,BCPI_OFFICE_BUILDING_62212_DIVISION_COMPOSITE,PR_35,Ontario,2021A000235,106.3,"Index, 2023=100",2025-01-01,2025-03-31,STATCAN_BCPI_18100289,observed,2025-03-31,TR_STATCAN_BCPI_BC_ON_QC_REFERENCE_CLASSES_1_0_0,
OBS_BCPI_0B23E1A7937AFBDC9EE6,BCPI_OFFICE_BUILDING_62212_DIVISION_COMPOSITE,PR_35,Ontario,2021A000235,107.2,"Index, 2023=100",2025-04-01,2025-06-30,STATCAN_BCPI_18100289,observed,2025-06-30,TR_STATCAN_BCPI_BC_ON_QC_REFERENCE_CLASSES_1_0_0,
OBS_BCPI_26ACD13CF14194B53E8E,BCPI_OFFICE_BUILDING_62212_DIVISION_COMPOSITE,PR_35,Ontario,2021A000235,107.7,"Index, 2023=100",2025-07-01,2025-09-30,STATCAN_BCPI_18100289,observed,2025-09-30,TR_STATCAN_BCPI_BC_ON_QC_REFERENCE_CLASSES_1_0_0,
OBS_BCPI_2D54DF70162833D0B800,BCPI_OFFICE_BUILDING_62212_DIVISION_COMPOSITE,PR_35,Ontario,2021A000235,108.3,"Index, 2023=100",2025-10-01,2025-12-31,STATCAN_BCPI_18100289,observed,2025-12-31,TR_STATCAN_BCPI_BC_ON_QC_REFERENCE_CLASSES_1_0_0,
OBS_BCPI_425AB474594A18ACAF25,BCPI_OFFICE_BUILDING_62212_DIVISION_COMPOSITE,PR_35,Ontario,2021A000235,108.7,"Index, 2023=100",2026-01-01,2026-03-31,STATCAN_BCPI_18100289,observed,2026-03-31,TR_STATCAN_BCPI_BC_ON_QC_REFERENCE_CLASSES_1_0_0,
OBS_BCPI_899D2B991D0FF2B1DB81,BCPI_OFFICE_BUILDING_62212_DIVISION_COMPOSITE,PR_35,Ontario,2021A000235,109.7,"Index, 2023=100",2026-04-01,2026-06-30,STATCAN_BCPI_18100289,observed,2026-06-30,TR_STATCAN_BCPI_BC_ON_QC_REFERENCE_CLASSES_1_0_0,
OBS_BCPI_C1CE31F5DBC42BB2BD98,BCPI_SCHOOL_DIVISION_COMPOSITE,PR_35,Ontario,2021A000235,67.4,"Index, 2023=100",2017-01-01,2017-03-31,STATCAN_BCPI_18100289,observed,2017-03-31,TR_STATCAN_BCPI_BC_ON_QC_REFERENCE_CLASSES_1_0_0,
OBS_BCPI_12F77E3DEEDAD8862046,BCPI_SCHOOL_DIVISION_COMPOSITE,PR_35,Ontario,2021A000235,68.3,"Index, 2023=100",2017-04-01,2017-06-30,STATCAN_BCPI_18100289,observed,2017-06-30,TR_STATCAN_BCPI_BC_ON_QC_REFERENCE_CLASSES_1_0_0,
OBS_BCPI_1F98EFA10A62DB29938C,BCPI_SCHOOL_DIVISION_COMPOSITE,PR_35,Ontario,2021A000235,68.6,"Index, 2023=100",2017-07-01,2017-09-30,STATCAN_BCPI_18100289,observed,2017-09-30,TR_STATCAN_BCPI_BC_ON_QC_REFERENCE_CLASSES_1_0_0,
OBS_BCPI_E23A645AF1BDDD1A3B09,BCPI_SCHOOL_DIVISION_COMPOSITE,PR_35,Ontario,2021A000235,68.9,"Index, 2023=100",2017-10-01,2017-12-31,STATCAN_BCPI_18100289,observed,2017-12-31,TR_STATCAN_BCPI_BC_ON_QC_REFERENCE_CLASSES_1_0_0,
OBS_BCPI_7C92AAF83EBC5B35B2AD,BCPI_SCHOOL_DIVISION_COMPOSITE,PR_35,Ontario,2021A000235,69.7,"Index, 2023=100",2018-01-01,2018-03-31,STATCAN_BCPI_18100289,observed,2018-03-31,TR_STATCAN_BCPI_BC_ON_QC_REFERENCE_CLASSES_1_0_0,
OBS_BCPI_5C477AA9D23AF8C3199E,BCPI_SCHOOL_DIVISION_COMPOSITE,PR_35,Ontario,2021A000235,71.0,"Index, 2023=100",2018-04-01,2018-06-30,STATCAN_BCPI_18100289,observed,2018-06-30,TR_STATCAN_BCPI_BC_ON_QC_REFERENCE_CLASSES_1_0_0,
OBS_BCPI_5068E67940D82E006ED8,BCPI_SCHOOL_DIVISION_COMPOSITE,PR_35,Ontario,2021A000235,72.0,"Index, 2023=100",2018-07-01,2018-09-30,STATCAN_BCPI_18100289,observed,2018-09-30,TR_STATCAN_BCPI_BC_ON_QC_REFERENCE_CLASSES_1_0_0,
OBS_BCPI_DC9A046016A0DD2E1584,BCPI_SCHOOL_DIVISION_COMPOSITE,PR_35,Ontario,2021A000235,72.7,"Index, 2023=100",2018-10-01,2018-12-31,STATCAN_BCPI_18100289,observed,2018-12-31,TR_STATCAN_BCPI_BC_ON_QC_REFERENCE_CLASSES_1_0_0,
OBS_BCPI_5F2E08C736AE7472F594,BCPI_SCHOOL_DIVISION_COMPOSITE,PR_35,Ontario,2021A000235,73.1,"Index, 2023=100",2019-01-01,2019-03-31,STATCAN_BCPI_18100289,observed,2019-03-31,TR_STATCAN_BCPI_BC_ON_QC_REFERENCE_CLASSES_1_0_0,
OBS_BCPI_476CD6E71A37E285A3EE,BCPI_SCHOOL_DIVISION_COMPOSITE,PR_35,Ontario,2021A000235,73.6,"Index, 2023=100",2019-04-01,2019-06-30,STATCAN_BCPI_18100289,observed,2019-06-30,TR_STATCAN_BCPI_BC_ON_QC_REFERENCE_CLASSES_1_0_0,
OBS_BCPI_B29DB78E4701FC9A5835,BCPI_SCHOOL_DIVISION_COMPOSITE,PR_35,Ontario,2021A000235,74.1,"Index, 2023=100",2019-07-01,2019-09-30,STATCAN_BCPI_18100289,observed,2019-09-30,TR_STATCAN_BCPI_BC_ON_QC_REFERENCE_CLASSES_1_0_0,
OBS_BCPI_8EDE0B3608E2E18F95F5,BCPI_SCHOOL_DIVISION_COMPOSITE,PR_35,Ontario,2021A000235,74.4,"Index, 2023=100",2019-10-01,2019-12-31,STATCAN_BCPI_18100289,observed,2019-12-31,TR_STATCAN_BCPI_BC_ON_QC_REFERENCE_CLASSES_1_0_0,
OBS_BCPI_82949C87224D864A10B7,BCPI_SCHOOL_DIVISION_COMPOSITE,PR_35,Ontario,2021A000235,75.0,"Index, 2023=100",2020-01-01,2020-03-31,STATCAN_BCPI_18100289,observed,2020-03-31,TR_STATCAN_BCPI_BC_ON_QC_REFERENCE_CLASSES_1_0_0,
OBS_BCPI_4CE60CE0811B32E563A9,BCPI_SCHOOL_DIVISION_COMPOSITE,PR_35,Ontario,2021A000235,75.3,"Index, 2023=100",2020-04-01,2020-06-30,STATCAN_BCPI_18100289,observed,2020-06-30,TR_STATCAN_BCPI_BC_ON_QC_REFERENCE_CLASSES_1_0_0,
OBS_BCPI_4A1E53795C8083759835,BCPI_SCHOOL_DIVISION_COMPOSITE,PR_35,Ontario,2021A000235,76.0,"Index, 2023=100",2020-07-01,2020-09-30,STATCAN_BCPI_18100289,observed,2020-09-30,TR_STATCAN_BCPI_BC_ON_QC_REFERENCE_CLASSES_1_0_0,
OBS_BCPI_144CC8ADAF2D09DB0063,BCPI_SCHOOL_DIVISION_COMPOSITE,PR_35,Ontario,2021A000235,76.1,"Index, 2023=100",2020-10-01,2020-12-31,STATCAN_BCPI_18100289,observed,2020-12-31,TR_STATCAN_BCPI_BC_ON_QC_REFERENCE_CLASSES_1_0_0,
OBS_BCPI_10F26CE3BBFFDE83DD53,BCPI_SCHOOL_DIVISION_COMPOSITE,PR_35,Ontario,2021A000235,77.2,"Index, 2023=100",2021-01-01,2021-03-31,STATCAN_BCPI_18100289,observed,2021-03-31,TR_STATCAN_BCPI_BC_ON_QC_REFERENCE_CLASSES_1_0_0,
OBS_BCPI_85F32C37C8FF9F75D8F9,BCPI_SCHOOL_DIVISION_COMPOSITE,PR_35,Ontario,2021A000235,80.8,"Index, 2023=100",2021-04-01,2021-06-30,STATCAN_BCPI_18100289,observed,2021-06-30,TR_STATCAN_BCPI_BC_ON_QC_REFERENCE_CLASSES_1_0_0,
OBS_BCPI_58E544B9C8E7688ED15D,BCPI_SCHOOL_DIVISION_COMPOSITE,PR_35,Ontario,2021A000235,83.9,"Index, 2023=100",2021-07-01,2021-09-30,STATCAN_BCPI_18100289,observed,2021-09-30,TR_STATCAN_BCPI_BC_ON_QC_REFERENCE_CLASSES_1_0_0,
OBS_BCPI_3465D28BF326B784D505,BCPI_SCHOOL_DIVISION_COMPOSITE,PR_35,Ontario,2021A000235,86.4,"Index, 2023=100",2021-10-01,2021-12-31,STATCAN_BCPI_18100289,observed,2021-12-31,TR_STATCAN_BCPI_BC_ON_QC_REFERENCE_CLASSES_1_0_0,
OBS_BCPI_FA02943AE306CA603868,BCPI_SCHOOL_DIVISION_COMPOSITE,PR_35,Ontario,2021A000235,89.1,"Index, 2023=100",2022-01-01,2022-03-31,STATCAN_BCPI_18100289,observed,2022-03-31,TR_STATCAN_BCPI_BC_ON_QC_REFERENCE_CLASSES_1_0_0,
OBS_BCPI_F899576F1D959FE557C8,BCPI_SCHOOL_DIVISION_COMPOSITE,PR_35,Ontario,2021A000235,92.6,"Index, 2023=100",2022-04-01,2022-06-30,STATCAN_BCPI_18100289,observed,2022-06-30,TR_STATCAN_BCPI_BC_ON_QC_REFERENCE_CLASSES_1_0_0,
OBS_BCPI_4F58B9C7DA824A9CDAEF,BCPI_SCHOOL_DIVISION_COMPOSITE,PR_35,Ontario,2021A000235,94.7,"Index, 2023=100",2022-07-01,2022-09-30,STATCAN_BCPI_18100289,observed,2022-09-30,TR_STATCAN_BCPI_BC_ON_QC_REFERENCE_CLASSES_1_0_0,
OBS_BCPI_329E53C62891DDB406AD,BCPI_SCHOOL_DIVISION_COMPOSITE,PR_35,Ontario,2021A000235,96.5,"Index, 2023=100",2022-10-01,2022-12-31,STATCAN_BCPI_18100289,observed,2022-12-31,TR_STATCAN_BCPI_BC_ON_QC_REFERENCE_CLASSES_1_0_0,
OBS_BCPI_731F1079B5FBAB2423A1,BCPI_SCHOOL_DIVISION_COMPOSITE,PR_35,Ontario,2021A000235,98.1,"Index, 2023=100",2023-01-01,2023-03-31,STATCAN_BCPI_18100289,observed,2023-03-31,TR_STATCAN_BCPI_BC_ON_QC_REFERENCE_CLASSES_1_0_0,
OBS_BCPI_5DAD0A8CE1C523733F09,BCPI_SCHOOL_DIVISION_COMPOSITE,PR_35,Ontario,2021A000235,99.1,"Index, 2023=100",2023-04-01,2023-06-30,STATCAN_BCPI_18100289,observed,2023-06-30,TR_STATCAN_BCPI_BC_ON_QC_REFERENCE_CLASSES_1_0_0,
OBS_BCPI_862FF0759107CD6F5E17,BCPI_SCHOOL_DIVISION_COMPOSITE,PR_35,Ontario,2021A000235,101.1,"Index, 2023=100",2023-07-01,2023-09-30,STATCAN_BCPI_18100289,observed,2023-09-30,TR_STATCAN_BCPI_BC_ON_QC_REFERENCE_CLASSES_1_0_0,
OBS_BCPI_6470D55ED4DE3692F2DC,BCPI_SCHOOL_DIVISION_COMPOSITE,PR_35,Ontario,2021A000235,101.8,"Index, 2023=100",2023-10-01,2023-12-31,STATCAN_BCPI_18100289,observed,2023-12-31,TR_STATCAN_BCPI_BC_ON_QC_REFERENCE_CLASSES_1_0_0,
OBS_BCPI_CBCEC85A143FC52762BB,BCPI_SCHOOL_DIVISION_COMPOSITE,PR_35,Ontario,2021A000235,102.6,"Index, 2023=100",2024-01-01,2024-03-31,STATCAN_BCPI_18100289,observed,2024-03-31,TR_STATCAN_BCPI_BC_ON_QC_REFERENCE_CLASSES_1_0_0,
OBS_BCPI_1F3B4ED75BC5CA2719EA,BCPI_SCHOOL_DIVISION_COMPOSITE,PR_35,Ontario,2021A000235,103.9,"Index, 2023=100",2024-04-01,2024-06-30,STATCAN_BCPI_18100289,observed,2024-06-30,TR_STATCAN_BCPI_BC_ON_QC_REFERENCE_CLASSES_1_0_0,
OBS_BCPI_D2E218518B2EE9BAB8C2,BCPI_SCHOOL_DIVISION_COMPOSITE,PR_35,Ontario,2021A000235,104.5,"Index, 2023=100",2024-07-01,2024-09-30,STATCAN_BCPI_18100289,observed,2024-09-30,TR_STATCAN_BCPI_BC_ON_QC_REFERENCE_CLASSES_1_0_0,
OBS_BCPI_E5C8210BF1D64AEFC244,BCPI_SCHOOL_DIVISION_COMPOSITE,PR_35,Ontario,2021A000235,105.5,"Index, 2023=100",2024-10-01,2024-12-31,STATCAN_BCPI_18100289,observed,2024-12-31,TR_STATCAN_BCPI_BC_ON_QC_REFERENCE_CLASSES_1_0_0,
OBS_BCPI_B621C2204656DA19208B,BCPI_SCHOOL_DIVISION_COMPOSITE,PR_35,Ontario,2021A000235,106.4,"Index, 2023=100",2025-01-01,2025-03-31,STATCAN_BCPI_18100289,observed,2025-03-31,TR_STATCAN_BCPI_BC_ON_QC_REFERENCE_CLASSES_1_0_0,
OBS_BCPI_DC39C72CEFB4C0F7577C,BCPI_SCHOOL_DIVISION_COMPOSITE,PR_35,Ontario,2021A000235,107.6,"Index, 2023=100",2025-04-01,2025-06-30,STATCAN_BCPI_18100289,observed,2025-06-30,TR_STATCAN_BCPI_BC_ON_QC_REFERENCE_CLASSES_1_0_0,
OBS_BCPI_10B0146F3C8EF214957C,BCPI_SCHOOL_DIVISION_COMPOSITE,PR_35,Ontario,2021A000235,108.4,"Index, 2023=100",2025-07-01,2025-09-30,STATCAN_BCPI_18100289,observed,2025-09-30,TR_STATCAN_BCPI_BC_ON_QC_REFERENCE_CLASSES_1_0_0,
OBS_BCPI_89A413C7CA87CF3FA0A3,BCPI_SCHOOL_DIVISION_COMPOSITE,PR_35,Ontario,2021A000235,108.6,"Index, 2023=100",2025-10-01,2025-12-31,STATCAN_BCPI_18100289,observed,2025-12-31,TR_STATCAN_BCPI_BC_ON_QC_REFERENCE_CLASSES_1_0_0,
OBS_BCPI_E673DFC8EF19C9E549D9,BCPI_SCHOOL_DIVISION_COMPOSITE,PR_35,Ontario,2021A000235,108.2,"Index, 2023=100",2026-01-01,2026-03-31,STATCAN_BCPI_18100289,observed,2026-03-31,TR_STATCAN_BCPI_BC_ON_QC_REFERENCE_CLASSES_1_0_0,
OBS_BCPI_8B64A2F6AACB02D4F587,BCPI_SCHOOL_DIVISION_COMPOSITE,PR_35,Ontario,2021A000235,109.5,"Index, 2023=100",2026-04-01,2026-06-30,STATCAN_BCPI_18100289,observed,2026-06-30,TR_STATCAN_BCPI_BC_ON_QC_REFERENCE_CLASSES_1_0_0,
OBS_BCPI_1140B249063FD3E52DED,BCPI_BUS_DEPOT_WITH_MAINTENANCE_AND_REPAIR_FACILITIES_DIVISION_COMPOSITE,PR_59,British Columbia,2021A000259,73.0,"Index, 2023=100",2017-01-01,2017-03-31,STATCAN_BCPI_18100289,observed,2017-03-31,TR_STATCAN_BCPI_BC_ON_QC_REFERENCE_CLASSES_1_0_0,
OBS_BCPI_93BB7EB43CCAECE34E63,BCPI_BUS_DEPOT_WITH_MAINTENANCE_AND_REPAIR_FACILITIES_DIVISION_COMPOSITE,PR_59,British Columbia,2021A000259,73.8,"Index, 2023=100",2017-04-01,2017-06-30,STATCAN_BCPI_18100289,observed,2017-06-30,TR_STATCAN_BCPI_BC_ON_QC_REFERENCE_CLASSES_1_0_0,
OBS_BCPI_294A8124C27B7A6F0E85,BCPI_BUS_DEPOT_WITH_MAINTENANCE_AND_REPAIR_FACILITIES_DIVISION_COMPOSITE,PR_59,British Columbia,2021A000259,73.8,"Index, 2023=100",2017-07-01,2017-09-30,STATCAN_BCPI_18100289,observed,2017-09-30,TR_STATCAN_BCPI_BC_ON_QC_REFERENCE_CLASSES_1_0_0,
OBS_BCPI_40686950BC8C23BE2FDD,BCPI_BUS_DEPOT_WITH_MAINTENANCE_AND_REPAIR_FACILITIES_DIVISION_COMPOSITE,PR_59,British Columbia,2021A000259,74.6,"Index, 2023=100",2017-10-01,2017-12-31,STATCAN_BCPI_18100289,observed,2017-12-31,TR_STATCAN_BCPI_BC_ON_QC_REFERENCE_CLASSES_1_0_0,
OBS_BCPI_039466E01ECE7990D71C,BCPI_BUS_DEPOT_WITH_MAINTENANCE_AND_REPAIR_FACILITIES_DIVISION_COMPOSITE,PR_59,British Columbia,2021A000259,75.3,"Index, 2023=100",2018-01-01,2018-03-31,STATCAN_BCPI_18100289,observed,2018-03-31,TR_STATCAN_BCPI_BC_ON_QC_REFERENCE_CLASSES_1_0_0,
OBS_BCPI_F0DA23699C35FC045F34,BCPI_BUS_DEPOT_WITH_MAINTENANCE_AND_REPAIR_FACILITIES_DIVISION_COMPOSITE,PR_59,British Columbia,2021A000259,76.7,"Index, 2023=100",2018-04-01,2018-06-30,STATCAN_BCPI_18100289,observed,2018-06-30,TR_STATCAN_BCPI_BC_ON_QC_REFERENCE_CLASSES_1_0_0,
OBS_BCPI_146F7D1D63360F7E349C,BCPI_BUS_DEPOT_WITH_MAINTENANCE_AND_REPAIR_FACILITIES_DIVISION_COMPOSITE,PR_59,British Columbia,2021A000259,78.5,"Index, 2023=100",2018-07-01,2018-09-30,STATCAN_BCPI_18100289,observed,2018-09-30,TR_STATCAN_BCPI_BC_ON_QC_REFERENCE_CLASSES_1_0_0,
OBS_BCPI_21C8B75C07C829754123,BCPI_BUS_DEPOT_WITH_MAINTENANCE_AND_REPAIR_FACILITIES_DIVISION_COMPOSITE,PR_59,British Columbia,2021A000259,79.3,"Index, 2023=100",2018-10-01,2018-12-31,STATCAN_BCPI_18100289,observed,2018-12-31,TR_STATCAN_BCPI_BC_ON_QC_REFERENCE_CLASSES_1_0_0,
OBS_BCPI_CA2D659908B9EFE4FD32,BCPI_BUS_DEPOT_WITH_MAINTENANCE_AND_REPAIR_FACILITIES_DIVISION_COMPOSITE,PR_59,British Columbia,2021A000259,81.3,"Index, 2023=100",2019-01-01,2019-03-31,STATCAN_BCPI_18100289,observed,2019-03-31,TR_STATCAN_BCPI_BC_ON_QC_REFERENCE_CLASSES_1_0_0,
OBS_BCPI_3686477EE0BF526064B8,BCPI_BUS_DEPOT_WITH_MAINTENANCE_AND_REPAIR_FACILITIES_DIVISION_COMPOSITE,PR_59,British Columbia,2021A000259,81.4,"Index, 2023=100",2019-04-01,2019-06-30,STATCAN_BCPI_18100289,observed,2019-06-30,TR_STATCAN_BCPI_BC_ON_QC_REFERENCE_CLASSES_1_0_0,
OBS_BCPI_B21CECBF0810A0AFC0C8,BCPI_BUS_DEPOT_WITH_MAINTENANCE_AND_REPAIR_FACILITIES_DIVISION_COMPOSITE,PR_59,British Columbia,2021A000259,81.6,"Index, 2023=100",2019-07-01,2019-09-30,STATCAN_BCPI_18100289,observed,2019-09-30,TR_STATCAN_BCPI_BC_ON_QC_REFERENCE_CLASSES_1_0_0,
OBS_BCPI_7EE14EAC4FD2D86096CF,BCPI_BUS_DEPOT_WITH_MAINTENANCE_AND_REPAIR_FACILITIES_DIVISION_COMPOSITE,PR_59,British Columbia,2021A000259,81.8,"Index, 2023=100",2019-10-01,2019-12-31,STATCAN_BCPI_18100289,observed,2019-12-31,TR_STATCAN_BCPI_BC_ON_QC_REFERENCE_CLASSES_1_0_0,
OBS_BCPI_9EBE9123D3779FC6E70A,BCPI_BUS_DEPOT_WITH_MAINTENANCE_AND_REPAIR_FACILITIES_DIVISION_COMPOSITE,PR_59,British Columbia,2021A000259,82.0,"Index, 2023=100",2020-01-01,2020-03-31,STATCAN_BCPI_18100289,observed,2020-03-31,TR_STATCAN_BCPI_BC_ON_QC_REFERENCE_CLASSES_1_0_0,
OBS_BCPI_D81D26C0DA0240140AF3,BCPI_BUS_DEPOT_WITH_MAINTENANCE_AND_REPAIR_FACILITIES_DIVISION_COMPOSITE,PR_59,British Columbia,2021A000259,82.0,"Index, 2023=100",2020-04-01,2020-06-30,STATCAN_BCPI_18100289,observed,2020-06-30,TR_STATCAN_BCPI_BC_ON_QC_REFERENCE_CLASSES_1_0_0,
OBS_BCPI_61CEB35A92253A83824C,BCPI_BUS_DEPOT_WITH_MAINTENANCE_AND_REPAIR_FACILITIES_DIVISION_COMPOSITE,PR_59,British Columbia,2021A000259,82.3,"Index, 2023=100",2020-07-01,2020-09-30,STATCAN_BCPI_18100289,observed,2020-09-30,TR_STATCAN_BCPI_BC_ON_QC_REFERENCE_CLASSES_1_0_0,
OBS_BCPI_DFC57F7E101CE9A20CFE,BCPI_BUS_DEPOT_WITH_MAINTENANCE_AND_REPAIR_FACILITIES_DIVISION_COMPOSITE,PR_59,British Columbia,2021A000259,81.7,"Index, 2023=100",2020-10-01,2020-12-31,STATCAN_BCPI_18100289,observed,2020-12-31,TR_STATCAN_BCPI_BC_ON_QC_REFERENCE_CLASSES_1_0_0,
OBS_BCPI_FCCE1FC1C013908A9A8F,BCPI_BUS_DEPOT_WITH_MAINTENANCE_AND_REPAIR_FACILITIES_DIVISION_COMPOSITE,PR_59,British Columbia,2021A000259,82.8,"Index, 2023=100",2021-01-01,2021-03-31,STATCAN_BCPI_18100289,observed,2021-03-31,TR_STATCAN_BCPI_BC_ON_QC_REFERENCE_CLASSES_1_0_0,
OBS_BCPI_A373D3EADB0D8B6D6750,BCPI_BUS_DEPOT_WITH_MAINTENANCE_AND_REPAIR_FACILITIES_DIVISION_COMPOSITE,PR_59,British Columbia,2021A000259,84.6,"Index, 2023=100",2021-04-01,2021-06-30,STATCAN_BCPI_18100289,observed,2021-06-30,TR_STATCAN_BCPI_BC_ON_QC_REFERENCE_CLASSES_1_0_0,
OBS_BCPI_19676C90F232AA655714,BCPI_BUS_DEPOT_WITH_MAINTENANCE_AND_REPAIR_FACILITIES_DIVISION_COMPOSITE,PR_59,British Columbia,2021A000259,86.1,"Index, 2023=100",2021-07-01,2021-09-30,STATCAN_BCPI_18100289,observed,2021-09-30,TR_STATCAN_BCPI_BC_ON_QC_REFERENCE_CLASSES_1_0_0,
OBS_BCPI_CB03409866939D3572E7,BCPI_BUS_DEPOT_WITH_MAINTENANCE_AND_REPAIR_FACILITIES_DIVISION_COMPOSITE,PR_59,British Columbia,2021A000259,88.0,"Index, 2023=100",2021-10-01,2021-12-31,STATCAN_BCPI_18100289,observed,2021-12-31,TR_STATCAN_BCPI_BC_ON_QC_REFERENCE_CLASSES_1_0_0,
OBS_BCPI_C91D3876394848EA4C7F,BCPI_BUS_DEPOT_WITH_MAINTENANCE_AND_REPAIR_FACILITIES_DIVISION_COMPOSITE,PR_59,British Columbia,2021A000259,90.0,"Index, 2023=100",2022-01-01,2022-03-31,STATCAN_BCPI_18100289,observed,2022-03-31,TR_STATCAN_BCPI_BC_ON_QC_REFERENCE_CLASSES_1_0_0,
OBS_BCPI_133BFD1EB75AE46D7896,BCPI_BUS_DEPOT_WITH_MAINTENANCE_AND_REPAIR_FACILITIES_DIVISION_COMPOSITE,PR_59,British Columbia,2021A000259,92.7,"Index, 2023=100",2022-04-01,2022-06-30,STATCAN_BCPI_18100289,observed,2022-06-30,TR_STATCAN_BCPI_BC_ON_QC_REFERENCE_CLASSES_1_0_0,
OBS_BCPI_B9D188B1F10409B73DCA,BCPI_BUS_DEPOT_WITH_MAINTENANCE_AND_REPAIR_FACILITIES_DIVISION_COMPOSITE,PR_59,British Columbia,2021A000259,94.0,"Index, 2023=100",2022-07-01,2022-09-30,STATCAN_BCPI_18100289,observed,2022-09-30,TR_STATCAN_BCPI_BC_ON_QC_REFERENCE_CLASSES_1_0_0,
OBS_BCPI_9AE5A94A7C6D1AB53790,BCPI_BUS_DEPOT_WITH_MAINTENANCE_AND_REPAIR_FACILITIES_DIVISION_COMPOSITE,PR_59,British Columbia,2021A000259,95.2,"Index, 2023=100",2022-10-01,2022-12-31,STATCAN_BCPI_18100289,observed,2022-12-31,TR_STATCAN_BCPI_BC_ON_QC_REFERENCE_CLASSES_1_0_0,
OBS_BCPI_9234532DB704BC5B87A8,BCPI_BUS_DEPOT_WITH_MAINTENANCE_AND_REPAIR_FACILITIES_DIVISION_COMPOSITE,PR_59,British Columbia,2021A000259,97.2,"Index, 2023=100",2023-01-01,2023-03-31,STATCAN_BCPI_18100289,observed,2023-03-31,TR_STATCAN_BCPI_BC_ON_QC_REFERENCE_CLASSES_1_0_0,
OBS_BCPI_FE45A2ED51B548E797DB,BCPI_BUS_DEPOT_WITH_MAINTENANCE_AND_REPAIR_FACILITIES_DIVISION_COMPOSITE,PR_59,British Columbia,2021A000259,99.5,"Index, 2023=100",2023-04-01,2023-06-30,STATCAN_BCPI_18100289,observed,2023-06-30,TR_STATCAN_BCPI_BC_ON_QC_REFERENCE_CLASSES_1_0_0,
OBS_BCPI_007304A3B816C1F19A21,BCPI_BUS_DEPOT_WITH_MAINTENANCE_AND_REPAIR_FACILITIES_DIVISION_COMPOSITE,PR_59,British Columbia,2021A000259,100.6,"Index, 2023=100",2023-07-01,2023-09-30,STATCAN_BCPI_18100289,observed,2023-09-30,TR_STATCAN_BCPI_BC_ON_QC_REFERENCE_CLASSES_1_0_0,
OBS_BCPI_546758F41FC0A4B5628F,BCPI_BUS_DEPOT_WITH_MAINTENANCE_AND_REPAIR_FACILITIES_DIVISION_COMPOSITE,PR_59,British Columbia,2021A000259,102.8,"Index, 2023=100",2023-10-01,2023-12-31,STATCAN_BCPI_18100289,observed,2023-12-31,TR_STATCAN_BCPI_BC_ON_QC_REFERENCE_CLASSES_1_0_0,
OBS_BCPI_E57AD4A17F4E2225AB73,BCPI_BUS_DEPOT_WITH_MAINTENANCE_AND_REPAIR_FACILITIES_DIVISION_COMPOSITE,PR_59,British Columbia,2021A000259,103.6,"Index, 2023=100",2024-01-01,2024-03-31,STATCAN_BCPI_18100289,observed,2024-03-31,TR_STATCAN_BCPI_BC_ON_QC_REFERENCE_CLASSES_1_0_0,
OBS_BCPI_FC525A408EAE31F9DDB1,BCPI_BUS_DEPOT_WITH_MAINTENANCE_AND_REPAIR_FACILITIES_DIVISION_COMPOSITE,PR_59,British Columbia,2021A000259,105.3,"Index, 2023=100",2024-04-01,2024-06-30,STATCAN_BCPI_18100289,observed,2024-06-30,TR_STATCAN_BCPI_BC_ON_QC_REFERENCE_CLASSES_1_0_0,
OBS_BCPI_BACEA7756A372D580344,BCPI_BUS_DEPOT_WITH_MAINTENANCE_AND_REPAIR_FACILITIES_DIVISION_COMPOSITE,PR_59,British Columbia,2021A000259,106.0,"Index, 2023=100",2024-07-01,2024-09-30,STATCAN_BCPI_18100289,observed,2024-09-30,TR_STATCAN_BCPI_BC_ON_QC_REFERENCE_CLASSES_1_0_0,
OBS_BCPI_0136E6A230FA6395C2CE,BCPI_BUS_DEPOT_WITH_MAINTENANCE_AND_REPAIR_FACILITIES_DIVISION_COMPOSITE,PR_59,British Columbia,2021A000259,107.0,"Index, 2023=100",2024-10-01,2024-12-31,STATCAN_BCPI_18100289,observed,2024-12-31,TR_STATCAN_BCPI_BC_ON_QC_REFERENCE_CLASSES_1_0_0,
OBS_BCPI_E81C22B148C554C786FB,BCPI_BUS_DEPOT_WITH_MAINTENANCE_AND_REPAIR_FACILITIES_DIVISION_COMPOSITE,PR_59,British Columbia,2021A000259,108.2,"Index, 2023=100",2025-01-01,2025-03-31,STATCAN_BCPI_18100289,observed,2025-03-31,TR_STATCAN_BCPI_BC_ON_QC_REFERENCE_CLASSES_1_0_0,
OBS_BCPI_FFDDB9B3141C55648E10,BCPI_BUS_DEPOT_WITH_MAINTENANCE_AND_REPAIR_FACILITIES_DIVISION_COMPOSITE,PR_59,British Columbia,2021A000259,110.0,"Index, 2023=100",2025-04-01,2025-06-30,STATCAN_BCPI_18100289,observed,2025-06-30,TR_STATCAN_BCPI_BC_ON_QC_REFERENCE_CLASSES_1_0_0,
OBS_BCPI_D0FABD3D6A02FA3AF55D,BCPI_BUS_DEPOT_WITH_MAINTENANCE_AND_REPAIR_FACILITIES_DIVISION_COMPOSITE,PR_59,British Columbia,2021A000259,110.5,"Index, 2023=100",2025-07-01,2025-09-30,STATCAN_BCPI_18100289,observed,2025-09-30,TR_STATCAN_BCPI_BC_ON_QC_REFERENCE_CLASSES_1_0_0,
OBS_BCPI_8BB7D18E27C12DD00D70,BCPI_BUS_DEPOT_WITH_MAINTENANCE_AND_REPAIR_FACILITIES_DIVISION_COMPOSITE,PR_59,British Columbia,2021A000259,111.0,"Index, 2023=100",2025-10-01,2025-12-31,STATCAN_BCPI_18100289,observed,2025-12-31,TR_STATCAN_BCPI_BC_ON_QC_REFERENCE_CLASSES_1_0_0,
OBS_BCPI_5E961A815E75CA4F4015,BCPI_BUS_DEPOT_WITH_MAINTENANCE_AND_REPAIR_FACILITIES_DIVISION_COMPOSITE,PR_59,British Columbia,2021A000259,112.4,"Index, 2023=100",2026-01-01,2026-03-31,STATCAN_BCPI_18100289,observed,2026-03-31,TR_STATCAN_BCPI_BC_ON_QC_REFERENCE_CLASSES_1_0_0,
OBS_BCPI_FE2665F2E404919A3591,BCPI_BUS_DEPOT_WITH_MAINTENANCE_AND_REPAIR_FACILITIES_DIVISION_COMPOSITE,PR_59,British Columbia,2021A000259,113.1,"Index, 2023=100",2026-04-01,2026-06-30,STATCAN_BCPI_18100289,observed,2026-06-30,TR_STATCAN_BCPI_BC_ON_QC_REFERENCE_CLASSES_1_0_0,
OBS_BCPI_C16A1F054D3FF23BD51C,BCPI_INSTITUTIONAL_BUILDINGS_62213_DIVISION_COMPOSITE,PR_59,British Columbia,2021A000259,75.4,"Index, 2023=100",2017-01-01,2017-03-31,STATCAN_BCPI_18100289,observed,2017-03-31,TR_STATCAN_BCPI_BC_ON_QC_REFERENCE_CLASSES_1_0_0,
OBS_BCPI_FF0140196C66AC7A3941,BCPI_INSTITUTIONAL_BUILDINGS_62213_DIVISION_COMPOSITE,PR_59,British Columbia,2021A000259,76.3,"Index, 2023=100",2017-04-01,2017-06-30,STATCAN_BCPI_18100289,observed,2017-06-30,TR_STATCAN_BCPI_BC_ON_QC_REFERENCE_CLASSES_1_0_0,
OBS_BCPI_9CA8B6FA5CDAE031E2A1,BCPI_INSTITUTIONAL_BUILDINGS_62213_DIVISION_COMPOSITE,PR_59,British Columbia,2021A000259,77.0,"Index, 2023=100",2017-07-01,2017-09-30,STATCAN_BCPI_18100289,observed,2017-09-30,TR_STATCAN_BCPI_BC_ON_QC_REFERENCE_CLASSES_1_0_0,
OBS_BCPI_7D462D964AFC86356670,BCPI_INSTITUTIONAL_BUILDINGS_62213_DIVISION_COMPOSITE,PR_59,British Columbia,2021A000259,78.0,"Index, 2023=100",2017-10-01,2017-12-31,STATCAN_BCPI_18100289,observed,2017-12-31,TR_STATCAN_BCPI_BC_ON_QC_REFERENCE_CLASSES_1_0_0,
OBS_BCPI_4E7BA0E4AE4AC8ECD9A9,BCPI_INSTITUTIONAL_BUILDINGS_62213_DIVISION_COMPOSITE,PR_59,British Columbia,2021A000259,78.8,"Index, 2023=100",2018-01-01,2018-03-31,STATCAN_BCPI_18100289,observed,2018-03-31,TR_STATCAN_BCPI_BC_ON_QC_REFERENCE_CLASSES_1_0_0,
OBS_BCPI_F5F9C911F14A3437B5F4,BCPI_INSTITUTIONAL_BUILDINGS_62213_DIVISION_COMPOSITE,PR_59,British Columbia,2021A000259,79.7,"Index, 2023=100",2018-04-01,2018-06-30,STATCAN_BCPI_18100289,observed,2018-06-30,TR_STATCAN_BCPI_BC_ON_QC_REFERENCE_CLASSES_1_0_0,
OBS_BCPI_398D202D655E326BF04C,BCPI_INSTITUTIONAL_BUILDINGS_62213_DIVISION_COMPOSITE,PR_59,British Columbia,2021A000259,81.3,"Index, 2023=100",2018-07-01,2018-09-30,STATCAN_BCPI_18100289,observed,2018-09-30,TR_STATCAN_BCPI_BC_ON_QC_REFERENCE_CLASSES_1_0_0,
OBS_BCPI_510D4C156A26CCDF20E7,BCPI_INSTITUTIONAL_BUILDINGS_62213_DIVISION_COMPOSITE,PR_59,British Columbia,2021A000259,82.1,"Index, 2023=100",2018-10-01,2018-12-31,STATCAN_BCPI_18100289,observed,2018-12-31,TR_STATCAN_BCPI_BC_ON_QC_REFERENCE_CLASSES_1_0_0,
OBS_BCPI_E6001FCF991F39AC0AD9,BCPI_INSTITUTIONAL_BUILDINGS_62213_DIVISION_COMPOSITE,PR_59,British Columbia,2021A000259,83.0,"Index, 2023=100",2019-01-01,2019-03-31,STATCAN_BCPI_18100289,observed,2019-03-31,TR_STATCAN_BCPI_BC_ON_QC_REFERENCE_CLASSES_1_0_0,
OBS_BCPI_BB9D48F53C3644E25B0D,BCPI_INSTITUTIONAL_BUILDINGS_62213_DIVISION_COMPOSITE,PR_59,British Columbia,2021A000259,83.1,"Index, 2023=100",2019-04-01,2019-06-30,STATCAN_BCPI_18100289,observed,2019-06-30,TR_STATCAN_BCPI_BC_ON_QC_REFERENCE_CLASSES_1_0_0,
OBS_BCPI_A1922084E729F05F1DB7,BCPI_INSTITUTIONAL_BUILDINGS_62213_DIVISION_COMPOSITE,PR_59,British Columbia,2021A000259,83.2,"Index, 2023=100",2019-07-01,2019-09-30,STATCAN_BCPI_18100289,observed,2019-09-30,TR_STATCAN_BCPI_BC_ON_QC_REFERENCE_CLASSES_1_0_0,
OBS_BCPI_457B49F9A413154D74CA,BCPI_INSTITUTIONAL_BUILDINGS_62213_DIVISION_COMPOSITE,PR_59,British Columbia,2021A000259,83.4,"Index, 2023=100",2019-10-01,2019-12-31,STATCAN_BCPI_18100289,observed,2019-12-31,TR_STATCAN_BCPI_BC_ON_QC_REFERENCE_CLASSES_1_0_0,
OBS_BCPI_507A4E0DDD47C6DB3EAD,BCPI_INSTITUTIONAL_BUILDINGS_62213_DIVISION_COMPOSITE,PR_59,British Columbia,2021A000259,83.6,"Index, 2023=100",2020-01-01,2020-03-31,STATCAN_BCPI_18100289,observed,2020-03-31,TR_STATCAN_BCPI_BC_ON_QC_REFERENCE_CLASSES_1_0_0,
OBS_BCPI_B9F99FDCCDA868765C2D,BCPI_INSTITUTIONAL_BUILDINGS_62213_DIVISION_COMPOSITE,PR_59,British Columbia,2021A000259,83.6,"Index, 2023=100",2020-04-01,2020-06-30,STATCAN_BCPI_18100289,observed,2020-06-30,TR_STATCAN_BCPI_BC_ON_QC_REFERENCE_CLASSES_1_0_0,
OBS_BCPI_C979644D1481654D0916,BCPI_INSTITUTIONAL_BUILDINGS_62213_DIVISION_COMPOSITE,PR_59,British Columbia,2021A000259,83.7,"Index, 2023=100",2020-07-01,2020-09-30,STATCAN_BCPI_18100289,observed,2020-09-30,TR_STATCAN_BCPI_BC_ON_QC_REFERENCE_CLASSES_1_0_0,
OBS_BCPI_90FEA872B0A6D6F7C1C4,BCPI_INSTITUTIONAL_BUILDINGS_62213_DIVISION_COMPOSITE,PR_59,British Columbia,2021A000259,83.4,"Index, 2023=100",2020-10-01,2020-12-31,STATCAN_BCPI_18100289,observed,2020-12-31,TR_STATCAN_BCPI_BC_ON_QC_REFERENCE_CLASSES_1_0_0,
OBS_BCPI_65A43F4E584A9FDCE5CC,BCPI_INSTITUTIONAL_BUILDINGS_62213_DIVISION_COMPOSITE,PR_59,British Columbia,2021A000259,83.9,"Index, 2023=100",2021-01-01,2021-03-31,STATCAN_BCPI_18100289,observed,2021-03-31,TR_STATCAN_BCPI_BC_ON_QC_REFERENCE_CLASSES_1_0_0,
OBS_BCPI_130FE1D4A601FC96F8A7,BCPI_INSTITUTIONAL_BUILDINGS_62213_DIVISION_COMPOSITE,PR_59,British Columbia,2021A000259,85.7,"Index, 2023=100",2021-04-01,2021-06-30,STATCAN_BCPI_18100289,observed,2021-06-30,TR_STATCAN_BCPI_BC_ON_QC_REFERENCE_CLASSES_1_0_0,
OBS_BCPI_3F0C27A38C3931EC9864,BCPI_INSTITUTIONAL_BUILDINGS_62213_DIVISION_COMPOSITE,PR_59,British Columbia,2021A000259,87.2,"Index, 2023=100",2021-07-01,2021-09-30,STATCAN_BCPI_18100289,observed,2021-09-30,TR_STATCAN_BCPI_BC_ON_QC_REFERENCE_CLASSES_1_0_0,
OBS_BCPI_C9392955A6565A1922CA,BCPI_INSTITUTIONAL_BUILDINGS_62213_DIVISION_COMPOSITE,PR_59,British Columbia,2021A000259,88.7,"Index, 2023=100",2021-10-01,2021-12-31,STATCAN_BCPI_18100289,observed,2021-12-31,TR_STATCAN_BCPI_BC_ON_QC_REFERENCE_CLASSES_1_0_0,
OBS_BCPI_6F0F53D7858D60A7A63A,BCPI_INSTITUTIONAL_BUILDINGS_62213_DIVISION_COMPOSITE,PR_59,British Columbia,2021A000259,90.5,"Index, 2023=100",2022-01-01,2022-03-31,STATCAN_BCPI_18100289,observed,2022-03-31,TR_STATCAN_BCPI_BC_ON_QC_REFERENCE_CLASSES_1_0_0,
OBS_BCPI_45241D45ADD69F5C112D,BCPI_INSTITUTIONAL_BUILDINGS_62213_DIVISION_COMPOSITE,PR_59,British Columbia,2021A000259,92.8,"Index, 2023=100",2022-04-01,2022-06-30,STATCAN_BCPI_18100289,observed,2022-06-30,TR_STATCAN_BCPI_BC_ON_QC_REFERENCE_CLASSES_1_0_0,
OBS_BCPI_DD73A5F5FC466E0D9CF4,BCPI_INSTITUTIONAL_BUILDINGS_62213_DIVISION_COMPOSITE,PR_59,British Columbia,2021A000259,94.3,"Index, 2023=100",2022-07-01,2022-09-30,STATCAN_BCPI_18100289,observed,2022-09-30,TR_STATCAN_BCPI_BC_ON_QC_REFERENCE_CLASSES_1_0_0,
OBS_BCPI_BB4FA6AEBFF5FBBA45A3,BCPI_INSTITUTIONAL_BUILDINGS_62213_DIVISION_COMPOSITE,PR_59,British Columbia,2021A000259,95.4,"Index, 2023=100",2022-10-01,2022-12-31,STATCAN_BCPI_18100289,observed,2022-12-31,TR_STATCAN_BCPI_BC_ON_QC_REFERENCE_CLASSES_1_0_0,
OBS_BCPI_13FC1E16478390C737BE,BCPI_INSTITUTIONAL_BUILDINGS_62213_DIVISION_COMPOSITE,PR_59,British Columbia,2021A000259,97.4,"Index, 2023=100",2023-01-01,2023-03-31,STATCAN_BCPI_18100289,observed,2023-03-31,TR_STATCAN_BCPI_BC_ON_QC_REFERENCE_CLASSES_1_0_0,
OBS_BCPI_1A01D920EEF52D0D5AFE,BCPI_INSTITUTIONAL_BUILDINGS_62213_DIVISION_COMPOSITE,PR_59,British Columbia,2021A000259,99.3,"Index, 2023=100",2023-04-01,2023-06-30,STATCAN_BCPI_18100289,observed,2023-06-30,TR_STATCAN_BCPI_BC_ON_QC_REFERENCE_CLASSES_1_0_0,
OBS_BCPI_C2A714CB659BCDAF45EA,BCPI_INSTITUTIONAL_BUILDINGS_62213_DIVISION_COMPOSITE,PR_59,British Columbia,2021A000259,100.6,"Index, 2023=100",2023-07-01,2023-09-30,STATCAN_BCPI_18100289,observed,2023-09-30,TR_STATCAN_BCPI_BC_ON_QC_REFERENCE_CLASSES_1_0_0,
OBS_BCPI_1C68E5460146FF758C86,BCPI_INSTITUTIONAL_BUILDINGS_62213_DIVISION_COMPOSITE,PR_59,British Columbia,2021A000259,102.7,"Index, 2023=100",2023-10-01,2023-12-31,STATCAN_BCPI_18100289,observed,2023-12-31,TR_STATCAN_BCPI_BC_ON_QC_REFERENCE_CLASSES_1_0_0,
OBS_BCPI_F4A80151B72EE8CD356A,BCPI_INSTITUTIONAL_BUILDINGS_62213_DIVISION_COMPOSITE,PR_59,British Columbia,2021A000259,103.8,"Index, 2023=100",2024-01-01,2024-03-31,STATCAN_BCPI_18100289,observed,2024-03-31,TR_STATCAN_BCPI_BC_ON_QC_REFERENCE_CLASSES_1_0_0,
OBS_BCPI_FDDBB818F7A13495F158,BCPI_INSTITUTIONAL_BUILDINGS_62213_DIVISION_COMPOSITE,PR_59,British Columbia,2021A000259,105.5,"Index, 2023=100",2024-04-01,2024-06-30,STATCAN_BCPI_18100289,observed,2024-06-30,TR_STATCAN_BCPI_BC_ON_QC_REFERENCE_CLASSES_1_0_0,
OBS_BCPI_5AD911B8635E909FC3C3,BCPI_INSTITUTIONAL_BUILDINGS_62213_DIVISION_COMPOSITE,PR_59,British Columbia,2021A000259,106.2,"Index, 2023=100",2024-07-01,2024-09-30,STATCAN_BCPI_18100289,observed,2024-09-30,TR_STATCAN_BCPI_BC_ON_QC_REFERENCE_CLASSES_1_0_0,
OBS_BCPI_986B0A3C001A7AEC69D4,BCPI_INSTITUTIONAL_BUILDINGS_62213_DIVISION_COMPOSITE,PR_59,British Columbia,2021A000259,106.8,"Index, 2023=100",2024-10-01,2024-12-31,STATCAN_BCPI_18100289,observed,2024-12-31,TR_STATCAN_BCPI_BC_ON_QC_REFERENCE_CLASSES_1_0_0,
OBS_BCPI_AD3847D1D793C4D9C0A6,BCPI_INSTITUTIONAL_BUILDINGS_62213_DIVISION_COMPOSITE,PR_59,British Columbia,2021A000259,107.9,"Index, 2023=100",2025-01-01,2025-03-31,STATCAN_BCPI_18100289,observed,2025-03-31,TR_STATCAN_BCPI_BC_ON_QC_REFERENCE_CLASSES_1_0_0,
OBS_BCPI_433AA11F702BB7BE0C17,BCPI_INSTITUTIONAL_BUILDINGS_62213_DIVISION_COMPOSITE,PR_59,British Columbia,2021A000259,109.2,"Index, 2023=100",2025-04-01,2025-06-30,STATCAN_BCPI_18100289,observed,2025-06-30,TR_STATCAN_BCPI_BC_ON_QC_REFERENCE_CLASSES_1_0_0,
OBS_BCPI_221D7B406A419EFD1912,BCPI_INSTITUTIONAL_BUILDINGS_62213_DIVISION_COMPOSITE,PR_59,British Columbia,2021A000259,109.2,"Index, 2023=100",2025-07-01,2025-09-30,STATCAN_BCPI_18100289,observed,2025-09-30,TR_STATCAN_BCPI_BC_ON_QC_REFERENCE_CLASSES_1_0_0,
OBS_BCPI_91C9380A7CE1F6713DAF,BCPI_INSTITUTIONAL_BUILDINGS_62213_DIVISION_COMPOSITE,PR_59,British Columbia,2021A000259,108.7,"Index, 2023=100",2025-10-01,2025-12-31,STATCAN_BCPI_18100289,observed,2025-12-31,TR_STATCAN_BCPI_BC_ON_QC_REFERENCE_CLASSES_1_0_0,
OBS_BCPI_248BA7A8F2F4EF2D1149,BCPI_INSTITUTIONAL_BUILDINGS_62213_DIVISION_COMPOSITE,PR_59,British Columbia,2021A000259,109.2,"Index, 2023=100",2026-01-01,2026-03-31,STATCAN_BCPI_18100289,observed,2026-03-31,TR_STATCAN_BCPI_BC_ON_QC_REFERENCE_CLASSES_1_0_0,
OBS_BCPI_D9057AFE48D28DD67609,BCPI_INSTITUTIONAL_BUILDINGS_62213_DIVISION_COMPOSITE,PR_59,British Columbia,2021A000259,109.4,"Index, 2023=100",2026-04-01,2026-06-30,STATCAN_BCPI_18100289,observed,2026-06-30,TR_STATCAN_BCPI_BC_ON_QC_REFERENCE_CLASSES_1_0_0,
OBS_BCPI_1EA644F08EA22CCB9FA0,BCPI_OFFICE_BUILDING_62212_DIVISION_COMPOSITE,PR_59,British Columbia,2021A000259,72.9,"Index, 2023=100",2017-01-01,2017-03-31,STATCAN_BCPI_18100289,observed,2017-03-31,TR_STATCAN_BCPI_BC_ON_QC_REFERENCE_CLASSES_1_0_0,
OBS_BCPI_F14636ABD488F1805F12,BCPI_OFFICE_BUILDING_62212_DIVISION_COMPOSITE,PR_59,British Columbia,2021A000259,74.0,"Index, 2023=100",2017-04-01,2017-06-30,STATCAN_BCPI_18100289,observed,2017-06-30,TR_STATCAN_BCPI_BC_ON_QC_REFERENCE_CLASSES_1_0_0,
OBS_BCPI_23E4C9573262BE5FD031,BCPI_OFFICE_BUILDING_62212_DIVISION_COMPOSITE,PR_59,British Columbia,2021A000259,74.7,"Index, 2023=100",2017-07-01,2017-09-30,STATCAN_BCPI_18100289,observed,2017-09-30,TR_STATCAN_BCPI_BC_ON_QC_REFERENCE_CLASSES_1_0_0,
OBS_BCPI_918EB33EBEC244F5E045,BCPI_OFFICE_BUILDING_62212_DIVISION_COMPOSITE,PR_59,British Columbia,2021A000259,75.9,"Index, 2023=100",2017-10-01,2017-12-31,STATCAN_BCPI_18100289,observed,2017-12-31,TR_STATCAN_BCPI_BC_ON_QC_REFERENCE_CLASSES_1_0_0,
OBS_BCPI_E927B7FC49E07F69CB62,BCPI_OFFICE_BUILDING_62212_DIVISION_COMPOSITE,PR_59,British Columbia,2021A000259,76.8,"Index, 2023=100",2018-01-01,2018-03-31,STATCAN_BCPI_18100289,observed,2018-03-31,TR_STATCAN_BCPI_BC_ON_QC_REFERENCE_CLASSES_1_0_0,
OBS_BCPI_29A40446E2BD0C77C946,BCPI_OFFICE_BUILDING_62212_DIVISION_COMPOSITE,PR_59,British Columbia,2021A000259,78.1,"Index, 2023=100",2018-04-01,2018-06-30,STATCAN_BCPI_18100289,observed,2018-06-30,TR_STATCAN_BCPI_BC_ON_QC_REFERENCE_CLASSES_1_0_0,
OBS_BCPI_B340A55F760A542F4001,BCPI_OFFICE_BUILDING_62212_DIVISION_COMPOSITE,PR_59,British Columbia,2021A000259,79.7,"Index, 2023=100",2018-07-01,2018-09-30,STATCAN_BCPI_18100289,observed,2018-09-30,TR_STATCAN_BCPI_BC_ON_QC_REFERENCE_CLASSES_1_0_0,
OBS_BCPI_C86203E57524C2C2C1C0,BCPI_OFFICE_BUILDING_62212_DIVISION_COMPOSITE,PR_59,British Columbia,2021A000259,80.5,"Index, 2023=100",2018-10-01,2018-12-31,STATCAN_BCPI_18100289,observed,2018-12-31,TR_STATCAN_BCPI_BC_ON_QC_REFERENCE_CLASSES_1_0_0,
OBS_BCPI_7991AFE9648B7278CD81,BCPI_OFFICE_BUILDING_62212_DIVISION_COMPOSITE,PR_59,British Columbia,2021A000259,81.5,"Index, 2023=100",2019-01-01,2019-03-31,STATCAN_BCPI_18100289,observed,2019-03-31,TR_STATCAN_BCPI_BC_ON_QC_REFERENCE_CLASSES_1_0_0,
OBS_BCPI_87EC4E917B582371BBEC,BCPI_OFFICE_BUILDING_62212_DIVISION_COMPOSITE,PR_59,British Columbia,2021A000259,81.7,"Index, 2023=100",2019-04-01,2019-06-30,STATCAN_BCPI_18100289,observed,2019-06-30,TR_STATCAN_BCPI_BC_ON_QC_REFERENCE_CLASSES_1_0_0,
OBS_BCPI_5E9CDBE8BEEFA6F3579D,BCPI_OFFICE_BUILDING_62212_DIVISION_COMPOSITE,PR_59,British Columbia,2021A000259,81.9,"Index, 2023=100",2019-07-01,2019-09-30,STATCAN_BCPI_18100289,observed,2019-09-30,TR_STATCAN_BCPI_BC_ON_QC_REFERENCE_CLASSES_1_0_0,
OBS_BCPI_2CA300BD53D34EDCDE7B,BCPI_OFFICE_BUILDING_62212_DIVISION_COMPOSITE,PR_59,British Columbia,2021A000259,82.1,"Index, 2023=100",2019-10-01,2019-12-31,STATCAN_BCPI_18100289,observed,2019-12-31,TR_STATCAN_BCPI_BC_ON_QC_REFERENCE_CLASSES_1_0_0,
OBS_BCPI_64B59111D1D727359FD6,BCPI_OFFICE_BUILDING_62212_DIVISION_COMPOSITE,PR_59,British Columbia,2021A000259,82.4,"Index, 2023=100",2020-01-01,2020-03-31,STATCAN_BCPI_18100289,observed,2020-03-31,TR_STATCAN_BCPI_BC_ON_QC_REFERENCE_CLASSES_1_0_0,
OBS_BCPI_50067CE1AD83ED477584,BCPI_OFFICE_BUILDING_62212_DIVISION_COMPOSITE,PR_59,British Columbia,2021A000259,82.3,"Index, 2023=100",2020-04-01,2020-06-30,STATCAN_BCPI_18100289,observed,2020-06-30,TR_STATCAN_BCPI_BC_ON_QC_REFERENCE_CLASSES_1_0_0,
OBS_BCPI_B1903DD0D1759B02F66E,BCPI_OFFICE_BUILDING_62212_DIVISION_COMPOSITE,PR_59,British Columbia,2021A000259,82.4,"Index, 2023=100",2020-07-01,2020-09-30,STATCAN_BCPI_18100289,observed,2020-09-30,TR_STATCAN_BCPI_BC_ON_QC_REFERENCE_CLASSES_1_0_0,
OBS_BCPI_70AE77B2D5B43E7CC9E4,BCPI_OFFICE_BUILDING_62212_DIVISION_COMPOSITE,PR_59,British Columbia,2021A000259,82.2,"Index, 2023=100",2020-10-01,2020-12-31,STATCAN_BCPI_18100289,observed,2020-12-31,TR_STATCAN_BCPI_BC_ON_QC_REFERENCE_CLASSES_1_0_0,
OBS_BCPI_1F88016561B039A1FAE1,BCPI_OFFICE_BUILDING_62212_DIVISION_COMPOSITE,PR_59,British Columbia,2021A000259,82.6,"Index, 2023=100",2021-01-01,2021-03-31,STATCAN_BCPI_18100289,observed,2021-03-31,TR_STATCAN_BCPI_BC_ON_QC_REFERENCE_CLASSES_1_0_0,
OBS_BCPI_7606E97C6E150060124C,BCPI_OFFICE_BUILDING_62212_DIVISION_COMPOSITE,PR_59,British Columbia,2021A000259,84.6,"Index, 2023=100",2021-04-01,2021-06-30,STATCAN_BCPI_18100289,observed,2021-06-30,TR_STATCAN_BCPI_BC_ON_QC_REFERENCE_CLASSES_1_0_0,
OBS_BCPI_2514CC307E3AC6F10AEA,BCPI_OFFICE_BUILDING_62212_DIVISION_COMPOSITE,PR_59,British Columbia,2021A000259,86.1,"Index, 2023=100",2021-07-01,2021-09-30,STATCAN_BCPI_18100289,observed,2021-09-30,TR_STATCAN_BCPI_BC_ON_QC_REFERENCE_CLASSES_1_0_0,
OBS_BCPI_B39EBF711A4ECFA2468D,BCPI_OFFICE_BUILDING_62212_DIVISION_COMPOSITE,PR_59,British Columbia,2021A000259,87.7,"Index, 2023=100",2021-10-01,2021-12-31,STATCAN_BCPI_18100289,observed,2021-12-31,TR_STATCAN_BCPI_BC_ON_QC_REFERENCE_CLASSES_1_0_0,
OBS_BCPI_7733DFFADEDB8882677C,BCPI_OFFICE_BUILDING_62212_DIVISION_COMPOSITE,PR_59,British Columbia,2021A000259,89.6,"Index, 2023=100",2022-01-01,2022-03-31,STATCAN_BCPI_18100289,observed,2022-03-31,TR_STATCAN_BCPI_BC_ON_QC_REFERENCE_CLASSES_1_0_0,
OBS_BCPI_47E33561FAA3BD0BABDE,BCPI_OFFICE_BUILDING_62212_DIVISION_COMPOSITE,PR_59,British Columbia,2021A000259,92.1,"Index, 2023=100",2022-04-01,2022-06-30,STATCAN_BCPI_18100289,observed,2022-06-30,TR_STATCAN_BCPI_BC_ON_QC_REFERENCE_CLASSES_1_0_0,
OBS_BCPI_05D2EB76CEE0198FD1D1,BCPI_OFFICE_BUILDING_62212_DIVISION_COMPOSITE,PR_59,British Columbia,2021A000259,93.7,"Index, 2023=100",2022-07-01,2022-09-30,STATCAN_BCPI_18100289,observed,2022-09-30,TR_STATCAN_BCPI_BC_ON_QC_REFERENCE_CLASSES_1_0_0,
OBS_BCPI_9957D7EBB1B0F50EA0F3,BCPI_OFFICE_BUILDING_62212_DIVISION_COMPOSITE,PR_59,British Columbia,2021A000259,95.0,"Index, 2023=100",2022-10-01,2022-12-31,STATCAN_BCPI_18100289,observed,2022-12-31,TR_STATCAN_BCPI_BC_ON_QC_REFERENCE_CLASSES_1_0_0,
OBS_BCPI_D16B29E0473006577514,BCPI_OFFICE_BUILDING_62212_DIVISION_COMPOSITE,PR_59,British Columbia,2021A000259,96.9,"Index, 2023=100",2023-01-01,2023-03-31,STATCAN_BCPI_18100289,observed,2023-03-31,TR_STATCAN_BCPI_BC_ON_QC_REFERENCE_CLASSES_1_0_0,
OBS_BCPI_1160AE31595719110A3F,BCPI_OFFICE_BUILDING_62212_DIVISION_COMPOSITE,PR_59,British Columbia,2021A000259,99.4,"Index, 2023=100",2023-04-01,2023-06-30,STATCAN_BCPI_18100289,observed,2023-06-30,TR_STATCAN_BCPI_BC_ON_QC_REFERENCE_CLASSES_1_0_0,
OBS_BCPI_9620DCDF19C1F711A2FE,BCPI_OFFICE_BUILDING_62212_DIVISION_COMPOSITE,PR_59,British Columbia,2021A000259,100.8,"Index, 2023=100",2023-07-01,2023-09-30,STATCAN_BCPI_18100289,observed,2023-09-30,TR_STATCAN_BCPI_BC_ON_QC_REFERENCE_CLASSES_1_0_0,
OBS_BCPI_2BB4E7FDA763A519EDFA,BCPI_OFFICE_BUILDING_62212_DIVISION_COMPOSITE,PR_59,British Columbia,2021A000259,102.9,"Index, 2023=100",2023-10-01,2023-12-31,STATCAN_BCPI_18100289,observed,2023-12-31,TR_STATCAN_BCPI_BC_ON_QC_REFERENCE_CLASSES_1_0_0,
OBS_BCPI_B4409B6B02B6B8162BC5,BCPI_OFFICE_BUILDING_62212_DIVISION_COMPOSITE,PR_59,British Columbia,2021A000259,103.7,"Index, 2023=100",2024-01-01,2024-03-31,STATCAN_BCPI_18100289,observed,2024-03-31,TR_STATCAN_BCPI_BC_ON_QC_REFERENCE_CLASSES_1_0_0,
OBS_BCPI_724226E3E5F4F21F9980,BCPI_OFFICE_BUILDING_62212_DIVISION_COMPOSITE,PR_59,British Columbia,2021A000259,105.3,"Index, 2023=100",2024-04-01,2024-06-30,STATCAN_BCPI_18100289,observed,2024-06-30,TR_STATCAN_BCPI_BC_ON_QC_REFERENCE_CLASSES_1_0_0,
OBS_BCPI_3232312498295AAD9ECD,BCPI_OFFICE_BUILDING_62212_DIVISION_COMPOSITE,PR_59,British Columbia,2021A000259,106.5,"Index, 2023=100",2024-07-01,2024-09-30,STATCAN_BCPI_18100289,observed,2024-09-30,TR_STATCAN_BCPI_BC_ON_QC_REFERENCE_CLASSES_1_0_0,
OBS_BCPI_788015153EBDD668B437,BCPI_OFFICE_BUILDING_62212_DIVISION_COMPOSITE,PR_59,British Columbia,2021A000259,106.9,"Index, 2023=100",2024-10-01,2024-12-31,STATCAN_BCPI_18100289,observed,2024-12-31,TR_STATCAN_BCPI_BC_ON_QC_REFERENCE_CLASSES_1_0_0,
OBS_BCPI_95C7885C791133A22637,BCPI_OFFICE_BUILDING_62212_DIVISION_COMPOSITE,PR_59,British Columbia,2021A000259,108.4,"Index, 2023=100",2025-01-01,2025-03-31,STATCAN_BCPI_18100289,observed,2025-03-31,TR_STATCAN_BCPI_BC_ON_QC_REFERENCE_CLASSES_1_0_0,
OBS_BCPI_02258376B09BB6796F8C,BCPI_OFFICE_BUILDING_62212_DIVISION_COMPOSITE,PR_59,British Columbia,2021A000259,109.5,"Index, 2023=100",2025-04-01,2025-06-30,STATCAN_BCPI_18100289,observed,2025-06-30,TR_STATCAN_BCPI_BC_ON_QC_REFERENCE_CLASSES_1_0_0,
OBS_BCPI_1CBE884A4593BFDBD5F2,BCPI_OFFICE_BUILDING_62212_DIVISION_COMPOSITE,PR_59,British Columbia,2021A000259,109.4,"Index, 2023=100",2025-07-01,2025-09-30,STATCAN_BCPI_18100289,observed,2025-09-30,TR_STATCAN_BCPI_BC_ON_QC_REFERENCE_CLASSES_1_0_0,
OBS_BCPI_2190D3A1C6D369808016,BCPI_OFFICE_BUILDING_62212_DIVISION_COMPOSITE,PR_59,British Columbia,2021A000259,109.4,"Index, 2023=100",2025-10-01,2025-12-31,STATCAN_BCPI_18100289,observed,2025-12-31,TR_STATCAN_BCPI_BC_ON_QC_REFERENCE_CLASSES_1_0_0,
OBS_BCPI_1E132932849016D881EB,BCPI_OFFICE_BUILDING_62212_DIVISION_COMPOSITE,PR_59,British Columbia,2021A000259,109.8,"Index, 2023=100",2026-01-01,2026-03-31,STATCAN_BCPI_18100289,observed,2026-03-31,TR_STATCAN_BCPI_BC_ON_QC_REFERENCE_CLASSES_1_0_0,
OBS_BCPI_107A699F7E752C88009D,BCPI_OFFICE_BUILDING_62212_DIVISION_COMPOSITE,PR_59,British Columbia,2021A000259,109.8,"Index, 2023=100",2026-04-01,2026-06-30,STATCAN_BCPI_18100289,observed,2026-06-30,TR_STATCAN_BCPI_BC_ON_QC_REFERENCE_CLASSES_1_0_0,
OBS_BCPI_22A232E37AAE6FC49FEA,BCPI_SCHOOL_DIVISION_COMPOSITE,PR_59,British Columbia,2021A000259,75.4,"Index, 2023=100",2017-01-01,2017-03-31,STATCAN_BCPI_18100289,observed,2017-03-31,TR_STATCAN_BCPI_BC_ON_QC_REFERENCE_CLASSES_1_0_0,
OBS_BCPI_5FB8A0143B175CF48D12,BCPI_SCHOOL_DIVISION_COMPOSITE,PR_59,British Columbia,2021A000259,76.3,"Index, 2023=100",2017-04-01,2017-06-30,STATCAN_BCPI_18100289,observed,2017-06-30,TR_STATCAN_BCPI_BC_ON_QC_REFERENCE_CLASSES_1_0_0,
OBS_BCPI_935BC0386E2A3C4C600B,BCPI_SCHOOL_DIVISION_COMPOSITE,PR_59,British Columbia,2021A000259,77.0,"Index, 2023=100",2017-07-01,2017-09-30,STATCAN_BCPI_18100289,observed,2017-09-30,TR_STATCAN_BCPI_BC_ON_QC_REFERENCE_CLASSES_1_0_0,
OBS_BCPI_075462ADC5E420B7839F,BCPI_SCHOOL_DIVISION_COMPOSITE,PR_59,British Columbia,2021A000259,78.0,"Index, 2023=100",2017-10-01,2017-12-31,STATCAN_BCPI_18100289,observed,2017-12-31,TR_STATCAN_BCPI_BC_ON_QC_REFERENCE_CLASSES_1_0_0,
OBS_BCPI_D18A78DD7887E71A81E2,BCPI_SCHOOL_DIVISION_COMPOSITE,PR_59,British Columbia,2021A000259,78.8,"Index, 2023=100",2018-01-01,2018-03-31,STATCAN_BCPI_18100289,observed,2018-03-31,TR_STATCAN_BCPI_BC_ON_QC_REFERENCE_CLASSES_1_0_0,
OBS_BCPI_F31800801198B1170A82,BCPI_SCHOOL_DIVISION_COMPOSITE,PR_59,British Columbia,2021A000259,79.7,"Index, 2023=100",2018-04-01,2018-06-30,STATCAN_BCPI_18100289,observed,2018-06-30,TR_STATCAN_BCPI_BC_ON_QC_REFERENCE_CLASSES_1_0_0,
OBS_BCPI_00BCAEF9332BDC2F0779,BCPI_SCHOOL_DIVISION_COMPOSITE,PR_59,British Columbia,2021A000259,81.3,"Index, 2023=100",2018-07-01,2018-09-30,STATCAN_BCPI_18100289,observed,2018-09-30,TR_STATCAN_BCPI_BC_ON_QC_REFERENCE_CLASSES_1_0_0,
OBS_BCPI_E5CA664DD1FF4C07E4B5,BCPI_SCHOOL_DIVISION_COMPOSITE,PR_59,British Columbia,2021A000259,82.1,"Index, 2023=100",2018-10-01,2018-12-31,STATCAN_BCPI_18100289,observed,2018-12-31,TR_STATCAN_BCPI_BC_ON_QC_REFERENCE_CLASSES_1_0_0,
OBS_BCPI_E0C13CE75BBDDAE5D18B,BCPI_SCHOOL_DIVISION_COMPOSITE,PR_59,British Columbia,2021A000259,83.0,"Index, 2023=100",2019-01-01,2019-03-31,STATCAN_BCPI_18100289,observed,2019-03-31,TR_STATCAN_BCPI_BC_ON_QC_REFERENCE_CLASSES_1_0_0,
OBS_BCPI_4C6C9BFCB8D4D3A43741,BCPI_SCHOOL_DIVISION_COMPOSITE,PR_59,British Columbia,2021A000259,83.1,"Index, 2023=100",2019-04-01,2019-06-30,STATCAN_BCPI_18100289,observed,2019-06-30,TR_STATCAN_BCPI_BC_ON_QC_REFERENCE_CLASSES_1_0_0,
OBS_BCPI_3C72D37B0DE1BE7B5E08,BCPI_SCHOOL_DIVISION_COMPOSITE,PR_59,British Columbia,2021A000259,83.2,"Index, 2023=100",2019-07-01,2019-09-30,STATCAN_BCPI_18100289,observed,2019-09-30,TR_STATCAN_BCPI_BC_ON_QC_REFERENCE_CLASSES_1_0_0,
OBS_BCPI_6DE6CF50EA0E406BC8F1,BCPI_SCHOOL_DIVISION_COMPOSITE,PR_59,British Columbia,2021A000259,83.4,"Index, 2023=100",2019-10-01,2019-12-31,STATCAN_BCPI_18100289,observed,2019-12-31,TR_STATCAN_BCPI_BC_ON_QC_REFERENCE_CLASSES_1_0_0,
OBS_BCPI_EF97C9A0F57351C20AE9,BCPI_SCHOOL_DIVISION_COMPOSITE,PR_59,British Columbia,2021A000259,83.6,"Index, 2023=100",2020-01-01,2020-03-31,STATCAN_BCPI_18100289,observed,2020-03-31,TR_STATCAN_BCPI_BC_ON_QC_REFERENCE_CLASSES_1_0_0,
OBS_BCPI_75DECB0646162EEDA00D,BCPI_SCHOOL_DIVISION_COMPOSITE,PR_59,British Columbia,2021A000259,83.6,"Index, 2023=100",2020-04-01,2020-06-30,STATCAN_BCPI_18100289,observed,2020-06-30,TR_STATCAN_BCPI_BC_ON_QC_REFERENCE_CLASSES_1_0_0,
OBS_BCPI_16D41CE15C8AE67166CA,BCPI_SCHOOL_DIVISION_COMPOSITE,PR_59,British Columbia,2021A000259,83.7,"Index, 2023=100",2020-07-01,2020-09-30,STATCAN_BCPI_18100289,observed,2020-09-30,TR_STATCAN_BCPI_BC_ON_QC_REFERENCE_CLASSES_1_0_0,
OBS_BCPI_76E14925FBF7835F7EE0,BCPI_SCHOOL_DIVISION_COMPOSITE,PR_59,British Columbia,2021A000259,83.4,"Index, 2023=100",2020-10-01,2020-12-31,STATCAN_BCPI_18100289,observed,2020-12-31,TR_STATCAN_BCPI_BC_ON_QC_REFERENCE_CLASSES_1_0_0,
OBS_BCPI_FE3552E01BA39A8F3029,BCPI_SCHOOL_DIVISION_COMPOSITE,PR_59,British Columbia,2021A000259,83.9,"Index, 2023=100",2021-01-01,2021-03-31,STATCAN_BCPI_18100289,observed,2021-03-31,TR_STATCAN_BCPI_BC_ON_QC_REFERENCE_CLASSES_1_0_0,
OBS_BCPI_AA90752E291F4E140998,BCPI_SCHOOL_DIVISION_COMPOSITE,PR_59,British Columbia,2021A000259,85.7,"Index, 2023=100",2021-04-01,2021-06-30,STATCAN_BCPI_18100289,observed,2021-06-30,TR_STATCAN_BCPI_BC_ON_QC_REFERENCE_CLASSES_1_0_0,
OBS_BCPI_647B53E9FA5646644CF7,BCPI_SCHOOL_DIVISION_COMPOSITE,PR_59,British Columbia,2021A000259,87.2,"Index, 2023=100",2021-07-01,2021-09-30,STATCAN_BCPI_18100289,observed,2021-09-30,TR_STATCAN_BCPI_BC_ON_QC_REFERENCE_CLASSES_1_0_0,
OBS_BCPI_3E89001EE0A0194E3ACE,BCPI_SCHOOL_DIVISION_COMPOSITE,PR_59,British Columbia,2021A000259,88.7,"Index, 2023=100",2021-10-01,2021-12-31,STATCAN_BCPI_18100289,observed,2021-12-31,TR_STATCAN_BCPI_BC_ON_QC_REFERENCE_CLASSES_1_0_0,
OBS_BCPI_2669AEC3F2AB402576A5,BCPI_SCHOOL_DIVISION_COMPOSITE,PR_59,British Columbia,2021A000259,90.5,"Index, 2023=100",2022-01-01,2022-03-31,STATCAN_BCPI_18100289,observed,2022-03-31,TR_STATCAN_BCPI_BC_ON_QC_REFERENCE_CLASSES_1_0_0,
OBS_BCPI_83EAA13FCFD929EEF6DA,BCPI_SCHOOL_DIVISION_COMPOSITE,PR_59,British Columbia,2021A000259,92.8,"Index, 2023=100",2022-04-01,2022-06-30,STATCAN_BCPI_18100289,observed,2022-06-30,TR_STATCAN_BCPI_BC_ON_QC_REFERENCE_CLASSES_1_0_0,
OBS_BCPI_A1F60AAAE5DFCE44EE67,BCPI_SCHOOL_DIVISION_COMPOSITE,PR_59,British Columbia,2021A000259,94.3,"Index, 2023=100",2022-07-01,2022-09-30,STATCAN_BCPI_18100289,observed,2022-09-30,TR_STATCAN_BCPI_BC_ON_QC_REFERENCE_CLASSES_1_0_0,
OBS_BCPI_E07D56D74FF9E553B284,BCPI_SCHOOL_DIVISION_COMPOSITE,PR_59,British Columbia,2021A000259,95.4,"Index, 2023=100",2022-10-01,2022-12-31,STATCAN_BCPI_18100289,observed,2022-12-31,TR_STATCAN_BCPI_BC_ON_QC_REFERENCE_CLASSES_1_0_0,
OBS_BCPI_A8ACEBD232F7B6422BDB,BCPI_SCHOOL_DIVISION_COMPOSITE,PR_59,British Columbia,2021A000259,97.4,"Index, 2023=100",2023-01-01,2023-03-31,STATCAN_BCPI_18100289,observed,2023-03-31,TR_STATCAN_BCPI_BC_ON_QC_REFERENCE_CLASSES_1_0_0,
OBS_BCPI_609A0059E5827C865DB3,BCPI_SCHOOL_DIVISION_COMPOSITE,PR_59,British Columbia,2021A000259,99.3,"Index, 2023=100",2023-04-01,2023-06-30,STATCAN_BCPI_18100289,observed,2023-06-30,TR_STATCAN_BCPI_BC_ON_QC_REFERENCE_CLASSES_1_0_0,
OBS_BCPI_3490E1297676EF22D358,BCPI_SCHOOL_DIVISION_COMPOSITE,PR_59,British Columbia,2021A000259,100.6,"Index, 2023=100",2023-07-01,2023-09-30,STATCAN_BCPI_18100289,observed,2023-09-30,TR_STATCAN_BCPI_BC_ON_QC_REFERENCE_CLASSES_1_0_0,
OBS_BCPI_40AA1CE191B8C7DD2FEB,BCPI_SCHOOL_DIVISION_COMPOSITE,PR_59,British Columbia,2021A000259,102.7,"Index, 2023=100",2023-10-01,2023-12-31,STATCAN_BCPI_18100289,observed,2023-12-31,TR_STATCAN_BCPI_BC_ON_QC_REFERENCE_CLASSES_1_0_0,
OBS_BCPI_975D2B44D4FCBEA676AE,BCPI_SCHOOL_DIVISION_COMPOSITE,PR_59,British Columbia,2021A000259,103.8,"Index, 2023=100",2024-01-01,2024-03-31,STATCAN_BCPI_18100289,observed,2024-03-31,TR_STATCAN_BCPI_BC_ON_QC_REFERENCE_CLASSES_1_0_0,
OBS_BCPI_B261B9E6B98588AB9A78,BCPI_SCHOOL_DIVISION_COMPOSITE,PR_59,British Columbia,2021A000259,105.5,"Index, 2023=100",2024-04-01,2024-06-30,STATCAN_BCPI_18100289,observed,2024-06-30,TR_STATCAN_BCPI_BC_ON_QC_REFERENCE_CLASSES_1_0_0,
OBS_BCPI_5AD88F1D4E930A88ABFA,BCPI_SCHOOL_DIVISION_COMPOSITE,PR_59,British Columbia,2021A000259,106.2,"Index, 2023=100",2024-07-01,2024-09-30,STATCAN_BCPI_18100289,observed,2024-09-30,TR_STATCAN_BCPI_BC_ON_QC_REFERENCE_CLASSES_1_0_0,
OBS_BCPI_352C53DB950ACF29B1DF,BCPI_SCHOOL_DIVISION_COMPOSITE,PR_59,British Columbia,2021A000259,106.8,"Index, 2023=100",2024-10-01,2024-12-31,STATCAN_BCPI_18100289,observed,2024-12-31,TR_STATCAN_BCPI_BC_ON_QC_REFERENCE_CLASSES_1_0_0,
OBS_BCPI_BC20FF2F3ACE5EF065E1,BCPI_SCHOOL_DIVISION_COMPOSITE,PR_59,British Columbia,2021A000259,107.9,"Index, 2023=100",2025-01-01,2025-03-31,STATCAN_BCPI_18100289,observed,2025-03-31,TR_STATCAN_BCPI_BC_ON_QC_REFERENCE_CLASSES_1_0_0,
OBS_BCPI_7E0BA8B3F0EB176912A1,BCPI_SCHOOL_DIVISION_COMPOSITE,PR_59,British Columbia,2021A000259,109.2,"Index, 2023=100",2025-04-01,2025-06-30,STATCAN_BCPI_18100289,observed,2025-06-30,TR_STATCAN_BCPI_BC_ON_QC_REFERENCE_CLASSES_1_0_0,
OBS_BCPI_F7BF48B7091CEC098336,BCPI_SCHOOL_DIVISION_COMPOSITE,PR_59,British Columbia,2021A000259,109.2,"Index, 2023=100",2025-07-01,2025-09-30,STATCAN_BCPI_18100289,observed,2025-09-30,TR_STATCAN_BCPI_BC_ON_QC_REFERENCE_CLASSES_1_0_0,
OBS_BCPI_42A7F92936915ED3F276,BCPI_SCHOOL_DIVISION_COMPOSITE,PR_59,British Columbia,2021A000259,108.7,"Index, 2023=100",2025-10-01,2025-12-31,STATCAN_BCPI_18100289,observed,2025-12-31,TR_STATCAN_BCPI_BC_ON_QC_REFERENCE_CLASSES_1_0_0,
OBS_BCPI_975E35717548DE41B6D9,BCPI_SCHOOL_DIVISION_COMPOSITE,PR_59,British Columbia,2021A000259,109.2,"Index, 2023=100",2026-01-01,2026-03-31,STATCAN_BCPI_18100289,observed,2026-03-31,TR_STATCAN_BCPI_BC_ON_QC_REFERENCE_CLASSES_1_0_0,
OBS_BCPI_A74EA9DB4F258C2DC1F2,BCPI_SCHOOL_DIVISION_COMPOSITE,PR_59,British Columbia,2021A000259,109.4,"Index, 2023=100",2026-04-01,2026-06-30,STATCAN_BCPI_18100289,observed,2026-06-30,TR_STATCAN_BCPI_BC_ON_QC_REFERENCE_CLASSES_1_0_0,
