observation_id,indicator_id,geography_id,geography_label,statcan_dguid,value,unit,period_start,period_end,source_id,evidence_status,as_of_date,transformation_id,quality_flags
OBS_BCPI_B34454F54630A7BFF4AB,BCPI_BUS_DEPOT_WITH_MAINTENANCE_AND_REPAIR_FACILITIES_DIVISION_COMPOSITE,PR_24,Quebec,2021A000224,68.4,"Index, 2023=100",2017-01-01,2017-03-31,STATCAN_BCPI_18100289,observed,2017-03-31,TR_STATCAN_BCPI_BC_ON_QC_REFERENCE_CLASSES_1_0_0,
OBS_BCPI_9440513C9F5B2ACDC087,BCPI_BUS_DEPOT_WITH_MAINTENANCE_AND_REPAIR_FACILITIES_DIVISION_COMPOSITE,PR_24,Quebec,2021A000224,69.1,"Index, 2023=100",2017-04-01,2017-06-30,STATCAN_BCPI_18100289,observed,2017-06-30,TR_STATCAN_BCPI_BC_ON_QC_REFERENCE_CLASSES_1_0_0,
OBS_BCPI_3DA90EC562A27C301A88,BCPI_BUS_DEPOT_WITH_MAINTENANCE_AND_REPAIR_FACILITIES_DIVISION_COMPOSITE,PR_24,Quebec,2021A000224,69.2,"Index, 2023=100",2017-07-01,2017-09-30,STATCAN_BCPI_18100289,observed,2017-09-30,TR_STATCAN_BCPI_BC_ON_QC_REFERENCE_CLASSES_1_0_0,
OBS_BCPI_B2737BAE9C95B9219BF3,BCPI_BUS_DEPOT_WITH_MAINTENANCE_AND_REPAIR_FACILITIES_DIVISION_COMPOSITE,PR_24,Quebec,2021A000224,69.8,"Index, 2023=100",2017-10-01,2017-12-31,STATCAN_BCPI_18100289,observed,2017-12-31,TR_STATCAN_BCPI_BC_ON_QC_REFERENCE_CLASSES_1_0_0,
OBS_BCPI_8671F515C0E3C247F046,BCPI_BUS_DEPOT_WITH_MAINTENANCE_AND_REPAIR_FACILITIES_DIVISION_COMPOSITE,PR_24,Quebec,2021A000224,70.4,"Index, 2023=100",2018-01-01,2018-03-31,STATCAN_BCPI_18100289,observed,2018-03-31,TR_STATCAN_BCPI_BC_ON_QC_REFERENCE_CLASSES_1_0_0,
OBS_BCPI_9FBB862C22BB35B374EF,BCPI_BUS_DEPOT_WITH_MAINTENANCE_AND_REPAIR_FACILITIES_DIVISION_COMPOSITE,PR_24,Quebec,2021A000224,71.4,"Index, 2023=100",2018-04-01,2018-06-30,STATCAN_BCPI_18100289,observed,2018-06-30,TR_STATCAN_BCPI_BC_ON_QC_REFERENCE_CLASSES_1_0_0,
OBS_BCPI_DD98FFC83F7F6151EE94,BCPI_BUS_DEPOT_WITH_MAINTENANCE_AND_REPAIR_FACILITIES_DIVISION_COMPOSITE,PR_24,Quebec,2021A000224,72.8,"Index, 2023=100",2018-07-01,2018-09-30,STATCAN_BCPI_18100289,observed,2018-09-30,TR_STATCAN_BCPI_BC_ON_QC_REFERENCE_CLASSES_1_0_0,
OBS_BCPI_EB97DC782931D3D5E5AB,BCPI_BUS_DEPOT_WITH_MAINTENANCE_AND_REPAIR_FACILITIES_DIVISION_COMPOSITE,PR_24,Quebec,2021A000224,73.7,"Index, 2023=100",2018-10-01,2018-12-31,STATCAN_BCPI_18100289,observed,2018-12-31,TR_STATCAN_BCPI_BC_ON_QC_REFERENCE_CLASSES_1_0_0,
OBS_BCPI_BD0CAFC153C0257B3C0E,BCPI_BUS_DEPOT_WITH_MAINTENANCE_AND_REPAIR_FACILITIES_DIVISION_COMPOSITE,PR_24,Quebec,2021A000224,74.3,"Index, 2023=100",2019-01-01,2019-03-31,STATCAN_BCPI_18100289,observed,2019-03-31,TR_STATCAN_BCPI_BC_ON_QC_REFERENCE_CLASSES_1_0_0,
OBS_BCPI_2A5D74C391D41BD1E41A,BCPI_BUS_DEPOT_WITH_MAINTENANCE_AND_REPAIR_FACILITIES_DIVISION_COMPOSITE,PR_24,Quebec,2021A000224,75.1,"Index, 2023=100",2019-04-01,2019-06-30,STATCAN_BCPI_18100289,observed,2019-06-30,TR_STATCAN_BCPI_BC_ON_QC_REFERENCE_CLASSES_1_0_0,
OBS_BCPI_833CBD91E135EB2C86F9,BCPI_BUS_DEPOT_WITH_MAINTENANCE_AND_REPAIR_FACILITIES_DIVISION_COMPOSITE,PR_24,Quebec,2021A000224,75.6,"Index, 2023=100",2019-07-01,2019-09-30,STATCAN_BCPI_18100289,observed,2019-09-30,TR_STATCAN_BCPI_BC_ON_QC_REFERENCE_CLASSES_1_0_0,
OBS_BCPI_05C7F4618F607F7DE1C2,BCPI_BUS_DEPOT_WITH_MAINTENANCE_AND_REPAIR_FACILITIES_DIVISION_COMPOSITE,PR_24,Quebec,2021A000224,76.3,"Index, 2023=100",2019-10-01,2019-12-31,STATCAN_BCPI_18100289,observed,2019-12-31,TR_STATCAN_BCPI_BC_ON_QC_REFERENCE_CLASSES_1_0_0,
OBS_BCPI_E7ADD172F067678F1A7E,BCPI_BUS_DEPOT_WITH_MAINTENANCE_AND_REPAIR_FACILITIES_DIVISION_COMPOSITE,PR_24,Quebec,2021A000224,76.6,"Index, 2023=100",2020-01-01,2020-03-31,STATCAN_BCPI_18100289,observed,2020-03-31,TR_STATCAN_BCPI_BC_ON_QC_REFERENCE_CLASSES_1_0_0,
OBS_BCPI_2176E51B592C08C59447,BCPI_BUS_DEPOT_WITH_MAINTENANCE_AND_REPAIR_FACILITIES_DIVISION_COMPOSITE,PR_24,Quebec,2021A000224,77.1,"Index, 2023=100",2020-04-01,2020-06-30,STATCAN_BCPI_18100289,observed,2020-06-30,TR_STATCAN_BCPI_BC_ON_QC_REFERENCE_CLASSES_1_0_0,
OBS_BCPI_52F26392351F1515FA64,BCPI_BUS_DEPOT_WITH_MAINTENANCE_AND_REPAIR_FACILITIES_DIVISION_COMPOSITE,PR_24,Quebec,2021A000224,78.1,"Index, 2023=100",2020-07-01,2020-09-30,STATCAN_BCPI_18100289,observed,2020-09-30,TR_STATCAN_BCPI_BC_ON_QC_REFERENCE_CLASSES_1_0_0,
OBS_BCPI_6A14FA692F2B1953C154,BCPI_BUS_DEPOT_WITH_MAINTENANCE_AND_REPAIR_FACILITIES_DIVISION_COMPOSITE,PR_24,Quebec,2021A000224,77.9,"Index, 2023=100",2020-10-01,2020-12-31,STATCAN_BCPI_18100289,observed,2020-12-31,TR_STATCAN_BCPI_BC_ON_QC_REFERENCE_CLASSES_1_0_0,
OBS_BCPI_BCE1D62B76FAC577FC04,BCPI_BUS_DEPOT_WITH_MAINTENANCE_AND_REPAIR_FACILITIES_DIVISION_COMPOSITE,PR_24,Quebec,2021A000224,79.6,"Index, 2023=100",2021-01-01,2021-03-31,STATCAN_BCPI_18100289,observed,2021-03-31,TR_STATCAN_BCPI_BC_ON_QC_REFERENCE_CLASSES_1_0_0,
OBS_BCPI_81EAD0AD80DF2C7B06B6,BCPI_BUS_DEPOT_WITH_MAINTENANCE_AND_REPAIR_FACILITIES_DIVISION_COMPOSITE,PR_24,Quebec,2021A000224,83.0,"Index, 2023=100",2021-04-01,2021-06-30,STATCAN_BCPI_18100289,observed,2021-06-30,TR_STATCAN_BCPI_BC_ON_QC_REFERENCE_CLASSES_1_0_0,
OBS_BCPI_6FABB6C1EF4E2D50AE4E,BCPI_BUS_DEPOT_WITH_MAINTENANCE_AND_REPAIR_FACILITIES_DIVISION_COMPOSITE,PR_24,Quebec,2021A000224,85.2,"Index, 2023=100",2021-07-01,2021-09-30,STATCAN_BCPI_18100289,observed,2021-09-30,TR_STATCAN_BCPI_BC_ON_QC_REFERENCE_CLASSES_1_0_0,
OBS_BCPI_F6FB0C4AF3CED7059FB9,BCPI_BUS_DEPOT_WITH_MAINTENANCE_AND_REPAIR_FACILITIES_DIVISION_COMPOSITE,PR_24,Quebec,2021A000224,87.8,"Index, 2023=100",2021-10-01,2021-12-31,STATCAN_BCPI_18100289,observed,2021-12-31,TR_STATCAN_BCPI_BC_ON_QC_REFERENCE_CLASSES_1_0_0,
OBS_BCPI_2BDDEED5FCBC0B7B7609,BCPI_BUS_DEPOT_WITH_MAINTENANCE_AND_REPAIR_FACILITIES_DIVISION_COMPOSITE,PR_24,Quebec,2021A000224,91.4,"Index, 2023=100",2022-01-01,2022-03-31,STATCAN_BCPI_18100289,observed,2022-03-31,TR_STATCAN_BCPI_BC_ON_QC_REFERENCE_CLASSES_1_0_0,
OBS_BCPI_8246661414B2D9AFDEDD,BCPI_BUS_DEPOT_WITH_MAINTENANCE_AND_REPAIR_FACILITIES_DIVISION_COMPOSITE,PR_24,Quebec,2021A000224,94.9,"Index, 2023=100",2022-04-01,2022-06-30,STATCAN_BCPI_18100289,observed,2022-06-30,TR_STATCAN_BCPI_BC_ON_QC_REFERENCE_CLASSES_1_0_0,
OBS_BCPI_8E7A166EBED869863FC7,BCPI_BUS_DEPOT_WITH_MAINTENANCE_AND_REPAIR_FACILITIES_DIVISION_COMPOSITE,PR_24,Quebec,2021A000224,96.6,"Index, 2023=100",2022-07-01,2022-09-30,STATCAN_BCPI_18100289,observed,2022-09-30,TR_STATCAN_BCPI_BC_ON_QC_REFERENCE_CLASSES_1_0_0,
OBS_BCPI_0103769533911F1602AD,BCPI_BUS_DEPOT_WITH_MAINTENANCE_AND_REPAIR_FACILITIES_DIVISION_COMPOSITE,PR_24,Quebec,2021A000224,97.7,"Index, 2023=100",2022-10-01,2022-12-31,STATCAN_BCPI_18100289,observed,2022-12-31,TR_STATCAN_BCPI_BC_ON_QC_REFERENCE_CLASSES_1_0_0,
OBS_BCPI_F14EFFC3B4860A90AFA4,BCPI_BUS_DEPOT_WITH_MAINTENANCE_AND_REPAIR_FACILITIES_DIVISION_COMPOSITE,PR_24,Quebec,2021A000224,98.9,"Index, 2023=100",2023-01-01,2023-03-31,STATCAN_BCPI_18100289,observed,2023-03-31,TR_STATCAN_BCPI_BC_ON_QC_REFERENCE_CLASSES_1_0_0,
OBS_BCPI_A58593F01E4466892D8D,BCPI_BUS_DEPOT_WITH_MAINTENANCE_AND_REPAIR_FACILITIES_DIVISION_COMPOSITE,PR_24,Quebec,2021A000224,99.9,"Index, 2023=100",2023-04-01,2023-06-30,STATCAN_BCPI_18100289,observed,2023-06-30,TR_STATCAN_BCPI_BC_ON_QC_REFERENCE_CLASSES_1_0_0,
OBS_BCPI_E906850390BE1CE05188,BCPI_BUS_DEPOT_WITH_MAINTENANCE_AND_REPAIR_FACILITIES_DIVISION_COMPOSITE,PR_24,Quebec,2021A000224,100.5,"Index, 2023=100",2023-07-01,2023-09-30,STATCAN_BCPI_18100289,observed,2023-09-30,TR_STATCAN_BCPI_BC_ON_QC_REFERENCE_CLASSES_1_0_0,
OBS_BCPI_87189F6F28A55FC64BEE,BCPI_BUS_DEPOT_WITH_MAINTENANCE_AND_REPAIR_FACILITIES_DIVISION_COMPOSITE,PR_24,Quebec,2021A000224,100.7,"Index, 2023=100",2023-10-01,2023-12-31,STATCAN_BCPI_18100289,observed,2023-12-31,TR_STATCAN_BCPI_BC_ON_QC_REFERENCE_CLASSES_1_0_0,
OBS_BCPI_889555B539BFA4EFD215,BCPI_BUS_DEPOT_WITH_MAINTENANCE_AND_REPAIR_FACILITIES_DIVISION_COMPOSITE,PR_24,Quebec,2021A000224,101.3,"Index, 2023=100",2024-01-01,2024-03-31,STATCAN_BCPI_18100289,observed,2024-03-31,TR_STATCAN_BCPI_BC_ON_QC_REFERENCE_CLASSES_1_0_0,
OBS_BCPI_405CE5B4BCB8A65FC29F,BCPI_BUS_DEPOT_WITH_MAINTENANCE_AND_REPAIR_FACILITIES_DIVISION_COMPOSITE,PR_24,Quebec,2021A000224,102.0,"Index, 2023=100",2024-04-01,2024-06-30,STATCAN_BCPI_18100289,observed,2024-06-30,TR_STATCAN_BCPI_BC_ON_QC_REFERENCE_CLASSES_1_0_0,
OBS_BCPI_989D2EA1130AFBAE584E,BCPI_BUS_DEPOT_WITH_MAINTENANCE_AND_REPAIR_FACILITIES_DIVISION_COMPOSITE,PR_24,Quebec,2021A000224,102.5,"Index, 2023=100",2024-07-01,2024-09-30,STATCAN_BCPI_18100289,observed,2024-09-30,TR_STATCAN_BCPI_BC_ON_QC_REFERENCE_CLASSES_1_0_0,
OBS_BCPI_915F747FCF51C406E123,BCPI_BUS_DEPOT_WITH_MAINTENANCE_AND_REPAIR_FACILITIES_DIVISION_COMPOSITE,PR_24,Quebec,2021A000224,103.3,"Index, 2023=100",2024-10-01,2024-12-31,STATCAN_BCPI_18100289,observed,2024-12-31,TR_STATCAN_BCPI_BC_ON_QC_REFERENCE_CLASSES_1_0_0,
OBS_BCPI_41610085BFDB3E548799,BCPI_BUS_DEPOT_WITH_MAINTENANCE_AND_REPAIR_FACILITIES_DIVISION_COMPOSITE,PR_24,Quebec,2021A000224,104.1,"Index, 2023=100",2025-01-01,2025-03-31,STATCAN_BCPI_18100289,observed,2025-03-31,TR_STATCAN_BCPI_BC_ON_QC_REFERENCE_CLASSES_1_0_0,
OBS_BCPI_7EBE5BDA6CBCCDB04398,BCPI_BUS_DEPOT_WITH_MAINTENANCE_AND_REPAIR_FACILITIES_DIVISION_COMPOSITE,PR_24,Quebec,2021A000224,107.2,"Index, 2023=100",2025-04-01,2025-06-30,STATCAN_BCPI_18100289,observed,2025-06-30,TR_STATCAN_BCPI_BC_ON_QC_REFERENCE_CLASSES_1_0_0,
OBS_BCPI_98D5F9B67D58FF51558D,BCPI_BUS_DEPOT_WITH_MAINTENANCE_AND_REPAIR_FACILITIES_DIVISION_COMPOSITE,PR_24,Quebec,2021A000224,108.3,"Index, 2023=100",2025-07-01,2025-09-30,STATCAN_BCPI_18100289,observed,2025-09-30,TR_STATCAN_BCPI_BC_ON_QC_REFERENCE_CLASSES_1_0_0,
OBS_BCPI_AD0D571FFFB4ECF50C24,BCPI_BUS_DEPOT_WITH_MAINTENANCE_AND_REPAIR_FACILITIES_DIVISION_COMPOSITE,PR_24,Quebec,2021A000224,109.0,"Index, 2023=100",2025-10-01,2025-12-31,STATCAN_BCPI_18100289,observed,2025-12-31,TR_STATCAN_BCPI_BC_ON_QC_REFERENCE_CLASSES_1_0_0,
OBS_BCPI_F1C8F0E157F64526BABD,BCPI_BUS_DEPOT_WITH_MAINTENANCE_AND_REPAIR_FACILITIES_DIVISION_COMPOSITE,PR_24,Quebec,2021A000224,110.7,"Index, 2023=100",2026-01-01,2026-03-31,STATCAN_BCPI_18100289,observed,2026-03-31,TR_STATCAN_BCPI_BC_ON_QC_REFERENCE_CLASSES_1_0_0,
OBS_BCPI_55006094B4408C53054F,BCPI_BUS_DEPOT_WITH_MAINTENANCE_AND_REPAIR_FACILITIES_DIVISION_COMPOSITE,PR_24,Quebec,2021A000224,113.4,"Index, 2023=100",2026-04-01,2026-06-30,STATCAN_BCPI_18100289,observed,2026-06-30,TR_STATCAN_BCPI_BC_ON_QC_REFERENCE_CLASSES_1_0_0,
OBS_BCPI_BACKCAST_8FA32C48FA097416F608,BCPI_INSTITUTIONAL_BUILDINGS_62213_DIVISION_COMPOSITE,PR_24,Quebec,2021S0503462,25.5,"Index, 2023=100",1981-01-01,1981-03-31,STATCAN_BCPI_18100289,inferred,1981-03-31,TR_AIIO_BCPI_PROVINCE_LINKED_CMA_BACKCAST_0_1,province_linked_cma_backcast;not_official_provincial_observation;reference_cma=CMA_462;anchor_period=2017-03-31
OBS_BCPI_BACKCAST_1D4ACD21F79001A532F2,BCPI_INSTITUTIONAL_BUILDINGS_62213_DIVISION_COMPOSITE,PR_24,Quebec,2021S0503462,26.2,"Index, 2023=100",1981-04-01,1981-06-30,STATCAN_BCPI_18100289,inferred,1981-06-30,TR_AIIO_BCPI_PROVINCE_LINKED_CMA_BACKCAST_0_1,province_linked_cma_backcast;not_official_provincial_observation;reference_cma=CMA_462;anchor_period=2017-03-31
OBS_BCPI_BACKCAST_CE918D5AF6E9DB093ED5,BCPI_INSTITUTIONAL_BUILDINGS_62213_DIVISION_COMPOSITE,PR_24,Quebec,2021S0503462,27.6,"Index, 2023=100",1981-07-01,1981-09-30,STATCAN_BCPI_18100289,inferred,1981-09-30,TR_AIIO_BCPI_PROVINCE_LINKED_CMA_BACKCAST_0_1,province_linked_cma_backcast;not_official_provincial_observation;reference_cma=CMA_462;anchor_period=2017-03-31
OBS_BCPI_BACKCAST_66F74BF924514456C9B3,BCPI_INSTITUTIONAL_BUILDINGS_62213_DIVISION_COMPOSITE,PR_24,Quebec,2021S0503462,28.2,"Index, 2023=100",1981-10-01,1981-12-31,STATCAN_BCPI_18100289,inferred,1981-12-31,TR_AIIO_BCPI_PROVINCE_LINKED_CMA_BACKCAST_0_1,province_linked_cma_backcast;not_official_provincial_observation;reference_cma=CMA_462;anchor_period=2017-03-31
OBS_BCPI_BACKCAST_97A2A6EF6D4ED5A823AC,BCPI_INSTITUTIONAL_BUILDINGS_62213_DIVISION_COMPOSITE,PR_24,Quebec,2021S0503462,29,"Index, 2023=100",1982-01-01,1982-03-31,STATCAN_BCPI_18100289,inferred,1982-03-31,TR_AIIO_BCPI_PROVINCE_LINKED_CMA_BACKCAST_0_1,province_linked_cma_backcast;not_official_provincial_observation;reference_cma=CMA_462;anchor_period=2017-03-31
OBS_BCPI_BACKCAST_D0708D1200ED662389D1,BCPI_INSTITUTIONAL_BUILDINGS_62213_DIVISION_COMPOSITE,PR_24,Quebec,2021S0503462,29.1,"Index, 2023=100",1982-04-01,1982-06-30,STATCAN_BCPI_18100289,inferred,1982-06-30,TR_AIIO_BCPI_PROVINCE_LINKED_CMA_BACKCAST_0_1,province_linked_cma_backcast;not_official_provincial_observation;reference_cma=CMA_462;anchor_period=2017-03-31
OBS_BCPI_BACKCAST_C11C6AD97ADB8BA44310,BCPI_INSTITUTIONAL_BUILDINGS_62213_DIVISION_COMPOSITE,PR_24,Quebec,2021S0503462,29.4,"Index, 2023=100",1982-07-01,1982-09-30,STATCAN_BCPI_18100289,inferred,1982-09-30,TR_AIIO_BCPI_PROVINCE_LINKED_CMA_BACKCAST_0_1,province_linked_cma_backcast;not_official_provincial_observation;reference_cma=CMA_462;anchor_period=2017-03-31
OBS_BCPI_BACKCAST_DC6415F5FF9989AA76E6,BCPI_INSTITUTIONAL_BUILDINGS_62213_DIVISION_COMPOSITE,PR_24,Quebec,2021S0503462,29.4,"Index, 2023=100",1982-10-01,1982-12-31,STATCAN_BCPI_18100289,inferred,1982-12-31,TR_AIIO_BCPI_PROVINCE_LINKED_CMA_BACKCAST_0_1,province_linked_cma_backcast;not_official_provincial_observation;reference_cma=CMA_462;anchor_period=2017-03-31
OBS_BCPI_BACKCAST_4219F7F4543F316E5EE9,BCPI_INSTITUTIONAL_BUILDINGS_62213_DIVISION_COMPOSITE,PR_24,Quebec,2021S0503462,29.3,"Index, 2023=100",1983-01-01,1983-03-31,STATCAN_BCPI_18100289,inferred,1983-03-31,TR_AIIO_BCPI_PROVINCE_LINKED_CMA_BACKCAST_0_1,province_linked_cma_backcast;not_official_provincial_observation;reference_cma=CMA_462;anchor_period=2017-03-31
OBS_BCPI_BACKCAST_A856A37B448E8EECD31B,BCPI_INSTITUTIONAL_BUILDINGS_62213_DIVISION_COMPOSITE,PR_24,Quebec,2021S0503462,29.7,"Index, 2023=100",1983-04-01,1983-06-30,STATCAN_BCPI_18100289,inferred,1983-06-30,TR_AIIO_BCPI_PROVINCE_LINKED_CMA_BACKCAST_0_1,province_linked_cma_backcast;not_official_provincial_observation;reference_cma=CMA_462;anchor_period=2017-03-31
OBS_BCPI_BACKCAST_1EBF8EACB6A215BB9710,BCPI_INSTITUTIONAL_BUILDINGS_62213_DIVISION_COMPOSITE,PR_24,Quebec,2021S0503462,30.1,"Index, 2023=100",1983-07-01,1983-09-30,STATCAN_BCPI_18100289,inferred,1983-09-30,TR_AIIO_BCPI_PROVINCE_LINKED_CMA_BACKCAST_0_1,province_linked_cma_backcast;not_official_provincial_observation;reference_cma=CMA_462;anchor_period=2017-03-31
OBS_BCPI_BACKCAST_CBDB96C5667537734F65,BCPI_INSTITUTIONAL_BUILDINGS_62213_DIVISION_COMPOSITE,PR_24,Quebec,2021S0503462,30.2,"Index, 2023=100",1983-10-01,1983-12-31,STATCAN_BCPI_18100289,inferred,1983-12-31,TR_AIIO_BCPI_PROVINCE_LINKED_CMA_BACKCAST_0_1,province_linked_cma_backcast;not_official_provincial_observation;reference_cma=CMA_462;anchor_period=2017-03-31
OBS_BCPI_BACKCAST_CFFA81CB4D909A1737FE,BCPI_INSTITUTIONAL_BUILDINGS_62213_DIVISION_COMPOSITE,PR_24,Quebec,2021S0503462,30.5,"Index, 2023=100",1984-01-01,1984-03-31,STATCAN_BCPI_18100289,inferred,1984-03-31,TR_AIIO_BCPI_PROVINCE_LINKED_CMA_BACKCAST_0_1,province_linked_cma_backcast;not_official_provincial_observation;reference_cma=CMA_462;anchor_period=2017-03-31
OBS_BCPI_BACKCAST_C74455E99B4D735A024D,BCPI_INSTITUTIONAL_BUILDINGS_62213_DIVISION_COMPOSITE,PR_24,Quebec,2021S0503462,30.6,"Index, 2023=100",1984-04-01,1984-06-30,STATCAN_BCPI_18100289,inferred,1984-06-30,TR_AIIO_BCPI_PROVINCE_LINKED_CMA_BACKCAST_0_1,province_linked_cma_backcast;not_official_provincial_observation;reference_cma=CMA_462;anchor_period=2017-03-31
OBS_BCPI_BACKCAST_7419BC5B317FF023558C,BCPI_INSTITUTIONAL_BUILDINGS_62213_DIVISION_COMPOSITE,PR_24,Quebec,2021S0503462,31,"Index, 2023=100",1984-07-01,1984-09-30,STATCAN_BCPI_18100289,inferred,1984-09-30,TR_AIIO_BCPI_PROVINCE_LINKED_CMA_BACKCAST_0_1,province_linked_cma_backcast;not_official_provincial_observation;reference_cma=CMA_462;anchor_period=2017-03-31
OBS_BCPI_BACKCAST_54B9200B703222CEF2AD,BCPI_INSTITUTIONAL_BUILDINGS_62213_DIVISION_COMPOSITE,PR_24,Quebec,2021S0503462,31.3,"Index, 2023=100",1984-10-01,1984-12-31,STATCAN_BCPI_18100289,inferred,1984-12-31,TR_AIIO_BCPI_PROVINCE_LINKED_CMA_BACKCAST_0_1,province_linked_cma_backcast;not_official_provincial_observation;reference_cma=CMA_462;anchor_period=2017-03-31
OBS_BCPI_BACKCAST_864E69C25C4437D3C551,BCPI_INSTITUTIONAL_BUILDINGS_62213_DIVISION_COMPOSITE,PR_24,Quebec,2021S0503462,31.6,"Index, 2023=100",1985-01-01,1985-03-31,STATCAN_BCPI_18100289,inferred,1985-03-31,TR_AIIO_BCPI_PROVINCE_LINKED_CMA_BACKCAST_0_1,province_linked_cma_backcast;not_official_provincial_observation;reference_cma=CMA_462;anchor_period=2017-03-31
OBS_BCPI_BACKCAST_3CDE932813877852EFD6,BCPI_INSTITUTIONAL_BUILDINGS_62213_DIVISION_COMPOSITE,PR_24,Quebec,2021S0503462,31.8,"Index, 2023=100",1985-04-01,1985-06-30,STATCAN_BCPI_18100289,inferred,1985-06-30,TR_AIIO_BCPI_PROVINCE_LINKED_CMA_BACKCAST_0_1,province_linked_cma_backcast;not_official_provincial_observation;reference_cma=CMA_462;anchor_period=2017-03-31
OBS_BCPI_BACKCAST_DB3B35A23F6FBAEB13F7,BCPI_INSTITUTIONAL_BUILDINGS_62213_DIVISION_COMPOSITE,PR_24,Quebec,2021S0503462,32,"Index, 2023=100",1985-07-01,1985-09-30,STATCAN_BCPI_18100289,inferred,1985-09-30,TR_AIIO_BCPI_PROVINCE_LINKED_CMA_BACKCAST_0_1,province_linked_cma_backcast;not_official_provincial_observation;reference_cma=CMA_462;anchor_period=2017-03-31
OBS_BCPI_BACKCAST_3FB433B55A20E7B85DB2,BCPI_INSTITUTIONAL_BUILDINGS_62213_DIVISION_COMPOSITE,PR_24,Quebec,2021S0503462,32.2,"Index, 2023=100",1985-10-01,1985-12-31,STATCAN_BCPI_18100289,inferred,1985-12-31,TR_AIIO_BCPI_PROVINCE_LINKED_CMA_BACKCAST_0_1,province_linked_cma_backcast;not_official_provincial_observation;reference_cma=CMA_462;anchor_period=2017-03-31
OBS_BCPI_BACKCAST_7AD5B13F66C21C016622,BCPI_INSTITUTIONAL_BUILDINGS_62213_DIVISION_COMPOSITE,PR_24,Quebec,2021S0503462,32.7,"Index, 2023=100",1986-01-01,1986-03-31,STATCAN_BCPI_18100289,inferred,1986-03-31,TR_AIIO_BCPI_PROVINCE_LINKED_CMA_BACKCAST_0_1,province_linked_cma_backcast;not_official_provincial_observation;reference_cma=CMA_462;anchor_period=2017-03-31
OBS_BCPI_BACKCAST_572048F8EEB91018808B,BCPI_INSTITUTIONAL_BUILDINGS_62213_DIVISION_COMPOSITE,PR_24,Quebec,2021S0503462,33.3,"Index, 2023=100",1986-04-01,1986-06-30,STATCAN_BCPI_18100289,inferred,1986-06-30,TR_AIIO_BCPI_PROVINCE_LINKED_CMA_BACKCAST_0_1,province_linked_cma_backcast;not_official_provincial_observation;reference_cma=CMA_462;anchor_period=2017-03-31
OBS_BCPI_BACKCAST_495019E70E42F7C3055A,BCPI_INSTITUTIONAL_BUILDINGS_62213_DIVISION_COMPOSITE,PR_24,Quebec,2021S0503462,33.8,"Index, 2023=100",1986-07-01,1986-09-30,STATCAN_BCPI_18100289,inferred,1986-09-30,TR_AIIO_BCPI_PROVINCE_LINKED_CMA_BACKCAST_0_1,province_linked_cma_backcast;not_official_provincial_observation;reference_cma=CMA_462;anchor_period=2017-03-31
OBS_BCPI_BACKCAST_B93E71BA4D3445FD71CD,BCPI_INSTITUTIONAL_BUILDINGS_62213_DIVISION_COMPOSITE,PR_24,Quebec,2021S0503462,34.4,"Index, 2023=100",1986-10-01,1986-12-31,STATCAN_BCPI_18100289,inferred,1986-12-31,TR_AIIO_BCPI_PROVINCE_LINKED_CMA_BACKCAST_0_1,province_linked_cma_backcast;not_official_provincial_observation;reference_cma=CMA_462;anchor_period=2017-03-31
OBS_BCPI_BACKCAST_8EBC1A94CC65ECBD060A,BCPI_INSTITUTIONAL_BUILDINGS_62213_DIVISION_COMPOSITE,PR_24,Quebec,2021S0503462,34.9,"Index, 2023=100",1987-01-01,1987-03-31,STATCAN_BCPI_18100289,inferred,1987-03-31,TR_AIIO_BCPI_PROVINCE_LINKED_CMA_BACKCAST_0_1,province_linked_cma_backcast;not_official_provincial_observation;reference_cma=CMA_462;anchor_period=2017-03-31
OBS_BCPI_BACKCAST_FE8A6482185394AEA64E,BCPI_INSTITUTIONAL_BUILDINGS_62213_DIVISION_COMPOSITE,PR_24,Quebec,2021S0503462,35.7,"Index, 2023=100",1987-04-01,1987-06-30,STATCAN_BCPI_18100289,inferred,1987-06-30,TR_AIIO_BCPI_PROVINCE_LINKED_CMA_BACKCAST_0_1,province_linked_cma_backcast;not_official_provincial_observation;reference_cma=CMA_462;anchor_period=2017-03-31
OBS_BCPI_BACKCAST_E13D43010388C09BC877,BCPI_INSTITUTIONAL_BUILDINGS_62213_DIVISION_COMPOSITE,PR_24,Quebec,2021S0503462,35.7,"Index, 2023=100",1987-07-01,1987-09-30,STATCAN_BCPI_18100289,inferred,1987-09-30,TR_AIIO_BCPI_PROVINCE_LINKED_CMA_BACKCAST_0_1,province_linked_cma_backcast;not_official_provincial_observation;reference_cma=CMA_462;anchor_period=2017-03-31
OBS_BCPI_BACKCAST_D8150EAED58A10D79339,BCPI_INSTITUTIONAL_BUILDINGS_62213_DIVISION_COMPOSITE,PR_24,Quebec,2021S0503462,36.1,"Index, 2023=100",1987-10-01,1987-12-31,STATCAN_BCPI_18100289,inferred,1987-12-31,TR_AIIO_BCPI_PROVINCE_LINKED_CMA_BACKCAST_0_1,province_linked_cma_backcast;not_official_provincial_observation;reference_cma=CMA_462;anchor_period=2017-03-31
OBS_BCPI_BACKCAST_2361FEFFB67993F43A68,BCPI_INSTITUTIONAL_BUILDINGS_62213_DIVISION_COMPOSITE,PR_24,Quebec,2021S0503462,36.7,"Index, 2023=100",1988-01-01,1988-03-31,STATCAN_BCPI_18100289,inferred,1988-03-31,TR_AIIO_BCPI_PROVINCE_LINKED_CMA_BACKCAST_0_1,province_linked_cma_backcast;not_official_provincial_observation;reference_cma=CMA_462;anchor_period=2017-03-31
OBS_BCPI_BACKCAST_1047E74491BA592E7BEC,BCPI_INSTITUTIONAL_BUILDINGS_62213_DIVISION_COMPOSITE,PR_24,Quebec,2021S0503462,37.4,"Index, 2023=100",1988-04-01,1988-06-30,STATCAN_BCPI_18100289,inferred,1988-06-30,TR_AIIO_BCPI_PROVINCE_LINKED_CMA_BACKCAST_0_1,province_linked_cma_backcast;not_official_provincial_observation;reference_cma=CMA_462;anchor_period=2017-03-31
OBS_BCPI_BACKCAST_A94BA403B55753F6EA6F,BCPI_INSTITUTIONAL_BUILDINGS_62213_DIVISION_COMPOSITE,PR_24,Quebec,2021S0503462,38,"Index, 2023=100",1988-07-01,1988-09-30,STATCAN_BCPI_18100289,inferred,1988-09-30,TR_AIIO_BCPI_PROVINCE_LINKED_CMA_BACKCAST_0_1,province_linked_cma_backcast;not_official_provincial_observation;reference_cma=CMA_462;anchor_period=2017-03-31
OBS_BCPI_BACKCAST_CBC5FFA644C79133BF0D,BCPI_INSTITUTIONAL_BUILDINGS_62213_DIVISION_COMPOSITE,PR_24,Quebec,2021S0503462,38.5,"Index, 2023=100",1988-10-01,1988-12-31,STATCAN_BCPI_18100289,inferred,1988-12-31,TR_AIIO_BCPI_PROVINCE_LINKED_CMA_BACKCAST_0_1,province_linked_cma_backcast;not_official_provincial_observation;reference_cma=CMA_462;anchor_period=2017-03-31
OBS_BCPI_BACKCAST_2B4A8B3AE301AE5886A2,BCPI_INSTITUTIONAL_BUILDINGS_62213_DIVISION_COMPOSITE,PR_24,Quebec,2021S0503462,38.8,"Index, 2023=100",1989-01-01,1989-03-31,STATCAN_BCPI_18100289,inferred,1989-03-31,TR_AIIO_BCPI_PROVINCE_LINKED_CMA_BACKCAST_0_1,province_linked_cma_backcast;not_official_provincial_observation;reference_cma=CMA_462;anchor_period=2017-03-31
OBS_BCPI_BACKCAST_01B2043A21AAB340EDD5,BCPI_INSTITUTIONAL_BUILDINGS_62213_DIVISION_COMPOSITE,PR_24,Quebec,2021S0503462,39.6,"Index, 2023=100",1989-04-01,1989-06-30,STATCAN_BCPI_18100289,inferred,1989-06-30,TR_AIIO_BCPI_PROVINCE_LINKED_CMA_BACKCAST_0_1,province_linked_cma_backcast;not_official_provincial_observation;reference_cma=CMA_462;anchor_period=2017-03-31
OBS_BCPI_BACKCAST_B3B36679F9E3865F5036,BCPI_INSTITUTIONAL_BUILDINGS_62213_DIVISION_COMPOSITE,PR_24,Quebec,2021S0503462,39.8,"Index, 2023=100",1989-07-01,1989-09-30,STATCAN_BCPI_18100289,inferred,1989-09-30,TR_AIIO_BCPI_PROVINCE_LINKED_CMA_BACKCAST_0_1,province_linked_cma_backcast;not_official_provincial_observation;reference_cma=CMA_462;anchor_period=2017-03-31
OBS_BCPI_BACKCAST_FE978FA42E2EA3690B15,BCPI_INSTITUTIONAL_BUILDINGS_62213_DIVISION_COMPOSITE,PR_24,Quebec,2021S0503462,40.1,"Index, 2023=100",1989-10-01,1989-12-31,STATCAN_BCPI_18100289,inferred,1989-12-31,TR_AIIO_BCPI_PROVINCE_LINKED_CMA_BACKCAST_0_1,province_linked_cma_backcast;not_official_provincial_observation;reference_cma=CMA_462;anchor_period=2017-03-31
OBS_BCPI_BACKCAST_7BA8D4F42AFCA1D58683,BCPI_INSTITUTIONAL_BUILDINGS_62213_DIVISION_COMPOSITE,PR_24,Quebec,2021S0503462,40.5,"Index, 2023=100",1990-01-01,1990-03-31,STATCAN_BCPI_18100289,inferred,1990-03-31,TR_AIIO_BCPI_PROVINCE_LINKED_CMA_BACKCAST_0_1,province_linked_cma_backcast;not_official_provincial_observation;reference_cma=CMA_462;anchor_period=2017-03-31
OBS_BCPI_BACKCAST_1495DA3D69798933B1A2,BCPI_INSTITUTIONAL_BUILDINGS_62213_DIVISION_COMPOSITE,PR_24,Quebec,2021S0503462,41.3,"Index, 2023=100",1990-04-01,1990-06-30,STATCAN_BCPI_18100289,inferred,1990-06-30,TR_AIIO_BCPI_PROVINCE_LINKED_CMA_BACKCAST_0_1,province_linked_cma_backcast;not_official_provincial_observation;reference_cma=CMA_462;anchor_period=2017-03-31
OBS_BCPI_BACKCAST_BB7B18D311FF0D577980,BCPI_INSTITUTIONAL_BUILDINGS_62213_DIVISION_COMPOSITE,PR_24,Quebec,2021S0503462,41.1,"Index, 2023=100",1990-07-01,1990-09-30,STATCAN_BCPI_18100289,inferred,1990-09-30,TR_AIIO_BCPI_PROVINCE_LINKED_CMA_BACKCAST_0_1,province_linked_cma_backcast;not_official_provincial_observation;reference_cma=CMA_462;anchor_period=2017-03-31
OBS_BCPI_BACKCAST_456EA863669E1F9D3DA4,BCPI_INSTITUTIONAL_BUILDINGS_62213_DIVISION_COMPOSITE,PR_24,Quebec,2021S0503462,41,"Index, 2023=100",1990-10-01,1990-12-31,STATCAN_BCPI_18100289,inferred,1990-12-31,TR_AIIO_BCPI_PROVINCE_LINKED_CMA_BACKCAST_0_1,province_linked_cma_backcast;not_official_provincial_observation;reference_cma=CMA_462;anchor_period=2017-03-31
OBS_BCPI_BACKCAST_51A5A6215852BD5474AB,BCPI_INSTITUTIONAL_BUILDINGS_62213_DIVISION_COMPOSITE,PR_24,Quebec,2021S0503462,39.7,"Index, 2023=100",1991-01-01,1991-03-31,STATCAN_BCPI_18100289,inferred,1991-03-31,TR_AIIO_BCPI_PROVINCE_LINKED_CMA_BACKCAST_0_1,province_linked_cma_backcast;not_official_provincial_observation;reference_cma=CMA_462;anchor_period=2017-03-31
OBS_BCPI_BACKCAST_6ACF744F8813F2CE046B,BCPI_INSTITUTIONAL_BUILDINGS_62213_DIVISION_COMPOSITE,PR_24,Quebec,2021S0503462,39.4,"Index, 2023=100",1991-04-01,1991-06-30,STATCAN_BCPI_18100289,inferred,1991-06-30,TR_AIIO_BCPI_PROVINCE_LINKED_CMA_BACKCAST_0_1,province_linked_cma_backcast;not_official_provincial_observation;reference_cma=CMA_462;anchor_period=2017-03-31
OBS_BCPI_BACKCAST_C9CBF09AD8C15E0FF621,BCPI_INSTITUTIONAL_BUILDINGS_62213_DIVISION_COMPOSITE,PR_24,Quebec,2021S0503462,39.6,"Index, 2023=100",1991-07-01,1991-09-30,STATCAN_BCPI_18100289,inferred,1991-09-30,TR_AIIO_BCPI_PROVINCE_LINKED_CMA_BACKCAST_0_1,province_linked_cma_backcast;not_official_provincial_observation;reference_cma=CMA_462;anchor_period=2017-03-31
OBS_BCPI_BACKCAST_E70D5533BE63713FDB40,BCPI_INSTITUTIONAL_BUILDINGS_62213_DIVISION_COMPOSITE,PR_24,Quebec,2021S0503462,39.9,"Index, 2023=100",1991-10-01,1991-12-31,STATCAN_BCPI_18100289,inferred,1991-12-31,TR_AIIO_BCPI_PROVINCE_LINKED_CMA_BACKCAST_0_1,province_linked_cma_backcast;not_official_provincial_observation;reference_cma=CMA_462;anchor_period=2017-03-31
OBS_BCPI_BACKCAST_FB4F353E1540E9DBA1C3,BCPI_INSTITUTIONAL_BUILDINGS_62213_DIVISION_COMPOSITE,PR_24,Quebec,2021S0503462,40,"Index, 2023=100",1992-01-01,1992-03-31,STATCAN_BCPI_18100289,inferred,1992-03-31,TR_AIIO_BCPI_PROVINCE_LINKED_CMA_BACKCAST_0_1,province_linked_cma_backcast;not_official_provincial_observation;reference_cma=CMA_462;anchor_period=2017-03-31
OBS_BCPI_BACKCAST_49D027E4BAFCF8AAA9D3,BCPI_INSTITUTIONAL_BUILDINGS_62213_DIVISION_COMPOSITE,PR_24,Quebec,2021S0503462,40.3,"Index, 2023=100",1992-04-01,1992-06-30,STATCAN_BCPI_18100289,inferred,1992-06-30,TR_AIIO_BCPI_PROVINCE_LINKED_CMA_BACKCAST_0_1,province_linked_cma_backcast;not_official_provincial_observation;reference_cma=CMA_462;anchor_period=2017-03-31
OBS_BCPI_BACKCAST_C85914B1EEF0249EFED0,BCPI_INSTITUTIONAL_BUILDINGS_62213_DIVISION_COMPOSITE,PR_24,Quebec,2021S0503462,38.8,"Index, 2023=100",1992-07-01,1992-09-30,STATCAN_BCPI_18100289,inferred,1992-09-30,TR_AIIO_BCPI_PROVINCE_LINKED_CMA_BACKCAST_0_1,province_linked_cma_backcast;not_official_provincial_observation;reference_cma=CMA_462;anchor_period=2017-03-31
OBS_BCPI_BACKCAST_29D2293943C2B7EDC597,BCPI_INSTITUTIONAL_BUILDINGS_62213_DIVISION_COMPOSITE,PR_24,Quebec,2021S0503462,38.8,"Index, 2023=100",1992-10-01,1992-12-31,STATCAN_BCPI_18100289,inferred,1992-12-31,TR_AIIO_BCPI_PROVINCE_LINKED_CMA_BACKCAST_0_1,province_linked_cma_backcast;not_official_provincial_observation;reference_cma=CMA_462;anchor_period=2017-03-31
OBS_BCPI_BACKCAST_142658D36CD2C24841FB,BCPI_INSTITUTIONAL_BUILDINGS_62213_DIVISION_COMPOSITE,PR_24,Quebec,2021S0503462,38.8,"Index, 2023=100",1993-01-01,1993-03-31,STATCAN_BCPI_18100289,inferred,1993-03-31,TR_AIIO_BCPI_PROVINCE_LINKED_CMA_BACKCAST_0_1,province_linked_cma_backcast;not_official_provincial_observation;reference_cma=CMA_462;anchor_period=2017-03-31
OBS_BCPI_BACKCAST_5A58699A3E743F997EDB,BCPI_INSTITUTIONAL_BUILDINGS_62213_DIVISION_COMPOSITE,PR_24,Quebec,2021S0503462,38.9,"Index, 2023=100",1993-04-01,1993-06-30,STATCAN_BCPI_18100289,inferred,1993-06-30,TR_AIIO_BCPI_PROVINCE_LINKED_CMA_BACKCAST_0_1,province_linked_cma_backcast;not_official_provincial_observation;reference_cma=CMA_462;anchor_period=2017-03-31
OBS_BCPI_BACKCAST_15849687B9345086D0B1,BCPI_INSTITUTIONAL_BUILDINGS_62213_DIVISION_COMPOSITE,PR_24,Quebec,2021S0503462,38.8,"Index, 2023=100",1993-07-01,1993-09-30,STATCAN_BCPI_18100289,inferred,1993-09-30,TR_AIIO_BCPI_PROVINCE_LINKED_CMA_BACKCAST_0_1,province_linked_cma_backcast;not_official_provincial_observation;reference_cma=CMA_462;anchor_period=2017-03-31
OBS_BCPI_BACKCAST_0719166AA7A0A2D76DDA,BCPI_INSTITUTIONAL_BUILDINGS_62213_DIVISION_COMPOSITE,PR_24,Quebec,2021S0503462,38.9,"Index, 2023=100",1993-10-01,1993-12-31,STATCAN_BCPI_18100289,inferred,1993-12-31,TR_AIIO_BCPI_PROVINCE_LINKED_CMA_BACKCAST_0_1,province_linked_cma_backcast;not_official_provincial_observation;reference_cma=CMA_462;anchor_period=2017-03-31
OBS_BCPI_BACKCAST_4EAF521E12FE5A21696E,BCPI_INSTITUTIONAL_BUILDINGS_62213_DIVISION_COMPOSITE,PR_24,Quebec,2021S0503462,39,"Index, 2023=100",1994-01-01,1994-03-31,STATCAN_BCPI_18100289,inferred,1994-03-31,TR_AIIO_BCPI_PROVINCE_LINKED_CMA_BACKCAST_0_1,province_linked_cma_backcast;not_official_provincial_observation;reference_cma=CMA_462;anchor_period=2017-03-31
OBS_BCPI_BACKCAST_36B4632B7FEAD9365884,BCPI_INSTITUTIONAL_BUILDINGS_62213_DIVISION_COMPOSITE,PR_24,Quebec,2021S0503462,39.3,"Index, 2023=100",1994-04-01,1994-06-30,STATCAN_BCPI_18100289,inferred,1994-06-30,TR_AIIO_BCPI_PROVINCE_LINKED_CMA_BACKCAST_0_1,province_linked_cma_backcast;not_official_provincial_observation;reference_cma=CMA_462;anchor_period=2017-03-31
OBS_BCPI_BACKCAST_4DED915E60462E54BBF4,BCPI_INSTITUTIONAL_BUILDINGS_62213_DIVISION_COMPOSITE,PR_24,Quebec,2021S0503462,39.5,"Index, 2023=100",1994-07-01,1994-09-30,STATCAN_BCPI_18100289,inferred,1994-09-30,TR_AIIO_BCPI_PROVINCE_LINKED_CMA_BACKCAST_0_1,province_linked_cma_backcast;not_official_provincial_observation;reference_cma=CMA_462;anchor_period=2017-03-31
OBS_BCPI_BACKCAST_697C076CB67796099DDC,BCPI_INSTITUTIONAL_BUILDINGS_62213_DIVISION_COMPOSITE,PR_24,Quebec,2021S0503462,39.7,"Index, 2023=100",1994-10-01,1994-12-31,STATCAN_BCPI_18100289,inferred,1994-12-31,TR_AIIO_BCPI_PROVINCE_LINKED_CMA_BACKCAST_0_1,province_linked_cma_backcast;not_official_provincial_observation;reference_cma=CMA_462;anchor_period=2017-03-31
OBS_BCPI_BACKCAST_67F71D2842A011D9A1BF,BCPI_INSTITUTIONAL_BUILDINGS_62213_DIVISION_COMPOSITE,PR_24,Quebec,2021S0503462,40.3,"Index, 2023=100",1995-01-01,1995-03-31,STATCAN_BCPI_18100289,inferred,1995-03-31,TR_AIIO_BCPI_PROVINCE_LINKED_CMA_BACKCAST_0_1,province_linked_cma_backcast;not_official_provincial_observation;reference_cma=CMA_462;anchor_period=2017-03-31
OBS_BCPI_BACKCAST_AB031701C7474789694C,BCPI_INSTITUTIONAL_BUILDINGS_62213_DIVISION_COMPOSITE,PR_24,Quebec,2021S0503462,40.4,"Index, 2023=100",1995-04-01,1995-06-30,STATCAN_BCPI_18100289,inferred,1995-06-30,TR_AIIO_BCPI_PROVINCE_LINKED_CMA_BACKCAST_0_1,province_linked_cma_backcast;not_official_provincial_observation;reference_cma=CMA_462;anchor_period=2017-03-31
OBS_BCPI_BACKCAST_1DC17F11D704E28BD236,BCPI_INSTITUTIONAL_BUILDINGS_62213_DIVISION_COMPOSITE,PR_24,Quebec,2021S0503462,40.6,"Index, 2023=100",1995-07-01,1995-09-30,STATCAN_BCPI_18100289,inferred,1995-09-30,TR_AIIO_BCPI_PROVINCE_LINKED_CMA_BACKCAST_0_1,province_linked_cma_backcast;not_official_provincial_observation;reference_cma=CMA_462;anchor_period=2017-03-31
OBS_BCPI_BACKCAST_E9B1D6760BA09428A405,BCPI_INSTITUTIONAL_BUILDINGS_62213_DIVISION_COMPOSITE,PR_24,Quebec,2021S0503462,40.8,"Index, 2023=100",1995-10-01,1995-12-31,STATCAN_BCPI_18100289,inferred,1995-12-31,TR_AIIO_BCPI_PROVINCE_LINKED_CMA_BACKCAST_0_1,province_linked_cma_backcast;not_official_provincial_observation;reference_cma=CMA_462;anchor_period=2017-03-31
OBS_BCPI_BACKCAST_8BFF1966E9032459883F,BCPI_INSTITUTIONAL_BUILDINGS_62213_DIVISION_COMPOSITE,PR_24,Quebec,2021S0503462,41,"Index, 2023=100",1996-01-01,1996-03-31,STATCAN_BCPI_18100289,inferred,1996-03-31,TR_AIIO_BCPI_PROVINCE_LINKED_CMA_BACKCAST_0_1,province_linked_cma_backcast;not_official_provincial_observation;reference_cma=CMA_462;anchor_period=2017-03-31
OBS_BCPI_BACKCAST_7BFBC40AF259F505175E,BCPI_INSTITUTIONAL_BUILDINGS_62213_DIVISION_COMPOSITE,PR_24,Quebec,2021S0503462,41.1,"Index, 2023=100",1996-04-01,1996-06-30,STATCAN_BCPI_18100289,inferred,1996-06-30,TR_AIIO_BCPI_PROVINCE_LINKED_CMA_BACKCAST_0_1,province_linked_cma_backcast;not_official_provincial_observation;reference_cma=CMA_462;anchor_period=2017-03-31
OBS_BCPI_BACKCAST_D6C6CD406BBD3170D9DD,BCPI_INSTITUTIONAL_BUILDINGS_62213_DIVISION_COMPOSITE,PR_24,Quebec,2021S0503462,41.3,"Index, 2023=100",1996-07-01,1996-09-30,STATCAN_BCPI_18100289,inferred,1996-09-30,TR_AIIO_BCPI_PROVINCE_LINKED_CMA_BACKCAST_0_1,province_linked_cma_backcast;not_official_provincial_observation;reference_cma=CMA_462;anchor_period=2017-03-31
OBS_BCPI_BACKCAST_FBAA5EC3A901C87091AD,BCPI_INSTITUTIONAL_BUILDINGS_62213_DIVISION_COMPOSITE,PR_24,Quebec,2021S0503462,41.4,"Index, 2023=100",1996-10-01,1996-12-31,STATCAN_BCPI_18100289,inferred,1996-12-31,TR_AIIO_BCPI_PROVINCE_LINKED_CMA_BACKCAST_0_1,province_linked_cma_backcast;not_official_provincial_observation;reference_cma=CMA_462;anchor_period=2017-03-31
OBS_BCPI_BACKCAST_9302DB36777FF276D101,BCPI_INSTITUTIONAL_BUILDINGS_62213_DIVISION_COMPOSITE,PR_24,Quebec,2021S0503462,41.6,"Index, 2023=100",1997-01-01,1997-03-31,STATCAN_BCPI_18100289,inferred,1997-03-31,TR_AIIO_BCPI_PROVINCE_LINKED_CMA_BACKCAST_0_1,province_linked_cma_backcast;not_official_provincial_observation;reference_cma=CMA_462;anchor_period=2017-03-31
OBS_BCPI_BACKCAST_760029ACD5EC0C0A444F,BCPI_INSTITUTIONAL_BUILDINGS_62213_DIVISION_COMPOSITE,PR_24,Quebec,2021S0503462,42.6,"Index, 2023=100",1997-04-01,1997-06-30,STATCAN_BCPI_18100289,inferred,1997-06-30,TR_AIIO_BCPI_PROVINCE_LINKED_CMA_BACKCAST_0_1,province_linked_cma_backcast;not_official_provincial_observation;reference_cma=CMA_462;anchor_period=2017-03-31
OBS_BCPI_BACKCAST_4E884FDD959BCE280C79,BCPI_INSTITUTIONAL_BUILDINGS_62213_DIVISION_COMPOSITE,PR_24,Quebec,2021S0503462,42.7,"Index, 2023=100",1997-07-01,1997-09-30,STATCAN_BCPI_18100289,inferred,1997-09-30,TR_AIIO_BCPI_PROVINCE_LINKED_CMA_BACKCAST_0_1,province_linked_cma_backcast;not_official_provincial_observation;reference_cma=CMA_462;anchor_period=2017-03-31
OBS_BCPI_BACKCAST_899050FA05519F9C6A97,BCPI_INSTITUTIONAL_BUILDINGS_62213_DIVISION_COMPOSITE,PR_24,Quebec,2021S0503462,42.9,"Index, 2023=100",1997-10-01,1997-12-31,STATCAN_BCPI_18100289,inferred,1997-12-31,TR_AIIO_BCPI_PROVINCE_LINKED_CMA_BACKCAST_0_1,province_linked_cma_backcast;not_official_provincial_observation;reference_cma=CMA_462;anchor_period=2017-03-31
OBS_BCPI_BACKCAST_F979C7347094ED381CCB,BCPI_INSTITUTIONAL_BUILDINGS_62213_DIVISION_COMPOSITE,PR_24,Quebec,2021S0503462,43.1,"Index, 2023=100",1998-01-01,1998-03-31,STATCAN_BCPI_18100289,inferred,1998-03-31,TR_AIIO_BCPI_PROVINCE_LINKED_CMA_BACKCAST_0_1,province_linked_cma_backcast;not_official_provincial_observation;reference_cma=CMA_462;anchor_period=2017-03-31
OBS_BCPI_BACKCAST_A82B75CFC79585E702F6,BCPI_INSTITUTIONAL_BUILDINGS_62213_DIVISION_COMPOSITE,PR_24,Quebec,2021S0503462,43.2,"Index, 2023=100",1998-04-01,1998-06-30,STATCAN_BCPI_18100289,inferred,1998-06-30,TR_AIIO_BCPI_PROVINCE_LINKED_CMA_BACKCAST_0_1,province_linked_cma_backcast;not_official_provincial_observation;reference_cma=CMA_462;anchor_period=2017-03-31
OBS_BCPI_BACKCAST_856695B648187EFDFABE,BCPI_INSTITUTIONAL_BUILDINGS_62213_DIVISION_COMPOSITE,PR_24,Quebec,2021S0503462,43.5,"Index, 2023=100",1998-07-01,1998-09-30,STATCAN_BCPI_18100289,inferred,1998-09-30,TR_AIIO_BCPI_PROVINCE_LINKED_CMA_BACKCAST_0_1,province_linked_cma_backcast;not_official_provincial_observation;reference_cma=CMA_462;anchor_period=2017-03-31
OBS_BCPI_BACKCAST_6C6EA61F3D81E00D927A,BCPI_INSTITUTIONAL_BUILDINGS_62213_DIVISION_COMPOSITE,PR_24,Quebec,2021S0503462,43.8,"Index, 2023=100",1998-10-01,1998-12-31,STATCAN_BCPI_18100289,inferred,1998-12-31,TR_AIIO_BCPI_PROVINCE_LINKED_CMA_BACKCAST_0_1,province_linked_cma_backcast;not_official_provincial_observation;reference_cma=CMA_462;anchor_period=2017-03-31
OBS_BCPI_BACKCAST_39D23F63E9B8331DBC34,BCPI_INSTITUTIONAL_BUILDINGS_62213_DIVISION_COMPOSITE,PR_24,Quebec,2021S0503462,43.8,"Index, 2023=100",1999-01-01,1999-03-31,STATCAN_BCPI_18100289,inferred,1999-03-31,TR_AIIO_BCPI_PROVINCE_LINKED_CMA_BACKCAST_0_1,province_linked_cma_backcast;not_official_provincial_observation;reference_cma=CMA_462;anchor_period=2017-03-31
OBS_BCPI_BACKCAST_C571760AF4F03D1DE178,BCPI_INSTITUTIONAL_BUILDINGS_62213_DIVISION_COMPOSITE,PR_24,Quebec,2021S0503462,43.9,"Index, 2023=100",1999-04-01,1999-06-30,STATCAN_BCPI_18100289,inferred,1999-06-30,TR_AIIO_BCPI_PROVINCE_LINKED_CMA_BACKCAST_0_1,province_linked_cma_backcast;not_official_provincial_observation;reference_cma=CMA_462;anchor_period=2017-03-31
OBS_BCPI_BACKCAST_AADD8103FC97BFBCAAF3,BCPI_INSTITUTIONAL_BUILDINGS_62213_DIVISION_COMPOSITE,PR_24,Quebec,2021S0503462,44.1,"Index, 2023=100",1999-07-01,1999-09-30,STATCAN_BCPI_18100289,inferred,1999-09-30,TR_AIIO_BCPI_PROVINCE_LINKED_CMA_BACKCAST_0_1,province_linked_cma_backcast;not_official_provincial_observation;reference_cma=CMA_462;anchor_period=2017-03-31
OBS_BCPI_BACKCAST_04F67054B0B931A734E3,BCPI_INSTITUTIONAL_BUILDINGS_62213_DIVISION_COMPOSITE,PR_24,Quebec,2021S0503462,45,"Index, 2023=100",1999-10-01,1999-12-31,STATCAN_BCPI_18100289,inferred,1999-12-31,TR_AIIO_BCPI_PROVINCE_LINKED_CMA_BACKCAST_0_1,province_linked_cma_backcast;not_official_provincial_observation;reference_cma=CMA_462;anchor_period=2017-03-31
OBS_BCPI_BACKCAST_3037FCB4AE6024603BDC,BCPI_INSTITUTIONAL_BUILDINGS_62213_DIVISION_COMPOSITE,PR_24,Quebec,2021S0503462,45.4,"Index, 2023=100",2000-01-01,2000-03-31,STATCAN_BCPI_18100289,inferred,2000-03-31,TR_AIIO_BCPI_PROVINCE_LINKED_CMA_BACKCAST_0_1,province_linked_cma_backcast;not_official_provincial_observation;reference_cma=CMA_462;anchor_period=2017-03-31
OBS_BCPI_BACKCAST_0042B27FB7C350A2664A,BCPI_INSTITUTIONAL_BUILDINGS_62213_DIVISION_COMPOSITE,PR_24,Quebec,2021S0503462,46.2,"Index, 2023=100",2000-04-01,2000-06-30,STATCAN_BCPI_18100289,inferred,2000-06-30,TR_AIIO_BCPI_PROVINCE_LINKED_CMA_BACKCAST_0_1,province_linked_cma_backcast;not_official_provincial_observation;reference_cma=CMA_462;anchor_period=2017-03-31
OBS_BCPI_BACKCAST_80F91F9C4BFFC8A614F5,BCPI_INSTITUTIONAL_BUILDINGS_62213_DIVISION_COMPOSITE,PR_24,Quebec,2021S0503462,46.5,"Index, 2023=100",2000-07-01,2000-09-30,STATCAN_BCPI_18100289,inferred,2000-09-30,TR_AIIO_BCPI_PROVINCE_LINKED_CMA_BACKCAST_0_1,province_linked_cma_backcast;not_official_provincial_observation;reference_cma=CMA_462;anchor_period=2017-03-31
OBS_BCPI_BACKCAST_06A2813CFDAF919F109F,BCPI_INSTITUTIONAL_BUILDINGS_62213_DIVISION_COMPOSITE,PR_24,Quebec,2021S0503462,46.5,"Index, 2023=100",2000-10-01,2000-12-31,STATCAN_BCPI_18100289,inferred,2000-12-31,TR_AIIO_BCPI_PROVINCE_LINKED_CMA_BACKCAST_0_1,province_linked_cma_backcast;not_official_provincial_observation;reference_cma=CMA_462;anchor_period=2017-03-31
OBS_BCPI_BACKCAST_1A4B385B68F7B0D36EC0,BCPI_INSTITUTIONAL_BUILDINGS_62213_DIVISION_COMPOSITE,PR_24,Quebec,2021S0503462,46.4,"Index, 2023=100",2001-01-01,2001-03-31,STATCAN_BCPI_18100289,inferred,2001-03-31,TR_AIIO_BCPI_PROVINCE_LINKED_CMA_BACKCAST_0_1,province_linked_cma_backcast;not_official_provincial_observation;reference_cma=CMA_462;anchor_period=2017-03-31
OBS_BCPI_BACKCAST_1AC712DCA285F3A20B42,BCPI_INSTITUTIONAL_BUILDINGS_62213_DIVISION_COMPOSITE,PR_24,Quebec,2021S0503462,46.9,"Index, 2023=100",2001-04-01,2001-06-30,STATCAN_BCPI_18100289,inferred,2001-06-30,TR_AIIO_BCPI_PROVINCE_LINKED_CMA_BACKCAST_0_1,province_linked_cma_backcast;not_official_provincial_observation;reference_cma=CMA_462;anchor_period=2017-03-31
OBS_BCPI_BACKCAST_139B339FCE458D5D9533,BCPI_INSTITUTIONAL_BUILDINGS_62213_DIVISION_COMPOSITE,PR_24,Quebec,2021S0503462,46.9,"Index, 2023=100",2001-07-01,2001-09-30,STATCAN_BCPI_18100289,inferred,2001-09-30,TR_AIIO_BCPI_PROVINCE_LINKED_CMA_BACKCAST_0_1,province_linked_cma_backcast;not_official_provincial_observation;reference_cma=CMA_462;anchor_period=2017-03-31
OBS_BCPI_BACKCAST_D7590353E0E59978F471,BCPI_INSTITUTIONAL_BUILDINGS_62213_DIVISION_COMPOSITE,PR_24,Quebec,2021S0503462,47.6,"Index, 2023=100",2001-10-01,2001-12-31,STATCAN_BCPI_18100289,inferred,2001-12-31,TR_AIIO_BCPI_PROVINCE_LINKED_CMA_BACKCAST_0_1,province_linked_cma_backcast;not_official_provincial_observation;reference_cma=CMA_462;anchor_period=2017-03-31
OBS_BCPI_BACKCAST_91B6149B1BBD1446AA60,BCPI_INSTITUTIONAL_BUILDINGS_62213_DIVISION_COMPOSITE,PR_24,Quebec,2021S0503462,47.8,"Index, 2023=100",2002-01-01,2002-03-31,STATCAN_BCPI_18100289,inferred,2002-03-31,TR_AIIO_BCPI_PROVINCE_LINKED_CMA_BACKCAST_0_1,province_linked_cma_backcast;not_official_provincial_observation;reference_cma=CMA_462;anchor_period=2017-03-31
OBS_BCPI_BACKCAST_BC4964D08E08FB38D2C3,BCPI_INSTITUTIONAL_BUILDINGS_62213_DIVISION_COMPOSITE,PR_24,Quebec,2021S0503462,48,"Index, 2023=100",2002-04-01,2002-06-30,STATCAN_BCPI_18100289,inferred,2002-06-30,TR_AIIO_BCPI_PROVINCE_LINKED_CMA_BACKCAST_0_1,province_linked_cma_backcast;not_official_provincial_observation;reference_cma=CMA_462;anchor_period=2017-03-31
OBS_BCPI_BACKCAST_E420726A5332715F3E8E,BCPI_INSTITUTIONAL_BUILDINGS_62213_DIVISION_COMPOSITE,PR_24,Quebec,2021S0503462,48.2,"Index, 2023=100",2002-07-01,2002-09-30,STATCAN_BCPI_18100289,inferred,2002-09-30,TR_AIIO_BCPI_PROVINCE_LINKED_CMA_BACKCAST_0_1,province_linked_cma_backcast;not_official_provincial_observation;reference_cma=CMA_462;anchor_period=2017-03-31
OBS_BCPI_BACKCAST_529901A069B697B83F08,BCPI_INSTITUTIONAL_BUILDINGS_62213_DIVISION_COMPOSITE,PR_24,Quebec,2021S0503462,48.6,"Index, 2023=100",2002-10-01,2002-12-31,STATCAN_BCPI_18100289,inferred,2002-12-31,TR_AIIO_BCPI_PROVINCE_LINKED_CMA_BACKCAST_0_1,province_linked_cma_backcast;not_official_provincial_observation;reference_cma=CMA_462;anchor_period=2017-03-31
OBS_BCPI_BACKCAST_1933FEEA6692E7DE16DC,BCPI_INSTITUTIONAL_BUILDINGS_62213_DIVISION_COMPOSITE,PR_24,Quebec,2021S0503462,48.8,"Index, 2023=100",2003-01-01,2003-03-31,STATCAN_BCPI_18100289,inferred,2003-03-31,TR_AIIO_BCPI_PROVINCE_LINKED_CMA_BACKCAST_0_1,province_linked_cma_backcast;not_official_provincial_observation;reference_cma=CMA_462;anchor_period=2017-03-31
OBS_BCPI_BACKCAST_E54C953578BB85F04801,BCPI_INSTITUTIONAL_BUILDINGS_62213_DIVISION_COMPOSITE,PR_24,Quebec,2021S0503462,49.1,"Index, 2023=100",2003-04-01,2003-06-30,STATCAN_BCPI_18100289,inferred,2003-06-30,TR_AIIO_BCPI_PROVINCE_LINKED_CMA_BACKCAST_0_1,province_linked_cma_backcast;not_official_provincial_observation;reference_cma=CMA_462;anchor_period=2017-03-31
OBS_BCPI_BACKCAST_3EC76E60C3126CDCE40C,BCPI_INSTITUTIONAL_BUILDINGS_62213_DIVISION_COMPOSITE,PR_24,Quebec,2021S0503462,49.5,"Index, 2023=100",2003-07-01,2003-09-30,STATCAN_BCPI_18100289,inferred,2003-09-30,TR_AIIO_BCPI_PROVINCE_LINKED_CMA_BACKCAST_0_1,province_linked_cma_backcast;not_official_provincial_observation;reference_cma=CMA_462;anchor_period=2017-03-31
OBS_BCPI_BACKCAST_3206FDB8F4F8830AD36E,BCPI_INSTITUTIONAL_BUILDINGS_62213_DIVISION_COMPOSITE,PR_24,Quebec,2021S0503462,49.6,"Index, 2023=100",2003-10-01,2003-12-31,STATCAN_BCPI_18100289,inferred,2003-12-31,TR_AIIO_BCPI_PROVINCE_LINKED_CMA_BACKCAST_0_1,province_linked_cma_backcast;not_official_provincial_observation;reference_cma=CMA_462;anchor_period=2017-03-31
OBS_BCPI_BACKCAST_76E848F68A60176E3A3D,BCPI_INSTITUTIONAL_BUILDINGS_62213_DIVISION_COMPOSITE,PR_24,Quebec,2021S0503462,50.4,"Index, 2023=100",2004-01-01,2004-03-31,STATCAN_BCPI_18100289,inferred,2004-03-31,TR_AIIO_BCPI_PROVINCE_LINKED_CMA_BACKCAST_0_1,province_linked_cma_backcast;not_official_provincial_observation;reference_cma=CMA_462;anchor_period=2017-03-31
OBS_BCPI_BACKCAST_69E3DB871004DA23F9EB,BCPI_INSTITUTIONAL_BUILDINGS_62213_DIVISION_COMPOSITE,PR_24,Quebec,2021S0503462,51,"Index, 2023=100",2004-04-01,2004-06-30,STATCAN_BCPI_18100289,inferred,2004-06-30,TR_AIIO_BCPI_PROVINCE_LINKED_CMA_BACKCAST_0_1,province_linked_cma_backcast;not_official_provincial_observation;reference_cma=CMA_462;anchor_period=2017-03-31
OBS_BCPI_BACKCAST_1F4E5444948877A2909B,BCPI_INSTITUTIONAL_BUILDINGS_62213_DIVISION_COMPOSITE,PR_24,Quebec,2021S0503462,52.4,"Index, 2023=100",2004-07-01,2004-09-30,STATCAN_BCPI_18100289,inferred,2004-09-30,TR_AIIO_BCPI_PROVINCE_LINKED_CMA_BACKCAST_0_1,province_linked_cma_backcast;not_official_provincial_observation;reference_cma=CMA_462;anchor_period=2017-03-31
OBS_BCPI_BACKCAST_3E87B0390DEEB5F36502,BCPI_INSTITUTIONAL_BUILDINGS_62213_DIVISION_COMPOSITE,PR_24,Quebec,2021S0503462,52.9,"Index, 2023=100",2004-10-01,2004-12-31,STATCAN_BCPI_18100289,inferred,2004-12-31,TR_AIIO_BCPI_PROVINCE_LINKED_CMA_BACKCAST_0_1,province_linked_cma_backcast;not_official_provincial_observation;reference_cma=CMA_462;anchor_period=2017-03-31
OBS_BCPI_BACKCAST_48D2B1D4AD17ED255AAD,BCPI_INSTITUTIONAL_BUILDINGS_62213_DIVISION_COMPOSITE,PR_24,Quebec,2021S0503462,52.8,"Index, 2023=100",2005-01-01,2005-03-31,STATCAN_BCPI_18100289,inferred,2005-03-31,TR_AIIO_BCPI_PROVINCE_LINKED_CMA_BACKCAST_0_1,province_linked_cma_backcast;not_official_provincial_observation;reference_cma=CMA_462;anchor_period=2017-03-31
OBS_BCPI_BACKCAST_649D6087AB8CC8F11E8D,BCPI_INSTITUTIONAL_BUILDINGS_62213_DIVISION_COMPOSITE,PR_24,Quebec,2021S0503462,53.6,"Index, 2023=100",2005-04-01,2005-06-30,STATCAN_BCPI_18100289,inferred,2005-06-30,TR_AIIO_BCPI_PROVINCE_LINKED_CMA_BACKCAST_0_1,province_linked_cma_backcast;not_official_provincial_observation;reference_cma=CMA_462;anchor_period=2017-03-31
OBS_BCPI_BACKCAST_60D60D7AB522777EDD75,BCPI_INSTITUTIONAL_BUILDINGS_62213_DIVISION_COMPOSITE,PR_24,Quebec,2021S0503462,54.3,"Index, 2023=100",2005-07-01,2005-09-30,STATCAN_BCPI_18100289,inferred,2005-09-30,TR_AIIO_BCPI_PROVINCE_LINKED_CMA_BACKCAST_0_1,province_linked_cma_backcast;not_official_provincial_observation;reference_cma=CMA_462;anchor_period=2017-03-31
OBS_BCPI_BACKCAST_5F755C8643CE8618FADC,BCPI_INSTITUTIONAL_BUILDINGS_62213_DIVISION_COMPOSITE,PR_24,Quebec,2021S0503462,54.6,"Index, 2023=100",2005-10-01,2005-12-31,STATCAN_BCPI_18100289,inferred,2005-12-31,TR_AIIO_BCPI_PROVINCE_LINKED_CMA_BACKCAST_0_1,province_linked_cma_backcast;not_official_provincial_observation;reference_cma=CMA_462;anchor_period=2017-03-31
OBS_BCPI_BACKCAST_499B9EACADD34790404E,BCPI_INSTITUTIONAL_BUILDINGS_62213_DIVISION_COMPOSITE,PR_24,Quebec,2021S0503462,55.1,"Index, 2023=100",2006-01-01,2006-03-31,STATCAN_BCPI_18100289,inferred,2006-03-31,TR_AIIO_BCPI_PROVINCE_LINKED_CMA_BACKCAST_0_1,province_linked_cma_backcast;not_official_provincial_observation;reference_cma=CMA_462;anchor_period=2017-03-31
OBS_BCPI_BACKCAST_C61025FBF80F88AE5A02,BCPI_INSTITUTIONAL_BUILDINGS_62213_DIVISION_COMPOSITE,PR_24,Quebec,2021S0503462,55.6,"Index, 2023=100",2006-04-01,2006-06-30,STATCAN_BCPI_18100289,inferred,2006-06-30,TR_AIIO_BCPI_PROVINCE_LINKED_CMA_BACKCAST_0_1,province_linked_cma_backcast;not_official_provincial_observation;reference_cma=CMA_462;anchor_period=2017-03-31
OBS_BCPI_BACKCAST_9ADFC96DE94628934B7C,BCPI_INSTITUTIONAL_BUILDINGS_62213_DIVISION_COMPOSITE,PR_24,Quebec,2021S0503462,56.3,"Index, 2023=100",2006-07-01,2006-09-30,STATCAN_BCPI_18100289,inferred,2006-09-30,TR_AIIO_BCPI_PROVINCE_LINKED_CMA_BACKCAST_0_1,province_linked_cma_backcast;not_official_provincial_observation;reference_cma=CMA_462;anchor_period=2017-03-31
OBS_BCPI_BACKCAST_AB80ECC2E5605110EA6C,BCPI_INSTITUTIONAL_BUILDINGS_62213_DIVISION_COMPOSITE,PR_24,Quebec,2021S0503462,56.7,"Index, 2023=100",2006-10-01,2006-12-31,STATCAN_BCPI_18100289,inferred,2006-12-31,TR_AIIO_BCPI_PROVINCE_LINKED_CMA_BACKCAST_0_1,province_linked_cma_backcast;not_official_provincial_observation;reference_cma=CMA_462;anchor_period=2017-03-31
OBS_BCPI_BACKCAST_8DB1B1CECA8A535C4E4B,BCPI_INSTITUTIONAL_BUILDINGS_62213_DIVISION_COMPOSITE,PR_24,Quebec,2021S0503462,56.8,"Index, 2023=100",2007-01-01,2007-03-31,STATCAN_BCPI_18100289,inferred,2007-03-31,TR_AIIO_BCPI_PROVINCE_LINKED_CMA_BACKCAST_0_1,province_linked_cma_backcast;not_official_provincial_observation;reference_cma=CMA_462;anchor_period=2017-03-31
OBS_BCPI_BACKCAST_C2F522C773C810C0926E,BCPI_INSTITUTIONAL_BUILDINGS_62213_DIVISION_COMPOSITE,PR_24,Quebec,2021S0503462,58.3,"Index, 2023=100",2007-04-01,2007-06-30,STATCAN_BCPI_18100289,inferred,2007-06-30,TR_AIIO_BCPI_PROVINCE_LINKED_CMA_BACKCAST_0_1,province_linked_cma_backcast;not_official_provincial_observation;reference_cma=CMA_462;anchor_period=2017-03-31
OBS_BCPI_BACKCAST_1964F8DFFB5CAAC8A99C,BCPI_INSTITUTIONAL_BUILDINGS_62213_DIVISION_COMPOSITE,PR_24,Quebec,2021S0503462,58.5,"Index, 2023=100",2007-07-01,2007-09-30,STATCAN_BCPI_18100289,inferred,2007-09-30,TR_AIIO_BCPI_PROVINCE_LINKED_CMA_BACKCAST_0_1,province_linked_cma_backcast;not_official_provincial_observation;reference_cma=CMA_462;anchor_period=2017-03-31
OBS_BCPI_BACKCAST_BE1EA62BF8A11BF90F9C,BCPI_INSTITUTIONAL_BUILDINGS_62213_DIVISION_COMPOSITE,PR_24,Quebec,2021S0503462,59.1,"Index, 2023=100",2007-10-01,2007-12-31,STATCAN_BCPI_18100289,inferred,2007-12-31,TR_AIIO_BCPI_PROVINCE_LINKED_CMA_BACKCAST_0_1,province_linked_cma_backcast;not_official_provincial_observation;reference_cma=CMA_462;anchor_period=2017-03-31
OBS_BCPI_BACKCAST_DA6353C0AE647EB9DB78,BCPI_INSTITUTIONAL_BUILDINGS_62213_DIVISION_COMPOSITE,PR_24,Quebec,2021S0503462,60.3,"Index, 2023=100",2008-01-01,2008-03-31,STATCAN_BCPI_18100289,inferred,2008-03-31,TR_AIIO_BCPI_PROVINCE_LINKED_CMA_BACKCAST_0_1,province_linked_cma_backcast;not_official_provincial_observation;reference_cma=CMA_462;anchor_period=2017-03-31
OBS_BCPI_BACKCAST_64F2B5E8BAEAA7D2B055,BCPI_INSTITUTIONAL_BUILDINGS_62213_DIVISION_COMPOSITE,PR_24,Quebec,2021S0503462,61.7,"Index, 2023=100",2008-04-01,2008-06-30,STATCAN_BCPI_18100289,inferred,2008-06-30,TR_AIIO_BCPI_PROVINCE_LINKED_CMA_BACKCAST_0_1,province_linked_cma_backcast;not_official_provincial_observation;reference_cma=CMA_462;anchor_period=2017-03-31
OBS_BCPI_BACKCAST_66598D7EAE5EF6FA8BC3,BCPI_INSTITUTIONAL_BUILDINGS_62213_DIVISION_COMPOSITE,PR_24,Quebec,2021S0503462,62.8,"Index, 2023=100",2008-07-01,2008-09-30,STATCAN_BCPI_18100289,inferred,2008-09-30,TR_AIIO_BCPI_PROVINCE_LINKED_CMA_BACKCAST_0_1,province_linked_cma_backcast;not_official_provincial_observation;reference_cma=CMA_462;anchor_period=2017-03-31
OBS_BCPI_BACKCAST_25D8825E7F1ED68A404E,BCPI_INSTITUTIONAL_BUILDINGS_62213_DIVISION_COMPOSITE,PR_24,Quebec,2021S0503462,63.3,"Index, 2023=100",2008-10-01,2008-12-31,STATCAN_BCPI_18100289,inferred,2008-12-31,TR_AIIO_BCPI_PROVINCE_LINKED_CMA_BACKCAST_0_1,province_linked_cma_backcast;not_official_provincial_observation;reference_cma=CMA_462;anchor_period=2017-03-31
OBS_BCPI_BACKCAST_4FE884CB65C55FA82A06,BCPI_INSTITUTIONAL_BUILDINGS_62213_DIVISION_COMPOSITE,PR_24,Quebec,2021S0503462,63.3,"Index, 2023=100",2009-01-01,2009-03-31,STATCAN_BCPI_18100289,inferred,2009-03-31,TR_AIIO_BCPI_PROVINCE_LINKED_CMA_BACKCAST_0_1,province_linked_cma_backcast;not_official_provincial_observation;reference_cma=CMA_462;anchor_period=2017-03-31
OBS_BCPI_BACKCAST_710721F0017303EC1304,BCPI_INSTITUTIONAL_BUILDINGS_62213_DIVISION_COMPOSITE,PR_24,Quebec,2021S0503462,63.3,"Index, 2023=100",2009-04-01,2009-06-30,STATCAN_BCPI_18100289,inferred,2009-06-30,TR_AIIO_BCPI_PROVINCE_LINKED_CMA_BACKCAST_0_1,province_linked_cma_backcast;not_official_provincial_observation;reference_cma=CMA_462;anchor_period=2017-03-31
OBS_BCPI_BACKCAST_3922959A924B682F7DB9,BCPI_INSTITUTIONAL_BUILDINGS_62213_DIVISION_COMPOSITE,PR_24,Quebec,2021S0503462,63.6,"Index, 2023=100",2009-07-01,2009-09-30,STATCAN_BCPI_18100289,inferred,2009-09-30,TR_AIIO_BCPI_PROVINCE_LINKED_CMA_BACKCAST_0_1,province_linked_cma_backcast;not_official_provincial_observation;reference_cma=CMA_462;anchor_period=2017-03-31
OBS_BCPI_BACKCAST_EFFFAD52855523C7C2E8,BCPI_INSTITUTIONAL_BUILDINGS_62213_DIVISION_COMPOSITE,PR_24,Quebec,2021S0503462,63.7,"Index, 2023=100",2009-10-01,2009-12-31,STATCAN_BCPI_18100289,inferred,2009-12-31,TR_AIIO_BCPI_PROVINCE_LINKED_CMA_BACKCAST_0_1,province_linked_cma_backcast;not_official_provincial_observation;reference_cma=CMA_462;anchor_period=2017-03-31
OBS_BCPI_BACKCAST_86C8A0F40838AF7967E5,BCPI_INSTITUTIONAL_BUILDINGS_62213_DIVISION_COMPOSITE,PR_24,Quebec,2021S0503462,63.7,"Index, 2023=100",2010-01-01,2010-03-31,STATCAN_BCPI_18100289,inferred,2010-03-31,TR_AIIO_BCPI_PROVINCE_LINKED_CMA_BACKCAST_0_1,province_linked_cma_backcast;not_official_provincial_observation;reference_cma=CMA_462;anchor_period=2017-03-31
OBS_BCPI_BACKCAST_8926659936AE61BE706C,BCPI_INSTITUTIONAL_BUILDINGS_62213_DIVISION_COMPOSITE,PR_24,Quebec,2021S0503462,64.5,"Index, 2023=100",2010-04-01,2010-06-30,STATCAN_BCPI_18100289,inferred,2010-06-30,TR_AIIO_BCPI_PROVINCE_LINKED_CMA_BACKCAST_0_1,province_linked_cma_backcast;not_official_provincial_observation;reference_cma=CMA_462;anchor_period=2017-03-31
OBS_BCPI_BACKCAST_7389594BDFC4781B745A,BCPI_INSTITUTIONAL_BUILDINGS_62213_DIVISION_COMPOSITE,PR_24,Quebec,2021S0503462,64.6,"Index, 2023=100",2010-07-01,2010-09-30,STATCAN_BCPI_18100289,inferred,2010-09-30,TR_AIIO_BCPI_PROVINCE_LINKED_CMA_BACKCAST_0_1,province_linked_cma_backcast;not_official_provincial_observation;reference_cma=CMA_462;anchor_period=2017-03-31
OBS_BCPI_BACKCAST_6038E5D597A156FAF564,BCPI_INSTITUTIONAL_BUILDINGS_62213_DIVISION_COMPOSITE,PR_24,Quebec,2021S0503462,65.2,"Index, 2023=100",2010-10-01,2010-12-31,STATCAN_BCPI_18100289,inferred,2010-12-31,TR_AIIO_BCPI_PROVINCE_LINKED_CMA_BACKCAST_0_1,province_linked_cma_backcast;not_official_provincial_observation;reference_cma=CMA_462;anchor_period=2017-03-31
OBS_BCPI_BACKCAST_D69F329EFC840BF91B06,BCPI_INSTITUTIONAL_BUILDINGS_62213_DIVISION_COMPOSITE,PR_24,Quebec,2021S0503462,65.8,"Index, 2023=100",2011-01-01,2011-03-31,STATCAN_BCPI_18100289,inferred,2011-03-31,TR_AIIO_BCPI_PROVINCE_LINKED_CMA_BACKCAST_0_1,province_linked_cma_backcast;not_official_provincial_observation;reference_cma=CMA_462;anchor_period=2017-03-31
OBS_BCPI_BACKCAST_E6E9772CE5D0A795A8AE,BCPI_INSTITUTIONAL_BUILDINGS_62213_DIVISION_COMPOSITE,PR_24,Quebec,2021S0503462,66.3,"Index, 2023=100",2011-04-01,2011-06-30,STATCAN_BCPI_18100289,inferred,2011-06-30,TR_AIIO_BCPI_PROVINCE_LINKED_CMA_BACKCAST_0_1,province_linked_cma_backcast;not_official_provincial_observation;reference_cma=CMA_462;anchor_period=2017-03-31
OBS_BCPI_BACKCAST_72A784454D5969DE4E23,BCPI_INSTITUTIONAL_BUILDINGS_62213_DIVISION_COMPOSITE,PR_24,Quebec,2021S0503462,67.1,"Index, 2023=100",2011-07-01,2011-09-30,STATCAN_BCPI_18100289,inferred,2011-09-30,TR_AIIO_BCPI_PROVINCE_LINKED_CMA_BACKCAST_0_1,province_linked_cma_backcast;not_official_provincial_observation;reference_cma=CMA_462;anchor_period=2017-03-31
OBS_BCPI_BACKCAST_86C1326A42BC0A33E748,BCPI_INSTITUTIONAL_BUILDINGS_62213_DIVISION_COMPOSITE,PR_24,Quebec,2021S0503462,67.2,"Index, 2023=100",2011-10-01,2011-12-31,STATCAN_BCPI_18100289,inferred,2011-12-31,TR_AIIO_BCPI_PROVINCE_LINKED_CMA_BACKCAST_0_1,province_linked_cma_backcast;not_official_provincial_observation;reference_cma=CMA_462;anchor_period=2017-03-31
OBS_BCPI_BACKCAST_B5BE64E684B05B5C0E44,BCPI_INSTITUTIONAL_BUILDINGS_62213_DIVISION_COMPOSITE,PR_24,Quebec,2021S0503462,67.7,"Index, 2023=100",2012-01-01,2012-03-31,STATCAN_BCPI_18100289,inferred,2012-03-31,TR_AIIO_BCPI_PROVINCE_LINKED_CMA_BACKCAST_0_1,province_linked_cma_backcast;not_official_provincial_observation;reference_cma=CMA_462;anchor_period=2017-03-31
OBS_BCPI_BACKCAST_AC19E217DFB31A69874E,BCPI_INSTITUTIONAL_BUILDINGS_62213_DIVISION_COMPOSITE,PR_24,Quebec,2021S0503462,67.9,"Index, 2023=100",2012-04-01,2012-06-30,STATCAN_BCPI_18100289,inferred,2012-06-30,TR_AIIO_BCPI_PROVINCE_LINKED_CMA_BACKCAST_0_1,province_linked_cma_backcast;not_official_provincial_observation;reference_cma=CMA_462;anchor_period=2017-03-31
OBS_BCPI_BACKCAST_BA4BB889BF07CC3DC73E,BCPI_INSTITUTIONAL_BUILDINGS_62213_DIVISION_COMPOSITE,PR_24,Quebec,2021S0503462,67.9,"Index, 2023=100",2012-07-01,2012-09-30,STATCAN_BCPI_18100289,inferred,2012-09-30,TR_AIIO_BCPI_PROVINCE_LINKED_CMA_BACKCAST_0_1,province_linked_cma_backcast;not_official_provincial_observation;reference_cma=CMA_462;anchor_period=2017-03-31
OBS_BCPI_BACKCAST_48D26DE1F688A98F4391,BCPI_INSTITUTIONAL_BUILDINGS_62213_DIVISION_COMPOSITE,PR_24,Quebec,2021S0503462,68.3,"Index, 2023=100",2012-10-01,2012-12-31,STATCAN_BCPI_18100289,inferred,2012-12-31,TR_AIIO_BCPI_PROVINCE_LINKED_CMA_BACKCAST_0_1,province_linked_cma_backcast;not_official_provincial_observation;reference_cma=CMA_462;anchor_period=2017-03-31
OBS_BCPI_BACKCAST_8422B2D19BB3B0BA32EA,BCPI_INSTITUTIONAL_BUILDINGS_62213_DIVISION_COMPOSITE,PR_24,Quebec,2021S0503462,68.3,"Index, 2023=100",2013-01-01,2013-03-31,STATCAN_BCPI_18100289,inferred,2013-03-31,TR_AIIO_BCPI_PROVINCE_LINKED_CMA_BACKCAST_0_1,province_linked_cma_backcast;not_official_provincial_observation;reference_cma=CMA_462;anchor_period=2017-03-31
OBS_BCPI_BACKCAST_21B75D1D11C6CE37B42F,BCPI_INSTITUTIONAL_BUILDINGS_62213_DIVISION_COMPOSITE,PR_24,Quebec,2021S0503462,68.4,"Index, 2023=100",2013-04-01,2013-06-30,STATCAN_BCPI_18100289,inferred,2013-06-30,TR_AIIO_BCPI_PROVINCE_LINKED_CMA_BACKCAST_0_1,province_linked_cma_backcast;not_official_provincial_observation;reference_cma=CMA_462;anchor_period=2017-03-31
OBS_BCPI_BACKCAST_3C6D72DC44ECB1EFC848,BCPI_INSTITUTIONAL_BUILDINGS_62213_DIVISION_COMPOSITE,PR_24,Quebec,2021S0503462,68.3,"Index, 2023=100",2013-07-01,2013-09-30,STATCAN_BCPI_18100289,inferred,2013-09-30,TR_AIIO_BCPI_PROVINCE_LINKED_CMA_BACKCAST_0_1,province_linked_cma_backcast;not_official_provincial_observation;reference_cma=CMA_462;anchor_period=2017-03-31
OBS_BCPI_BACKCAST_1B7694AD26FDFB8AC60D,BCPI_INSTITUTIONAL_BUILDINGS_62213_DIVISION_COMPOSITE,PR_24,Quebec,2021S0503462,68.4,"Index, 2023=100",2013-10-01,2013-12-31,STATCAN_BCPI_18100289,inferred,2013-12-31,TR_AIIO_BCPI_PROVINCE_LINKED_CMA_BACKCAST_0_1,province_linked_cma_backcast;not_official_provincial_observation;reference_cma=CMA_462;anchor_period=2017-03-31
OBS_BCPI_BACKCAST_2489CF000E33683433F2,BCPI_INSTITUTIONAL_BUILDINGS_62213_DIVISION_COMPOSITE,PR_24,Quebec,2021S0503462,68.8,"Index, 2023=100",2014-01-01,2014-03-31,STATCAN_BCPI_18100289,inferred,2014-03-31,TR_AIIO_BCPI_PROVINCE_LINKED_CMA_BACKCAST_0_1,province_linked_cma_backcast;not_official_provincial_observation;reference_cma=CMA_462;anchor_period=2017-03-31
OBS_BCPI_BACKCAST_40311ABB419FDDF3C91C,BCPI_INSTITUTIONAL_BUILDINGS_62213_DIVISION_COMPOSITE,PR_24,Quebec,2021S0503462,69.1,"Index, 2023=100",2014-04-01,2014-06-30,STATCAN_BCPI_18100289,inferred,2014-06-30,TR_AIIO_BCPI_PROVINCE_LINKED_CMA_BACKCAST_0_1,province_linked_cma_backcast;not_official_provincial_observation;reference_cma=CMA_462;anchor_period=2017-03-31
OBS_BCPI_BACKCAST_A4470450374FC61749CA,BCPI_INSTITUTIONAL_BUILDINGS_62213_DIVISION_COMPOSITE,PR_24,Quebec,2021S0503462,69.3,"Index, 2023=100",2014-07-01,2014-09-30,STATCAN_BCPI_18100289,inferred,2014-09-30,TR_AIIO_BCPI_PROVINCE_LINKED_CMA_BACKCAST_0_1,province_linked_cma_backcast;not_official_provincial_observation;reference_cma=CMA_462;anchor_period=2017-03-31
OBS_BCPI_BACKCAST_E8995FCD3B8101E68CC0,BCPI_INSTITUTIONAL_BUILDINGS_62213_DIVISION_COMPOSITE,PR_24,Quebec,2021S0503462,69.4,"Index, 2023=100",2014-10-01,2014-12-31,STATCAN_BCPI_18100289,inferred,2014-12-31,TR_AIIO_BCPI_PROVINCE_LINKED_CMA_BACKCAST_0_1,province_linked_cma_backcast;not_official_provincial_observation;reference_cma=CMA_462;anchor_period=2017-03-31
OBS_BCPI_BACKCAST_9C3A6D69C4E47CB40DF2,BCPI_INSTITUTIONAL_BUILDINGS_62213_DIVISION_COMPOSITE,PR_24,Quebec,2021S0503462,69.6,"Index, 2023=100",2015-01-01,2015-03-31,STATCAN_BCPI_18100289,inferred,2015-03-31,TR_AIIO_BCPI_PROVINCE_LINKED_CMA_BACKCAST_0_1,province_linked_cma_backcast;not_official_provincial_observation;reference_cma=CMA_462;anchor_period=2017-03-31
OBS_BCPI_BACKCAST_C7EF12409FE2CA2237EC,BCPI_INSTITUTIONAL_BUILDINGS_62213_DIVISION_COMPOSITE,PR_24,Quebec,2021S0503462,69.9,"Index, 2023=100",2015-04-01,2015-06-30,STATCAN_BCPI_18100289,inferred,2015-06-30,TR_AIIO_BCPI_PROVINCE_LINKED_CMA_BACKCAST_0_1,province_linked_cma_backcast;not_official_provincial_observation;reference_cma=CMA_462;anchor_period=2017-03-31
OBS_BCPI_BACKCAST_9C53E5441C934BED4AEC,BCPI_INSTITUTIONAL_BUILDINGS_62213_DIVISION_COMPOSITE,PR_24,Quebec,2021S0503462,69.5,"Index, 2023=100",2015-07-01,2015-09-30,STATCAN_BCPI_18100289,inferred,2015-09-30,TR_AIIO_BCPI_PROVINCE_LINKED_CMA_BACKCAST_0_1,province_linked_cma_backcast;not_official_provincial_observation;reference_cma=CMA_462;anchor_period=2017-03-31
OBS_BCPI_BACKCAST_912A709AA621F95C4728,BCPI_INSTITUTIONAL_BUILDINGS_62213_DIVISION_COMPOSITE,PR_24,Quebec,2021S0503462,70.1,"Index, 2023=100",2015-10-01,2015-12-31,STATCAN_BCPI_18100289,inferred,2015-12-31,TR_AIIO_BCPI_PROVINCE_LINKED_CMA_BACKCAST_0_1,province_linked_cma_backcast;not_official_provincial_observation;reference_cma=CMA_462;anchor_period=2017-03-31
OBS_BCPI_BACKCAST_F5E0BB4038B4906C214E,BCPI_INSTITUTIONAL_BUILDINGS_62213_DIVISION_COMPOSITE,PR_24,Quebec,2021S0503462,70.1,"Index, 2023=100",2016-01-01,2016-03-31,STATCAN_BCPI_18100289,inferred,2016-03-31,TR_AIIO_BCPI_PROVINCE_LINKED_CMA_BACKCAST_0_1,province_linked_cma_backcast;not_official_provincial_observation;reference_cma=CMA_462;anchor_period=2017-03-31
OBS_BCPI_BACKCAST_EFA42202DB6A5BB3EEB9,BCPI_INSTITUTIONAL_BUILDINGS_62213_DIVISION_COMPOSITE,PR_24,Quebec,2021S0503462,70.6,"Index, 2023=100",2016-04-01,2016-06-30,STATCAN_BCPI_18100289,inferred,2016-06-30,TR_AIIO_BCPI_PROVINCE_LINKED_CMA_BACKCAST_0_1,province_linked_cma_backcast;not_official_provincial_observation;reference_cma=CMA_462;anchor_period=2017-03-31
OBS_BCPI_BACKCAST_4551AE9DFA90D05C2E84,BCPI_INSTITUTIONAL_BUILDINGS_62213_DIVISION_COMPOSITE,PR_24,Quebec,2021S0503462,70.6,"Index, 2023=100",2016-07-01,2016-09-30,STATCAN_BCPI_18100289,inferred,2016-09-30,TR_AIIO_BCPI_PROVINCE_LINKED_CMA_BACKCAST_0_1,province_linked_cma_backcast;not_official_provincial_observation;reference_cma=CMA_462;anchor_period=2017-03-31
OBS_BCPI_BACKCAST_6091CF53E745A8D18351,BCPI_INSTITUTIONAL_BUILDINGS_62213_DIVISION_COMPOSITE,PR_24,Quebec,2021S0503462,71.2,"Index, 2023=100",2016-10-01,2016-12-31,STATCAN_BCPI_18100289,inferred,2016-12-31,TR_AIIO_BCPI_PROVINCE_LINKED_CMA_BACKCAST_0_1,province_linked_cma_backcast;not_official_provincial_observation;reference_cma=CMA_462;anchor_period=2017-03-31
OBS_BCPI_CB1CBDD7DB6584423953,BCPI_INSTITUTIONAL_BUILDINGS_62213_DIVISION_COMPOSITE,PR_24,Quebec,2021A000224,71.7,"Index, 2023=100",2017-01-01,2017-03-31,STATCAN_BCPI_18100289,observed,2017-03-31,TR_STATCAN_BCPI_BC_ON_QC_REFERENCE_CLASSES_1_0_0,
OBS_BCPI_E2431BEEBA393A791ED8,BCPI_INSTITUTIONAL_BUILDINGS_62213_DIVISION_COMPOSITE,PR_24,Quebec,2021A000224,72.5,"Index, 2023=100",2017-04-01,2017-06-30,STATCAN_BCPI_18100289,observed,2017-06-30,TR_STATCAN_BCPI_BC_ON_QC_REFERENCE_CLASSES_1_0_0,
OBS_BCPI_BCBEB41A32BB585CCD09,BCPI_INSTITUTIONAL_BUILDINGS_62213_DIVISION_COMPOSITE,PR_24,Quebec,2021A000224,73.0,"Index, 2023=100",2017-07-01,2017-09-30,STATCAN_BCPI_18100289,observed,2017-09-30,TR_STATCAN_BCPI_BC_ON_QC_REFERENCE_CLASSES_1_0_0,
OBS_BCPI_627BC87B7BE7DCA1E47D,BCPI_INSTITUTIONAL_BUILDINGS_62213_DIVISION_COMPOSITE,PR_24,Quebec,2021A000224,73.6,"Index, 2023=100",2017-10-01,2017-12-31,STATCAN_BCPI_18100289,observed,2017-12-31,TR_STATCAN_BCPI_BC_ON_QC_REFERENCE_CLASSES_1_0_0,
OBS_BCPI_59D7C89A1C6BC5645D2C,BCPI_INSTITUTIONAL_BUILDINGS_62213_DIVISION_COMPOSITE,PR_24,Quebec,2021A000224,74.1,"Index, 2023=100",2018-01-01,2018-03-31,STATCAN_BCPI_18100289,observed,2018-03-31,TR_STATCAN_BCPI_BC_ON_QC_REFERENCE_CLASSES_1_0_0,
OBS_BCPI_5472F0F259E92D59802F,BCPI_INSTITUTIONAL_BUILDINGS_62213_DIVISION_COMPOSITE,PR_24,Quebec,2021A000224,75.0,"Index, 2023=100",2018-04-01,2018-06-30,STATCAN_BCPI_18100289,observed,2018-06-30,TR_STATCAN_BCPI_BC_ON_QC_REFERENCE_CLASSES_1_0_0,
OBS_BCPI_FDBC743DF9C4D874DEC8,BCPI_INSTITUTIONAL_BUILDINGS_62213_DIVISION_COMPOSITE,PR_24,Quebec,2021A000224,76.1,"Index, 2023=100",2018-07-01,2018-09-30,STATCAN_BCPI_18100289,observed,2018-09-30,TR_STATCAN_BCPI_BC_ON_QC_REFERENCE_CLASSES_1_0_0,
OBS_BCPI_5909A0A6BD9D12A48FCE,BCPI_INSTITUTIONAL_BUILDINGS_62213_DIVISION_COMPOSITE,PR_24,Quebec,2021A000224,76.9,"Index, 2023=100",2018-10-01,2018-12-31,STATCAN_BCPI_18100289,observed,2018-12-31,TR_STATCAN_BCPI_BC_ON_QC_REFERENCE_CLASSES_1_0_0,
OBS_BCPI_38DAD708E16D581625BA,BCPI_INSTITUTIONAL_BUILDINGS_62213_DIVISION_COMPOSITE,PR_24,Quebec,2021A000224,77.5,"Index, 2023=100",2019-01-01,2019-03-31,STATCAN_BCPI_18100289,observed,2019-03-31,TR_STATCAN_BCPI_BC_ON_QC_REFERENCE_CLASSES_1_0_0,
OBS_BCPI_FD78752ED951D7C3FDE3,BCPI_INSTITUTIONAL_BUILDINGS_62213_DIVISION_COMPOSITE,PR_24,Quebec,2021A000224,78.3,"Index, 2023=100",2019-04-01,2019-06-30,STATCAN_BCPI_18100289,observed,2019-06-30,TR_STATCAN_BCPI_BC_ON_QC_REFERENCE_CLASSES_1_0_0,
OBS_BCPI_7701DD574458A76D839C,BCPI_INSTITUTIONAL_BUILDINGS_62213_DIVISION_COMPOSITE,PR_24,Quebec,2021A000224,78.8,"Index, 2023=100",2019-07-01,2019-09-30,STATCAN_BCPI_18100289,observed,2019-09-30,TR_STATCAN_BCPI_BC_ON_QC_REFERENCE_CLASSES_1_0_0,
OBS_BCPI_CCD0841DA766551DFB16,BCPI_INSTITUTIONAL_BUILDINGS_62213_DIVISION_COMPOSITE,PR_24,Quebec,2021A000224,79.4,"Index, 2023=100",2019-10-01,2019-12-31,STATCAN_BCPI_18100289,observed,2019-12-31,TR_STATCAN_BCPI_BC_ON_QC_REFERENCE_CLASSES_1_0_0,
OBS_BCPI_24308F2CA0F82EB6C15E,BCPI_INSTITUTIONAL_BUILDINGS_62213_DIVISION_COMPOSITE,PR_24,Quebec,2021A000224,79.9,"Index, 2023=100",2020-01-01,2020-03-31,STATCAN_BCPI_18100289,observed,2020-03-31,TR_STATCAN_BCPI_BC_ON_QC_REFERENCE_CLASSES_1_0_0,
OBS_BCPI_7EDACB71ED6D44B2789B,BCPI_INSTITUTIONAL_BUILDINGS_62213_DIVISION_COMPOSITE,PR_24,Quebec,2021A000224,80.4,"Index, 2023=100",2020-04-01,2020-06-30,STATCAN_BCPI_18100289,observed,2020-06-30,TR_STATCAN_BCPI_BC_ON_QC_REFERENCE_CLASSES_1_0_0,
OBS_BCPI_E22D3E99F2009704EF44,BCPI_INSTITUTIONAL_BUILDINGS_62213_DIVISION_COMPOSITE,PR_24,Quebec,2021A000224,81.5,"Index, 2023=100",2020-07-01,2020-09-30,STATCAN_BCPI_18100289,observed,2020-09-30,TR_STATCAN_BCPI_BC_ON_QC_REFERENCE_CLASSES_1_0_0,
OBS_BCPI_6513E7A02BCE6B9A9F80,BCPI_INSTITUTIONAL_BUILDINGS_62213_DIVISION_COMPOSITE,PR_24,Quebec,2021A000224,81.6,"Index, 2023=100",2020-10-01,2020-12-31,STATCAN_BCPI_18100289,observed,2020-12-31,TR_STATCAN_BCPI_BC_ON_QC_REFERENCE_CLASSES_1_0_0,
OBS_BCPI_77CF3D3639E097B7E050,BCPI_INSTITUTIONAL_BUILDINGS_62213_DIVISION_COMPOSITE,PR_24,Quebec,2021A000224,82.7,"Index, 2023=100",2021-01-01,2021-03-31,STATCAN_BCPI_18100289,observed,2021-03-31,TR_STATCAN_BCPI_BC_ON_QC_REFERENCE_CLASSES_1_0_0,
OBS_BCPI_C51AB1088CF4D5FEA2A8,BCPI_INSTITUTIONAL_BUILDINGS_62213_DIVISION_COMPOSITE,PR_24,Quebec,2021A000224,85.5,"Index, 2023=100",2021-04-01,2021-06-30,STATCAN_BCPI_18100289,observed,2021-06-30,TR_STATCAN_BCPI_BC_ON_QC_REFERENCE_CLASSES_1_0_0,
OBS_BCPI_DBC0DE087C3D01522B66,BCPI_INSTITUTIONAL_BUILDINGS_62213_DIVISION_COMPOSITE,PR_24,Quebec,2021A000224,87.4,"Index, 2023=100",2021-07-01,2021-09-30,STATCAN_BCPI_18100289,observed,2021-09-30,TR_STATCAN_BCPI_BC_ON_QC_REFERENCE_CLASSES_1_0_0,
OBS_BCPI_20D9BAB52A71043172D4,BCPI_INSTITUTIONAL_BUILDINGS_62213_DIVISION_COMPOSITE,PR_24,Quebec,2021A000224,89.3,"Index, 2023=100",2021-10-01,2021-12-31,STATCAN_BCPI_18100289,observed,2021-12-31,TR_STATCAN_BCPI_BC_ON_QC_REFERENCE_CLASSES_1_0_0,
OBS_BCPI_6129320824C1005579FA,BCPI_INSTITUTIONAL_BUILDINGS_62213_DIVISION_COMPOSITE,PR_24,Quebec,2021A000224,92.4,"Index, 2023=100",2022-01-01,2022-03-31,STATCAN_BCPI_18100289,observed,2022-03-31,TR_STATCAN_BCPI_BC_ON_QC_REFERENCE_CLASSES_1_0_0,
OBS_BCPI_45FF0242A049E08C906D,BCPI_INSTITUTIONAL_BUILDINGS_62213_DIVISION_COMPOSITE,PR_24,Quebec,2021A000224,95.3,"Index, 2023=100",2022-04-01,2022-06-30,STATCAN_BCPI_18100289,observed,2022-06-30,TR_STATCAN_BCPI_BC_ON_QC_REFERENCE_CLASSES_1_0_0,
OBS_BCPI_622CA7CD2FBD5863496A,BCPI_INSTITUTIONAL_BUILDINGS_62213_DIVISION_COMPOSITE,PR_24,Quebec,2021A000224,97.0,"Index, 2023=100",2022-07-01,2022-09-30,STATCAN_BCPI_18100289,observed,2022-09-30,TR_STATCAN_BCPI_BC_ON_QC_REFERENCE_CLASSES_1_0_0,
OBS_BCPI_506072B7F90FBB8A92EE,BCPI_INSTITUTIONAL_BUILDINGS_62213_DIVISION_COMPOSITE,PR_24,Quebec,2021A000224,97.9,"Index, 2023=100",2022-10-01,2022-12-31,STATCAN_BCPI_18100289,observed,2022-12-31,TR_STATCAN_BCPI_BC_ON_QC_REFERENCE_CLASSES_1_0_0,
OBS_BCPI_4CA68F0B78275392B473,BCPI_INSTITUTIONAL_BUILDINGS_62213_DIVISION_COMPOSITE,PR_24,Quebec,2021A000224,98.8,"Index, 2023=100",2023-01-01,2023-03-31,STATCAN_BCPI_18100289,observed,2023-03-31,TR_STATCAN_BCPI_BC_ON_QC_REFERENCE_CLASSES_1_0_0,
OBS_BCPI_4620813E49BBEBA77D64,BCPI_INSTITUTIONAL_BUILDINGS_62213_DIVISION_COMPOSITE,PR_24,Quebec,2021A000224,99.8,"Index, 2023=100",2023-04-01,2023-06-30,STATCAN_BCPI_18100289,observed,2023-06-30,TR_STATCAN_BCPI_BC_ON_QC_REFERENCE_CLASSES_1_0_0,
OBS_BCPI_B2429668FC06210FC240,BCPI_INSTITUTIONAL_BUILDINGS_62213_DIVISION_COMPOSITE,PR_24,Quebec,2021A000224,100.4,"Index, 2023=100",2023-07-01,2023-09-30,STATCAN_BCPI_18100289,observed,2023-09-30,TR_STATCAN_BCPI_BC_ON_QC_REFERENCE_CLASSES_1_0_0,
OBS_BCPI_017E6B9837DCF5B16D96,BCPI_INSTITUTIONAL_BUILDINGS_62213_DIVISION_COMPOSITE,PR_24,Quebec,2021A000224,101.1,"Index, 2023=100",2023-10-01,2023-12-31,STATCAN_BCPI_18100289,observed,2023-12-31,TR_STATCAN_BCPI_BC_ON_QC_REFERENCE_CLASSES_1_0_0,
OBS_BCPI_2A6ACC049346B686B6DA,BCPI_INSTITUTIONAL_BUILDINGS_62213_DIVISION_COMPOSITE,PR_24,Quebec,2021A000224,101.8,"Index, 2023=100",2024-01-01,2024-03-31,STATCAN_BCPI_18100289,observed,2024-03-31,TR_STATCAN_BCPI_BC_ON_QC_REFERENCE_CLASSES_1_0_0,
OBS_BCPI_2E15099A6741AA589411,BCPI_INSTITUTIONAL_BUILDINGS_62213_DIVISION_COMPOSITE,PR_24,Quebec,2021A000224,102.9,"Index, 2023=100",2024-04-01,2024-06-30,STATCAN_BCPI_18100289,observed,2024-06-30,TR_STATCAN_BCPI_BC_ON_QC_REFERENCE_CLASSES_1_0_0,
OBS_BCPI_BBEBF0A909BA085B9B83,BCPI_INSTITUTIONAL_BUILDINGS_62213_DIVISION_COMPOSITE,PR_24,Quebec,2021A000224,103.1,"Index, 2023=100",2024-07-01,2024-09-30,STATCAN_BCPI_18100289,observed,2024-09-30,TR_STATCAN_BCPI_BC_ON_QC_REFERENCE_CLASSES_1_0_0,
OBS_BCPI_FD7604AF75EA490470B9,BCPI_INSTITUTIONAL_BUILDINGS_62213_DIVISION_COMPOSITE,PR_24,Quebec,2021A000224,103.9,"Index, 2023=100",2024-10-01,2024-12-31,STATCAN_BCPI_18100289,observed,2024-12-31,TR_STATCAN_BCPI_BC_ON_QC_REFERENCE_CLASSES_1_0_0,
OBS_BCPI_0BB65BDD45803230C2D4,BCPI_INSTITUTIONAL_BUILDINGS_62213_DIVISION_COMPOSITE,PR_24,Quebec,2021A000224,105.0,"Index, 2023=100",2025-01-01,2025-03-31,STATCAN_BCPI_18100289,observed,2025-03-31,TR_STATCAN_BCPI_BC_ON_QC_REFERENCE_CLASSES_1_0_0,
OBS_BCPI_DA89086E427C0E069393,BCPI_INSTITUTIONAL_BUILDINGS_62213_DIVISION_COMPOSITE,PR_24,Quebec,2021A000224,107.9,"Index, 2023=100",2025-04-01,2025-06-30,STATCAN_BCPI_18100289,observed,2025-06-30,TR_STATCAN_BCPI_BC_ON_QC_REFERENCE_CLASSES_1_0_0,
OBS_BCPI_D1B231F0EDCBF2B66331,BCPI_INSTITUTIONAL_BUILDINGS_62213_DIVISION_COMPOSITE,PR_24,Quebec,2021A000224,109.2,"Index, 2023=100",2025-07-01,2025-09-30,STATCAN_BCPI_18100289,observed,2025-09-30,TR_STATCAN_BCPI_BC_ON_QC_REFERENCE_CLASSES_1_0_0,
OBS_BCPI_FF26FC349E6AC696BCDC,BCPI_INSTITUTIONAL_BUILDINGS_62213_DIVISION_COMPOSITE,PR_24,Quebec,2021A000224,109.0,"Index, 2023=100",2025-10-01,2025-12-31,STATCAN_BCPI_18100289,observed,2025-12-31,TR_STATCAN_BCPI_BC_ON_QC_REFERENCE_CLASSES_1_0_0,
OBS_BCPI_D3074468D119D98B9373,BCPI_INSTITUTIONAL_BUILDINGS_62213_DIVISION_COMPOSITE,PR_24,Quebec,2021A000224,109.3,"Index, 2023=100",2026-01-01,2026-03-31,STATCAN_BCPI_18100289,observed,2026-03-31,TR_STATCAN_BCPI_BC_ON_QC_REFERENCE_CLASSES_1_0_0,
OBS_BCPI_B3FC764FCC86BDCBAD10,BCPI_INSTITUTIONAL_BUILDINGS_62213_DIVISION_COMPOSITE,PR_24,Quebec,2021A000224,111.6,"Index, 2023=100",2026-04-01,2026-06-30,STATCAN_BCPI_18100289,observed,2026-06-30,TR_STATCAN_BCPI_BC_ON_QC_REFERENCE_CLASSES_1_0_0,
OBS_BCPI_BACKCAST_12B2737B69E5285136DB,BCPI_OFFICE_BUILDING_62212_DIVISION_COMPOSITE,PR_24,Quebec,2021S0503462,24.8,"Index, 2023=100",1981-01-01,1981-03-31,STATCAN_BCPI_18100289,inferred,1981-03-31,TR_AIIO_BCPI_PROVINCE_LINKED_CMA_BACKCAST_0_1,province_linked_cma_backcast;not_official_provincial_observation;reference_cma=CMA_462;anchor_period=2017-03-31
OBS_BCPI_BACKCAST_33A432C17B809B364DDC,BCPI_OFFICE_BUILDING_62212_DIVISION_COMPOSITE,PR_24,Quebec,2021S0503462,25.6,"Index, 2023=100",1981-04-01,1981-06-30,STATCAN_BCPI_18100289,inferred,1981-06-30,TR_AIIO_BCPI_PROVINCE_LINKED_CMA_BACKCAST_0_1,province_linked_cma_backcast;not_official_provincial_observation;reference_cma=CMA_462;anchor_period=2017-03-31
OBS_BCPI_BACKCAST_54EAF2631C6AAD4138DE,BCPI_OFFICE_BUILDING_62212_DIVISION_COMPOSITE,PR_24,Quebec,2021S0503462,27,"Index, 2023=100",1981-07-01,1981-09-30,STATCAN_BCPI_18100289,inferred,1981-09-30,TR_AIIO_BCPI_PROVINCE_LINKED_CMA_BACKCAST_0_1,province_linked_cma_backcast;not_official_provincial_observation;reference_cma=CMA_462;anchor_period=2017-03-31
OBS_BCPI_BACKCAST_3DA839E4D84E3428E844,BCPI_OFFICE_BUILDING_62212_DIVISION_COMPOSITE,PR_24,Quebec,2021S0503462,28,"Index, 2023=100",1981-10-01,1981-12-31,STATCAN_BCPI_18100289,inferred,1981-12-31,TR_AIIO_BCPI_PROVINCE_LINKED_CMA_BACKCAST_0_1,province_linked_cma_backcast;not_official_provincial_observation;reference_cma=CMA_462;anchor_period=2017-03-31
OBS_BCPI_BACKCAST_265CFE5120EEA93F3C30,BCPI_OFFICE_BUILDING_62212_DIVISION_COMPOSITE,PR_24,Quebec,2021S0503462,28.8,"Index, 2023=100",1982-01-01,1982-03-31,STATCAN_BCPI_18100289,inferred,1982-03-31,TR_AIIO_BCPI_PROVINCE_LINKED_CMA_BACKCAST_0_1,province_linked_cma_backcast;not_official_provincial_observation;reference_cma=CMA_462;anchor_period=2017-03-31
OBS_BCPI_BACKCAST_9EABB6C9C25AE139FBE0,BCPI_OFFICE_BUILDING_62212_DIVISION_COMPOSITE,PR_24,Quebec,2021S0503462,29.2,"Index, 2023=100",1982-04-01,1982-06-30,STATCAN_BCPI_18100289,inferred,1982-06-30,TR_AIIO_BCPI_PROVINCE_LINKED_CMA_BACKCAST_0_1,province_linked_cma_backcast;not_official_provincial_observation;reference_cma=CMA_462;anchor_period=2017-03-31
OBS_BCPI_BACKCAST_551D1F59E8B1C49FAAC3,BCPI_OFFICE_BUILDING_62212_DIVISION_COMPOSITE,PR_24,Quebec,2021S0503462,29.7,"Index, 2023=100",1982-07-01,1982-09-30,STATCAN_BCPI_18100289,inferred,1982-09-30,TR_AIIO_BCPI_PROVINCE_LINKED_CMA_BACKCAST_0_1,province_linked_cma_backcast;not_official_provincial_observation;reference_cma=CMA_462;anchor_period=2017-03-31
OBS_BCPI_BACKCAST_AB32698B31958C6B693C,BCPI_OFFICE_BUILDING_62212_DIVISION_COMPOSITE,PR_24,Quebec,2021S0503462,29.8,"Index, 2023=100",1982-10-01,1982-12-31,STATCAN_BCPI_18100289,inferred,1982-12-31,TR_AIIO_BCPI_PROVINCE_LINKED_CMA_BACKCAST_0_1,province_linked_cma_backcast;not_official_provincial_observation;reference_cma=CMA_462;anchor_period=2017-03-31
OBS_BCPI_BACKCAST_6FDBE5091361785DD2E7,BCPI_OFFICE_BUILDING_62212_DIVISION_COMPOSITE,PR_24,Quebec,2021S0503462,29.3,"Index, 2023=100",1983-01-01,1983-03-31,STATCAN_BCPI_18100289,inferred,1983-03-31,TR_AIIO_BCPI_PROVINCE_LINKED_CMA_BACKCAST_0_1,province_linked_cma_backcast;not_official_provincial_observation;reference_cma=CMA_462;anchor_period=2017-03-31
OBS_BCPI_BACKCAST_56ED48A9A3A91247DB0B,BCPI_OFFICE_BUILDING_62212_DIVISION_COMPOSITE,PR_24,Quebec,2021S0503462,29.6,"Index, 2023=100",1983-04-01,1983-06-30,STATCAN_BCPI_18100289,inferred,1983-06-30,TR_AIIO_BCPI_PROVINCE_LINKED_CMA_BACKCAST_0_1,province_linked_cma_backcast;not_official_provincial_observation;reference_cma=CMA_462;anchor_period=2017-03-31
OBS_BCPI_BACKCAST_740CAF7F83399327214E,BCPI_OFFICE_BUILDING_62212_DIVISION_COMPOSITE,PR_24,Quebec,2021S0503462,29.8,"Index, 2023=100",1983-07-01,1983-09-30,STATCAN_BCPI_18100289,inferred,1983-09-30,TR_AIIO_BCPI_PROVINCE_LINKED_CMA_BACKCAST_0_1,province_linked_cma_backcast;not_official_provincial_observation;reference_cma=CMA_462;anchor_period=2017-03-31
OBS_BCPI_BACKCAST_2879E44C31A10A00E9D4,BCPI_OFFICE_BUILDING_62212_DIVISION_COMPOSITE,PR_24,Quebec,2021S0503462,30.1,"Index, 2023=100",1983-10-01,1983-12-31,STATCAN_BCPI_18100289,inferred,1983-12-31,TR_AIIO_BCPI_PROVINCE_LINKED_CMA_BACKCAST_0_1,province_linked_cma_backcast;not_official_provincial_observation;reference_cma=CMA_462;anchor_period=2017-03-31
OBS_BCPI_BACKCAST_88EA6158657711A5787F,BCPI_OFFICE_BUILDING_62212_DIVISION_COMPOSITE,PR_24,Quebec,2021S0503462,30.2,"Index, 2023=100",1984-01-01,1984-03-31,STATCAN_BCPI_18100289,inferred,1984-03-31,TR_AIIO_BCPI_PROVINCE_LINKED_CMA_BACKCAST_0_1,province_linked_cma_backcast;not_official_provincial_observation;reference_cma=CMA_462;anchor_period=2017-03-31
OBS_BCPI_BACKCAST_D12987ECE256EDCCA8C0,BCPI_OFFICE_BUILDING_62212_DIVISION_COMPOSITE,PR_24,Quebec,2021S0503462,30.2,"Index, 2023=100",1984-04-01,1984-06-30,STATCAN_BCPI_18100289,inferred,1984-06-30,TR_AIIO_BCPI_PROVINCE_LINKED_CMA_BACKCAST_0_1,province_linked_cma_backcast;not_official_provincial_observation;reference_cma=CMA_462;anchor_period=2017-03-31
OBS_BCPI_BACKCAST_0DB9F0B40637EC344AD6,BCPI_OFFICE_BUILDING_62212_DIVISION_COMPOSITE,PR_24,Quebec,2021S0503462,30.5,"Index, 2023=100",1984-07-01,1984-09-30,STATCAN_BCPI_18100289,inferred,1984-09-30,TR_AIIO_BCPI_PROVINCE_LINKED_CMA_BACKCAST_0_1,province_linked_cma_backcast;not_official_provincial_observation;reference_cma=CMA_462;anchor_period=2017-03-31
OBS_BCPI_BACKCAST_B359F17588CEB5BBDAE7,BCPI_OFFICE_BUILDING_62212_DIVISION_COMPOSITE,PR_24,Quebec,2021S0503462,30.8,"Index, 2023=100",1984-10-01,1984-12-31,STATCAN_BCPI_18100289,inferred,1984-12-31,TR_AIIO_BCPI_PROVINCE_LINKED_CMA_BACKCAST_0_1,province_linked_cma_backcast;not_official_provincial_observation;reference_cma=CMA_462;anchor_period=2017-03-31
OBS_BCPI_BACKCAST_06D435B4550B9E08DF4B,BCPI_OFFICE_BUILDING_62212_DIVISION_COMPOSITE,PR_24,Quebec,2021S0503462,30.9,"Index, 2023=100",1985-01-01,1985-03-31,STATCAN_BCPI_18100289,inferred,1985-03-31,TR_AIIO_BCPI_PROVINCE_LINKED_CMA_BACKCAST_0_1,province_linked_cma_backcast;not_official_provincial_observation;reference_cma=CMA_462;anchor_period=2017-03-31
OBS_BCPI_BACKCAST_ECAD08B33BEE735954F6,BCPI_OFFICE_BUILDING_62212_DIVISION_COMPOSITE,PR_24,Quebec,2021S0503462,31.5,"Index, 2023=100",1985-04-01,1985-06-30,STATCAN_BCPI_18100289,inferred,1985-06-30,TR_AIIO_BCPI_PROVINCE_LINKED_CMA_BACKCAST_0_1,province_linked_cma_backcast;not_official_provincial_observation;reference_cma=CMA_462;anchor_period=2017-03-31
OBS_BCPI_BACKCAST_93C6BD6638328724F336,BCPI_OFFICE_BUILDING_62212_DIVISION_COMPOSITE,PR_24,Quebec,2021S0503462,31.7,"Index, 2023=100",1985-07-01,1985-09-30,STATCAN_BCPI_18100289,inferred,1985-09-30,TR_AIIO_BCPI_PROVINCE_LINKED_CMA_BACKCAST_0_1,province_linked_cma_backcast;not_official_provincial_observation;reference_cma=CMA_462;anchor_period=2017-03-31
OBS_BCPI_BACKCAST_0C9314E50BB221AEC6B8,BCPI_OFFICE_BUILDING_62212_DIVISION_COMPOSITE,PR_24,Quebec,2021S0503462,32,"Index, 2023=100",1985-10-01,1985-12-31,STATCAN_BCPI_18100289,inferred,1985-12-31,TR_AIIO_BCPI_PROVINCE_LINKED_CMA_BACKCAST_0_1,province_linked_cma_backcast;not_official_provincial_observation;reference_cma=CMA_462;anchor_period=2017-03-31
OBS_BCPI_BACKCAST_1AA089F73D13FA6DDDE9,BCPI_OFFICE_BUILDING_62212_DIVISION_COMPOSITE,PR_24,Quebec,2021S0503462,32.2,"Index, 2023=100",1986-01-01,1986-03-31,STATCAN_BCPI_18100289,inferred,1986-03-31,TR_AIIO_BCPI_PROVINCE_LINKED_CMA_BACKCAST_0_1,province_linked_cma_backcast;not_official_provincial_observation;reference_cma=CMA_462;anchor_period=2017-03-31
OBS_BCPI_BACKCAST_C41B920F697143328377,BCPI_OFFICE_BUILDING_62212_DIVISION_COMPOSITE,PR_24,Quebec,2021S0503462,32.7,"Index, 2023=100",1986-04-01,1986-06-30,STATCAN_BCPI_18100289,inferred,1986-06-30,TR_AIIO_BCPI_PROVINCE_LINKED_CMA_BACKCAST_0_1,province_linked_cma_backcast;not_official_provincial_observation;reference_cma=CMA_462;anchor_period=2017-03-31
OBS_BCPI_BACKCAST_EDA57EECF9DA2A8AE0B9,BCPI_OFFICE_BUILDING_62212_DIVISION_COMPOSITE,PR_24,Quebec,2021S0503462,33.1,"Index, 2023=100",1986-07-01,1986-09-30,STATCAN_BCPI_18100289,inferred,1986-09-30,TR_AIIO_BCPI_PROVINCE_LINKED_CMA_BACKCAST_0_1,province_linked_cma_backcast;not_official_provincial_observation;reference_cma=CMA_462;anchor_period=2017-03-31
OBS_BCPI_BACKCAST_F40C79250DEFCA91EFAE,BCPI_OFFICE_BUILDING_62212_DIVISION_COMPOSITE,PR_24,Quebec,2021S0503462,33.5,"Index, 2023=100",1986-10-01,1986-12-31,STATCAN_BCPI_18100289,inferred,1986-12-31,TR_AIIO_BCPI_PROVINCE_LINKED_CMA_BACKCAST_0_1,province_linked_cma_backcast;not_official_provincial_observation;reference_cma=CMA_462;anchor_period=2017-03-31
OBS_BCPI_BACKCAST_6BCF150885F1D84EE644,BCPI_OFFICE_BUILDING_62212_DIVISION_COMPOSITE,PR_24,Quebec,2021S0503462,33.8,"Index, 2023=100",1987-01-01,1987-03-31,STATCAN_BCPI_18100289,inferred,1987-03-31,TR_AIIO_BCPI_PROVINCE_LINKED_CMA_BACKCAST_0_1,province_linked_cma_backcast;not_official_provincial_observation;reference_cma=CMA_462;anchor_period=2017-03-31
OBS_BCPI_BACKCAST_00EB69A2EC371A600F13,BCPI_OFFICE_BUILDING_62212_DIVISION_COMPOSITE,PR_24,Quebec,2021S0503462,34.8,"Index, 2023=100",1987-04-01,1987-06-30,STATCAN_BCPI_18100289,inferred,1987-06-30,TR_AIIO_BCPI_PROVINCE_LINKED_CMA_BACKCAST_0_1,province_linked_cma_backcast;not_official_provincial_observation;reference_cma=CMA_462;anchor_period=2017-03-31
OBS_BCPI_BACKCAST_F77CFD2A4AC1F7E7CE64,BCPI_OFFICE_BUILDING_62212_DIVISION_COMPOSITE,PR_24,Quebec,2021S0503462,35,"Index, 2023=100",1987-07-01,1987-09-30,STATCAN_BCPI_18100289,inferred,1987-09-30,TR_AIIO_BCPI_PROVINCE_LINKED_CMA_BACKCAST_0_1,province_linked_cma_backcast;not_official_provincial_observation;reference_cma=CMA_462;anchor_period=2017-03-31
OBS_BCPI_BACKCAST_FCEFF7AC96E6D7BEE3D4,BCPI_OFFICE_BUILDING_62212_DIVISION_COMPOSITE,PR_24,Quebec,2021S0503462,35.3,"Index, 2023=100",1987-10-01,1987-12-31,STATCAN_BCPI_18100289,inferred,1987-12-31,TR_AIIO_BCPI_PROVINCE_LINKED_CMA_BACKCAST_0_1,province_linked_cma_backcast;not_official_provincial_observation;reference_cma=CMA_462;anchor_period=2017-03-31
OBS_BCPI_BACKCAST_27672F7C1E0F9CAF76B4,BCPI_OFFICE_BUILDING_62212_DIVISION_COMPOSITE,PR_24,Quebec,2021S0503462,35.7,"Index, 2023=100",1988-01-01,1988-03-31,STATCAN_BCPI_18100289,inferred,1988-03-31,TR_AIIO_BCPI_PROVINCE_LINKED_CMA_BACKCAST_0_1,province_linked_cma_backcast;not_official_provincial_observation;reference_cma=CMA_462;anchor_period=2017-03-31
OBS_BCPI_BACKCAST_334B9B2C7EE5789015C3,BCPI_OFFICE_BUILDING_62212_DIVISION_COMPOSITE,PR_24,Quebec,2021S0503462,36.3,"Index, 2023=100",1988-04-01,1988-06-30,STATCAN_BCPI_18100289,inferred,1988-06-30,TR_AIIO_BCPI_PROVINCE_LINKED_CMA_BACKCAST_0_1,province_linked_cma_backcast;not_official_provincial_observation;reference_cma=CMA_462;anchor_period=2017-03-31
OBS_BCPI_BACKCAST_2C1FEFEB1342D5F9C986,BCPI_OFFICE_BUILDING_62212_DIVISION_COMPOSITE,PR_24,Quebec,2021S0503462,36.7,"Index, 2023=100",1988-07-01,1988-09-30,STATCAN_BCPI_18100289,inferred,1988-09-30,TR_AIIO_BCPI_PROVINCE_LINKED_CMA_BACKCAST_0_1,province_linked_cma_backcast;not_official_provincial_observation;reference_cma=CMA_462;anchor_period=2017-03-31
OBS_BCPI_BACKCAST_B127F856F586162E8F14,BCPI_OFFICE_BUILDING_62212_DIVISION_COMPOSITE,PR_24,Quebec,2021S0503462,37.2,"Index, 2023=100",1988-10-01,1988-12-31,STATCAN_BCPI_18100289,inferred,1988-12-31,TR_AIIO_BCPI_PROVINCE_LINKED_CMA_BACKCAST_0_1,province_linked_cma_backcast;not_official_provincial_observation;reference_cma=CMA_462;anchor_period=2017-03-31
OBS_BCPI_BACKCAST_B35B260F389BB9BC65C9,BCPI_OFFICE_BUILDING_62212_DIVISION_COMPOSITE,PR_24,Quebec,2021S0503462,37.5,"Index, 2023=100",1989-01-01,1989-03-31,STATCAN_BCPI_18100289,inferred,1989-03-31,TR_AIIO_BCPI_PROVINCE_LINKED_CMA_BACKCAST_0_1,province_linked_cma_backcast;not_official_provincial_observation;reference_cma=CMA_462;anchor_period=2017-03-31
OBS_BCPI_BACKCAST_E9D8090E0009111DEE03,BCPI_OFFICE_BUILDING_62212_DIVISION_COMPOSITE,PR_24,Quebec,2021S0503462,38.2,"Index, 2023=100",1989-04-01,1989-06-30,STATCAN_BCPI_18100289,inferred,1989-06-30,TR_AIIO_BCPI_PROVINCE_LINKED_CMA_BACKCAST_0_1,province_linked_cma_backcast;not_official_provincial_observation;reference_cma=CMA_462;anchor_period=2017-03-31
OBS_BCPI_BACKCAST_7952F652E66E4A16E2F7,BCPI_OFFICE_BUILDING_62212_DIVISION_COMPOSITE,PR_24,Quebec,2021S0503462,38.4,"Index, 2023=100",1989-07-01,1989-09-30,STATCAN_BCPI_18100289,inferred,1989-09-30,TR_AIIO_BCPI_PROVINCE_LINKED_CMA_BACKCAST_0_1,province_linked_cma_backcast;not_official_provincial_observation;reference_cma=CMA_462;anchor_period=2017-03-31
OBS_BCPI_BACKCAST_270EC14C4CF640A29EA9,BCPI_OFFICE_BUILDING_62212_DIVISION_COMPOSITE,PR_24,Quebec,2021S0503462,38.6,"Index, 2023=100",1989-10-01,1989-12-31,STATCAN_BCPI_18100289,inferred,1989-12-31,TR_AIIO_BCPI_PROVINCE_LINKED_CMA_BACKCAST_0_1,province_linked_cma_backcast;not_official_provincial_observation;reference_cma=CMA_462;anchor_period=2017-03-31
OBS_BCPI_BACKCAST_B9D460309184F28D6102,BCPI_OFFICE_BUILDING_62212_DIVISION_COMPOSITE,PR_24,Quebec,2021S0503462,39,"Index, 2023=100",1990-01-01,1990-03-31,STATCAN_BCPI_18100289,inferred,1990-03-31,TR_AIIO_BCPI_PROVINCE_LINKED_CMA_BACKCAST_0_1,province_linked_cma_backcast;not_official_provincial_observation;reference_cma=CMA_462;anchor_period=2017-03-31
OBS_BCPI_BACKCAST_C5EEE4A7BE3579FFF121,BCPI_OFFICE_BUILDING_62212_DIVISION_COMPOSITE,PR_24,Quebec,2021S0503462,39.7,"Index, 2023=100",1990-04-01,1990-06-30,STATCAN_BCPI_18100289,inferred,1990-06-30,TR_AIIO_BCPI_PROVINCE_LINKED_CMA_BACKCAST_0_1,province_linked_cma_backcast;not_official_provincial_observation;reference_cma=CMA_462;anchor_period=2017-03-31
OBS_BCPI_BACKCAST_0618381E6EB8D5E3B5F4,BCPI_OFFICE_BUILDING_62212_DIVISION_COMPOSITE,PR_24,Quebec,2021S0503462,39.5,"Index, 2023=100",1990-07-01,1990-09-30,STATCAN_BCPI_18100289,inferred,1990-09-30,TR_AIIO_BCPI_PROVINCE_LINKED_CMA_BACKCAST_0_1,province_linked_cma_backcast;not_official_provincial_observation;reference_cma=CMA_462;anchor_period=2017-03-31
OBS_BCPI_BACKCAST_197F8D766440F9F55A79,BCPI_OFFICE_BUILDING_62212_DIVISION_COMPOSITE,PR_24,Quebec,2021S0503462,39.5,"Index, 2023=100",1990-10-01,1990-12-31,STATCAN_BCPI_18100289,inferred,1990-12-31,TR_AIIO_BCPI_PROVINCE_LINKED_CMA_BACKCAST_0_1,province_linked_cma_backcast;not_official_provincial_observation;reference_cma=CMA_462;anchor_period=2017-03-31
OBS_BCPI_BACKCAST_80998AACBC0DBECFCD2D,BCPI_OFFICE_BUILDING_62212_DIVISION_COMPOSITE,PR_24,Quebec,2021S0503462,38.3,"Index, 2023=100",1991-01-01,1991-03-31,STATCAN_BCPI_18100289,inferred,1991-03-31,TR_AIIO_BCPI_PROVINCE_LINKED_CMA_BACKCAST_0_1,province_linked_cma_backcast;not_official_provincial_observation;reference_cma=CMA_462;anchor_period=2017-03-31
OBS_BCPI_BACKCAST_423C467F50DE8C3143E7,BCPI_OFFICE_BUILDING_62212_DIVISION_COMPOSITE,PR_24,Quebec,2021S0503462,38.2,"Index, 2023=100",1991-04-01,1991-06-30,STATCAN_BCPI_18100289,inferred,1991-06-30,TR_AIIO_BCPI_PROVINCE_LINKED_CMA_BACKCAST_0_1,province_linked_cma_backcast;not_official_provincial_observation;reference_cma=CMA_462;anchor_period=2017-03-31
OBS_BCPI_BACKCAST_AEA9ECDAC9311BF80A0A,BCPI_OFFICE_BUILDING_62212_DIVISION_COMPOSITE,PR_24,Quebec,2021S0503462,38,"Index, 2023=100",1991-07-01,1991-09-30,STATCAN_BCPI_18100289,inferred,1991-09-30,TR_AIIO_BCPI_PROVINCE_LINKED_CMA_BACKCAST_0_1,province_linked_cma_backcast;not_official_provincial_observation;reference_cma=CMA_462;anchor_period=2017-03-31
OBS_BCPI_BACKCAST_EE4808D4D71DCC66C069,BCPI_OFFICE_BUILDING_62212_DIVISION_COMPOSITE,PR_24,Quebec,2021S0503462,38.2,"Index, 2023=100",1991-10-01,1991-12-31,STATCAN_BCPI_18100289,inferred,1991-12-31,TR_AIIO_BCPI_PROVINCE_LINKED_CMA_BACKCAST_0_1,province_linked_cma_backcast;not_official_provincial_observation;reference_cma=CMA_462;anchor_period=2017-03-31
OBS_BCPI_BACKCAST_330BFFC2BC96BE2D74D7,BCPI_OFFICE_BUILDING_62212_DIVISION_COMPOSITE,PR_24,Quebec,2021S0503462,38.3,"Index, 2023=100",1992-01-01,1992-03-31,STATCAN_BCPI_18100289,inferred,1992-03-31,TR_AIIO_BCPI_PROVINCE_LINKED_CMA_BACKCAST_0_1,province_linked_cma_backcast;not_official_provincial_observation;reference_cma=CMA_462;anchor_period=2017-03-31
OBS_BCPI_BACKCAST_5DBBD57D293E65DC7358,BCPI_OFFICE_BUILDING_62212_DIVISION_COMPOSITE,PR_24,Quebec,2021S0503462,38.6,"Index, 2023=100",1992-04-01,1992-06-30,STATCAN_BCPI_18100289,inferred,1992-06-30,TR_AIIO_BCPI_PROVINCE_LINKED_CMA_BACKCAST_0_1,province_linked_cma_backcast;not_official_provincial_observation;reference_cma=CMA_462;anchor_period=2017-03-31
OBS_BCPI_BACKCAST_DD5B667CF0B83FA812F9,BCPI_OFFICE_BUILDING_62212_DIVISION_COMPOSITE,PR_24,Quebec,2021S0503462,37.3,"Index, 2023=100",1992-07-01,1992-09-30,STATCAN_BCPI_18100289,inferred,1992-09-30,TR_AIIO_BCPI_PROVINCE_LINKED_CMA_BACKCAST_0_1,province_linked_cma_backcast;not_official_provincial_observation;reference_cma=CMA_462;anchor_period=2017-03-31
OBS_BCPI_BACKCAST_E9C34087AD49B95F6A4F,BCPI_OFFICE_BUILDING_62212_DIVISION_COMPOSITE,PR_24,Quebec,2021S0503462,37.3,"Index, 2023=100",1992-10-01,1992-12-31,STATCAN_BCPI_18100289,inferred,1992-12-31,TR_AIIO_BCPI_PROVINCE_LINKED_CMA_BACKCAST_0_1,province_linked_cma_backcast;not_official_provincial_observation;reference_cma=CMA_462;anchor_period=2017-03-31
OBS_BCPI_BACKCAST_B93C89FE920DAF3BA645,BCPI_OFFICE_BUILDING_62212_DIVISION_COMPOSITE,PR_24,Quebec,2021S0503462,37.3,"Index, 2023=100",1993-01-01,1993-03-31,STATCAN_BCPI_18100289,inferred,1993-03-31,TR_AIIO_BCPI_PROVINCE_LINKED_CMA_BACKCAST_0_1,province_linked_cma_backcast;not_official_provincial_observation;reference_cma=CMA_462;anchor_period=2017-03-31
OBS_BCPI_BACKCAST_ACE82B0C810DE86C50EB,BCPI_OFFICE_BUILDING_62212_DIVISION_COMPOSITE,PR_24,Quebec,2021S0503462,37.4,"Index, 2023=100",1993-04-01,1993-06-30,STATCAN_BCPI_18100289,inferred,1993-06-30,TR_AIIO_BCPI_PROVINCE_LINKED_CMA_BACKCAST_0_1,province_linked_cma_backcast;not_official_provincial_observation;reference_cma=CMA_462;anchor_period=2017-03-31
OBS_BCPI_BACKCAST_EFAE2994CE00EEA1EF3F,BCPI_OFFICE_BUILDING_62212_DIVISION_COMPOSITE,PR_24,Quebec,2021S0503462,37.5,"Index, 2023=100",1993-07-01,1993-09-30,STATCAN_BCPI_18100289,inferred,1993-09-30,TR_AIIO_BCPI_PROVINCE_LINKED_CMA_BACKCAST_0_1,province_linked_cma_backcast;not_official_provincial_observation;reference_cma=CMA_462;anchor_period=2017-03-31
OBS_BCPI_BACKCAST_2B95A19F340FFC9AEBC6,BCPI_OFFICE_BUILDING_62212_DIVISION_COMPOSITE,PR_24,Quebec,2021S0503462,37.6,"Index, 2023=100",1993-10-01,1993-12-31,STATCAN_BCPI_18100289,inferred,1993-12-31,TR_AIIO_BCPI_PROVINCE_LINKED_CMA_BACKCAST_0_1,province_linked_cma_backcast;not_official_provincial_observation;reference_cma=CMA_462;anchor_period=2017-03-31
OBS_BCPI_BACKCAST_6E2C52A3F2660A6064D1,BCPI_OFFICE_BUILDING_62212_DIVISION_COMPOSITE,PR_24,Quebec,2021S0503462,37.6,"Index, 2023=100",1994-01-01,1994-03-31,STATCAN_BCPI_18100289,inferred,1994-03-31,TR_AIIO_BCPI_PROVINCE_LINKED_CMA_BACKCAST_0_1,province_linked_cma_backcast;not_official_provincial_observation;reference_cma=CMA_462;anchor_period=2017-03-31
OBS_BCPI_BACKCAST_AE681ED6E9923A96D20B,BCPI_OFFICE_BUILDING_62212_DIVISION_COMPOSITE,PR_24,Quebec,2021S0503462,37.9,"Index, 2023=100",1994-04-01,1994-06-30,STATCAN_BCPI_18100289,inferred,1994-06-30,TR_AIIO_BCPI_PROVINCE_LINKED_CMA_BACKCAST_0_1,province_linked_cma_backcast;not_official_provincial_observation;reference_cma=CMA_462;anchor_period=2017-03-31
OBS_BCPI_BACKCAST_5B982969B2BC6B8BA307,BCPI_OFFICE_BUILDING_62212_DIVISION_COMPOSITE,PR_24,Quebec,2021S0503462,38,"Index, 2023=100",1994-07-01,1994-09-30,STATCAN_BCPI_18100289,inferred,1994-09-30,TR_AIIO_BCPI_PROVINCE_LINKED_CMA_BACKCAST_0_1,province_linked_cma_backcast;not_official_provincial_observation;reference_cma=CMA_462;anchor_period=2017-03-31
OBS_BCPI_BACKCAST_EEFA2DA4EB7BDF1F410E,BCPI_OFFICE_BUILDING_62212_DIVISION_COMPOSITE,PR_24,Quebec,2021S0503462,38.2,"Index, 2023=100",1994-10-01,1994-12-31,STATCAN_BCPI_18100289,inferred,1994-12-31,TR_AIIO_BCPI_PROVINCE_LINKED_CMA_BACKCAST_0_1,province_linked_cma_backcast;not_official_provincial_observation;reference_cma=CMA_462;anchor_period=2017-03-31
OBS_BCPI_BACKCAST_B6BA27E68075DBAEC6B7,BCPI_OFFICE_BUILDING_62212_DIVISION_COMPOSITE,PR_24,Quebec,2021S0503462,39,"Index, 2023=100",1995-01-01,1995-03-31,STATCAN_BCPI_18100289,inferred,1995-03-31,TR_AIIO_BCPI_PROVINCE_LINKED_CMA_BACKCAST_0_1,province_linked_cma_backcast;not_official_provincial_observation;reference_cma=CMA_462;anchor_period=2017-03-31
OBS_BCPI_BACKCAST_83AE62EFFB0F82F1E985,BCPI_OFFICE_BUILDING_62212_DIVISION_COMPOSITE,PR_24,Quebec,2021S0503462,39.2,"Index, 2023=100",1995-04-01,1995-06-30,STATCAN_BCPI_18100289,inferred,1995-06-30,TR_AIIO_BCPI_PROVINCE_LINKED_CMA_BACKCAST_0_1,province_linked_cma_backcast;not_official_provincial_observation;reference_cma=CMA_462;anchor_period=2017-03-31
OBS_BCPI_BACKCAST_690180D93183B01D2EF9,BCPI_OFFICE_BUILDING_62212_DIVISION_COMPOSITE,PR_24,Quebec,2021S0503462,39.3,"Index, 2023=100",1995-07-01,1995-09-30,STATCAN_BCPI_18100289,inferred,1995-09-30,TR_AIIO_BCPI_PROVINCE_LINKED_CMA_BACKCAST_0_1,province_linked_cma_backcast;not_official_provincial_observation;reference_cma=CMA_462;anchor_period=2017-03-31
OBS_BCPI_BACKCAST_D08AB0907AEE4E709ED7,BCPI_OFFICE_BUILDING_62212_DIVISION_COMPOSITE,PR_24,Quebec,2021S0503462,39.5,"Index, 2023=100",1995-10-01,1995-12-31,STATCAN_BCPI_18100289,inferred,1995-12-31,TR_AIIO_BCPI_PROVINCE_LINKED_CMA_BACKCAST_0_1,province_linked_cma_backcast;not_official_provincial_observation;reference_cma=CMA_462;anchor_period=2017-03-31
OBS_BCPI_BACKCAST_3205A7174AB1773438F3,BCPI_OFFICE_BUILDING_62212_DIVISION_COMPOSITE,PR_24,Quebec,2021S0503462,39.6,"Index, 2023=100",1996-01-01,1996-03-31,STATCAN_BCPI_18100289,inferred,1996-03-31,TR_AIIO_BCPI_PROVINCE_LINKED_CMA_BACKCAST_0_1,province_linked_cma_backcast;not_official_provincial_observation;reference_cma=CMA_462;anchor_period=2017-03-31
OBS_BCPI_BACKCAST_CE33DDDA6BB93E77C066,BCPI_OFFICE_BUILDING_62212_DIVISION_COMPOSITE,PR_24,Quebec,2021S0503462,39.7,"Index, 2023=100",1996-04-01,1996-06-30,STATCAN_BCPI_18100289,inferred,1996-06-30,TR_AIIO_BCPI_PROVINCE_LINKED_CMA_BACKCAST_0_1,province_linked_cma_backcast;not_official_provincial_observation;reference_cma=CMA_462;anchor_period=2017-03-31
OBS_BCPI_BACKCAST_E6D1FC92F947F3F3EAFF,BCPI_OFFICE_BUILDING_62212_DIVISION_COMPOSITE,PR_24,Quebec,2021S0503462,39.7,"Index, 2023=100",1996-07-01,1996-09-30,STATCAN_BCPI_18100289,inferred,1996-09-30,TR_AIIO_BCPI_PROVINCE_LINKED_CMA_BACKCAST_0_1,province_linked_cma_backcast;not_official_provincial_observation;reference_cma=CMA_462;anchor_period=2017-03-31
OBS_BCPI_BACKCAST_711C250E6994FC87CA95,BCPI_OFFICE_BUILDING_62212_DIVISION_COMPOSITE,PR_24,Quebec,2021S0503462,39.8,"Index, 2023=100",1996-10-01,1996-12-31,STATCAN_BCPI_18100289,inferred,1996-12-31,TR_AIIO_BCPI_PROVINCE_LINKED_CMA_BACKCAST_0_1,province_linked_cma_backcast;not_official_provincial_observation;reference_cma=CMA_462;anchor_period=2017-03-31
OBS_BCPI_BACKCAST_AEC7D1B088C38E19ABB8,BCPI_OFFICE_BUILDING_62212_DIVISION_COMPOSITE,PR_24,Quebec,2021S0503462,40,"Index, 2023=100",1997-01-01,1997-03-31,STATCAN_BCPI_18100289,inferred,1997-03-31,TR_AIIO_BCPI_PROVINCE_LINKED_CMA_BACKCAST_0_1,province_linked_cma_backcast;not_official_provincial_observation;reference_cma=CMA_462;anchor_period=2017-03-31
OBS_BCPI_BACKCAST_8BB7506363C8CD158A0E,BCPI_OFFICE_BUILDING_62212_DIVISION_COMPOSITE,PR_24,Quebec,2021S0503462,40.8,"Index, 2023=100",1997-04-01,1997-06-30,STATCAN_BCPI_18100289,inferred,1997-06-30,TR_AIIO_BCPI_PROVINCE_LINKED_CMA_BACKCAST_0_1,province_linked_cma_backcast;not_official_provincial_observation;reference_cma=CMA_462;anchor_period=2017-03-31
OBS_BCPI_BACKCAST_6958E58101DB749C0966,BCPI_OFFICE_BUILDING_62212_DIVISION_COMPOSITE,PR_24,Quebec,2021S0503462,41,"Index, 2023=100",1997-07-01,1997-09-30,STATCAN_BCPI_18100289,inferred,1997-09-30,TR_AIIO_BCPI_PROVINCE_LINKED_CMA_BACKCAST_0_1,province_linked_cma_backcast;not_official_provincial_observation;reference_cma=CMA_462;anchor_period=2017-03-31
OBS_BCPI_BACKCAST_EEA05A8A58DF3F868873,BCPI_OFFICE_BUILDING_62212_DIVISION_COMPOSITE,PR_24,Quebec,2021S0503462,41.1,"Index, 2023=100",1997-10-01,1997-12-31,STATCAN_BCPI_18100289,inferred,1997-12-31,TR_AIIO_BCPI_PROVINCE_LINKED_CMA_BACKCAST_0_1,province_linked_cma_backcast;not_official_provincial_observation;reference_cma=CMA_462;anchor_period=2017-03-31
OBS_BCPI_BACKCAST_055A0592E15F9724BF09,BCPI_OFFICE_BUILDING_62212_DIVISION_COMPOSITE,PR_24,Quebec,2021S0503462,41.3,"Index, 2023=100",1998-01-01,1998-03-31,STATCAN_BCPI_18100289,inferred,1998-03-31,TR_AIIO_BCPI_PROVINCE_LINKED_CMA_BACKCAST_0_1,province_linked_cma_backcast;not_official_provincial_observation;reference_cma=CMA_462;anchor_period=2017-03-31
OBS_BCPI_BACKCAST_0542B9EF48F592CE0D09,BCPI_OFFICE_BUILDING_62212_DIVISION_COMPOSITE,PR_24,Quebec,2021S0503462,41.4,"Index, 2023=100",1998-04-01,1998-06-30,STATCAN_BCPI_18100289,inferred,1998-06-30,TR_AIIO_BCPI_PROVINCE_LINKED_CMA_BACKCAST_0_1,province_linked_cma_backcast;not_official_provincial_observation;reference_cma=CMA_462;anchor_period=2017-03-31
OBS_BCPI_BACKCAST_F71BBBCCDA3FFFB32345,BCPI_OFFICE_BUILDING_62212_DIVISION_COMPOSITE,PR_24,Quebec,2021S0503462,41.6,"Index, 2023=100",1998-07-01,1998-09-30,STATCAN_BCPI_18100289,inferred,1998-09-30,TR_AIIO_BCPI_PROVINCE_LINKED_CMA_BACKCAST_0_1,province_linked_cma_backcast;not_official_provincial_observation;reference_cma=CMA_462;anchor_period=2017-03-31
OBS_BCPI_BACKCAST_08B6A4A6A80231DD33B3,BCPI_OFFICE_BUILDING_62212_DIVISION_COMPOSITE,PR_24,Quebec,2021S0503462,41.8,"Index, 2023=100",1998-10-01,1998-12-31,STATCAN_BCPI_18100289,inferred,1998-12-31,TR_AIIO_BCPI_PROVINCE_LINKED_CMA_BACKCAST_0_1,province_linked_cma_backcast;not_official_provincial_observation;reference_cma=CMA_462;anchor_period=2017-03-31
OBS_BCPI_BACKCAST_E1F3B5987ED33780C7E3,BCPI_OFFICE_BUILDING_62212_DIVISION_COMPOSITE,PR_24,Quebec,2021S0503462,41.8,"Index, 2023=100",1999-01-01,1999-03-31,STATCAN_BCPI_18100289,inferred,1999-03-31,TR_AIIO_BCPI_PROVINCE_LINKED_CMA_BACKCAST_0_1,province_linked_cma_backcast;not_official_provincial_observation;reference_cma=CMA_462;anchor_period=2017-03-31
OBS_BCPI_BACKCAST_0C3D4ED5807C3E5477E3,BCPI_OFFICE_BUILDING_62212_DIVISION_COMPOSITE,PR_24,Quebec,2021S0503462,42.1,"Index, 2023=100",1999-04-01,1999-06-30,STATCAN_BCPI_18100289,inferred,1999-06-30,TR_AIIO_BCPI_PROVINCE_LINKED_CMA_BACKCAST_0_1,province_linked_cma_backcast;not_official_provincial_observation;reference_cma=CMA_462;anchor_period=2017-03-31
OBS_BCPI_BACKCAST_22E837E5DDDD83D9F8C3,BCPI_OFFICE_BUILDING_62212_DIVISION_COMPOSITE,PR_24,Quebec,2021S0503462,42.4,"Index, 2023=100",1999-07-01,1999-09-30,STATCAN_BCPI_18100289,inferred,1999-09-30,TR_AIIO_BCPI_PROVINCE_LINKED_CMA_BACKCAST_0_1,province_linked_cma_backcast;not_official_provincial_observation;reference_cma=CMA_462;anchor_period=2017-03-31
OBS_BCPI_BACKCAST_2B801D7E245EA7A61CB8,BCPI_OFFICE_BUILDING_62212_DIVISION_COMPOSITE,PR_24,Quebec,2021S0503462,43.1,"Index, 2023=100",1999-10-01,1999-12-31,STATCAN_BCPI_18100289,inferred,1999-12-31,TR_AIIO_BCPI_PROVINCE_LINKED_CMA_BACKCAST_0_1,province_linked_cma_backcast;not_official_provincial_observation;reference_cma=CMA_462;anchor_period=2017-03-31
OBS_BCPI_BACKCAST_2833A307E959E2377ADD,BCPI_OFFICE_BUILDING_62212_DIVISION_COMPOSITE,PR_24,Quebec,2021S0503462,43.6,"Index, 2023=100",2000-01-01,2000-03-31,STATCAN_BCPI_18100289,inferred,2000-03-31,TR_AIIO_BCPI_PROVINCE_LINKED_CMA_BACKCAST_0_1,province_linked_cma_backcast;not_official_provincial_observation;reference_cma=CMA_462;anchor_period=2017-03-31
OBS_BCPI_BACKCAST_9F736F0654C5B6966C11,BCPI_OFFICE_BUILDING_62212_DIVISION_COMPOSITE,PR_24,Quebec,2021S0503462,44.3,"Index, 2023=100",2000-04-01,2000-06-30,STATCAN_BCPI_18100289,inferred,2000-06-30,TR_AIIO_BCPI_PROVINCE_LINKED_CMA_BACKCAST_0_1,province_linked_cma_backcast;not_official_provincial_observation;reference_cma=CMA_462;anchor_period=2017-03-31
OBS_BCPI_BACKCAST_EF3E7B4834BE7A257AE7,BCPI_OFFICE_BUILDING_62212_DIVISION_COMPOSITE,PR_24,Quebec,2021S0503462,44.6,"Index, 2023=100",2000-07-01,2000-09-30,STATCAN_BCPI_18100289,inferred,2000-09-30,TR_AIIO_BCPI_PROVINCE_LINKED_CMA_BACKCAST_0_1,province_linked_cma_backcast;not_official_provincial_observation;reference_cma=CMA_462;anchor_period=2017-03-31
OBS_BCPI_BACKCAST_25AF25D88C4E09EC4A04,BCPI_OFFICE_BUILDING_62212_DIVISION_COMPOSITE,PR_24,Quebec,2021S0503462,44.6,"Index, 2023=100",2000-10-01,2000-12-31,STATCAN_BCPI_18100289,inferred,2000-12-31,TR_AIIO_BCPI_PROVINCE_LINKED_CMA_BACKCAST_0_1,province_linked_cma_backcast;not_official_provincial_observation;reference_cma=CMA_462;anchor_period=2017-03-31
OBS_BCPI_BACKCAST_5B4EBEA87CFA6F7281D4,BCPI_OFFICE_BUILDING_62212_DIVISION_COMPOSITE,PR_24,Quebec,2021S0503462,44.6,"Index, 2023=100",2001-01-01,2001-03-31,STATCAN_BCPI_18100289,inferred,2001-03-31,TR_AIIO_BCPI_PROVINCE_LINKED_CMA_BACKCAST_0_1,province_linked_cma_backcast;not_official_provincial_observation;reference_cma=CMA_462;anchor_period=2017-03-31
OBS_BCPI_BACKCAST_AF2878AB61E3450AA2A5,BCPI_OFFICE_BUILDING_62212_DIVISION_COMPOSITE,PR_24,Quebec,2021S0503462,45,"Index, 2023=100",2001-04-01,2001-06-30,STATCAN_BCPI_18100289,inferred,2001-06-30,TR_AIIO_BCPI_PROVINCE_LINKED_CMA_BACKCAST_0_1,province_linked_cma_backcast;not_official_provincial_observation;reference_cma=CMA_462;anchor_period=2017-03-31
OBS_BCPI_BACKCAST_CBF16014478A9133946F,BCPI_OFFICE_BUILDING_62212_DIVISION_COMPOSITE,PR_24,Quebec,2021S0503462,45,"Index, 2023=100",2001-07-01,2001-09-30,STATCAN_BCPI_18100289,inferred,2001-09-30,TR_AIIO_BCPI_PROVINCE_LINKED_CMA_BACKCAST_0_1,province_linked_cma_backcast;not_official_provincial_observation;reference_cma=CMA_462;anchor_period=2017-03-31
OBS_BCPI_BACKCAST_B7A558A2B832F14FB7A2,BCPI_OFFICE_BUILDING_62212_DIVISION_COMPOSITE,PR_24,Quebec,2021S0503462,45.6,"Index, 2023=100",2001-10-01,2001-12-31,STATCAN_BCPI_18100289,inferred,2001-12-31,TR_AIIO_BCPI_PROVINCE_LINKED_CMA_BACKCAST_0_1,province_linked_cma_backcast;not_official_provincial_observation;reference_cma=CMA_462;anchor_period=2017-03-31
OBS_BCPI_BACKCAST_D52E1D970EA6E9F912E7,BCPI_OFFICE_BUILDING_62212_DIVISION_COMPOSITE,PR_24,Quebec,2021S0503462,45.7,"Index, 2023=100",2002-01-01,2002-03-31,STATCAN_BCPI_18100289,inferred,2002-03-31,TR_AIIO_BCPI_PROVINCE_LINKED_CMA_BACKCAST_0_1,province_linked_cma_backcast;not_official_provincial_observation;reference_cma=CMA_462;anchor_period=2017-03-31
OBS_BCPI_BACKCAST_3200ABA63AF5D1A2B65B,BCPI_OFFICE_BUILDING_62212_DIVISION_COMPOSITE,PR_24,Quebec,2021S0503462,46,"Index, 2023=100",2002-04-01,2002-06-30,STATCAN_BCPI_18100289,inferred,2002-06-30,TR_AIIO_BCPI_PROVINCE_LINKED_CMA_BACKCAST_0_1,province_linked_cma_backcast;not_official_provincial_observation;reference_cma=CMA_462;anchor_period=2017-03-31
OBS_BCPI_BACKCAST_5219CC8D1770BE005A2F,BCPI_OFFICE_BUILDING_62212_DIVISION_COMPOSITE,PR_24,Quebec,2021S0503462,46,"Index, 2023=100",2002-07-01,2002-09-30,STATCAN_BCPI_18100289,inferred,2002-09-30,TR_AIIO_BCPI_PROVINCE_LINKED_CMA_BACKCAST_0_1,province_linked_cma_backcast;not_official_provincial_observation;reference_cma=CMA_462;anchor_period=2017-03-31
OBS_BCPI_BACKCAST_84E0900AC4D10762A970,BCPI_OFFICE_BUILDING_62212_DIVISION_COMPOSITE,PR_24,Quebec,2021S0503462,46.5,"Index, 2023=100",2002-10-01,2002-12-31,STATCAN_BCPI_18100289,inferred,2002-12-31,TR_AIIO_BCPI_PROVINCE_LINKED_CMA_BACKCAST_0_1,province_linked_cma_backcast;not_official_provincial_observation;reference_cma=CMA_462;anchor_period=2017-03-31
OBS_BCPI_BACKCAST_873F9135A9F0E9441381,BCPI_OFFICE_BUILDING_62212_DIVISION_COMPOSITE,PR_24,Quebec,2021S0503462,46.7,"Index, 2023=100",2003-01-01,2003-03-31,STATCAN_BCPI_18100289,inferred,2003-03-31,TR_AIIO_BCPI_PROVINCE_LINKED_CMA_BACKCAST_0_1,province_linked_cma_backcast;not_official_provincial_observation;reference_cma=CMA_462;anchor_period=2017-03-31
OBS_BCPI_BACKCAST_D3BBE52AAD282DDF17E5,BCPI_OFFICE_BUILDING_62212_DIVISION_COMPOSITE,PR_24,Quebec,2021S0503462,46.9,"Index, 2023=100",2003-04-01,2003-06-30,STATCAN_BCPI_18100289,inferred,2003-06-30,TR_AIIO_BCPI_PROVINCE_LINKED_CMA_BACKCAST_0_1,province_linked_cma_backcast;not_official_provincial_observation;reference_cma=CMA_462;anchor_period=2017-03-31
OBS_BCPI_BACKCAST_968F4F20D2E61C7D312D,BCPI_OFFICE_BUILDING_62212_DIVISION_COMPOSITE,PR_24,Quebec,2021S0503462,47.5,"Index, 2023=100",2003-07-01,2003-09-30,STATCAN_BCPI_18100289,inferred,2003-09-30,TR_AIIO_BCPI_PROVINCE_LINKED_CMA_BACKCAST_0_1,province_linked_cma_backcast;not_official_provincial_observation;reference_cma=CMA_462;anchor_period=2017-03-31
OBS_BCPI_BACKCAST_1C439D7C15149AFB19ED,BCPI_OFFICE_BUILDING_62212_DIVISION_COMPOSITE,PR_24,Quebec,2021S0503462,47.4,"Index, 2023=100",2003-10-01,2003-12-31,STATCAN_BCPI_18100289,inferred,2003-12-31,TR_AIIO_BCPI_PROVINCE_LINKED_CMA_BACKCAST_0_1,province_linked_cma_backcast;not_official_provincial_observation;reference_cma=CMA_462;anchor_period=2017-03-31
OBS_BCPI_BACKCAST_6B1541465F5AB5B19DD1,BCPI_OFFICE_BUILDING_62212_DIVISION_COMPOSITE,PR_24,Quebec,2021S0503462,48.1,"Index, 2023=100",2004-01-01,2004-03-31,STATCAN_BCPI_18100289,inferred,2004-03-31,TR_AIIO_BCPI_PROVINCE_LINKED_CMA_BACKCAST_0_1,province_linked_cma_backcast;not_official_provincial_observation;reference_cma=CMA_462;anchor_period=2017-03-31
OBS_BCPI_BACKCAST_FFC7E813A31EF48A26DA,BCPI_OFFICE_BUILDING_62212_DIVISION_COMPOSITE,PR_24,Quebec,2021S0503462,48.8,"Index, 2023=100",2004-04-01,2004-06-30,STATCAN_BCPI_18100289,inferred,2004-06-30,TR_AIIO_BCPI_PROVINCE_LINKED_CMA_BACKCAST_0_1,province_linked_cma_backcast;not_official_provincial_observation;reference_cma=CMA_462;anchor_period=2017-03-31
OBS_BCPI_BACKCAST_61C5AFC81849F147380A,BCPI_OFFICE_BUILDING_62212_DIVISION_COMPOSITE,PR_24,Quebec,2021S0503462,50.1,"Index, 2023=100",2004-07-01,2004-09-30,STATCAN_BCPI_18100289,inferred,2004-09-30,TR_AIIO_BCPI_PROVINCE_LINKED_CMA_BACKCAST_0_1,province_linked_cma_backcast;not_official_provincial_observation;reference_cma=CMA_462;anchor_period=2017-03-31
OBS_BCPI_BACKCAST_7F9935EE8C198D84BCD2,BCPI_OFFICE_BUILDING_62212_DIVISION_COMPOSITE,PR_24,Quebec,2021S0503462,50.4,"Index, 2023=100",2004-10-01,2004-12-31,STATCAN_BCPI_18100289,inferred,2004-12-31,TR_AIIO_BCPI_PROVINCE_LINKED_CMA_BACKCAST_0_1,province_linked_cma_backcast;not_official_provincial_observation;reference_cma=CMA_462;anchor_period=2017-03-31
OBS_BCPI_BACKCAST_196A53F5B472655DB633,BCPI_OFFICE_BUILDING_62212_DIVISION_COMPOSITE,PR_24,Quebec,2021S0503462,50.4,"Index, 2023=100",2005-01-01,2005-03-31,STATCAN_BCPI_18100289,inferred,2005-03-31,TR_AIIO_BCPI_PROVINCE_LINKED_CMA_BACKCAST_0_1,province_linked_cma_backcast;not_official_provincial_observation;reference_cma=CMA_462;anchor_period=2017-03-31
OBS_BCPI_BACKCAST_AB547FF0A72E548CBB46,BCPI_OFFICE_BUILDING_62212_DIVISION_COMPOSITE,PR_24,Quebec,2021S0503462,51.2,"Index, 2023=100",2005-04-01,2005-06-30,STATCAN_BCPI_18100289,inferred,2005-06-30,TR_AIIO_BCPI_PROVINCE_LINKED_CMA_BACKCAST_0_1,province_linked_cma_backcast;not_official_provincial_observation;reference_cma=CMA_462;anchor_period=2017-03-31
OBS_BCPI_BACKCAST_6C563DE1DFA4E76CCDD9,BCPI_OFFICE_BUILDING_62212_DIVISION_COMPOSITE,PR_24,Quebec,2021S0503462,51.8,"Index, 2023=100",2005-07-01,2005-09-30,STATCAN_BCPI_18100289,inferred,2005-09-30,TR_AIIO_BCPI_PROVINCE_LINKED_CMA_BACKCAST_0_1,province_linked_cma_backcast;not_official_provincial_observation;reference_cma=CMA_462;anchor_period=2017-03-31
OBS_BCPI_BACKCAST_E2E84F31EAEADA455706,BCPI_OFFICE_BUILDING_62212_DIVISION_COMPOSITE,PR_24,Quebec,2021S0503462,52.4,"Index, 2023=100",2005-10-01,2005-12-31,STATCAN_BCPI_18100289,inferred,2005-12-31,TR_AIIO_BCPI_PROVINCE_LINKED_CMA_BACKCAST_0_1,province_linked_cma_backcast;not_official_provincial_observation;reference_cma=CMA_462;anchor_period=2017-03-31
OBS_BCPI_BACKCAST_E0FC89519D0011E688CE,BCPI_OFFICE_BUILDING_62212_DIVISION_COMPOSITE,PR_24,Quebec,2021S0503462,52.8,"Index, 2023=100",2006-01-01,2006-03-31,STATCAN_BCPI_18100289,inferred,2006-03-31,TR_AIIO_BCPI_PROVINCE_LINKED_CMA_BACKCAST_0_1,province_linked_cma_backcast;not_official_provincial_observation;reference_cma=CMA_462;anchor_period=2017-03-31
OBS_BCPI_BACKCAST_0FEEDBBC443EEF490A25,BCPI_OFFICE_BUILDING_62212_DIVISION_COMPOSITE,PR_24,Quebec,2021S0503462,53.3,"Index, 2023=100",2006-04-01,2006-06-30,STATCAN_BCPI_18100289,inferred,2006-06-30,TR_AIIO_BCPI_PROVINCE_LINKED_CMA_BACKCAST_0_1,province_linked_cma_backcast;not_official_provincial_observation;reference_cma=CMA_462;anchor_period=2017-03-31
OBS_BCPI_BACKCAST_35F3CCB4E7A2B03ABABD,BCPI_OFFICE_BUILDING_62212_DIVISION_COMPOSITE,PR_24,Quebec,2021S0503462,53.8,"Index, 2023=100",2006-07-01,2006-09-30,STATCAN_BCPI_18100289,inferred,2006-09-30,TR_AIIO_BCPI_PROVINCE_LINKED_CMA_BACKCAST_0_1,province_linked_cma_backcast;not_official_provincial_observation;reference_cma=CMA_462;anchor_period=2017-03-31
OBS_BCPI_BACKCAST_476DC33ACAB153120E37,BCPI_OFFICE_BUILDING_62212_DIVISION_COMPOSITE,PR_24,Quebec,2021S0503462,54.2,"Index, 2023=100",2006-10-01,2006-12-31,STATCAN_BCPI_18100289,inferred,2006-12-31,TR_AIIO_BCPI_PROVINCE_LINKED_CMA_BACKCAST_0_1,province_linked_cma_backcast;not_official_provincial_observation;reference_cma=CMA_462;anchor_period=2017-03-31
OBS_BCPI_BACKCAST_41738CF059856C7B3BF1,BCPI_OFFICE_BUILDING_62212_DIVISION_COMPOSITE,PR_24,Quebec,2021S0503462,54.3,"Index, 2023=100",2007-01-01,2007-03-31,STATCAN_BCPI_18100289,inferred,2007-03-31,TR_AIIO_BCPI_PROVINCE_LINKED_CMA_BACKCAST_0_1,province_linked_cma_backcast;not_official_provincial_observation;reference_cma=CMA_462;anchor_period=2017-03-31
OBS_BCPI_BACKCAST_4A7BF792868D4A4117A7,BCPI_OFFICE_BUILDING_62212_DIVISION_COMPOSITE,PR_24,Quebec,2021S0503462,55.9,"Index, 2023=100",2007-04-01,2007-06-30,STATCAN_BCPI_18100289,inferred,2007-06-30,TR_AIIO_BCPI_PROVINCE_LINKED_CMA_BACKCAST_0_1,province_linked_cma_backcast;not_official_provincial_observation;reference_cma=CMA_462;anchor_period=2017-03-31
OBS_BCPI_BACKCAST_5B2F31C701931DD2D71F,BCPI_OFFICE_BUILDING_62212_DIVISION_COMPOSITE,PR_24,Quebec,2021S0503462,56,"Index, 2023=100",2007-07-01,2007-09-30,STATCAN_BCPI_18100289,inferred,2007-09-30,TR_AIIO_BCPI_PROVINCE_LINKED_CMA_BACKCAST_0_1,province_linked_cma_backcast;not_official_provincial_observation;reference_cma=CMA_462;anchor_period=2017-03-31
OBS_BCPI_BACKCAST_2EB786234CD0D59EE68C,BCPI_OFFICE_BUILDING_62212_DIVISION_COMPOSITE,PR_24,Quebec,2021S0503462,56.6,"Index, 2023=100",2007-10-01,2007-12-31,STATCAN_BCPI_18100289,inferred,2007-12-31,TR_AIIO_BCPI_PROVINCE_LINKED_CMA_BACKCAST_0_1,province_linked_cma_backcast;not_official_provincial_observation;reference_cma=CMA_462;anchor_period=2017-03-31
OBS_BCPI_BACKCAST_14D7EDB415BDCE95F5E8,BCPI_OFFICE_BUILDING_62212_DIVISION_COMPOSITE,PR_24,Quebec,2021S0503462,58,"Index, 2023=100",2008-01-01,2008-03-31,STATCAN_BCPI_18100289,inferred,2008-03-31,TR_AIIO_BCPI_PROVINCE_LINKED_CMA_BACKCAST_0_1,province_linked_cma_backcast;not_official_provincial_observation;reference_cma=CMA_462;anchor_period=2017-03-31
OBS_BCPI_BACKCAST_539644B3B3E39E75E7F8,BCPI_OFFICE_BUILDING_62212_DIVISION_COMPOSITE,PR_24,Quebec,2021S0503462,59.4,"Index, 2023=100",2008-04-01,2008-06-30,STATCAN_BCPI_18100289,inferred,2008-06-30,TR_AIIO_BCPI_PROVINCE_LINKED_CMA_BACKCAST_0_1,province_linked_cma_backcast;not_official_provincial_observation;reference_cma=CMA_462;anchor_period=2017-03-31
OBS_BCPI_BACKCAST_74759A638B458A45968B,BCPI_OFFICE_BUILDING_62212_DIVISION_COMPOSITE,PR_24,Quebec,2021S0503462,60.8,"Index, 2023=100",2008-07-01,2008-09-30,STATCAN_BCPI_18100289,inferred,2008-09-30,TR_AIIO_BCPI_PROVINCE_LINKED_CMA_BACKCAST_0_1,province_linked_cma_backcast;not_official_provincial_observation;reference_cma=CMA_462;anchor_period=2017-03-31
OBS_BCPI_BACKCAST_3E36DC93CD3D9D27E93F,BCPI_OFFICE_BUILDING_62212_DIVISION_COMPOSITE,PR_24,Quebec,2021S0503462,61.4,"Index, 2023=100",2008-10-01,2008-12-31,STATCAN_BCPI_18100289,inferred,2008-12-31,TR_AIIO_BCPI_PROVINCE_LINKED_CMA_BACKCAST_0_1,province_linked_cma_backcast;not_official_provincial_observation;reference_cma=CMA_462;anchor_period=2017-03-31
OBS_BCPI_BACKCAST_7CF45F1CF208B49B368A,BCPI_OFFICE_BUILDING_62212_DIVISION_COMPOSITE,PR_24,Quebec,2021S0503462,61.4,"Index, 2023=100",2009-01-01,2009-03-31,STATCAN_BCPI_18100289,inferred,2009-03-31,TR_AIIO_BCPI_PROVINCE_LINKED_CMA_BACKCAST_0_1,province_linked_cma_backcast;not_official_provincial_observation;reference_cma=CMA_462;anchor_period=2017-03-31
OBS_BCPI_BACKCAST_DC4ED23CAF96F2FB189C,BCPI_OFFICE_BUILDING_62212_DIVISION_COMPOSITE,PR_24,Quebec,2021S0503462,61.3,"Index, 2023=100",2009-04-01,2009-06-30,STATCAN_BCPI_18100289,inferred,2009-06-30,TR_AIIO_BCPI_PROVINCE_LINKED_CMA_BACKCAST_0_1,province_linked_cma_backcast;not_official_provincial_observation;reference_cma=CMA_462;anchor_period=2017-03-31
OBS_BCPI_BACKCAST_9005DBBFE628271E6B7A,BCPI_OFFICE_BUILDING_62212_DIVISION_COMPOSITE,PR_24,Quebec,2021S0503462,61.8,"Index, 2023=100",2009-07-01,2009-09-30,STATCAN_BCPI_18100289,inferred,2009-09-30,TR_AIIO_BCPI_PROVINCE_LINKED_CMA_BACKCAST_0_1,province_linked_cma_backcast;not_official_provincial_observation;reference_cma=CMA_462;anchor_period=2017-03-31
OBS_BCPI_BACKCAST_689B542BC354C5F89AED,BCPI_OFFICE_BUILDING_62212_DIVISION_COMPOSITE,PR_24,Quebec,2021S0503462,61.9,"Index, 2023=100",2009-10-01,2009-12-31,STATCAN_BCPI_18100289,inferred,2009-12-31,TR_AIIO_BCPI_PROVINCE_LINKED_CMA_BACKCAST_0_1,province_linked_cma_backcast;not_official_provincial_observation;reference_cma=CMA_462;anchor_period=2017-03-31
OBS_BCPI_BACKCAST_9AF43F05F86144CF6FA2,BCPI_OFFICE_BUILDING_62212_DIVISION_COMPOSITE,PR_24,Quebec,2021S0503462,61.6,"Index, 2023=100",2010-01-01,2010-03-31,STATCAN_BCPI_18100289,inferred,2010-03-31,TR_AIIO_BCPI_PROVINCE_LINKED_CMA_BACKCAST_0_1,province_linked_cma_backcast;not_official_provincial_observation;reference_cma=CMA_462;anchor_period=2017-03-31
OBS_BCPI_BACKCAST_0BCDCCC24541612AA536,BCPI_OFFICE_BUILDING_62212_DIVISION_COMPOSITE,PR_24,Quebec,2021S0503462,62.2,"Index, 2023=100",2010-04-01,2010-06-30,STATCAN_BCPI_18100289,inferred,2010-06-30,TR_AIIO_BCPI_PROVINCE_LINKED_CMA_BACKCAST_0_1,province_linked_cma_backcast;not_official_provincial_observation;reference_cma=CMA_462;anchor_period=2017-03-31
OBS_BCPI_BACKCAST_2CDF921B33E1142A65BC,BCPI_OFFICE_BUILDING_62212_DIVISION_COMPOSITE,PR_24,Quebec,2021S0503462,62.5,"Index, 2023=100",2010-07-01,2010-09-30,STATCAN_BCPI_18100289,inferred,2010-09-30,TR_AIIO_BCPI_PROVINCE_LINKED_CMA_BACKCAST_0_1,province_linked_cma_backcast;not_official_provincial_observation;reference_cma=CMA_462;anchor_period=2017-03-31
OBS_BCPI_BACKCAST_A6CAAC75A46A8A0950EC,BCPI_OFFICE_BUILDING_62212_DIVISION_COMPOSITE,PR_24,Quebec,2021S0503462,62.9,"Index, 2023=100",2010-10-01,2010-12-31,STATCAN_BCPI_18100289,inferred,2010-12-31,TR_AIIO_BCPI_PROVINCE_LINKED_CMA_BACKCAST_0_1,province_linked_cma_backcast;not_official_provincial_observation;reference_cma=CMA_462;anchor_period=2017-03-31
OBS_BCPI_BACKCAST_FF3F46A9D774045678DF,BCPI_OFFICE_BUILDING_62212_DIVISION_COMPOSITE,PR_24,Quebec,2021S0503462,63.5,"Index, 2023=100",2011-01-01,2011-03-31,STATCAN_BCPI_18100289,inferred,2011-03-31,TR_AIIO_BCPI_PROVINCE_LINKED_CMA_BACKCAST_0_1,province_linked_cma_backcast;not_official_provincial_observation;reference_cma=CMA_462;anchor_period=2017-03-31
OBS_BCPI_BACKCAST_43E881B9563DA74BC700,BCPI_OFFICE_BUILDING_62212_DIVISION_COMPOSITE,PR_24,Quebec,2021S0503462,63.9,"Index, 2023=100",2011-04-01,2011-06-30,STATCAN_BCPI_18100289,inferred,2011-06-30,TR_AIIO_BCPI_PROVINCE_LINKED_CMA_BACKCAST_0_1,province_linked_cma_backcast;not_official_provincial_observation;reference_cma=CMA_462;anchor_period=2017-03-31
OBS_BCPI_BACKCAST_796F6907D5AD1E448546,BCPI_OFFICE_BUILDING_62212_DIVISION_COMPOSITE,PR_24,Quebec,2021S0503462,64.7,"Index, 2023=100",2011-07-01,2011-09-30,STATCAN_BCPI_18100289,inferred,2011-09-30,TR_AIIO_BCPI_PROVINCE_LINKED_CMA_BACKCAST_0_1,province_linked_cma_backcast;not_official_provincial_observation;reference_cma=CMA_462;anchor_period=2017-03-31
OBS_BCPI_BACKCAST_7D9DC654D207A0690EB4,BCPI_OFFICE_BUILDING_62212_DIVISION_COMPOSITE,PR_24,Quebec,2021S0503462,64.9,"Index, 2023=100",2011-10-01,2011-12-31,STATCAN_BCPI_18100289,inferred,2011-12-31,TR_AIIO_BCPI_PROVINCE_LINKED_CMA_BACKCAST_0_1,province_linked_cma_backcast;not_official_provincial_observation;reference_cma=CMA_462;anchor_period=2017-03-31
OBS_BCPI_BACKCAST_17A058D27C3BD482A8BF,BCPI_OFFICE_BUILDING_62212_DIVISION_COMPOSITE,PR_24,Quebec,2021S0503462,65.2,"Index, 2023=100",2012-01-01,2012-03-31,STATCAN_BCPI_18100289,inferred,2012-03-31,TR_AIIO_BCPI_PROVINCE_LINKED_CMA_BACKCAST_0_1,province_linked_cma_backcast;not_official_provincial_observation;reference_cma=CMA_462;anchor_period=2017-03-31
OBS_BCPI_BACKCAST_B81655181604D0E52629,BCPI_OFFICE_BUILDING_62212_DIVISION_COMPOSITE,PR_24,Quebec,2021S0503462,65.4,"Index, 2023=100",2012-04-01,2012-06-30,STATCAN_BCPI_18100289,inferred,2012-06-30,TR_AIIO_BCPI_PROVINCE_LINKED_CMA_BACKCAST_0_1,province_linked_cma_backcast;not_official_provincial_observation;reference_cma=CMA_462;anchor_period=2017-03-31
OBS_BCPI_BACKCAST_CE57652ECC6045C51132,BCPI_OFFICE_BUILDING_62212_DIVISION_COMPOSITE,PR_24,Quebec,2021S0503462,65.4,"Index, 2023=100",2012-07-01,2012-09-30,STATCAN_BCPI_18100289,inferred,2012-09-30,TR_AIIO_BCPI_PROVINCE_LINKED_CMA_BACKCAST_0_1,province_linked_cma_backcast;not_official_provincial_observation;reference_cma=CMA_462;anchor_period=2017-03-31
OBS_BCPI_BACKCAST_1B8966E2132A68B64353,BCPI_OFFICE_BUILDING_62212_DIVISION_COMPOSITE,PR_24,Quebec,2021S0503462,65.8,"Index, 2023=100",2012-10-01,2012-12-31,STATCAN_BCPI_18100289,inferred,2012-12-31,TR_AIIO_BCPI_PROVINCE_LINKED_CMA_BACKCAST_0_1,province_linked_cma_backcast;not_official_provincial_observation;reference_cma=CMA_462;anchor_period=2017-03-31
OBS_BCPI_BACKCAST_39A7B2CD72A995E0E203,BCPI_OFFICE_BUILDING_62212_DIVISION_COMPOSITE,PR_24,Quebec,2021S0503462,65.9,"Index, 2023=100",2013-01-01,2013-03-31,STATCAN_BCPI_18100289,inferred,2013-03-31,TR_AIIO_BCPI_PROVINCE_LINKED_CMA_BACKCAST_0_1,province_linked_cma_backcast;not_official_provincial_observation;reference_cma=CMA_462;anchor_period=2017-03-31
OBS_BCPI_BACKCAST_25F6333B7AF4AC982CB0,BCPI_OFFICE_BUILDING_62212_DIVISION_COMPOSITE,PR_24,Quebec,2021S0503462,66,"Index, 2023=100",2013-04-01,2013-06-30,STATCAN_BCPI_18100289,inferred,2013-06-30,TR_AIIO_BCPI_PROVINCE_LINKED_CMA_BACKCAST_0_1,province_linked_cma_backcast;not_official_provincial_observation;reference_cma=CMA_462;anchor_period=2017-03-31
OBS_BCPI_BACKCAST_0856C18D6409A4D16D22,BCPI_OFFICE_BUILDING_62212_DIVISION_COMPOSITE,PR_24,Quebec,2021S0503462,65.9,"Index, 2023=100",2013-07-01,2013-09-30,STATCAN_BCPI_18100289,inferred,2013-09-30,TR_AIIO_BCPI_PROVINCE_LINKED_CMA_BACKCAST_0_1,province_linked_cma_backcast;not_official_provincial_observation;reference_cma=CMA_462;anchor_period=2017-03-31
OBS_BCPI_BACKCAST_3B9354D162CE06B7287F,BCPI_OFFICE_BUILDING_62212_DIVISION_COMPOSITE,PR_24,Quebec,2021S0503462,66,"Index, 2023=100",2013-10-01,2013-12-31,STATCAN_BCPI_18100289,inferred,2013-12-31,TR_AIIO_BCPI_PROVINCE_LINKED_CMA_BACKCAST_0_1,province_linked_cma_backcast;not_official_provincial_observation;reference_cma=CMA_462;anchor_period=2017-03-31
OBS_BCPI_BACKCAST_C088F7F2CBC48BED81BD,BCPI_OFFICE_BUILDING_62212_DIVISION_COMPOSITE,PR_24,Quebec,2021S0503462,66.5,"Index, 2023=100",2014-01-01,2014-03-31,STATCAN_BCPI_18100289,inferred,2014-03-31,TR_AIIO_BCPI_PROVINCE_LINKED_CMA_BACKCAST_0_1,province_linked_cma_backcast;not_official_provincial_observation;reference_cma=CMA_462;anchor_period=2017-03-31
OBS_BCPI_BACKCAST_824884AC8463C446B13C,BCPI_OFFICE_BUILDING_62212_DIVISION_COMPOSITE,PR_24,Quebec,2021S0503462,66.8,"Index, 2023=100",2014-04-01,2014-06-30,STATCAN_BCPI_18100289,inferred,2014-06-30,TR_AIIO_BCPI_PROVINCE_LINKED_CMA_BACKCAST_0_1,province_linked_cma_backcast;not_official_provincial_observation;reference_cma=CMA_462;anchor_period=2017-03-31
OBS_BCPI_BACKCAST_D6CCC7E89FA8171B8012,BCPI_OFFICE_BUILDING_62212_DIVISION_COMPOSITE,PR_24,Quebec,2021S0503462,66.8,"Index, 2023=100",2014-07-01,2014-09-30,STATCAN_BCPI_18100289,inferred,2014-09-30,TR_AIIO_BCPI_PROVINCE_LINKED_CMA_BACKCAST_0_1,province_linked_cma_backcast;not_official_provincial_observation;reference_cma=CMA_462;anchor_period=2017-03-31
OBS_BCPI_BACKCAST_B38321DC0158BCA4772C,BCPI_OFFICE_BUILDING_62212_DIVISION_COMPOSITE,PR_24,Quebec,2021S0503462,67,"Index, 2023=100",2014-10-01,2014-12-31,STATCAN_BCPI_18100289,inferred,2014-12-31,TR_AIIO_BCPI_PROVINCE_LINKED_CMA_BACKCAST_0_1,province_linked_cma_backcast;not_official_provincial_observation;reference_cma=CMA_462;anchor_period=2017-03-31
OBS_BCPI_BACKCAST_93E7DB4D3D3160BD5DDD,BCPI_OFFICE_BUILDING_62212_DIVISION_COMPOSITE,PR_24,Quebec,2021S0503462,67.1,"Index, 2023=100",2015-01-01,2015-03-31,STATCAN_BCPI_18100289,inferred,2015-03-31,TR_AIIO_BCPI_PROVINCE_LINKED_CMA_BACKCAST_0_1,province_linked_cma_backcast;not_official_provincial_observation;reference_cma=CMA_462;anchor_period=2017-03-31
OBS_BCPI_BACKCAST_BAADF6D1DAE88C9E91C9,BCPI_OFFICE_BUILDING_62212_DIVISION_COMPOSITE,PR_24,Quebec,2021S0503462,67.5,"Index, 2023=100",2015-04-01,2015-06-30,STATCAN_BCPI_18100289,inferred,2015-06-30,TR_AIIO_BCPI_PROVINCE_LINKED_CMA_BACKCAST_0_1,province_linked_cma_backcast;not_official_provincial_observation;reference_cma=CMA_462;anchor_period=2017-03-31
OBS_BCPI_BACKCAST_FFB38E7C14DF07F32693,BCPI_OFFICE_BUILDING_62212_DIVISION_COMPOSITE,PR_24,Quebec,2021S0503462,67,"Index, 2023=100",2015-07-01,2015-09-30,STATCAN_BCPI_18100289,inferred,2015-09-30,TR_AIIO_BCPI_PROVINCE_LINKED_CMA_BACKCAST_0_1,province_linked_cma_backcast;not_official_provincial_observation;reference_cma=CMA_462;anchor_period=2017-03-31
OBS_BCPI_BACKCAST_BC88CFE8F53C83C5F3A5,BCPI_OFFICE_BUILDING_62212_DIVISION_COMPOSITE,PR_24,Quebec,2021S0503462,67.6,"Index, 2023=100",2015-10-01,2015-12-31,STATCAN_BCPI_18100289,inferred,2015-12-31,TR_AIIO_BCPI_PROVINCE_LINKED_CMA_BACKCAST_0_1,province_linked_cma_backcast;not_official_provincial_observation;reference_cma=CMA_462;anchor_period=2017-03-31
OBS_BCPI_BACKCAST_F4BDE307AB3D26ACDE80,BCPI_OFFICE_BUILDING_62212_DIVISION_COMPOSITE,PR_24,Quebec,2021S0503462,67.7,"Index, 2023=100",2016-01-01,2016-03-31,STATCAN_BCPI_18100289,inferred,2016-03-31,TR_AIIO_BCPI_PROVINCE_LINKED_CMA_BACKCAST_0_1,province_linked_cma_backcast;not_official_provincial_observation;reference_cma=CMA_462;anchor_period=2017-03-31
OBS_BCPI_BACKCAST_C924B5F2B563AC8DB491,BCPI_OFFICE_BUILDING_62212_DIVISION_COMPOSITE,PR_24,Quebec,2021S0503462,68.5,"Index, 2023=100",2016-04-01,2016-06-30,STATCAN_BCPI_18100289,inferred,2016-06-30,TR_AIIO_BCPI_PROVINCE_LINKED_CMA_BACKCAST_0_1,province_linked_cma_backcast;not_official_provincial_observation;reference_cma=CMA_462;anchor_period=2017-03-31
OBS_BCPI_BACKCAST_96DD5EBE57044F0748EE,BCPI_OFFICE_BUILDING_62212_DIVISION_COMPOSITE,PR_24,Quebec,2021S0503462,68.5,"Index, 2023=100",2016-07-01,2016-09-30,STATCAN_BCPI_18100289,inferred,2016-09-30,TR_AIIO_BCPI_PROVINCE_LINKED_CMA_BACKCAST_0_1,province_linked_cma_backcast;not_official_provincial_observation;reference_cma=CMA_462;anchor_period=2017-03-31
OBS_BCPI_BACKCAST_C4B605E546E98991F0CC,BCPI_OFFICE_BUILDING_62212_DIVISION_COMPOSITE,PR_24,Quebec,2021S0503462,69.1,"Index, 2023=100",2016-10-01,2016-12-31,STATCAN_BCPI_18100289,inferred,2016-12-31,TR_AIIO_BCPI_PROVINCE_LINKED_CMA_BACKCAST_0_1,province_linked_cma_backcast;not_official_provincial_observation;reference_cma=CMA_462;anchor_period=2017-03-31
OBS_BCPI_C953F42611BDC9A8F5EA,BCPI_OFFICE_BUILDING_62212_DIVISION_COMPOSITE,PR_24,Quebec,2021A000224,69.8,"Index, 2023=100",2017-01-01,2017-03-31,STATCAN_BCPI_18100289,observed,2017-03-31,TR_STATCAN_BCPI_BC_ON_QC_REFERENCE_CLASSES_1_0_0,
OBS_BCPI_3E2EEA0809E248740F84,BCPI_OFFICE_BUILDING_62212_DIVISION_COMPOSITE,PR_24,Quebec,2021A000224,70.5,"Index, 2023=100",2017-04-01,2017-06-30,STATCAN_BCPI_18100289,observed,2017-06-30,TR_STATCAN_BCPI_BC_ON_QC_REFERENCE_CLASSES_1_0_0,
OBS_BCPI_54907E13800F33C3A4D2,BCPI_OFFICE_BUILDING_62212_DIVISION_COMPOSITE,PR_24,Quebec,2021A000224,70.9,"Index, 2023=100",2017-07-01,2017-09-30,STATCAN_BCPI_18100289,observed,2017-09-30,TR_STATCAN_BCPI_BC_ON_QC_REFERENCE_CLASSES_1_0_0,
OBS_BCPI_B5AB14317FBB0064DFD8,BCPI_OFFICE_BUILDING_62212_DIVISION_COMPOSITE,PR_24,Quebec,2021A000224,71.6,"Index, 2023=100",2017-10-01,2017-12-31,STATCAN_BCPI_18100289,observed,2017-12-31,TR_STATCAN_BCPI_BC_ON_QC_REFERENCE_CLASSES_1_0_0,
OBS_BCPI_D6AB3944039484BFEC14,BCPI_OFFICE_BUILDING_62212_DIVISION_COMPOSITE,PR_24,Quebec,2021A000224,72.2,"Index, 2023=100",2018-01-01,2018-03-31,STATCAN_BCPI_18100289,observed,2018-03-31,TR_STATCAN_BCPI_BC_ON_QC_REFERENCE_CLASSES_1_0_0,
OBS_BCPI_0C7C5FE320950F332306,BCPI_OFFICE_BUILDING_62212_DIVISION_COMPOSITE,PR_24,Quebec,2021A000224,73.3,"Index, 2023=100",2018-04-01,2018-06-30,STATCAN_BCPI_18100289,observed,2018-06-30,TR_STATCAN_BCPI_BC_ON_QC_REFERENCE_CLASSES_1_0_0,
OBS_BCPI_C550B7509812F3CDC645,BCPI_OFFICE_BUILDING_62212_DIVISION_COMPOSITE,PR_24,Quebec,2021A000224,74.6,"Index, 2023=100",2018-07-01,2018-09-30,STATCAN_BCPI_18100289,observed,2018-09-30,TR_STATCAN_BCPI_BC_ON_QC_REFERENCE_CLASSES_1_0_0,
OBS_BCPI_AE95102621E94571F5D7,BCPI_OFFICE_BUILDING_62212_DIVISION_COMPOSITE,PR_24,Quebec,2021A000224,75.5,"Index, 2023=100",2018-10-01,2018-12-31,STATCAN_BCPI_18100289,observed,2018-12-31,TR_STATCAN_BCPI_BC_ON_QC_REFERENCE_CLASSES_1_0_0,
OBS_BCPI_8B04A6C6B39004BB50ED,BCPI_OFFICE_BUILDING_62212_DIVISION_COMPOSITE,PR_24,Quebec,2021A000224,76.2,"Index, 2023=100",2019-01-01,2019-03-31,STATCAN_BCPI_18100289,observed,2019-03-31,TR_STATCAN_BCPI_BC_ON_QC_REFERENCE_CLASSES_1_0_0,
OBS_BCPI_1D5B56FBB9BCAB8B4C04,BCPI_OFFICE_BUILDING_62212_DIVISION_COMPOSITE,PR_24,Quebec,2021A000224,77.1,"Index, 2023=100",2019-04-01,2019-06-30,STATCAN_BCPI_18100289,observed,2019-06-30,TR_STATCAN_BCPI_BC_ON_QC_REFERENCE_CLASSES_1_0_0,
OBS_BCPI_1355DF11338C677263B4,BCPI_OFFICE_BUILDING_62212_DIVISION_COMPOSITE,PR_24,Quebec,2021A000224,77.6,"Index, 2023=100",2019-07-01,2019-09-30,STATCAN_BCPI_18100289,observed,2019-09-30,TR_STATCAN_BCPI_BC_ON_QC_REFERENCE_CLASSES_1_0_0,
OBS_BCPI_56AE4D8CD2BC94345AD2,BCPI_OFFICE_BUILDING_62212_DIVISION_COMPOSITE,PR_24,Quebec,2021A000224,78.4,"Index, 2023=100",2019-10-01,2019-12-31,STATCAN_BCPI_18100289,observed,2019-12-31,TR_STATCAN_BCPI_BC_ON_QC_REFERENCE_CLASSES_1_0_0,
OBS_BCPI_9520AE82877A7D32B769,BCPI_OFFICE_BUILDING_62212_DIVISION_COMPOSITE,PR_24,Quebec,2021A000224,79.0,"Index, 2023=100",2020-01-01,2020-03-31,STATCAN_BCPI_18100289,observed,2020-03-31,TR_STATCAN_BCPI_BC_ON_QC_REFERENCE_CLASSES_1_0_0,
OBS_BCPI_DD6560AF125F4FBE1080,BCPI_OFFICE_BUILDING_62212_DIVISION_COMPOSITE,PR_24,Quebec,2021A000224,79.6,"Index, 2023=100",2020-04-01,2020-06-30,STATCAN_BCPI_18100289,observed,2020-06-30,TR_STATCAN_BCPI_BC_ON_QC_REFERENCE_CLASSES_1_0_0,
OBS_BCPI_8199AC3A29C8668F9BC1,BCPI_OFFICE_BUILDING_62212_DIVISION_COMPOSITE,PR_24,Quebec,2021A000224,80.7,"Index, 2023=100",2020-07-01,2020-09-30,STATCAN_BCPI_18100289,observed,2020-09-30,TR_STATCAN_BCPI_BC_ON_QC_REFERENCE_CLASSES_1_0_0,
OBS_BCPI_F6727741414EB4FC2815,BCPI_OFFICE_BUILDING_62212_DIVISION_COMPOSITE,PR_24,Quebec,2021A000224,80.9,"Index, 2023=100",2020-10-01,2020-12-31,STATCAN_BCPI_18100289,observed,2020-12-31,TR_STATCAN_BCPI_BC_ON_QC_REFERENCE_CLASSES_1_0_0,
OBS_BCPI_7AE3F54DEB0A24F3FF87,BCPI_OFFICE_BUILDING_62212_DIVISION_COMPOSITE,PR_24,Quebec,2021A000224,82.2,"Index, 2023=100",2021-01-01,2021-03-31,STATCAN_BCPI_18100289,observed,2021-03-31,TR_STATCAN_BCPI_BC_ON_QC_REFERENCE_CLASSES_1_0_0,
OBS_BCPI_B06A3C4902DC2F8E13AF,BCPI_OFFICE_BUILDING_62212_DIVISION_COMPOSITE,PR_24,Quebec,2021A000224,85.3,"Index, 2023=100",2021-04-01,2021-06-30,STATCAN_BCPI_18100289,observed,2021-06-30,TR_STATCAN_BCPI_BC_ON_QC_REFERENCE_CLASSES_1_0_0,
OBS_BCPI_CD803C9BD914D695A8F2,BCPI_OFFICE_BUILDING_62212_DIVISION_COMPOSITE,PR_24,Quebec,2021A000224,87.1,"Index, 2023=100",2021-07-01,2021-09-30,STATCAN_BCPI_18100289,observed,2021-09-30,TR_STATCAN_BCPI_BC_ON_QC_REFERENCE_CLASSES_1_0_0,
OBS_BCPI_1C5D65556D451EDC68C2,BCPI_OFFICE_BUILDING_62212_DIVISION_COMPOSITE,PR_24,Quebec,2021A000224,89.2,"Index, 2023=100",2021-10-01,2021-12-31,STATCAN_BCPI_18100289,observed,2021-12-31,TR_STATCAN_BCPI_BC_ON_QC_REFERENCE_CLASSES_1_0_0,
OBS_BCPI_49DCE4DD9426AAAD5E85,BCPI_OFFICE_BUILDING_62212_DIVISION_COMPOSITE,PR_24,Quebec,2021A000224,92.2,"Index, 2023=100",2022-01-01,2022-03-31,STATCAN_BCPI_18100289,observed,2022-03-31,TR_STATCAN_BCPI_BC_ON_QC_REFERENCE_CLASSES_1_0_0,
OBS_BCPI_7210E96AF9BDCDF1DBBE,BCPI_OFFICE_BUILDING_62212_DIVISION_COMPOSITE,PR_24,Quebec,2021A000224,95.1,"Index, 2023=100",2022-04-01,2022-06-30,STATCAN_BCPI_18100289,observed,2022-06-30,TR_STATCAN_BCPI_BC_ON_QC_REFERENCE_CLASSES_1_0_0,
OBS_BCPI_C31AA85AC6E1AB949659,BCPI_OFFICE_BUILDING_62212_DIVISION_COMPOSITE,PR_24,Quebec,2021A000224,96.8,"Index, 2023=100",2022-07-01,2022-09-30,STATCAN_BCPI_18100289,observed,2022-09-30,TR_STATCAN_BCPI_BC_ON_QC_REFERENCE_CLASSES_1_0_0,
OBS_BCPI_EC4A10F35D276FAAFA58,BCPI_OFFICE_BUILDING_62212_DIVISION_COMPOSITE,PR_24,Quebec,2021A000224,97.7,"Index, 2023=100",2022-10-01,2022-12-31,STATCAN_BCPI_18100289,observed,2022-12-31,TR_STATCAN_BCPI_BC_ON_QC_REFERENCE_CLASSES_1_0_0,
OBS_BCPI_3C33D235C530B0A108AE,BCPI_OFFICE_BUILDING_62212_DIVISION_COMPOSITE,PR_24,Quebec,2021A000224,98.7,"Index, 2023=100",2023-01-01,2023-03-31,STATCAN_BCPI_18100289,observed,2023-03-31,TR_STATCAN_BCPI_BC_ON_QC_REFERENCE_CLASSES_1_0_0,
OBS_BCPI_CC13B69960ACEBF8E689,BCPI_OFFICE_BUILDING_62212_DIVISION_COMPOSITE,PR_24,Quebec,2021A000224,99.8,"Index, 2023=100",2023-04-01,2023-06-30,STATCAN_BCPI_18100289,observed,2023-06-30,TR_STATCAN_BCPI_BC_ON_QC_REFERENCE_CLASSES_1_0_0,
OBS_BCPI_ED691465DD50D3161C19,BCPI_OFFICE_BUILDING_62212_DIVISION_COMPOSITE,PR_24,Quebec,2021A000224,100.5,"Index, 2023=100",2023-07-01,2023-09-30,STATCAN_BCPI_18100289,observed,2023-09-30,TR_STATCAN_BCPI_BC_ON_QC_REFERENCE_CLASSES_1_0_0,
OBS_BCPI_3067AC7EAEEC348E96ED,BCPI_OFFICE_BUILDING_62212_DIVISION_COMPOSITE,PR_24,Quebec,2021A000224,101.0,"Index, 2023=100",2023-10-01,2023-12-31,STATCAN_BCPI_18100289,observed,2023-12-31,TR_STATCAN_BCPI_BC_ON_QC_REFERENCE_CLASSES_1_0_0,
OBS_BCPI_1D1807C74B810E644504,BCPI_OFFICE_BUILDING_62212_DIVISION_COMPOSITE,PR_24,Quebec,2021A000224,101.7,"Index, 2023=100",2024-01-01,2024-03-31,STATCAN_BCPI_18100289,observed,2024-03-31,TR_STATCAN_BCPI_BC_ON_QC_REFERENCE_CLASSES_1_0_0,
OBS_BCPI_844F7A60714FD4562B52,BCPI_OFFICE_BUILDING_62212_DIVISION_COMPOSITE,PR_24,Quebec,2021A000224,102.7,"Index, 2023=100",2024-04-01,2024-06-30,STATCAN_BCPI_18100289,observed,2024-06-30,TR_STATCAN_BCPI_BC_ON_QC_REFERENCE_CLASSES_1_0_0,
OBS_BCPI_CAC221BE199475F22080,BCPI_OFFICE_BUILDING_62212_DIVISION_COMPOSITE,PR_24,Quebec,2021A000224,102.9,"Index, 2023=100",2024-07-01,2024-09-30,STATCAN_BCPI_18100289,observed,2024-09-30,TR_STATCAN_BCPI_BC_ON_QC_REFERENCE_CLASSES_1_0_0,
OBS_BCPI_16C5EE5906E9BAB07343,BCPI_OFFICE_BUILDING_62212_DIVISION_COMPOSITE,PR_24,Quebec,2021A000224,103.6,"Index, 2023=100",2024-10-01,2024-12-31,STATCAN_BCPI_18100289,observed,2024-12-31,TR_STATCAN_BCPI_BC_ON_QC_REFERENCE_CLASSES_1_0_0,
OBS_BCPI_6752F1D788D0636B084A,BCPI_OFFICE_BUILDING_62212_DIVISION_COMPOSITE,PR_24,Quebec,2021A000224,105.3,"Index, 2023=100",2025-01-01,2025-03-31,STATCAN_BCPI_18100289,observed,2025-03-31,TR_STATCAN_BCPI_BC_ON_QC_REFERENCE_CLASSES_1_0_0,
OBS_BCPI_586BF59A6F4FEE3AED14,BCPI_OFFICE_BUILDING_62212_DIVISION_COMPOSITE,PR_24,Quebec,2021A000224,108.5,"Index, 2023=100",2025-04-01,2025-06-30,STATCAN_BCPI_18100289,observed,2025-06-30,TR_STATCAN_BCPI_BC_ON_QC_REFERENCE_CLASSES_1_0_0,
OBS_BCPI_5175378533AC7F4A3060,BCPI_OFFICE_BUILDING_62212_DIVISION_COMPOSITE,PR_24,Quebec,2021A000224,109.9,"Index, 2023=100",2025-07-01,2025-09-30,STATCAN_BCPI_18100289,observed,2025-09-30,TR_STATCAN_BCPI_BC_ON_QC_REFERENCE_CLASSES_1_0_0,
OBS_BCPI_3B8C6E654116A51D0A1B,BCPI_OFFICE_BUILDING_62212_DIVISION_COMPOSITE,PR_24,Quebec,2021A000224,110.4,"Index, 2023=100",2025-10-01,2025-12-31,STATCAN_BCPI_18100289,observed,2025-12-31,TR_STATCAN_BCPI_BC_ON_QC_REFERENCE_CLASSES_1_0_0,
OBS_BCPI_D02037EB755D06156623,BCPI_OFFICE_BUILDING_62212_DIVISION_COMPOSITE,PR_24,Quebec,2021A000224,111.6,"Index, 2023=100",2026-01-01,2026-03-31,STATCAN_BCPI_18100289,observed,2026-03-31,TR_STATCAN_BCPI_BC_ON_QC_REFERENCE_CLASSES_1_0_0,
OBS_BCPI_1CE155B50B94E6D86DF7,BCPI_OFFICE_BUILDING_62212_DIVISION_COMPOSITE,PR_24,Quebec,2021A000224,114.0,"Index, 2023=100",2026-04-01,2026-06-30,STATCAN_BCPI_18100289,observed,2026-06-30,TR_STATCAN_BCPI_BC_ON_QC_REFERENCE_CLASSES_1_0_0,
OBS_BCPI_BACKCAST_A13813BCD69A6A58503D,BCPI_SCHOOL_DIVISION_COMPOSITE,PR_24,Quebec,2021S0503462,25.5,"Index, 2023=100",1981-01-01,1981-03-31,STATCAN_BCPI_18100289,inferred,1981-03-31,TR_AIIO_BCPI_PROVINCE_LINKED_CMA_BACKCAST_0_1,province_linked_cma_backcast;not_official_provincial_observation;reference_cma=CMA_462;anchor_period=2017-03-31
OBS_BCPI_BACKCAST_573CF33D4A25F18BFEA1,BCPI_SCHOOL_DIVISION_COMPOSITE,PR_24,Quebec,2021S0503462,26.2,"Index, 2023=100",1981-04-01,1981-06-30,STATCAN_BCPI_18100289,inferred,1981-06-30,TR_AIIO_BCPI_PROVINCE_LINKED_CMA_BACKCAST_0_1,province_linked_cma_backcast;not_official_provincial_observation;reference_cma=CMA_462;anchor_period=2017-03-31
OBS_BCPI_BACKCAST_5FCCD556FA3EB350F223,BCPI_SCHOOL_DIVISION_COMPOSITE,PR_24,Quebec,2021S0503462,27.6,"Index, 2023=100",1981-07-01,1981-09-30,STATCAN_BCPI_18100289,inferred,1981-09-30,TR_AIIO_BCPI_PROVINCE_LINKED_CMA_BACKCAST_0_1,province_linked_cma_backcast;not_official_provincial_observation;reference_cma=CMA_462;anchor_period=2017-03-31
OBS_BCPI_BACKCAST_D881E70A26A4BCE445B7,BCPI_SCHOOL_DIVISION_COMPOSITE,PR_24,Quebec,2021S0503462,28.2,"Index, 2023=100",1981-10-01,1981-12-31,STATCAN_BCPI_18100289,inferred,1981-12-31,TR_AIIO_BCPI_PROVINCE_LINKED_CMA_BACKCAST_0_1,province_linked_cma_backcast;not_official_provincial_observation;reference_cma=CMA_462;anchor_period=2017-03-31
OBS_BCPI_BACKCAST_D22C35BC9ADF159D6EEA,BCPI_SCHOOL_DIVISION_COMPOSITE,PR_24,Quebec,2021S0503462,29,"Index, 2023=100",1982-01-01,1982-03-31,STATCAN_BCPI_18100289,inferred,1982-03-31,TR_AIIO_BCPI_PROVINCE_LINKED_CMA_BACKCAST_0_1,province_linked_cma_backcast;not_official_provincial_observation;reference_cma=CMA_462;anchor_period=2017-03-31
OBS_BCPI_BACKCAST_FD6DB4CFF97CAD32FCA2,BCPI_SCHOOL_DIVISION_COMPOSITE,PR_24,Quebec,2021S0503462,29.1,"Index, 2023=100",1982-04-01,1982-06-30,STATCAN_BCPI_18100289,inferred,1982-06-30,TR_AIIO_BCPI_PROVINCE_LINKED_CMA_BACKCAST_0_1,province_linked_cma_backcast;not_official_provincial_observation;reference_cma=CMA_462;anchor_period=2017-03-31
OBS_BCPI_BACKCAST_58794A9DF917C2870EEA,BCPI_SCHOOL_DIVISION_COMPOSITE,PR_24,Quebec,2021S0503462,29.4,"Index, 2023=100",1982-07-01,1982-09-30,STATCAN_BCPI_18100289,inferred,1982-09-30,TR_AIIO_BCPI_PROVINCE_LINKED_CMA_BACKCAST_0_1,province_linked_cma_backcast;not_official_provincial_observation;reference_cma=CMA_462;anchor_period=2017-03-31
OBS_BCPI_BACKCAST_A1CE7DBBA4895D2253FE,BCPI_SCHOOL_DIVISION_COMPOSITE,PR_24,Quebec,2021S0503462,29.4,"Index, 2023=100",1982-10-01,1982-12-31,STATCAN_BCPI_18100289,inferred,1982-12-31,TR_AIIO_BCPI_PROVINCE_LINKED_CMA_BACKCAST_0_1,province_linked_cma_backcast;not_official_provincial_observation;reference_cma=CMA_462;anchor_period=2017-03-31
OBS_BCPI_BACKCAST_93D01E490435F3917C2D,BCPI_SCHOOL_DIVISION_COMPOSITE,PR_24,Quebec,2021S0503462,29.3,"Index, 2023=100",1983-01-01,1983-03-31,STATCAN_BCPI_18100289,inferred,1983-03-31,TR_AIIO_BCPI_PROVINCE_LINKED_CMA_BACKCAST_0_1,province_linked_cma_backcast;not_official_provincial_observation;reference_cma=CMA_462;anchor_period=2017-03-31
OBS_BCPI_BACKCAST_2A0718F34147B44B3F97,BCPI_SCHOOL_DIVISION_COMPOSITE,PR_24,Quebec,2021S0503462,29.7,"Index, 2023=100",1983-04-01,1983-06-30,STATCAN_BCPI_18100289,inferred,1983-06-30,TR_AIIO_BCPI_PROVINCE_LINKED_CMA_BACKCAST_0_1,province_linked_cma_backcast;not_official_provincial_observation;reference_cma=CMA_462;anchor_period=2017-03-31
OBS_BCPI_BACKCAST_64689FBF8E911CDB7DE5,BCPI_SCHOOL_DIVISION_COMPOSITE,PR_24,Quebec,2021S0503462,30.1,"Index, 2023=100",1983-07-01,1983-09-30,STATCAN_BCPI_18100289,inferred,1983-09-30,TR_AIIO_BCPI_PROVINCE_LINKED_CMA_BACKCAST_0_1,province_linked_cma_backcast;not_official_provincial_observation;reference_cma=CMA_462;anchor_period=2017-03-31
OBS_BCPI_BACKCAST_478D27F301D79B7CE41B,BCPI_SCHOOL_DIVISION_COMPOSITE,PR_24,Quebec,2021S0503462,30.2,"Index, 2023=100",1983-10-01,1983-12-31,STATCAN_BCPI_18100289,inferred,1983-12-31,TR_AIIO_BCPI_PROVINCE_LINKED_CMA_BACKCAST_0_1,province_linked_cma_backcast;not_official_provincial_observation;reference_cma=CMA_462;anchor_period=2017-03-31
OBS_BCPI_BACKCAST_17B1867A4134AAA6349E,BCPI_SCHOOL_DIVISION_COMPOSITE,PR_24,Quebec,2021S0503462,30.5,"Index, 2023=100",1984-01-01,1984-03-31,STATCAN_BCPI_18100289,inferred,1984-03-31,TR_AIIO_BCPI_PROVINCE_LINKED_CMA_BACKCAST_0_1,province_linked_cma_backcast;not_official_provincial_observation;reference_cma=CMA_462;anchor_period=2017-03-31
OBS_BCPI_BACKCAST_C1EC0D7302A984481298,BCPI_SCHOOL_DIVISION_COMPOSITE,PR_24,Quebec,2021S0503462,30.6,"Index, 2023=100",1984-04-01,1984-06-30,STATCAN_BCPI_18100289,inferred,1984-06-30,TR_AIIO_BCPI_PROVINCE_LINKED_CMA_BACKCAST_0_1,province_linked_cma_backcast;not_official_provincial_observation;reference_cma=CMA_462;anchor_period=2017-03-31
OBS_BCPI_BACKCAST_CE5813A4185CB95B24C4,BCPI_SCHOOL_DIVISION_COMPOSITE,PR_24,Quebec,2021S0503462,31,"Index, 2023=100",1984-07-01,1984-09-30,STATCAN_BCPI_18100289,inferred,1984-09-30,TR_AIIO_BCPI_PROVINCE_LINKED_CMA_BACKCAST_0_1,province_linked_cma_backcast;not_official_provincial_observation;reference_cma=CMA_462;anchor_period=2017-03-31
OBS_BCPI_BACKCAST_3E3622AF4E064C195EF3,BCPI_SCHOOL_DIVISION_COMPOSITE,PR_24,Quebec,2021S0503462,31.3,"Index, 2023=100",1984-10-01,1984-12-31,STATCAN_BCPI_18100289,inferred,1984-12-31,TR_AIIO_BCPI_PROVINCE_LINKED_CMA_BACKCAST_0_1,province_linked_cma_backcast;not_official_provincial_observation;reference_cma=CMA_462;anchor_period=2017-03-31
OBS_BCPI_BACKCAST_1E9125B8973EF122BE93,BCPI_SCHOOL_DIVISION_COMPOSITE,PR_24,Quebec,2021S0503462,31.6,"Index, 2023=100",1985-01-01,1985-03-31,STATCAN_BCPI_18100289,inferred,1985-03-31,TR_AIIO_BCPI_PROVINCE_LINKED_CMA_BACKCAST_0_1,province_linked_cma_backcast;not_official_provincial_observation;reference_cma=CMA_462;anchor_period=2017-03-31
OBS_BCPI_BACKCAST_68149D139548019EF156,BCPI_SCHOOL_DIVISION_COMPOSITE,PR_24,Quebec,2021S0503462,31.8,"Index, 2023=100",1985-04-01,1985-06-30,STATCAN_BCPI_18100289,inferred,1985-06-30,TR_AIIO_BCPI_PROVINCE_LINKED_CMA_BACKCAST_0_1,province_linked_cma_backcast;not_official_provincial_observation;reference_cma=CMA_462;anchor_period=2017-03-31
OBS_BCPI_BACKCAST_C3030EB512FB44D19F2C,BCPI_SCHOOL_DIVISION_COMPOSITE,PR_24,Quebec,2021S0503462,32,"Index, 2023=100",1985-07-01,1985-09-30,STATCAN_BCPI_18100289,inferred,1985-09-30,TR_AIIO_BCPI_PROVINCE_LINKED_CMA_BACKCAST_0_1,province_linked_cma_backcast;not_official_provincial_observation;reference_cma=CMA_462;anchor_period=2017-03-31
OBS_BCPI_BACKCAST_B4416DBCDA085BB626C5,BCPI_SCHOOL_DIVISION_COMPOSITE,PR_24,Quebec,2021S0503462,32.2,"Index, 2023=100",1985-10-01,1985-12-31,STATCAN_BCPI_18100289,inferred,1985-12-31,TR_AIIO_BCPI_PROVINCE_LINKED_CMA_BACKCAST_0_1,province_linked_cma_backcast;not_official_provincial_observation;reference_cma=CMA_462;anchor_period=2017-03-31
OBS_BCPI_BACKCAST_E8D2A74C6C77430E5F52,BCPI_SCHOOL_DIVISION_COMPOSITE,PR_24,Quebec,2021S0503462,32.7,"Index, 2023=100",1986-01-01,1986-03-31,STATCAN_BCPI_18100289,inferred,1986-03-31,TR_AIIO_BCPI_PROVINCE_LINKED_CMA_BACKCAST_0_1,province_linked_cma_backcast;not_official_provincial_observation;reference_cma=CMA_462;anchor_period=2017-03-31
OBS_BCPI_BACKCAST_53D99835591BFDD6CD78,BCPI_SCHOOL_DIVISION_COMPOSITE,PR_24,Quebec,2021S0503462,33.3,"Index, 2023=100",1986-04-01,1986-06-30,STATCAN_BCPI_18100289,inferred,1986-06-30,TR_AIIO_BCPI_PROVINCE_LINKED_CMA_BACKCAST_0_1,province_linked_cma_backcast;not_official_provincial_observation;reference_cma=CMA_462;anchor_period=2017-03-31
OBS_BCPI_BACKCAST_E972839D2DF49FEAB553,BCPI_SCHOOL_DIVISION_COMPOSITE,PR_24,Quebec,2021S0503462,33.8,"Index, 2023=100",1986-07-01,1986-09-30,STATCAN_BCPI_18100289,inferred,1986-09-30,TR_AIIO_BCPI_PROVINCE_LINKED_CMA_BACKCAST_0_1,province_linked_cma_backcast;not_official_provincial_observation;reference_cma=CMA_462;anchor_period=2017-03-31
OBS_BCPI_BACKCAST_1EE12C5235B4788BFC02,BCPI_SCHOOL_DIVISION_COMPOSITE,PR_24,Quebec,2021S0503462,34.4,"Index, 2023=100",1986-10-01,1986-12-31,STATCAN_BCPI_18100289,inferred,1986-12-31,TR_AIIO_BCPI_PROVINCE_LINKED_CMA_BACKCAST_0_1,province_linked_cma_backcast;not_official_provincial_observation;reference_cma=CMA_462;anchor_period=2017-03-31
OBS_BCPI_BACKCAST_D48CF16530B3A79ED1A6,BCPI_SCHOOL_DIVISION_COMPOSITE,PR_24,Quebec,2021S0503462,34.9,"Index, 2023=100",1987-01-01,1987-03-31,STATCAN_BCPI_18100289,inferred,1987-03-31,TR_AIIO_BCPI_PROVINCE_LINKED_CMA_BACKCAST_0_1,province_linked_cma_backcast;not_official_provincial_observation;reference_cma=CMA_462;anchor_period=2017-03-31
OBS_BCPI_BACKCAST_E896CA5B1864C045490F,BCPI_SCHOOL_DIVISION_COMPOSITE,PR_24,Quebec,2021S0503462,35.7,"Index, 2023=100",1987-04-01,1987-06-30,STATCAN_BCPI_18100289,inferred,1987-06-30,TR_AIIO_BCPI_PROVINCE_LINKED_CMA_BACKCAST_0_1,province_linked_cma_backcast;not_official_provincial_observation;reference_cma=CMA_462;anchor_period=2017-03-31
OBS_BCPI_BACKCAST_F860AE78C0EAEE95C4F1,BCPI_SCHOOL_DIVISION_COMPOSITE,PR_24,Quebec,2021S0503462,35.7,"Index, 2023=100",1987-07-01,1987-09-30,STATCAN_BCPI_18100289,inferred,1987-09-30,TR_AIIO_BCPI_PROVINCE_LINKED_CMA_BACKCAST_0_1,province_linked_cma_backcast;not_official_provincial_observation;reference_cma=CMA_462;anchor_period=2017-03-31
OBS_BCPI_BACKCAST_D20A97385BC38BB5629D,BCPI_SCHOOL_DIVISION_COMPOSITE,PR_24,Quebec,2021S0503462,36.1,"Index, 2023=100",1987-10-01,1987-12-31,STATCAN_BCPI_18100289,inferred,1987-12-31,TR_AIIO_BCPI_PROVINCE_LINKED_CMA_BACKCAST_0_1,province_linked_cma_backcast;not_official_provincial_observation;reference_cma=CMA_462;anchor_period=2017-03-31
OBS_BCPI_BACKCAST_8DB240E94395F9A1796D,BCPI_SCHOOL_DIVISION_COMPOSITE,PR_24,Quebec,2021S0503462,36.7,"Index, 2023=100",1988-01-01,1988-03-31,STATCAN_BCPI_18100289,inferred,1988-03-31,TR_AIIO_BCPI_PROVINCE_LINKED_CMA_BACKCAST_0_1,province_linked_cma_backcast;not_official_provincial_observation;reference_cma=CMA_462;anchor_period=2017-03-31
OBS_BCPI_BACKCAST_3B3AC0F30EBA323E2B50,BCPI_SCHOOL_DIVISION_COMPOSITE,PR_24,Quebec,2021S0503462,37.4,"Index, 2023=100",1988-04-01,1988-06-30,STATCAN_BCPI_18100289,inferred,1988-06-30,TR_AIIO_BCPI_PROVINCE_LINKED_CMA_BACKCAST_0_1,province_linked_cma_backcast;not_official_provincial_observation;reference_cma=CMA_462;anchor_period=2017-03-31
OBS_BCPI_BACKCAST_F8D2A7692C18819DEF27,BCPI_SCHOOL_DIVISION_COMPOSITE,PR_24,Quebec,2021S0503462,38,"Index, 2023=100",1988-07-01,1988-09-30,STATCAN_BCPI_18100289,inferred,1988-09-30,TR_AIIO_BCPI_PROVINCE_LINKED_CMA_BACKCAST_0_1,province_linked_cma_backcast;not_official_provincial_observation;reference_cma=CMA_462;anchor_period=2017-03-31
OBS_BCPI_BACKCAST_6A71A424A438056FA13E,BCPI_SCHOOL_DIVISION_COMPOSITE,PR_24,Quebec,2021S0503462,38.5,"Index, 2023=100",1988-10-01,1988-12-31,STATCAN_BCPI_18100289,inferred,1988-12-31,TR_AIIO_BCPI_PROVINCE_LINKED_CMA_BACKCAST_0_1,province_linked_cma_backcast;not_official_provincial_observation;reference_cma=CMA_462;anchor_period=2017-03-31
OBS_BCPI_BACKCAST_E1A85FC8EBAE5BB7AE59,BCPI_SCHOOL_DIVISION_COMPOSITE,PR_24,Quebec,2021S0503462,38.8,"Index, 2023=100",1989-01-01,1989-03-31,STATCAN_BCPI_18100289,inferred,1989-03-31,TR_AIIO_BCPI_PROVINCE_LINKED_CMA_BACKCAST_0_1,province_linked_cma_backcast;not_official_provincial_observation;reference_cma=CMA_462;anchor_period=2017-03-31
OBS_BCPI_BACKCAST_67E80D69D918F481CACC,BCPI_SCHOOL_DIVISION_COMPOSITE,PR_24,Quebec,2021S0503462,39.6,"Index, 2023=100",1989-04-01,1989-06-30,STATCAN_BCPI_18100289,inferred,1989-06-30,TR_AIIO_BCPI_PROVINCE_LINKED_CMA_BACKCAST_0_1,province_linked_cma_backcast;not_official_provincial_observation;reference_cma=CMA_462;anchor_period=2017-03-31
OBS_BCPI_BACKCAST_C1BCEA8847C061D3DC73,BCPI_SCHOOL_DIVISION_COMPOSITE,PR_24,Quebec,2021S0503462,39.8,"Index, 2023=100",1989-07-01,1989-09-30,STATCAN_BCPI_18100289,inferred,1989-09-30,TR_AIIO_BCPI_PROVINCE_LINKED_CMA_BACKCAST_0_1,province_linked_cma_backcast;not_official_provincial_observation;reference_cma=CMA_462;anchor_period=2017-03-31
OBS_BCPI_BACKCAST_7331646C67B502739F9D,BCPI_SCHOOL_DIVISION_COMPOSITE,PR_24,Quebec,2021S0503462,40.1,"Index, 2023=100",1989-10-01,1989-12-31,STATCAN_BCPI_18100289,inferred,1989-12-31,TR_AIIO_BCPI_PROVINCE_LINKED_CMA_BACKCAST_0_1,province_linked_cma_backcast;not_official_provincial_observation;reference_cma=CMA_462;anchor_period=2017-03-31
OBS_BCPI_BACKCAST_29AB356F8B0D16089029,BCPI_SCHOOL_DIVISION_COMPOSITE,PR_24,Quebec,2021S0503462,40.5,"Index, 2023=100",1990-01-01,1990-03-31,STATCAN_BCPI_18100289,inferred,1990-03-31,TR_AIIO_BCPI_PROVINCE_LINKED_CMA_BACKCAST_0_1,province_linked_cma_backcast;not_official_provincial_observation;reference_cma=CMA_462;anchor_period=2017-03-31
OBS_BCPI_BACKCAST_2C02350433C1800D9E31,BCPI_SCHOOL_DIVISION_COMPOSITE,PR_24,Quebec,2021S0503462,41.3,"Index, 2023=100",1990-04-01,1990-06-30,STATCAN_BCPI_18100289,inferred,1990-06-30,TR_AIIO_BCPI_PROVINCE_LINKED_CMA_BACKCAST_0_1,province_linked_cma_backcast;not_official_provincial_observation;reference_cma=CMA_462;anchor_period=2017-03-31
OBS_BCPI_BACKCAST_BDA3BC91C22DDFD6DACA,BCPI_SCHOOL_DIVISION_COMPOSITE,PR_24,Quebec,2021S0503462,41.1,"Index, 2023=100",1990-07-01,1990-09-30,STATCAN_BCPI_18100289,inferred,1990-09-30,TR_AIIO_BCPI_PROVINCE_LINKED_CMA_BACKCAST_0_1,province_linked_cma_backcast;not_official_provincial_observation;reference_cma=CMA_462;anchor_period=2017-03-31
OBS_BCPI_BACKCAST_62EE65159F3118894AB6,BCPI_SCHOOL_DIVISION_COMPOSITE,PR_24,Quebec,2021S0503462,41,"Index, 2023=100",1990-10-01,1990-12-31,STATCAN_BCPI_18100289,inferred,1990-12-31,TR_AIIO_BCPI_PROVINCE_LINKED_CMA_BACKCAST_0_1,province_linked_cma_backcast;not_official_provincial_observation;reference_cma=CMA_462;anchor_period=2017-03-31
OBS_BCPI_BACKCAST_DAB09B7A80B7D037AAE4,BCPI_SCHOOL_DIVISION_COMPOSITE,PR_24,Quebec,2021S0503462,39.7,"Index, 2023=100",1991-01-01,1991-03-31,STATCAN_BCPI_18100289,inferred,1991-03-31,TR_AIIO_BCPI_PROVINCE_LINKED_CMA_BACKCAST_0_1,province_linked_cma_backcast;not_official_provincial_observation;reference_cma=CMA_462;anchor_period=2017-03-31
OBS_BCPI_BACKCAST_301A3B535CF24088FF8B,BCPI_SCHOOL_DIVISION_COMPOSITE,PR_24,Quebec,2021S0503462,39.4,"Index, 2023=100",1991-04-01,1991-06-30,STATCAN_BCPI_18100289,inferred,1991-06-30,TR_AIIO_BCPI_PROVINCE_LINKED_CMA_BACKCAST_0_1,province_linked_cma_backcast;not_official_provincial_observation;reference_cma=CMA_462;anchor_period=2017-03-31
OBS_BCPI_BACKCAST_55EA12D411F5FFEE8259,BCPI_SCHOOL_DIVISION_COMPOSITE,PR_24,Quebec,2021S0503462,39.6,"Index, 2023=100",1991-07-01,1991-09-30,STATCAN_BCPI_18100289,inferred,1991-09-30,TR_AIIO_BCPI_PROVINCE_LINKED_CMA_BACKCAST_0_1,province_linked_cma_backcast;not_official_provincial_observation;reference_cma=CMA_462;anchor_period=2017-03-31
OBS_BCPI_BACKCAST_264AFF3D32AA18A237C8,BCPI_SCHOOL_DIVISION_COMPOSITE,PR_24,Quebec,2021S0503462,39.9,"Index, 2023=100",1991-10-01,1991-12-31,STATCAN_BCPI_18100289,inferred,1991-12-31,TR_AIIO_BCPI_PROVINCE_LINKED_CMA_BACKCAST_0_1,province_linked_cma_backcast;not_official_provincial_observation;reference_cma=CMA_462;anchor_period=2017-03-31
OBS_BCPI_BACKCAST_DAEDAFD3E939E0A2FAD8,BCPI_SCHOOL_DIVISION_COMPOSITE,PR_24,Quebec,2021S0503462,40,"Index, 2023=100",1992-01-01,1992-03-31,STATCAN_BCPI_18100289,inferred,1992-03-31,TR_AIIO_BCPI_PROVINCE_LINKED_CMA_BACKCAST_0_1,province_linked_cma_backcast;not_official_provincial_observation;reference_cma=CMA_462;anchor_period=2017-03-31
OBS_BCPI_BACKCAST_A9E57403C56271F7EE8A,BCPI_SCHOOL_DIVISION_COMPOSITE,PR_24,Quebec,2021S0503462,40.3,"Index, 2023=100",1992-04-01,1992-06-30,STATCAN_BCPI_18100289,inferred,1992-06-30,TR_AIIO_BCPI_PROVINCE_LINKED_CMA_BACKCAST_0_1,province_linked_cma_backcast;not_official_provincial_observation;reference_cma=CMA_462;anchor_period=2017-03-31
OBS_BCPI_BACKCAST_AE764CECE16D24FC6669,BCPI_SCHOOL_DIVISION_COMPOSITE,PR_24,Quebec,2021S0503462,38.8,"Index, 2023=100",1992-07-01,1992-09-30,STATCAN_BCPI_18100289,inferred,1992-09-30,TR_AIIO_BCPI_PROVINCE_LINKED_CMA_BACKCAST_0_1,province_linked_cma_backcast;not_official_provincial_observation;reference_cma=CMA_462;anchor_period=2017-03-31
OBS_BCPI_BACKCAST_F98D9FDDA12DF044CFEB,BCPI_SCHOOL_DIVISION_COMPOSITE,PR_24,Quebec,2021S0503462,38.8,"Index, 2023=100",1992-10-01,1992-12-31,STATCAN_BCPI_18100289,inferred,1992-12-31,TR_AIIO_BCPI_PROVINCE_LINKED_CMA_BACKCAST_0_1,province_linked_cma_backcast;not_official_provincial_observation;reference_cma=CMA_462;anchor_period=2017-03-31
OBS_BCPI_BACKCAST_A8C78A06F27E5050AD24,BCPI_SCHOOL_DIVISION_COMPOSITE,PR_24,Quebec,2021S0503462,38.8,"Index, 2023=100",1993-01-01,1993-03-31,STATCAN_BCPI_18100289,inferred,1993-03-31,TR_AIIO_BCPI_PROVINCE_LINKED_CMA_BACKCAST_0_1,province_linked_cma_backcast;not_official_provincial_observation;reference_cma=CMA_462;anchor_period=2017-03-31
OBS_BCPI_BACKCAST_EF1D16EBF8BFD532BDAE,BCPI_SCHOOL_DIVISION_COMPOSITE,PR_24,Quebec,2021S0503462,38.9,"Index, 2023=100",1993-04-01,1993-06-30,STATCAN_BCPI_18100289,inferred,1993-06-30,TR_AIIO_BCPI_PROVINCE_LINKED_CMA_BACKCAST_0_1,province_linked_cma_backcast;not_official_provincial_observation;reference_cma=CMA_462;anchor_period=2017-03-31
OBS_BCPI_BACKCAST_0079105200542017BDB5,BCPI_SCHOOL_DIVISION_COMPOSITE,PR_24,Quebec,2021S0503462,38.8,"Index, 2023=100",1993-07-01,1993-09-30,STATCAN_BCPI_18100289,inferred,1993-09-30,TR_AIIO_BCPI_PROVINCE_LINKED_CMA_BACKCAST_0_1,province_linked_cma_backcast;not_official_provincial_observation;reference_cma=CMA_462;anchor_period=2017-03-31
OBS_BCPI_BACKCAST_942CD4C3BCE0B0E45546,BCPI_SCHOOL_DIVISION_COMPOSITE,PR_24,Quebec,2021S0503462,38.9,"Index, 2023=100",1993-10-01,1993-12-31,STATCAN_BCPI_18100289,inferred,1993-12-31,TR_AIIO_BCPI_PROVINCE_LINKED_CMA_BACKCAST_0_1,province_linked_cma_backcast;not_official_provincial_observation;reference_cma=CMA_462;anchor_period=2017-03-31
OBS_BCPI_BACKCAST_D03DCEEECBFF8C0DF86D,BCPI_SCHOOL_DIVISION_COMPOSITE,PR_24,Quebec,2021S0503462,39,"Index, 2023=100",1994-01-01,1994-03-31,STATCAN_BCPI_18100289,inferred,1994-03-31,TR_AIIO_BCPI_PROVINCE_LINKED_CMA_BACKCAST_0_1,province_linked_cma_backcast;not_official_provincial_observation;reference_cma=CMA_462;anchor_period=2017-03-31
OBS_BCPI_BACKCAST_CA1534F9F9E279CA2BF9,BCPI_SCHOOL_DIVISION_COMPOSITE,PR_24,Quebec,2021S0503462,39.3,"Index, 2023=100",1994-04-01,1994-06-30,STATCAN_BCPI_18100289,inferred,1994-06-30,TR_AIIO_BCPI_PROVINCE_LINKED_CMA_BACKCAST_0_1,province_linked_cma_backcast;not_official_provincial_observation;reference_cma=CMA_462;anchor_period=2017-03-31
OBS_BCPI_BACKCAST_B0437E6B92B6F94621F4,BCPI_SCHOOL_DIVISION_COMPOSITE,PR_24,Quebec,2021S0503462,39.5,"Index, 2023=100",1994-07-01,1994-09-30,STATCAN_BCPI_18100289,inferred,1994-09-30,TR_AIIO_BCPI_PROVINCE_LINKED_CMA_BACKCAST_0_1,province_linked_cma_backcast;not_official_provincial_observation;reference_cma=CMA_462;anchor_period=2017-03-31
OBS_BCPI_BACKCAST_CE75A4AFE25A64FF027C,BCPI_SCHOOL_DIVISION_COMPOSITE,PR_24,Quebec,2021S0503462,39.7,"Index, 2023=100",1994-10-01,1994-12-31,STATCAN_BCPI_18100289,inferred,1994-12-31,TR_AIIO_BCPI_PROVINCE_LINKED_CMA_BACKCAST_0_1,province_linked_cma_backcast;not_official_provincial_observation;reference_cma=CMA_462;anchor_period=2017-03-31
OBS_BCPI_BACKCAST_B736F30A43012BF8CF74,BCPI_SCHOOL_DIVISION_COMPOSITE,PR_24,Quebec,2021S0503462,40.3,"Index, 2023=100",1995-01-01,1995-03-31,STATCAN_BCPI_18100289,inferred,1995-03-31,TR_AIIO_BCPI_PROVINCE_LINKED_CMA_BACKCAST_0_1,province_linked_cma_backcast;not_official_provincial_observation;reference_cma=CMA_462;anchor_period=2017-03-31
OBS_BCPI_BACKCAST_C56630CA5D1DEDB11814,BCPI_SCHOOL_DIVISION_COMPOSITE,PR_24,Quebec,2021S0503462,40.4,"Index, 2023=100",1995-04-01,1995-06-30,STATCAN_BCPI_18100289,inferred,1995-06-30,TR_AIIO_BCPI_PROVINCE_LINKED_CMA_BACKCAST_0_1,province_linked_cma_backcast;not_official_provincial_observation;reference_cma=CMA_462;anchor_period=2017-03-31
OBS_BCPI_BACKCAST_669C4767C58E5C9D7BBD,BCPI_SCHOOL_DIVISION_COMPOSITE,PR_24,Quebec,2021S0503462,40.6,"Index, 2023=100",1995-07-01,1995-09-30,STATCAN_BCPI_18100289,inferred,1995-09-30,TR_AIIO_BCPI_PROVINCE_LINKED_CMA_BACKCAST_0_1,province_linked_cma_backcast;not_official_provincial_observation;reference_cma=CMA_462;anchor_period=2017-03-31
OBS_BCPI_BACKCAST_C81DF92F2463E1C31E42,BCPI_SCHOOL_DIVISION_COMPOSITE,PR_24,Quebec,2021S0503462,40.8,"Index, 2023=100",1995-10-01,1995-12-31,STATCAN_BCPI_18100289,inferred,1995-12-31,TR_AIIO_BCPI_PROVINCE_LINKED_CMA_BACKCAST_0_1,province_linked_cma_backcast;not_official_provincial_observation;reference_cma=CMA_462;anchor_period=2017-03-31
OBS_BCPI_BACKCAST_DE07EB73C948FF6307B8,BCPI_SCHOOL_DIVISION_COMPOSITE,PR_24,Quebec,2021S0503462,41,"Index, 2023=100",1996-01-01,1996-03-31,STATCAN_BCPI_18100289,inferred,1996-03-31,TR_AIIO_BCPI_PROVINCE_LINKED_CMA_BACKCAST_0_1,province_linked_cma_backcast;not_official_provincial_observation;reference_cma=CMA_462;anchor_period=2017-03-31
OBS_BCPI_BACKCAST_A381FD98848A295823EE,BCPI_SCHOOL_DIVISION_COMPOSITE,PR_24,Quebec,2021S0503462,41.1,"Index, 2023=100",1996-04-01,1996-06-30,STATCAN_BCPI_18100289,inferred,1996-06-30,TR_AIIO_BCPI_PROVINCE_LINKED_CMA_BACKCAST_0_1,province_linked_cma_backcast;not_official_provincial_observation;reference_cma=CMA_462;anchor_period=2017-03-31
OBS_BCPI_BACKCAST_80A331917FB5F5B88303,BCPI_SCHOOL_DIVISION_COMPOSITE,PR_24,Quebec,2021S0503462,41.3,"Index, 2023=100",1996-07-01,1996-09-30,STATCAN_BCPI_18100289,inferred,1996-09-30,TR_AIIO_BCPI_PROVINCE_LINKED_CMA_BACKCAST_0_1,province_linked_cma_backcast;not_official_provincial_observation;reference_cma=CMA_462;anchor_period=2017-03-31
OBS_BCPI_BACKCAST_06DEC2A2A0238E719D12,BCPI_SCHOOL_DIVISION_COMPOSITE,PR_24,Quebec,2021S0503462,41.4,"Index, 2023=100",1996-10-01,1996-12-31,STATCAN_BCPI_18100289,inferred,1996-12-31,TR_AIIO_BCPI_PROVINCE_LINKED_CMA_BACKCAST_0_1,province_linked_cma_backcast;not_official_provincial_observation;reference_cma=CMA_462;anchor_period=2017-03-31
OBS_BCPI_BACKCAST_09F4C15F7F4CCECFA9DE,BCPI_SCHOOL_DIVISION_COMPOSITE,PR_24,Quebec,2021S0503462,41.6,"Index, 2023=100",1997-01-01,1997-03-31,STATCAN_BCPI_18100289,inferred,1997-03-31,TR_AIIO_BCPI_PROVINCE_LINKED_CMA_BACKCAST_0_1,province_linked_cma_backcast;not_official_provincial_observation;reference_cma=CMA_462;anchor_period=2017-03-31
OBS_BCPI_BACKCAST_25F11ED077462613A03E,BCPI_SCHOOL_DIVISION_COMPOSITE,PR_24,Quebec,2021S0503462,42.6,"Index, 2023=100",1997-04-01,1997-06-30,STATCAN_BCPI_18100289,inferred,1997-06-30,TR_AIIO_BCPI_PROVINCE_LINKED_CMA_BACKCAST_0_1,province_linked_cma_backcast;not_official_provincial_observation;reference_cma=CMA_462;anchor_period=2017-03-31
OBS_BCPI_BACKCAST_D450CCD327838B7C0BBC,BCPI_SCHOOL_DIVISION_COMPOSITE,PR_24,Quebec,2021S0503462,42.7,"Index, 2023=100",1997-07-01,1997-09-30,STATCAN_BCPI_18100289,inferred,1997-09-30,TR_AIIO_BCPI_PROVINCE_LINKED_CMA_BACKCAST_0_1,province_linked_cma_backcast;not_official_provincial_observation;reference_cma=CMA_462;anchor_period=2017-03-31
OBS_BCPI_BACKCAST_2ED62BBD7C7E70AE53D3,BCPI_SCHOOL_DIVISION_COMPOSITE,PR_24,Quebec,2021S0503462,42.9,"Index, 2023=100",1997-10-01,1997-12-31,STATCAN_BCPI_18100289,inferred,1997-12-31,TR_AIIO_BCPI_PROVINCE_LINKED_CMA_BACKCAST_0_1,province_linked_cma_backcast;not_official_provincial_observation;reference_cma=CMA_462;anchor_period=2017-03-31
OBS_BCPI_BACKCAST_B80E3410B5B89D13DC83,BCPI_SCHOOL_DIVISION_COMPOSITE,PR_24,Quebec,2021S0503462,43.1,"Index, 2023=100",1998-01-01,1998-03-31,STATCAN_BCPI_18100289,inferred,1998-03-31,TR_AIIO_BCPI_PROVINCE_LINKED_CMA_BACKCAST_0_1,province_linked_cma_backcast;not_official_provincial_observation;reference_cma=CMA_462;anchor_period=2017-03-31
OBS_BCPI_BACKCAST_5562F12977A03934CFA9,BCPI_SCHOOL_DIVISION_COMPOSITE,PR_24,Quebec,2021S0503462,43.2,"Index, 2023=100",1998-04-01,1998-06-30,STATCAN_BCPI_18100289,inferred,1998-06-30,TR_AIIO_BCPI_PROVINCE_LINKED_CMA_BACKCAST_0_1,province_linked_cma_backcast;not_official_provincial_observation;reference_cma=CMA_462;anchor_period=2017-03-31
OBS_BCPI_BACKCAST_4352F07E95A850F49024,BCPI_SCHOOL_DIVISION_COMPOSITE,PR_24,Quebec,2021S0503462,43.5,"Index, 2023=100",1998-07-01,1998-09-30,STATCAN_BCPI_18100289,inferred,1998-09-30,TR_AIIO_BCPI_PROVINCE_LINKED_CMA_BACKCAST_0_1,province_linked_cma_backcast;not_official_provincial_observation;reference_cma=CMA_462;anchor_period=2017-03-31
OBS_BCPI_BACKCAST_AE9A24B1EFFE739BDE92,BCPI_SCHOOL_DIVISION_COMPOSITE,PR_24,Quebec,2021S0503462,43.8,"Index, 2023=100",1998-10-01,1998-12-31,STATCAN_BCPI_18100289,inferred,1998-12-31,TR_AIIO_BCPI_PROVINCE_LINKED_CMA_BACKCAST_0_1,province_linked_cma_backcast;not_official_provincial_observation;reference_cma=CMA_462;anchor_period=2017-03-31
OBS_BCPI_BACKCAST_652D495D5CF2633CD70D,BCPI_SCHOOL_DIVISION_COMPOSITE,PR_24,Quebec,2021S0503462,43.8,"Index, 2023=100",1999-01-01,1999-03-31,STATCAN_BCPI_18100289,inferred,1999-03-31,TR_AIIO_BCPI_PROVINCE_LINKED_CMA_BACKCAST_0_1,province_linked_cma_backcast;not_official_provincial_observation;reference_cma=CMA_462;anchor_period=2017-03-31
OBS_BCPI_BACKCAST_B8214C8392BD2B636849,BCPI_SCHOOL_DIVISION_COMPOSITE,PR_24,Quebec,2021S0503462,43.9,"Index, 2023=100",1999-04-01,1999-06-30,STATCAN_BCPI_18100289,inferred,1999-06-30,TR_AIIO_BCPI_PROVINCE_LINKED_CMA_BACKCAST_0_1,province_linked_cma_backcast;not_official_provincial_observation;reference_cma=CMA_462;anchor_period=2017-03-31
OBS_BCPI_BACKCAST_E3184CDE80AD248CC3AF,BCPI_SCHOOL_DIVISION_COMPOSITE,PR_24,Quebec,2021S0503462,44.1,"Index, 2023=100",1999-07-01,1999-09-30,STATCAN_BCPI_18100289,inferred,1999-09-30,TR_AIIO_BCPI_PROVINCE_LINKED_CMA_BACKCAST_0_1,province_linked_cma_backcast;not_official_provincial_observation;reference_cma=CMA_462;anchor_period=2017-03-31
OBS_BCPI_BACKCAST_944DED819A5079D16EDA,BCPI_SCHOOL_DIVISION_COMPOSITE,PR_24,Quebec,2021S0503462,45,"Index, 2023=100",1999-10-01,1999-12-31,STATCAN_BCPI_18100289,inferred,1999-12-31,TR_AIIO_BCPI_PROVINCE_LINKED_CMA_BACKCAST_0_1,province_linked_cma_backcast;not_official_provincial_observation;reference_cma=CMA_462;anchor_period=2017-03-31
OBS_BCPI_BACKCAST_2C24D98B9BE651EA1749,BCPI_SCHOOL_DIVISION_COMPOSITE,PR_24,Quebec,2021S0503462,45.4,"Index, 2023=100",2000-01-01,2000-03-31,STATCAN_BCPI_18100289,inferred,2000-03-31,TR_AIIO_BCPI_PROVINCE_LINKED_CMA_BACKCAST_0_1,province_linked_cma_backcast;not_official_provincial_observation;reference_cma=CMA_462;anchor_period=2017-03-31
OBS_BCPI_BACKCAST_E9452B9DB83F0497D80E,BCPI_SCHOOL_DIVISION_COMPOSITE,PR_24,Quebec,2021S0503462,46.2,"Index, 2023=100",2000-04-01,2000-06-30,STATCAN_BCPI_18100289,inferred,2000-06-30,TR_AIIO_BCPI_PROVINCE_LINKED_CMA_BACKCAST_0_1,province_linked_cma_backcast;not_official_provincial_observation;reference_cma=CMA_462;anchor_period=2017-03-31
OBS_BCPI_BACKCAST_1FCBC0570CE257DBAD91,BCPI_SCHOOL_DIVISION_COMPOSITE,PR_24,Quebec,2021S0503462,46.5,"Index, 2023=100",2000-07-01,2000-09-30,STATCAN_BCPI_18100289,inferred,2000-09-30,TR_AIIO_BCPI_PROVINCE_LINKED_CMA_BACKCAST_0_1,province_linked_cma_backcast;not_official_provincial_observation;reference_cma=CMA_462;anchor_period=2017-03-31
OBS_BCPI_BACKCAST_FAA39AE870722F895F6E,BCPI_SCHOOL_DIVISION_COMPOSITE,PR_24,Quebec,2021S0503462,46.5,"Index, 2023=100",2000-10-01,2000-12-31,STATCAN_BCPI_18100289,inferred,2000-12-31,TR_AIIO_BCPI_PROVINCE_LINKED_CMA_BACKCAST_0_1,province_linked_cma_backcast;not_official_provincial_observation;reference_cma=CMA_462;anchor_period=2017-03-31
OBS_BCPI_BACKCAST_1DF7050917B09CD12F20,BCPI_SCHOOL_DIVISION_COMPOSITE,PR_24,Quebec,2021S0503462,46.4,"Index, 2023=100",2001-01-01,2001-03-31,STATCAN_BCPI_18100289,inferred,2001-03-31,TR_AIIO_BCPI_PROVINCE_LINKED_CMA_BACKCAST_0_1,province_linked_cma_backcast;not_official_provincial_observation;reference_cma=CMA_462;anchor_period=2017-03-31
OBS_BCPI_BACKCAST_A35A8C3C3BFB820A3F28,BCPI_SCHOOL_DIVISION_COMPOSITE,PR_24,Quebec,2021S0503462,46.9,"Index, 2023=100",2001-04-01,2001-06-30,STATCAN_BCPI_18100289,inferred,2001-06-30,TR_AIIO_BCPI_PROVINCE_LINKED_CMA_BACKCAST_0_1,province_linked_cma_backcast;not_official_provincial_observation;reference_cma=CMA_462;anchor_period=2017-03-31
OBS_BCPI_BACKCAST_3BF1318E059C79BCF05E,BCPI_SCHOOL_DIVISION_COMPOSITE,PR_24,Quebec,2021S0503462,46.9,"Index, 2023=100",2001-07-01,2001-09-30,STATCAN_BCPI_18100289,inferred,2001-09-30,TR_AIIO_BCPI_PROVINCE_LINKED_CMA_BACKCAST_0_1,province_linked_cma_backcast;not_official_provincial_observation;reference_cma=CMA_462;anchor_period=2017-03-31
OBS_BCPI_BACKCAST_C976764F2F3F18717537,BCPI_SCHOOL_DIVISION_COMPOSITE,PR_24,Quebec,2021S0503462,47.6,"Index, 2023=100",2001-10-01,2001-12-31,STATCAN_BCPI_18100289,inferred,2001-12-31,TR_AIIO_BCPI_PROVINCE_LINKED_CMA_BACKCAST_0_1,province_linked_cma_backcast;not_official_provincial_observation;reference_cma=CMA_462;anchor_period=2017-03-31
OBS_BCPI_BACKCAST_3E7F4A55A0FD2937F680,BCPI_SCHOOL_DIVISION_COMPOSITE,PR_24,Quebec,2021S0503462,47.8,"Index, 2023=100",2002-01-01,2002-03-31,STATCAN_BCPI_18100289,inferred,2002-03-31,TR_AIIO_BCPI_PROVINCE_LINKED_CMA_BACKCAST_0_1,province_linked_cma_backcast;not_official_provincial_observation;reference_cma=CMA_462;anchor_period=2017-03-31
OBS_BCPI_BACKCAST_98F6CB0C7185762D56C7,BCPI_SCHOOL_DIVISION_COMPOSITE,PR_24,Quebec,2021S0503462,48,"Index, 2023=100",2002-04-01,2002-06-30,STATCAN_BCPI_18100289,inferred,2002-06-30,TR_AIIO_BCPI_PROVINCE_LINKED_CMA_BACKCAST_0_1,province_linked_cma_backcast;not_official_provincial_observation;reference_cma=CMA_462;anchor_period=2017-03-31
OBS_BCPI_BACKCAST_B47AC152FAB1EF7CB3EB,BCPI_SCHOOL_DIVISION_COMPOSITE,PR_24,Quebec,2021S0503462,48.2,"Index, 2023=100",2002-07-01,2002-09-30,STATCAN_BCPI_18100289,inferred,2002-09-30,TR_AIIO_BCPI_PROVINCE_LINKED_CMA_BACKCAST_0_1,province_linked_cma_backcast;not_official_provincial_observation;reference_cma=CMA_462;anchor_period=2017-03-31
OBS_BCPI_BACKCAST_805F6ABFFD42EB9108B5,BCPI_SCHOOL_DIVISION_COMPOSITE,PR_24,Quebec,2021S0503462,48.6,"Index, 2023=100",2002-10-01,2002-12-31,STATCAN_BCPI_18100289,inferred,2002-12-31,TR_AIIO_BCPI_PROVINCE_LINKED_CMA_BACKCAST_0_1,province_linked_cma_backcast;not_official_provincial_observation;reference_cma=CMA_462;anchor_period=2017-03-31
OBS_BCPI_BACKCAST_3E724A4D908A2DE1C085,BCPI_SCHOOL_DIVISION_COMPOSITE,PR_24,Quebec,2021S0503462,48.8,"Index, 2023=100",2003-01-01,2003-03-31,STATCAN_BCPI_18100289,inferred,2003-03-31,TR_AIIO_BCPI_PROVINCE_LINKED_CMA_BACKCAST_0_1,province_linked_cma_backcast;not_official_provincial_observation;reference_cma=CMA_462;anchor_period=2017-03-31
OBS_BCPI_BACKCAST_59F70FC69F6C087BB7AA,BCPI_SCHOOL_DIVISION_COMPOSITE,PR_24,Quebec,2021S0503462,49.1,"Index, 2023=100",2003-04-01,2003-06-30,STATCAN_BCPI_18100289,inferred,2003-06-30,TR_AIIO_BCPI_PROVINCE_LINKED_CMA_BACKCAST_0_1,province_linked_cma_backcast;not_official_provincial_observation;reference_cma=CMA_462;anchor_period=2017-03-31
OBS_BCPI_BACKCAST_726A4BE188CE43B5C987,BCPI_SCHOOL_DIVISION_COMPOSITE,PR_24,Quebec,2021S0503462,49.5,"Index, 2023=100",2003-07-01,2003-09-30,STATCAN_BCPI_18100289,inferred,2003-09-30,TR_AIIO_BCPI_PROVINCE_LINKED_CMA_BACKCAST_0_1,province_linked_cma_backcast;not_official_provincial_observation;reference_cma=CMA_462;anchor_period=2017-03-31
OBS_BCPI_BACKCAST_7AA41FB3441F17321914,BCPI_SCHOOL_DIVISION_COMPOSITE,PR_24,Quebec,2021S0503462,49.6,"Index, 2023=100",2003-10-01,2003-12-31,STATCAN_BCPI_18100289,inferred,2003-12-31,TR_AIIO_BCPI_PROVINCE_LINKED_CMA_BACKCAST_0_1,province_linked_cma_backcast;not_official_provincial_observation;reference_cma=CMA_462;anchor_period=2017-03-31
OBS_BCPI_BACKCAST_EF30EB4E81FE730A927D,BCPI_SCHOOL_DIVISION_COMPOSITE,PR_24,Quebec,2021S0503462,50.4,"Index, 2023=100",2004-01-01,2004-03-31,STATCAN_BCPI_18100289,inferred,2004-03-31,TR_AIIO_BCPI_PROVINCE_LINKED_CMA_BACKCAST_0_1,province_linked_cma_backcast;not_official_provincial_observation;reference_cma=CMA_462;anchor_period=2017-03-31
OBS_BCPI_BACKCAST_ADAFC8A011A909BB15C8,BCPI_SCHOOL_DIVISION_COMPOSITE,PR_24,Quebec,2021S0503462,51,"Index, 2023=100",2004-04-01,2004-06-30,STATCAN_BCPI_18100289,inferred,2004-06-30,TR_AIIO_BCPI_PROVINCE_LINKED_CMA_BACKCAST_0_1,province_linked_cma_backcast;not_official_provincial_observation;reference_cma=CMA_462;anchor_period=2017-03-31
OBS_BCPI_BACKCAST_395EF930FEBAD5817C92,BCPI_SCHOOL_DIVISION_COMPOSITE,PR_24,Quebec,2021S0503462,52.4,"Index, 2023=100",2004-07-01,2004-09-30,STATCAN_BCPI_18100289,inferred,2004-09-30,TR_AIIO_BCPI_PROVINCE_LINKED_CMA_BACKCAST_0_1,province_linked_cma_backcast;not_official_provincial_observation;reference_cma=CMA_462;anchor_period=2017-03-31
OBS_BCPI_BACKCAST_399302A66EC6A787D2BE,BCPI_SCHOOL_DIVISION_COMPOSITE,PR_24,Quebec,2021S0503462,52.9,"Index, 2023=100",2004-10-01,2004-12-31,STATCAN_BCPI_18100289,inferred,2004-12-31,TR_AIIO_BCPI_PROVINCE_LINKED_CMA_BACKCAST_0_1,province_linked_cma_backcast;not_official_provincial_observation;reference_cma=CMA_462;anchor_period=2017-03-31
OBS_BCPI_BACKCAST_FCB8C3C4F237711710AA,BCPI_SCHOOL_DIVISION_COMPOSITE,PR_24,Quebec,2021S0503462,52.8,"Index, 2023=100",2005-01-01,2005-03-31,STATCAN_BCPI_18100289,inferred,2005-03-31,TR_AIIO_BCPI_PROVINCE_LINKED_CMA_BACKCAST_0_1,province_linked_cma_backcast;not_official_provincial_observation;reference_cma=CMA_462;anchor_period=2017-03-31
OBS_BCPI_BACKCAST_8ADCF21E8D5C242E4C74,BCPI_SCHOOL_DIVISION_COMPOSITE,PR_24,Quebec,2021S0503462,53.6,"Index, 2023=100",2005-04-01,2005-06-30,STATCAN_BCPI_18100289,inferred,2005-06-30,TR_AIIO_BCPI_PROVINCE_LINKED_CMA_BACKCAST_0_1,province_linked_cma_backcast;not_official_provincial_observation;reference_cma=CMA_462;anchor_period=2017-03-31
OBS_BCPI_BACKCAST_CA6713CA023A7FD484F0,BCPI_SCHOOL_DIVISION_COMPOSITE,PR_24,Quebec,2021S0503462,54.3,"Index, 2023=100",2005-07-01,2005-09-30,STATCAN_BCPI_18100289,inferred,2005-09-30,TR_AIIO_BCPI_PROVINCE_LINKED_CMA_BACKCAST_0_1,province_linked_cma_backcast;not_official_provincial_observation;reference_cma=CMA_462;anchor_period=2017-03-31
OBS_BCPI_BACKCAST_4D45EB99DFE33A08D308,BCPI_SCHOOL_DIVISION_COMPOSITE,PR_24,Quebec,2021S0503462,54.6,"Index, 2023=100",2005-10-01,2005-12-31,STATCAN_BCPI_18100289,inferred,2005-12-31,TR_AIIO_BCPI_PROVINCE_LINKED_CMA_BACKCAST_0_1,province_linked_cma_backcast;not_official_provincial_observation;reference_cma=CMA_462;anchor_period=2017-03-31
OBS_BCPI_BACKCAST_579FBFA7B552C4DC1094,BCPI_SCHOOL_DIVISION_COMPOSITE,PR_24,Quebec,2021S0503462,55.1,"Index, 2023=100",2006-01-01,2006-03-31,STATCAN_BCPI_18100289,inferred,2006-03-31,TR_AIIO_BCPI_PROVINCE_LINKED_CMA_BACKCAST_0_1,province_linked_cma_backcast;not_official_provincial_observation;reference_cma=CMA_462;anchor_period=2017-03-31
OBS_BCPI_BACKCAST_7074A0DF15149413E40E,BCPI_SCHOOL_DIVISION_COMPOSITE,PR_24,Quebec,2021S0503462,55.6,"Index, 2023=100",2006-04-01,2006-06-30,STATCAN_BCPI_18100289,inferred,2006-06-30,TR_AIIO_BCPI_PROVINCE_LINKED_CMA_BACKCAST_0_1,province_linked_cma_backcast;not_official_provincial_observation;reference_cma=CMA_462;anchor_period=2017-03-31
OBS_BCPI_BACKCAST_ECDA305D178413211DA7,BCPI_SCHOOL_DIVISION_COMPOSITE,PR_24,Quebec,2021S0503462,56.3,"Index, 2023=100",2006-07-01,2006-09-30,STATCAN_BCPI_18100289,inferred,2006-09-30,TR_AIIO_BCPI_PROVINCE_LINKED_CMA_BACKCAST_0_1,province_linked_cma_backcast;not_official_provincial_observation;reference_cma=CMA_462;anchor_period=2017-03-31
OBS_BCPI_BACKCAST_6C12A0F130BC3B076551,BCPI_SCHOOL_DIVISION_COMPOSITE,PR_24,Quebec,2021S0503462,56.7,"Index, 2023=100",2006-10-01,2006-12-31,STATCAN_BCPI_18100289,inferred,2006-12-31,TR_AIIO_BCPI_PROVINCE_LINKED_CMA_BACKCAST_0_1,province_linked_cma_backcast;not_official_provincial_observation;reference_cma=CMA_462;anchor_period=2017-03-31
OBS_BCPI_BACKCAST_F8EF88DC95EA6C15E358,BCPI_SCHOOL_DIVISION_COMPOSITE,PR_24,Quebec,2021S0503462,56.8,"Index, 2023=100",2007-01-01,2007-03-31,STATCAN_BCPI_18100289,inferred,2007-03-31,TR_AIIO_BCPI_PROVINCE_LINKED_CMA_BACKCAST_0_1,province_linked_cma_backcast;not_official_provincial_observation;reference_cma=CMA_462;anchor_period=2017-03-31
OBS_BCPI_BACKCAST_F151EE96F1F0C4999690,BCPI_SCHOOL_DIVISION_COMPOSITE,PR_24,Quebec,2021S0503462,58.3,"Index, 2023=100",2007-04-01,2007-06-30,STATCAN_BCPI_18100289,inferred,2007-06-30,TR_AIIO_BCPI_PROVINCE_LINKED_CMA_BACKCAST_0_1,province_linked_cma_backcast;not_official_provincial_observation;reference_cma=CMA_462;anchor_period=2017-03-31
OBS_BCPI_BACKCAST_7DF1B71D7F5C4AA74E81,BCPI_SCHOOL_DIVISION_COMPOSITE,PR_24,Quebec,2021S0503462,58.5,"Index, 2023=100",2007-07-01,2007-09-30,STATCAN_BCPI_18100289,inferred,2007-09-30,TR_AIIO_BCPI_PROVINCE_LINKED_CMA_BACKCAST_0_1,province_linked_cma_backcast;not_official_provincial_observation;reference_cma=CMA_462;anchor_period=2017-03-31
OBS_BCPI_BACKCAST_7A9C90F5C2247E852EC4,BCPI_SCHOOL_DIVISION_COMPOSITE,PR_24,Quebec,2021S0503462,59.1,"Index, 2023=100",2007-10-01,2007-12-31,STATCAN_BCPI_18100289,inferred,2007-12-31,TR_AIIO_BCPI_PROVINCE_LINKED_CMA_BACKCAST_0_1,province_linked_cma_backcast;not_official_provincial_observation;reference_cma=CMA_462;anchor_period=2017-03-31
OBS_BCPI_BACKCAST_36A039B2DD2AD1C454BB,BCPI_SCHOOL_DIVISION_COMPOSITE,PR_24,Quebec,2021S0503462,60.3,"Index, 2023=100",2008-01-01,2008-03-31,STATCAN_BCPI_18100289,inferred,2008-03-31,TR_AIIO_BCPI_PROVINCE_LINKED_CMA_BACKCAST_0_1,province_linked_cma_backcast;not_official_provincial_observation;reference_cma=CMA_462;anchor_period=2017-03-31
OBS_BCPI_BACKCAST_0C39C84D9DF793445A81,BCPI_SCHOOL_DIVISION_COMPOSITE,PR_24,Quebec,2021S0503462,61.7,"Index, 2023=100",2008-04-01,2008-06-30,STATCAN_BCPI_18100289,inferred,2008-06-30,TR_AIIO_BCPI_PROVINCE_LINKED_CMA_BACKCAST_0_1,province_linked_cma_backcast;not_official_provincial_observation;reference_cma=CMA_462;anchor_period=2017-03-31
OBS_BCPI_BACKCAST_EAA2EBCDBA538AD57FD0,BCPI_SCHOOL_DIVISION_COMPOSITE,PR_24,Quebec,2021S0503462,62.8,"Index, 2023=100",2008-07-01,2008-09-30,STATCAN_BCPI_18100289,inferred,2008-09-30,TR_AIIO_BCPI_PROVINCE_LINKED_CMA_BACKCAST_0_1,province_linked_cma_backcast;not_official_provincial_observation;reference_cma=CMA_462;anchor_period=2017-03-31
OBS_BCPI_BACKCAST_473E1A7F4EDAFFF37889,BCPI_SCHOOL_DIVISION_COMPOSITE,PR_24,Quebec,2021S0503462,63.3,"Index, 2023=100",2008-10-01,2008-12-31,STATCAN_BCPI_18100289,inferred,2008-12-31,TR_AIIO_BCPI_PROVINCE_LINKED_CMA_BACKCAST_0_1,province_linked_cma_backcast;not_official_provincial_observation;reference_cma=CMA_462;anchor_period=2017-03-31
OBS_BCPI_BACKCAST_6A79CC0D061622942F6A,BCPI_SCHOOL_DIVISION_COMPOSITE,PR_24,Quebec,2021S0503462,63.3,"Index, 2023=100",2009-01-01,2009-03-31,STATCAN_BCPI_18100289,inferred,2009-03-31,TR_AIIO_BCPI_PROVINCE_LINKED_CMA_BACKCAST_0_1,province_linked_cma_backcast;not_official_provincial_observation;reference_cma=CMA_462;anchor_period=2017-03-31
OBS_BCPI_BACKCAST_85035820692205837053,BCPI_SCHOOL_DIVISION_COMPOSITE,PR_24,Quebec,2021S0503462,63.3,"Index, 2023=100",2009-04-01,2009-06-30,STATCAN_BCPI_18100289,inferred,2009-06-30,TR_AIIO_BCPI_PROVINCE_LINKED_CMA_BACKCAST_0_1,province_linked_cma_backcast;not_official_provincial_observation;reference_cma=CMA_462;anchor_period=2017-03-31
OBS_BCPI_BACKCAST_713436FB813548EB58BB,BCPI_SCHOOL_DIVISION_COMPOSITE,PR_24,Quebec,2021S0503462,63.6,"Index, 2023=100",2009-07-01,2009-09-30,STATCAN_BCPI_18100289,inferred,2009-09-30,TR_AIIO_BCPI_PROVINCE_LINKED_CMA_BACKCAST_0_1,province_linked_cma_backcast;not_official_provincial_observation;reference_cma=CMA_462;anchor_period=2017-03-31
OBS_BCPI_BACKCAST_FF1DB963C61966D61961,BCPI_SCHOOL_DIVISION_COMPOSITE,PR_24,Quebec,2021S0503462,63.7,"Index, 2023=100",2009-10-01,2009-12-31,STATCAN_BCPI_18100289,inferred,2009-12-31,TR_AIIO_BCPI_PROVINCE_LINKED_CMA_BACKCAST_0_1,province_linked_cma_backcast;not_official_provincial_observation;reference_cma=CMA_462;anchor_period=2017-03-31
OBS_BCPI_BACKCAST_6353BEBDB011A8D4999F,BCPI_SCHOOL_DIVISION_COMPOSITE,PR_24,Quebec,2021S0503462,63.7,"Index, 2023=100",2010-01-01,2010-03-31,STATCAN_BCPI_18100289,inferred,2010-03-31,TR_AIIO_BCPI_PROVINCE_LINKED_CMA_BACKCAST_0_1,province_linked_cma_backcast;not_official_provincial_observation;reference_cma=CMA_462;anchor_period=2017-03-31
OBS_BCPI_BACKCAST_A5EA32BBFC78FA59C3AF,BCPI_SCHOOL_DIVISION_COMPOSITE,PR_24,Quebec,2021S0503462,64.5,"Index, 2023=100",2010-04-01,2010-06-30,STATCAN_BCPI_18100289,inferred,2010-06-30,TR_AIIO_BCPI_PROVINCE_LINKED_CMA_BACKCAST_0_1,province_linked_cma_backcast;not_official_provincial_observation;reference_cma=CMA_462;anchor_period=2017-03-31
OBS_BCPI_BACKCAST_97A0F9260A7FB9839B2C,BCPI_SCHOOL_DIVISION_COMPOSITE,PR_24,Quebec,2021S0503462,64.6,"Index, 2023=100",2010-07-01,2010-09-30,STATCAN_BCPI_18100289,inferred,2010-09-30,TR_AIIO_BCPI_PROVINCE_LINKED_CMA_BACKCAST_0_1,province_linked_cma_backcast;not_official_provincial_observation;reference_cma=CMA_462;anchor_period=2017-03-31
OBS_BCPI_BACKCAST_0E25F4C9DB20FE6EB085,BCPI_SCHOOL_DIVISION_COMPOSITE,PR_24,Quebec,2021S0503462,65.2,"Index, 2023=100",2010-10-01,2010-12-31,STATCAN_BCPI_18100289,inferred,2010-12-31,TR_AIIO_BCPI_PROVINCE_LINKED_CMA_BACKCAST_0_1,province_linked_cma_backcast;not_official_provincial_observation;reference_cma=CMA_462;anchor_period=2017-03-31
OBS_BCPI_BACKCAST_548A4F2CEBC59FF24C2B,BCPI_SCHOOL_DIVISION_COMPOSITE,PR_24,Quebec,2021S0503462,65.8,"Index, 2023=100",2011-01-01,2011-03-31,STATCAN_BCPI_18100289,inferred,2011-03-31,TR_AIIO_BCPI_PROVINCE_LINKED_CMA_BACKCAST_0_1,province_linked_cma_backcast;not_official_provincial_observation;reference_cma=CMA_462;anchor_period=2017-03-31
OBS_BCPI_BACKCAST_5B4E43F856F4151A7525,BCPI_SCHOOL_DIVISION_COMPOSITE,PR_24,Quebec,2021S0503462,66.3,"Index, 2023=100",2011-04-01,2011-06-30,STATCAN_BCPI_18100289,inferred,2011-06-30,TR_AIIO_BCPI_PROVINCE_LINKED_CMA_BACKCAST_0_1,province_linked_cma_backcast;not_official_provincial_observation;reference_cma=CMA_462;anchor_period=2017-03-31
OBS_BCPI_BACKCAST_AC6D0F21A85806C8CAB9,BCPI_SCHOOL_DIVISION_COMPOSITE,PR_24,Quebec,2021S0503462,67.1,"Index, 2023=100",2011-07-01,2011-09-30,STATCAN_BCPI_18100289,inferred,2011-09-30,TR_AIIO_BCPI_PROVINCE_LINKED_CMA_BACKCAST_0_1,province_linked_cma_backcast;not_official_provincial_observation;reference_cma=CMA_462;anchor_period=2017-03-31
OBS_BCPI_BACKCAST_674D05FC4C15CA8A3375,BCPI_SCHOOL_DIVISION_COMPOSITE,PR_24,Quebec,2021S0503462,67.2,"Index, 2023=100",2011-10-01,2011-12-31,STATCAN_BCPI_18100289,inferred,2011-12-31,TR_AIIO_BCPI_PROVINCE_LINKED_CMA_BACKCAST_0_1,province_linked_cma_backcast;not_official_provincial_observation;reference_cma=CMA_462;anchor_period=2017-03-31
OBS_BCPI_BACKCAST_C522FC1EFA15059AD54E,BCPI_SCHOOL_DIVISION_COMPOSITE,PR_24,Quebec,2021S0503462,67.7,"Index, 2023=100",2012-01-01,2012-03-31,STATCAN_BCPI_18100289,inferred,2012-03-31,TR_AIIO_BCPI_PROVINCE_LINKED_CMA_BACKCAST_0_1,province_linked_cma_backcast;not_official_provincial_observation;reference_cma=CMA_462;anchor_period=2017-03-31
OBS_BCPI_BACKCAST_AFD36882A715A863B92C,BCPI_SCHOOL_DIVISION_COMPOSITE,PR_24,Quebec,2021S0503462,67.9,"Index, 2023=100",2012-04-01,2012-06-30,STATCAN_BCPI_18100289,inferred,2012-06-30,TR_AIIO_BCPI_PROVINCE_LINKED_CMA_BACKCAST_0_1,province_linked_cma_backcast;not_official_provincial_observation;reference_cma=CMA_462;anchor_period=2017-03-31
OBS_BCPI_BACKCAST_FC881417FDA70680EC38,BCPI_SCHOOL_DIVISION_COMPOSITE,PR_24,Quebec,2021S0503462,67.9,"Index, 2023=100",2012-07-01,2012-09-30,STATCAN_BCPI_18100289,inferred,2012-09-30,TR_AIIO_BCPI_PROVINCE_LINKED_CMA_BACKCAST_0_1,province_linked_cma_backcast;not_official_provincial_observation;reference_cma=CMA_462;anchor_period=2017-03-31
OBS_BCPI_BACKCAST_4E661C96FE4AB35A3870,BCPI_SCHOOL_DIVISION_COMPOSITE,PR_24,Quebec,2021S0503462,68.3,"Index, 2023=100",2012-10-01,2012-12-31,STATCAN_BCPI_18100289,inferred,2012-12-31,TR_AIIO_BCPI_PROVINCE_LINKED_CMA_BACKCAST_0_1,province_linked_cma_backcast;not_official_provincial_observation;reference_cma=CMA_462;anchor_period=2017-03-31
OBS_BCPI_BACKCAST_23C3A573457A2F2E0760,BCPI_SCHOOL_DIVISION_COMPOSITE,PR_24,Quebec,2021S0503462,68.3,"Index, 2023=100",2013-01-01,2013-03-31,STATCAN_BCPI_18100289,inferred,2013-03-31,TR_AIIO_BCPI_PROVINCE_LINKED_CMA_BACKCAST_0_1,province_linked_cma_backcast;not_official_provincial_observation;reference_cma=CMA_462;anchor_period=2017-03-31
OBS_BCPI_BACKCAST_3A3528DF224DA465BF25,BCPI_SCHOOL_DIVISION_COMPOSITE,PR_24,Quebec,2021S0503462,68.4,"Index, 2023=100",2013-04-01,2013-06-30,STATCAN_BCPI_18100289,inferred,2013-06-30,TR_AIIO_BCPI_PROVINCE_LINKED_CMA_BACKCAST_0_1,province_linked_cma_backcast;not_official_provincial_observation;reference_cma=CMA_462;anchor_period=2017-03-31
OBS_BCPI_BACKCAST_920C016A1934742AD53B,BCPI_SCHOOL_DIVISION_COMPOSITE,PR_24,Quebec,2021S0503462,68.3,"Index, 2023=100",2013-07-01,2013-09-30,STATCAN_BCPI_18100289,inferred,2013-09-30,TR_AIIO_BCPI_PROVINCE_LINKED_CMA_BACKCAST_0_1,province_linked_cma_backcast;not_official_provincial_observation;reference_cma=CMA_462;anchor_period=2017-03-31
OBS_BCPI_BACKCAST_620969F5A0C7A0031A7E,BCPI_SCHOOL_DIVISION_COMPOSITE,PR_24,Quebec,2021S0503462,68.4,"Index, 2023=100",2013-10-01,2013-12-31,STATCAN_BCPI_18100289,inferred,2013-12-31,TR_AIIO_BCPI_PROVINCE_LINKED_CMA_BACKCAST_0_1,province_linked_cma_backcast;not_official_provincial_observation;reference_cma=CMA_462;anchor_period=2017-03-31
OBS_BCPI_BACKCAST_9C2EE37B0DE7AF738540,BCPI_SCHOOL_DIVISION_COMPOSITE,PR_24,Quebec,2021S0503462,68.8,"Index, 2023=100",2014-01-01,2014-03-31,STATCAN_BCPI_18100289,inferred,2014-03-31,TR_AIIO_BCPI_PROVINCE_LINKED_CMA_BACKCAST_0_1,province_linked_cma_backcast;not_official_provincial_observation;reference_cma=CMA_462;anchor_period=2017-03-31
OBS_BCPI_BACKCAST_4CE178D19D31A6A693AC,BCPI_SCHOOL_DIVISION_COMPOSITE,PR_24,Quebec,2021S0503462,69.1,"Index, 2023=100",2014-04-01,2014-06-30,STATCAN_BCPI_18100289,inferred,2014-06-30,TR_AIIO_BCPI_PROVINCE_LINKED_CMA_BACKCAST_0_1,province_linked_cma_backcast;not_official_provincial_observation;reference_cma=CMA_462;anchor_period=2017-03-31
OBS_BCPI_BACKCAST_F484D22E73F65F14D3EE,BCPI_SCHOOL_DIVISION_COMPOSITE,PR_24,Quebec,2021S0503462,69.3,"Index, 2023=100",2014-07-01,2014-09-30,STATCAN_BCPI_18100289,inferred,2014-09-30,TR_AIIO_BCPI_PROVINCE_LINKED_CMA_BACKCAST_0_1,province_linked_cma_backcast;not_official_provincial_observation;reference_cma=CMA_462;anchor_period=2017-03-31
OBS_BCPI_BACKCAST_A04F79A5654C38C73898,BCPI_SCHOOL_DIVISION_COMPOSITE,PR_24,Quebec,2021S0503462,69.4,"Index, 2023=100",2014-10-01,2014-12-31,STATCAN_BCPI_18100289,inferred,2014-12-31,TR_AIIO_BCPI_PROVINCE_LINKED_CMA_BACKCAST_0_1,province_linked_cma_backcast;not_official_provincial_observation;reference_cma=CMA_462;anchor_period=2017-03-31
OBS_BCPI_BACKCAST_CF15D0F1449613BCB7A3,BCPI_SCHOOL_DIVISION_COMPOSITE,PR_24,Quebec,2021S0503462,69.6,"Index, 2023=100",2015-01-01,2015-03-31,STATCAN_BCPI_18100289,inferred,2015-03-31,TR_AIIO_BCPI_PROVINCE_LINKED_CMA_BACKCAST_0_1,province_linked_cma_backcast;not_official_provincial_observation;reference_cma=CMA_462;anchor_period=2017-03-31
OBS_BCPI_BACKCAST_95EA3F6A61B2D61CA5CB,BCPI_SCHOOL_DIVISION_COMPOSITE,PR_24,Quebec,2021S0503462,69.9,"Index, 2023=100",2015-04-01,2015-06-30,STATCAN_BCPI_18100289,inferred,2015-06-30,TR_AIIO_BCPI_PROVINCE_LINKED_CMA_BACKCAST_0_1,province_linked_cma_backcast;not_official_provincial_observation;reference_cma=CMA_462;anchor_period=2017-03-31
OBS_BCPI_BACKCAST_A2319A3DB02531A4493E,BCPI_SCHOOL_DIVISION_COMPOSITE,PR_24,Quebec,2021S0503462,69.5,"Index, 2023=100",2015-07-01,2015-09-30,STATCAN_BCPI_18100289,inferred,2015-09-30,TR_AIIO_BCPI_PROVINCE_LINKED_CMA_BACKCAST_0_1,province_linked_cma_backcast;not_official_provincial_observation;reference_cma=CMA_462;anchor_period=2017-03-31
OBS_BCPI_BACKCAST_A97BFA1EA905F33AF6D4,BCPI_SCHOOL_DIVISION_COMPOSITE,PR_24,Quebec,2021S0503462,70.1,"Index, 2023=100",2015-10-01,2015-12-31,STATCAN_BCPI_18100289,inferred,2015-12-31,TR_AIIO_BCPI_PROVINCE_LINKED_CMA_BACKCAST_0_1,province_linked_cma_backcast;not_official_provincial_observation;reference_cma=CMA_462;anchor_period=2017-03-31
OBS_BCPI_BACKCAST_66125017DE5024594BD3,BCPI_SCHOOL_DIVISION_COMPOSITE,PR_24,Quebec,2021S0503462,70.1,"Index, 2023=100",2016-01-01,2016-03-31,STATCAN_BCPI_18100289,inferred,2016-03-31,TR_AIIO_BCPI_PROVINCE_LINKED_CMA_BACKCAST_0_1,province_linked_cma_backcast;not_official_provincial_observation;reference_cma=CMA_462;anchor_period=2017-03-31
OBS_BCPI_BACKCAST_A93FD2E182E0E24C4AB7,BCPI_SCHOOL_DIVISION_COMPOSITE,PR_24,Quebec,2021S0503462,70.6,"Index, 2023=100",2016-04-01,2016-06-30,STATCAN_BCPI_18100289,inferred,2016-06-30,TR_AIIO_BCPI_PROVINCE_LINKED_CMA_BACKCAST_0_1,province_linked_cma_backcast;not_official_provincial_observation;reference_cma=CMA_462;anchor_period=2017-03-31
OBS_BCPI_BACKCAST_37E83A200447A106E3D0,BCPI_SCHOOL_DIVISION_COMPOSITE,PR_24,Quebec,2021S0503462,70.6,"Index, 2023=100",2016-07-01,2016-09-30,STATCAN_BCPI_18100289,inferred,2016-09-30,TR_AIIO_BCPI_PROVINCE_LINKED_CMA_BACKCAST_0_1,province_linked_cma_backcast;not_official_provincial_observation;reference_cma=CMA_462;anchor_period=2017-03-31
OBS_BCPI_BACKCAST_B90680570532FA0B65EE,BCPI_SCHOOL_DIVISION_COMPOSITE,PR_24,Quebec,2021S0503462,71.2,"Index, 2023=100",2016-10-01,2016-12-31,STATCAN_BCPI_18100289,inferred,2016-12-31,TR_AIIO_BCPI_PROVINCE_LINKED_CMA_BACKCAST_0_1,province_linked_cma_backcast;not_official_provincial_observation;reference_cma=CMA_462;anchor_period=2017-03-31
OBS_BCPI_C7EE1E557F4345C2A4B1,BCPI_SCHOOL_DIVISION_COMPOSITE,PR_24,Quebec,2021A000224,71.7,"Index, 2023=100",2017-01-01,2017-03-31,STATCAN_BCPI_18100289,observed,2017-03-31,TR_STATCAN_BCPI_BC_ON_QC_REFERENCE_CLASSES_1_0_0,
OBS_BCPI_34947F1E43D18590C48E,BCPI_SCHOOL_DIVISION_COMPOSITE,PR_24,Quebec,2021A000224,72.5,"Index, 2023=100",2017-04-01,2017-06-30,STATCAN_BCPI_18100289,observed,2017-06-30,TR_STATCAN_BCPI_BC_ON_QC_REFERENCE_CLASSES_1_0_0,
OBS_BCPI_F8C5C2E5EDC58C7C8FCA,BCPI_SCHOOL_DIVISION_COMPOSITE,PR_24,Quebec,2021A000224,73.0,"Index, 2023=100",2017-07-01,2017-09-30,STATCAN_BCPI_18100289,observed,2017-09-30,TR_STATCAN_BCPI_BC_ON_QC_REFERENCE_CLASSES_1_0_0,
OBS_BCPI_94CBB4B86CD73B3C41D8,BCPI_SCHOOL_DIVISION_COMPOSITE,PR_24,Quebec,2021A000224,73.6,"Index, 2023=100",2017-10-01,2017-12-31,STATCAN_BCPI_18100289,observed,2017-12-31,TR_STATCAN_BCPI_BC_ON_QC_REFERENCE_CLASSES_1_0_0,
OBS_BCPI_8B001B899380C979CC9B,BCPI_SCHOOL_DIVISION_COMPOSITE,PR_24,Quebec,2021A000224,74.1,"Index, 2023=100",2018-01-01,2018-03-31,STATCAN_BCPI_18100289,observed,2018-03-31,TR_STATCAN_BCPI_BC_ON_QC_REFERENCE_CLASSES_1_0_0,
OBS_BCPI_05DC9B3AD87F2A2C14F9,BCPI_SCHOOL_DIVISION_COMPOSITE,PR_24,Quebec,2021A000224,75.0,"Index, 2023=100",2018-04-01,2018-06-30,STATCAN_BCPI_18100289,observed,2018-06-30,TR_STATCAN_BCPI_BC_ON_QC_REFERENCE_CLASSES_1_0_0,
OBS_BCPI_E658772C4C4583451CB4,BCPI_SCHOOL_DIVISION_COMPOSITE,PR_24,Quebec,2021A000224,76.1,"Index, 2023=100",2018-07-01,2018-09-30,STATCAN_BCPI_18100289,observed,2018-09-30,TR_STATCAN_BCPI_BC_ON_QC_REFERENCE_CLASSES_1_0_0,
OBS_BCPI_919D5AEC89AF7C574B1F,BCPI_SCHOOL_DIVISION_COMPOSITE,PR_24,Quebec,2021A000224,76.9,"Index, 2023=100",2018-10-01,2018-12-31,STATCAN_BCPI_18100289,observed,2018-12-31,TR_STATCAN_BCPI_BC_ON_QC_REFERENCE_CLASSES_1_0_0,
OBS_BCPI_B3AF76B033F821C7F0B6,BCPI_SCHOOL_DIVISION_COMPOSITE,PR_24,Quebec,2021A000224,77.5,"Index, 2023=100",2019-01-01,2019-03-31,STATCAN_BCPI_18100289,observed,2019-03-31,TR_STATCAN_BCPI_BC_ON_QC_REFERENCE_CLASSES_1_0_0,
OBS_BCPI_37968516AF2DA1104679,BCPI_SCHOOL_DIVISION_COMPOSITE,PR_24,Quebec,2021A000224,78.3,"Index, 2023=100",2019-04-01,2019-06-30,STATCAN_BCPI_18100289,observed,2019-06-30,TR_STATCAN_BCPI_BC_ON_QC_REFERENCE_CLASSES_1_0_0,
OBS_BCPI_D0FA147389575248BFDA,BCPI_SCHOOL_DIVISION_COMPOSITE,PR_24,Quebec,2021A000224,78.8,"Index, 2023=100",2019-07-01,2019-09-30,STATCAN_BCPI_18100289,observed,2019-09-30,TR_STATCAN_BCPI_BC_ON_QC_REFERENCE_CLASSES_1_0_0,
OBS_BCPI_52822675AB5F82F1039B,BCPI_SCHOOL_DIVISION_COMPOSITE,PR_24,Quebec,2021A000224,79.4,"Index, 2023=100",2019-10-01,2019-12-31,STATCAN_BCPI_18100289,observed,2019-12-31,TR_STATCAN_BCPI_BC_ON_QC_REFERENCE_CLASSES_1_0_0,
OBS_BCPI_E96065D83C707AD2D350,BCPI_SCHOOL_DIVISION_COMPOSITE,PR_24,Quebec,2021A000224,79.9,"Index, 2023=100",2020-01-01,2020-03-31,STATCAN_BCPI_18100289,observed,2020-03-31,TR_STATCAN_BCPI_BC_ON_QC_REFERENCE_CLASSES_1_0_0,
OBS_BCPI_44FF5F2FC5F3028D1C88,BCPI_SCHOOL_DIVISION_COMPOSITE,PR_24,Quebec,2021A000224,80.4,"Index, 2023=100",2020-04-01,2020-06-30,STATCAN_BCPI_18100289,observed,2020-06-30,TR_STATCAN_BCPI_BC_ON_QC_REFERENCE_CLASSES_1_0_0,
OBS_BCPI_D03AB6B4083B1D1B5614,BCPI_SCHOOL_DIVISION_COMPOSITE,PR_24,Quebec,2021A000224,81.5,"Index, 2023=100",2020-07-01,2020-09-30,STATCAN_BCPI_18100289,observed,2020-09-30,TR_STATCAN_BCPI_BC_ON_QC_REFERENCE_CLASSES_1_0_0,
OBS_BCPI_179064C53E80BE702927,BCPI_SCHOOL_DIVISION_COMPOSITE,PR_24,Quebec,2021A000224,81.6,"Index, 2023=100",2020-10-01,2020-12-31,STATCAN_BCPI_18100289,observed,2020-12-31,TR_STATCAN_BCPI_BC_ON_QC_REFERENCE_CLASSES_1_0_0,
OBS_BCPI_778BEA08A5E42F501BE7,BCPI_SCHOOL_DIVISION_COMPOSITE,PR_24,Quebec,2021A000224,82.7,"Index, 2023=100",2021-01-01,2021-03-31,STATCAN_BCPI_18100289,observed,2021-03-31,TR_STATCAN_BCPI_BC_ON_QC_REFERENCE_CLASSES_1_0_0,
OBS_BCPI_DDE3FDE21816655D94B4,BCPI_SCHOOL_DIVISION_COMPOSITE,PR_24,Quebec,2021A000224,85.5,"Index, 2023=100",2021-04-01,2021-06-30,STATCAN_BCPI_18100289,observed,2021-06-30,TR_STATCAN_BCPI_BC_ON_QC_REFERENCE_CLASSES_1_0_0,
OBS_BCPI_AAE9912F9B00DB1E6FE5,BCPI_SCHOOL_DIVISION_COMPOSITE,PR_24,Quebec,2021A000224,87.4,"Index, 2023=100",2021-07-01,2021-09-30,STATCAN_BCPI_18100289,observed,2021-09-30,TR_STATCAN_BCPI_BC_ON_QC_REFERENCE_CLASSES_1_0_0,
OBS_BCPI_DBE735C52B5447D526E8,BCPI_SCHOOL_DIVISION_COMPOSITE,PR_24,Quebec,2021A000224,89.3,"Index, 2023=100",2021-10-01,2021-12-31,STATCAN_BCPI_18100289,observed,2021-12-31,TR_STATCAN_BCPI_BC_ON_QC_REFERENCE_CLASSES_1_0_0,
OBS_BCPI_FBEC23459919EF220D35,BCPI_SCHOOL_DIVISION_COMPOSITE,PR_24,Quebec,2021A000224,92.4,"Index, 2023=100",2022-01-01,2022-03-31,STATCAN_BCPI_18100289,observed,2022-03-31,TR_STATCAN_BCPI_BC_ON_QC_REFERENCE_CLASSES_1_0_0,
OBS_BCPI_05DED2DCC01496BF4480,BCPI_SCHOOL_DIVISION_COMPOSITE,PR_24,Quebec,2021A000224,95.3,"Index, 2023=100",2022-04-01,2022-06-30,STATCAN_BCPI_18100289,observed,2022-06-30,TR_STATCAN_BCPI_BC_ON_QC_REFERENCE_CLASSES_1_0_0,
OBS_BCPI_050D9686CFD859161907,BCPI_SCHOOL_DIVISION_COMPOSITE,PR_24,Quebec,2021A000224,97.0,"Index, 2023=100",2022-07-01,2022-09-30,STATCAN_BCPI_18100289,observed,2022-09-30,TR_STATCAN_BCPI_BC_ON_QC_REFERENCE_CLASSES_1_0_0,
OBS_BCPI_BCCDC8F87097B3F75F15,BCPI_SCHOOL_DIVISION_COMPOSITE,PR_24,Quebec,2021A000224,97.9,"Index, 2023=100",2022-10-01,2022-12-31,STATCAN_BCPI_18100289,observed,2022-12-31,TR_STATCAN_BCPI_BC_ON_QC_REFERENCE_CLASSES_1_0_0,
OBS_BCPI_094BAF8186AF196EE16C,BCPI_SCHOOL_DIVISION_COMPOSITE,PR_24,Quebec,2021A000224,98.8,"Index, 2023=100",2023-01-01,2023-03-31,STATCAN_BCPI_18100289,observed,2023-03-31,TR_STATCAN_BCPI_BC_ON_QC_REFERENCE_CLASSES_1_0_0,
OBS_BCPI_C49F89035745CC7B7D0B,BCPI_SCHOOL_DIVISION_COMPOSITE,PR_24,Quebec,2021A000224,99.8,"Index, 2023=100",2023-04-01,2023-06-30,STATCAN_BCPI_18100289,observed,2023-06-30,TR_STATCAN_BCPI_BC_ON_QC_REFERENCE_CLASSES_1_0_0,
OBS_BCPI_BCAB75FA523E7C6CCDA7,BCPI_SCHOOL_DIVISION_COMPOSITE,PR_24,Quebec,2021A000224,100.4,"Index, 2023=100",2023-07-01,2023-09-30,STATCAN_BCPI_18100289,observed,2023-09-30,TR_STATCAN_BCPI_BC_ON_QC_REFERENCE_CLASSES_1_0_0,
OBS_BCPI_9D8F9516951C2A1E249E,BCPI_SCHOOL_DIVISION_COMPOSITE,PR_24,Quebec,2021A000224,101.1,"Index, 2023=100",2023-10-01,2023-12-31,STATCAN_BCPI_18100289,observed,2023-12-31,TR_STATCAN_BCPI_BC_ON_QC_REFERENCE_CLASSES_1_0_0,
OBS_BCPI_64933D2FA4EA4AC52A16,BCPI_SCHOOL_DIVISION_COMPOSITE,PR_24,Quebec,2021A000224,101.8,"Index, 2023=100",2024-01-01,2024-03-31,STATCAN_BCPI_18100289,observed,2024-03-31,TR_STATCAN_BCPI_BC_ON_QC_REFERENCE_CLASSES_1_0_0,
OBS_BCPI_60ABB225B6917779CBE7,BCPI_SCHOOL_DIVISION_COMPOSITE,PR_24,Quebec,2021A000224,102.9,"Index, 2023=100",2024-04-01,2024-06-30,STATCAN_BCPI_18100289,observed,2024-06-30,TR_STATCAN_BCPI_BC_ON_QC_REFERENCE_CLASSES_1_0_0,
OBS_BCPI_D3C01524184D3E435A8A,BCPI_SCHOOL_DIVISION_COMPOSITE,PR_24,Quebec,2021A000224,103.1,"Index, 2023=100",2024-07-01,2024-09-30,STATCAN_BCPI_18100289,observed,2024-09-30,TR_STATCAN_BCPI_BC_ON_QC_REFERENCE_CLASSES_1_0_0,
OBS_BCPI_93C498A88476C09C9CB6,BCPI_SCHOOL_DIVISION_COMPOSITE,PR_24,Quebec,2021A000224,103.9,"Index, 2023=100",2024-10-01,2024-12-31,STATCAN_BCPI_18100289,observed,2024-12-31,TR_STATCAN_BCPI_BC_ON_QC_REFERENCE_CLASSES_1_0_0,
OBS_BCPI_6A5E0825A134EEFBEEA5,BCPI_SCHOOL_DIVISION_COMPOSITE,PR_24,Quebec,2021A000224,105.0,"Index, 2023=100",2025-01-01,2025-03-31,STATCAN_BCPI_18100289,observed,2025-03-31,TR_STATCAN_BCPI_BC_ON_QC_REFERENCE_CLASSES_1_0_0,
OBS_BCPI_A57C3855D2C334145383,BCPI_SCHOOL_DIVISION_COMPOSITE,PR_24,Quebec,2021A000224,107.9,"Index, 2023=100",2025-04-01,2025-06-30,STATCAN_BCPI_18100289,observed,2025-06-30,TR_STATCAN_BCPI_BC_ON_QC_REFERENCE_CLASSES_1_0_0,
OBS_BCPI_E7C0C88D4BC759D569B0,BCPI_SCHOOL_DIVISION_COMPOSITE,PR_24,Quebec,2021A000224,109.2,"Index, 2023=100",2025-07-01,2025-09-30,STATCAN_BCPI_18100289,observed,2025-09-30,TR_STATCAN_BCPI_BC_ON_QC_REFERENCE_CLASSES_1_0_0,
OBS_BCPI_83B8A588D76AB5EEEB21,BCPI_SCHOOL_DIVISION_COMPOSITE,PR_24,Quebec,2021A000224,109.0,"Index, 2023=100",2025-10-01,2025-12-31,STATCAN_BCPI_18100289,observed,2025-12-31,TR_STATCAN_BCPI_BC_ON_QC_REFERENCE_CLASSES_1_0_0,
OBS_BCPI_15D5100B9FC99B108733,BCPI_SCHOOL_DIVISION_COMPOSITE,PR_24,Quebec,2021A000224,109.3,"Index, 2023=100",2026-01-01,2026-03-31,STATCAN_BCPI_18100289,observed,2026-03-31,TR_STATCAN_BCPI_BC_ON_QC_REFERENCE_CLASSES_1_0_0,
OBS_BCPI_5BC8943F290CC5714D45,BCPI_SCHOOL_DIVISION_COMPOSITE,PR_24,Quebec,2021A000224,111.6,"Index, 2023=100",2026-04-01,2026-06-30,STATCAN_BCPI_18100289,observed,2026-06-30,TR_STATCAN_BCPI_BC_ON_QC_REFERENCE_CLASSES_1_0_0,
OBS_BCPI_094C8AC1D5DA59AB7EE3,BCPI_BUS_DEPOT_WITH_MAINTENANCE_AND_REPAIR_FACILITIES_DIVISION_COMPOSITE,PR_35,Ontario,2021A000235,65.7,"Index, 2023=100",2017-01-01,2017-03-31,STATCAN_BCPI_18100289,observed,2017-03-31,TR_STATCAN_BCPI_BC_ON_QC_REFERENCE_CLASSES_1_0_0,
OBS_BCPI_88F23733355D9213D605,BCPI_BUS_DEPOT_WITH_MAINTENANCE_AND_REPAIR_FACILITIES_DIVISION_COMPOSITE,PR_35,Ontario,2021A000235,66.3,"Index, 2023=100",2017-04-01,2017-06-30,STATCAN_BCPI_18100289,observed,2017-06-30,TR_STATCAN_BCPI_BC_ON_QC_REFERENCE_CLASSES_1_0_0,
OBS_BCPI_F1B7439DFEFBE95B52BB,BCPI_BUS_DEPOT_WITH_MAINTENANCE_AND_REPAIR_FACILITIES_DIVISION_COMPOSITE,PR_35,Ontario,2021A000235,66.1,"Index, 2023=100",2017-07-01,2017-09-30,STATCAN_BCPI_18100289,observed,2017-09-30,TR_STATCAN_BCPI_BC_ON_QC_REFERENCE_CLASSES_1_0_0,
OBS_BCPI_920032F93AFF141C198F,BCPI_BUS_DEPOT_WITH_MAINTENANCE_AND_REPAIR_FACILITIES_DIVISION_COMPOSITE,PR_35,Ontario,2021A000235,66.4,"Index, 2023=100",2017-10-01,2017-12-31,STATCAN_BCPI_18100289,observed,2017-12-31,TR_STATCAN_BCPI_BC_ON_QC_REFERENCE_CLASSES_1_0_0,
OBS_BCPI_B4F4BCE39C2EC246A573,BCPI_BUS_DEPOT_WITH_MAINTENANCE_AND_REPAIR_FACILITIES_DIVISION_COMPOSITE,PR_35,Ontario,2021A000235,67.2,"Index, 2023=100",2018-01-01,2018-03-31,STATCAN_BCPI_18100289,observed,2018-03-31,TR_STATCAN_BCPI_BC_ON_QC_REFERENCE_CLASSES_1_0_0,
OBS_BCPI_0864D2568FDE868215CA,BCPI_BUS_DEPOT_WITH_MAINTENANCE_AND_REPAIR_FACILITIES_DIVISION_COMPOSITE,PR_35,Ontario,2021A000235,68.6,"Index, 2023=100",2018-04-01,2018-06-30,STATCAN_BCPI_18100289,observed,2018-06-30,TR_STATCAN_BCPI_BC_ON_QC_REFERENCE_CLASSES_1_0_0,
OBS_BCPI_A72F4C0B28785477884D,BCPI_BUS_DEPOT_WITH_MAINTENANCE_AND_REPAIR_FACILITIES_DIVISION_COMPOSITE,PR_35,Ontario,2021A000235,69.8,"Index, 2023=100",2018-07-01,2018-09-30,STATCAN_BCPI_18100289,observed,2018-09-30,TR_STATCAN_BCPI_BC_ON_QC_REFERENCE_CLASSES_1_0_0,
OBS_BCPI_9BA9EBA326ED1AE9B2E8,BCPI_BUS_DEPOT_WITH_MAINTENANCE_AND_REPAIR_FACILITIES_DIVISION_COMPOSITE,PR_35,Ontario,2021A000235,70.4,"Index, 2023=100",2018-10-01,2018-12-31,STATCAN_BCPI_18100289,observed,2018-12-31,TR_STATCAN_BCPI_BC_ON_QC_REFERENCE_CLASSES_1_0_0,
OBS_BCPI_76ED232954680219C361,BCPI_BUS_DEPOT_WITH_MAINTENANCE_AND_REPAIR_FACILITIES_DIVISION_COMPOSITE,PR_35,Ontario,2021A000235,71.1,"Index, 2023=100",2019-01-01,2019-03-31,STATCAN_BCPI_18100289,observed,2019-03-31,TR_STATCAN_BCPI_BC_ON_QC_REFERENCE_CLASSES_1_0_0,
OBS_BCPI_9DCD1E0ABFEF1814F80A,BCPI_BUS_DEPOT_WITH_MAINTENANCE_AND_REPAIR_FACILITIES_DIVISION_COMPOSITE,PR_35,Ontario,2021A000235,71.6,"Index, 2023=100",2019-04-01,2019-06-30,STATCAN_BCPI_18100289,observed,2019-06-30,TR_STATCAN_BCPI_BC_ON_QC_REFERENCE_CLASSES_1_0_0,
OBS_BCPI_2FCABAFC42B6E0A6040B,BCPI_BUS_DEPOT_WITH_MAINTENANCE_AND_REPAIR_FACILITIES_DIVISION_COMPOSITE,PR_35,Ontario,2021A000235,72.0,"Index, 2023=100",2019-07-01,2019-09-30,STATCAN_BCPI_18100289,observed,2019-09-30,TR_STATCAN_BCPI_BC_ON_QC_REFERENCE_CLASSES_1_0_0,
OBS_BCPI_6223DF1ED414677AB3FE,BCPI_BUS_DEPOT_WITH_MAINTENANCE_AND_REPAIR_FACILITIES_DIVISION_COMPOSITE,PR_35,Ontario,2021A000235,72.4,"Index, 2023=100",2019-10-01,2019-12-31,STATCAN_BCPI_18100289,observed,2019-12-31,TR_STATCAN_BCPI_BC_ON_QC_REFERENCE_CLASSES_1_0_0,
OBS_BCPI_0EF5CC530FFE38DF7FB0,BCPI_BUS_DEPOT_WITH_MAINTENANCE_AND_REPAIR_FACILITIES_DIVISION_COMPOSITE,PR_35,Ontario,2021A000235,72.9,"Index, 2023=100",2020-01-01,2020-03-31,STATCAN_BCPI_18100289,observed,2020-03-31,TR_STATCAN_BCPI_BC_ON_QC_REFERENCE_CLASSES_1_0_0,
OBS_BCPI_682914EC173BCA8EEE14,BCPI_BUS_DEPOT_WITH_MAINTENANCE_AND_REPAIR_FACILITIES_DIVISION_COMPOSITE,PR_35,Ontario,2021A000235,73.2,"Index, 2023=100",2020-04-01,2020-06-30,STATCAN_BCPI_18100289,observed,2020-06-30,TR_STATCAN_BCPI_BC_ON_QC_REFERENCE_CLASSES_1_0_0,
OBS_BCPI_00232A408D54D254F5DD,BCPI_BUS_DEPOT_WITH_MAINTENANCE_AND_REPAIR_FACILITIES_DIVISION_COMPOSITE,PR_35,Ontario,2021A000235,73.8,"Index, 2023=100",2020-07-01,2020-09-30,STATCAN_BCPI_18100289,observed,2020-09-30,TR_STATCAN_BCPI_BC_ON_QC_REFERENCE_CLASSES_1_0_0,
OBS_BCPI_E79AA1C2750D9529CEB6,BCPI_BUS_DEPOT_WITH_MAINTENANCE_AND_REPAIR_FACILITIES_DIVISION_COMPOSITE,PR_35,Ontario,2021A000235,73.5,"Index, 2023=100",2020-10-01,2020-12-31,STATCAN_BCPI_18100289,observed,2020-12-31,TR_STATCAN_BCPI_BC_ON_QC_REFERENCE_CLASSES_1_0_0,
OBS_BCPI_619D184C48C9EB79FFB2,BCPI_BUS_DEPOT_WITH_MAINTENANCE_AND_REPAIR_FACILITIES_DIVISION_COMPOSITE,PR_35,Ontario,2021A000235,75.3,"Index, 2023=100",2021-01-01,2021-03-31,STATCAN_BCPI_18100289,observed,2021-03-31,TR_STATCAN_BCPI_BC_ON_QC_REFERENCE_CLASSES_1_0_0,
OBS_BCPI_512980045C712A124099,BCPI_BUS_DEPOT_WITH_MAINTENANCE_AND_REPAIR_FACILITIES_DIVISION_COMPOSITE,PR_35,Ontario,2021A000235,78.8,"Index, 2023=100",2021-04-01,2021-06-30,STATCAN_BCPI_18100289,observed,2021-06-30,TR_STATCAN_BCPI_BC_ON_QC_REFERENCE_CLASSES_1_0_0,
OBS_BCPI_798DAE871A8AC7CFD33F,BCPI_BUS_DEPOT_WITH_MAINTENANCE_AND_REPAIR_FACILITIES_DIVISION_COMPOSITE,PR_35,Ontario,2021A000235,82.0,"Index, 2023=100",2021-07-01,2021-09-30,STATCAN_BCPI_18100289,observed,2021-09-30,TR_STATCAN_BCPI_BC_ON_QC_REFERENCE_CLASSES_1_0_0,
OBS_BCPI_1AD906938C4180F367DF,BCPI_BUS_DEPOT_WITH_MAINTENANCE_AND_REPAIR_FACILITIES_DIVISION_COMPOSITE,PR_35,Ontario,2021A000235,85.0,"Index, 2023=100",2021-10-01,2021-12-31,STATCAN_BCPI_18100289,observed,2021-12-31,TR_STATCAN_BCPI_BC_ON_QC_REFERENCE_CLASSES_1_0_0,
OBS_BCPI_AA35FD999A876CC2EA7D,BCPI_BUS_DEPOT_WITH_MAINTENANCE_AND_REPAIR_FACILITIES_DIVISION_COMPOSITE,PR_35,Ontario,2021A000235,88.1,"Index, 2023=100",2022-01-01,2022-03-31,STATCAN_BCPI_18100289,observed,2022-03-31,TR_STATCAN_BCPI_BC_ON_QC_REFERENCE_CLASSES_1_0_0,
OBS_BCPI_1DC78B1557535BD1393F,BCPI_BUS_DEPOT_WITH_MAINTENANCE_AND_REPAIR_FACILITIES_DIVISION_COMPOSITE,PR_35,Ontario,2021A000235,92.1,"Index, 2023=100",2022-04-01,2022-06-30,STATCAN_BCPI_18100289,observed,2022-06-30,TR_STATCAN_BCPI_BC_ON_QC_REFERENCE_CLASSES_1_0_0,
OBS_BCPI_DA965D7C591DBC159DB3,BCPI_BUS_DEPOT_WITH_MAINTENANCE_AND_REPAIR_FACILITIES_DIVISION_COMPOSITE,PR_35,Ontario,2021A000235,94.0,"Index, 2023=100",2022-07-01,2022-09-30,STATCAN_BCPI_18100289,observed,2022-09-30,TR_STATCAN_BCPI_BC_ON_QC_REFERENCE_CLASSES_1_0_0,
OBS_BCPI_3772E495D7C07B60EB79,BCPI_BUS_DEPOT_WITH_MAINTENANCE_AND_REPAIR_FACILITIES_DIVISION_COMPOSITE,PR_35,Ontario,2021A000235,96.0,"Index, 2023=100",2022-10-01,2022-12-31,STATCAN_BCPI_18100289,observed,2022-12-31,TR_STATCAN_BCPI_BC_ON_QC_REFERENCE_CLASSES_1_0_0,
OBS_BCPI_19841CCC6158AA62C29E,BCPI_BUS_DEPOT_WITH_MAINTENANCE_AND_REPAIR_FACILITIES_DIVISION_COMPOSITE,PR_35,Ontario,2021A000235,97.7,"Index, 2023=100",2023-01-01,2023-03-31,STATCAN_BCPI_18100289,observed,2023-03-31,TR_STATCAN_BCPI_BC_ON_QC_REFERENCE_CLASSES_1_0_0,
OBS_BCPI_16FD875AE71EDDF6738A,BCPI_BUS_DEPOT_WITH_MAINTENANCE_AND_REPAIR_FACILITIES_DIVISION_COMPOSITE,PR_35,Ontario,2021A000235,99.1,"Index, 2023=100",2023-04-01,2023-06-30,STATCAN_BCPI_18100289,observed,2023-06-30,TR_STATCAN_BCPI_BC_ON_QC_REFERENCE_CLASSES_1_0_0,
OBS_BCPI_D0710309F206C4A5F345,BCPI_BUS_DEPOT_WITH_MAINTENANCE_AND_REPAIR_FACILITIES_DIVISION_COMPOSITE,PR_35,Ontario,2021A000235,101.3,"Index, 2023=100",2023-07-01,2023-09-30,STATCAN_BCPI_18100289,observed,2023-09-30,TR_STATCAN_BCPI_BC_ON_QC_REFERENCE_CLASSES_1_0_0,
OBS_BCPI_F89EB2695A3CD91D5583,BCPI_BUS_DEPOT_WITH_MAINTENANCE_AND_REPAIR_FACILITIES_DIVISION_COMPOSITE,PR_35,Ontario,2021A000235,101.9,"Index, 2023=100",2023-10-01,2023-12-31,STATCAN_BCPI_18100289,observed,2023-12-31,TR_STATCAN_BCPI_BC_ON_QC_REFERENCE_CLASSES_1_0_0,
OBS_BCPI_D9CE3438F16758A2DEF2,BCPI_BUS_DEPOT_WITH_MAINTENANCE_AND_REPAIR_FACILITIES_DIVISION_COMPOSITE,PR_35,Ontario,2021A000235,102.5,"Index, 2023=100",2024-01-01,2024-03-31,STATCAN_BCPI_18100289,observed,2024-03-31,TR_STATCAN_BCPI_BC_ON_QC_REFERENCE_CLASSES_1_0_0,
OBS_BCPI_CEB5EF6C62B44567102C,BCPI_BUS_DEPOT_WITH_MAINTENANCE_AND_REPAIR_FACILITIES_DIVISION_COMPOSITE,PR_35,Ontario,2021A000235,104.0,"Index, 2023=100",2024-04-01,2024-06-30,STATCAN_BCPI_18100289,observed,2024-06-30,TR_STATCAN_BCPI_BC_ON_QC_REFERENCE_CLASSES_1_0_0,
OBS_BCPI_B45A602D5B05DE9CBAA7,BCPI_BUS_DEPOT_WITH_MAINTENANCE_AND_REPAIR_FACILITIES_DIVISION_COMPOSITE,PR_35,Ontario,2021A000235,104.6,"Index, 2023=100",2024-07-01,2024-09-30,STATCAN_BCPI_18100289,observed,2024-09-30,TR_STATCAN_BCPI_BC_ON_QC_REFERENCE_CLASSES_1_0_0,
OBS_BCPI_A6C932164DABB732AAE4,BCPI_BUS_DEPOT_WITH_MAINTENANCE_AND_REPAIR_FACILITIES_DIVISION_COMPOSITE,PR_35,Ontario,2021A000235,106.1,"Index, 2023=100",2024-10-01,2024-12-31,STATCAN_BCPI_18100289,observed,2024-12-31,TR_STATCAN_BCPI_BC_ON_QC_REFERENCE_CLASSES_1_0_0,
OBS_BCPI_4F0E7BEECFD9BB12AFD2,BCPI_BUS_DEPOT_WITH_MAINTENANCE_AND_REPAIR_FACILITIES_DIVISION_COMPOSITE,PR_35,Ontario,2021A000235,107.0,"Index, 2023=100",2025-01-01,2025-03-31,STATCAN_BCPI_18100289,observed,2025-03-31,TR_STATCAN_BCPI_BC_ON_QC_REFERENCE_CLASSES_1_0_0,
OBS_BCPI_C8423EC0FCEB3F6BA992,BCPI_BUS_DEPOT_WITH_MAINTENANCE_AND_REPAIR_FACILITIES_DIVISION_COMPOSITE,PR_35,Ontario,2021A000235,108.8,"Index, 2023=100",2025-04-01,2025-06-30,STATCAN_BCPI_18100289,observed,2025-06-30,TR_STATCAN_BCPI_BC_ON_QC_REFERENCE_CLASSES_1_0_0,
OBS_BCPI_4116B5652F230C3FAD67,BCPI_BUS_DEPOT_WITH_MAINTENANCE_AND_REPAIR_FACILITIES_DIVISION_COMPOSITE,PR_35,Ontario,2021A000235,110.0,"Index, 2023=100",2025-07-01,2025-09-30,STATCAN_BCPI_18100289,observed,2025-09-30,TR_STATCAN_BCPI_BC_ON_QC_REFERENCE_CLASSES_1_0_0,
OBS_BCPI_3A3E9FCA615B87A7B6BD,BCPI_BUS_DEPOT_WITH_MAINTENANCE_AND_REPAIR_FACILITIES_DIVISION_COMPOSITE,PR_35,Ontario,2021A000235,111.2,"Index, 2023=100",2025-10-01,2025-12-31,STATCAN_BCPI_18100289,observed,2025-12-31,TR_STATCAN_BCPI_BC_ON_QC_REFERENCE_CLASSES_1_0_0,
OBS_BCPI_E4203CE11A5C228FCC6A,BCPI_BUS_DEPOT_WITH_MAINTENANCE_AND_REPAIR_FACILITIES_DIVISION_COMPOSITE,PR_35,Ontario,2021A000235,112.6,"Index, 2023=100",2026-01-01,2026-03-31,STATCAN_BCPI_18100289,observed,2026-03-31,TR_STATCAN_BCPI_BC_ON_QC_REFERENCE_CLASSES_1_0_0,
OBS_BCPI_E2657CF9ED5B4F883BB6,BCPI_BUS_DEPOT_WITH_MAINTENANCE_AND_REPAIR_FACILITIES_DIVISION_COMPOSITE,PR_35,Ontario,2021A000235,114.7,"Index, 2023=100",2026-04-01,2026-06-30,STATCAN_BCPI_18100289,observed,2026-06-30,TR_STATCAN_BCPI_BC_ON_QC_REFERENCE_CLASSES_1_0_0,
OBS_BCPI_BACKCAST_885C8FFC0D34258B2AD1,BCPI_INSTITUTIONAL_BUILDINGS_62213_DIVISION_COMPOSITE,PR_35,Ontario,2021S0503535,19.228529,"Index, 2023=100",1981-01-01,1981-03-31,STATCAN_BCPI_18100289,inferred,1981-03-31,TR_AIIO_BCPI_PROVINCE_LINKED_CMA_BACKCAST_0_1,province_linked_cma_backcast;not_official_provincial_observation;reference_cma=CMA_535;anchor_period=2017-03-31
OBS_BCPI_BACKCAST_117F62BDB1ACDCD29344,BCPI_INSTITUTIONAL_BUILDINGS_62213_DIVISION_COMPOSITE,PR_35,Ontario,2021S0503535,19.829421,"Index, 2023=100",1981-04-01,1981-06-30,STATCAN_BCPI_18100289,inferred,1981-06-30,TR_AIIO_BCPI_PROVINCE_LINKED_CMA_BACKCAST_0_1,province_linked_cma_backcast;not_official_provincial_observation;reference_cma=CMA_535;anchor_period=2017-03-31
OBS_BCPI_BACKCAST_6665190F8A1643F050DD,BCPI_INSTITUTIONAL_BUILDINGS_62213_DIVISION_COMPOSITE,PR_35,Ontario,2021S0503535,20.630609,"Index, 2023=100",1981-07-01,1981-09-30,STATCAN_BCPI_18100289,inferred,1981-09-30,TR_AIIO_BCPI_PROVINCE_LINKED_CMA_BACKCAST_0_1,province_linked_cma_backcast;not_official_provincial_observation;reference_cma=CMA_535;anchor_period=2017-03-31
OBS_BCPI_BACKCAST_4532634DFBC30FFBF21E,BCPI_INSTITUTIONAL_BUILDINGS_62213_DIVISION_COMPOSITE,PR_35,Ontario,2021S0503535,21.331649,"Index, 2023=100",1981-10-01,1981-12-31,STATCAN_BCPI_18100289,inferred,1981-12-31,TR_AIIO_BCPI_PROVINCE_LINKED_CMA_BACKCAST_0_1,province_linked_cma_backcast;not_official_provincial_observation;reference_cma=CMA_535;anchor_period=2017-03-31
OBS_BCPI_BACKCAST_37D351E7C8C920B7F5F4,BCPI_INSTITUTIONAL_BUILDINGS_62213_DIVISION_COMPOSITE,PR_35,Ontario,2021S0503535,22.032689,"Index, 2023=100",1982-01-01,1982-03-31,STATCAN_BCPI_18100289,inferred,1982-03-31,TR_AIIO_BCPI_PROVINCE_LINKED_CMA_BACKCAST_0_1,province_linked_cma_backcast;not_official_provincial_observation;reference_cma=CMA_535;anchor_period=2017-03-31
OBS_BCPI_BACKCAST_739CC89FB0BC3C04788B,BCPI_INSTITUTIONAL_BUILDINGS_62213_DIVISION_COMPOSITE,PR_35,Ontario,2021S0503535,22.232987,"Index, 2023=100",1982-04-01,1982-06-30,STATCAN_BCPI_18100289,inferred,1982-06-30,TR_AIIO_BCPI_PROVINCE_LINKED_CMA_BACKCAST_0_1,province_linked_cma_backcast;not_official_provincial_observation;reference_cma=CMA_535;anchor_period=2017-03-31
OBS_BCPI_BACKCAST_F23D351C3D8093EEF70D,BCPI_INSTITUTIONAL_BUILDINGS_62213_DIVISION_COMPOSITE,PR_35,Ontario,2021S0503535,22.633581,"Index, 2023=100",1982-07-01,1982-09-30,STATCAN_BCPI_18100289,inferred,1982-09-30,TR_AIIO_BCPI_PROVINCE_LINKED_CMA_BACKCAST_0_1,province_linked_cma_backcast;not_official_provincial_observation;reference_cma=CMA_535;anchor_period=2017-03-31
OBS_BCPI_BACKCAST_3C5854F71C7A85EDFABB,BCPI_INSTITUTIONAL_BUILDINGS_62213_DIVISION_COMPOSITE,PR_35,Ontario,2021S0503535,22.633581,"Index, 2023=100",1982-10-01,1982-12-31,STATCAN_BCPI_18100289,inferred,1982-12-31,TR_AIIO_BCPI_PROVINCE_LINKED_CMA_BACKCAST_0_1,province_linked_cma_backcast;not_official_provincial_observation;reference_cma=CMA_535;anchor_period=2017-03-31
OBS_BCPI_BACKCAST_BA11AEF4FAEDEE33A44C,BCPI_INSTITUTIONAL_BUILDINGS_62213_DIVISION_COMPOSITE,PR_35,Ontario,2021S0503535,22.633581,"Index, 2023=100",1983-01-01,1983-03-31,STATCAN_BCPI_18100289,inferred,1983-03-31,TR_AIIO_BCPI_PROVINCE_LINKED_CMA_BACKCAST_0_1,province_linked_cma_backcast;not_official_provincial_observation;reference_cma=CMA_535;anchor_period=2017-03-31
OBS_BCPI_BACKCAST_5482BC064ADA4827DACD,BCPI_INSTITUTIONAL_BUILDINGS_62213_DIVISION_COMPOSITE,PR_35,Ontario,2021S0503535,23.134324,"Index, 2023=100",1983-04-01,1983-06-30,STATCAN_BCPI_18100289,inferred,1983-06-30,TR_AIIO_BCPI_PROVINCE_LINKED_CMA_BACKCAST_0_1,province_linked_cma_backcast;not_official_provincial_observation;reference_cma=CMA_535;anchor_period=2017-03-31
OBS_BCPI_BACKCAST_8ECC506A2F2E55DC321D,BCPI_INSTITUTIONAL_BUILDINGS_62213_DIVISION_COMPOSITE,PR_35,Ontario,2021S0503535,23.43477,"Index, 2023=100",1983-07-01,1983-09-30,STATCAN_BCPI_18100289,inferred,1983-09-30,TR_AIIO_BCPI_PROVINCE_LINKED_CMA_BACKCAST_0_1,province_linked_cma_backcast;not_official_provincial_observation;reference_cma=CMA_535;anchor_period=2017-03-31
OBS_BCPI_BACKCAST_7F2F6DDDE1EC8E07B246,BCPI_INSTITUTIONAL_BUILDINGS_62213_DIVISION_COMPOSITE,PR_35,Ontario,2021S0503535,23.635067,"Index, 2023=100",1983-10-01,1983-12-31,STATCAN_BCPI_18100289,inferred,1983-12-31,TR_AIIO_BCPI_PROVINCE_LINKED_CMA_BACKCAST_0_1,province_linked_cma_backcast;not_official_provincial_observation;reference_cma=CMA_535;anchor_period=2017-03-31
OBS_BCPI_BACKCAST_34B7302FB7FC7E87A832,BCPI_INSTITUTIONAL_BUILDINGS_62213_DIVISION_COMPOSITE,PR_35,Ontario,2021S0503535,23.735215,"Index, 2023=100",1984-01-01,1984-03-31,STATCAN_BCPI_18100289,inferred,1984-03-31,TR_AIIO_BCPI_PROVINCE_LINKED_CMA_BACKCAST_0_1,province_linked_cma_backcast;not_official_provincial_observation;reference_cma=CMA_535;anchor_period=2017-03-31
OBS_BCPI_BACKCAST_38764AC90F5B8DA06020,BCPI_INSTITUTIONAL_BUILDINGS_62213_DIVISION_COMPOSITE,PR_35,Ontario,2021S0503535,23.835364,"Index, 2023=100",1984-04-01,1984-06-30,STATCAN_BCPI_18100289,inferred,1984-06-30,TR_AIIO_BCPI_PROVINCE_LINKED_CMA_BACKCAST_0_1,province_linked_cma_backcast;not_official_provincial_observation;reference_cma=CMA_535;anchor_period=2017-03-31
OBS_BCPI_BACKCAST_3C8470984111CE4729D5,BCPI_INSTITUTIONAL_BUILDINGS_62213_DIVISION_COMPOSITE,PR_35,Ontario,2021S0503535,24.13581,"Index, 2023=100",1984-07-01,1984-09-30,STATCAN_BCPI_18100289,inferred,1984-09-30,TR_AIIO_BCPI_PROVINCE_LINKED_CMA_BACKCAST_0_1,province_linked_cma_backcast;not_official_provincial_observation;reference_cma=CMA_535;anchor_period=2017-03-31
OBS_BCPI_BACKCAST_9910274A00C16E1AF051,BCPI_INSTITUTIONAL_BUILDINGS_62213_DIVISION_COMPOSITE,PR_35,Ontario,2021S0503535,24.336107,"Index, 2023=100",1984-10-01,1984-12-31,STATCAN_BCPI_18100289,inferred,1984-12-31,TR_AIIO_BCPI_PROVINCE_LINKED_CMA_BACKCAST_0_1,province_linked_cma_backcast;not_official_provincial_observation;reference_cma=CMA_535;anchor_period=2017-03-31
OBS_BCPI_BACKCAST_5A38DF0D96D1216689A0,BCPI_INSTITUTIONAL_BUILDINGS_62213_DIVISION_COMPOSITE,PR_35,Ontario,2021S0503535,24.536404,"Index, 2023=100",1985-01-01,1985-03-31,STATCAN_BCPI_18100289,inferred,1985-03-31,TR_AIIO_BCPI_PROVINCE_LINKED_CMA_BACKCAST_0_1,province_linked_cma_backcast;not_official_provincial_observation;reference_cma=CMA_535;anchor_period=2017-03-31
OBS_BCPI_BACKCAST_A86E5650AC2CBD7E1230,BCPI_INSTITUTIONAL_BUILDINGS_62213_DIVISION_COMPOSITE,PR_35,Ontario,2021S0503535,24.83685,"Index, 2023=100",1985-04-01,1985-06-30,STATCAN_BCPI_18100289,inferred,1985-06-30,TR_AIIO_BCPI_PROVINCE_LINKED_CMA_BACKCAST_0_1,province_linked_cma_backcast;not_official_provincial_observation;reference_cma=CMA_535;anchor_period=2017-03-31
OBS_BCPI_BACKCAST_79635B820AEFBFBB27C9,BCPI_INSTITUTIONAL_BUILDINGS_62213_DIVISION_COMPOSITE,PR_35,Ontario,2021S0503535,25.037147,"Index, 2023=100",1985-07-01,1985-09-30,STATCAN_BCPI_18100289,inferred,1985-09-30,TR_AIIO_BCPI_PROVINCE_LINKED_CMA_BACKCAST_0_1,province_linked_cma_backcast;not_official_provincial_observation;reference_cma=CMA_535;anchor_period=2017-03-31
OBS_BCPI_BACKCAST_CDA30AB9E61925027B2E,BCPI_INSTITUTIONAL_BUILDINGS_62213_DIVISION_COMPOSITE,PR_35,Ontario,2021S0503535,25.337593,"Index, 2023=100",1985-10-01,1985-12-31,STATCAN_BCPI_18100289,inferred,1985-12-31,TR_AIIO_BCPI_PROVINCE_LINKED_CMA_BACKCAST_0_1,province_linked_cma_backcast;not_official_provincial_observation;reference_cma=CMA_535;anchor_period=2017-03-31
OBS_BCPI_BACKCAST_87C333B9F5D55B3EC992,BCPI_INSTITUTIONAL_BUILDINGS_62213_DIVISION_COMPOSITE,PR_35,Ontario,2021S0503535,25.53789,"Index, 2023=100",1986-01-01,1986-03-31,STATCAN_BCPI_18100289,inferred,1986-03-31,TR_AIIO_BCPI_PROVINCE_LINKED_CMA_BACKCAST_0_1,province_linked_cma_backcast;not_official_provincial_observation;reference_cma=CMA_535;anchor_period=2017-03-31
OBS_BCPI_BACKCAST_61B0205377EE7EA5CA99,BCPI_INSTITUTIONAL_BUILDINGS_62213_DIVISION_COMPOSITE,PR_35,Ontario,2021S0503535,25.838336,"Index, 2023=100",1986-04-01,1986-06-30,STATCAN_BCPI_18100289,inferred,1986-06-30,TR_AIIO_BCPI_PROVINCE_LINKED_CMA_BACKCAST_0_1,province_linked_cma_backcast;not_official_provincial_observation;reference_cma=CMA_535;anchor_period=2017-03-31
OBS_BCPI_BACKCAST_619FD20B1CC94EC65FE6,BCPI_INSTITUTIONAL_BUILDINGS_62213_DIVISION_COMPOSITE,PR_35,Ontario,2021S0503535,26.038633,"Index, 2023=100",1986-07-01,1986-09-30,STATCAN_BCPI_18100289,inferred,1986-09-30,TR_AIIO_BCPI_PROVINCE_LINKED_CMA_BACKCAST_0_1,province_linked_cma_backcast;not_official_provincial_observation;reference_cma=CMA_535;anchor_period=2017-03-31
OBS_BCPI_BACKCAST_AE17C73FBA25401CCDAE,BCPI_INSTITUTIONAL_BUILDINGS_62213_DIVISION_COMPOSITE,PR_35,Ontario,2021S0503535,26.639525,"Index, 2023=100",1986-10-01,1986-12-31,STATCAN_BCPI_18100289,inferred,1986-12-31,TR_AIIO_BCPI_PROVINCE_LINKED_CMA_BACKCAST_0_1,province_linked_cma_backcast;not_official_provincial_observation;reference_cma=CMA_535;anchor_period=2017-03-31
OBS_BCPI_BACKCAST_BB0C3411AFE4F33B14CF,BCPI_INSTITUTIONAL_BUILDINGS_62213_DIVISION_COMPOSITE,PR_35,Ontario,2021S0503535,27.540862,"Index, 2023=100",1987-01-01,1987-03-31,STATCAN_BCPI_18100289,inferred,1987-03-31,TR_AIIO_BCPI_PROVINCE_LINKED_CMA_BACKCAST_0_1,province_linked_cma_backcast;not_official_provincial_observation;reference_cma=CMA_535;anchor_period=2017-03-31
OBS_BCPI_BACKCAST_DF05F768DC71E69B4AC0,BCPI_INSTITUTIONAL_BUILDINGS_62213_DIVISION_COMPOSITE,PR_35,Ontario,2021S0503535,27.64101,"Index, 2023=100",1987-04-01,1987-06-30,STATCAN_BCPI_18100289,inferred,1987-06-30,TR_AIIO_BCPI_PROVINCE_LINKED_CMA_BACKCAST_0_1,province_linked_cma_backcast;not_official_provincial_observation;reference_cma=CMA_535;anchor_period=2017-03-31
OBS_BCPI_BACKCAST_31D6D8F748E5AD8F45CC,BCPI_INSTITUTIONAL_BUILDINGS_62213_DIVISION_COMPOSITE,PR_35,Ontario,2021S0503535,28.041605,"Index, 2023=100",1987-07-01,1987-09-30,STATCAN_BCPI_18100289,inferred,1987-09-30,TR_AIIO_BCPI_PROVINCE_LINKED_CMA_BACKCAST_0_1,province_linked_cma_backcast;not_official_provincial_observation;reference_cma=CMA_535;anchor_period=2017-03-31
OBS_BCPI_BACKCAST_5955586AAEA2C9DD6DEE,BCPI_INSTITUTIONAL_BUILDINGS_62213_DIVISION_COMPOSITE,PR_35,Ontario,2021S0503535,28.241902,"Index, 2023=100",1987-10-01,1987-12-31,STATCAN_BCPI_18100289,inferred,1987-12-31,TR_AIIO_BCPI_PROVINCE_LINKED_CMA_BACKCAST_0_1,province_linked_cma_backcast;not_official_provincial_observation;reference_cma=CMA_535;anchor_period=2017-03-31
OBS_BCPI_BACKCAST_F4B05574AAFEADF89DDB,BCPI_INSTITUTIONAL_BUILDINGS_62213_DIVISION_COMPOSITE,PR_35,Ontario,2021S0503535,28.742645,"Index, 2023=100",1988-01-01,1988-03-31,STATCAN_BCPI_18100289,inferred,1988-03-31,TR_AIIO_BCPI_PROVINCE_LINKED_CMA_BACKCAST_0_1,province_linked_cma_backcast;not_official_provincial_observation;reference_cma=CMA_535;anchor_period=2017-03-31
OBS_BCPI_BACKCAST_6B3BBC4092D99B4267E7,BCPI_INSTITUTIONAL_BUILDINGS_62213_DIVISION_COMPOSITE,PR_35,Ontario,2021S0503535,29.744131,"Index, 2023=100",1988-04-01,1988-06-30,STATCAN_BCPI_18100289,inferred,1988-06-30,TR_AIIO_BCPI_PROVINCE_LINKED_CMA_BACKCAST_0_1,province_linked_cma_backcast;not_official_provincial_observation;reference_cma=CMA_535;anchor_period=2017-03-31
OBS_BCPI_BACKCAST_FBEA17419F043641DAF3,BCPI_INSTITUTIONAL_BUILDINGS_62213_DIVISION_COMPOSITE,PR_35,Ontario,2021S0503535,30.244874,"Index, 2023=100",1988-07-01,1988-09-30,STATCAN_BCPI_18100289,inferred,1988-09-30,TR_AIIO_BCPI_PROVINCE_LINKED_CMA_BACKCAST_0_1,province_linked_cma_backcast;not_official_provincial_observation;reference_cma=CMA_535;anchor_period=2017-03-31
OBS_BCPI_BACKCAST_054A5ED8FCE17FBE41EE,BCPI_INSTITUTIONAL_BUILDINGS_62213_DIVISION_COMPOSITE,PR_35,Ontario,2021S0503535,30.845765,"Index, 2023=100",1988-10-01,1988-12-31,STATCAN_BCPI_18100289,inferred,1988-12-31,TR_AIIO_BCPI_PROVINCE_LINKED_CMA_BACKCAST_0_1,province_linked_cma_backcast;not_official_provincial_observation;reference_cma=CMA_535;anchor_period=2017-03-31
OBS_BCPI_BACKCAST_22851C8678F7074B6F6A,BCPI_INSTITUTIONAL_BUILDINGS_62213_DIVISION_COMPOSITE,PR_35,Ontario,2021S0503535,31.446657,"Index, 2023=100",1989-01-01,1989-03-31,STATCAN_BCPI_18100289,inferred,1989-03-31,TR_AIIO_BCPI_PROVINCE_LINKED_CMA_BACKCAST_0_1,province_linked_cma_backcast;not_official_provincial_observation;reference_cma=CMA_535;anchor_period=2017-03-31
OBS_BCPI_BACKCAST_060F5148756C00F3F39F,BCPI_INSTITUTIONAL_BUILDINGS_62213_DIVISION_COMPOSITE,PR_35,Ontario,2021S0503535,32.247845,"Index, 2023=100",1989-04-01,1989-06-30,STATCAN_BCPI_18100289,inferred,1989-06-30,TR_AIIO_BCPI_PROVINCE_LINKED_CMA_BACKCAST_0_1,province_linked_cma_backcast;not_official_provincial_observation;reference_cma=CMA_535;anchor_period=2017-03-31
OBS_BCPI_BACKCAST_910711F58ECB87E27BB1,BCPI_INSTITUTIONAL_BUILDINGS_62213_DIVISION_COMPOSITE,PR_35,Ontario,2021S0503535,32.548291,"Index, 2023=100",1989-07-01,1989-09-30,STATCAN_BCPI_18100289,inferred,1989-09-30,TR_AIIO_BCPI_PROVINCE_LINKED_CMA_BACKCAST_0_1,province_linked_cma_backcast;not_official_provincial_observation;reference_cma=CMA_535;anchor_period=2017-03-31
OBS_BCPI_BACKCAST_B26C60584EB72D6197FE,BCPI_INSTITUTIONAL_BUILDINGS_62213_DIVISION_COMPOSITE,PR_35,Ontario,2021S0503535,32.748588,"Index, 2023=100",1989-10-01,1989-12-31,STATCAN_BCPI_18100289,inferred,1989-12-31,TR_AIIO_BCPI_PROVINCE_LINKED_CMA_BACKCAST_0_1,province_linked_cma_backcast;not_official_provincial_observation;reference_cma=CMA_535;anchor_period=2017-03-31
OBS_BCPI_BACKCAST_0B4CF8A10118F6959A12,BCPI_INSTITUTIONAL_BUILDINGS_62213_DIVISION_COMPOSITE,PR_35,Ontario,2021S0503535,33.049034,"Index, 2023=100",1990-01-01,1990-03-31,STATCAN_BCPI_18100289,inferred,1990-03-31,TR_AIIO_BCPI_PROVINCE_LINKED_CMA_BACKCAST_0_1,province_linked_cma_backcast;not_official_provincial_observation;reference_cma=CMA_535;anchor_period=2017-03-31
OBS_BCPI_BACKCAST_B9ACD151C308884F6C7D,BCPI_INSTITUTIONAL_BUILDINGS_62213_DIVISION_COMPOSITE,PR_35,Ontario,2021S0503535,33.750074,"Index, 2023=100",1990-04-01,1990-06-30,STATCAN_BCPI_18100289,inferred,1990-06-30,TR_AIIO_BCPI_PROVINCE_LINKED_CMA_BACKCAST_0_1,province_linked_cma_backcast;not_official_provincial_observation;reference_cma=CMA_535;anchor_period=2017-03-31
OBS_BCPI_BACKCAST_0418610A1154890BCDF6,BCPI_INSTITUTIONAL_BUILDINGS_62213_DIVISION_COMPOSITE,PR_35,Ontario,2021S0503535,33.249331,"Index, 2023=100",1990-07-01,1990-09-30,STATCAN_BCPI_18100289,inferred,1990-09-30,TR_AIIO_BCPI_PROVINCE_LINKED_CMA_BACKCAST_0_1,province_linked_cma_backcast;not_official_provincial_observation;reference_cma=CMA_535;anchor_period=2017-03-31
OBS_BCPI_BACKCAST_2AF2376E71558C42249E,BCPI_INSTITUTIONAL_BUILDINGS_62213_DIVISION_COMPOSITE,PR_35,Ontario,2021S0503535,33.149183,"Index, 2023=100",1990-10-01,1990-12-31,STATCAN_BCPI_18100289,inferred,1990-12-31,TR_AIIO_BCPI_PROVINCE_LINKED_CMA_BACKCAST_0_1,province_linked_cma_backcast;not_official_provincial_observation;reference_cma=CMA_535;anchor_period=2017-03-31
OBS_BCPI_BACKCAST_40E7798D994685C631BE,BCPI_INSTITUTIONAL_BUILDINGS_62213_DIVISION_COMPOSITE,PR_35,Ontario,2021S0503535,32.147697,"Index, 2023=100",1991-01-01,1991-03-31,STATCAN_BCPI_18100289,inferred,1991-03-31,TR_AIIO_BCPI_PROVINCE_LINKED_CMA_BACKCAST_0_1,province_linked_cma_backcast;not_official_provincial_observation;reference_cma=CMA_535;anchor_period=2017-03-31
OBS_BCPI_BACKCAST_6E4780948CE58FB955EF,BCPI_INSTITUTIONAL_BUILDINGS_62213_DIVISION_COMPOSITE,PR_35,Ontario,2021S0503535,31.9474,"Index, 2023=100",1991-04-01,1991-06-30,STATCAN_BCPI_18100289,inferred,1991-06-30,TR_AIIO_BCPI_PROVINCE_LINKED_CMA_BACKCAST_0_1,province_linked_cma_backcast;not_official_provincial_observation;reference_cma=CMA_535;anchor_period=2017-03-31
OBS_BCPI_BACKCAST_C48D4D201767AFDB7F61,BCPI_INSTITUTIONAL_BUILDINGS_62213_DIVISION_COMPOSITE,PR_35,Ontario,2021S0503535,32.047548,"Index, 2023=100",1991-07-01,1991-09-30,STATCAN_BCPI_18100289,inferred,1991-09-30,TR_AIIO_BCPI_PROVINCE_LINKED_CMA_BACKCAST_0_1,province_linked_cma_backcast;not_official_provincial_observation;reference_cma=CMA_535;anchor_period=2017-03-31
OBS_BCPI_BACKCAST_A4F7297E006771145395,BCPI_INSTITUTIONAL_BUILDINGS_62213_DIVISION_COMPOSITE,PR_35,Ontario,2021S0503535,31.9474,"Index, 2023=100",1991-10-01,1991-12-31,STATCAN_BCPI_18100289,inferred,1991-12-31,TR_AIIO_BCPI_PROVINCE_LINKED_CMA_BACKCAST_0_1,province_linked_cma_backcast;not_official_provincial_observation;reference_cma=CMA_535;anchor_period=2017-03-31
OBS_BCPI_BACKCAST_EE502B5689813EC94A41,BCPI_INSTITUTIONAL_BUILDINGS_62213_DIVISION_COMPOSITE,PR_35,Ontario,2021S0503535,31.9474,"Index, 2023=100",1992-01-01,1992-03-31,STATCAN_BCPI_18100289,inferred,1992-03-31,TR_AIIO_BCPI_PROVINCE_LINKED_CMA_BACKCAST_0_1,province_linked_cma_backcast;not_official_provincial_observation;reference_cma=CMA_535;anchor_period=2017-03-31
OBS_BCPI_BACKCAST_DBAD6DD6A118593008F3,BCPI_INSTITUTIONAL_BUILDINGS_62213_DIVISION_COMPOSITE,PR_35,Ontario,2021S0503535,31.9474,"Index, 2023=100",1992-04-01,1992-06-30,STATCAN_BCPI_18100289,inferred,1992-06-30,TR_AIIO_BCPI_PROVINCE_LINKED_CMA_BACKCAST_0_1,province_linked_cma_backcast;not_official_provincial_observation;reference_cma=CMA_535;anchor_period=2017-03-31
OBS_BCPI_BACKCAST_9F6DC112DF3F234F0A8B,BCPI_INSTITUTIONAL_BUILDINGS_62213_DIVISION_COMPOSITE,PR_35,Ontario,2021S0503535,31.9474,"Index, 2023=100",1992-07-01,1992-09-30,STATCAN_BCPI_18100289,inferred,1992-09-30,TR_AIIO_BCPI_PROVINCE_LINKED_CMA_BACKCAST_0_1,province_linked_cma_backcast;not_official_provincial_observation;reference_cma=CMA_535;anchor_period=2017-03-31
OBS_BCPI_BACKCAST_061BBDC9D32C4F699B46,BCPI_INSTITUTIONAL_BUILDINGS_62213_DIVISION_COMPOSITE,PR_35,Ontario,2021S0503535,32.047548,"Index, 2023=100",1992-10-01,1992-12-31,STATCAN_BCPI_18100289,inferred,1992-12-31,TR_AIIO_BCPI_PROVINCE_LINKED_CMA_BACKCAST_0_1,province_linked_cma_backcast;not_official_provincial_observation;reference_cma=CMA_535;anchor_period=2017-03-31
OBS_BCPI_BACKCAST_365B4A4D33DA5BF5F4CC,BCPI_INSTITUTIONAL_BUILDINGS_62213_DIVISION_COMPOSITE,PR_35,Ontario,2021S0503535,31.9474,"Index, 2023=100",1993-01-01,1993-03-31,STATCAN_BCPI_18100289,inferred,1993-03-31,TR_AIIO_BCPI_PROVINCE_LINKED_CMA_BACKCAST_0_1,province_linked_cma_backcast;not_official_provincial_observation;reference_cma=CMA_535;anchor_period=2017-03-31
OBS_BCPI_BACKCAST_7770B5275182B959A6FD,BCPI_INSTITUTIONAL_BUILDINGS_62213_DIVISION_COMPOSITE,PR_35,Ontario,2021S0503535,32.247845,"Index, 2023=100",1993-04-01,1993-06-30,STATCAN_BCPI_18100289,inferred,1993-06-30,TR_AIIO_BCPI_PROVINCE_LINKED_CMA_BACKCAST_0_1,province_linked_cma_backcast;not_official_provincial_observation;reference_cma=CMA_535;anchor_period=2017-03-31
OBS_BCPI_BACKCAST_C45005E042C01E2BC366,BCPI_INSTITUTIONAL_BUILDINGS_62213_DIVISION_COMPOSITE,PR_35,Ontario,2021S0503535,32.347994,"Index, 2023=100",1993-07-01,1993-09-30,STATCAN_BCPI_18100289,inferred,1993-09-30,TR_AIIO_BCPI_PROVINCE_LINKED_CMA_BACKCAST_0_1,province_linked_cma_backcast;not_official_provincial_observation;reference_cma=CMA_535;anchor_period=2017-03-31
OBS_BCPI_BACKCAST_38B65101358BB946ACDA,BCPI_INSTITUTIONAL_BUILDINGS_62213_DIVISION_COMPOSITE,PR_35,Ontario,2021S0503535,32.448143,"Index, 2023=100",1993-10-01,1993-12-31,STATCAN_BCPI_18100289,inferred,1993-12-31,TR_AIIO_BCPI_PROVINCE_LINKED_CMA_BACKCAST_0_1,province_linked_cma_backcast;not_official_provincial_observation;reference_cma=CMA_535;anchor_period=2017-03-31
OBS_BCPI_BACKCAST_1FE7663339C5F861D1BB,BCPI_INSTITUTIONAL_BUILDINGS_62213_DIVISION_COMPOSITE,PR_35,Ontario,2021S0503535,32.448143,"Index, 2023=100",1994-01-01,1994-03-31,STATCAN_BCPI_18100289,inferred,1994-03-31,TR_AIIO_BCPI_PROVINCE_LINKED_CMA_BACKCAST_0_1,province_linked_cma_backcast;not_official_provincial_observation;reference_cma=CMA_535;anchor_period=2017-03-31
OBS_BCPI_BACKCAST_14D02998BFCD8C6DEC7B,BCPI_INSTITUTIONAL_BUILDINGS_62213_DIVISION_COMPOSITE,PR_35,Ontario,2021S0503535,33.049034,"Index, 2023=100",1994-04-01,1994-06-30,STATCAN_BCPI_18100289,inferred,1994-06-30,TR_AIIO_BCPI_PROVINCE_LINKED_CMA_BACKCAST_0_1,province_linked_cma_backcast;not_official_provincial_observation;reference_cma=CMA_535;anchor_period=2017-03-31
OBS_BCPI_BACKCAST_167141AB1B400BD66FD5,BCPI_INSTITUTIONAL_BUILDINGS_62213_DIVISION_COMPOSITE,PR_35,Ontario,2021S0503535,33.449629,"Index, 2023=100",1994-07-01,1994-09-30,STATCAN_BCPI_18100289,inferred,1994-09-30,TR_AIIO_BCPI_PROVINCE_LINKED_CMA_BACKCAST_0_1,province_linked_cma_backcast;not_official_provincial_observation;reference_cma=CMA_535;anchor_period=2017-03-31
OBS_BCPI_BACKCAST_F755091322E9DA8A704C,BCPI_INSTITUTIONAL_BUILDINGS_62213_DIVISION_COMPOSITE,PR_35,Ontario,2021S0503535,33.649926,"Index, 2023=100",1994-10-01,1994-12-31,STATCAN_BCPI_18100289,inferred,1994-12-31,TR_AIIO_BCPI_PROVINCE_LINKED_CMA_BACKCAST_0_1,province_linked_cma_backcast;not_official_provincial_observation;reference_cma=CMA_535;anchor_period=2017-03-31
OBS_BCPI_BACKCAST_546C915D244141527F42,BCPI_INSTITUTIONAL_BUILDINGS_62213_DIVISION_COMPOSITE,PR_35,Ontario,2021S0503535,33.950371,"Index, 2023=100",1995-01-01,1995-03-31,STATCAN_BCPI_18100289,inferred,1995-03-31,TR_AIIO_BCPI_PROVINCE_LINKED_CMA_BACKCAST_0_1,province_linked_cma_backcast;not_official_provincial_observation;reference_cma=CMA_535;anchor_period=2017-03-31
OBS_BCPI_BACKCAST_4BB204964C0C5C93D19D,BCPI_INSTITUTIONAL_BUILDINGS_62213_DIVISION_COMPOSITE,PR_35,Ontario,2021S0503535,33.950371,"Index, 2023=100",1995-04-01,1995-06-30,STATCAN_BCPI_18100289,inferred,1995-06-30,TR_AIIO_BCPI_PROVINCE_LINKED_CMA_BACKCAST_0_1,province_linked_cma_backcast;not_official_provincial_observation;reference_cma=CMA_535;anchor_period=2017-03-31
OBS_BCPI_BACKCAST_F222E1B987ED9A3B3B72,BCPI_INSTITUTIONAL_BUILDINGS_62213_DIVISION_COMPOSITE,PR_35,Ontario,2021S0503535,34.250817,"Index, 2023=100",1995-07-01,1995-09-30,STATCAN_BCPI_18100289,inferred,1995-09-30,TR_AIIO_BCPI_PROVINCE_LINKED_CMA_BACKCAST_0_1,province_linked_cma_backcast;not_official_provincial_observation;reference_cma=CMA_535;anchor_period=2017-03-31
OBS_BCPI_BACKCAST_E6D22BF19C3F1F72938C,BCPI_INSTITUTIONAL_BUILDINGS_62213_DIVISION_COMPOSITE,PR_35,Ontario,2021S0503535,34.451114,"Index, 2023=100",1995-10-01,1995-12-31,STATCAN_BCPI_18100289,inferred,1995-12-31,TR_AIIO_BCPI_PROVINCE_LINKED_CMA_BACKCAST_0_1,province_linked_cma_backcast;not_official_provincial_observation;reference_cma=CMA_535;anchor_period=2017-03-31
OBS_BCPI_BACKCAST_D72CB32B836EE6B44603,BCPI_INSTITUTIONAL_BUILDINGS_62213_DIVISION_COMPOSITE,PR_35,Ontario,2021S0503535,34.551263,"Index, 2023=100",1996-01-01,1996-03-31,STATCAN_BCPI_18100289,inferred,1996-03-31,TR_AIIO_BCPI_PROVINCE_LINKED_CMA_BACKCAST_0_1,province_linked_cma_backcast;not_official_provincial_observation;reference_cma=CMA_535;anchor_period=2017-03-31
OBS_BCPI_BACKCAST_77755D5FAC6D82403A58,BCPI_INSTITUTIONAL_BUILDINGS_62213_DIVISION_COMPOSITE,PR_35,Ontario,2021S0503535,34.75156,"Index, 2023=100",1996-04-01,1996-06-30,STATCAN_BCPI_18100289,inferred,1996-06-30,TR_AIIO_BCPI_PROVINCE_LINKED_CMA_BACKCAST_0_1,province_linked_cma_backcast;not_official_provincial_observation;reference_cma=CMA_535;anchor_period=2017-03-31
OBS_BCPI_BACKCAST_DE4B57F521BE284F9A36,BCPI_INSTITUTIONAL_BUILDINGS_62213_DIVISION_COMPOSITE,PR_35,Ontario,2021S0503535,34.951857,"Index, 2023=100",1996-07-01,1996-09-30,STATCAN_BCPI_18100289,inferred,1996-09-30,TR_AIIO_BCPI_PROVINCE_LINKED_CMA_BACKCAST_0_1,province_linked_cma_backcast;not_official_provincial_observation;reference_cma=CMA_535;anchor_period=2017-03-31
OBS_BCPI_BACKCAST_204D6744E2D9337DF31D,BCPI_INSTITUTIONAL_BUILDINGS_62213_DIVISION_COMPOSITE,PR_35,Ontario,2021S0503535,35.052006,"Index, 2023=100",1996-10-01,1996-12-31,STATCAN_BCPI_18100289,inferred,1996-12-31,TR_AIIO_BCPI_PROVINCE_LINKED_CMA_BACKCAST_0_1,province_linked_cma_backcast;not_official_provincial_observation;reference_cma=CMA_535;anchor_period=2017-03-31
OBS_BCPI_BACKCAST_80153C6D75A450819333,BCPI_INSTITUTIONAL_BUILDINGS_62213_DIVISION_COMPOSITE,PR_35,Ontario,2021S0503535,35.252303,"Index, 2023=100",1997-01-01,1997-03-31,STATCAN_BCPI_18100289,inferred,1997-03-31,TR_AIIO_BCPI_PROVINCE_LINKED_CMA_BACKCAST_0_1,province_linked_cma_backcast;not_official_provincial_observation;reference_cma=CMA_535;anchor_period=2017-03-31
OBS_BCPI_BACKCAST_74074C06E7938170B98C,BCPI_INSTITUTIONAL_BUILDINGS_62213_DIVISION_COMPOSITE,PR_35,Ontario,2021S0503535,35.652897,"Index, 2023=100",1997-04-01,1997-06-30,STATCAN_BCPI_18100289,inferred,1997-06-30,TR_AIIO_BCPI_PROVINCE_LINKED_CMA_BACKCAST_0_1,province_linked_cma_backcast;not_official_provincial_observation;reference_cma=CMA_535;anchor_period=2017-03-31
OBS_BCPI_BACKCAST_785D5B692D50678F9D98,BCPI_INSTITUTIONAL_BUILDINGS_62213_DIVISION_COMPOSITE,PR_35,Ontario,2021S0503535,35.753046,"Index, 2023=100",1997-07-01,1997-09-30,STATCAN_BCPI_18100289,inferred,1997-09-30,TR_AIIO_BCPI_PROVINCE_LINKED_CMA_BACKCAST_0_1,province_linked_cma_backcast;not_official_provincial_observation;reference_cma=CMA_535;anchor_period=2017-03-31
OBS_BCPI_BACKCAST_03BB6A9863CF90E2F034,BCPI_INSTITUTIONAL_BUILDINGS_62213_DIVISION_COMPOSITE,PR_35,Ontario,2021S0503535,35.953343,"Index, 2023=100",1997-10-01,1997-12-31,STATCAN_BCPI_18100289,inferred,1997-12-31,TR_AIIO_BCPI_PROVINCE_LINKED_CMA_BACKCAST_0_1,province_linked_cma_backcast;not_official_provincial_observation;reference_cma=CMA_535;anchor_period=2017-03-31
OBS_BCPI_BACKCAST_4A4E5E5DA1F5D3FF46C0,BCPI_INSTITUTIONAL_BUILDINGS_62213_DIVISION_COMPOSITE,PR_35,Ontario,2021S0503535,35.953343,"Index, 2023=100",1998-01-01,1998-03-31,STATCAN_BCPI_18100289,inferred,1998-03-31,TR_AIIO_BCPI_PROVINCE_LINKED_CMA_BACKCAST_0_1,province_linked_cma_backcast;not_official_provincial_observation;reference_cma=CMA_535;anchor_period=2017-03-31
OBS_BCPI_BACKCAST_E66FE5E6D9EB1FB4CCA8,BCPI_INSTITUTIONAL_BUILDINGS_62213_DIVISION_COMPOSITE,PR_35,Ontario,2021S0503535,36.15364,"Index, 2023=100",1998-04-01,1998-06-30,STATCAN_BCPI_18100289,inferred,1998-06-30,TR_AIIO_BCPI_PROVINCE_LINKED_CMA_BACKCAST_0_1,province_linked_cma_backcast;not_official_provincial_observation;reference_cma=CMA_535;anchor_period=2017-03-31
OBS_BCPI_BACKCAST_00481DC66C492F845318,BCPI_INSTITUTIONAL_BUILDINGS_62213_DIVISION_COMPOSITE,PR_35,Ontario,2021S0503535,36.353938,"Index, 2023=100",1998-07-01,1998-09-30,STATCAN_BCPI_18100289,inferred,1998-09-30,TR_AIIO_BCPI_PROVINCE_LINKED_CMA_BACKCAST_0_1,province_linked_cma_backcast;not_official_provincial_observation;reference_cma=CMA_535;anchor_period=2017-03-31
OBS_BCPI_BACKCAST_4BE5AEAF91CE4DDBB93C,BCPI_INSTITUTIONAL_BUILDINGS_62213_DIVISION_COMPOSITE,PR_35,Ontario,2021S0503535,36.554235,"Index, 2023=100",1998-10-01,1998-12-31,STATCAN_BCPI_18100289,inferred,1998-12-31,TR_AIIO_BCPI_PROVINCE_LINKED_CMA_BACKCAST_0_1,province_linked_cma_backcast;not_official_provincial_observation;reference_cma=CMA_535;anchor_period=2017-03-31
OBS_BCPI_BACKCAST_218B5B7127529178DDA3,BCPI_INSTITUTIONAL_BUILDINGS_62213_DIVISION_COMPOSITE,PR_35,Ontario,2021S0503535,36.654383,"Index, 2023=100",1999-01-01,1999-03-31,STATCAN_BCPI_18100289,inferred,1999-03-31,TR_AIIO_BCPI_PROVINCE_LINKED_CMA_BACKCAST_0_1,province_linked_cma_backcast;not_official_provincial_observation;reference_cma=CMA_535;anchor_period=2017-03-31
OBS_BCPI_BACKCAST_192E6CBA818DA3A95B35,BCPI_INSTITUTIONAL_BUILDINGS_62213_DIVISION_COMPOSITE,PR_35,Ontario,2021S0503535,36.954829,"Index, 2023=100",1999-04-01,1999-06-30,STATCAN_BCPI_18100289,inferred,1999-06-30,TR_AIIO_BCPI_PROVINCE_LINKED_CMA_BACKCAST_0_1,province_linked_cma_backcast;not_official_provincial_observation;reference_cma=CMA_535;anchor_period=2017-03-31
OBS_BCPI_BACKCAST_882748F19A896C27470E,BCPI_INSTITUTIONAL_BUILDINGS_62213_DIVISION_COMPOSITE,PR_35,Ontario,2021S0503535,37.255275,"Index, 2023=100",1999-07-01,1999-09-30,STATCAN_BCPI_18100289,inferred,1999-09-30,TR_AIIO_BCPI_PROVINCE_LINKED_CMA_BACKCAST_0_1,province_linked_cma_backcast;not_official_provincial_observation;reference_cma=CMA_535;anchor_period=2017-03-31
OBS_BCPI_BACKCAST_D2384C25960CCD2C8778,BCPI_INSTITUTIONAL_BUILDINGS_62213_DIVISION_COMPOSITE,PR_35,Ontario,2021S0503535,37.455572,"Index, 2023=100",1999-10-01,1999-12-31,STATCAN_BCPI_18100289,inferred,1999-12-31,TR_AIIO_BCPI_PROVINCE_LINKED_CMA_BACKCAST_0_1,province_linked_cma_backcast;not_official_provincial_observation;reference_cma=CMA_535;anchor_period=2017-03-31
OBS_BCPI_BACKCAST_927E031DDD1CC178E448,BCPI_INSTITUTIONAL_BUILDINGS_62213_DIVISION_COMPOSITE,PR_35,Ontario,2021S0503535,37.856166,"Index, 2023=100",2000-01-01,2000-03-31,STATCAN_BCPI_18100289,inferred,2000-03-31,TR_AIIO_BCPI_PROVINCE_LINKED_CMA_BACKCAST_0_1,province_linked_cma_backcast;not_official_provincial_observation;reference_cma=CMA_535;anchor_period=2017-03-31
OBS_BCPI_BACKCAST_2D8D91CBA7B15B4ABB88,BCPI_INSTITUTIONAL_BUILDINGS_62213_DIVISION_COMPOSITE,PR_35,Ontario,2021S0503535,39.358395,"Index, 2023=100",2000-04-01,2000-06-30,STATCAN_BCPI_18100289,inferred,2000-06-30,TR_AIIO_BCPI_PROVINCE_LINKED_CMA_BACKCAST_0_1,province_linked_cma_backcast;not_official_provincial_observation;reference_cma=CMA_535;anchor_period=2017-03-31
OBS_BCPI_BACKCAST_297C950DEF52EA4541E5,BCPI_INSTITUTIONAL_BUILDINGS_62213_DIVISION_COMPOSITE,PR_35,Ontario,2021S0503535,39.959287,"Index, 2023=100",2000-07-01,2000-09-30,STATCAN_BCPI_18100289,inferred,2000-09-30,TR_AIIO_BCPI_PROVINCE_LINKED_CMA_BACKCAST_0_1,province_linked_cma_backcast;not_official_provincial_observation;reference_cma=CMA_535;anchor_period=2017-03-31
OBS_BCPI_BACKCAST_9581706FE4B72B3DE489,BCPI_INSTITUTIONAL_BUILDINGS_62213_DIVISION_COMPOSITE,PR_35,Ontario,2021S0503535,40.560178,"Index, 2023=100",2000-10-01,2000-12-31,STATCAN_BCPI_18100289,inferred,2000-12-31,TR_AIIO_BCPI_PROVINCE_LINKED_CMA_BACKCAST_0_1,province_linked_cma_backcast;not_official_provincial_observation;reference_cma=CMA_535;anchor_period=2017-03-31
OBS_BCPI_BACKCAST_B08E46361C603749C467,BCPI_INSTITUTIONAL_BUILDINGS_62213_DIVISION_COMPOSITE,PR_35,Ontario,2021S0503535,40.660327,"Index, 2023=100",2001-01-01,2001-03-31,STATCAN_BCPI_18100289,inferred,2001-03-31,TR_AIIO_BCPI_PROVINCE_LINKED_CMA_BACKCAST_0_1,province_linked_cma_backcast;not_official_provincial_observation;reference_cma=CMA_535;anchor_period=2017-03-31
OBS_BCPI_BACKCAST_78CBB4627AA8CEA4618B,BCPI_INSTITUTIONAL_BUILDINGS_62213_DIVISION_COMPOSITE,PR_35,Ontario,2021S0503535,41.261218,"Index, 2023=100",2001-04-01,2001-06-30,STATCAN_BCPI_18100289,inferred,2001-06-30,TR_AIIO_BCPI_PROVINCE_LINKED_CMA_BACKCAST_0_1,province_linked_cma_backcast;not_official_provincial_observation;reference_cma=CMA_535;anchor_period=2017-03-31
OBS_BCPI_BACKCAST_F9051FA2A9DFDB0D0777,BCPI_INSTITUTIONAL_BUILDINGS_62213_DIVISION_COMPOSITE,PR_35,Ontario,2021S0503535,41.261218,"Index, 2023=100",2001-07-01,2001-09-30,STATCAN_BCPI_18100289,inferred,2001-09-30,TR_AIIO_BCPI_PROVINCE_LINKED_CMA_BACKCAST_0_1,province_linked_cma_backcast;not_official_provincial_observation;reference_cma=CMA_535;anchor_period=2017-03-31
OBS_BCPI_BACKCAST_D41E3FD936D52A602604,BCPI_INSTITUTIONAL_BUILDINGS_62213_DIVISION_COMPOSITE,PR_35,Ontario,2021S0503535,40.960773,"Index, 2023=100",2001-10-01,2001-12-31,STATCAN_BCPI_18100289,inferred,2001-12-31,TR_AIIO_BCPI_PROVINCE_LINKED_CMA_BACKCAST_0_1,province_linked_cma_backcast;not_official_provincial_observation;reference_cma=CMA_535;anchor_period=2017-03-31
OBS_BCPI_BACKCAST_FB8D0D01A53CCD7BCCA8,BCPI_INSTITUTIONAL_BUILDINGS_62213_DIVISION_COMPOSITE,PR_35,Ontario,2021S0503535,41.361367,"Index, 2023=100",2002-01-01,2002-03-31,STATCAN_BCPI_18100289,inferred,2002-03-31,TR_AIIO_BCPI_PROVINCE_LINKED_CMA_BACKCAST_0_1,province_linked_cma_backcast;not_official_provincial_observation;reference_cma=CMA_535;anchor_period=2017-03-31
OBS_BCPI_BACKCAST_6803FD1A78DDC03C51F3,BCPI_INSTITUTIONAL_BUILDINGS_62213_DIVISION_COMPOSITE,PR_35,Ontario,2021S0503535,41.461516,"Index, 2023=100",2002-04-01,2002-06-30,STATCAN_BCPI_18100289,inferred,2002-06-30,TR_AIIO_BCPI_PROVINCE_LINKED_CMA_BACKCAST_0_1,province_linked_cma_backcast;not_official_provincial_observation;reference_cma=CMA_535;anchor_period=2017-03-31
OBS_BCPI_BACKCAST_809C3C1326A4AE6A0DA5,BCPI_INSTITUTIONAL_BUILDINGS_62213_DIVISION_COMPOSITE,PR_35,Ontario,2021S0503535,41.661813,"Index, 2023=100",2002-07-01,2002-09-30,STATCAN_BCPI_18100289,inferred,2002-09-30,TR_AIIO_BCPI_PROVINCE_LINKED_CMA_BACKCAST_0_1,province_linked_cma_backcast;not_official_provincial_observation;reference_cma=CMA_535;anchor_period=2017-03-31
OBS_BCPI_BACKCAST_CEC524286B7102C9AEDA,BCPI_INSTITUTIONAL_BUILDINGS_62213_DIVISION_COMPOSITE,PR_35,Ontario,2021S0503535,41.86211,"Index, 2023=100",2002-10-01,2002-12-31,STATCAN_BCPI_18100289,inferred,2002-12-31,TR_AIIO_BCPI_PROVINCE_LINKED_CMA_BACKCAST_0_1,province_linked_cma_backcast;not_official_provincial_observation;reference_cma=CMA_535;anchor_period=2017-03-31
OBS_BCPI_BACKCAST_C96F1286B25CF4DC6667,BCPI_INSTITUTIONAL_BUILDINGS_62213_DIVISION_COMPOSITE,PR_35,Ontario,2021S0503535,42.56315,"Index, 2023=100",2003-01-01,2003-03-31,STATCAN_BCPI_18100289,inferred,2003-03-31,TR_AIIO_BCPI_PROVINCE_LINKED_CMA_BACKCAST_0_1,province_linked_cma_backcast;not_official_provincial_observation;reference_cma=CMA_535;anchor_period=2017-03-31
OBS_BCPI_BACKCAST_53642912EB18C739A423,BCPI_INSTITUTIONAL_BUILDINGS_62213_DIVISION_COMPOSITE,PR_35,Ontario,2021S0503535,42.963744,"Index, 2023=100",2003-04-01,2003-06-30,STATCAN_BCPI_18100289,inferred,2003-06-30,TR_AIIO_BCPI_PROVINCE_LINKED_CMA_BACKCAST_0_1,province_linked_cma_backcast;not_official_provincial_observation;reference_cma=CMA_535;anchor_period=2017-03-31
OBS_BCPI_BACKCAST_DABFBAF7008DA8FC5886,BCPI_INSTITUTIONAL_BUILDINGS_62213_DIVISION_COMPOSITE,PR_35,Ontario,2021S0503535,43.26419,"Index, 2023=100",2003-07-01,2003-09-30,STATCAN_BCPI_18100289,inferred,2003-09-30,TR_AIIO_BCPI_PROVINCE_LINKED_CMA_BACKCAST_0_1,province_linked_cma_backcast;not_official_provincial_observation;reference_cma=CMA_535;anchor_period=2017-03-31
OBS_BCPI_BACKCAST_8D65E570750EE3B440CF,BCPI_INSTITUTIONAL_BUILDINGS_62213_DIVISION_COMPOSITE,PR_35,Ontario,2021S0503535,43.464487,"Index, 2023=100",2003-10-01,2003-12-31,STATCAN_BCPI_18100289,inferred,2003-12-31,TR_AIIO_BCPI_PROVINCE_LINKED_CMA_BACKCAST_0_1,province_linked_cma_backcast;not_official_provincial_observation;reference_cma=CMA_535;anchor_period=2017-03-31
OBS_BCPI_BACKCAST_50D3322BAA21C4B3E8C1,BCPI_INSTITUTIONAL_BUILDINGS_62213_DIVISION_COMPOSITE,PR_35,Ontario,2021S0503535,44.365825,"Index, 2023=100",2004-01-01,2004-03-31,STATCAN_BCPI_18100289,inferred,2004-03-31,TR_AIIO_BCPI_PROVINCE_LINKED_CMA_BACKCAST_0_1,province_linked_cma_backcast;not_official_provincial_observation;reference_cma=CMA_535;anchor_period=2017-03-31
OBS_BCPI_BACKCAST_981BCD97D21A38CAD3A2,BCPI_INSTITUTIONAL_BUILDINGS_62213_DIVISION_COMPOSITE,PR_35,Ontario,2021S0503535,45.367311,"Index, 2023=100",2004-04-01,2004-06-30,STATCAN_BCPI_18100289,inferred,2004-06-30,TR_AIIO_BCPI_PROVINCE_LINKED_CMA_BACKCAST_0_1,province_linked_cma_backcast;not_official_provincial_observation;reference_cma=CMA_535;anchor_period=2017-03-31
OBS_BCPI_BACKCAST_C864DDEF2AE363CABFB0,BCPI_INSTITUTIONAL_BUILDINGS_62213_DIVISION_COMPOSITE,PR_35,Ontario,2021S0503535,46.468945,"Index, 2023=100",2004-07-01,2004-09-30,STATCAN_BCPI_18100289,inferred,2004-09-30,TR_AIIO_BCPI_PROVINCE_LINKED_CMA_BACKCAST_0_1,province_linked_cma_backcast;not_official_provincial_observation;reference_cma=CMA_535;anchor_period=2017-03-31
OBS_BCPI_BACKCAST_D33C33D6E9DD335A0FD5,BCPI_INSTITUTIONAL_BUILDINGS_62213_DIVISION_COMPOSITE,PR_35,Ontario,2021S0503535,46.969688,"Index, 2023=100",2004-10-01,2004-12-31,STATCAN_BCPI_18100289,inferred,2004-12-31,TR_AIIO_BCPI_PROVINCE_LINKED_CMA_BACKCAST_0_1,province_linked_cma_backcast;not_official_provincial_observation;reference_cma=CMA_535;anchor_period=2017-03-31
OBS_BCPI_BACKCAST_CD0E65E771152A76D8E0,BCPI_INSTITUTIONAL_BUILDINGS_62213_DIVISION_COMPOSITE,PR_35,Ontario,2021S0503535,46.969688,"Index, 2023=100",2005-01-01,2005-03-31,STATCAN_BCPI_18100289,inferred,2005-03-31,TR_AIIO_BCPI_PROVINCE_LINKED_CMA_BACKCAST_0_1,province_linked_cma_backcast;not_official_provincial_observation;reference_cma=CMA_535;anchor_period=2017-03-31
OBS_BCPI_BACKCAST_839B51022F5119D3FA62,BCPI_INSTITUTIONAL_BUILDINGS_62213_DIVISION_COMPOSITE,PR_35,Ontario,2021S0503535,47.570579,"Index, 2023=100",2005-04-01,2005-06-30,STATCAN_BCPI_18100289,inferred,2005-06-30,TR_AIIO_BCPI_PROVINCE_LINKED_CMA_BACKCAST_0_1,province_linked_cma_backcast;not_official_provincial_observation;reference_cma=CMA_535;anchor_period=2017-03-31
OBS_BCPI_BACKCAST_F54E5A57A5E165395949,BCPI_INSTITUTIONAL_BUILDINGS_62213_DIVISION_COMPOSITE,PR_35,Ontario,2021S0503535,48.471917,"Index, 2023=100",2005-07-01,2005-09-30,STATCAN_BCPI_18100289,inferred,2005-09-30,TR_AIIO_BCPI_PROVINCE_LINKED_CMA_BACKCAST_0_1,province_linked_cma_backcast;not_official_provincial_observation;reference_cma=CMA_535;anchor_period=2017-03-31
OBS_BCPI_BACKCAST_45B00A685AF628CB0A78,BCPI_INSTITUTIONAL_BUILDINGS_62213_DIVISION_COMPOSITE,PR_35,Ontario,2021S0503535,49.072808,"Index, 2023=100",2005-10-01,2005-12-31,STATCAN_BCPI_18100289,inferred,2005-12-31,TR_AIIO_BCPI_PROVINCE_LINKED_CMA_BACKCAST_0_1,province_linked_cma_backcast;not_official_provincial_observation;reference_cma=CMA_535;anchor_period=2017-03-31
OBS_BCPI_BACKCAST_92F15F198D2C9FF76A96,BCPI_INSTITUTIONAL_BUILDINGS_62213_DIVISION_COMPOSITE,PR_35,Ontario,2021S0503535,49.773848,"Index, 2023=100",2006-01-01,2006-03-31,STATCAN_BCPI_18100289,inferred,2006-03-31,TR_AIIO_BCPI_PROVINCE_LINKED_CMA_BACKCAST_0_1,province_linked_cma_backcast;not_official_provincial_observation;reference_cma=CMA_535;anchor_period=2017-03-31
OBS_BCPI_BACKCAST_3A722D5464E2D3D82027,BCPI_INSTITUTIONAL_BUILDINGS_62213_DIVISION_COMPOSITE,PR_35,Ontario,2021S0503535,50.675186,"Index, 2023=100",2006-04-01,2006-06-30,STATCAN_BCPI_18100289,inferred,2006-06-30,TR_AIIO_BCPI_PROVINCE_LINKED_CMA_BACKCAST_0_1,province_linked_cma_backcast;not_official_provincial_observation;reference_cma=CMA_535;anchor_period=2017-03-31
OBS_BCPI_BACKCAST_7BD17EC28F7F8E5839E7,BCPI_INSTITUTIONAL_BUILDINGS_62213_DIVISION_COMPOSITE,PR_35,Ontario,2021S0503535,51.676672,"Index, 2023=100",2006-07-01,2006-09-30,STATCAN_BCPI_18100289,inferred,2006-09-30,TR_AIIO_BCPI_PROVINCE_LINKED_CMA_BACKCAST_0_1,province_linked_cma_backcast;not_official_provincial_observation;reference_cma=CMA_535;anchor_period=2017-03-31
OBS_BCPI_BACKCAST_2319F7774D22C7813FC6,BCPI_INSTITUTIONAL_BUILDINGS_62213_DIVISION_COMPOSITE,PR_35,Ontario,2021S0503535,52.277563,"Index, 2023=100",2006-10-01,2006-12-31,STATCAN_BCPI_18100289,inferred,2006-12-31,TR_AIIO_BCPI_PROVINCE_LINKED_CMA_BACKCAST_0_1,province_linked_cma_backcast;not_official_provincial_observation;reference_cma=CMA_535;anchor_period=2017-03-31
OBS_BCPI_BACKCAST_F8620499ED18C525BBA7,BCPI_INSTITUTIONAL_BUILDINGS_62213_DIVISION_COMPOSITE,PR_35,Ontario,2021S0503535,52.978603,"Index, 2023=100",2007-01-01,2007-03-31,STATCAN_BCPI_18100289,inferred,2007-03-31,TR_AIIO_BCPI_PROVINCE_LINKED_CMA_BACKCAST_0_1,province_linked_cma_backcast;not_official_provincial_observation;reference_cma=CMA_535;anchor_period=2017-03-31
OBS_BCPI_BACKCAST_B45A613F2336BCF5DBA4,BCPI_INSTITUTIONAL_BUILDINGS_62213_DIVISION_COMPOSITE,PR_35,Ontario,2021S0503535,54.480832,"Index, 2023=100",2007-04-01,2007-06-30,STATCAN_BCPI_18100289,inferred,2007-06-30,TR_AIIO_BCPI_PROVINCE_LINKED_CMA_BACKCAST_0_1,province_linked_cma_backcast;not_official_provincial_observation;reference_cma=CMA_535;anchor_period=2017-03-31
OBS_BCPI_BACKCAST_F08F8E87E513EAF0D1AC,BCPI_INSTITUTIONAL_BUILDINGS_62213_DIVISION_COMPOSITE,PR_35,Ontario,2021S0503535,54.881426,"Index, 2023=100",2007-07-01,2007-09-30,STATCAN_BCPI_18100289,inferred,2007-09-30,TR_AIIO_BCPI_PROVINCE_LINKED_CMA_BACKCAST_0_1,province_linked_cma_backcast;not_official_provincial_observation;reference_cma=CMA_535;anchor_period=2017-03-31
OBS_BCPI_BACKCAST_40F520D34C836BF52DD6,BCPI_INSTITUTIONAL_BUILDINGS_62213_DIVISION_COMPOSITE,PR_35,Ontario,2021S0503535,55.282021,"Index, 2023=100",2007-10-01,2007-12-31,STATCAN_BCPI_18100289,inferred,2007-12-31,TR_AIIO_BCPI_PROVINCE_LINKED_CMA_BACKCAST_0_1,province_linked_cma_backcast;not_official_provincial_observation;reference_cma=CMA_535;anchor_period=2017-03-31
OBS_BCPI_BACKCAST_E1F2E7F9FC6B304B84A8,BCPI_INSTITUTIONAL_BUILDINGS_62213_DIVISION_COMPOSITE,PR_35,Ontario,2021S0503535,56.583952,"Index, 2023=100",2008-01-01,2008-03-31,STATCAN_BCPI_18100289,inferred,2008-03-31,TR_AIIO_BCPI_PROVINCE_LINKED_CMA_BACKCAST_0_1,province_linked_cma_backcast;not_official_provincial_observation;reference_cma=CMA_535;anchor_period=2017-03-31
OBS_BCPI_BACKCAST_68FC5D71BF30A1A4C5CB,BCPI_INSTITUTIONAL_BUILDINGS_62213_DIVISION_COMPOSITE,PR_35,Ontario,2021S0503535,59.688559,"Index, 2023=100",2008-04-01,2008-06-30,STATCAN_BCPI_18100289,inferred,2008-06-30,TR_AIIO_BCPI_PROVINCE_LINKED_CMA_BACKCAST_0_1,province_linked_cma_backcast;not_official_provincial_observation;reference_cma=CMA_535;anchor_period=2017-03-31
OBS_BCPI_BACKCAST_90F3BE04ADE5FB3C40F3,BCPI_INSTITUTIONAL_BUILDINGS_62213_DIVISION_COMPOSITE,PR_35,Ontario,2021S0503535,60.589896,"Index, 2023=100",2008-07-01,2008-09-30,STATCAN_BCPI_18100289,inferred,2008-09-30,TR_AIIO_BCPI_PROVINCE_LINKED_CMA_BACKCAST_0_1,province_linked_cma_backcast;not_official_provincial_observation;reference_cma=CMA_535;anchor_period=2017-03-31
OBS_BCPI_BACKCAST_3139ABDF18B189975E85,BCPI_INSTITUTIONAL_BUILDINGS_62213_DIVISION_COMPOSITE,PR_35,Ontario,2021S0503535,60.189302,"Index, 2023=100",2008-10-01,2008-12-31,STATCAN_BCPI_18100289,inferred,2008-12-31,TR_AIIO_BCPI_PROVINCE_LINKED_CMA_BACKCAST_0_1,province_linked_cma_backcast;not_official_provincial_observation;reference_cma=CMA_535;anchor_period=2017-03-31
OBS_BCPI_BACKCAST_9F78D339FDC89B8BDF85,BCPI_INSTITUTIONAL_BUILDINGS_62213_DIVISION_COMPOSITE,PR_35,Ontario,2021S0503535,59.287964,"Index, 2023=100",2009-01-01,2009-03-31,STATCAN_BCPI_18100289,inferred,2009-03-31,TR_AIIO_BCPI_PROVINCE_LINKED_CMA_BACKCAST_0_1,province_linked_cma_backcast;not_official_provincial_observation;reference_cma=CMA_535;anchor_period=2017-03-31
OBS_BCPI_BACKCAST_E66D7E07F6D9EFCB0474,BCPI_INSTITUTIONAL_BUILDINGS_62213_DIVISION_COMPOSITE,PR_35,Ontario,2021S0503535,58.88737,"Index, 2023=100",2009-04-01,2009-06-30,STATCAN_BCPI_18100289,inferred,2009-06-30,TR_AIIO_BCPI_PROVINCE_LINKED_CMA_BACKCAST_0_1,province_linked_cma_backcast;not_official_provincial_observation;reference_cma=CMA_535;anchor_period=2017-03-31
OBS_BCPI_BACKCAST_1A909B9FEAD27AD78D26,BCPI_INSTITUTIONAL_BUILDINGS_62213_DIVISION_COMPOSITE,PR_35,Ontario,2021S0503535,58.386627,"Index, 2023=100",2009-07-01,2009-09-30,STATCAN_BCPI_18100289,inferred,2009-09-30,TR_AIIO_BCPI_PROVINCE_LINKED_CMA_BACKCAST_0_1,province_linked_cma_backcast;not_official_provincial_observation;reference_cma=CMA_535;anchor_period=2017-03-31
OBS_BCPI_BACKCAST_1858859B5557CE4E72AC,BCPI_INSTITUTIONAL_BUILDINGS_62213_DIVISION_COMPOSITE,PR_35,Ontario,2021S0503535,58.18633,"Index, 2023=100",2009-10-01,2009-12-31,STATCAN_BCPI_18100289,inferred,2009-12-31,TR_AIIO_BCPI_PROVINCE_LINKED_CMA_BACKCAST_0_1,province_linked_cma_backcast;not_official_provincial_observation;reference_cma=CMA_535;anchor_period=2017-03-31
OBS_BCPI_BACKCAST_240C133FC0138CBF00D0,BCPI_INSTITUTIONAL_BUILDINGS_62213_DIVISION_COMPOSITE,PR_35,Ontario,2021S0503535,58.286478,"Index, 2023=100",2010-01-01,2010-03-31,STATCAN_BCPI_18100289,inferred,2010-03-31,TR_AIIO_BCPI_PROVINCE_LINKED_CMA_BACKCAST_0_1,province_linked_cma_backcast;not_official_provincial_observation;reference_cma=CMA_535;anchor_period=2017-03-31
OBS_BCPI_BACKCAST_DF7991F1C30BDAC12A6F,BCPI_INSTITUTIONAL_BUILDINGS_62213_DIVISION_COMPOSITE,PR_35,Ontario,2021S0503535,58.987519,"Index, 2023=100",2010-04-01,2010-06-30,STATCAN_BCPI_18100289,inferred,2010-06-30,TR_AIIO_BCPI_PROVINCE_LINKED_CMA_BACKCAST_0_1,province_linked_cma_backcast;not_official_provincial_observation;reference_cma=CMA_535;anchor_period=2017-03-31
OBS_BCPI_BACKCAST_975640FC828C32A8CE8A,BCPI_INSTITUTIONAL_BUILDINGS_62213_DIVISION_COMPOSITE,PR_35,Ontario,2021S0503535,59.187816,"Index, 2023=100",2010-07-01,2010-09-30,STATCAN_BCPI_18100289,inferred,2010-09-30,TR_AIIO_BCPI_PROVINCE_LINKED_CMA_BACKCAST_0_1,province_linked_cma_backcast;not_official_provincial_observation;reference_cma=CMA_535;anchor_period=2017-03-31
OBS_BCPI_BACKCAST_CE4BB52B2FFF3152BCDF,BCPI_INSTITUTIONAL_BUILDINGS_62213_DIVISION_COMPOSITE,PR_35,Ontario,2021S0503535,59.488262,"Index, 2023=100",2010-10-01,2010-12-31,STATCAN_BCPI_18100289,inferred,2010-12-31,TR_AIIO_BCPI_PROVINCE_LINKED_CMA_BACKCAST_0_1,province_linked_cma_backcast;not_official_provincial_observation;reference_cma=CMA_535;anchor_period=2017-03-31
OBS_BCPI_BACKCAST_5A6C34CA2A91D078756A,BCPI_INSTITUTIONAL_BUILDINGS_62213_DIVISION_COMPOSITE,PR_35,Ontario,2021S0503535,60.389599,"Index, 2023=100",2011-01-01,2011-03-31,STATCAN_BCPI_18100289,inferred,2011-03-31,TR_AIIO_BCPI_PROVINCE_LINKED_CMA_BACKCAST_0_1,province_linked_cma_backcast;not_official_provincial_observation;reference_cma=CMA_535;anchor_period=2017-03-31
OBS_BCPI_BACKCAST_E13422F27B918719C4DA,BCPI_INSTITUTIONAL_BUILDINGS_62213_DIVISION_COMPOSITE,PR_35,Ontario,2021S0503535,61.190788,"Index, 2023=100",2011-04-01,2011-06-30,STATCAN_BCPI_18100289,inferred,2011-06-30,TR_AIIO_BCPI_PROVINCE_LINKED_CMA_BACKCAST_0_1,province_linked_cma_backcast;not_official_provincial_observation;reference_cma=CMA_535;anchor_period=2017-03-31
OBS_BCPI_BACKCAST_A83E2444C26CE357B868,BCPI_INSTITUTIONAL_BUILDINGS_62213_DIVISION_COMPOSITE,PR_35,Ontario,2021S0503535,61.591382,"Index, 2023=100",2011-07-01,2011-09-30,STATCAN_BCPI_18100289,inferred,2011-09-30,TR_AIIO_BCPI_PROVINCE_LINKED_CMA_BACKCAST_0_1,province_linked_cma_backcast;not_official_provincial_observation;reference_cma=CMA_535;anchor_period=2017-03-31
OBS_BCPI_BACKCAST_9A70EDF50A6B338429E9,BCPI_INSTITUTIONAL_BUILDINGS_62213_DIVISION_COMPOSITE,PR_35,Ontario,2021S0503535,61.891828,"Index, 2023=100",2011-10-01,2011-12-31,STATCAN_BCPI_18100289,inferred,2011-12-31,TR_AIIO_BCPI_PROVINCE_LINKED_CMA_BACKCAST_0_1,province_linked_cma_backcast;not_official_provincial_observation;reference_cma=CMA_535;anchor_period=2017-03-31
OBS_BCPI_BACKCAST_7CEE9589E8C7ED4EAB31,BCPI_INSTITUTIONAL_BUILDINGS_62213_DIVISION_COMPOSITE,PR_35,Ontario,2021S0503535,62.292422,"Index, 2023=100",2012-01-01,2012-03-31,STATCAN_BCPI_18100289,inferred,2012-03-31,TR_AIIO_BCPI_PROVINCE_LINKED_CMA_BACKCAST_0_1,province_linked_cma_backcast;not_official_provincial_observation;reference_cma=CMA_535;anchor_period=2017-03-31
OBS_BCPI_BACKCAST_10DF386983BF03F15B6C,BCPI_INSTITUTIONAL_BUILDINGS_62213_DIVISION_COMPOSITE,PR_35,Ontario,2021S0503535,62.693016,"Index, 2023=100",2012-04-01,2012-06-30,STATCAN_BCPI_18100289,inferred,2012-06-30,TR_AIIO_BCPI_PROVINCE_LINKED_CMA_BACKCAST_0_1,province_linked_cma_backcast;not_official_provincial_observation;reference_cma=CMA_535;anchor_period=2017-03-31
OBS_BCPI_BACKCAST_5A930172F0B0470E9B68,BCPI_INSTITUTIONAL_BUILDINGS_62213_DIVISION_COMPOSITE,PR_35,Ontario,2021S0503535,62.793165,"Index, 2023=100",2012-07-01,2012-09-30,STATCAN_BCPI_18100289,inferred,2012-09-30,TR_AIIO_BCPI_PROVINCE_LINKED_CMA_BACKCAST_0_1,province_linked_cma_backcast;not_official_provincial_observation;reference_cma=CMA_535;anchor_period=2017-03-31
OBS_BCPI_BACKCAST_F27C93992BA46EAD8C6B,BCPI_INSTITUTIONAL_BUILDINGS_62213_DIVISION_COMPOSITE,PR_35,Ontario,2021S0503535,62.893314,"Index, 2023=100",2012-10-01,2012-12-31,STATCAN_BCPI_18100289,inferred,2012-12-31,TR_AIIO_BCPI_PROVINCE_LINKED_CMA_BACKCAST_0_1,province_linked_cma_backcast;not_official_provincial_observation;reference_cma=CMA_535;anchor_period=2017-03-31
OBS_BCPI_BACKCAST_5CE66F205B334DFC04A4,BCPI_INSTITUTIONAL_BUILDINGS_62213_DIVISION_COMPOSITE,PR_35,Ontario,2021S0503535,62.793165,"Index, 2023=100",2013-01-01,2013-03-31,STATCAN_BCPI_18100289,inferred,2013-03-31,TR_AIIO_BCPI_PROVINCE_LINKED_CMA_BACKCAST_0_1,province_linked_cma_backcast;not_official_provincial_observation;reference_cma=CMA_535;anchor_period=2017-03-31
OBS_BCPI_BACKCAST_E2A63C9E3A6751E7F7A1,BCPI_INSTITUTIONAL_BUILDINGS_62213_DIVISION_COMPOSITE,PR_35,Ontario,2021S0503535,62.793165,"Index, 2023=100",2013-04-01,2013-06-30,STATCAN_BCPI_18100289,inferred,2013-06-30,TR_AIIO_BCPI_PROVINCE_LINKED_CMA_BACKCAST_0_1,province_linked_cma_backcast;not_official_provincial_observation;reference_cma=CMA_535;anchor_period=2017-03-31
OBS_BCPI_BACKCAST_645E1DADA7ABC5703AFA,BCPI_INSTITUTIONAL_BUILDINGS_62213_DIVISION_COMPOSITE,PR_35,Ontario,2021S0503535,62.793165,"Index, 2023=100",2013-07-01,2013-09-30,STATCAN_BCPI_18100289,inferred,2013-09-30,TR_AIIO_BCPI_PROVINCE_LINKED_CMA_BACKCAST_0_1,province_linked_cma_backcast;not_official_provincial_observation;reference_cma=CMA_535;anchor_period=2017-03-31
OBS_BCPI_BACKCAST_43F8E720777473457A0E,BCPI_INSTITUTIONAL_BUILDINGS_62213_DIVISION_COMPOSITE,PR_35,Ontario,2021S0503535,62.893314,"Index, 2023=100",2013-10-01,2013-12-31,STATCAN_BCPI_18100289,inferred,2013-12-31,TR_AIIO_BCPI_PROVINCE_LINKED_CMA_BACKCAST_0_1,province_linked_cma_backcast;not_official_provincial_observation;reference_cma=CMA_535;anchor_period=2017-03-31
OBS_BCPI_BACKCAST_43FC2BA12D701707C1E6,BCPI_INSTITUTIONAL_BUILDINGS_62213_DIVISION_COMPOSITE,PR_35,Ontario,2021S0503535,63.193759,"Index, 2023=100",2014-01-01,2014-03-31,STATCAN_BCPI_18100289,inferred,2014-03-31,TR_AIIO_BCPI_PROVINCE_LINKED_CMA_BACKCAST_0_1,province_linked_cma_backcast;not_official_provincial_observation;reference_cma=CMA_535;anchor_period=2017-03-31
OBS_BCPI_BACKCAST_2408F4F8709DB9215017,BCPI_INSTITUTIONAL_BUILDINGS_62213_DIVISION_COMPOSITE,PR_35,Ontario,2021S0503535,63.694502,"Index, 2023=100",2014-04-01,2014-06-30,STATCAN_BCPI_18100289,inferred,2014-06-30,TR_AIIO_BCPI_PROVINCE_LINKED_CMA_BACKCAST_0_1,province_linked_cma_backcast;not_official_provincial_observation;reference_cma=CMA_535;anchor_period=2017-03-31
OBS_BCPI_BACKCAST_BA2F793F10C1D1590FEC,BCPI_INSTITUTIONAL_BUILDINGS_62213_DIVISION_COMPOSITE,PR_35,Ontario,2021S0503535,63.894799,"Index, 2023=100",2014-07-01,2014-09-30,STATCAN_BCPI_18100289,inferred,2014-09-30,TR_AIIO_BCPI_PROVINCE_LINKED_CMA_BACKCAST_0_1,province_linked_cma_backcast;not_official_provincial_observation;reference_cma=CMA_535;anchor_period=2017-03-31
OBS_BCPI_BACKCAST_E37098C60B97F39708B7,BCPI_INSTITUTIONAL_BUILDINGS_62213_DIVISION_COMPOSITE,PR_35,Ontario,2021S0503535,64.195245,"Index, 2023=100",2014-10-01,2014-12-31,STATCAN_BCPI_18100289,inferred,2014-12-31,TR_AIIO_BCPI_PROVINCE_LINKED_CMA_BACKCAST_0_1,province_linked_cma_backcast;not_official_provincial_observation;reference_cma=CMA_535;anchor_period=2017-03-31
OBS_BCPI_BACKCAST_A4395E6FCCB8A6CAE805,BCPI_INSTITUTIONAL_BUILDINGS_62213_DIVISION_COMPOSITE,PR_35,Ontario,2021S0503535,64.695988,"Index, 2023=100",2015-01-01,2015-03-31,STATCAN_BCPI_18100289,inferred,2015-03-31,TR_AIIO_BCPI_PROVINCE_LINKED_CMA_BACKCAST_0_1,province_linked_cma_backcast;not_official_provincial_observation;reference_cma=CMA_535;anchor_period=2017-03-31
OBS_BCPI_BACKCAST_C6C75C26DC64FCB5B7E4,BCPI_INSTITUTIONAL_BUILDINGS_62213_DIVISION_COMPOSITE,PR_35,Ontario,2021S0503535,64.896285,"Index, 2023=100",2015-04-01,2015-06-30,STATCAN_BCPI_18100289,inferred,2015-06-30,TR_AIIO_BCPI_PROVINCE_LINKED_CMA_BACKCAST_0_1,province_linked_cma_backcast;not_official_provincial_observation;reference_cma=CMA_535;anchor_period=2017-03-31
OBS_BCPI_BACKCAST_7E2EB9E38FB91B8E4E64,BCPI_INSTITUTIONAL_BUILDINGS_62213_DIVISION_COMPOSITE,PR_35,Ontario,2021S0503535,65.096582,"Index, 2023=100",2015-07-01,2015-09-30,STATCAN_BCPI_18100289,inferred,2015-09-30,TR_AIIO_BCPI_PROVINCE_LINKED_CMA_BACKCAST_0_1,province_linked_cma_backcast;not_official_provincial_observation;reference_cma=CMA_535;anchor_period=2017-03-31
OBS_BCPI_BACKCAST_86AE1AB4C846C261F316,BCPI_INSTITUTIONAL_BUILDINGS_62213_DIVISION_COMPOSITE,PR_35,Ontario,2021S0503535,65.397028,"Index, 2023=100",2015-10-01,2015-12-31,STATCAN_BCPI_18100289,inferred,2015-12-31,TR_AIIO_BCPI_PROVINCE_LINKED_CMA_BACKCAST_0_1,province_linked_cma_backcast;not_official_provincial_observation;reference_cma=CMA_535;anchor_period=2017-03-31
OBS_BCPI_BACKCAST_E2897C3CB8BD0099BBFB,BCPI_INSTITUTIONAL_BUILDINGS_62213_DIVISION_COMPOSITE,PR_35,Ontario,2021S0503535,65.597325,"Index, 2023=100",2016-01-01,2016-03-31,STATCAN_BCPI_18100289,inferred,2016-03-31,TR_AIIO_BCPI_PROVINCE_LINKED_CMA_BACKCAST_0_1,province_linked_cma_backcast;not_official_provincial_observation;reference_cma=CMA_535;anchor_period=2017-03-31
OBS_BCPI_BACKCAST_F02BAF9463A4C80660A1,BCPI_INSTITUTIONAL_BUILDINGS_62213_DIVISION_COMPOSITE,PR_35,Ontario,2021S0503535,66.498663,"Index, 2023=100",2016-04-01,2016-06-30,STATCAN_BCPI_18100289,inferred,2016-06-30,TR_AIIO_BCPI_PROVINCE_LINKED_CMA_BACKCAST_0_1,province_linked_cma_backcast;not_official_provincial_observation;reference_cma=CMA_535;anchor_period=2017-03-31
OBS_BCPI_BACKCAST_4599836776ED9B1D3B55,BCPI_INSTITUTIONAL_BUILDINGS_62213_DIVISION_COMPOSITE,PR_35,Ontario,2021S0503535,66.598811,"Index, 2023=100",2016-07-01,2016-09-30,STATCAN_BCPI_18100289,inferred,2016-09-30,TR_AIIO_BCPI_PROVINCE_LINKED_CMA_BACKCAST_0_1,province_linked_cma_backcast;not_official_provincial_observation;reference_cma=CMA_535;anchor_period=2017-03-31
OBS_BCPI_BACKCAST_54C80A3F20D77DF36367,BCPI_INSTITUTIONAL_BUILDINGS_62213_DIVISION_COMPOSITE,PR_35,Ontario,2021S0503535,67.099554,"Index, 2023=100",2016-10-01,2016-12-31,STATCAN_BCPI_18100289,inferred,2016-12-31,TR_AIIO_BCPI_PROVINCE_LINKED_CMA_BACKCAST_0_1,province_linked_cma_backcast;not_official_provincial_observation;reference_cma=CMA_535;anchor_period=2017-03-31
OBS_BCPI_A717D37830F6CE0C517D,BCPI_INSTITUTIONAL_BUILDINGS_62213_DIVISION_COMPOSITE,PR_35,Ontario,2021A000235,67.4,"Index, 2023=100",2017-01-01,2017-03-31,STATCAN_BCPI_18100289,observed,2017-03-31,TR_STATCAN_BCPI_BC_ON_QC_REFERENCE_CLASSES_1_0_0,
OBS_BCPI_2F16C2FCE1EF5502F5CD,BCPI_INSTITUTIONAL_BUILDINGS_62213_DIVISION_COMPOSITE,PR_35,Ontario,2021A000235,68.3,"Index, 2023=100",2017-04-01,2017-06-30,STATCAN_BCPI_18100289,observed,2017-06-30,TR_STATCAN_BCPI_BC_ON_QC_REFERENCE_CLASSES_1_0_0,
OBS_BCPI_8FC69896592D6A72A0DD,BCPI_INSTITUTIONAL_BUILDINGS_62213_DIVISION_COMPOSITE,PR_35,Ontario,2021A000235,68.6,"Index, 2023=100",2017-07-01,2017-09-30,STATCAN_BCPI_18100289,observed,2017-09-30,TR_STATCAN_BCPI_BC_ON_QC_REFERENCE_CLASSES_1_0_0,
OBS_BCPI_CB324C9AE39B632474EC,BCPI_INSTITUTIONAL_BUILDINGS_62213_DIVISION_COMPOSITE,PR_35,Ontario,2021A000235,68.9,"Index, 2023=100",2017-10-01,2017-12-31,STATCAN_BCPI_18100289,observed,2017-12-31,TR_STATCAN_BCPI_BC_ON_QC_REFERENCE_CLASSES_1_0_0,
OBS_BCPI_FF750B5C2F5A5E0E4AA3,BCPI_INSTITUTIONAL_BUILDINGS_62213_DIVISION_COMPOSITE,PR_35,Ontario,2021A000235,69.7,"Index, 2023=100",2018-01-01,2018-03-31,STATCAN_BCPI_18100289,observed,2018-03-31,TR_STATCAN_BCPI_BC_ON_QC_REFERENCE_CLASSES_1_0_0,
OBS_BCPI_F528ED944E0F12FFE79E,BCPI_INSTITUTIONAL_BUILDINGS_62213_DIVISION_COMPOSITE,PR_35,Ontario,2021A000235,71.0,"Index, 2023=100",2018-04-01,2018-06-30,STATCAN_BCPI_18100289,observed,2018-06-30,TR_STATCAN_BCPI_BC_ON_QC_REFERENCE_CLASSES_1_0_0,
OBS_BCPI_38251708107870FB88D1,BCPI_INSTITUTIONAL_BUILDINGS_62213_DIVISION_COMPOSITE,PR_35,Ontario,2021A000235,72.0,"Index, 2023=100",2018-07-01,2018-09-30,STATCAN_BCPI_18100289,observed,2018-09-30,TR_STATCAN_BCPI_BC_ON_QC_REFERENCE_CLASSES_1_0_0,
OBS_BCPI_BF6D81DC936004E0B267,BCPI_INSTITUTIONAL_BUILDINGS_62213_DIVISION_COMPOSITE,PR_35,Ontario,2021A000235,72.7,"Index, 2023=100",2018-10-01,2018-12-31,STATCAN_BCPI_18100289,observed,2018-12-31,TR_STATCAN_BCPI_BC_ON_QC_REFERENCE_CLASSES_1_0_0,
OBS_BCPI_577AB0CDCDA302DFDD55,BCPI_INSTITUTIONAL_BUILDINGS_62213_DIVISION_COMPOSITE,PR_35,Ontario,2021A000235,73.1,"Index, 2023=100",2019-01-01,2019-03-31,STATCAN_BCPI_18100289,observed,2019-03-31,TR_STATCAN_BCPI_BC_ON_QC_REFERENCE_CLASSES_1_0_0,
OBS_BCPI_9DBEFA0BAE044733B2AD,BCPI_INSTITUTIONAL_BUILDINGS_62213_DIVISION_COMPOSITE,PR_35,Ontario,2021A000235,73.6,"Index, 2023=100",2019-04-01,2019-06-30,STATCAN_BCPI_18100289,observed,2019-06-30,TR_STATCAN_BCPI_BC_ON_QC_REFERENCE_CLASSES_1_0_0,
OBS_BCPI_647BAFEEAEFCFE6FBFB4,BCPI_INSTITUTIONAL_BUILDINGS_62213_DIVISION_COMPOSITE,PR_35,Ontario,2021A000235,74.1,"Index, 2023=100",2019-07-01,2019-09-30,STATCAN_BCPI_18100289,observed,2019-09-30,TR_STATCAN_BCPI_BC_ON_QC_REFERENCE_CLASSES_1_0_0,
OBS_BCPI_4117A80CC37B38D381E6,BCPI_INSTITUTIONAL_BUILDINGS_62213_DIVISION_COMPOSITE,PR_35,Ontario,2021A000235,74.4,"Index, 2023=100",2019-10-01,2019-12-31,STATCAN_BCPI_18100289,observed,2019-12-31,TR_STATCAN_BCPI_BC_ON_QC_REFERENCE_CLASSES_1_0_0,
OBS_BCPI_6A5AB694FD83C7CBA2AE,BCPI_INSTITUTIONAL_BUILDINGS_62213_DIVISION_COMPOSITE,PR_35,Ontario,2021A000235,75.0,"Index, 2023=100",2020-01-01,2020-03-31,STATCAN_BCPI_18100289,observed,2020-03-31,TR_STATCAN_BCPI_BC_ON_QC_REFERENCE_CLASSES_1_0_0,
OBS_BCPI_063A1B20E6CD4BF36D4E,BCPI_INSTITUTIONAL_BUILDINGS_62213_DIVISION_COMPOSITE,PR_35,Ontario,2021A000235,75.3,"Index, 2023=100",2020-04-01,2020-06-30,STATCAN_BCPI_18100289,observed,2020-06-30,TR_STATCAN_BCPI_BC_ON_QC_REFERENCE_CLASSES_1_0_0,
OBS_BCPI_54ED54FB890ADEE97AD7,BCPI_INSTITUTIONAL_BUILDINGS_62213_DIVISION_COMPOSITE,PR_35,Ontario,2021A000235,76.0,"Index, 2023=100",2020-07-01,2020-09-30,STATCAN_BCPI_18100289,observed,2020-09-30,TR_STATCAN_BCPI_BC_ON_QC_REFERENCE_CLASSES_1_0_0,
OBS_BCPI_FF93603B1BEF8994EF7B,BCPI_INSTITUTIONAL_BUILDINGS_62213_DIVISION_COMPOSITE,PR_35,Ontario,2021A000235,76.1,"Index, 2023=100",2020-10-01,2020-12-31,STATCAN_BCPI_18100289,observed,2020-12-31,TR_STATCAN_BCPI_BC_ON_QC_REFERENCE_CLASSES_1_0_0,
OBS_BCPI_84D9D39D3DC425B7026E,BCPI_INSTITUTIONAL_BUILDINGS_62213_DIVISION_COMPOSITE,PR_35,Ontario,2021A000235,77.2,"Index, 2023=100",2021-01-01,2021-03-31,STATCAN_BCPI_18100289,observed,2021-03-31,TR_STATCAN_BCPI_BC_ON_QC_REFERENCE_CLASSES_1_0_0,
OBS_BCPI_E483156DF050F4607263,BCPI_INSTITUTIONAL_BUILDINGS_62213_DIVISION_COMPOSITE,PR_35,Ontario,2021A000235,80.8,"Index, 2023=100",2021-04-01,2021-06-30,STATCAN_BCPI_18100289,observed,2021-06-30,TR_STATCAN_BCPI_BC_ON_QC_REFERENCE_CLASSES_1_0_0,
OBS_BCPI_B4DC564524C88EFFEEB5,BCPI_INSTITUTIONAL_BUILDINGS_62213_DIVISION_COMPOSITE,PR_35,Ontario,2021A000235,83.9,"Index, 2023=100",2021-07-01,2021-09-30,STATCAN_BCPI_18100289,observed,2021-09-30,TR_STATCAN_BCPI_BC_ON_QC_REFERENCE_CLASSES_1_0_0,
OBS_BCPI_9B3B7B5DFFC5779F2269,BCPI_INSTITUTIONAL_BUILDINGS_62213_DIVISION_COMPOSITE,PR_35,Ontario,2021A000235,86.4,"Index, 2023=100",2021-10-01,2021-12-31,STATCAN_BCPI_18100289,observed,2021-12-31,TR_STATCAN_BCPI_BC_ON_QC_REFERENCE_CLASSES_1_0_0,
OBS_BCPI_0735E6C5E230FB2BED8E,BCPI_INSTITUTIONAL_BUILDINGS_62213_DIVISION_COMPOSITE,PR_35,Ontario,2021A000235,89.1,"Index, 2023=100",2022-01-01,2022-03-31,STATCAN_BCPI_18100289,observed,2022-03-31,TR_STATCAN_BCPI_BC_ON_QC_REFERENCE_CLASSES_1_0_0,
OBS_BCPI_EE16CC69EF4379711C6C,BCPI_INSTITUTIONAL_BUILDINGS_62213_DIVISION_COMPOSITE,PR_35,Ontario,2021A000235,92.6,"Index, 2023=100",2022-04-01,2022-06-30,STATCAN_BCPI_18100289,observed,2022-06-30,TR_STATCAN_BCPI_BC_ON_QC_REFERENCE_CLASSES_1_0_0,
OBS_BCPI_CB4DF550D1AA548154E6,BCPI_INSTITUTIONAL_BUILDINGS_62213_DIVISION_COMPOSITE,PR_35,Ontario,2021A000235,94.7,"Index, 2023=100",2022-07-01,2022-09-30,STATCAN_BCPI_18100289,observed,2022-09-30,TR_STATCAN_BCPI_BC_ON_QC_REFERENCE_CLASSES_1_0_0,
OBS_BCPI_26C3A5ED77E16D41A6DB,BCPI_INSTITUTIONAL_BUILDINGS_62213_DIVISION_COMPOSITE,PR_35,Ontario,2021A000235,96.5,"Index, 2023=100",2022-10-01,2022-12-31,STATCAN_BCPI_18100289,observed,2022-12-31,TR_STATCAN_BCPI_BC_ON_QC_REFERENCE_CLASSES_1_0_0,
OBS_BCPI_2BE37E7B3CBC2D7FD233,BCPI_INSTITUTIONAL_BUILDINGS_62213_DIVISION_COMPOSITE,PR_35,Ontario,2021A000235,98.1,"Index, 2023=100",2023-01-01,2023-03-31,STATCAN_BCPI_18100289,observed,2023-03-31,TR_STATCAN_BCPI_BC_ON_QC_REFERENCE_CLASSES_1_0_0,
OBS_BCPI_2185A50E38484A332E2C,BCPI_INSTITUTIONAL_BUILDINGS_62213_DIVISION_COMPOSITE,PR_35,Ontario,2021A000235,99.1,"Index, 2023=100",2023-04-01,2023-06-30,STATCAN_BCPI_18100289,observed,2023-06-30,TR_STATCAN_BCPI_BC_ON_QC_REFERENCE_CLASSES_1_0_0,
OBS_BCPI_FA69B1B815809E6FEA83,BCPI_INSTITUTIONAL_BUILDINGS_62213_DIVISION_COMPOSITE,PR_35,Ontario,2021A000235,101.1,"Index, 2023=100",2023-07-01,2023-09-30,STATCAN_BCPI_18100289,observed,2023-09-30,TR_STATCAN_BCPI_BC_ON_QC_REFERENCE_CLASSES_1_0_0,
OBS_BCPI_2577688AFB9C154512EE,BCPI_INSTITUTIONAL_BUILDINGS_62213_DIVISION_COMPOSITE,PR_35,Ontario,2021A000235,101.8,"Index, 2023=100",2023-10-01,2023-12-31,STATCAN_BCPI_18100289,observed,2023-12-31,TR_STATCAN_BCPI_BC_ON_QC_REFERENCE_CLASSES_1_0_0,
OBS_BCPI_B7AF7532E7D3C64437DD,BCPI_INSTITUTIONAL_BUILDINGS_62213_DIVISION_COMPOSITE,PR_35,Ontario,2021A000235,102.6,"Index, 2023=100",2024-01-01,2024-03-31,STATCAN_BCPI_18100289,observed,2024-03-31,TR_STATCAN_BCPI_BC_ON_QC_REFERENCE_CLASSES_1_0_0,
OBS_BCPI_05E9AA176099D29C06CB,BCPI_INSTITUTIONAL_BUILDINGS_62213_DIVISION_COMPOSITE,PR_35,Ontario,2021A000235,103.9,"Index, 2023=100",2024-04-01,2024-06-30,STATCAN_BCPI_18100289,observed,2024-06-30,TR_STATCAN_BCPI_BC_ON_QC_REFERENCE_CLASSES_1_0_0,
OBS_BCPI_DA9DFF4C13DBA5A7A729,BCPI_INSTITUTIONAL_BUILDINGS_62213_DIVISION_COMPOSITE,PR_35,Ontario,2021A000235,104.5,"Index, 2023=100",2024-07-01,2024-09-30,STATCAN_BCPI_18100289,observed,2024-09-30,TR_STATCAN_BCPI_BC_ON_QC_REFERENCE_CLASSES_1_0_0,
OBS_BCPI_FB66783270ABDD41538C,BCPI_INSTITUTIONAL_BUILDINGS_62213_DIVISION_COMPOSITE,PR_35,Ontario,2021A000235,105.5,"Index, 2023=100",2024-10-01,2024-12-31,STATCAN_BCPI_18100289,observed,2024-12-31,TR_STATCAN_BCPI_BC_ON_QC_REFERENCE_CLASSES_1_0_0,
OBS_BCPI_77BE6B2A5F2025F05B9F,BCPI_INSTITUTIONAL_BUILDINGS_62213_DIVISION_COMPOSITE,PR_35,Ontario,2021A000235,106.4,"Index, 2023=100",2025-01-01,2025-03-31,STATCAN_BCPI_18100289,observed,2025-03-31,TR_STATCAN_BCPI_BC_ON_QC_REFERENCE_CLASSES_1_0_0,
OBS_BCPI_E99222D7132DB75A87EB,BCPI_INSTITUTIONAL_BUILDINGS_62213_DIVISION_COMPOSITE,PR_35,Ontario,2021A000235,107.6,"Index, 2023=100",2025-04-01,2025-06-30,STATCAN_BCPI_18100289,observed,2025-06-30,TR_STATCAN_BCPI_BC_ON_QC_REFERENCE_CLASSES_1_0_0,
OBS_BCPI_B1BF3DAE89EA870DBCA9,BCPI_INSTITUTIONAL_BUILDINGS_62213_DIVISION_COMPOSITE,PR_35,Ontario,2021A000235,108.4,"Index, 2023=100",2025-07-01,2025-09-30,STATCAN_BCPI_18100289,observed,2025-09-30,TR_STATCAN_BCPI_BC_ON_QC_REFERENCE_CLASSES_1_0_0,
OBS_BCPI_B0B885BA1548F293A30C,BCPI_INSTITUTIONAL_BUILDINGS_62213_DIVISION_COMPOSITE,PR_35,Ontario,2021A000235,108.6,"Index, 2023=100",2025-10-01,2025-12-31,STATCAN_BCPI_18100289,observed,2025-12-31,TR_STATCAN_BCPI_BC_ON_QC_REFERENCE_CLASSES_1_0_0,
OBS_BCPI_E3500CAC9B7E471F0F0A,BCPI_INSTITUTIONAL_BUILDINGS_62213_DIVISION_COMPOSITE,PR_35,Ontario,2021A000235,108.2,"Index, 2023=100",2026-01-01,2026-03-31,STATCAN_BCPI_18100289,observed,2026-03-31,TR_STATCAN_BCPI_BC_ON_QC_REFERENCE_CLASSES_1_0_0,
OBS_BCPI_273A3CC3C54EB3C3EBEF,BCPI_INSTITUTIONAL_BUILDINGS_62213_DIVISION_COMPOSITE,PR_35,Ontario,2021A000235,109.5,"Index, 2023=100",2026-04-01,2026-06-30,STATCAN_BCPI_18100289,observed,2026-06-30,TR_STATCAN_BCPI_BC_ON_QC_REFERENCE_CLASSES_1_0_0,
OBS_BCPI_BACKCAST_BD48867C222A7A7598BB,BCPI_OFFICE_BUILDING_62212_DIVISION_COMPOSITE,PR_35,Ontario,2021S0503535,19,"Index, 2023=100",1981-01-01,1981-03-31,STATCAN_BCPI_18100289,inferred,1981-03-31,TR_AIIO_BCPI_PROVINCE_LINKED_CMA_BACKCAST_0_1,province_linked_cma_backcast;not_official_provincial_observation;reference_cma=CMA_535;anchor_period=2017-03-31
OBS_BCPI_BACKCAST_1A882CBAF6EB5B7631D4,BCPI_OFFICE_BUILDING_62212_DIVISION_COMPOSITE,PR_35,Ontario,2021S0503535,19.7,"Index, 2023=100",1981-04-01,1981-06-30,STATCAN_BCPI_18100289,inferred,1981-06-30,TR_AIIO_BCPI_PROVINCE_LINKED_CMA_BACKCAST_0_1,province_linked_cma_backcast;not_official_provincial_observation;reference_cma=CMA_535;anchor_period=2017-03-31
OBS_BCPI_BACKCAST_86B8D78DDE4A3EBFCA66,BCPI_OFFICE_BUILDING_62212_DIVISION_COMPOSITE,PR_35,Ontario,2021S0503535,20.2,"Index, 2023=100",1981-07-01,1981-09-30,STATCAN_BCPI_18100289,inferred,1981-09-30,TR_AIIO_BCPI_PROVINCE_LINKED_CMA_BACKCAST_0_1,province_linked_cma_backcast;not_official_provincial_observation;reference_cma=CMA_535;anchor_period=2017-03-31
OBS_BCPI_BACKCAST_D28469D9FFEE5FF56396,BCPI_OFFICE_BUILDING_62212_DIVISION_COMPOSITE,PR_35,Ontario,2021S0503535,21.2,"Index, 2023=100",1981-10-01,1981-12-31,STATCAN_BCPI_18100289,inferred,1981-12-31,TR_AIIO_BCPI_PROVINCE_LINKED_CMA_BACKCAST_0_1,province_linked_cma_backcast;not_official_provincial_observation;reference_cma=CMA_535;anchor_period=2017-03-31
OBS_BCPI_BACKCAST_F23BC14E78781CBB632B,BCPI_OFFICE_BUILDING_62212_DIVISION_COMPOSITE,PR_35,Ontario,2021S0503535,21.8,"Index, 2023=100",1982-01-01,1982-03-31,STATCAN_BCPI_18100289,inferred,1982-03-31,TR_AIIO_BCPI_PROVINCE_LINKED_CMA_BACKCAST_0_1,province_linked_cma_backcast;not_official_provincial_observation;reference_cma=CMA_535;anchor_period=2017-03-31
OBS_BCPI_BACKCAST_D58C2253836EBC0C6DB5,BCPI_OFFICE_BUILDING_62212_DIVISION_COMPOSITE,PR_35,Ontario,2021S0503535,21.9,"Index, 2023=100",1982-04-01,1982-06-30,STATCAN_BCPI_18100289,inferred,1982-06-30,TR_AIIO_BCPI_PROVINCE_LINKED_CMA_BACKCAST_0_1,province_linked_cma_backcast;not_official_provincial_observation;reference_cma=CMA_535;anchor_period=2017-03-31
OBS_BCPI_BACKCAST_7444A8662BCC3A520C0A,BCPI_OFFICE_BUILDING_62212_DIVISION_COMPOSITE,PR_35,Ontario,2021S0503535,22,"Index, 2023=100",1982-07-01,1982-09-30,STATCAN_BCPI_18100289,inferred,1982-09-30,TR_AIIO_BCPI_PROVINCE_LINKED_CMA_BACKCAST_0_1,province_linked_cma_backcast;not_official_provincial_observation;reference_cma=CMA_535;anchor_period=2017-03-31
OBS_BCPI_BACKCAST_19C99FACB0D93A5B6E6E,BCPI_OFFICE_BUILDING_62212_DIVISION_COMPOSITE,PR_35,Ontario,2021S0503535,22.1,"Index, 2023=100",1982-10-01,1982-12-31,STATCAN_BCPI_18100289,inferred,1982-12-31,TR_AIIO_BCPI_PROVINCE_LINKED_CMA_BACKCAST_0_1,province_linked_cma_backcast;not_official_provincial_observation;reference_cma=CMA_535;anchor_period=2017-03-31
OBS_BCPI_BACKCAST_D70622EA9E2A8F2AECAA,BCPI_OFFICE_BUILDING_62212_DIVISION_COMPOSITE,PR_35,Ontario,2021S0503535,22.1,"Index, 2023=100",1983-01-01,1983-03-31,STATCAN_BCPI_18100289,inferred,1983-03-31,TR_AIIO_BCPI_PROVINCE_LINKED_CMA_BACKCAST_0_1,province_linked_cma_backcast;not_official_provincial_observation;reference_cma=CMA_535;anchor_period=2017-03-31
OBS_BCPI_BACKCAST_4755870F303EB3CC7130,BCPI_OFFICE_BUILDING_62212_DIVISION_COMPOSITE,PR_35,Ontario,2021S0503535,22.7,"Index, 2023=100",1983-04-01,1983-06-30,STATCAN_BCPI_18100289,inferred,1983-06-30,TR_AIIO_BCPI_PROVINCE_LINKED_CMA_BACKCAST_0_1,province_linked_cma_backcast;not_official_provincial_observation;reference_cma=CMA_535;anchor_period=2017-03-31
OBS_BCPI_BACKCAST_8032A8F4FD75A23C3A1A,BCPI_OFFICE_BUILDING_62212_DIVISION_COMPOSITE,PR_35,Ontario,2021S0503535,23,"Index, 2023=100",1983-07-01,1983-09-30,STATCAN_BCPI_18100289,inferred,1983-09-30,TR_AIIO_BCPI_PROVINCE_LINKED_CMA_BACKCAST_0_1,province_linked_cma_backcast;not_official_provincial_observation;reference_cma=CMA_535;anchor_period=2017-03-31
OBS_BCPI_BACKCAST_664D5D13E2F6503AF063,BCPI_OFFICE_BUILDING_62212_DIVISION_COMPOSITE,PR_35,Ontario,2021S0503535,23.1,"Index, 2023=100",1983-10-01,1983-12-31,STATCAN_BCPI_18100289,inferred,1983-12-31,TR_AIIO_BCPI_PROVINCE_LINKED_CMA_BACKCAST_0_1,province_linked_cma_backcast;not_official_provincial_observation;reference_cma=CMA_535;anchor_period=2017-03-31
OBS_BCPI_BACKCAST_E294A600AE3A737EB396,BCPI_OFFICE_BUILDING_62212_DIVISION_COMPOSITE,PR_35,Ontario,2021S0503535,23.2,"Index, 2023=100",1984-01-01,1984-03-31,STATCAN_BCPI_18100289,inferred,1984-03-31,TR_AIIO_BCPI_PROVINCE_LINKED_CMA_BACKCAST_0_1,province_linked_cma_backcast;not_official_provincial_observation;reference_cma=CMA_535;anchor_period=2017-03-31
OBS_BCPI_BACKCAST_91E12462280DE5D7EABC,BCPI_OFFICE_BUILDING_62212_DIVISION_COMPOSITE,PR_35,Ontario,2021S0503535,23.3,"Index, 2023=100",1984-04-01,1984-06-30,STATCAN_BCPI_18100289,inferred,1984-06-30,TR_AIIO_BCPI_PROVINCE_LINKED_CMA_BACKCAST_0_1,province_linked_cma_backcast;not_official_provincial_observation;reference_cma=CMA_535;anchor_period=2017-03-31
OBS_BCPI_BACKCAST_FE55B10F8C6D7CD967DE,BCPI_OFFICE_BUILDING_62212_DIVISION_COMPOSITE,PR_35,Ontario,2021S0503535,23.4,"Index, 2023=100",1984-07-01,1984-09-30,STATCAN_BCPI_18100289,inferred,1984-09-30,TR_AIIO_BCPI_PROVINCE_LINKED_CMA_BACKCAST_0_1,province_linked_cma_backcast;not_official_provincial_observation;reference_cma=CMA_535;anchor_period=2017-03-31
OBS_BCPI_BACKCAST_F2F3A6F7D3F228E62FC5,BCPI_OFFICE_BUILDING_62212_DIVISION_COMPOSITE,PR_35,Ontario,2021S0503535,23.7,"Index, 2023=100",1984-10-01,1984-12-31,STATCAN_BCPI_18100289,inferred,1984-12-31,TR_AIIO_BCPI_PROVINCE_LINKED_CMA_BACKCAST_0_1,province_linked_cma_backcast;not_official_provincial_observation;reference_cma=CMA_535;anchor_period=2017-03-31
OBS_BCPI_BACKCAST_FF8C48AC3188760355C4,BCPI_OFFICE_BUILDING_62212_DIVISION_COMPOSITE,PR_35,Ontario,2021S0503535,23.9,"Index, 2023=100",1985-01-01,1985-03-31,STATCAN_BCPI_18100289,inferred,1985-03-31,TR_AIIO_BCPI_PROVINCE_LINKED_CMA_BACKCAST_0_1,province_linked_cma_backcast;not_official_provincial_observation;reference_cma=CMA_535;anchor_period=2017-03-31
OBS_BCPI_BACKCAST_E35CC586EC64E065D788,BCPI_OFFICE_BUILDING_62212_DIVISION_COMPOSITE,PR_35,Ontario,2021S0503535,24.4,"Index, 2023=100",1985-04-01,1985-06-30,STATCAN_BCPI_18100289,inferred,1985-06-30,TR_AIIO_BCPI_PROVINCE_LINKED_CMA_BACKCAST_0_1,province_linked_cma_backcast;not_official_provincial_observation;reference_cma=CMA_535;anchor_period=2017-03-31
OBS_BCPI_BACKCAST_C06D4B14F8C87F644726,BCPI_OFFICE_BUILDING_62212_DIVISION_COMPOSITE,PR_35,Ontario,2021S0503535,24.7,"Index, 2023=100",1985-07-01,1985-09-30,STATCAN_BCPI_18100289,inferred,1985-09-30,TR_AIIO_BCPI_PROVINCE_LINKED_CMA_BACKCAST_0_1,province_linked_cma_backcast;not_official_provincial_observation;reference_cma=CMA_535;anchor_period=2017-03-31
OBS_BCPI_BACKCAST_EC53C8BBE4C68CCD2459,BCPI_OFFICE_BUILDING_62212_DIVISION_COMPOSITE,PR_35,Ontario,2021S0503535,25,"Index, 2023=100",1985-10-01,1985-12-31,STATCAN_BCPI_18100289,inferred,1985-12-31,TR_AIIO_BCPI_PROVINCE_LINKED_CMA_BACKCAST_0_1,province_linked_cma_backcast;not_official_provincial_observation;reference_cma=CMA_535;anchor_period=2017-03-31
OBS_BCPI_BACKCAST_E8DBFEADA7C097C7777A,BCPI_OFFICE_BUILDING_62212_DIVISION_COMPOSITE,PR_35,Ontario,2021S0503535,25.2,"Index, 2023=100",1986-01-01,1986-03-31,STATCAN_BCPI_18100289,inferred,1986-03-31,TR_AIIO_BCPI_PROVINCE_LINKED_CMA_BACKCAST_0_1,province_linked_cma_backcast;not_official_provincial_observation;reference_cma=CMA_535;anchor_period=2017-03-31
OBS_BCPI_BACKCAST_7A4435B5F2A024026672,BCPI_OFFICE_BUILDING_62212_DIVISION_COMPOSITE,PR_35,Ontario,2021S0503535,25.6,"Index, 2023=100",1986-04-01,1986-06-30,STATCAN_BCPI_18100289,inferred,1986-06-30,TR_AIIO_BCPI_PROVINCE_LINKED_CMA_BACKCAST_0_1,province_linked_cma_backcast;not_official_provincial_observation;reference_cma=CMA_535;anchor_period=2017-03-31
OBS_BCPI_BACKCAST_D47ED85D193B68795EA4,BCPI_OFFICE_BUILDING_62212_DIVISION_COMPOSITE,PR_35,Ontario,2021S0503535,26.1,"Index, 2023=100",1986-07-01,1986-09-30,STATCAN_BCPI_18100289,inferred,1986-09-30,TR_AIIO_BCPI_PROVINCE_LINKED_CMA_BACKCAST_0_1,province_linked_cma_backcast;not_official_provincial_observation;reference_cma=CMA_535;anchor_period=2017-03-31
OBS_BCPI_BACKCAST_BEF5C036F7B197DD36FE,BCPI_OFFICE_BUILDING_62212_DIVISION_COMPOSITE,PR_35,Ontario,2021S0503535,26.8,"Index, 2023=100",1986-10-01,1986-12-31,STATCAN_BCPI_18100289,inferred,1986-12-31,TR_AIIO_BCPI_PROVINCE_LINKED_CMA_BACKCAST_0_1,province_linked_cma_backcast;not_official_provincial_observation;reference_cma=CMA_535;anchor_period=2017-03-31
OBS_BCPI_BACKCAST_B6852988FE94BDF25B35,BCPI_OFFICE_BUILDING_62212_DIVISION_COMPOSITE,PR_35,Ontario,2021S0503535,27.9,"Index, 2023=100",1987-01-01,1987-03-31,STATCAN_BCPI_18100289,inferred,1987-03-31,TR_AIIO_BCPI_PROVINCE_LINKED_CMA_BACKCAST_0_1,province_linked_cma_backcast;not_official_provincial_observation;reference_cma=CMA_535;anchor_period=2017-03-31
OBS_BCPI_BACKCAST_D0207A3D588684E125DA,BCPI_OFFICE_BUILDING_62212_DIVISION_COMPOSITE,PR_35,Ontario,2021S0503535,28.2,"Index, 2023=100",1987-04-01,1987-06-30,STATCAN_BCPI_18100289,inferred,1987-06-30,TR_AIIO_BCPI_PROVINCE_LINKED_CMA_BACKCAST_0_1,province_linked_cma_backcast;not_official_provincial_observation;reference_cma=CMA_535;anchor_period=2017-03-31
OBS_BCPI_BACKCAST_7740ADB306289154565E,BCPI_OFFICE_BUILDING_62212_DIVISION_COMPOSITE,PR_35,Ontario,2021S0503535,28.5,"Index, 2023=100",1987-07-01,1987-09-30,STATCAN_BCPI_18100289,inferred,1987-09-30,TR_AIIO_BCPI_PROVINCE_LINKED_CMA_BACKCAST_0_1,province_linked_cma_backcast;not_official_provincial_observation;reference_cma=CMA_535;anchor_period=2017-03-31
OBS_BCPI_BACKCAST_E4255EC90FA9D4BB0B31,BCPI_OFFICE_BUILDING_62212_DIVISION_COMPOSITE,PR_35,Ontario,2021S0503535,28.7,"Index, 2023=100",1987-10-01,1987-12-31,STATCAN_BCPI_18100289,inferred,1987-12-31,TR_AIIO_BCPI_PROVINCE_LINKED_CMA_BACKCAST_0_1,province_linked_cma_backcast;not_official_provincial_observation;reference_cma=CMA_535;anchor_period=2017-03-31
OBS_BCPI_BACKCAST_DE62DA2BD1365A043030,BCPI_OFFICE_BUILDING_62212_DIVISION_COMPOSITE,PR_35,Ontario,2021S0503535,29.2,"Index, 2023=100",1988-01-01,1988-03-31,STATCAN_BCPI_18100289,inferred,1988-03-31,TR_AIIO_BCPI_PROVINCE_LINKED_CMA_BACKCAST_0_1,province_linked_cma_backcast;not_official_provincial_observation;reference_cma=CMA_535;anchor_period=2017-03-31
OBS_BCPI_BACKCAST_32968D538D3354D10266,BCPI_OFFICE_BUILDING_62212_DIVISION_COMPOSITE,PR_35,Ontario,2021S0503535,30,"Index, 2023=100",1988-04-01,1988-06-30,STATCAN_BCPI_18100289,inferred,1988-06-30,TR_AIIO_BCPI_PROVINCE_LINKED_CMA_BACKCAST_0_1,province_linked_cma_backcast;not_official_provincial_observation;reference_cma=CMA_535;anchor_period=2017-03-31
OBS_BCPI_BACKCAST_F1239CF8B8D3B384A35D,BCPI_OFFICE_BUILDING_62212_DIVISION_COMPOSITE,PR_35,Ontario,2021S0503535,30.4,"Index, 2023=100",1988-07-01,1988-09-30,STATCAN_BCPI_18100289,inferred,1988-09-30,TR_AIIO_BCPI_PROVINCE_LINKED_CMA_BACKCAST_0_1,province_linked_cma_backcast;not_official_provincial_observation;reference_cma=CMA_535;anchor_period=2017-03-31
OBS_BCPI_BACKCAST_94B74FA1628E5308D190,BCPI_OFFICE_BUILDING_62212_DIVISION_COMPOSITE,PR_35,Ontario,2021S0503535,30.9,"Index, 2023=100",1988-10-01,1988-12-31,STATCAN_BCPI_18100289,inferred,1988-12-31,TR_AIIO_BCPI_PROVINCE_LINKED_CMA_BACKCAST_0_1,province_linked_cma_backcast;not_official_provincial_observation;reference_cma=CMA_535;anchor_period=2017-03-31
OBS_BCPI_BACKCAST_3EE32037D3071939E9CF,BCPI_OFFICE_BUILDING_62212_DIVISION_COMPOSITE,PR_35,Ontario,2021S0503535,31.4,"Index, 2023=100",1989-01-01,1989-03-31,STATCAN_BCPI_18100289,inferred,1989-03-31,TR_AIIO_BCPI_PROVINCE_LINKED_CMA_BACKCAST_0_1,province_linked_cma_backcast;not_official_provincial_observation;reference_cma=CMA_535;anchor_period=2017-03-31
OBS_BCPI_BACKCAST_8900F500AB9367707D3B,BCPI_OFFICE_BUILDING_62212_DIVISION_COMPOSITE,PR_35,Ontario,2021S0503535,32,"Index, 2023=100",1989-04-01,1989-06-30,STATCAN_BCPI_18100289,inferred,1989-06-30,TR_AIIO_BCPI_PROVINCE_LINKED_CMA_BACKCAST_0_1,province_linked_cma_backcast;not_official_provincial_observation;reference_cma=CMA_535;anchor_period=2017-03-31
OBS_BCPI_BACKCAST_377BF8EA4CBF7821BB03,BCPI_OFFICE_BUILDING_62212_DIVISION_COMPOSITE,PR_35,Ontario,2021S0503535,32.3,"Index, 2023=100",1989-07-01,1989-09-30,STATCAN_BCPI_18100289,inferred,1989-09-30,TR_AIIO_BCPI_PROVINCE_LINKED_CMA_BACKCAST_0_1,province_linked_cma_backcast;not_official_provincial_observation;reference_cma=CMA_535;anchor_period=2017-03-31
OBS_BCPI_BACKCAST_ACB968957434B3D76ECE,BCPI_OFFICE_BUILDING_62212_DIVISION_COMPOSITE,PR_35,Ontario,2021S0503535,32.4,"Index, 2023=100",1989-10-01,1989-12-31,STATCAN_BCPI_18100289,inferred,1989-12-31,TR_AIIO_BCPI_PROVINCE_LINKED_CMA_BACKCAST_0_1,province_linked_cma_backcast;not_official_provincial_observation;reference_cma=CMA_535;anchor_period=2017-03-31
OBS_BCPI_BACKCAST_36877B4C4202D2CF73FE,BCPI_OFFICE_BUILDING_62212_DIVISION_COMPOSITE,PR_35,Ontario,2021S0503535,32.7,"Index, 2023=100",1990-01-01,1990-03-31,STATCAN_BCPI_18100289,inferred,1990-03-31,TR_AIIO_BCPI_PROVINCE_LINKED_CMA_BACKCAST_0_1,province_linked_cma_backcast;not_official_provincial_observation;reference_cma=CMA_535;anchor_period=2017-03-31
OBS_BCPI_BACKCAST_3E1DF2258C0FA1D13A73,BCPI_OFFICE_BUILDING_62212_DIVISION_COMPOSITE,PR_35,Ontario,2021S0503535,33.5,"Index, 2023=100",1990-04-01,1990-06-30,STATCAN_BCPI_18100289,inferred,1990-06-30,TR_AIIO_BCPI_PROVINCE_LINKED_CMA_BACKCAST_0_1,province_linked_cma_backcast;not_official_provincial_observation;reference_cma=CMA_535;anchor_period=2017-03-31
OBS_BCPI_BACKCAST_28EB277988109A217D6D,BCPI_OFFICE_BUILDING_62212_DIVISION_COMPOSITE,PR_35,Ontario,2021S0503535,33.1,"Index, 2023=100",1990-07-01,1990-09-30,STATCAN_BCPI_18100289,inferred,1990-09-30,TR_AIIO_BCPI_PROVINCE_LINKED_CMA_BACKCAST_0_1,province_linked_cma_backcast;not_official_provincial_observation;reference_cma=CMA_535;anchor_period=2017-03-31
OBS_BCPI_BACKCAST_967E77E781F6C8294562,BCPI_OFFICE_BUILDING_62212_DIVISION_COMPOSITE,PR_35,Ontario,2021S0503535,32.9,"Index, 2023=100",1990-10-01,1990-12-31,STATCAN_BCPI_18100289,inferred,1990-12-31,TR_AIIO_BCPI_PROVINCE_LINKED_CMA_BACKCAST_0_1,province_linked_cma_backcast;not_official_provincial_observation;reference_cma=CMA_535;anchor_period=2017-03-31
OBS_BCPI_BACKCAST_D9CCFF8B74927F2D1E88,BCPI_OFFICE_BUILDING_62212_DIVISION_COMPOSITE,PR_35,Ontario,2021S0503535,31.8,"Index, 2023=100",1991-01-01,1991-03-31,STATCAN_BCPI_18100289,inferred,1991-03-31,TR_AIIO_BCPI_PROVINCE_LINKED_CMA_BACKCAST_0_1,province_linked_cma_backcast;not_official_provincial_observation;reference_cma=CMA_535;anchor_period=2017-03-31
OBS_BCPI_BACKCAST_492C62FE8959D88AF18A,BCPI_OFFICE_BUILDING_62212_DIVISION_COMPOSITE,PR_35,Ontario,2021S0503535,31.8,"Index, 2023=100",1991-04-01,1991-06-30,STATCAN_BCPI_18100289,inferred,1991-06-30,TR_AIIO_BCPI_PROVINCE_LINKED_CMA_BACKCAST_0_1,province_linked_cma_backcast;not_official_provincial_observation;reference_cma=CMA_535;anchor_period=2017-03-31
OBS_BCPI_BACKCAST_502225CCB55548F3079E,BCPI_OFFICE_BUILDING_62212_DIVISION_COMPOSITE,PR_35,Ontario,2021S0503535,31.8,"Index, 2023=100",1991-07-01,1991-09-30,STATCAN_BCPI_18100289,inferred,1991-09-30,TR_AIIO_BCPI_PROVINCE_LINKED_CMA_BACKCAST_0_1,province_linked_cma_backcast;not_official_provincial_observation;reference_cma=CMA_535;anchor_period=2017-03-31
OBS_BCPI_BACKCAST_FD79AEC1477B14632F81,BCPI_OFFICE_BUILDING_62212_DIVISION_COMPOSITE,PR_35,Ontario,2021S0503535,31.7,"Index, 2023=100",1991-10-01,1991-12-31,STATCAN_BCPI_18100289,inferred,1991-12-31,TR_AIIO_BCPI_PROVINCE_LINKED_CMA_BACKCAST_0_1,province_linked_cma_backcast;not_official_provincial_observation;reference_cma=CMA_535;anchor_period=2017-03-31
OBS_BCPI_BACKCAST_069BF76040A178A9DF17,BCPI_OFFICE_BUILDING_62212_DIVISION_COMPOSITE,PR_35,Ontario,2021S0503535,31.6,"Index, 2023=100",1992-01-01,1992-03-31,STATCAN_BCPI_18100289,inferred,1992-03-31,TR_AIIO_BCPI_PROVINCE_LINKED_CMA_BACKCAST_0_1,province_linked_cma_backcast;not_official_provincial_observation;reference_cma=CMA_535;anchor_period=2017-03-31
OBS_BCPI_BACKCAST_B032E0623C343D86A80A,BCPI_OFFICE_BUILDING_62212_DIVISION_COMPOSITE,PR_35,Ontario,2021S0503535,31.6,"Index, 2023=100",1992-04-01,1992-06-30,STATCAN_BCPI_18100289,inferred,1992-06-30,TR_AIIO_BCPI_PROVINCE_LINKED_CMA_BACKCAST_0_1,province_linked_cma_backcast;not_official_provincial_observation;reference_cma=CMA_535;anchor_period=2017-03-31
OBS_BCPI_BACKCAST_C88B140D553368A32C86,BCPI_OFFICE_BUILDING_62212_DIVISION_COMPOSITE,PR_35,Ontario,2021S0503535,31.7,"Index, 2023=100",1992-07-01,1992-09-30,STATCAN_BCPI_18100289,inferred,1992-09-30,TR_AIIO_BCPI_PROVINCE_LINKED_CMA_BACKCAST_0_1,province_linked_cma_backcast;not_official_provincial_observation;reference_cma=CMA_535;anchor_period=2017-03-31
OBS_BCPI_BACKCAST_A330826C3920C87FB843,BCPI_OFFICE_BUILDING_62212_DIVISION_COMPOSITE,PR_35,Ontario,2021S0503535,31.7,"Index, 2023=100",1992-10-01,1992-12-31,STATCAN_BCPI_18100289,inferred,1992-12-31,TR_AIIO_BCPI_PROVINCE_LINKED_CMA_BACKCAST_0_1,province_linked_cma_backcast;not_official_provincial_observation;reference_cma=CMA_535;anchor_period=2017-03-31
OBS_BCPI_BACKCAST_A98387E485E70185C06C,BCPI_OFFICE_BUILDING_62212_DIVISION_COMPOSITE,PR_35,Ontario,2021S0503535,31.6,"Index, 2023=100",1993-01-01,1993-03-31,STATCAN_BCPI_18100289,inferred,1993-03-31,TR_AIIO_BCPI_PROVINCE_LINKED_CMA_BACKCAST_0_1,province_linked_cma_backcast;not_official_provincial_observation;reference_cma=CMA_535;anchor_period=2017-03-31
OBS_BCPI_BACKCAST_84D6EB5C5D8B69EF1478,BCPI_OFFICE_BUILDING_62212_DIVISION_COMPOSITE,PR_35,Ontario,2021S0503535,31.7,"Index, 2023=100",1993-04-01,1993-06-30,STATCAN_BCPI_18100289,inferred,1993-06-30,TR_AIIO_BCPI_PROVINCE_LINKED_CMA_BACKCAST_0_1,province_linked_cma_backcast;not_official_provincial_observation;reference_cma=CMA_535;anchor_period=2017-03-31
OBS_BCPI_BACKCAST_98C5386FFA75E4A04A8E,BCPI_OFFICE_BUILDING_62212_DIVISION_COMPOSITE,PR_35,Ontario,2021S0503535,31.8,"Index, 2023=100",1993-07-01,1993-09-30,STATCAN_BCPI_18100289,inferred,1993-09-30,TR_AIIO_BCPI_PROVINCE_LINKED_CMA_BACKCAST_0_1,province_linked_cma_backcast;not_official_provincial_observation;reference_cma=CMA_535;anchor_period=2017-03-31
OBS_BCPI_BACKCAST_9CA40A37A662427ACE3D,BCPI_OFFICE_BUILDING_62212_DIVISION_COMPOSITE,PR_35,Ontario,2021S0503535,31.8,"Index, 2023=100",1993-10-01,1993-12-31,STATCAN_BCPI_18100289,inferred,1993-12-31,TR_AIIO_BCPI_PROVINCE_LINKED_CMA_BACKCAST_0_1,province_linked_cma_backcast;not_official_provincial_observation;reference_cma=CMA_535;anchor_period=2017-03-31
OBS_BCPI_BACKCAST_DF7E590AFD20BB2069F4,BCPI_OFFICE_BUILDING_62212_DIVISION_COMPOSITE,PR_35,Ontario,2021S0503535,31.9,"Index, 2023=100",1994-01-01,1994-03-31,STATCAN_BCPI_18100289,inferred,1994-03-31,TR_AIIO_BCPI_PROVINCE_LINKED_CMA_BACKCAST_0_1,province_linked_cma_backcast;not_official_provincial_observation;reference_cma=CMA_535;anchor_period=2017-03-31
OBS_BCPI_BACKCAST_176CF8784A94CACCB2F9,BCPI_OFFICE_BUILDING_62212_DIVISION_COMPOSITE,PR_35,Ontario,2021S0503535,32.5,"Index, 2023=100",1994-04-01,1994-06-30,STATCAN_BCPI_18100289,inferred,1994-06-30,TR_AIIO_BCPI_PROVINCE_LINKED_CMA_BACKCAST_0_1,province_linked_cma_backcast;not_official_provincial_observation;reference_cma=CMA_535;anchor_period=2017-03-31
OBS_BCPI_BACKCAST_7532949C916C75AB9AD1,BCPI_OFFICE_BUILDING_62212_DIVISION_COMPOSITE,PR_35,Ontario,2021S0503535,32.6,"Index, 2023=100",1994-07-01,1994-09-30,STATCAN_BCPI_18100289,inferred,1994-09-30,TR_AIIO_BCPI_PROVINCE_LINKED_CMA_BACKCAST_0_1,province_linked_cma_backcast;not_official_provincial_observation;reference_cma=CMA_535;anchor_period=2017-03-31
OBS_BCPI_BACKCAST_7D43B4655D17D013178B,BCPI_OFFICE_BUILDING_62212_DIVISION_COMPOSITE,PR_35,Ontario,2021S0503535,32.7,"Index, 2023=100",1994-10-01,1994-12-31,STATCAN_BCPI_18100289,inferred,1994-12-31,TR_AIIO_BCPI_PROVINCE_LINKED_CMA_BACKCAST_0_1,province_linked_cma_backcast;not_official_provincial_observation;reference_cma=CMA_535;anchor_period=2017-03-31
OBS_BCPI_BACKCAST_F0484AB440EB80C60378,BCPI_OFFICE_BUILDING_62212_DIVISION_COMPOSITE,PR_35,Ontario,2021S0503535,33.2,"Index, 2023=100",1995-01-01,1995-03-31,STATCAN_BCPI_18100289,inferred,1995-03-31,TR_AIIO_BCPI_PROVINCE_LINKED_CMA_BACKCAST_0_1,province_linked_cma_backcast;not_official_provincial_observation;reference_cma=CMA_535;anchor_period=2017-03-31
OBS_BCPI_BACKCAST_A70EB3E56D257B03E88D,BCPI_OFFICE_BUILDING_62212_DIVISION_COMPOSITE,PR_35,Ontario,2021S0503535,33.4,"Index, 2023=100",1995-04-01,1995-06-30,STATCAN_BCPI_18100289,inferred,1995-06-30,TR_AIIO_BCPI_PROVINCE_LINKED_CMA_BACKCAST_0_1,province_linked_cma_backcast;not_official_provincial_observation;reference_cma=CMA_535;anchor_period=2017-03-31
OBS_BCPI_BACKCAST_317CAA5313D56CD52262,BCPI_OFFICE_BUILDING_62212_DIVISION_COMPOSITE,PR_35,Ontario,2021S0503535,33.6,"Index, 2023=100",1995-07-01,1995-09-30,STATCAN_BCPI_18100289,inferred,1995-09-30,TR_AIIO_BCPI_PROVINCE_LINKED_CMA_BACKCAST_0_1,province_linked_cma_backcast;not_official_provincial_observation;reference_cma=CMA_535;anchor_period=2017-03-31
OBS_BCPI_BACKCAST_D7E366128E81C361F824,BCPI_OFFICE_BUILDING_62212_DIVISION_COMPOSITE,PR_35,Ontario,2021S0503535,33.8,"Index, 2023=100",1995-10-01,1995-12-31,STATCAN_BCPI_18100289,inferred,1995-12-31,TR_AIIO_BCPI_PROVINCE_LINKED_CMA_BACKCAST_0_1,province_linked_cma_backcast;not_official_provincial_observation;reference_cma=CMA_535;anchor_period=2017-03-31
OBS_BCPI_BACKCAST_880FD3625400529708EF,BCPI_OFFICE_BUILDING_62212_DIVISION_COMPOSITE,PR_35,Ontario,2021S0503535,33.9,"Index, 2023=100",1996-01-01,1996-03-31,STATCAN_BCPI_18100289,inferred,1996-03-31,TR_AIIO_BCPI_PROVINCE_LINKED_CMA_BACKCAST_0_1,province_linked_cma_backcast;not_official_provincial_observation;reference_cma=CMA_535;anchor_period=2017-03-31
OBS_BCPI_BACKCAST_0D91327E9197AE97BB51,BCPI_OFFICE_BUILDING_62212_DIVISION_COMPOSITE,PR_35,Ontario,2021S0503535,34.1,"Index, 2023=100",1996-04-01,1996-06-30,STATCAN_BCPI_18100289,inferred,1996-06-30,TR_AIIO_BCPI_PROVINCE_LINKED_CMA_BACKCAST_0_1,province_linked_cma_backcast;not_official_provincial_observation;reference_cma=CMA_535;anchor_period=2017-03-31
OBS_BCPI_BACKCAST_6679374B183BCAE0EAAE,BCPI_OFFICE_BUILDING_62212_DIVISION_COMPOSITE,PR_35,Ontario,2021S0503535,34.2,"Index, 2023=100",1996-07-01,1996-09-30,STATCAN_BCPI_18100289,inferred,1996-09-30,TR_AIIO_BCPI_PROVINCE_LINKED_CMA_BACKCAST_0_1,province_linked_cma_backcast;not_official_provincial_observation;reference_cma=CMA_535;anchor_period=2017-03-31
OBS_BCPI_BACKCAST_B7923F20DAD08EE9D963,BCPI_OFFICE_BUILDING_62212_DIVISION_COMPOSITE,PR_35,Ontario,2021S0503535,34.3,"Index, 2023=100",1996-10-01,1996-12-31,STATCAN_BCPI_18100289,inferred,1996-12-31,TR_AIIO_BCPI_PROVINCE_LINKED_CMA_BACKCAST_0_1,province_linked_cma_backcast;not_official_provincial_observation;reference_cma=CMA_535;anchor_period=2017-03-31
OBS_BCPI_BACKCAST_9EEE0B1672DF08213AB1,BCPI_OFFICE_BUILDING_62212_DIVISION_COMPOSITE,PR_35,Ontario,2021S0503535,34.5,"Index, 2023=100",1997-01-01,1997-03-31,STATCAN_BCPI_18100289,inferred,1997-03-31,TR_AIIO_BCPI_PROVINCE_LINKED_CMA_BACKCAST_0_1,province_linked_cma_backcast;not_official_provincial_observation;reference_cma=CMA_535;anchor_period=2017-03-31
OBS_BCPI_BACKCAST_4477D16CBFB3BDD5E5ED,BCPI_OFFICE_BUILDING_62212_DIVISION_COMPOSITE,PR_35,Ontario,2021S0503535,34.7,"Index, 2023=100",1997-04-01,1997-06-30,STATCAN_BCPI_18100289,inferred,1997-06-30,TR_AIIO_BCPI_PROVINCE_LINKED_CMA_BACKCAST_0_1,province_linked_cma_backcast;not_official_provincial_observation;reference_cma=CMA_535;anchor_period=2017-03-31
OBS_BCPI_BACKCAST_B72E73A1099EC3052425,BCPI_OFFICE_BUILDING_62212_DIVISION_COMPOSITE,PR_35,Ontario,2021S0503535,34.9,"Index, 2023=100",1997-07-01,1997-09-30,STATCAN_BCPI_18100289,inferred,1997-09-30,TR_AIIO_BCPI_PROVINCE_LINKED_CMA_BACKCAST_0_1,province_linked_cma_backcast;not_official_provincial_observation;reference_cma=CMA_535;anchor_period=2017-03-31
OBS_BCPI_BACKCAST_6F0BF1C05A1BA846B38E,BCPI_OFFICE_BUILDING_62212_DIVISION_COMPOSITE,PR_35,Ontario,2021S0503535,35,"Index, 2023=100",1997-10-01,1997-12-31,STATCAN_BCPI_18100289,inferred,1997-12-31,TR_AIIO_BCPI_PROVINCE_LINKED_CMA_BACKCAST_0_1,province_linked_cma_backcast;not_official_provincial_observation;reference_cma=CMA_535;anchor_period=2017-03-31
OBS_BCPI_BACKCAST_51133732B780A8560631,BCPI_OFFICE_BUILDING_62212_DIVISION_COMPOSITE,PR_35,Ontario,2021S0503535,35.1,"Index, 2023=100",1998-01-01,1998-03-31,STATCAN_BCPI_18100289,inferred,1998-03-31,TR_AIIO_BCPI_PROVINCE_LINKED_CMA_BACKCAST_0_1,province_linked_cma_backcast;not_official_provincial_observation;reference_cma=CMA_535;anchor_period=2017-03-31
OBS_BCPI_BACKCAST_93880941BEC72B381455,BCPI_OFFICE_BUILDING_62212_DIVISION_COMPOSITE,PR_35,Ontario,2021S0503535,35.3,"Index, 2023=100",1998-04-01,1998-06-30,STATCAN_BCPI_18100289,inferred,1998-06-30,TR_AIIO_BCPI_PROVINCE_LINKED_CMA_BACKCAST_0_1,province_linked_cma_backcast;not_official_provincial_observation;reference_cma=CMA_535;anchor_period=2017-03-31
OBS_BCPI_BACKCAST_4B03A3D916B7486B068B,BCPI_OFFICE_BUILDING_62212_DIVISION_COMPOSITE,PR_35,Ontario,2021S0503535,35.4,"Index, 2023=100",1998-07-01,1998-09-30,STATCAN_BCPI_18100289,inferred,1998-09-30,TR_AIIO_BCPI_PROVINCE_LINKED_CMA_BACKCAST_0_1,province_linked_cma_backcast;not_official_provincial_observation;reference_cma=CMA_535;anchor_period=2017-03-31
OBS_BCPI_BACKCAST_F9057A0E9B7929BCDCF1,BCPI_OFFICE_BUILDING_62212_DIVISION_COMPOSITE,PR_35,Ontario,2021S0503535,35.6,"Index, 2023=100",1998-10-01,1998-12-31,STATCAN_BCPI_18100289,inferred,1998-12-31,TR_AIIO_BCPI_PROVINCE_LINKED_CMA_BACKCAST_0_1,province_linked_cma_backcast;not_official_provincial_observation;reference_cma=CMA_535;anchor_period=2017-03-31
OBS_BCPI_BACKCAST_5545D24617C6C99401BF,BCPI_OFFICE_BUILDING_62212_DIVISION_COMPOSITE,PR_35,Ontario,2021S0503535,35.8,"Index, 2023=100",1999-01-01,1999-03-31,STATCAN_BCPI_18100289,inferred,1999-03-31,TR_AIIO_BCPI_PROVINCE_LINKED_CMA_BACKCAST_0_1,province_linked_cma_backcast;not_official_provincial_observation;reference_cma=CMA_535;anchor_period=2017-03-31
OBS_BCPI_BACKCAST_A7F97B4B002790155AF5,BCPI_OFFICE_BUILDING_62212_DIVISION_COMPOSITE,PR_35,Ontario,2021S0503535,36.1,"Index, 2023=100",1999-04-01,1999-06-30,STATCAN_BCPI_18100289,inferred,1999-06-30,TR_AIIO_BCPI_PROVINCE_LINKED_CMA_BACKCAST_0_1,province_linked_cma_backcast;not_official_provincial_observation;reference_cma=CMA_535;anchor_period=2017-03-31
OBS_BCPI_BACKCAST_5E477634FFBE486B28F9,BCPI_OFFICE_BUILDING_62212_DIVISION_COMPOSITE,PR_35,Ontario,2021S0503535,36.3,"Index, 2023=100",1999-07-01,1999-09-30,STATCAN_BCPI_18100289,inferred,1999-09-30,TR_AIIO_BCPI_PROVINCE_LINKED_CMA_BACKCAST_0_1,province_linked_cma_backcast;not_official_provincial_observation;reference_cma=CMA_535;anchor_period=2017-03-31
OBS_BCPI_BACKCAST_396155EFE1AF71074D44,BCPI_OFFICE_BUILDING_62212_DIVISION_COMPOSITE,PR_35,Ontario,2021S0503535,36.5,"Index, 2023=100",1999-10-01,1999-12-31,STATCAN_BCPI_18100289,inferred,1999-12-31,TR_AIIO_BCPI_PROVINCE_LINKED_CMA_BACKCAST_0_1,province_linked_cma_backcast;not_official_provincial_observation;reference_cma=CMA_535;anchor_period=2017-03-31
OBS_BCPI_BACKCAST_D5174DB9D73967AF664C,BCPI_OFFICE_BUILDING_62212_DIVISION_COMPOSITE,PR_35,Ontario,2021S0503535,37.3,"Index, 2023=100",2000-01-01,2000-03-31,STATCAN_BCPI_18100289,inferred,2000-03-31,TR_AIIO_BCPI_PROVINCE_LINKED_CMA_BACKCAST_0_1,province_linked_cma_backcast;not_official_provincial_observation;reference_cma=CMA_535;anchor_period=2017-03-31
OBS_BCPI_BACKCAST_34038EF26C2F2D604306,BCPI_OFFICE_BUILDING_62212_DIVISION_COMPOSITE,PR_35,Ontario,2021S0503535,38.8,"Index, 2023=100",2000-04-01,2000-06-30,STATCAN_BCPI_18100289,inferred,2000-06-30,TR_AIIO_BCPI_PROVINCE_LINKED_CMA_BACKCAST_0_1,province_linked_cma_backcast;not_official_provincial_observation;reference_cma=CMA_535;anchor_period=2017-03-31
OBS_BCPI_BACKCAST_B0DBDDDE024188A9E818,BCPI_OFFICE_BUILDING_62212_DIVISION_COMPOSITE,PR_35,Ontario,2021S0503535,39.3,"Index, 2023=100",2000-07-01,2000-09-30,STATCAN_BCPI_18100289,inferred,2000-09-30,TR_AIIO_BCPI_PROVINCE_LINKED_CMA_BACKCAST_0_1,province_linked_cma_backcast;not_official_provincial_observation;reference_cma=CMA_535;anchor_period=2017-03-31
OBS_BCPI_BACKCAST_02BDFA7147BFE7B7A5C8,BCPI_OFFICE_BUILDING_62212_DIVISION_COMPOSITE,PR_35,Ontario,2021S0503535,39.8,"Index, 2023=100",2000-10-01,2000-12-31,STATCAN_BCPI_18100289,inferred,2000-12-31,TR_AIIO_BCPI_PROVINCE_LINKED_CMA_BACKCAST_0_1,province_linked_cma_backcast;not_official_provincial_observation;reference_cma=CMA_535;anchor_period=2017-03-31
OBS_BCPI_BACKCAST_B665D31A29A8D88580CD,BCPI_OFFICE_BUILDING_62212_DIVISION_COMPOSITE,PR_35,Ontario,2021S0503535,39.9,"Index, 2023=100",2001-01-01,2001-03-31,STATCAN_BCPI_18100289,inferred,2001-03-31,TR_AIIO_BCPI_PROVINCE_LINKED_CMA_BACKCAST_0_1,province_linked_cma_backcast;not_official_provincial_observation;reference_cma=CMA_535;anchor_period=2017-03-31
OBS_BCPI_BACKCAST_FFD8D347C13E138C32CF,BCPI_OFFICE_BUILDING_62212_DIVISION_COMPOSITE,PR_35,Ontario,2021S0503535,40.3,"Index, 2023=100",2001-04-01,2001-06-30,STATCAN_BCPI_18100289,inferred,2001-06-30,TR_AIIO_BCPI_PROVINCE_LINKED_CMA_BACKCAST_0_1,province_linked_cma_backcast;not_official_provincial_observation;reference_cma=CMA_535;anchor_period=2017-03-31
OBS_BCPI_BACKCAST_88D256F01204EB25524D,BCPI_OFFICE_BUILDING_62212_DIVISION_COMPOSITE,PR_35,Ontario,2021S0503535,40.3,"Index, 2023=100",2001-07-01,2001-09-30,STATCAN_BCPI_18100289,inferred,2001-09-30,TR_AIIO_BCPI_PROVINCE_LINKED_CMA_BACKCAST_0_1,province_linked_cma_backcast;not_official_provincial_observation;reference_cma=CMA_535;anchor_period=2017-03-31
OBS_BCPI_BACKCAST_5305E91E912D878F61F2,BCPI_OFFICE_BUILDING_62212_DIVISION_COMPOSITE,PR_35,Ontario,2021S0503535,40.2,"Index, 2023=100",2001-10-01,2001-12-31,STATCAN_BCPI_18100289,inferred,2001-12-31,TR_AIIO_BCPI_PROVINCE_LINKED_CMA_BACKCAST_0_1,province_linked_cma_backcast;not_official_provincial_observation;reference_cma=CMA_535;anchor_period=2017-03-31
OBS_BCPI_BACKCAST_EE338E55EB7CFB4F0944,BCPI_OFFICE_BUILDING_62212_DIVISION_COMPOSITE,PR_35,Ontario,2021S0503535,40.5,"Index, 2023=100",2002-01-01,2002-03-31,STATCAN_BCPI_18100289,inferred,2002-03-31,TR_AIIO_BCPI_PROVINCE_LINKED_CMA_BACKCAST_0_1,province_linked_cma_backcast;not_official_provincial_observation;reference_cma=CMA_535;anchor_period=2017-03-31
OBS_BCPI_BACKCAST_D776F5EBF234A31CAE77,BCPI_OFFICE_BUILDING_62212_DIVISION_COMPOSITE,PR_35,Ontario,2021S0503535,40.6,"Index, 2023=100",2002-04-01,2002-06-30,STATCAN_BCPI_18100289,inferred,2002-06-30,TR_AIIO_BCPI_PROVINCE_LINKED_CMA_BACKCAST_0_1,province_linked_cma_backcast;not_official_provincial_observation;reference_cma=CMA_535;anchor_period=2017-03-31
OBS_BCPI_BACKCAST_44F2FC004A30D8049748,BCPI_OFFICE_BUILDING_62212_DIVISION_COMPOSITE,PR_35,Ontario,2021S0503535,40.8,"Index, 2023=100",2002-07-01,2002-09-30,STATCAN_BCPI_18100289,inferred,2002-09-30,TR_AIIO_BCPI_PROVINCE_LINKED_CMA_BACKCAST_0_1,province_linked_cma_backcast;not_official_provincial_observation;reference_cma=CMA_535;anchor_period=2017-03-31
OBS_BCPI_BACKCAST_10DBEE39FE301B196B10,BCPI_OFFICE_BUILDING_62212_DIVISION_COMPOSITE,PR_35,Ontario,2021S0503535,41.2,"Index, 2023=100",2002-10-01,2002-12-31,STATCAN_BCPI_18100289,inferred,2002-12-31,TR_AIIO_BCPI_PROVINCE_LINKED_CMA_BACKCAST_0_1,province_linked_cma_backcast;not_official_provincial_observation;reference_cma=CMA_535;anchor_period=2017-03-31
OBS_BCPI_BACKCAST_41CB68C076BAEADFEC23,BCPI_OFFICE_BUILDING_62212_DIVISION_COMPOSITE,PR_35,Ontario,2021S0503535,41.6,"Index, 2023=100",2003-01-01,2003-03-31,STATCAN_BCPI_18100289,inferred,2003-03-31,TR_AIIO_BCPI_PROVINCE_LINKED_CMA_BACKCAST_0_1,province_linked_cma_backcast;not_official_provincial_observation;reference_cma=CMA_535;anchor_period=2017-03-31
OBS_BCPI_BACKCAST_EAE0726422FC25F27D45,BCPI_OFFICE_BUILDING_62212_DIVISION_COMPOSITE,PR_35,Ontario,2021S0503535,42.2,"Index, 2023=100",2003-04-01,2003-06-30,STATCAN_BCPI_18100289,inferred,2003-06-30,TR_AIIO_BCPI_PROVINCE_LINKED_CMA_BACKCAST_0_1,province_linked_cma_backcast;not_official_provincial_observation;reference_cma=CMA_535;anchor_period=2017-03-31
OBS_BCPI_BACKCAST_06A33C9406BD2C681DA1,BCPI_OFFICE_BUILDING_62212_DIVISION_COMPOSITE,PR_35,Ontario,2021S0503535,42.4,"Index, 2023=100",2003-07-01,2003-09-30,STATCAN_BCPI_18100289,inferred,2003-09-30,TR_AIIO_BCPI_PROVINCE_LINKED_CMA_BACKCAST_0_1,province_linked_cma_backcast;not_official_provincial_observation;reference_cma=CMA_535;anchor_period=2017-03-31
OBS_BCPI_BACKCAST_2751CEB4D25D210C8362,BCPI_OFFICE_BUILDING_62212_DIVISION_COMPOSITE,PR_35,Ontario,2021S0503535,42.7,"Index, 2023=100",2003-10-01,2003-12-31,STATCAN_BCPI_18100289,inferred,2003-12-31,TR_AIIO_BCPI_PROVINCE_LINKED_CMA_BACKCAST_0_1,province_linked_cma_backcast;not_official_provincial_observation;reference_cma=CMA_535;anchor_period=2017-03-31
OBS_BCPI_BACKCAST_5F58B146F88B032C3E9A,BCPI_OFFICE_BUILDING_62212_DIVISION_COMPOSITE,PR_35,Ontario,2021S0503535,43.4,"Index, 2023=100",2004-01-01,2004-03-31,STATCAN_BCPI_18100289,inferred,2004-03-31,TR_AIIO_BCPI_PROVINCE_LINKED_CMA_BACKCAST_0_1,province_linked_cma_backcast;not_official_provincial_observation;reference_cma=CMA_535;anchor_period=2017-03-31
OBS_BCPI_BACKCAST_0729392FD883FED2F0DA,BCPI_OFFICE_BUILDING_62212_DIVISION_COMPOSITE,PR_35,Ontario,2021S0503535,44.4,"Index, 2023=100",2004-04-01,2004-06-30,STATCAN_BCPI_18100289,inferred,2004-06-30,TR_AIIO_BCPI_PROVINCE_LINKED_CMA_BACKCAST_0_1,province_linked_cma_backcast;not_official_provincial_observation;reference_cma=CMA_535;anchor_period=2017-03-31
OBS_BCPI_BACKCAST_061BC04B7880FDC5B857,BCPI_OFFICE_BUILDING_62212_DIVISION_COMPOSITE,PR_35,Ontario,2021S0503535,45.5,"Index, 2023=100",2004-07-01,2004-09-30,STATCAN_BCPI_18100289,inferred,2004-09-30,TR_AIIO_BCPI_PROVINCE_LINKED_CMA_BACKCAST_0_1,province_linked_cma_backcast;not_official_provincial_observation;reference_cma=CMA_535;anchor_period=2017-03-31
OBS_BCPI_BACKCAST_60B3B9E3C09AAB4B4495,BCPI_OFFICE_BUILDING_62212_DIVISION_COMPOSITE,PR_35,Ontario,2021S0503535,45.8,"Index, 2023=100",2004-10-01,2004-12-31,STATCAN_BCPI_18100289,inferred,2004-12-31,TR_AIIO_BCPI_PROVINCE_LINKED_CMA_BACKCAST_0_1,province_linked_cma_backcast;not_official_provincial_observation;reference_cma=CMA_535;anchor_period=2017-03-31
OBS_BCPI_BACKCAST_B1516B05550F2891E678,BCPI_OFFICE_BUILDING_62212_DIVISION_COMPOSITE,PR_35,Ontario,2021S0503535,45.8,"Index, 2023=100",2005-01-01,2005-03-31,STATCAN_BCPI_18100289,inferred,2005-03-31,TR_AIIO_BCPI_PROVINCE_LINKED_CMA_BACKCAST_0_1,province_linked_cma_backcast;not_official_provincial_observation;reference_cma=CMA_535;anchor_period=2017-03-31
OBS_BCPI_BACKCAST_9B98D468FDFCB74426BE,BCPI_OFFICE_BUILDING_62212_DIVISION_COMPOSITE,PR_35,Ontario,2021S0503535,46.4,"Index, 2023=100",2005-04-01,2005-06-30,STATCAN_BCPI_18100289,inferred,2005-06-30,TR_AIIO_BCPI_PROVINCE_LINKED_CMA_BACKCAST_0_1,province_linked_cma_backcast;not_official_provincial_observation;reference_cma=CMA_535;anchor_period=2017-03-31
OBS_BCPI_BACKCAST_1676D5D591B1B87C98CF,BCPI_OFFICE_BUILDING_62212_DIVISION_COMPOSITE,PR_35,Ontario,2021S0503535,47,"Index, 2023=100",2005-07-01,2005-09-30,STATCAN_BCPI_18100289,inferred,2005-09-30,TR_AIIO_BCPI_PROVINCE_LINKED_CMA_BACKCAST_0_1,province_linked_cma_backcast;not_official_provincial_observation;reference_cma=CMA_535;anchor_period=2017-03-31
OBS_BCPI_BACKCAST_6097616863A5069985F7,BCPI_OFFICE_BUILDING_62212_DIVISION_COMPOSITE,PR_35,Ontario,2021S0503535,47.6,"Index, 2023=100",2005-10-01,2005-12-31,STATCAN_BCPI_18100289,inferred,2005-12-31,TR_AIIO_BCPI_PROVINCE_LINKED_CMA_BACKCAST_0_1,province_linked_cma_backcast;not_official_provincial_observation;reference_cma=CMA_535;anchor_period=2017-03-31
OBS_BCPI_BACKCAST_71635714795057797B0B,BCPI_OFFICE_BUILDING_62212_DIVISION_COMPOSITE,PR_35,Ontario,2021S0503535,48.3,"Index, 2023=100",2006-01-01,2006-03-31,STATCAN_BCPI_18100289,inferred,2006-03-31,TR_AIIO_BCPI_PROVINCE_LINKED_CMA_BACKCAST_0_1,province_linked_cma_backcast;not_official_provincial_observation;reference_cma=CMA_535;anchor_period=2017-03-31
OBS_BCPI_BACKCAST_1F9AB4252B0D7CB60736,BCPI_OFFICE_BUILDING_62212_DIVISION_COMPOSITE,PR_35,Ontario,2021S0503535,49.2,"Index, 2023=100",2006-04-01,2006-06-30,STATCAN_BCPI_18100289,inferred,2006-06-30,TR_AIIO_BCPI_PROVINCE_LINKED_CMA_BACKCAST_0_1,province_linked_cma_backcast;not_official_provincial_observation;reference_cma=CMA_535;anchor_period=2017-03-31
OBS_BCPI_BACKCAST_1E170497C662E71F3AE2,BCPI_OFFICE_BUILDING_62212_DIVISION_COMPOSITE,PR_35,Ontario,2021S0503535,50,"Index, 2023=100",2006-07-01,2006-09-30,STATCAN_BCPI_18100289,inferred,2006-09-30,TR_AIIO_BCPI_PROVINCE_LINKED_CMA_BACKCAST_0_1,province_linked_cma_backcast;not_official_provincial_observation;reference_cma=CMA_535;anchor_period=2017-03-31
OBS_BCPI_BACKCAST_5E136732767128B445EC,BCPI_OFFICE_BUILDING_62212_DIVISION_COMPOSITE,PR_35,Ontario,2021S0503535,50.6,"Index, 2023=100",2006-10-01,2006-12-31,STATCAN_BCPI_18100289,inferred,2006-12-31,TR_AIIO_BCPI_PROVINCE_LINKED_CMA_BACKCAST_0_1,province_linked_cma_backcast;not_official_provincial_observation;reference_cma=CMA_535;anchor_period=2017-03-31
OBS_BCPI_BACKCAST_09D9A8A94BE6D36D5B51,BCPI_OFFICE_BUILDING_62212_DIVISION_COMPOSITE,PR_35,Ontario,2021S0503535,51.5,"Index, 2023=100",2007-01-01,2007-03-31,STATCAN_BCPI_18100289,inferred,2007-03-31,TR_AIIO_BCPI_PROVINCE_LINKED_CMA_BACKCAST_0_1,province_linked_cma_backcast;not_official_provincial_observation;reference_cma=CMA_535;anchor_period=2017-03-31
OBS_BCPI_BACKCAST_FD43F1CDC0C3D651F1EE,BCPI_OFFICE_BUILDING_62212_DIVISION_COMPOSITE,PR_35,Ontario,2021S0503535,53.2,"Index, 2023=100",2007-04-01,2007-06-30,STATCAN_BCPI_18100289,inferred,2007-06-30,TR_AIIO_BCPI_PROVINCE_LINKED_CMA_BACKCAST_0_1,province_linked_cma_backcast;not_official_provincial_observation;reference_cma=CMA_535;anchor_period=2017-03-31
OBS_BCPI_BACKCAST_4F9DE231AD7DDBD8EB51,BCPI_OFFICE_BUILDING_62212_DIVISION_COMPOSITE,PR_35,Ontario,2021S0503535,53.5,"Index, 2023=100",2007-07-01,2007-09-30,STATCAN_BCPI_18100289,inferred,2007-09-30,TR_AIIO_BCPI_PROVINCE_LINKED_CMA_BACKCAST_0_1,province_linked_cma_backcast;not_official_provincial_observation;reference_cma=CMA_535;anchor_period=2017-03-31
OBS_BCPI_BACKCAST_445278E5483E690C1EFB,BCPI_OFFICE_BUILDING_62212_DIVISION_COMPOSITE,PR_35,Ontario,2021S0503535,53.8,"Index, 2023=100",2007-10-01,2007-12-31,STATCAN_BCPI_18100289,inferred,2007-12-31,TR_AIIO_BCPI_PROVINCE_LINKED_CMA_BACKCAST_0_1,province_linked_cma_backcast;not_official_provincial_observation;reference_cma=CMA_535;anchor_period=2017-03-31
OBS_BCPI_BACKCAST_87092F300CDC00CFADC3,BCPI_OFFICE_BUILDING_62212_DIVISION_COMPOSITE,PR_35,Ontario,2021S0503535,55.4,"Index, 2023=100",2008-01-01,2008-03-31,STATCAN_BCPI_18100289,inferred,2008-03-31,TR_AIIO_BCPI_PROVINCE_LINKED_CMA_BACKCAST_0_1,province_linked_cma_backcast;not_official_provincial_observation;reference_cma=CMA_535;anchor_period=2017-03-31
OBS_BCPI_BACKCAST_9221F6E5CF39F05D9351,BCPI_OFFICE_BUILDING_62212_DIVISION_COMPOSITE,PR_35,Ontario,2021S0503535,57.9,"Index, 2023=100",2008-04-01,2008-06-30,STATCAN_BCPI_18100289,inferred,2008-06-30,TR_AIIO_BCPI_PROVINCE_LINKED_CMA_BACKCAST_0_1,province_linked_cma_backcast;not_official_provincial_observation;reference_cma=CMA_535;anchor_period=2017-03-31
OBS_BCPI_BACKCAST_2D076C8809E2C0D8C114,BCPI_OFFICE_BUILDING_62212_DIVISION_COMPOSITE,PR_35,Ontario,2021S0503535,59.2,"Index, 2023=100",2008-07-01,2008-09-30,STATCAN_BCPI_18100289,inferred,2008-09-30,TR_AIIO_BCPI_PROVINCE_LINKED_CMA_BACKCAST_0_1,province_linked_cma_backcast;not_official_provincial_observation;reference_cma=CMA_535;anchor_period=2017-03-31
OBS_BCPI_BACKCAST_85698759E39A6BA3E313,BCPI_OFFICE_BUILDING_62212_DIVISION_COMPOSITE,PR_35,Ontario,2021S0503535,58.5,"Index, 2023=100",2008-10-01,2008-12-31,STATCAN_BCPI_18100289,inferred,2008-12-31,TR_AIIO_BCPI_PROVINCE_LINKED_CMA_BACKCAST_0_1,province_linked_cma_backcast;not_official_provincial_observation;reference_cma=CMA_535;anchor_period=2017-03-31
OBS_BCPI_BACKCAST_ECFA5705E6C93413028F,BCPI_OFFICE_BUILDING_62212_DIVISION_COMPOSITE,PR_35,Ontario,2021S0503535,57.5,"Index, 2023=100",2009-01-01,2009-03-31,STATCAN_BCPI_18100289,inferred,2009-03-31,TR_AIIO_BCPI_PROVINCE_LINKED_CMA_BACKCAST_0_1,province_linked_cma_backcast;not_official_provincial_observation;reference_cma=CMA_535;anchor_period=2017-03-31
OBS_BCPI_BACKCAST_580965B16C6C2B2273AE,BCPI_OFFICE_BUILDING_62212_DIVISION_COMPOSITE,PR_35,Ontario,2021S0503535,56.8,"Index, 2023=100",2009-04-01,2009-06-30,STATCAN_BCPI_18100289,inferred,2009-06-30,TR_AIIO_BCPI_PROVINCE_LINKED_CMA_BACKCAST_0_1,province_linked_cma_backcast;not_official_provincial_observation;reference_cma=CMA_535;anchor_period=2017-03-31
OBS_BCPI_BACKCAST_EC8753EB6653EC8BE16E,BCPI_OFFICE_BUILDING_62212_DIVISION_COMPOSITE,PR_35,Ontario,2021S0503535,56.2,"Index, 2023=100",2009-07-01,2009-09-30,STATCAN_BCPI_18100289,inferred,2009-09-30,TR_AIIO_BCPI_PROVINCE_LINKED_CMA_BACKCAST_0_1,province_linked_cma_backcast;not_official_provincial_observation;reference_cma=CMA_535;anchor_period=2017-03-31
OBS_BCPI_BACKCAST_A86B28F385E8FBE9B13C,BCPI_OFFICE_BUILDING_62212_DIVISION_COMPOSITE,PR_35,Ontario,2021S0503535,55.9,"Index, 2023=100",2009-10-01,2009-12-31,STATCAN_BCPI_18100289,inferred,2009-12-31,TR_AIIO_BCPI_PROVINCE_LINKED_CMA_BACKCAST_0_1,province_linked_cma_backcast;not_official_provincial_observation;reference_cma=CMA_535;anchor_period=2017-03-31
OBS_BCPI_BACKCAST_B5938073E604C987FF1C,BCPI_OFFICE_BUILDING_62212_DIVISION_COMPOSITE,PR_35,Ontario,2021S0503535,55.9,"Index, 2023=100",2010-01-01,2010-03-31,STATCAN_BCPI_18100289,inferred,2010-03-31,TR_AIIO_BCPI_PROVINCE_LINKED_CMA_BACKCAST_0_1,province_linked_cma_backcast;not_official_provincial_observation;reference_cma=CMA_535;anchor_period=2017-03-31
OBS_BCPI_BACKCAST_6DB48402027D8C7D8130,BCPI_OFFICE_BUILDING_62212_DIVISION_COMPOSITE,PR_35,Ontario,2021S0503535,56.4,"Index, 2023=100",2010-04-01,2010-06-30,STATCAN_BCPI_18100289,inferred,2010-06-30,TR_AIIO_BCPI_PROVINCE_LINKED_CMA_BACKCAST_0_1,province_linked_cma_backcast;not_official_provincial_observation;reference_cma=CMA_535;anchor_period=2017-03-31
OBS_BCPI_BACKCAST_3FD4601154CE8B9945B1,BCPI_OFFICE_BUILDING_62212_DIVISION_COMPOSITE,PR_35,Ontario,2021S0503535,56.7,"Index, 2023=100",2010-07-01,2010-09-30,STATCAN_BCPI_18100289,inferred,2010-09-30,TR_AIIO_BCPI_PROVINCE_LINKED_CMA_BACKCAST_0_1,province_linked_cma_backcast;not_official_provincial_observation;reference_cma=CMA_535;anchor_period=2017-03-31
OBS_BCPI_BACKCAST_DDAB6C7BD141B27233FE,BCPI_OFFICE_BUILDING_62212_DIVISION_COMPOSITE,PR_35,Ontario,2021S0503535,56.8,"Index, 2023=100",2010-10-01,2010-12-31,STATCAN_BCPI_18100289,inferred,2010-12-31,TR_AIIO_BCPI_PROVINCE_LINKED_CMA_BACKCAST_0_1,province_linked_cma_backcast;not_official_provincial_observation;reference_cma=CMA_535;anchor_period=2017-03-31
OBS_BCPI_BACKCAST_BDB0838578CA806A6736,BCPI_OFFICE_BUILDING_62212_DIVISION_COMPOSITE,PR_35,Ontario,2021S0503535,58,"Index, 2023=100",2011-01-01,2011-03-31,STATCAN_BCPI_18100289,inferred,2011-03-31,TR_AIIO_BCPI_PROVINCE_LINKED_CMA_BACKCAST_0_1,province_linked_cma_backcast;not_official_provincial_observation;reference_cma=CMA_535;anchor_period=2017-03-31
OBS_BCPI_BACKCAST_A8652880735E7F4A16FD,BCPI_OFFICE_BUILDING_62212_DIVISION_COMPOSITE,PR_35,Ontario,2021S0503535,58.8,"Index, 2023=100",2011-04-01,2011-06-30,STATCAN_BCPI_18100289,inferred,2011-06-30,TR_AIIO_BCPI_PROVINCE_LINKED_CMA_BACKCAST_0_1,province_linked_cma_backcast;not_official_provincial_observation;reference_cma=CMA_535;anchor_period=2017-03-31
OBS_BCPI_BACKCAST_1C3CA62164CCBF6C32FF,BCPI_OFFICE_BUILDING_62212_DIVISION_COMPOSITE,PR_35,Ontario,2021S0503535,59.3,"Index, 2023=100",2011-07-01,2011-09-30,STATCAN_BCPI_18100289,inferred,2011-09-30,TR_AIIO_BCPI_PROVINCE_LINKED_CMA_BACKCAST_0_1,province_linked_cma_backcast;not_official_provincial_observation;reference_cma=CMA_535;anchor_period=2017-03-31
OBS_BCPI_BACKCAST_52957F59B6C7E034749B,BCPI_OFFICE_BUILDING_62212_DIVISION_COMPOSITE,PR_35,Ontario,2021S0503535,59.4,"Index, 2023=100",2011-10-01,2011-12-31,STATCAN_BCPI_18100289,inferred,2011-12-31,TR_AIIO_BCPI_PROVINCE_LINKED_CMA_BACKCAST_0_1,province_linked_cma_backcast;not_official_provincial_observation;reference_cma=CMA_535;anchor_period=2017-03-31
OBS_BCPI_BACKCAST_02DD917981974E18C408,BCPI_OFFICE_BUILDING_62212_DIVISION_COMPOSITE,PR_35,Ontario,2021S0503535,59.7,"Index, 2023=100",2012-01-01,2012-03-31,STATCAN_BCPI_18100289,inferred,2012-03-31,TR_AIIO_BCPI_PROVINCE_LINKED_CMA_BACKCAST_0_1,province_linked_cma_backcast;not_official_provincial_observation;reference_cma=CMA_535;anchor_period=2017-03-31
OBS_BCPI_BACKCAST_BBC263028DFDE1F7D211,BCPI_OFFICE_BUILDING_62212_DIVISION_COMPOSITE,PR_35,Ontario,2021S0503535,60,"Index, 2023=100",2012-04-01,2012-06-30,STATCAN_BCPI_18100289,inferred,2012-06-30,TR_AIIO_BCPI_PROVINCE_LINKED_CMA_BACKCAST_0_1,province_linked_cma_backcast;not_official_provincial_observation;reference_cma=CMA_535;anchor_period=2017-03-31
OBS_BCPI_BACKCAST_3F7FE934E05C0A1EB91D,BCPI_OFFICE_BUILDING_62212_DIVISION_COMPOSITE,PR_35,Ontario,2021S0503535,60.1,"Index, 2023=100",2012-07-01,2012-09-30,STATCAN_BCPI_18100289,inferred,2012-09-30,TR_AIIO_BCPI_PROVINCE_LINKED_CMA_BACKCAST_0_1,province_linked_cma_backcast;not_official_provincial_observation;reference_cma=CMA_535;anchor_period=2017-03-31
OBS_BCPI_BACKCAST_17923442C4230836C985,BCPI_OFFICE_BUILDING_62212_DIVISION_COMPOSITE,PR_35,Ontario,2021S0503535,60.2,"Index, 2023=100",2012-10-01,2012-12-31,STATCAN_BCPI_18100289,inferred,2012-12-31,TR_AIIO_BCPI_PROVINCE_LINKED_CMA_BACKCAST_0_1,province_linked_cma_backcast;not_official_provincial_observation;reference_cma=CMA_535;anchor_period=2017-03-31
OBS_BCPI_BACKCAST_F4113C8E19A0016D3ECA,BCPI_OFFICE_BUILDING_62212_DIVISION_COMPOSITE,PR_35,Ontario,2021S0503535,60.1,"Index, 2023=100",2013-01-01,2013-03-31,STATCAN_BCPI_18100289,inferred,2013-03-31,TR_AIIO_BCPI_PROVINCE_LINKED_CMA_BACKCAST_0_1,province_linked_cma_backcast;not_official_provincial_observation;reference_cma=CMA_535;anchor_period=2017-03-31
OBS_BCPI_BACKCAST_CE8CCB491A2812CB5269,BCPI_OFFICE_BUILDING_62212_DIVISION_COMPOSITE,PR_35,Ontario,2021S0503535,60.2,"Index, 2023=100",2013-04-01,2013-06-30,STATCAN_BCPI_18100289,inferred,2013-06-30,TR_AIIO_BCPI_PROVINCE_LINKED_CMA_BACKCAST_0_1,province_linked_cma_backcast;not_official_provincial_observation;reference_cma=CMA_535;anchor_period=2017-03-31
OBS_BCPI_BACKCAST_625EFF765020FBA64EF0,BCPI_OFFICE_BUILDING_62212_DIVISION_COMPOSITE,PR_35,Ontario,2021S0503535,60.3,"Index, 2023=100",2013-07-01,2013-09-30,STATCAN_BCPI_18100289,inferred,2013-09-30,TR_AIIO_BCPI_PROVINCE_LINKED_CMA_BACKCAST_0_1,province_linked_cma_backcast;not_official_provincial_observation;reference_cma=CMA_535;anchor_period=2017-03-31
OBS_BCPI_BACKCAST_9FF34CE4754AC273FEF8,BCPI_OFFICE_BUILDING_62212_DIVISION_COMPOSITE,PR_35,Ontario,2021S0503535,60.3,"Index, 2023=100",2013-10-01,2013-12-31,STATCAN_BCPI_18100289,inferred,2013-12-31,TR_AIIO_BCPI_PROVINCE_LINKED_CMA_BACKCAST_0_1,province_linked_cma_backcast;not_official_provincial_observation;reference_cma=CMA_535;anchor_period=2017-03-31
OBS_BCPI_BACKCAST_401DA01DE6E83B6F53F3,BCPI_OFFICE_BUILDING_62212_DIVISION_COMPOSITE,PR_35,Ontario,2021S0503535,60.6,"Index, 2023=100",2014-01-01,2014-03-31,STATCAN_BCPI_18100289,inferred,2014-03-31,TR_AIIO_BCPI_PROVINCE_LINKED_CMA_BACKCAST_0_1,province_linked_cma_backcast;not_official_provincial_observation;reference_cma=CMA_535;anchor_period=2017-03-31
OBS_BCPI_BACKCAST_EDFD009CC1F98289DC4B,BCPI_OFFICE_BUILDING_62212_DIVISION_COMPOSITE,PR_35,Ontario,2021S0503535,61,"Index, 2023=100",2014-04-01,2014-06-30,STATCAN_BCPI_18100289,inferred,2014-06-30,TR_AIIO_BCPI_PROVINCE_LINKED_CMA_BACKCAST_0_1,province_linked_cma_backcast;not_official_provincial_observation;reference_cma=CMA_535;anchor_period=2017-03-31
OBS_BCPI_BACKCAST_B5E8A056E51A8175FD19,BCPI_OFFICE_BUILDING_62212_DIVISION_COMPOSITE,PR_35,Ontario,2021S0503535,61.3,"Index, 2023=100",2014-07-01,2014-09-30,STATCAN_BCPI_18100289,inferred,2014-09-30,TR_AIIO_BCPI_PROVINCE_LINKED_CMA_BACKCAST_0_1,province_linked_cma_backcast;not_official_provincial_observation;reference_cma=CMA_535;anchor_period=2017-03-31
OBS_BCPI_BACKCAST_FE7D2BAC5217A308E472,BCPI_OFFICE_BUILDING_62212_DIVISION_COMPOSITE,PR_35,Ontario,2021S0503535,61.5,"Index, 2023=100",2014-10-01,2014-12-31,STATCAN_BCPI_18100289,inferred,2014-12-31,TR_AIIO_BCPI_PROVINCE_LINKED_CMA_BACKCAST_0_1,province_linked_cma_backcast;not_official_provincial_observation;reference_cma=CMA_535;anchor_period=2017-03-31
OBS_BCPI_BACKCAST_F038B6424D0B9D6379DC,BCPI_OFFICE_BUILDING_62212_DIVISION_COMPOSITE,PR_35,Ontario,2021S0503535,61.9,"Index, 2023=100",2015-01-01,2015-03-31,STATCAN_BCPI_18100289,inferred,2015-03-31,TR_AIIO_BCPI_PROVINCE_LINKED_CMA_BACKCAST_0_1,province_linked_cma_backcast;not_official_provincial_observation;reference_cma=CMA_535;anchor_period=2017-03-31
OBS_BCPI_BACKCAST_19824A9CAA2BFB7F7650,BCPI_OFFICE_BUILDING_62212_DIVISION_COMPOSITE,PR_35,Ontario,2021S0503535,62.3,"Index, 2023=100",2015-04-01,2015-06-30,STATCAN_BCPI_18100289,inferred,2015-06-30,TR_AIIO_BCPI_PROVINCE_LINKED_CMA_BACKCAST_0_1,province_linked_cma_backcast;not_official_provincial_observation;reference_cma=CMA_535;anchor_period=2017-03-31
OBS_BCPI_BACKCAST_C7D2F53E1B3B165CD2F4,BCPI_OFFICE_BUILDING_62212_DIVISION_COMPOSITE,PR_35,Ontario,2021S0503535,62.6,"Index, 2023=100",2015-07-01,2015-09-30,STATCAN_BCPI_18100289,inferred,2015-09-30,TR_AIIO_BCPI_PROVINCE_LINKED_CMA_BACKCAST_0_1,province_linked_cma_backcast;not_official_provincial_observation;reference_cma=CMA_535;anchor_period=2017-03-31
OBS_BCPI_BACKCAST_F5274B88BF2307EA7079,BCPI_OFFICE_BUILDING_62212_DIVISION_COMPOSITE,PR_35,Ontario,2021S0503535,62.8,"Index, 2023=100",2015-10-01,2015-12-31,STATCAN_BCPI_18100289,inferred,2015-12-31,TR_AIIO_BCPI_PROVINCE_LINKED_CMA_BACKCAST_0_1,province_linked_cma_backcast;not_official_provincial_observation;reference_cma=CMA_535;anchor_period=2017-03-31
OBS_BCPI_BACKCAST_396265BA4E8CDEBF51A8,BCPI_OFFICE_BUILDING_62212_DIVISION_COMPOSITE,PR_35,Ontario,2021S0503535,63.2,"Index, 2023=100",2016-01-01,2016-03-31,STATCAN_BCPI_18100289,inferred,2016-03-31,TR_AIIO_BCPI_PROVINCE_LINKED_CMA_BACKCAST_0_1,province_linked_cma_backcast;not_official_provincial_observation;reference_cma=CMA_535;anchor_period=2017-03-31
OBS_BCPI_BACKCAST_48544EC1C1D5D00436AF,BCPI_OFFICE_BUILDING_62212_DIVISION_COMPOSITE,PR_35,Ontario,2021S0503535,64.3,"Index, 2023=100",2016-04-01,2016-06-30,STATCAN_BCPI_18100289,inferred,2016-06-30,TR_AIIO_BCPI_PROVINCE_LINKED_CMA_BACKCAST_0_1,province_linked_cma_backcast;not_official_provincial_observation;reference_cma=CMA_535;anchor_period=2017-03-31
OBS_BCPI_BACKCAST_C2BD60D0A56473DBB2A4,BCPI_OFFICE_BUILDING_62212_DIVISION_COMPOSITE,PR_35,Ontario,2021S0503535,64.6,"Index, 2023=100",2016-07-01,2016-09-30,STATCAN_BCPI_18100289,inferred,2016-09-30,TR_AIIO_BCPI_PROVINCE_LINKED_CMA_BACKCAST_0_1,province_linked_cma_backcast;not_official_provincial_observation;reference_cma=CMA_535;anchor_period=2017-03-31
OBS_BCPI_BACKCAST_5F79F607EE8CD35E5D63,BCPI_OFFICE_BUILDING_62212_DIVISION_COMPOSITE,PR_35,Ontario,2021S0503535,65,"Index, 2023=100",2016-10-01,2016-12-31,STATCAN_BCPI_18100289,inferred,2016-12-31,TR_AIIO_BCPI_PROVINCE_LINKED_CMA_BACKCAST_0_1,province_linked_cma_backcast;not_official_provincial_observation;reference_cma=CMA_535;anchor_period=2017-03-31
OBS_BCPI_78401A440CF9DC890EC6,BCPI_OFFICE_BUILDING_62212_DIVISION_COMPOSITE,PR_35,Ontario,2021A000235,65.6,"Index, 2023=100",2017-01-01,2017-03-31,STATCAN_BCPI_18100289,observed,2017-03-31,TR_STATCAN_BCPI_BC_ON_QC_REFERENCE_CLASSES_1_0_0,
OBS_BCPI_DA009B0DA0411F9B806F,BCPI_OFFICE_BUILDING_62212_DIVISION_COMPOSITE,PR_35,Ontario,2021A000235,66.4,"Index, 2023=100",2017-04-01,2017-06-30,STATCAN_BCPI_18100289,observed,2017-06-30,TR_STATCAN_BCPI_BC_ON_QC_REFERENCE_CLASSES_1_0_0,
OBS_BCPI_FCFB609D90D774BA0BFF,BCPI_OFFICE_BUILDING_62212_DIVISION_COMPOSITE,PR_35,Ontario,2021A000235,66.6,"Index, 2023=100",2017-07-01,2017-09-30,STATCAN_BCPI_18100289,observed,2017-09-30,TR_STATCAN_BCPI_BC_ON_QC_REFERENCE_CLASSES_1_0_0,
OBS_BCPI_7F4B6CA6778281497830,BCPI_OFFICE_BUILDING_62212_DIVISION_COMPOSITE,PR_35,Ontario,2021A000235,66.9,"Index, 2023=100",2017-10-01,2017-12-31,STATCAN_BCPI_18100289,observed,2017-12-31,TR_STATCAN_BCPI_BC_ON_QC_REFERENCE_CLASSES_1_0_0,
OBS_BCPI_6493506AAAE77A70F5BD,BCPI_OFFICE_BUILDING_62212_DIVISION_COMPOSITE,PR_35,Ontario,2021A000235,67.9,"Index, 2023=100",2018-01-01,2018-03-31,STATCAN_BCPI_18100289,observed,2018-03-31,TR_STATCAN_BCPI_BC_ON_QC_REFERENCE_CLASSES_1_0_0,
OBS_BCPI_AF76BFB4FAAED4D6A721,BCPI_OFFICE_BUILDING_62212_DIVISION_COMPOSITE,PR_35,Ontario,2021A000235,69.2,"Index, 2023=100",2018-04-01,2018-06-30,STATCAN_BCPI_18100289,observed,2018-06-30,TR_STATCAN_BCPI_BC_ON_QC_REFERENCE_CLASSES_1_0_0,
OBS_BCPI_3FD5907EC84F195E953F,BCPI_OFFICE_BUILDING_62212_DIVISION_COMPOSITE,PR_35,Ontario,2021A000235,70.3,"Index, 2023=100",2018-07-01,2018-09-30,STATCAN_BCPI_18100289,observed,2018-09-30,TR_STATCAN_BCPI_BC_ON_QC_REFERENCE_CLASSES_1_0_0,
OBS_BCPI_FF0A00A74C42710CCD3F,BCPI_OFFICE_BUILDING_62212_DIVISION_COMPOSITE,PR_35,Ontario,2021A000235,70.9,"Index, 2023=100",2018-10-01,2018-12-31,STATCAN_BCPI_18100289,observed,2018-12-31,TR_STATCAN_BCPI_BC_ON_QC_REFERENCE_CLASSES_1_0_0,
OBS_BCPI_CB090260DFA679C80E3E,BCPI_OFFICE_BUILDING_62212_DIVISION_COMPOSITE,PR_35,Ontario,2021A000235,71.4,"Index, 2023=100",2019-01-01,2019-03-31,STATCAN_BCPI_18100289,observed,2019-03-31,TR_STATCAN_BCPI_BC_ON_QC_REFERENCE_CLASSES_1_0_0,
OBS_BCPI_A3F2529080969E6C7B65,BCPI_OFFICE_BUILDING_62212_DIVISION_COMPOSITE,PR_35,Ontario,2021A000235,72.0,"Index, 2023=100",2019-04-01,2019-06-30,STATCAN_BCPI_18100289,observed,2019-06-30,TR_STATCAN_BCPI_BC_ON_QC_REFERENCE_CLASSES_1_0_0,
OBS_BCPI_175B4FFC5BD0FFC18DF6,BCPI_OFFICE_BUILDING_62212_DIVISION_COMPOSITE,PR_35,Ontario,2021A000235,72.6,"Index, 2023=100",2019-07-01,2019-09-30,STATCAN_BCPI_18100289,observed,2019-09-30,TR_STATCAN_BCPI_BC_ON_QC_REFERENCE_CLASSES_1_0_0,
OBS_BCPI_555B2D4C1A8CCBDC52B2,BCPI_OFFICE_BUILDING_62212_DIVISION_COMPOSITE,PR_35,Ontario,2021A000235,73.0,"Index, 2023=100",2019-10-01,2019-12-31,STATCAN_BCPI_18100289,observed,2019-12-31,TR_STATCAN_BCPI_BC_ON_QC_REFERENCE_CLASSES_1_0_0,
OBS_BCPI_0AE60DEDA0AF9548F379,BCPI_OFFICE_BUILDING_62212_DIVISION_COMPOSITE,PR_35,Ontario,2021A000235,73.6,"Index, 2023=100",2020-01-01,2020-03-31,STATCAN_BCPI_18100289,observed,2020-03-31,TR_STATCAN_BCPI_BC_ON_QC_REFERENCE_CLASSES_1_0_0,
OBS_BCPI_F0923063A95085984A7A,BCPI_OFFICE_BUILDING_62212_DIVISION_COMPOSITE,PR_35,Ontario,2021A000235,73.9,"Index, 2023=100",2020-04-01,2020-06-30,STATCAN_BCPI_18100289,observed,2020-06-30,TR_STATCAN_BCPI_BC_ON_QC_REFERENCE_CLASSES_1_0_0,
OBS_BCPI_697A8A8869848A6CEF21,BCPI_OFFICE_BUILDING_62212_DIVISION_COMPOSITE,PR_35,Ontario,2021A000235,74.6,"Index, 2023=100",2020-07-01,2020-09-30,STATCAN_BCPI_18100289,observed,2020-09-30,TR_STATCAN_BCPI_BC_ON_QC_REFERENCE_CLASSES_1_0_0,
OBS_BCPI_861C4E771B58E501610E,BCPI_OFFICE_BUILDING_62212_DIVISION_COMPOSITE,PR_35,Ontario,2021A000235,74.7,"Index, 2023=100",2020-10-01,2020-12-31,STATCAN_BCPI_18100289,observed,2020-12-31,TR_STATCAN_BCPI_BC_ON_QC_REFERENCE_CLASSES_1_0_0,
OBS_BCPI_E941D0CB1EE71DF085C0,BCPI_OFFICE_BUILDING_62212_DIVISION_COMPOSITE,PR_35,Ontario,2021A000235,75.7,"Index, 2023=100",2021-01-01,2021-03-31,STATCAN_BCPI_18100289,observed,2021-03-31,TR_STATCAN_BCPI_BC_ON_QC_REFERENCE_CLASSES_1_0_0,
OBS_BCPI_E9FE5F37803103A3B843,BCPI_OFFICE_BUILDING_62212_DIVISION_COMPOSITE,PR_35,Ontario,2021A000235,79.3,"Index, 2023=100",2021-04-01,2021-06-30,STATCAN_BCPI_18100289,observed,2021-06-30,TR_STATCAN_BCPI_BC_ON_QC_REFERENCE_CLASSES_1_0_0,
OBS_BCPI_1FE3F7869009A3980051,BCPI_OFFICE_BUILDING_62212_DIVISION_COMPOSITE,PR_35,Ontario,2021A000235,82.5,"Index, 2023=100",2021-07-01,2021-09-30,STATCAN_BCPI_18100289,observed,2021-09-30,TR_STATCAN_BCPI_BC_ON_QC_REFERENCE_CLASSES_1_0_0,
OBS_BCPI_58B7AFDFE68F0FF5B0AF,BCPI_OFFICE_BUILDING_62212_DIVISION_COMPOSITE,PR_35,Ontario,2021A000235,85.4,"Index, 2023=100",2021-10-01,2021-12-31,STATCAN_BCPI_18100289,observed,2021-12-31,TR_STATCAN_BCPI_BC_ON_QC_REFERENCE_CLASSES_1_0_0,
OBS_BCPI_A2877D20A5789920809D,BCPI_OFFICE_BUILDING_62212_DIVISION_COMPOSITE,PR_35,Ontario,2021A000235,88.5,"Index, 2023=100",2022-01-01,2022-03-31,STATCAN_BCPI_18100289,observed,2022-03-31,TR_STATCAN_BCPI_BC_ON_QC_REFERENCE_CLASSES_1_0_0,
OBS_BCPI_CFE079D345A0D50D5FDB,BCPI_OFFICE_BUILDING_62212_DIVISION_COMPOSITE,PR_35,Ontario,2021A000235,92.0,"Index, 2023=100",2022-04-01,2022-06-30,STATCAN_BCPI_18100289,observed,2022-06-30,TR_STATCAN_BCPI_BC_ON_QC_REFERENCE_CLASSES_1_0_0,
OBS_BCPI_59B75D27677C49983E5F,BCPI_OFFICE_BUILDING_62212_DIVISION_COMPOSITE,PR_35,Ontario,2021A000235,94.4,"Index, 2023=100",2022-07-01,2022-09-30,STATCAN_BCPI_18100289,observed,2022-09-30,TR_STATCAN_BCPI_BC_ON_QC_REFERENCE_CLASSES_1_0_0,
OBS_BCPI_07B7FECCE192FC377AB9,BCPI_OFFICE_BUILDING_62212_DIVISION_COMPOSITE,PR_35,Ontario,2021A000235,96.4,"Index, 2023=100",2022-10-01,2022-12-31,STATCAN_BCPI_18100289,observed,2022-12-31,TR_STATCAN_BCPI_BC_ON_QC_REFERENCE_CLASSES_1_0_0,
OBS_BCPI_186F3DD31C1978D4B8A8,BCPI_OFFICE_BUILDING_62212_DIVISION_COMPOSITE,PR_35,Ontario,2021A000235,98.0,"Index, 2023=100",2023-01-01,2023-03-31,STATCAN_BCPI_18100289,observed,2023-03-31,TR_STATCAN_BCPI_BC_ON_QC_REFERENCE_CLASSES_1_0_0,
OBS_BCPI_BE7CAEF42C74B7AEF8E4,BCPI_OFFICE_BUILDING_62212_DIVISION_COMPOSITE,PR_35,Ontario,2021A000235,99.1,"Index, 2023=100",2023-04-01,2023-06-30,STATCAN_BCPI_18100289,observed,2023-06-30,TR_STATCAN_BCPI_BC_ON_QC_REFERENCE_CLASSES_1_0_0,
OBS_BCPI_06EFD657B9A911E6B380,BCPI_OFFICE_BUILDING_62212_DIVISION_COMPOSITE,PR_35,Ontario,2021A000235,101.2,"Index, 2023=100",2023-07-01,2023-09-30,STATCAN_BCPI_18100289,observed,2023-09-30,TR_STATCAN_BCPI_BC_ON_QC_REFERENCE_CLASSES_1_0_0,
OBS_BCPI_02CB42BCA1C3785D9BC4,BCPI_OFFICE_BUILDING_62212_DIVISION_COMPOSITE,PR_35,Ontario,2021A000235,101.7,"Index, 2023=100",2023-10-01,2023-12-31,STATCAN_BCPI_18100289,observed,2023-12-31,TR_STATCAN_BCPI_BC_ON_QC_REFERENCE_CLASSES_1_0_0,
OBS_BCPI_FEB57A7AB211DC9DCE69,BCPI_OFFICE_BUILDING_62212_DIVISION_COMPOSITE,PR_35,Ontario,2021A000235,102.5,"Index, 2023=100",2024-01-01,2024-03-31,STATCAN_BCPI_18100289,observed,2024-03-31,TR_STATCAN_BCPI_BC_ON_QC_REFERENCE_CLASSES_1_0_0,
OBS_BCPI_91943A3E015F13CAF46A,BCPI_OFFICE_BUILDING_62212_DIVISION_COMPOSITE,PR_35,Ontario,2021A000235,103.6,"Index, 2023=100",2024-04-01,2024-06-30,STATCAN_BCPI_18100289,observed,2024-06-30,TR_STATCAN_BCPI_BC_ON_QC_REFERENCE_CLASSES_1_0_0,
OBS_BCPI_443BDF52960D31FFFC2F,BCPI_OFFICE_BUILDING_62212_DIVISION_COMPOSITE,PR_35,Ontario,2021A000235,104.0,"Index, 2023=100",2024-07-01,2024-09-30,STATCAN_BCPI_18100289,observed,2024-09-30,TR_STATCAN_BCPI_BC_ON_QC_REFERENCE_CLASSES_1_0_0,
OBS_BCPI_905FBDF3EF06896A08A2,BCPI_OFFICE_BUILDING_62212_DIVISION_COMPOSITE,PR_35,Ontario,2021A000235,105.1,"Index, 2023=100",2024-10-01,2024-12-31,STATCAN_BCPI_18100289,observed,2024-12-31,TR_STATCAN_BCPI_BC_ON_QC_REFERENCE_CLASSES_1_0_0,
OBS_BCPI_64BCFF082924CADEC4F5,BCPI_OFFICE_BUILDING_62212_DIVISION_COMPOSITE,PR_35,Ontario,2021A000235,106.3,"Index, 2023=100",2025-01-01,2025-03-31,STATCAN_BCPI_18100289,observed,2025-03-31,TR_STATCAN_BCPI_BC_ON_QC_REFERENCE_CLASSES_1_0_0,
OBS_BCPI_0B23E1A7937AFBDC9EE6,BCPI_OFFICE_BUILDING_62212_DIVISION_COMPOSITE,PR_35,Ontario,2021A000235,107.2,"Index, 2023=100",2025-04-01,2025-06-30,STATCAN_BCPI_18100289,observed,2025-06-30,TR_STATCAN_BCPI_BC_ON_QC_REFERENCE_CLASSES_1_0_0,
OBS_BCPI_26ACD13CF14194B53E8E,BCPI_OFFICE_BUILDING_62212_DIVISION_COMPOSITE,PR_35,Ontario,2021A000235,107.7,"Index, 2023=100",2025-07-01,2025-09-30,STATCAN_BCPI_18100289,observed,2025-09-30,TR_STATCAN_BCPI_BC_ON_QC_REFERENCE_CLASSES_1_0_0,
OBS_BCPI_2D54DF70162833D0B800,BCPI_OFFICE_BUILDING_62212_DIVISION_COMPOSITE,PR_35,Ontario,2021A000235,108.3,"Index, 2023=100",2025-10-01,2025-12-31,STATCAN_BCPI_18100289,observed,2025-12-31,TR_STATCAN_BCPI_BC_ON_QC_REFERENCE_CLASSES_1_0_0,
OBS_BCPI_425AB474594A18ACAF25,BCPI_OFFICE_BUILDING_62212_DIVISION_COMPOSITE,PR_35,Ontario,2021A000235,108.7,"Index, 2023=100",2026-01-01,2026-03-31,STATCAN_BCPI_18100289,observed,2026-03-31,TR_STATCAN_BCPI_BC_ON_QC_REFERENCE_CLASSES_1_0_0,
OBS_BCPI_899D2B991D0FF2B1DB81,BCPI_OFFICE_BUILDING_62212_DIVISION_COMPOSITE,PR_35,Ontario,2021A000235,109.7,"Index, 2023=100",2026-04-01,2026-06-30,STATCAN_BCPI_18100289,observed,2026-06-30,TR_STATCAN_BCPI_BC_ON_QC_REFERENCE_CLASSES_1_0_0,
OBS_BCPI_BACKCAST_4903794720E07AAFD132,BCPI_SCHOOL_DIVISION_COMPOSITE,PR_35,Ontario,2021S0503535,19.228529,"Index, 2023=100",1981-01-01,1981-03-31,STATCAN_BCPI_18100289,inferred,1981-03-31,TR_AIIO_BCPI_PROVINCE_LINKED_CMA_BACKCAST_0_1,province_linked_cma_backcast;not_official_provincial_observation;reference_cma=CMA_535;anchor_period=2017-03-31
OBS_BCPI_BACKCAST_7F32981C72505E3FD121,BCPI_SCHOOL_DIVISION_COMPOSITE,PR_35,Ontario,2021S0503535,19.829421,"Index, 2023=100",1981-04-01,1981-06-30,STATCAN_BCPI_18100289,inferred,1981-06-30,TR_AIIO_BCPI_PROVINCE_LINKED_CMA_BACKCAST_0_1,province_linked_cma_backcast;not_official_provincial_observation;reference_cma=CMA_535;anchor_period=2017-03-31
OBS_BCPI_BACKCAST_D8945B672E4A77D786DD,BCPI_SCHOOL_DIVISION_COMPOSITE,PR_35,Ontario,2021S0503535,20.630609,"Index, 2023=100",1981-07-01,1981-09-30,STATCAN_BCPI_18100289,inferred,1981-09-30,TR_AIIO_BCPI_PROVINCE_LINKED_CMA_BACKCAST_0_1,province_linked_cma_backcast;not_official_provincial_observation;reference_cma=CMA_535;anchor_period=2017-03-31
OBS_BCPI_BACKCAST_50DC4471A87C9DA6A513,BCPI_SCHOOL_DIVISION_COMPOSITE,PR_35,Ontario,2021S0503535,21.331649,"Index, 2023=100",1981-10-01,1981-12-31,STATCAN_BCPI_18100289,inferred,1981-12-31,TR_AIIO_BCPI_PROVINCE_LINKED_CMA_BACKCAST_0_1,province_linked_cma_backcast;not_official_provincial_observation;reference_cma=CMA_535;anchor_period=2017-03-31
OBS_BCPI_BACKCAST_80FD06B4DADDB3C80BA1,BCPI_SCHOOL_DIVISION_COMPOSITE,PR_35,Ontario,2021S0503535,22.032689,"Index, 2023=100",1982-01-01,1982-03-31,STATCAN_BCPI_18100289,inferred,1982-03-31,TR_AIIO_BCPI_PROVINCE_LINKED_CMA_BACKCAST_0_1,province_linked_cma_backcast;not_official_provincial_observation;reference_cma=CMA_535;anchor_period=2017-03-31
OBS_BCPI_BACKCAST_D2002F2636805EBE20D8,BCPI_SCHOOL_DIVISION_COMPOSITE,PR_35,Ontario,2021S0503535,22.232987,"Index, 2023=100",1982-04-01,1982-06-30,STATCAN_BCPI_18100289,inferred,1982-06-30,TR_AIIO_BCPI_PROVINCE_LINKED_CMA_BACKCAST_0_1,province_linked_cma_backcast;not_official_provincial_observation;reference_cma=CMA_535;anchor_period=2017-03-31
OBS_BCPI_BACKCAST_67285EE7CCB6DF8A13BD,BCPI_SCHOOL_DIVISION_COMPOSITE,PR_35,Ontario,2021S0503535,22.633581,"Index, 2023=100",1982-07-01,1982-09-30,STATCAN_BCPI_18100289,inferred,1982-09-30,TR_AIIO_BCPI_PROVINCE_LINKED_CMA_BACKCAST_0_1,province_linked_cma_backcast;not_official_provincial_observation;reference_cma=CMA_535;anchor_period=2017-03-31
OBS_BCPI_BACKCAST_62F08B31D1EA9F290779,BCPI_SCHOOL_DIVISION_COMPOSITE,PR_35,Ontario,2021S0503535,22.633581,"Index, 2023=100",1982-10-01,1982-12-31,STATCAN_BCPI_18100289,inferred,1982-12-31,TR_AIIO_BCPI_PROVINCE_LINKED_CMA_BACKCAST_0_1,province_linked_cma_backcast;not_official_provincial_observation;reference_cma=CMA_535;anchor_period=2017-03-31
OBS_BCPI_BACKCAST_9DC20336C31F4B4684ED,BCPI_SCHOOL_DIVISION_COMPOSITE,PR_35,Ontario,2021S0503535,22.633581,"Index, 2023=100",1983-01-01,1983-03-31,STATCAN_BCPI_18100289,inferred,1983-03-31,TR_AIIO_BCPI_PROVINCE_LINKED_CMA_BACKCAST_0_1,province_linked_cma_backcast;not_official_provincial_observation;reference_cma=CMA_535;anchor_period=2017-03-31
OBS_BCPI_BACKCAST_813A9C0B48DBEE250C94,BCPI_SCHOOL_DIVISION_COMPOSITE,PR_35,Ontario,2021S0503535,23.134324,"Index, 2023=100",1983-04-01,1983-06-30,STATCAN_BCPI_18100289,inferred,1983-06-30,TR_AIIO_BCPI_PROVINCE_LINKED_CMA_BACKCAST_0_1,province_linked_cma_backcast;not_official_provincial_observation;reference_cma=CMA_535;anchor_period=2017-03-31
OBS_BCPI_BACKCAST_29C9F6213A8825319ECC,BCPI_SCHOOL_DIVISION_COMPOSITE,PR_35,Ontario,2021S0503535,23.43477,"Index, 2023=100",1983-07-01,1983-09-30,STATCAN_BCPI_18100289,inferred,1983-09-30,TR_AIIO_BCPI_PROVINCE_LINKED_CMA_BACKCAST_0_1,province_linked_cma_backcast;not_official_provincial_observation;reference_cma=CMA_535;anchor_period=2017-03-31
OBS_BCPI_BACKCAST_5B0EF288370CE2CD3639,BCPI_SCHOOL_DIVISION_COMPOSITE,PR_35,Ontario,2021S0503535,23.635067,"Index, 2023=100",1983-10-01,1983-12-31,STATCAN_BCPI_18100289,inferred,1983-12-31,TR_AIIO_BCPI_PROVINCE_LINKED_CMA_BACKCAST_0_1,province_linked_cma_backcast;not_official_provincial_observation;reference_cma=CMA_535;anchor_period=2017-03-31
OBS_BCPI_BACKCAST_63142366AB19A692844A,BCPI_SCHOOL_DIVISION_COMPOSITE,PR_35,Ontario,2021S0503535,23.735215,"Index, 2023=100",1984-01-01,1984-03-31,STATCAN_BCPI_18100289,inferred,1984-03-31,TR_AIIO_BCPI_PROVINCE_LINKED_CMA_BACKCAST_0_1,province_linked_cma_backcast;not_official_provincial_observation;reference_cma=CMA_535;anchor_period=2017-03-31
OBS_BCPI_BACKCAST_9C31803C5A154FC82012,BCPI_SCHOOL_DIVISION_COMPOSITE,PR_35,Ontario,2021S0503535,23.835364,"Index, 2023=100",1984-04-01,1984-06-30,STATCAN_BCPI_18100289,inferred,1984-06-30,TR_AIIO_BCPI_PROVINCE_LINKED_CMA_BACKCAST_0_1,province_linked_cma_backcast;not_official_provincial_observation;reference_cma=CMA_535;anchor_period=2017-03-31
OBS_BCPI_BACKCAST_57B890DA2183C68CC9C9,BCPI_SCHOOL_DIVISION_COMPOSITE,PR_35,Ontario,2021S0503535,24.13581,"Index, 2023=100",1984-07-01,1984-09-30,STATCAN_BCPI_18100289,inferred,1984-09-30,TR_AIIO_BCPI_PROVINCE_LINKED_CMA_BACKCAST_0_1,province_linked_cma_backcast;not_official_provincial_observation;reference_cma=CMA_535;anchor_period=2017-03-31
OBS_BCPI_BACKCAST_859B88490170AC4A32BF,BCPI_SCHOOL_DIVISION_COMPOSITE,PR_35,Ontario,2021S0503535,24.336107,"Index, 2023=100",1984-10-01,1984-12-31,STATCAN_BCPI_18100289,inferred,1984-12-31,TR_AIIO_BCPI_PROVINCE_LINKED_CMA_BACKCAST_0_1,province_linked_cma_backcast;not_official_provincial_observation;reference_cma=CMA_535;anchor_period=2017-03-31
OBS_BCPI_BACKCAST_867788727A73AB011844,BCPI_SCHOOL_DIVISION_COMPOSITE,PR_35,Ontario,2021S0503535,24.536404,"Index, 2023=100",1985-01-01,1985-03-31,STATCAN_BCPI_18100289,inferred,1985-03-31,TR_AIIO_BCPI_PROVINCE_LINKED_CMA_BACKCAST_0_1,province_linked_cma_backcast;not_official_provincial_observation;reference_cma=CMA_535;anchor_period=2017-03-31
OBS_BCPI_BACKCAST_7EF2E87F6614AB633B19,BCPI_SCHOOL_DIVISION_COMPOSITE,PR_35,Ontario,2021S0503535,24.83685,"Index, 2023=100",1985-04-01,1985-06-30,STATCAN_BCPI_18100289,inferred,1985-06-30,TR_AIIO_BCPI_PROVINCE_LINKED_CMA_BACKCAST_0_1,province_linked_cma_backcast;not_official_provincial_observation;reference_cma=CMA_535;anchor_period=2017-03-31
OBS_BCPI_BACKCAST_4383FAADB74F9CD041AB,BCPI_SCHOOL_DIVISION_COMPOSITE,PR_35,Ontario,2021S0503535,25.037147,"Index, 2023=100",1985-07-01,1985-09-30,STATCAN_BCPI_18100289,inferred,1985-09-30,TR_AIIO_BCPI_PROVINCE_LINKED_CMA_BACKCAST_0_1,province_linked_cma_backcast;not_official_provincial_observation;reference_cma=CMA_535;anchor_period=2017-03-31
OBS_BCPI_BACKCAST_83E688D9A0195CDAF144,BCPI_SCHOOL_DIVISION_COMPOSITE,PR_35,Ontario,2021S0503535,25.337593,"Index, 2023=100",1985-10-01,1985-12-31,STATCAN_BCPI_18100289,inferred,1985-12-31,TR_AIIO_BCPI_PROVINCE_LINKED_CMA_BACKCAST_0_1,province_linked_cma_backcast;not_official_provincial_observation;reference_cma=CMA_535;anchor_period=2017-03-31
OBS_BCPI_BACKCAST_C059A495E5B227F046DE,BCPI_SCHOOL_DIVISION_COMPOSITE,PR_35,Ontario,2021S0503535,25.53789,"Index, 2023=100",1986-01-01,1986-03-31,STATCAN_BCPI_18100289,inferred,1986-03-31,TR_AIIO_BCPI_PROVINCE_LINKED_CMA_BACKCAST_0_1,province_linked_cma_backcast;not_official_provincial_observation;reference_cma=CMA_535;anchor_period=2017-03-31
OBS_BCPI_BACKCAST_7EF7F8D690EA1C783775,BCPI_SCHOOL_DIVISION_COMPOSITE,PR_35,Ontario,2021S0503535,25.838336,"Index, 2023=100",1986-04-01,1986-06-30,STATCAN_BCPI_18100289,inferred,1986-06-30,TR_AIIO_BCPI_PROVINCE_LINKED_CMA_BACKCAST_0_1,province_linked_cma_backcast;not_official_provincial_observation;reference_cma=CMA_535;anchor_period=2017-03-31
OBS_BCPI_BACKCAST_993A97449F8E7A0D085A,BCPI_SCHOOL_DIVISION_COMPOSITE,PR_35,Ontario,2021S0503535,26.038633,"Index, 2023=100",1986-07-01,1986-09-30,STATCAN_BCPI_18100289,inferred,1986-09-30,TR_AIIO_BCPI_PROVINCE_LINKED_CMA_BACKCAST_0_1,province_linked_cma_backcast;not_official_provincial_observation;reference_cma=CMA_535;anchor_period=2017-03-31
OBS_BCPI_BACKCAST_91EC93E467CB94813385,BCPI_SCHOOL_DIVISION_COMPOSITE,PR_35,Ontario,2021S0503535,26.639525,"Index, 2023=100",1986-10-01,1986-12-31,STATCAN_BCPI_18100289,inferred,1986-12-31,TR_AIIO_BCPI_PROVINCE_LINKED_CMA_BACKCAST_0_1,province_linked_cma_backcast;not_official_provincial_observation;reference_cma=CMA_535;anchor_period=2017-03-31
OBS_BCPI_BACKCAST_2EB069D7B1B5BC56ABB1,BCPI_SCHOOL_DIVISION_COMPOSITE,PR_35,Ontario,2021S0503535,27.540862,"Index, 2023=100",1987-01-01,1987-03-31,STATCAN_BCPI_18100289,inferred,1987-03-31,TR_AIIO_BCPI_PROVINCE_LINKED_CMA_BACKCAST_0_1,province_linked_cma_backcast;not_official_provincial_observation;reference_cma=CMA_535;anchor_period=2017-03-31
OBS_BCPI_BACKCAST_B248F0129E0E844A27B9,BCPI_SCHOOL_DIVISION_COMPOSITE,PR_35,Ontario,2021S0503535,27.64101,"Index, 2023=100",1987-04-01,1987-06-30,STATCAN_BCPI_18100289,inferred,1987-06-30,TR_AIIO_BCPI_PROVINCE_LINKED_CMA_BACKCAST_0_1,province_linked_cma_backcast;not_official_provincial_observation;reference_cma=CMA_535;anchor_period=2017-03-31
OBS_BCPI_BACKCAST_02CB2355BE2CDD4E999B,BCPI_SCHOOL_DIVISION_COMPOSITE,PR_35,Ontario,2021S0503535,28.041605,"Index, 2023=100",1987-07-01,1987-09-30,STATCAN_BCPI_18100289,inferred,1987-09-30,TR_AIIO_BCPI_PROVINCE_LINKED_CMA_BACKCAST_0_1,province_linked_cma_backcast;not_official_provincial_observation;reference_cma=CMA_535;anchor_period=2017-03-31
OBS_BCPI_BACKCAST_9445EA315BAF61FEB99E,BCPI_SCHOOL_DIVISION_COMPOSITE,PR_35,Ontario,2021S0503535,28.241902,"Index, 2023=100",1987-10-01,1987-12-31,STATCAN_BCPI_18100289,inferred,1987-12-31,TR_AIIO_BCPI_PROVINCE_LINKED_CMA_BACKCAST_0_1,province_linked_cma_backcast;not_official_provincial_observation;reference_cma=CMA_535;anchor_period=2017-03-31
OBS_BCPI_BACKCAST_F278DED11747EE1366CF,BCPI_SCHOOL_DIVISION_COMPOSITE,PR_35,Ontario,2021S0503535,28.742645,"Index, 2023=100",1988-01-01,1988-03-31,STATCAN_BCPI_18100289,inferred,1988-03-31,TR_AIIO_BCPI_PROVINCE_LINKED_CMA_BACKCAST_0_1,province_linked_cma_backcast;not_official_provincial_observation;reference_cma=CMA_535;anchor_period=2017-03-31
OBS_BCPI_BACKCAST_566B0EFE690D3747D3F7,BCPI_SCHOOL_DIVISION_COMPOSITE,PR_35,Ontario,2021S0503535,29.744131,"Index, 2023=100",1988-04-01,1988-06-30,STATCAN_BCPI_18100289,inferred,1988-06-30,TR_AIIO_BCPI_PROVINCE_LINKED_CMA_BACKCAST_0_1,province_linked_cma_backcast;not_official_provincial_observation;reference_cma=CMA_535;anchor_period=2017-03-31
OBS_BCPI_BACKCAST_6D8016B6E571B55675A5,BCPI_SCHOOL_DIVISION_COMPOSITE,PR_35,Ontario,2021S0503535,30.244874,"Index, 2023=100",1988-07-01,1988-09-30,STATCAN_BCPI_18100289,inferred,1988-09-30,TR_AIIO_BCPI_PROVINCE_LINKED_CMA_BACKCAST_0_1,province_linked_cma_backcast;not_official_provincial_observation;reference_cma=CMA_535;anchor_period=2017-03-31
OBS_BCPI_BACKCAST_12EAFB683BA5A2C26CFD,BCPI_SCHOOL_DIVISION_COMPOSITE,PR_35,Ontario,2021S0503535,30.845765,"Index, 2023=100",1988-10-01,1988-12-31,STATCAN_BCPI_18100289,inferred,1988-12-31,TR_AIIO_BCPI_PROVINCE_LINKED_CMA_BACKCAST_0_1,province_linked_cma_backcast;not_official_provincial_observation;reference_cma=CMA_535;anchor_period=2017-03-31
OBS_BCPI_BACKCAST_74AB7DBFA76DCA8DAC51,BCPI_SCHOOL_DIVISION_COMPOSITE,PR_35,Ontario,2021S0503535,31.446657,"Index, 2023=100",1989-01-01,1989-03-31,STATCAN_BCPI_18100289,inferred,1989-03-31,TR_AIIO_BCPI_PROVINCE_LINKED_CMA_BACKCAST_0_1,province_linked_cma_backcast;not_official_provincial_observation;reference_cma=CMA_535;anchor_period=2017-03-31
OBS_BCPI_BACKCAST_E9076636DBA623EEC59B,BCPI_SCHOOL_DIVISION_COMPOSITE,PR_35,Ontario,2021S0503535,32.247845,"Index, 2023=100",1989-04-01,1989-06-30,STATCAN_BCPI_18100289,inferred,1989-06-30,TR_AIIO_BCPI_PROVINCE_LINKED_CMA_BACKCAST_0_1,province_linked_cma_backcast;not_official_provincial_observation;reference_cma=CMA_535;anchor_period=2017-03-31
OBS_BCPI_BACKCAST_7B92C2519DABC3C1BBB8,BCPI_SCHOOL_DIVISION_COMPOSITE,PR_35,Ontario,2021S0503535,32.548291,"Index, 2023=100",1989-07-01,1989-09-30,STATCAN_BCPI_18100289,inferred,1989-09-30,TR_AIIO_BCPI_PROVINCE_LINKED_CMA_BACKCAST_0_1,province_linked_cma_backcast;not_official_provincial_observation;reference_cma=CMA_535;anchor_period=2017-03-31
OBS_BCPI_BACKCAST_04F42A82A6DA639EEF3D,BCPI_SCHOOL_DIVISION_COMPOSITE,PR_35,Ontario,2021S0503535,32.748588,"Index, 2023=100",1989-10-01,1989-12-31,STATCAN_BCPI_18100289,inferred,1989-12-31,TR_AIIO_BCPI_PROVINCE_LINKED_CMA_BACKCAST_0_1,province_linked_cma_backcast;not_official_provincial_observation;reference_cma=CMA_535;anchor_period=2017-03-31
OBS_BCPI_BACKCAST_AA5DD293ACC2629A4962,BCPI_SCHOOL_DIVISION_COMPOSITE,PR_35,Ontario,2021S0503535,33.049034,"Index, 2023=100",1990-01-01,1990-03-31,STATCAN_BCPI_18100289,inferred,1990-03-31,TR_AIIO_BCPI_PROVINCE_LINKED_CMA_BACKCAST_0_1,province_linked_cma_backcast;not_official_provincial_observation;reference_cma=CMA_535;anchor_period=2017-03-31
OBS_BCPI_BACKCAST_5F562E1B592E6E886029,BCPI_SCHOOL_DIVISION_COMPOSITE,PR_35,Ontario,2021S0503535,33.750074,"Index, 2023=100",1990-04-01,1990-06-30,STATCAN_BCPI_18100289,inferred,1990-06-30,TR_AIIO_BCPI_PROVINCE_LINKED_CMA_BACKCAST_0_1,province_linked_cma_backcast;not_official_provincial_observation;reference_cma=CMA_535;anchor_period=2017-03-31
OBS_BCPI_BACKCAST_B2947CF9443643DD1F98,BCPI_SCHOOL_DIVISION_COMPOSITE,PR_35,Ontario,2021S0503535,33.249331,"Index, 2023=100",1990-07-01,1990-09-30,STATCAN_BCPI_18100289,inferred,1990-09-30,TR_AIIO_BCPI_PROVINCE_LINKED_CMA_BACKCAST_0_1,province_linked_cma_backcast;not_official_provincial_observation;reference_cma=CMA_535;anchor_period=2017-03-31
OBS_BCPI_BACKCAST_477CE28F5CBE67AC6998,BCPI_SCHOOL_DIVISION_COMPOSITE,PR_35,Ontario,2021S0503535,33.149183,"Index, 2023=100",1990-10-01,1990-12-31,STATCAN_BCPI_18100289,inferred,1990-12-31,TR_AIIO_BCPI_PROVINCE_LINKED_CMA_BACKCAST_0_1,province_linked_cma_backcast;not_official_provincial_observation;reference_cma=CMA_535;anchor_period=2017-03-31
OBS_BCPI_BACKCAST_D9152F7AA335D6C9C394,BCPI_SCHOOL_DIVISION_COMPOSITE,PR_35,Ontario,2021S0503535,32.147697,"Index, 2023=100",1991-01-01,1991-03-31,STATCAN_BCPI_18100289,inferred,1991-03-31,TR_AIIO_BCPI_PROVINCE_LINKED_CMA_BACKCAST_0_1,province_linked_cma_backcast;not_official_provincial_observation;reference_cma=CMA_535;anchor_period=2017-03-31
OBS_BCPI_BACKCAST_EAF5F17A285BCCEF8284,BCPI_SCHOOL_DIVISION_COMPOSITE,PR_35,Ontario,2021S0503535,31.9474,"Index, 2023=100",1991-04-01,1991-06-30,STATCAN_BCPI_18100289,inferred,1991-06-30,TR_AIIO_BCPI_PROVINCE_LINKED_CMA_BACKCAST_0_1,province_linked_cma_backcast;not_official_provincial_observation;reference_cma=CMA_535;anchor_period=2017-03-31
OBS_BCPI_BACKCAST_0CE672CCFE2FE8D37C93,BCPI_SCHOOL_DIVISION_COMPOSITE,PR_35,Ontario,2021S0503535,32.047548,"Index, 2023=100",1991-07-01,1991-09-30,STATCAN_BCPI_18100289,inferred,1991-09-30,TR_AIIO_BCPI_PROVINCE_LINKED_CMA_BACKCAST_0_1,province_linked_cma_backcast;not_official_provincial_observation;reference_cma=CMA_535;anchor_period=2017-03-31
OBS_BCPI_BACKCAST_AD992A2CB32AC71C73E7,BCPI_SCHOOL_DIVISION_COMPOSITE,PR_35,Ontario,2021S0503535,31.9474,"Index, 2023=100",1991-10-01,1991-12-31,STATCAN_BCPI_18100289,inferred,1991-12-31,TR_AIIO_BCPI_PROVINCE_LINKED_CMA_BACKCAST_0_1,province_linked_cma_backcast;not_official_provincial_observation;reference_cma=CMA_535;anchor_period=2017-03-31
OBS_BCPI_BACKCAST_3DC1B10EAE783516F5E3,BCPI_SCHOOL_DIVISION_COMPOSITE,PR_35,Ontario,2021S0503535,31.9474,"Index, 2023=100",1992-01-01,1992-03-31,STATCAN_BCPI_18100289,inferred,1992-03-31,TR_AIIO_BCPI_PROVINCE_LINKED_CMA_BACKCAST_0_1,province_linked_cma_backcast;not_official_provincial_observation;reference_cma=CMA_535;anchor_period=2017-03-31
OBS_BCPI_BACKCAST_1DE912E7AE2A06A985DF,BCPI_SCHOOL_DIVISION_COMPOSITE,PR_35,Ontario,2021S0503535,31.9474,"Index, 2023=100",1992-04-01,1992-06-30,STATCAN_BCPI_18100289,inferred,1992-06-30,TR_AIIO_BCPI_PROVINCE_LINKED_CMA_BACKCAST_0_1,province_linked_cma_backcast;not_official_provincial_observation;reference_cma=CMA_535;anchor_period=2017-03-31
OBS_BCPI_BACKCAST_5BE1C93FDC12D9F0C77C,BCPI_SCHOOL_DIVISION_COMPOSITE,PR_35,Ontario,2021S0503535,31.9474,"Index, 2023=100",1992-07-01,1992-09-30,STATCAN_BCPI_18100289,inferred,1992-09-30,TR_AIIO_BCPI_PROVINCE_LINKED_CMA_BACKCAST_0_1,province_linked_cma_backcast;not_official_provincial_observation;reference_cma=CMA_535;anchor_period=2017-03-31
OBS_BCPI_BACKCAST_2FBE757FC256148B2203,BCPI_SCHOOL_DIVISION_COMPOSITE,PR_35,Ontario,2021S0503535,32.047548,"Index, 2023=100",1992-10-01,1992-12-31,STATCAN_BCPI_18100289,inferred,1992-12-31,TR_AIIO_BCPI_PROVINCE_LINKED_CMA_BACKCAST_0_1,province_linked_cma_backcast;not_official_provincial_observation;reference_cma=CMA_535;anchor_period=2017-03-31
OBS_BCPI_BACKCAST_18ED2080F91216D706CC,BCPI_SCHOOL_DIVISION_COMPOSITE,PR_35,Ontario,2021S0503535,31.9474,"Index, 2023=100",1993-01-01,1993-03-31,STATCAN_BCPI_18100289,inferred,1993-03-31,TR_AIIO_BCPI_PROVINCE_LINKED_CMA_BACKCAST_0_1,province_linked_cma_backcast;not_official_provincial_observation;reference_cma=CMA_535;anchor_period=2017-03-31
OBS_BCPI_BACKCAST_2676DC0E668D22AC1B61,BCPI_SCHOOL_DIVISION_COMPOSITE,PR_35,Ontario,2021S0503535,32.247845,"Index, 2023=100",1993-04-01,1993-06-30,STATCAN_BCPI_18100289,inferred,1993-06-30,TR_AIIO_BCPI_PROVINCE_LINKED_CMA_BACKCAST_0_1,province_linked_cma_backcast;not_official_provincial_observation;reference_cma=CMA_535;anchor_period=2017-03-31
OBS_BCPI_BACKCAST_52CB870D1789E5D5FD10,BCPI_SCHOOL_DIVISION_COMPOSITE,PR_35,Ontario,2021S0503535,32.347994,"Index, 2023=100",1993-07-01,1993-09-30,STATCAN_BCPI_18100289,inferred,1993-09-30,TR_AIIO_BCPI_PROVINCE_LINKED_CMA_BACKCAST_0_1,province_linked_cma_backcast;not_official_provincial_observation;reference_cma=CMA_535;anchor_period=2017-03-31
OBS_BCPI_BACKCAST_F7815CAAA448C7A81EC6,BCPI_SCHOOL_DIVISION_COMPOSITE,PR_35,Ontario,2021S0503535,32.448143,"Index, 2023=100",1993-10-01,1993-12-31,STATCAN_BCPI_18100289,inferred,1993-12-31,TR_AIIO_BCPI_PROVINCE_LINKED_CMA_BACKCAST_0_1,province_linked_cma_backcast;not_official_provincial_observation;reference_cma=CMA_535;anchor_period=2017-03-31
OBS_BCPI_BACKCAST_6397EF1145EF66BBDB6F,BCPI_SCHOOL_DIVISION_COMPOSITE,PR_35,Ontario,2021S0503535,32.448143,"Index, 2023=100",1994-01-01,1994-03-31,STATCAN_BCPI_18100289,inferred,1994-03-31,TR_AIIO_BCPI_PROVINCE_LINKED_CMA_BACKCAST_0_1,province_linked_cma_backcast;not_official_provincial_observation;reference_cma=CMA_535;anchor_period=2017-03-31
OBS_BCPI_BACKCAST_024DAF9246DED731C806,BCPI_SCHOOL_DIVISION_COMPOSITE,PR_35,Ontario,2021S0503535,33.049034,"Index, 2023=100",1994-04-01,1994-06-30,STATCAN_BCPI_18100289,inferred,1994-06-30,TR_AIIO_BCPI_PROVINCE_LINKED_CMA_BACKCAST_0_1,province_linked_cma_backcast;not_official_provincial_observation;reference_cma=CMA_535;anchor_period=2017-03-31
OBS_BCPI_BACKCAST_9F89248EE668939990C7,BCPI_SCHOOL_DIVISION_COMPOSITE,PR_35,Ontario,2021S0503535,33.449629,"Index, 2023=100",1994-07-01,1994-09-30,STATCAN_BCPI_18100289,inferred,1994-09-30,TR_AIIO_BCPI_PROVINCE_LINKED_CMA_BACKCAST_0_1,province_linked_cma_backcast;not_official_provincial_observation;reference_cma=CMA_535;anchor_period=2017-03-31
OBS_BCPI_BACKCAST_89C19226AAD892B30B7F,BCPI_SCHOOL_DIVISION_COMPOSITE,PR_35,Ontario,2021S0503535,33.649926,"Index, 2023=100",1994-10-01,1994-12-31,STATCAN_BCPI_18100289,inferred,1994-12-31,TR_AIIO_BCPI_PROVINCE_LINKED_CMA_BACKCAST_0_1,province_linked_cma_backcast;not_official_provincial_observation;reference_cma=CMA_535;anchor_period=2017-03-31
OBS_BCPI_BACKCAST_B0D55F9061D0C9357C58,BCPI_SCHOOL_DIVISION_COMPOSITE,PR_35,Ontario,2021S0503535,33.950371,"Index, 2023=100",1995-01-01,1995-03-31,STATCAN_BCPI_18100289,inferred,1995-03-31,TR_AIIO_BCPI_PROVINCE_LINKED_CMA_BACKCAST_0_1,province_linked_cma_backcast;not_official_provincial_observation;reference_cma=CMA_535;anchor_period=2017-03-31
OBS_BCPI_BACKCAST_DA34972F63EC7DF5D496,BCPI_SCHOOL_DIVISION_COMPOSITE,PR_35,Ontario,2021S0503535,33.950371,"Index, 2023=100",1995-04-01,1995-06-30,STATCAN_BCPI_18100289,inferred,1995-06-30,TR_AIIO_BCPI_PROVINCE_LINKED_CMA_BACKCAST_0_1,province_linked_cma_backcast;not_official_provincial_observation;reference_cma=CMA_535;anchor_period=2017-03-31
OBS_BCPI_BACKCAST_F9AD7AAAFD794DB3756D,BCPI_SCHOOL_DIVISION_COMPOSITE,PR_35,Ontario,2021S0503535,34.250817,"Index, 2023=100",1995-07-01,1995-09-30,STATCAN_BCPI_18100289,inferred,1995-09-30,TR_AIIO_BCPI_PROVINCE_LINKED_CMA_BACKCAST_0_1,province_linked_cma_backcast;not_official_provincial_observation;reference_cma=CMA_535;anchor_period=2017-03-31
OBS_BCPI_BACKCAST_979AEB01BF2AA5B762CA,BCPI_SCHOOL_DIVISION_COMPOSITE,PR_35,Ontario,2021S0503535,34.451114,"Index, 2023=100",1995-10-01,1995-12-31,STATCAN_BCPI_18100289,inferred,1995-12-31,TR_AIIO_BCPI_PROVINCE_LINKED_CMA_BACKCAST_0_1,province_linked_cma_backcast;not_official_provincial_observation;reference_cma=CMA_535;anchor_period=2017-03-31
OBS_BCPI_BACKCAST_33F9BF4D0306C08AFA3E,BCPI_SCHOOL_DIVISION_COMPOSITE,PR_35,Ontario,2021S0503535,34.551263,"Index, 2023=100",1996-01-01,1996-03-31,STATCAN_BCPI_18100289,inferred,1996-03-31,TR_AIIO_BCPI_PROVINCE_LINKED_CMA_BACKCAST_0_1,province_linked_cma_backcast;not_official_provincial_observation;reference_cma=CMA_535;anchor_period=2017-03-31
OBS_BCPI_BACKCAST_5078427F9328F409C6AC,BCPI_SCHOOL_DIVISION_COMPOSITE,PR_35,Ontario,2021S0503535,34.75156,"Index, 2023=100",1996-04-01,1996-06-30,STATCAN_BCPI_18100289,inferred,1996-06-30,TR_AIIO_BCPI_PROVINCE_LINKED_CMA_BACKCAST_0_1,province_linked_cma_backcast;not_official_provincial_observation;reference_cma=CMA_535;anchor_period=2017-03-31
OBS_BCPI_BACKCAST_9FCD0EAD20D1C6DEC1B5,BCPI_SCHOOL_DIVISION_COMPOSITE,PR_35,Ontario,2021S0503535,34.951857,"Index, 2023=100",1996-07-01,1996-09-30,STATCAN_BCPI_18100289,inferred,1996-09-30,TR_AIIO_BCPI_PROVINCE_LINKED_CMA_BACKCAST_0_1,province_linked_cma_backcast;not_official_provincial_observation;reference_cma=CMA_535;anchor_period=2017-03-31
OBS_BCPI_BACKCAST_087F430FB9ADA2FDEABF,BCPI_SCHOOL_DIVISION_COMPOSITE,PR_35,Ontario,2021S0503535,35.052006,"Index, 2023=100",1996-10-01,1996-12-31,STATCAN_BCPI_18100289,inferred,1996-12-31,TR_AIIO_BCPI_PROVINCE_LINKED_CMA_BACKCAST_0_1,province_linked_cma_backcast;not_official_provincial_observation;reference_cma=CMA_535;anchor_period=2017-03-31
OBS_BCPI_BACKCAST_BCD5F27F6F51F9443C4C,BCPI_SCHOOL_DIVISION_COMPOSITE,PR_35,Ontario,2021S0503535,35.252303,"Index, 2023=100",1997-01-01,1997-03-31,STATCAN_BCPI_18100289,inferred,1997-03-31,TR_AIIO_BCPI_PROVINCE_LINKED_CMA_BACKCAST_0_1,province_linked_cma_backcast;not_official_provincial_observation;reference_cma=CMA_535;anchor_period=2017-03-31
OBS_BCPI_BACKCAST_08D0579D1223A7D77319,BCPI_SCHOOL_DIVISION_COMPOSITE,PR_35,Ontario,2021S0503535,35.652897,"Index, 2023=100",1997-04-01,1997-06-30,STATCAN_BCPI_18100289,inferred,1997-06-30,TR_AIIO_BCPI_PROVINCE_LINKED_CMA_BACKCAST_0_1,province_linked_cma_backcast;not_official_provincial_observation;reference_cma=CMA_535;anchor_period=2017-03-31
OBS_BCPI_BACKCAST_95EFED03E1758C958F26,BCPI_SCHOOL_DIVISION_COMPOSITE,PR_35,Ontario,2021S0503535,35.753046,"Index, 2023=100",1997-07-01,1997-09-30,STATCAN_BCPI_18100289,inferred,1997-09-30,TR_AIIO_BCPI_PROVINCE_LINKED_CMA_BACKCAST_0_1,province_linked_cma_backcast;not_official_provincial_observation;reference_cma=CMA_535;anchor_period=2017-03-31
OBS_BCPI_BACKCAST_678F880507D8599AD0CE,BCPI_SCHOOL_DIVISION_COMPOSITE,PR_35,Ontario,2021S0503535,35.953343,"Index, 2023=100",1997-10-01,1997-12-31,STATCAN_BCPI_18100289,inferred,1997-12-31,TR_AIIO_BCPI_PROVINCE_LINKED_CMA_BACKCAST_0_1,province_linked_cma_backcast;not_official_provincial_observation;reference_cma=CMA_535;anchor_period=2017-03-31
OBS_BCPI_BACKCAST_6B1315577BFC6284EC17,BCPI_SCHOOL_DIVISION_COMPOSITE,PR_35,Ontario,2021S0503535,35.953343,"Index, 2023=100",1998-01-01,1998-03-31,STATCAN_BCPI_18100289,inferred,1998-03-31,TR_AIIO_BCPI_PROVINCE_LINKED_CMA_BACKCAST_0_1,province_linked_cma_backcast;not_official_provincial_observation;reference_cma=CMA_535;anchor_period=2017-03-31
OBS_BCPI_BACKCAST_7CA7BE82D5F5CE2BBE58,BCPI_SCHOOL_DIVISION_COMPOSITE,PR_35,Ontario,2021S0503535,36.15364,"Index, 2023=100",1998-04-01,1998-06-30,STATCAN_BCPI_18100289,inferred,1998-06-30,TR_AIIO_BCPI_PROVINCE_LINKED_CMA_BACKCAST_0_1,province_linked_cma_backcast;not_official_provincial_observation;reference_cma=CMA_535;anchor_period=2017-03-31
OBS_BCPI_BACKCAST_4878FAB5C47AFA05E297,BCPI_SCHOOL_DIVISION_COMPOSITE,PR_35,Ontario,2021S0503535,36.353938,"Index, 2023=100",1998-07-01,1998-09-30,STATCAN_BCPI_18100289,inferred,1998-09-30,TR_AIIO_BCPI_PROVINCE_LINKED_CMA_BACKCAST_0_1,province_linked_cma_backcast;not_official_provincial_observation;reference_cma=CMA_535;anchor_period=2017-03-31
OBS_BCPI_BACKCAST_E6DBABB5D46C1EB78E8B,BCPI_SCHOOL_DIVISION_COMPOSITE,PR_35,Ontario,2021S0503535,36.554235,"Index, 2023=100",1998-10-01,1998-12-31,STATCAN_BCPI_18100289,inferred,1998-12-31,TR_AIIO_BCPI_PROVINCE_LINKED_CMA_BACKCAST_0_1,province_linked_cma_backcast;not_official_provincial_observation;reference_cma=CMA_535;anchor_period=2017-03-31
OBS_BCPI_BACKCAST_E14854AF32B530D194F2,BCPI_SCHOOL_DIVISION_COMPOSITE,PR_35,Ontario,2021S0503535,36.654383,"Index, 2023=100",1999-01-01,1999-03-31,STATCAN_BCPI_18100289,inferred,1999-03-31,TR_AIIO_BCPI_PROVINCE_LINKED_CMA_BACKCAST_0_1,province_linked_cma_backcast;not_official_provincial_observation;reference_cma=CMA_535;anchor_period=2017-03-31
OBS_BCPI_BACKCAST_656ED04C619D15843C94,BCPI_SCHOOL_DIVISION_COMPOSITE,PR_35,Ontario,2021S0503535,36.954829,"Index, 2023=100",1999-04-01,1999-06-30,STATCAN_BCPI_18100289,inferred,1999-06-30,TR_AIIO_BCPI_PROVINCE_LINKED_CMA_BACKCAST_0_1,province_linked_cma_backcast;not_official_provincial_observation;reference_cma=CMA_535;anchor_period=2017-03-31
OBS_BCPI_BACKCAST_42B12FF61407A3CB47A3,BCPI_SCHOOL_DIVISION_COMPOSITE,PR_35,Ontario,2021S0503535,37.255275,"Index, 2023=100",1999-07-01,1999-09-30,STATCAN_BCPI_18100289,inferred,1999-09-30,TR_AIIO_BCPI_PROVINCE_LINKED_CMA_BACKCAST_0_1,province_linked_cma_backcast;not_official_provincial_observation;reference_cma=CMA_535;anchor_period=2017-03-31
OBS_BCPI_BACKCAST_56BF47C0ECB9767CD40C,BCPI_SCHOOL_DIVISION_COMPOSITE,PR_35,Ontario,2021S0503535,37.455572,"Index, 2023=100",1999-10-01,1999-12-31,STATCAN_BCPI_18100289,inferred,1999-12-31,TR_AIIO_BCPI_PROVINCE_LINKED_CMA_BACKCAST_0_1,province_linked_cma_backcast;not_official_provincial_observation;reference_cma=CMA_535;anchor_period=2017-03-31
OBS_BCPI_BACKCAST_A1C15BB5D851BE1FBC0A,BCPI_SCHOOL_DIVISION_COMPOSITE,PR_35,Ontario,2021S0503535,37.856166,"Index, 2023=100",2000-01-01,2000-03-31,STATCAN_BCPI_18100289,inferred,2000-03-31,TR_AIIO_BCPI_PROVINCE_LINKED_CMA_BACKCAST_0_1,province_linked_cma_backcast;not_official_provincial_observation;reference_cma=CMA_535;anchor_period=2017-03-31
OBS_BCPI_BACKCAST_DBF05AE3863476BE6236,BCPI_SCHOOL_DIVISION_COMPOSITE,PR_35,Ontario,2021S0503535,39.358395,"Index, 2023=100",2000-04-01,2000-06-30,STATCAN_BCPI_18100289,inferred,2000-06-30,TR_AIIO_BCPI_PROVINCE_LINKED_CMA_BACKCAST_0_1,province_linked_cma_backcast;not_official_provincial_observation;reference_cma=CMA_535;anchor_period=2017-03-31
OBS_BCPI_BACKCAST_CECBBD513DEB6FAA557D,BCPI_SCHOOL_DIVISION_COMPOSITE,PR_35,Ontario,2021S0503535,39.959287,"Index, 2023=100",2000-07-01,2000-09-30,STATCAN_BCPI_18100289,inferred,2000-09-30,TR_AIIO_BCPI_PROVINCE_LINKED_CMA_BACKCAST_0_1,province_linked_cma_backcast;not_official_provincial_observation;reference_cma=CMA_535;anchor_period=2017-03-31
OBS_BCPI_BACKCAST_0DD645783DF68602DB66,BCPI_SCHOOL_DIVISION_COMPOSITE,PR_35,Ontario,2021S0503535,40.560178,"Index, 2023=100",2000-10-01,2000-12-31,STATCAN_BCPI_18100289,inferred,2000-12-31,TR_AIIO_BCPI_PROVINCE_LINKED_CMA_BACKCAST_0_1,province_linked_cma_backcast;not_official_provincial_observation;reference_cma=CMA_535;anchor_period=2017-03-31
OBS_BCPI_BACKCAST_537F3FF3C605D76F7751,BCPI_SCHOOL_DIVISION_COMPOSITE,PR_35,Ontario,2021S0503535,40.660327,"Index, 2023=100",2001-01-01,2001-03-31,STATCAN_BCPI_18100289,inferred,2001-03-31,TR_AIIO_BCPI_PROVINCE_LINKED_CMA_BACKCAST_0_1,province_linked_cma_backcast;not_official_provincial_observation;reference_cma=CMA_535;anchor_period=2017-03-31
OBS_BCPI_BACKCAST_5615E9485B67D3488396,BCPI_SCHOOL_DIVISION_COMPOSITE,PR_35,Ontario,2021S0503535,41.261218,"Index, 2023=100",2001-04-01,2001-06-30,STATCAN_BCPI_18100289,inferred,2001-06-30,TR_AIIO_BCPI_PROVINCE_LINKED_CMA_BACKCAST_0_1,province_linked_cma_backcast;not_official_provincial_observation;reference_cma=CMA_535;anchor_period=2017-03-31
OBS_BCPI_BACKCAST_9385742ACEAB7524337C,BCPI_SCHOOL_DIVISION_COMPOSITE,PR_35,Ontario,2021S0503535,41.261218,"Index, 2023=100",2001-07-01,2001-09-30,STATCAN_BCPI_18100289,inferred,2001-09-30,TR_AIIO_BCPI_PROVINCE_LINKED_CMA_BACKCAST_0_1,province_linked_cma_backcast;not_official_provincial_observation;reference_cma=CMA_535;anchor_period=2017-03-31
OBS_BCPI_BACKCAST_7B59B82F79E1D8C7240F,BCPI_SCHOOL_DIVISION_COMPOSITE,PR_35,Ontario,2021S0503535,40.960773,"Index, 2023=100",2001-10-01,2001-12-31,STATCAN_BCPI_18100289,inferred,2001-12-31,TR_AIIO_BCPI_PROVINCE_LINKED_CMA_BACKCAST_0_1,province_linked_cma_backcast;not_official_provincial_observation;reference_cma=CMA_535;anchor_period=2017-03-31
OBS_BCPI_BACKCAST_C7E6C9C24BBAA02A959D,BCPI_SCHOOL_DIVISION_COMPOSITE,PR_35,Ontario,2021S0503535,41.361367,"Index, 2023=100",2002-01-01,2002-03-31,STATCAN_BCPI_18100289,inferred,2002-03-31,TR_AIIO_BCPI_PROVINCE_LINKED_CMA_BACKCAST_0_1,province_linked_cma_backcast;not_official_provincial_observation;reference_cma=CMA_535;anchor_period=2017-03-31
OBS_BCPI_BACKCAST_A67913458103F0AFA96D,BCPI_SCHOOL_DIVISION_COMPOSITE,PR_35,Ontario,2021S0503535,41.461516,"Index, 2023=100",2002-04-01,2002-06-30,STATCAN_BCPI_18100289,inferred,2002-06-30,TR_AIIO_BCPI_PROVINCE_LINKED_CMA_BACKCAST_0_1,province_linked_cma_backcast;not_official_provincial_observation;reference_cma=CMA_535;anchor_period=2017-03-31
OBS_BCPI_BACKCAST_8D525D9624619D7F2DCD,BCPI_SCHOOL_DIVISION_COMPOSITE,PR_35,Ontario,2021S0503535,41.661813,"Index, 2023=100",2002-07-01,2002-09-30,STATCAN_BCPI_18100289,inferred,2002-09-30,TR_AIIO_BCPI_PROVINCE_LINKED_CMA_BACKCAST_0_1,province_linked_cma_backcast;not_official_provincial_observation;reference_cma=CMA_535;anchor_period=2017-03-31
OBS_BCPI_BACKCAST_9C86F8E53B0A8EB2F3F7,BCPI_SCHOOL_DIVISION_COMPOSITE,PR_35,Ontario,2021S0503535,41.86211,"Index, 2023=100",2002-10-01,2002-12-31,STATCAN_BCPI_18100289,inferred,2002-12-31,TR_AIIO_BCPI_PROVINCE_LINKED_CMA_BACKCAST_0_1,province_linked_cma_backcast;not_official_provincial_observation;reference_cma=CMA_535;anchor_period=2017-03-31
OBS_BCPI_BACKCAST_B4E647AEE02C32A27014,BCPI_SCHOOL_DIVISION_COMPOSITE,PR_35,Ontario,2021S0503535,42.56315,"Index, 2023=100",2003-01-01,2003-03-31,STATCAN_BCPI_18100289,inferred,2003-03-31,TR_AIIO_BCPI_PROVINCE_LINKED_CMA_BACKCAST_0_1,province_linked_cma_backcast;not_official_provincial_observation;reference_cma=CMA_535;anchor_period=2017-03-31
OBS_BCPI_BACKCAST_248185FCA765FB7868AC,BCPI_SCHOOL_DIVISION_COMPOSITE,PR_35,Ontario,2021S0503535,42.963744,"Index, 2023=100",2003-04-01,2003-06-30,STATCAN_BCPI_18100289,inferred,2003-06-30,TR_AIIO_BCPI_PROVINCE_LINKED_CMA_BACKCAST_0_1,province_linked_cma_backcast;not_official_provincial_observation;reference_cma=CMA_535;anchor_period=2017-03-31
OBS_BCPI_BACKCAST_5F2CDB62D676CED3CC62,BCPI_SCHOOL_DIVISION_COMPOSITE,PR_35,Ontario,2021S0503535,43.26419,"Index, 2023=100",2003-07-01,2003-09-30,STATCAN_BCPI_18100289,inferred,2003-09-30,TR_AIIO_BCPI_PROVINCE_LINKED_CMA_BACKCAST_0_1,province_linked_cma_backcast;not_official_provincial_observation;reference_cma=CMA_535;anchor_period=2017-03-31
OBS_BCPI_BACKCAST_3A40B8DA6E3AF5FEF60A,BCPI_SCHOOL_DIVISION_COMPOSITE,PR_35,Ontario,2021S0503535,43.464487,"Index, 2023=100",2003-10-01,2003-12-31,STATCAN_BCPI_18100289,inferred,2003-12-31,TR_AIIO_BCPI_PROVINCE_LINKED_CMA_BACKCAST_0_1,province_linked_cma_backcast;not_official_provincial_observation;reference_cma=CMA_535;anchor_period=2017-03-31
OBS_BCPI_BACKCAST_9C342819FD7B2ED04E92,BCPI_SCHOOL_DIVISION_COMPOSITE,PR_35,Ontario,2021S0503535,44.365825,"Index, 2023=100",2004-01-01,2004-03-31,STATCAN_BCPI_18100289,inferred,2004-03-31,TR_AIIO_BCPI_PROVINCE_LINKED_CMA_BACKCAST_0_1,province_linked_cma_backcast;not_official_provincial_observation;reference_cma=CMA_535;anchor_period=2017-03-31
OBS_BCPI_BACKCAST_19BC882E24367DA2F903,BCPI_SCHOOL_DIVISION_COMPOSITE,PR_35,Ontario,2021S0503535,45.367311,"Index, 2023=100",2004-04-01,2004-06-30,STATCAN_BCPI_18100289,inferred,2004-06-30,TR_AIIO_BCPI_PROVINCE_LINKED_CMA_BACKCAST_0_1,province_linked_cma_backcast;not_official_provincial_observation;reference_cma=CMA_535;anchor_period=2017-03-31
OBS_BCPI_BACKCAST_594239CF1A7EE4383511,BCPI_SCHOOL_DIVISION_COMPOSITE,PR_35,Ontario,2021S0503535,46.468945,"Index, 2023=100",2004-07-01,2004-09-30,STATCAN_BCPI_18100289,inferred,2004-09-30,TR_AIIO_BCPI_PROVINCE_LINKED_CMA_BACKCAST_0_1,province_linked_cma_backcast;not_official_provincial_observation;reference_cma=CMA_535;anchor_period=2017-03-31
OBS_BCPI_BACKCAST_5942B91A8E64D9F51881,BCPI_SCHOOL_DIVISION_COMPOSITE,PR_35,Ontario,2021S0503535,46.969688,"Index, 2023=100",2004-10-01,2004-12-31,STATCAN_BCPI_18100289,inferred,2004-12-31,TR_AIIO_BCPI_PROVINCE_LINKED_CMA_BACKCAST_0_1,province_linked_cma_backcast;not_official_provincial_observation;reference_cma=CMA_535;anchor_period=2017-03-31
OBS_BCPI_BACKCAST_F825DEF36F86DDDFB234,BCPI_SCHOOL_DIVISION_COMPOSITE,PR_35,Ontario,2021S0503535,46.969688,"Index, 2023=100",2005-01-01,2005-03-31,STATCAN_BCPI_18100289,inferred,2005-03-31,TR_AIIO_BCPI_PROVINCE_LINKED_CMA_BACKCAST_0_1,province_linked_cma_backcast;not_official_provincial_observation;reference_cma=CMA_535;anchor_period=2017-03-31
OBS_BCPI_BACKCAST_684259F0FD36D16F84FF,BCPI_SCHOOL_DIVISION_COMPOSITE,PR_35,Ontario,2021S0503535,47.570579,"Index, 2023=100",2005-04-01,2005-06-30,STATCAN_BCPI_18100289,inferred,2005-06-30,TR_AIIO_BCPI_PROVINCE_LINKED_CMA_BACKCAST_0_1,province_linked_cma_backcast;not_official_provincial_observation;reference_cma=CMA_535;anchor_period=2017-03-31
OBS_BCPI_BACKCAST_D6782ADE8019FE918E54,BCPI_SCHOOL_DIVISION_COMPOSITE,PR_35,Ontario,2021S0503535,48.471917,"Index, 2023=100",2005-07-01,2005-09-30,STATCAN_BCPI_18100289,inferred,2005-09-30,TR_AIIO_BCPI_PROVINCE_LINKED_CMA_BACKCAST_0_1,province_linked_cma_backcast;not_official_provincial_observation;reference_cma=CMA_535;anchor_period=2017-03-31
OBS_BCPI_BACKCAST_9488E81DDECC2BDD57C1,BCPI_SCHOOL_DIVISION_COMPOSITE,PR_35,Ontario,2021S0503535,49.072808,"Index, 2023=100",2005-10-01,2005-12-31,STATCAN_BCPI_18100289,inferred,2005-12-31,TR_AIIO_BCPI_PROVINCE_LINKED_CMA_BACKCAST_0_1,province_linked_cma_backcast;not_official_provincial_observation;reference_cma=CMA_535;anchor_period=2017-03-31
OBS_BCPI_BACKCAST_9CE56D766E781641E64C,BCPI_SCHOOL_DIVISION_COMPOSITE,PR_35,Ontario,2021S0503535,49.773848,"Index, 2023=100",2006-01-01,2006-03-31,STATCAN_BCPI_18100289,inferred,2006-03-31,TR_AIIO_BCPI_PROVINCE_LINKED_CMA_BACKCAST_0_1,province_linked_cma_backcast;not_official_provincial_observation;reference_cma=CMA_535;anchor_period=2017-03-31
OBS_BCPI_BACKCAST_F2B980B2F05518A5B3F2,BCPI_SCHOOL_DIVISION_COMPOSITE,PR_35,Ontario,2021S0503535,50.675186,"Index, 2023=100",2006-04-01,2006-06-30,STATCAN_BCPI_18100289,inferred,2006-06-30,TR_AIIO_BCPI_PROVINCE_LINKED_CMA_BACKCAST_0_1,province_linked_cma_backcast;not_official_provincial_observation;reference_cma=CMA_535;anchor_period=2017-03-31
OBS_BCPI_BACKCAST_886FAD1403020AF2D4E4,BCPI_SCHOOL_DIVISION_COMPOSITE,PR_35,Ontario,2021S0503535,51.676672,"Index, 2023=100",2006-07-01,2006-09-30,STATCAN_BCPI_18100289,inferred,2006-09-30,TR_AIIO_BCPI_PROVINCE_LINKED_CMA_BACKCAST_0_1,province_linked_cma_backcast;not_official_provincial_observation;reference_cma=CMA_535;anchor_period=2017-03-31
OBS_BCPI_BACKCAST_510985234024128D0A4D,BCPI_SCHOOL_DIVISION_COMPOSITE,PR_35,Ontario,2021S0503535,52.277563,"Index, 2023=100",2006-10-01,2006-12-31,STATCAN_BCPI_18100289,inferred,2006-12-31,TR_AIIO_BCPI_PROVINCE_LINKED_CMA_BACKCAST_0_1,province_linked_cma_backcast;not_official_provincial_observation;reference_cma=CMA_535;anchor_period=2017-03-31
OBS_BCPI_BACKCAST_8F31CFF15E8FBE9DFCA5,BCPI_SCHOOL_DIVISION_COMPOSITE,PR_35,Ontario,2021S0503535,52.978603,"Index, 2023=100",2007-01-01,2007-03-31,STATCAN_BCPI_18100289,inferred,2007-03-31,TR_AIIO_BCPI_PROVINCE_LINKED_CMA_BACKCAST_0_1,province_linked_cma_backcast;not_official_provincial_observation;reference_cma=CMA_535;anchor_period=2017-03-31
OBS_BCPI_BACKCAST_D77259EC03C7A8E61691,BCPI_SCHOOL_DIVISION_COMPOSITE,PR_35,Ontario,2021S0503535,54.480832,"Index, 2023=100",2007-04-01,2007-06-30,STATCAN_BCPI_18100289,inferred,2007-06-30,TR_AIIO_BCPI_PROVINCE_LINKED_CMA_BACKCAST_0_1,province_linked_cma_backcast;not_official_provincial_observation;reference_cma=CMA_535;anchor_period=2017-03-31
OBS_BCPI_BACKCAST_9973FCAB1D641A471160,BCPI_SCHOOL_DIVISION_COMPOSITE,PR_35,Ontario,2021S0503535,54.881426,"Index, 2023=100",2007-07-01,2007-09-30,STATCAN_BCPI_18100289,inferred,2007-09-30,TR_AIIO_BCPI_PROVINCE_LINKED_CMA_BACKCAST_0_1,province_linked_cma_backcast;not_official_provincial_observation;reference_cma=CMA_535;anchor_period=2017-03-31
OBS_BCPI_BACKCAST_9020C7AEFC7E8A7DABB4,BCPI_SCHOOL_DIVISION_COMPOSITE,PR_35,Ontario,2021S0503535,55.282021,"Index, 2023=100",2007-10-01,2007-12-31,STATCAN_BCPI_18100289,inferred,2007-12-31,TR_AIIO_BCPI_PROVINCE_LINKED_CMA_BACKCAST_0_1,province_linked_cma_backcast;not_official_provincial_observation;reference_cma=CMA_535;anchor_period=2017-03-31
OBS_BCPI_BACKCAST_B0C1AB7BEB25797124FE,BCPI_SCHOOL_DIVISION_COMPOSITE,PR_35,Ontario,2021S0503535,56.583952,"Index, 2023=100",2008-01-01,2008-03-31,STATCAN_BCPI_18100289,inferred,2008-03-31,TR_AIIO_BCPI_PROVINCE_LINKED_CMA_BACKCAST_0_1,province_linked_cma_backcast;not_official_provincial_observation;reference_cma=CMA_535;anchor_period=2017-03-31
OBS_BCPI_BACKCAST_9504CE47A363831C03FD,BCPI_SCHOOL_DIVISION_COMPOSITE,PR_35,Ontario,2021S0503535,59.688559,"Index, 2023=100",2008-04-01,2008-06-30,STATCAN_BCPI_18100289,inferred,2008-06-30,TR_AIIO_BCPI_PROVINCE_LINKED_CMA_BACKCAST_0_1,province_linked_cma_backcast;not_official_provincial_observation;reference_cma=CMA_535;anchor_period=2017-03-31
OBS_BCPI_BACKCAST_73FF87B042BC3609D68C,BCPI_SCHOOL_DIVISION_COMPOSITE,PR_35,Ontario,2021S0503535,60.589896,"Index, 2023=100",2008-07-01,2008-09-30,STATCAN_BCPI_18100289,inferred,2008-09-30,TR_AIIO_BCPI_PROVINCE_LINKED_CMA_BACKCAST_0_1,province_linked_cma_backcast;not_official_provincial_observation;reference_cma=CMA_535;anchor_period=2017-03-31
OBS_BCPI_BACKCAST_B824A521066C760D2A96,BCPI_SCHOOL_DIVISION_COMPOSITE,PR_35,Ontario,2021S0503535,60.189302,"Index, 2023=100",2008-10-01,2008-12-31,STATCAN_BCPI_18100289,inferred,2008-12-31,TR_AIIO_BCPI_PROVINCE_LINKED_CMA_BACKCAST_0_1,province_linked_cma_backcast;not_official_provincial_observation;reference_cma=CMA_535;anchor_period=2017-03-31
OBS_BCPI_BACKCAST_EC787FEEF88BA9352560,BCPI_SCHOOL_DIVISION_COMPOSITE,PR_35,Ontario,2021S0503535,59.287964,"Index, 2023=100",2009-01-01,2009-03-31,STATCAN_BCPI_18100289,inferred,2009-03-31,TR_AIIO_BCPI_PROVINCE_LINKED_CMA_BACKCAST_0_1,province_linked_cma_backcast;not_official_provincial_observation;reference_cma=CMA_535;anchor_period=2017-03-31
OBS_BCPI_BACKCAST_CF49FAF63B42042E7B96,BCPI_SCHOOL_DIVISION_COMPOSITE,PR_35,Ontario,2021S0503535,58.88737,"Index, 2023=100",2009-04-01,2009-06-30,STATCAN_BCPI_18100289,inferred,2009-06-30,TR_AIIO_BCPI_PROVINCE_LINKED_CMA_BACKCAST_0_1,province_linked_cma_backcast;not_official_provincial_observation;reference_cma=CMA_535;anchor_period=2017-03-31
OBS_BCPI_BACKCAST_084D5FF856970FAC2B89,BCPI_SCHOOL_DIVISION_COMPOSITE,PR_35,Ontario,2021S0503535,58.386627,"Index, 2023=100",2009-07-01,2009-09-30,STATCAN_BCPI_18100289,inferred,2009-09-30,TR_AIIO_BCPI_PROVINCE_LINKED_CMA_BACKCAST_0_1,province_linked_cma_backcast;not_official_provincial_observation;reference_cma=CMA_535;anchor_period=2017-03-31
OBS_BCPI_BACKCAST_A2AB3E9A872C18FDE017,BCPI_SCHOOL_DIVISION_COMPOSITE,PR_35,Ontario,2021S0503535,58.18633,"Index, 2023=100",2009-10-01,2009-12-31,STATCAN_BCPI_18100289,inferred,2009-12-31,TR_AIIO_BCPI_PROVINCE_LINKED_CMA_BACKCAST_0_1,province_linked_cma_backcast;not_official_provincial_observation;reference_cma=CMA_535;anchor_period=2017-03-31
OBS_BCPI_BACKCAST_1EC8CFE6ACAA1EB09E10,BCPI_SCHOOL_DIVISION_COMPOSITE,PR_35,Ontario,2021S0503535,58.286478,"Index, 2023=100",2010-01-01,2010-03-31,STATCAN_BCPI_18100289,inferred,2010-03-31,TR_AIIO_BCPI_PROVINCE_LINKED_CMA_BACKCAST_0_1,province_linked_cma_backcast;not_official_provincial_observation;reference_cma=CMA_535;anchor_period=2017-03-31
OBS_BCPI_BACKCAST_9BE18061F21C568D00DB,BCPI_SCHOOL_DIVISION_COMPOSITE,PR_35,Ontario,2021S0503535,58.987519,"Index, 2023=100",2010-04-01,2010-06-30,STATCAN_BCPI_18100289,inferred,2010-06-30,TR_AIIO_BCPI_PROVINCE_LINKED_CMA_BACKCAST_0_1,province_linked_cma_backcast;not_official_provincial_observation;reference_cma=CMA_535;anchor_period=2017-03-31
OBS_BCPI_BACKCAST_22D68F0400D20AD68C84,BCPI_SCHOOL_DIVISION_COMPOSITE,PR_35,Ontario,2021S0503535,59.187816,"Index, 2023=100",2010-07-01,2010-09-30,STATCAN_BCPI_18100289,inferred,2010-09-30,TR_AIIO_BCPI_PROVINCE_LINKED_CMA_BACKCAST_0_1,province_linked_cma_backcast;not_official_provincial_observation;reference_cma=CMA_535;anchor_period=2017-03-31
OBS_BCPI_BACKCAST_413C2896B49538D65B8C,BCPI_SCHOOL_DIVISION_COMPOSITE,PR_35,Ontario,2021S0503535,59.488262,"Index, 2023=100",2010-10-01,2010-12-31,STATCAN_BCPI_18100289,inferred,2010-12-31,TR_AIIO_BCPI_PROVINCE_LINKED_CMA_BACKCAST_0_1,province_linked_cma_backcast;not_official_provincial_observation;reference_cma=CMA_535;anchor_period=2017-03-31
OBS_BCPI_BACKCAST_6E9047B3F66602F0BCEF,BCPI_SCHOOL_DIVISION_COMPOSITE,PR_35,Ontario,2021S0503535,60.389599,"Index, 2023=100",2011-01-01,2011-03-31,STATCAN_BCPI_18100289,inferred,2011-03-31,TR_AIIO_BCPI_PROVINCE_LINKED_CMA_BACKCAST_0_1,province_linked_cma_backcast;not_official_provincial_observation;reference_cma=CMA_535;anchor_period=2017-03-31
OBS_BCPI_BACKCAST_7EE005E225F2927F34B8,BCPI_SCHOOL_DIVISION_COMPOSITE,PR_35,Ontario,2021S0503535,61.190788,"Index, 2023=100",2011-04-01,2011-06-30,STATCAN_BCPI_18100289,inferred,2011-06-30,TR_AIIO_BCPI_PROVINCE_LINKED_CMA_BACKCAST_0_1,province_linked_cma_backcast;not_official_provincial_observation;reference_cma=CMA_535;anchor_period=2017-03-31
OBS_BCPI_BACKCAST_2B09CC1AD05FF43C5F13,BCPI_SCHOOL_DIVISION_COMPOSITE,PR_35,Ontario,2021S0503535,61.591382,"Index, 2023=100",2011-07-01,2011-09-30,STATCAN_BCPI_18100289,inferred,2011-09-30,TR_AIIO_BCPI_PROVINCE_LINKED_CMA_BACKCAST_0_1,province_linked_cma_backcast;not_official_provincial_observation;reference_cma=CMA_535;anchor_period=2017-03-31
OBS_BCPI_BACKCAST_2ABB14704C7C42E6018C,BCPI_SCHOOL_DIVISION_COMPOSITE,PR_35,Ontario,2021S0503535,61.891828,"Index, 2023=100",2011-10-01,2011-12-31,STATCAN_BCPI_18100289,inferred,2011-12-31,TR_AIIO_BCPI_PROVINCE_LINKED_CMA_BACKCAST_0_1,province_linked_cma_backcast;not_official_provincial_observation;reference_cma=CMA_535;anchor_period=2017-03-31
OBS_BCPI_BACKCAST_EF2F54FCDF5E06E5A053,BCPI_SCHOOL_DIVISION_COMPOSITE,PR_35,Ontario,2021S0503535,62.292422,"Index, 2023=100",2012-01-01,2012-03-31,STATCAN_BCPI_18100289,inferred,2012-03-31,TR_AIIO_BCPI_PROVINCE_LINKED_CMA_BACKCAST_0_1,province_linked_cma_backcast;not_official_provincial_observation;reference_cma=CMA_535;anchor_period=2017-03-31
OBS_BCPI_BACKCAST_5D4B96A5AC30FFAE2E45,BCPI_SCHOOL_DIVISION_COMPOSITE,PR_35,Ontario,2021S0503535,62.693016,"Index, 2023=100",2012-04-01,2012-06-30,STATCAN_BCPI_18100289,inferred,2012-06-30,TR_AIIO_BCPI_PROVINCE_LINKED_CMA_BACKCAST_0_1,province_linked_cma_backcast;not_official_provincial_observation;reference_cma=CMA_535;anchor_period=2017-03-31
OBS_BCPI_BACKCAST_3CE3DE75161C28748474,BCPI_SCHOOL_DIVISION_COMPOSITE,PR_35,Ontario,2021S0503535,62.793165,"Index, 2023=100",2012-07-01,2012-09-30,STATCAN_BCPI_18100289,inferred,2012-09-30,TR_AIIO_BCPI_PROVINCE_LINKED_CMA_BACKCAST_0_1,province_linked_cma_backcast;not_official_provincial_observation;reference_cma=CMA_535;anchor_period=2017-03-31
OBS_BCPI_BACKCAST_AB96D2B21B024231E74F,BCPI_SCHOOL_DIVISION_COMPOSITE,PR_35,Ontario,2021S0503535,62.893314,"Index, 2023=100",2012-10-01,2012-12-31,STATCAN_BCPI_18100289,inferred,2012-12-31,TR_AIIO_BCPI_PROVINCE_LINKED_CMA_BACKCAST_0_1,province_linked_cma_backcast;not_official_provincial_observation;reference_cma=CMA_535;anchor_period=2017-03-31
OBS_BCPI_BACKCAST_30EF8B1DA27E385BCE78,BCPI_SCHOOL_DIVISION_COMPOSITE,PR_35,Ontario,2021S0503535,62.793165,"Index, 2023=100",2013-01-01,2013-03-31,STATCAN_BCPI_18100289,inferred,2013-03-31,TR_AIIO_BCPI_PROVINCE_LINKED_CMA_BACKCAST_0_1,province_linked_cma_backcast;not_official_provincial_observation;reference_cma=CMA_535;anchor_period=2017-03-31
OBS_BCPI_BACKCAST_431E29E24F1BB50B6018,BCPI_SCHOOL_DIVISION_COMPOSITE,PR_35,Ontario,2021S0503535,62.793165,"Index, 2023=100",2013-04-01,2013-06-30,STATCAN_BCPI_18100289,inferred,2013-06-30,TR_AIIO_BCPI_PROVINCE_LINKED_CMA_BACKCAST_0_1,province_linked_cma_backcast;not_official_provincial_observation;reference_cma=CMA_535;anchor_period=2017-03-31
OBS_BCPI_BACKCAST_55CD5599CB20746082E7,BCPI_SCHOOL_DIVISION_COMPOSITE,PR_35,Ontario,2021S0503535,62.793165,"Index, 2023=100",2013-07-01,2013-09-30,STATCAN_BCPI_18100289,inferred,2013-09-30,TR_AIIO_BCPI_PROVINCE_LINKED_CMA_BACKCAST_0_1,province_linked_cma_backcast;not_official_provincial_observation;reference_cma=CMA_535;anchor_period=2017-03-31
OBS_BCPI_BACKCAST_39E5E839AE3709B79075,BCPI_SCHOOL_DIVISION_COMPOSITE,PR_35,Ontario,2021S0503535,62.893314,"Index, 2023=100",2013-10-01,2013-12-31,STATCAN_BCPI_18100289,inferred,2013-12-31,TR_AIIO_BCPI_PROVINCE_LINKED_CMA_BACKCAST_0_1,province_linked_cma_backcast;not_official_provincial_observation;reference_cma=CMA_535;anchor_period=2017-03-31
OBS_BCPI_BACKCAST_C12DCD5069E96124BC73,BCPI_SCHOOL_DIVISION_COMPOSITE,PR_35,Ontario,2021S0503535,63.193759,"Index, 2023=100",2014-01-01,2014-03-31,STATCAN_BCPI_18100289,inferred,2014-03-31,TR_AIIO_BCPI_PROVINCE_LINKED_CMA_BACKCAST_0_1,province_linked_cma_backcast;not_official_provincial_observation;reference_cma=CMA_535;anchor_period=2017-03-31
OBS_BCPI_BACKCAST_8644F1FDCA2B403E746F,BCPI_SCHOOL_DIVISION_COMPOSITE,PR_35,Ontario,2021S0503535,63.694502,"Index, 2023=100",2014-04-01,2014-06-30,STATCAN_BCPI_18100289,inferred,2014-06-30,TR_AIIO_BCPI_PROVINCE_LINKED_CMA_BACKCAST_0_1,province_linked_cma_backcast;not_official_provincial_observation;reference_cma=CMA_535;anchor_period=2017-03-31
OBS_BCPI_BACKCAST_8B42F949CFF8FFA56AA4,BCPI_SCHOOL_DIVISION_COMPOSITE,PR_35,Ontario,2021S0503535,63.894799,"Index, 2023=100",2014-07-01,2014-09-30,STATCAN_BCPI_18100289,inferred,2014-09-30,TR_AIIO_BCPI_PROVINCE_LINKED_CMA_BACKCAST_0_1,province_linked_cma_backcast;not_official_provincial_observation;reference_cma=CMA_535;anchor_period=2017-03-31
OBS_BCPI_BACKCAST_1D8B42EB146C3DDF60ED,BCPI_SCHOOL_DIVISION_COMPOSITE,PR_35,Ontario,2021S0503535,64.195245,"Index, 2023=100",2014-10-01,2014-12-31,STATCAN_BCPI_18100289,inferred,2014-12-31,TR_AIIO_BCPI_PROVINCE_LINKED_CMA_BACKCAST_0_1,province_linked_cma_backcast;not_official_provincial_observation;reference_cma=CMA_535;anchor_period=2017-03-31
OBS_BCPI_BACKCAST_6FEC625869F510553D9A,BCPI_SCHOOL_DIVISION_COMPOSITE,PR_35,Ontario,2021S0503535,64.695988,"Index, 2023=100",2015-01-01,2015-03-31,STATCAN_BCPI_18100289,inferred,2015-03-31,TR_AIIO_BCPI_PROVINCE_LINKED_CMA_BACKCAST_0_1,province_linked_cma_backcast;not_official_provincial_observation;reference_cma=CMA_535;anchor_period=2017-03-31
OBS_BCPI_BACKCAST_59C52622499C6DDBC0C3,BCPI_SCHOOL_DIVISION_COMPOSITE,PR_35,Ontario,2021S0503535,64.896285,"Index, 2023=100",2015-04-01,2015-06-30,STATCAN_BCPI_18100289,inferred,2015-06-30,TR_AIIO_BCPI_PROVINCE_LINKED_CMA_BACKCAST_0_1,province_linked_cma_backcast;not_official_provincial_observation;reference_cma=CMA_535;anchor_period=2017-03-31
OBS_BCPI_BACKCAST_FA600393F90252255577,BCPI_SCHOOL_DIVISION_COMPOSITE,PR_35,Ontario,2021S0503535,65.096582,"Index, 2023=100",2015-07-01,2015-09-30,STATCAN_BCPI_18100289,inferred,2015-09-30,TR_AIIO_BCPI_PROVINCE_LINKED_CMA_BACKCAST_0_1,province_linked_cma_backcast;not_official_provincial_observation;reference_cma=CMA_535;anchor_period=2017-03-31
OBS_BCPI_BACKCAST_03724A5093AD36FD0AA3,BCPI_SCHOOL_DIVISION_COMPOSITE,PR_35,Ontario,2021S0503535,65.397028,"Index, 2023=100",2015-10-01,2015-12-31,STATCAN_BCPI_18100289,inferred,2015-12-31,TR_AIIO_BCPI_PROVINCE_LINKED_CMA_BACKCAST_0_1,province_linked_cma_backcast;not_official_provincial_observation;reference_cma=CMA_535;anchor_period=2017-03-31
OBS_BCPI_BACKCAST_3CA8FCF8F8FF2BDDB102,BCPI_SCHOOL_DIVISION_COMPOSITE,PR_35,Ontario,2021S0503535,65.597325,"Index, 2023=100",2016-01-01,2016-03-31,STATCAN_BCPI_18100289,inferred,2016-03-31,TR_AIIO_BCPI_PROVINCE_LINKED_CMA_BACKCAST_0_1,province_linked_cma_backcast;not_official_provincial_observation;reference_cma=CMA_535;anchor_period=2017-03-31
OBS_BCPI_BACKCAST_4221153AB5E8E735ED29,BCPI_SCHOOL_DIVISION_COMPOSITE,PR_35,Ontario,2021S0503535,66.498663,"Index, 2023=100",2016-04-01,2016-06-30,STATCAN_BCPI_18100289,inferred,2016-06-30,TR_AIIO_BCPI_PROVINCE_LINKED_CMA_BACKCAST_0_1,province_linked_cma_backcast;not_official_provincial_observation;reference_cma=CMA_535;anchor_period=2017-03-31
OBS_BCPI_BACKCAST_0480064EFF7EB3215342,BCPI_SCHOOL_DIVISION_COMPOSITE,PR_35,Ontario,2021S0503535,66.598811,"Index, 2023=100",2016-07-01,2016-09-30,STATCAN_BCPI_18100289,inferred,2016-09-30,TR_AIIO_BCPI_PROVINCE_LINKED_CMA_BACKCAST_0_1,province_linked_cma_backcast;not_official_provincial_observation;reference_cma=CMA_535;anchor_period=2017-03-31
OBS_BCPI_BACKCAST_525F551D67E55ECBC3AE,BCPI_SCHOOL_DIVISION_COMPOSITE,PR_35,Ontario,2021S0503535,67.099554,"Index, 2023=100",2016-10-01,2016-12-31,STATCAN_BCPI_18100289,inferred,2016-12-31,TR_AIIO_BCPI_PROVINCE_LINKED_CMA_BACKCAST_0_1,province_linked_cma_backcast;not_official_provincial_observation;reference_cma=CMA_535;anchor_period=2017-03-31
OBS_BCPI_C1CE31F5DBC42BB2BD98,BCPI_SCHOOL_DIVISION_COMPOSITE,PR_35,Ontario,2021A000235,67.4,"Index, 2023=100",2017-01-01,2017-03-31,STATCAN_BCPI_18100289,observed,2017-03-31,TR_STATCAN_BCPI_BC_ON_QC_REFERENCE_CLASSES_1_0_0,
OBS_BCPI_12F77E3DEEDAD8862046,BCPI_SCHOOL_DIVISION_COMPOSITE,PR_35,Ontario,2021A000235,68.3,"Index, 2023=100",2017-04-01,2017-06-30,STATCAN_BCPI_18100289,observed,2017-06-30,TR_STATCAN_BCPI_BC_ON_QC_REFERENCE_CLASSES_1_0_0,
OBS_BCPI_1F98EFA10A62DB29938C,BCPI_SCHOOL_DIVISION_COMPOSITE,PR_35,Ontario,2021A000235,68.6,"Index, 2023=100",2017-07-01,2017-09-30,STATCAN_BCPI_18100289,observed,2017-09-30,TR_STATCAN_BCPI_BC_ON_QC_REFERENCE_CLASSES_1_0_0,
OBS_BCPI_E23A645AF1BDDD1A3B09,BCPI_SCHOOL_DIVISION_COMPOSITE,PR_35,Ontario,2021A000235,68.9,"Index, 2023=100",2017-10-01,2017-12-31,STATCAN_BCPI_18100289,observed,2017-12-31,TR_STATCAN_BCPI_BC_ON_QC_REFERENCE_CLASSES_1_0_0,
OBS_BCPI_7C92AAF83EBC5B35B2AD,BCPI_SCHOOL_DIVISION_COMPOSITE,PR_35,Ontario,2021A000235,69.7,"Index, 2023=100",2018-01-01,2018-03-31,STATCAN_BCPI_18100289,observed,2018-03-31,TR_STATCAN_BCPI_BC_ON_QC_REFERENCE_CLASSES_1_0_0,
OBS_BCPI_5C477AA9D23AF8C3199E,BCPI_SCHOOL_DIVISION_COMPOSITE,PR_35,Ontario,2021A000235,71.0,"Index, 2023=100",2018-04-01,2018-06-30,STATCAN_BCPI_18100289,observed,2018-06-30,TR_STATCAN_BCPI_BC_ON_QC_REFERENCE_CLASSES_1_0_0,
OBS_BCPI_5068E67940D82E006ED8,BCPI_SCHOOL_DIVISION_COMPOSITE,PR_35,Ontario,2021A000235,72.0,"Index, 2023=100",2018-07-01,2018-09-30,STATCAN_BCPI_18100289,observed,2018-09-30,TR_STATCAN_BCPI_BC_ON_QC_REFERENCE_CLASSES_1_0_0,
OBS_BCPI_DC9A046016A0DD2E1584,BCPI_SCHOOL_DIVISION_COMPOSITE,PR_35,Ontario,2021A000235,72.7,"Index, 2023=100",2018-10-01,2018-12-31,STATCAN_BCPI_18100289,observed,2018-12-31,TR_STATCAN_BCPI_BC_ON_QC_REFERENCE_CLASSES_1_0_0,
OBS_BCPI_5F2E08C736AE7472F594,BCPI_SCHOOL_DIVISION_COMPOSITE,PR_35,Ontario,2021A000235,73.1,"Index, 2023=100",2019-01-01,2019-03-31,STATCAN_BCPI_18100289,observed,2019-03-31,TR_STATCAN_BCPI_BC_ON_QC_REFERENCE_CLASSES_1_0_0,
OBS_BCPI_476CD6E71A37E285A3EE,BCPI_SCHOOL_DIVISION_COMPOSITE,PR_35,Ontario,2021A000235,73.6,"Index, 2023=100",2019-04-01,2019-06-30,STATCAN_BCPI_18100289,observed,2019-06-30,TR_STATCAN_BCPI_BC_ON_QC_REFERENCE_CLASSES_1_0_0,
OBS_BCPI_B29DB78E4701FC9A5835,BCPI_SCHOOL_DIVISION_COMPOSITE,PR_35,Ontario,2021A000235,74.1,"Index, 2023=100",2019-07-01,2019-09-30,STATCAN_BCPI_18100289,observed,2019-09-30,TR_STATCAN_BCPI_BC_ON_QC_REFERENCE_CLASSES_1_0_0,
OBS_BCPI_8EDE0B3608E2E18F95F5,BCPI_SCHOOL_DIVISION_COMPOSITE,PR_35,Ontario,2021A000235,74.4,"Index, 2023=100",2019-10-01,2019-12-31,STATCAN_BCPI_18100289,observed,2019-12-31,TR_STATCAN_BCPI_BC_ON_QC_REFERENCE_CLASSES_1_0_0,
OBS_BCPI_82949C87224D864A10B7,BCPI_SCHOOL_DIVISION_COMPOSITE,PR_35,Ontario,2021A000235,75.0,"Index, 2023=100",2020-01-01,2020-03-31,STATCAN_BCPI_18100289,observed,2020-03-31,TR_STATCAN_BCPI_BC_ON_QC_REFERENCE_CLASSES_1_0_0,
OBS_BCPI_4CE60CE0811B32E563A9,BCPI_SCHOOL_DIVISION_COMPOSITE,PR_35,Ontario,2021A000235,75.3,"Index, 2023=100",2020-04-01,2020-06-30,STATCAN_BCPI_18100289,observed,2020-06-30,TR_STATCAN_BCPI_BC_ON_QC_REFERENCE_CLASSES_1_0_0,
OBS_BCPI_4A1E53795C8083759835,BCPI_SCHOOL_DIVISION_COMPOSITE,PR_35,Ontario,2021A000235,76.0,"Index, 2023=100",2020-07-01,2020-09-30,STATCAN_BCPI_18100289,observed,2020-09-30,TR_STATCAN_BCPI_BC_ON_QC_REFERENCE_CLASSES_1_0_0,
OBS_BCPI_144CC8ADAF2D09DB0063,BCPI_SCHOOL_DIVISION_COMPOSITE,PR_35,Ontario,2021A000235,76.1,"Index, 2023=100",2020-10-01,2020-12-31,STATCAN_BCPI_18100289,observed,2020-12-31,TR_STATCAN_BCPI_BC_ON_QC_REFERENCE_CLASSES_1_0_0,
OBS_BCPI_10F26CE3BBFFDE83DD53,BCPI_SCHOOL_DIVISION_COMPOSITE,PR_35,Ontario,2021A000235,77.2,"Index, 2023=100",2021-01-01,2021-03-31,STATCAN_BCPI_18100289,observed,2021-03-31,TR_STATCAN_BCPI_BC_ON_QC_REFERENCE_CLASSES_1_0_0,
OBS_BCPI_85F32C37C8FF9F75D8F9,BCPI_SCHOOL_DIVISION_COMPOSITE,PR_35,Ontario,2021A000235,80.8,"Index, 2023=100",2021-04-01,2021-06-30,STATCAN_BCPI_18100289,observed,2021-06-30,TR_STATCAN_BCPI_BC_ON_QC_REFERENCE_CLASSES_1_0_0,
OBS_BCPI_58E544B9C8E7688ED15D,BCPI_SCHOOL_DIVISION_COMPOSITE,PR_35,Ontario,2021A000235,83.9,"Index, 2023=100",2021-07-01,2021-09-30,STATCAN_BCPI_18100289,observed,2021-09-30,TR_STATCAN_BCPI_BC_ON_QC_REFERENCE_CLASSES_1_0_0,
OBS_BCPI_3465D28BF326B784D505,BCPI_SCHOOL_DIVISION_COMPOSITE,PR_35,Ontario,2021A000235,86.4,"Index, 2023=100",2021-10-01,2021-12-31,STATCAN_BCPI_18100289,observed,2021-12-31,TR_STATCAN_BCPI_BC_ON_QC_REFERENCE_CLASSES_1_0_0,
OBS_BCPI_FA02943AE306CA603868,BCPI_SCHOOL_DIVISION_COMPOSITE,PR_35,Ontario,2021A000235,89.1,"Index, 2023=100",2022-01-01,2022-03-31,STATCAN_BCPI_18100289,observed,2022-03-31,TR_STATCAN_BCPI_BC_ON_QC_REFERENCE_CLASSES_1_0_0,
OBS_BCPI_F899576F1D959FE557C8,BCPI_SCHOOL_DIVISION_COMPOSITE,PR_35,Ontario,2021A000235,92.6,"Index, 2023=100",2022-04-01,2022-06-30,STATCAN_BCPI_18100289,observed,2022-06-30,TR_STATCAN_BCPI_BC_ON_QC_REFERENCE_CLASSES_1_0_0,
OBS_BCPI_4F58B9C7DA824A9CDAEF,BCPI_SCHOOL_DIVISION_COMPOSITE,PR_35,Ontario,2021A000235,94.7,"Index, 2023=100",2022-07-01,2022-09-30,STATCAN_BCPI_18100289,observed,2022-09-30,TR_STATCAN_BCPI_BC_ON_QC_REFERENCE_CLASSES_1_0_0,
OBS_BCPI_329E53C62891DDB406AD,BCPI_SCHOOL_DIVISION_COMPOSITE,PR_35,Ontario,2021A000235,96.5,"Index, 2023=100",2022-10-01,2022-12-31,STATCAN_BCPI_18100289,observed,2022-12-31,TR_STATCAN_BCPI_BC_ON_QC_REFERENCE_CLASSES_1_0_0,
OBS_BCPI_731F1079B5FBAB2423A1,BCPI_SCHOOL_DIVISION_COMPOSITE,PR_35,Ontario,2021A000235,98.1,"Index, 2023=100",2023-01-01,2023-03-31,STATCAN_BCPI_18100289,observed,2023-03-31,TR_STATCAN_BCPI_BC_ON_QC_REFERENCE_CLASSES_1_0_0,
OBS_BCPI_5DAD0A8CE1C523733F09,BCPI_SCHOOL_DIVISION_COMPOSITE,PR_35,Ontario,2021A000235,99.1,"Index, 2023=100",2023-04-01,2023-06-30,STATCAN_BCPI_18100289,observed,2023-06-30,TR_STATCAN_BCPI_BC_ON_QC_REFERENCE_CLASSES_1_0_0,
OBS_BCPI_862FF0759107CD6F5E17,BCPI_SCHOOL_DIVISION_COMPOSITE,PR_35,Ontario,2021A000235,101.1,"Index, 2023=100",2023-07-01,2023-09-30,STATCAN_BCPI_18100289,observed,2023-09-30,TR_STATCAN_BCPI_BC_ON_QC_REFERENCE_CLASSES_1_0_0,
OBS_BCPI_6470D55ED4DE3692F2DC,BCPI_SCHOOL_DIVISION_COMPOSITE,PR_35,Ontario,2021A000235,101.8,"Index, 2023=100",2023-10-01,2023-12-31,STATCAN_BCPI_18100289,observed,2023-12-31,TR_STATCAN_BCPI_BC_ON_QC_REFERENCE_CLASSES_1_0_0,
OBS_BCPI_CBCEC85A143FC52762BB,BCPI_SCHOOL_DIVISION_COMPOSITE,PR_35,Ontario,2021A000235,102.6,"Index, 2023=100",2024-01-01,2024-03-31,STATCAN_BCPI_18100289,observed,2024-03-31,TR_STATCAN_BCPI_BC_ON_QC_REFERENCE_CLASSES_1_0_0,
OBS_BCPI_1F3B4ED75BC5CA2719EA,BCPI_SCHOOL_DIVISION_COMPOSITE,PR_35,Ontario,2021A000235,103.9,"Index, 2023=100",2024-04-01,2024-06-30,STATCAN_BCPI_18100289,observed,2024-06-30,TR_STATCAN_BCPI_BC_ON_QC_REFERENCE_CLASSES_1_0_0,
OBS_BCPI_D2E218518B2EE9BAB8C2,BCPI_SCHOOL_DIVISION_COMPOSITE,PR_35,Ontario,2021A000235,104.5,"Index, 2023=100",2024-07-01,2024-09-30,STATCAN_BCPI_18100289,observed,2024-09-30,TR_STATCAN_BCPI_BC_ON_QC_REFERENCE_CLASSES_1_0_0,
OBS_BCPI_E5C8210BF1D64AEFC244,BCPI_SCHOOL_DIVISION_COMPOSITE,PR_35,Ontario,2021A000235,105.5,"Index, 2023=100",2024-10-01,2024-12-31,STATCAN_BCPI_18100289,observed,2024-12-31,TR_STATCAN_BCPI_BC_ON_QC_REFERENCE_CLASSES_1_0_0,
OBS_BCPI_B621C2204656DA19208B,BCPI_SCHOOL_DIVISION_COMPOSITE,PR_35,Ontario,2021A000235,106.4,"Index, 2023=100",2025-01-01,2025-03-31,STATCAN_BCPI_18100289,observed,2025-03-31,TR_STATCAN_BCPI_BC_ON_QC_REFERENCE_CLASSES_1_0_0,
OBS_BCPI_DC39C72CEFB4C0F7577C,BCPI_SCHOOL_DIVISION_COMPOSITE,PR_35,Ontario,2021A000235,107.6,"Index, 2023=100",2025-04-01,2025-06-30,STATCAN_BCPI_18100289,observed,2025-06-30,TR_STATCAN_BCPI_BC_ON_QC_REFERENCE_CLASSES_1_0_0,
OBS_BCPI_10B0146F3C8EF214957C,BCPI_SCHOOL_DIVISION_COMPOSITE,PR_35,Ontario,2021A000235,108.4,"Index, 2023=100",2025-07-01,2025-09-30,STATCAN_BCPI_18100289,observed,2025-09-30,TR_STATCAN_BCPI_BC_ON_QC_REFERENCE_CLASSES_1_0_0,
OBS_BCPI_89A413C7CA87CF3FA0A3,BCPI_SCHOOL_DIVISION_COMPOSITE,PR_35,Ontario,2021A000235,108.6,"Index, 2023=100",2025-10-01,2025-12-31,STATCAN_BCPI_18100289,observed,2025-12-31,TR_STATCAN_BCPI_BC_ON_QC_REFERENCE_CLASSES_1_0_0,
OBS_BCPI_E673DFC8EF19C9E549D9,BCPI_SCHOOL_DIVISION_COMPOSITE,PR_35,Ontario,2021A000235,108.2,"Index, 2023=100",2026-01-01,2026-03-31,STATCAN_BCPI_18100289,observed,2026-03-31,TR_STATCAN_BCPI_BC_ON_QC_REFERENCE_CLASSES_1_0_0,
OBS_BCPI_8B64A2F6AACB02D4F587,BCPI_SCHOOL_DIVISION_COMPOSITE,PR_35,Ontario,2021A000235,109.5,"Index, 2023=100",2026-04-01,2026-06-30,STATCAN_BCPI_18100289,observed,2026-06-30,TR_STATCAN_BCPI_BC_ON_QC_REFERENCE_CLASSES_1_0_0,
OBS_BCPI_1140B249063FD3E52DED,BCPI_BUS_DEPOT_WITH_MAINTENANCE_AND_REPAIR_FACILITIES_DIVISION_COMPOSITE,PR_59,British Columbia,2021A000259,73.0,"Index, 2023=100",2017-01-01,2017-03-31,STATCAN_BCPI_18100289,observed,2017-03-31,TR_STATCAN_BCPI_BC_ON_QC_REFERENCE_CLASSES_1_0_0,
OBS_BCPI_93BB7EB43CCAECE34E63,BCPI_BUS_DEPOT_WITH_MAINTENANCE_AND_REPAIR_FACILITIES_DIVISION_COMPOSITE,PR_59,British Columbia,2021A000259,73.8,"Index, 2023=100",2017-04-01,2017-06-30,STATCAN_BCPI_18100289,observed,2017-06-30,TR_STATCAN_BCPI_BC_ON_QC_REFERENCE_CLASSES_1_0_0,
OBS_BCPI_294A8124C27B7A6F0E85,BCPI_BUS_DEPOT_WITH_MAINTENANCE_AND_REPAIR_FACILITIES_DIVISION_COMPOSITE,PR_59,British Columbia,2021A000259,73.8,"Index, 2023=100",2017-07-01,2017-09-30,STATCAN_BCPI_18100289,observed,2017-09-30,TR_STATCAN_BCPI_BC_ON_QC_REFERENCE_CLASSES_1_0_0,
OBS_BCPI_40686950BC8C23BE2FDD,BCPI_BUS_DEPOT_WITH_MAINTENANCE_AND_REPAIR_FACILITIES_DIVISION_COMPOSITE,PR_59,British Columbia,2021A000259,74.6,"Index, 2023=100",2017-10-01,2017-12-31,STATCAN_BCPI_18100289,observed,2017-12-31,TR_STATCAN_BCPI_BC_ON_QC_REFERENCE_CLASSES_1_0_0,
OBS_BCPI_039466E01ECE7990D71C,BCPI_BUS_DEPOT_WITH_MAINTENANCE_AND_REPAIR_FACILITIES_DIVISION_COMPOSITE,PR_59,British Columbia,2021A000259,75.3,"Index, 2023=100",2018-01-01,2018-03-31,STATCAN_BCPI_18100289,observed,2018-03-31,TR_STATCAN_BCPI_BC_ON_QC_REFERENCE_CLASSES_1_0_0,
OBS_BCPI_F0DA23699C35FC045F34,BCPI_BUS_DEPOT_WITH_MAINTENANCE_AND_REPAIR_FACILITIES_DIVISION_COMPOSITE,PR_59,British Columbia,2021A000259,76.7,"Index, 2023=100",2018-04-01,2018-06-30,STATCAN_BCPI_18100289,observed,2018-06-30,TR_STATCAN_BCPI_BC_ON_QC_REFERENCE_CLASSES_1_0_0,
OBS_BCPI_146F7D1D63360F7E349C,BCPI_BUS_DEPOT_WITH_MAINTENANCE_AND_REPAIR_FACILITIES_DIVISION_COMPOSITE,PR_59,British Columbia,2021A000259,78.5,"Index, 2023=100",2018-07-01,2018-09-30,STATCAN_BCPI_18100289,observed,2018-09-30,TR_STATCAN_BCPI_BC_ON_QC_REFERENCE_CLASSES_1_0_0,
OBS_BCPI_21C8B75C07C829754123,BCPI_BUS_DEPOT_WITH_MAINTENANCE_AND_REPAIR_FACILITIES_DIVISION_COMPOSITE,PR_59,British Columbia,2021A000259,79.3,"Index, 2023=100",2018-10-01,2018-12-31,STATCAN_BCPI_18100289,observed,2018-12-31,TR_STATCAN_BCPI_BC_ON_QC_REFERENCE_CLASSES_1_0_0,
OBS_BCPI_CA2D659908B9EFE4FD32,BCPI_BUS_DEPOT_WITH_MAINTENANCE_AND_REPAIR_FACILITIES_DIVISION_COMPOSITE,PR_59,British Columbia,2021A000259,81.3,"Index, 2023=100",2019-01-01,2019-03-31,STATCAN_BCPI_18100289,observed,2019-03-31,TR_STATCAN_BCPI_BC_ON_QC_REFERENCE_CLASSES_1_0_0,
OBS_BCPI_3686477EE0BF526064B8,BCPI_BUS_DEPOT_WITH_MAINTENANCE_AND_REPAIR_FACILITIES_DIVISION_COMPOSITE,PR_59,British Columbia,2021A000259,81.4,"Index, 2023=100",2019-04-01,2019-06-30,STATCAN_BCPI_18100289,observed,2019-06-30,TR_STATCAN_BCPI_BC_ON_QC_REFERENCE_CLASSES_1_0_0,
OBS_BCPI_B21CECBF0810A0AFC0C8,BCPI_BUS_DEPOT_WITH_MAINTENANCE_AND_REPAIR_FACILITIES_DIVISION_COMPOSITE,PR_59,British Columbia,2021A000259,81.6,"Index, 2023=100",2019-07-01,2019-09-30,STATCAN_BCPI_18100289,observed,2019-09-30,TR_STATCAN_BCPI_BC_ON_QC_REFERENCE_CLASSES_1_0_0,
OBS_BCPI_7EE14EAC4FD2D86096CF,BCPI_BUS_DEPOT_WITH_MAINTENANCE_AND_REPAIR_FACILITIES_DIVISION_COMPOSITE,PR_59,British Columbia,2021A000259,81.8,"Index, 2023=100",2019-10-01,2019-12-31,STATCAN_BCPI_18100289,observed,2019-12-31,TR_STATCAN_BCPI_BC_ON_QC_REFERENCE_CLASSES_1_0_0,
OBS_BCPI_9EBE9123D3779FC6E70A,BCPI_BUS_DEPOT_WITH_MAINTENANCE_AND_REPAIR_FACILITIES_DIVISION_COMPOSITE,PR_59,British Columbia,2021A000259,82.0,"Index, 2023=100",2020-01-01,2020-03-31,STATCAN_BCPI_18100289,observed,2020-03-31,TR_STATCAN_BCPI_BC_ON_QC_REFERENCE_CLASSES_1_0_0,
OBS_BCPI_D81D26C0DA0240140AF3,BCPI_BUS_DEPOT_WITH_MAINTENANCE_AND_REPAIR_FACILITIES_DIVISION_COMPOSITE,PR_59,British Columbia,2021A000259,82.0,"Index, 2023=100",2020-04-01,2020-06-30,STATCAN_BCPI_18100289,observed,2020-06-30,TR_STATCAN_BCPI_BC_ON_QC_REFERENCE_CLASSES_1_0_0,
OBS_BCPI_61CEB35A92253A83824C,BCPI_BUS_DEPOT_WITH_MAINTENANCE_AND_REPAIR_FACILITIES_DIVISION_COMPOSITE,PR_59,British Columbia,2021A000259,82.3,"Index, 2023=100",2020-07-01,2020-09-30,STATCAN_BCPI_18100289,observed,2020-09-30,TR_STATCAN_BCPI_BC_ON_QC_REFERENCE_CLASSES_1_0_0,
OBS_BCPI_DFC57F7E101CE9A20CFE,BCPI_BUS_DEPOT_WITH_MAINTENANCE_AND_REPAIR_FACILITIES_DIVISION_COMPOSITE,PR_59,British Columbia,2021A000259,81.7,"Index, 2023=100",2020-10-01,2020-12-31,STATCAN_BCPI_18100289,observed,2020-12-31,TR_STATCAN_BCPI_BC_ON_QC_REFERENCE_CLASSES_1_0_0,
OBS_BCPI_FCCE1FC1C013908A9A8F,BCPI_BUS_DEPOT_WITH_MAINTENANCE_AND_REPAIR_FACILITIES_DIVISION_COMPOSITE,PR_59,British Columbia,2021A000259,82.8,"Index, 2023=100",2021-01-01,2021-03-31,STATCAN_BCPI_18100289,observed,2021-03-31,TR_STATCAN_BCPI_BC_ON_QC_REFERENCE_CLASSES_1_0_0,
OBS_BCPI_A373D3EADB0D8B6D6750,BCPI_BUS_DEPOT_WITH_MAINTENANCE_AND_REPAIR_FACILITIES_DIVISION_COMPOSITE,PR_59,British Columbia,2021A000259,84.6,"Index, 2023=100",2021-04-01,2021-06-30,STATCAN_BCPI_18100289,observed,2021-06-30,TR_STATCAN_BCPI_BC_ON_QC_REFERENCE_CLASSES_1_0_0,
OBS_BCPI_19676C90F232AA655714,BCPI_BUS_DEPOT_WITH_MAINTENANCE_AND_REPAIR_FACILITIES_DIVISION_COMPOSITE,PR_59,British Columbia,2021A000259,86.1,"Index, 2023=100",2021-07-01,2021-09-30,STATCAN_BCPI_18100289,observed,2021-09-30,TR_STATCAN_BCPI_BC_ON_QC_REFERENCE_CLASSES_1_0_0,
OBS_BCPI_CB03409866939D3572E7,BCPI_BUS_DEPOT_WITH_MAINTENANCE_AND_REPAIR_FACILITIES_DIVISION_COMPOSITE,PR_59,British Columbia,2021A000259,88.0,"Index, 2023=100",2021-10-01,2021-12-31,STATCAN_BCPI_18100289,observed,2021-12-31,TR_STATCAN_BCPI_BC_ON_QC_REFERENCE_CLASSES_1_0_0,
OBS_BCPI_C91D3876394848EA4C7F,BCPI_BUS_DEPOT_WITH_MAINTENANCE_AND_REPAIR_FACILITIES_DIVISION_COMPOSITE,PR_59,British Columbia,2021A000259,90.0,"Index, 2023=100",2022-01-01,2022-03-31,STATCAN_BCPI_18100289,observed,2022-03-31,TR_STATCAN_BCPI_BC_ON_QC_REFERENCE_CLASSES_1_0_0,
OBS_BCPI_133BFD1EB75AE46D7896,BCPI_BUS_DEPOT_WITH_MAINTENANCE_AND_REPAIR_FACILITIES_DIVISION_COMPOSITE,PR_59,British Columbia,2021A000259,92.7,"Index, 2023=100",2022-04-01,2022-06-30,STATCAN_BCPI_18100289,observed,2022-06-30,TR_STATCAN_BCPI_BC_ON_QC_REFERENCE_CLASSES_1_0_0,
OBS_BCPI_B9D188B1F10409B73DCA,BCPI_BUS_DEPOT_WITH_MAINTENANCE_AND_REPAIR_FACILITIES_DIVISION_COMPOSITE,PR_59,British Columbia,2021A000259,94.0,"Index, 2023=100",2022-07-01,2022-09-30,STATCAN_BCPI_18100289,observed,2022-09-30,TR_STATCAN_BCPI_BC_ON_QC_REFERENCE_CLASSES_1_0_0,
OBS_BCPI_9AE5A94A7C6D1AB53790,BCPI_BUS_DEPOT_WITH_MAINTENANCE_AND_REPAIR_FACILITIES_DIVISION_COMPOSITE,PR_59,British Columbia,2021A000259,95.2,"Index, 2023=100",2022-10-01,2022-12-31,STATCAN_BCPI_18100289,observed,2022-12-31,TR_STATCAN_BCPI_BC_ON_QC_REFERENCE_CLASSES_1_0_0,
OBS_BCPI_9234532DB704BC5B87A8,BCPI_BUS_DEPOT_WITH_MAINTENANCE_AND_REPAIR_FACILITIES_DIVISION_COMPOSITE,PR_59,British Columbia,2021A000259,97.2,"Index, 2023=100",2023-01-01,2023-03-31,STATCAN_BCPI_18100289,observed,2023-03-31,TR_STATCAN_BCPI_BC_ON_QC_REFERENCE_CLASSES_1_0_0,
OBS_BCPI_FE45A2ED51B548E797DB,BCPI_BUS_DEPOT_WITH_MAINTENANCE_AND_REPAIR_FACILITIES_DIVISION_COMPOSITE,PR_59,British Columbia,2021A000259,99.5,"Index, 2023=100",2023-04-01,2023-06-30,STATCAN_BCPI_18100289,observed,2023-06-30,TR_STATCAN_BCPI_BC_ON_QC_REFERENCE_CLASSES_1_0_0,
OBS_BCPI_007304A3B816C1F19A21,BCPI_BUS_DEPOT_WITH_MAINTENANCE_AND_REPAIR_FACILITIES_DIVISION_COMPOSITE,PR_59,British Columbia,2021A000259,100.6,"Index, 2023=100",2023-07-01,2023-09-30,STATCAN_BCPI_18100289,observed,2023-09-30,TR_STATCAN_BCPI_BC_ON_QC_REFERENCE_CLASSES_1_0_0,
OBS_BCPI_546758F41FC0A4B5628F,BCPI_BUS_DEPOT_WITH_MAINTENANCE_AND_REPAIR_FACILITIES_DIVISION_COMPOSITE,PR_59,British Columbia,2021A000259,102.8,"Index, 2023=100",2023-10-01,2023-12-31,STATCAN_BCPI_18100289,observed,2023-12-31,TR_STATCAN_BCPI_BC_ON_QC_REFERENCE_CLASSES_1_0_0,
OBS_BCPI_E57AD4A17F4E2225AB73,BCPI_BUS_DEPOT_WITH_MAINTENANCE_AND_REPAIR_FACILITIES_DIVISION_COMPOSITE,PR_59,British Columbia,2021A000259,103.6,"Index, 2023=100",2024-01-01,2024-03-31,STATCAN_BCPI_18100289,observed,2024-03-31,TR_STATCAN_BCPI_BC_ON_QC_REFERENCE_CLASSES_1_0_0,
OBS_BCPI_FC525A408EAE31F9DDB1,BCPI_BUS_DEPOT_WITH_MAINTENANCE_AND_REPAIR_FACILITIES_DIVISION_COMPOSITE,PR_59,British Columbia,2021A000259,105.3,"Index, 2023=100",2024-04-01,2024-06-30,STATCAN_BCPI_18100289,observed,2024-06-30,TR_STATCAN_BCPI_BC_ON_QC_REFERENCE_CLASSES_1_0_0,
OBS_BCPI_BACEA7756A372D580344,BCPI_BUS_DEPOT_WITH_MAINTENANCE_AND_REPAIR_FACILITIES_DIVISION_COMPOSITE,PR_59,British Columbia,2021A000259,106.0,"Index, 2023=100",2024-07-01,2024-09-30,STATCAN_BCPI_18100289,observed,2024-09-30,TR_STATCAN_BCPI_BC_ON_QC_REFERENCE_CLASSES_1_0_0,
OBS_BCPI_0136E6A230FA6395C2CE,BCPI_BUS_DEPOT_WITH_MAINTENANCE_AND_REPAIR_FACILITIES_DIVISION_COMPOSITE,PR_59,British Columbia,2021A000259,107.0,"Index, 2023=100",2024-10-01,2024-12-31,STATCAN_BCPI_18100289,observed,2024-12-31,TR_STATCAN_BCPI_BC_ON_QC_REFERENCE_CLASSES_1_0_0,
OBS_BCPI_E81C22B148C554C786FB,BCPI_BUS_DEPOT_WITH_MAINTENANCE_AND_REPAIR_FACILITIES_DIVISION_COMPOSITE,PR_59,British Columbia,2021A000259,108.2,"Index, 2023=100",2025-01-01,2025-03-31,STATCAN_BCPI_18100289,observed,2025-03-31,TR_STATCAN_BCPI_BC_ON_QC_REFERENCE_CLASSES_1_0_0,
OBS_BCPI_FFDDB9B3141C55648E10,BCPI_BUS_DEPOT_WITH_MAINTENANCE_AND_REPAIR_FACILITIES_DIVISION_COMPOSITE,PR_59,British Columbia,2021A000259,110.0,"Index, 2023=100",2025-04-01,2025-06-30,STATCAN_BCPI_18100289,observed,2025-06-30,TR_STATCAN_BCPI_BC_ON_QC_REFERENCE_CLASSES_1_0_0,
OBS_BCPI_D0FABD3D6A02FA3AF55D,BCPI_BUS_DEPOT_WITH_MAINTENANCE_AND_REPAIR_FACILITIES_DIVISION_COMPOSITE,PR_59,British Columbia,2021A000259,110.5,"Index, 2023=100",2025-07-01,2025-09-30,STATCAN_BCPI_18100289,observed,2025-09-30,TR_STATCAN_BCPI_BC_ON_QC_REFERENCE_CLASSES_1_0_0,
OBS_BCPI_8BB7D18E27C12DD00D70,BCPI_BUS_DEPOT_WITH_MAINTENANCE_AND_REPAIR_FACILITIES_DIVISION_COMPOSITE,PR_59,British Columbia,2021A000259,111.0,"Index, 2023=100",2025-10-01,2025-12-31,STATCAN_BCPI_18100289,observed,2025-12-31,TR_STATCAN_BCPI_BC_ON_QC_REFERENCE_CLASSES_1_0_0,
OBS_BCPI_5E961A815E75CA4F4015,BCPI_BUS_DEPOT_WITH_MAINTENANCE_AND_REPAIR_FACILITIES_DIVISION_COMPOSITE,PR_59,British Columbia,2021A000259,112.4,"Index, 2023=100",2026-01-01,2026-03-31,STATCAN_BCPI_18100289,observed,2026-03-31,TR_STATCAN_BCPI_BC_ON_QC_REFERENCE_CLASSES_1_0_0,
OBS_BCPI_FE2665F2E404919A3591,BCPI_BUS_DEPOT_WITH_MAINTENANCE_AND_REPAIR_FACILITIES_DIVISION_COMPOSITE,PR_59,British Columbia,2021A000259,113.1,"Index, 2023=100",2026-04-01,2026-06-30,STATCAN_BCPI_18100289,observed,2026-06-30,TR_STATCAN_BCPI_BC_ON_QC_REFERENCE_CLASSES_1_0_0,
OBS_BCPI_BACKCAST_3A6683AED1893860354A,BCPI_INSTITUTIONAL_BUILDINGS_62213_DIVISION_COMPOSITE,PR_59,British Columbia,2021S0503933,26.43506,"Index, 2023=100",1981-01-01,1981-03-31,STATCAN_BCPI_18100289,inferred,1981-03-31,TR_AIIO_BCPI_PROVINCE_LINKED_CMA_BACKCAST_0_1,province_linked_cma_backcast;not_official_provincial_observation;reference_cma=CMA_933;anchor_period=2017-03-31
OBS_BCPI_BACKCAST_7125886EB3381D050874,BCPI_INSTITUTIONAL_BUILDINGS_62213_DIVISION_COMPOSITE,PR_59,British Columbia,2021S0503933,27.336255,"Index, 2023=100",1981-04-01,1981-06-30,STATCAN_BCPI_18100289,inferred,1981-06-30,TR_AIIO_BCPI_PROVINCE_LINKED_CMA_BACKCAST_0_1,province_linked_cma_backcast;not_official_provincial_observation;reference_cma=CMA_933;anchor_period=2017-03-31
OBS_BCPI_BACKCAST_5B9BE0085B8E6BFE4276,BCPI_INSTITUTIONAL_BUILDINGS_62213_DIVISION_COMPOSITE,PR_59,British Columbia,2021S0503933,28.537849,"Index, 2023=100",1981-07-01,1981-09-30,STATCAN_BCPI_18100289,inferred,1981-09-30,TR_AIIO_BCPI_PROVINCE_LINKED_CMA_BACKCAST_0_1,province_linked_cma_backcast;not_official_provincial_observation;reference_cma=CMA_933;anchor_period=2017-03-31
OBS_BCPI_BACKCAST_376E26006FB80A2E29D9,BCPI_INSTITUTIONAL_BUILDINGS_62213_DIVISION_COMPOSITE,PR_59,British Columbia,2021S0503933,30.139973,"Index, 2023=100",1981-10-01,1981-12-31,STATCAN_BCPI_18100289,inferred,1981-12-31,TR_AIIO_BCPI_PROVINCE_LINKED_CMA_BACKCAST_0_1,province_linked_cma_backcast;not_official_provincial_observation;reference_cma=CMA_933;anchor_period=2017-03-31
OBS_BCPI_BACKCAST_5D3170C4641ADA767DB7,BCPI_INSTITUTIONAL_BUILDINGS_62213_DIVISION_COMPOSITE,PR_59,British Columbia,2021S0503933,30.440372,"Index, 2023=100",1982-01-01,1982-03-31,STATCAN_BCPI_18100289,inferred,1982-03-31,TR_AIIO_BCPI_PROVINCE_LINKED_CMA_BACKCAST_0_1,province_linked_cma_backcast;not_official_provincial_observation;reference_cma=CMA_933;anchor_period=2017-03-31
OBS_BCPI_BACKCAST_DDC71B40B26CC4DDAED3,BCPI_INSTITUTIONAL_BUILDINGS_62213_DIVISION_COMPOSITE,PR_59,British Columbia,2021S0503933,30.440372,"Index, 2023=100",1982-04-01,1982-06-30,STATCAN_BCPI_18100289,inferred,1982-06-30,TR_AIIO_BCPI_PROVINCE_LINKED_CMA_BACKCAST_0_1,province_linked_cma_backcast;not_official_provincial_observation;reference_cma=CMA_933;anchor_period=2017-03-31
OBS_BCPI_BACKCAST_B7B231BD91F51D91FE87,BCPI_INSTITUTIONAL_BUILDINGS_62213_DIVISION_COMPOSITE,PR_59,British Columbia,2021S0503933,30.74077,"Index, 2023=100",1982-07-01,1982-09-30,STATCAN_BCPI_18100289,inferred,1982-09-30,TR_AIIO_BCPI_PROVINCE_LINKED_CMA_BACKCAST_0_1,province_linked_cma_backcast;not_official_provincial_observation;reference_cma=CMA_933;anchor_period=2017-03-31
OBS_BCPI_BACKCAST_29C0A43A383286E079C9,BCPI_INSTITUTIONAL_BUILDINGS_62213_DIVISION_COMPOSITE,PR_59,British Columbia,2021S0503933,30.74077,"Index, 2023=100",1982-10-01,1982-12-31,STATCAN_BCPI_18100289,inferred,1982-12-31,TR_AIIO_BCPI_PROVINCE_LINKED_CMA_BACKCAST_0_1,province_linked_cma_backcast;not_official_provincial_observation;reference_cma=CMA_933;anchor_period=2017-03-31
OBS_BCPI_BACKCAST_B9261D5AF8EA6F0D45AC,BCPI_INSTITUTIONAL_BUILDINGS_62213_DIVISION_COMPOSITE,PR_59,British Columbia,2021S0503933,30.640637,"Index, 2023=100",1983-01-01,1983-03-31,STATCAN_BCPI_18100289,inferred,1983-03-31,TR_AIIO_BCPI_PROVINCE_LINKED_CMA_BACKCAST_0_1,province_linked_cma_backcast;not_official_provincial_observation;reference_cma=CMA_933;anchor_period=2017-03-31
OBS_BCPI_BACKCAST_54401E9BCA29E21A5E7F,BCPI_INSTITUTIONAL_BUILDINGS_62213_DIVISION_COMPOSITE,PR_59,British Columbia,2021S0503933,31.241434,"Index, 2023=100",1983-04-01,1983-06-30,STATCAN_BCPI_18100289,inferred,1983-06-30,TR_AIIO_BCPI_PROVINCE_LINKED_CMA_BACKCAST_0_1,province_linked_cma_backcast;not_official_provincial_observation;reference_cma=CMA_933;anchor_period=2017-03-31
OBS_BCPI_BACKCAST_F1B7D8EA92A826E58401,BCPI_INSTITUTIONAL_BUILDINGS_62213_DIVISION_COMPOSITE,PR_59,British Columbia,2021S0503933,30.840903,"Index, 2023=100",1983-07-01,1983-09-30,STATCAN_BCPI_18100289,inferred,1983-09-30,TR_AIIO_BCPI_PROVINCE_LINKED_CMA_BACKCAST_0_1,province_linked_cma_backcast;not_official_provincial_observation;reference_cma=CMA_933;anchor_period=2017-03-31
OBS_BCPI_BACKCAST_015802744234B5CD3D2C,BCPI_INSTITUTIONAL_BUILDINGS_62213_DIVISION_COMPOSITE,PR_59,British Columbia,2021S0503933,30.941036,"Index, 2023=100",1983-10-01,1983-12-31,STATCAN_BCPI_18100289,inferred,1983-12-31,TR_AIIO_BCPI_PROVINCE_LINKED_CMA_BACKCAST_0_1,province_linked_cma_backcast;not_official_provincial_observation;reference_cma=CMA_933;anchor_period=2017-03-31
OBS_BCPI_BACKCAST_4BC317BB3B7867E6C416,BCPI_INSTITUTIONAL_BUILDINGS_62213_DIVISION_COMPOSITE,PR_59,British Columbia,2021S0503933,30.941036,"Index, 2023=100",1984-01-01,1984-03-31,STATCAN_BCPI_18100289,inferred,1984-03-31,TR_AIIO_BCPI_PROVINCE_LINKED_CMA_BACKCAST_0_1,province_linked_cma_backcast;not_official_provincial_observation;reference_cma=CMA_933;anchor_period=2017-03-31
OBS_BCPI_BACKCAST_66803C2441B1720B7131,BCPI_INSTITUTIONAL_BUILDINGS_62213_DIVISION_COMPOSITE,PR_59,British Columbia,2021S0503933,29.939708,"Index, 2023=100",1984-04-01,1984-06-30,STATCAN_BCPI_18100289,inferred,1984-06-30,TR_AIIO_BCPI_PROVINCE_LINKED_CMA_BACKCAST_0_1,province_linked_cma_backcast;not_official_provincial_observation;reference_cma=CMA_933;anchor_period=2017-03-31
OBS_BCPI_BACKCAST_ADEF9254DD16ECD2E7B1,BCPI_INSTITUTIONAL_BUILDINGS_62213_DIVISION_COMPOSITE,PR_59,British Columbia,2021S0503933,29.839575,"Index, 2023=100",1984-07-01,1984-09-30,STATCAN_BCPI_18100289,inferred,1984-09-30,TR_AIIO_BCPI_PROVINCE_LINKED_CMA_BACKCAST_0_1,province_linked_cma_backcast;not_official_provincial_observation;reference_cma=CMA_933;anchor_period=2017-03-31
OBS_BCPI_BACKCAST_A71B313CBEDBFAB8F021,BCPI_INSTITUTIONAL_BUILDINGS_62213_DIVISION_COMPOSITE,PR_59,British Columbia,2021S0503933,29.939708,"Index, 2023=100",1984-10-01,1984-12-31,STATCAN_BCPI_18100289,inferred,1984-12-31,TR_AIIO_BCPI_PROVINCE_LINKED_CMA_BACKCAST_0_1,province_linked_cma_backcast;not_official_provincial_observation;reference_cma=CMA_933;anchor_period=2017-03-31
OBS_BCPI_BACKCAST_CD849323FF5C0D23A715,BCPI_INSTITUTIONAL_BUILDINGS_62213_DIVISION_COMPOSITE,PR_59,British Columbia,2021S0503933,29.939708,"Index, 2023=100",1985-01-01,1985-03-31,STATCAN_BCPI_18100289,inferred,1985-03-31,TR_AIIO_BCPI_PROVINCE_LINKED_CMA_BACKCAST_0_1,province_linked_cma_backcast;not_official_provincial_observation;reference_cma=CMA_933;anchor_period=2017-03-31
OBS_BCPI_BACKCAST_102DAB9BF9D3A0035A02,BCPI_INSTITUTIONAL_BUILDINGS_62213_DIVISION_COMPOSITE,PR_59,British Columbia,2021S0503933,30.340239,"Index, 2023=100",1985-04-01,1985-06-30,STATCAN_BCPI_18100289,inferred,1985-06-30,TR_AIIO_BCPI_PROVINCE_LINKED_CMA_BACKCAST_0_1,province_linked_cma_backcast;not_official_provincial_observation;reference_cma=CMA_933;anchor_period=2017-03-31
OBS_BCPI_BACKCAST_67665906DD4B0A341C1D,BCPI_INSTITUTIONAL_BUILDINGS_62213_DIVISION_COMPOSITE,PR_59,British Columbia,2021S0503933,30.540505,"Index, 2023=100",1985-07-01,1985-09-30,STATCAN_BCPI_18100289,inferred,1985-09-30,TR_AIIO_BCPI_PROVINCE_LINKED_CMA_BACKCAST_0_1,province_linked_cma_backcast;not_official_provincial_observation;reference_cma=CMA_933;anchor_period=2017-03-31
OBS_BCPI_BACKCAST_980C05E17F4E1D3DCCC6,BCPI_INSTITUTIONAL_BUILDINGS_62213_DIVISION_COMPOSITE,PR_59,British Columbia,2021S0503933,30.74077,"Index, 2023=100",1985-10-01,1985-12-31,STATCAN_BCPI_18100289,inferred,1985-12-31,TR_AIIO_BCPI_PROVINCE_LINKED_CMA_BACKCAST_0_1,province_linked_cma_backcast;not_official_provincial_observation;reference_cma=CMA_933;anchor_period=2017-03-31
OBS_BCPI_BACKCAST_E5926547C8F6A969E31E,BCPI_INSTITUTIONAL_BUILDINGS_62213_DIVISION_COMPOSITE,PR_59,British Columbia,2021S0503933,31.041169,"Index, 2023=100",1986-01-01,1986-03-31,STATCAN_BCPI_18100289,inferred,1986-03-31,TR_AIIO_BCPI_PROVINCE_LINKED_CMA_BACKCAST_0_1,province_linked_cma_backcast;not_official_provincial_observation;reference_cma=CMA_933;anchor_period=2017-03-31
OBS_BCPI_BACKCAST_B76792499EAD547C5ED3,BCPI_INSTITUTIONAL_BUILDINGS_62213_DIVISION_COMPOSITE,PR_59,British Columbia,2021S0503933,31.541833,"Index, 2023=100",1986-04-01,1986-06-30,STATCAN_BCPI_18100289,inferred,1986-06-30,TR_AIIO_BCPI_PROVINCE_LINKED_CMA_BACKCAST_0_1,province_linked_cma_backcast;not_official_provincial_observation;reference_cma=CMA_933;anchor_period=2017-03-31
OBS_BCPI_BACKCAST_E38BC935477544960CDD,BCPI_INSTITUTIONAL_BUILDINGS_62213_DIVISION_COMPOSITE,PR_59,British Columbia,2021S0503933,31.742098,"Index, 2023=100",1986-07-01,1986-09-30,STATCAN_BCPI_18100289,inferred,1986-09-30,TR_AIIO_BCPI_PROVINCE_LINKED_CMA_BACKCAST_0_1,province_linked_cma_backcast;not_official_provincial_observation;reference_cma=CMA_933;anchor_period=2017-03-31
OBS_BCPI_BACKCAST_FB0F7EBB0AC4CD622FE7,BCPI_INSTITUTIONAL_BUILDINGS_62213_DIVISION_COMPOSITE,PR_59,British Columbia,2021S0503933,31.942364,"Index, 2023=100",1986-10-01,1986-12-31,STATCAN_BCPI_18100289,inferred,1986-12-31,TR_AIIO_BCPI_PROVINCE_LINKED_CMA_BACKCAST_0_1,province_linked_cma_backcast;not_official_provincial_observation;reference_cma=CMA_933;anchor_period=2017-03-31
OBS_BCPI_BACKCAST_ECEB41E101BF707FFCAE,BCPI_INSTITUTIONAL_BUILDINGS_62213_DIVISION_COMPOSITE,PR_59,British Columbia,2021S0503933,31.942364,"Index, 2023=100",1987-01-01,1987-03-31,STATCAN_BCPI_18100289,inferred,1987-03-31,TR_AIIO_BCPI_PROVINCE_LINKED_CMA_BACKCAST_0_1,province_linked_cma_backcast;not_official_provincial_observation;reference_cma=CMA_933;anchor_period=2017-03-31
OBS_BCPI_BACKCAST_E7A28BC12B372D17397D,BCPI_INSTITUTIONAL_BUILDINGS_62213_DIVISION_COMPOSITE,PR_59,British Columbia,2021S0503933,32.042497,"Index, 2023=100",1987-04-01,1987-06-30,STATCAN_BCPI_18100289,inferred,1987-06-30,TR_AIIO_BCPI_PROVINCE_LINKED_CMA_BACKCAST_0_1,province_linked_cma_backcast;not_official_provincial_observation;reference_cma=CMA_933;anchor_period=2017-03-31
OBS_BCPI_BACKCAST_D93A27BF9F123B4CC2E8,BCPI_INSTITUTIONAL_BUILDINGS_62213_DIVISION_COMPOSITE,PR_59,British Columbia,2021S0503933,32.342895,"Index, 2023=100",1987-07-01,1987-09-30,STATCAN_BCPI_18100289,inferred,1987-09-30,TR_AIIO_BCPI_PROVINCE_LINKED_CMA_BACKCAST_0_1,province_linked_cma_backcast;not_official_provincial_observation;reference_cma=CMA_933;anchor_period=2017-03-31
OBS_BCPI_BACKCAST_CBFD9721957381EDD5BA,BCPI_INSTITUTIONAL_BUILDINGS_62213_DIVISION_COMPOSITE,PR_59,British Columbia,2021S0503933,32.943692,"Index, 2023=100",1987-10-01,1987-12-31,STATCAN_BCPI_18100289,inferred,1987-12-31,TR_AIIO_BCPI_PROVINCE_LINKED_CMA_BACKCAST_0_1,province_linked_cma_backcast;not_official_provincial_observation;reference_cma=CMA_933;anchor_period=2017-03-31
OBS_BCPI_BACKCAST_3926F83F04AB955ED2F6,BCPI_INSTITUTIONAL_BUILDINGS_62213_DIVISION_COMPOSITE,PR_59,British Columbia,2021S0503933,33.444356,"Index, 2023=100",1988-01-01,1988-03-31,STATCAN_BCPI_18100289,inferred,1988-03-31,TR_AIIO_BCPI_PROVINCE_LINKED_CMA_BACKCAST_0_1,province_linked_cma_backcast;not_official_provincial_observation;reference_cma=CMA_933;anchor_period=2017-03-31
OBS_BCPI_BACKCAST_478710E9D8237DA37335,BCPI_INSTITUTIONAL_BUILDINGS_62213_DIVISION_COMPOSITE,PR_59,British Columbia,2021S0503933,33.544489,"Index, 2023=100",1988-04-01,1988-06-30,STATCAN_BCPI_18100289,inferred,1988-06-30,TR_AIIO_BCPI_PROVINCE_LINKED_CMA_BACKCAST_0_1,province_linked_cma_backcast;not_official_provincial_observation;reference_cma=CMA_933;anchor_period=2017-03-31
OBS_BCPI_BACKCAST_5A42FBBE6E91528FA521,BCPI_INSTITUTIONAL_BUILDINGS_62213_DIVISION_COMPOSITE,PR_59,British Columbia,2021S0503933,34.345551,"Index, 2023=100",1988-07-01,1988-09-30,STATCAN_BCPI_18100289,inferred,1988-09-30,TR_AIIO_BCPI_PROVINCE_LINKED_CMA_BACKCAST_0_1,province_linked_cma_backcast;not_official_provincial_observation;reference_cma=CMA_933;anchor_period=2017-03-31
OBS_BCPI_BACKCAST_537FBE100FB66E141ABA,BCPI_INSTITUTIONAL_BUILDINGS_62213_DIVISION_COMPOSITE,PR_59,British Columbia,2021S0503933,35.046481,"Index, 2023=100",1988-10-01,1988-12-31,STATCAN_BCPI_18100289,inferred,1988-12-31,TR_AIIO_BCPI_PROVINCE_LINKED_CMA_BACKCAST_0_1,province_linked_cma_backcast;not_official_provincial_observation;reference_cma=CMA_933;anchor_period=2017-03-31
OBS_BCPI_BACKCAST_790F92492C12C1FA5274,BCPI_INSTITUTIONAL_BUILDINGS_62213_DIVISION_COMPOSITE,PR_59,British Columbia,2021S0503933,35.647278,"Index, 2023=100",1989-01-01,1989-03-31,STATCAN_BCPI_18100289,inferred,1989-03-31,TR_AIIO_BCPI_PROVINCE_LINKED_CMA_BACKCAST_0_1,province_linked_cma_backcast;not_official_provincial_observation;reference_cma=CMA_933;anchor_period=2017-03-31
OBS_BCPI_BACKCAST_71D40A0F1D20FB439956,BCPI_INSTITUTIONAL_BUILDINGS_62213_DIVISION_COMPOSITE,PR_59,British Columbia,2021S0503933,36.44834,"Index, 2023=100",1989-04-01,1989-06-30,STATCAN_BCPI_18100289,inferred,1989-06-30,TR_AIIO_BCPI_PROVINCE_LINKED_CMA_BACKCAST_0_1,province_linked_cma_backcast;not_official_provincial_observation;reference_cma=CMA_933;anchor_period=2017-03-31
OBS_BCPI_BACKCAST_DB6AF266457FD99EC6D8,BCPI_INSTITUTIONAL_BUILDINGS_62213_DIVISION_COMPOSITE,PR_59,British Columbia,2021S0503933,37.049137,"Index, 2023=100",1989-07-01,1989-09-30,STATCAN_BCPI_18100289,inferred,1989-09-30,TR_AIIO_BCPI_PROVINCE_LINKED_CMA_BACKCAST_0_1,province_linked_cma_backcast;not_official_provincial_observation;reference_cma=CMA_933;anchor_period=2017-03-31
OBS_BCPI_BACKCAST_29D53D1611658D670ED6,BCPI_INSTITUTIONAL_BUILDINGS_62213_DIVISION_COMPOSITE,PR_59,British Columbia,2021S0503933,37.449668,"Index, 2023=100",1989-10-01,1989-12-31,STATCAN_BCPI_18100289,inferred,1989-12-31,TR_AIIO_BCPI_PROVINCE_LINKED_CMA_BACKCAST_0_1,province_linked_cma_backcast;not_official_provincial_observation;reference_cma=CMA_933;anchor_period=2017-03-31
OBS_BCPI_BACKCAST_7BB303A542B254F86D1F,BCPI_INSTITUTIONAL_BUILDINGS_62213_DIVISION_COMPOSITE,PR_59,British Columbia,2021S0503933,38.25073,"Index, 2023=100",1990-01-01,1990-03-31,STATCAN_BCPI_18100289,inferred,1990-03-31,TR_AIIO_BCPI_PROVINCE_LINKED_CMA_BACKCAST_0_1,province_linked_cma_backcast;not_official_provincial_observation;reference_cma=CMA_933;anchor_period=2017-03-31
OBS_BCPI_BACKCAST_BCF4E80724CF0D7706B2,BCPI_INSTITUTIONAL_BUILDINGS_62213_DIVISION_COMPOSITE,PR_59,British Columbia,2021S0503933,38.551129,"Index, 2023=100",1990-04-01,1990-06-30,STATCAN_BCPI_18100289,inferred,1990-06-30,TR_AIIO_BCPI_PROVINCE_LINKED_CMA_BACKCAST_0_1,province_linked_cma_backcast;not_official_provincial_observation;reference_cma=CMA_933;anchor_period=2017-03-31
OBS_BCPI_BACKCAST_55C652EC9A02A0BAD0C4,BCPI_INSTITUTIONAL_BUILDINGS_62213_DIVISION_COMPOSITE,PR_59,British Columbia,2021S0503933,38.050465,"Index, 2023=100",1990-07-01,1990-09-30,STATCAN_BCPI_18100289,inferred,1990-09-30,TR_AIIO_BCPI_PROVINCE_LINKED_CMA_BACKCAST_0_1,province_linked_cma_backcast;not_official_provincial_observation;reference_cma=CMA_933;anchor_period=2017-03-31
OBS_BCPI_BACKCAST_C617857840C0782EB215,BCPI_INSTITUTIONAL_BUILDINGS_62213_DIVISION_COMPOSITE,PR_59,British Columbia,2021S0503933,37.950332,"Index, 2023=100",1990-10-01,1990-12-31,STATCAN_BCPI_18100289,inferred,1990-12-31,TR_AIIO_BCPI_PROVINCE_LINKED_CMA_BACKCAST_0_1,province_linked_cma_backcast;not_official_provincial_observation;reference_cma=CMA_933;anchor_period=2017-03-31
OBS_BCPI_BACKCAST_BCCA0C76EDA1D61C4D11,BCPI_INSTITUTIONAL_BUILDINGS_62213_DIVISION_COMPOSITE,PR_59,British Columbia,2021S0503933,36.848871,"Index, 2023=100",1991-01-01,1991-03-31,STATCAN_BCPI_18100289,inferred,1991-03-31,TR_AIIO_BCPI_PROVINCE_LINKED_CMA_BACKCAST_0_1,province_linked_cma_backcast;not_official_provincial_observation;reference_cma=CMA_933;anchor_period=2017-03-31
OBS_BCPI_BACKCAST_81426B29F4393D8302C2,BCPI_INSTITUTIONAL_BUILDINGS_62213_DIVISION_COMPOSITE,PR_59,British Columbia,2021S0503933,36.548473,"Index, 2023=100",1991-04-01,1991-06-30,STATCAN_BCPI_18100289,inferred,1991-06-30,TR_AIIO_BCPI_PROVINCE_LINKED_CMA_BACKCAST_0_1,province_linked_cma_backcast;not_official_provincial_observation;reference_cma=CMA_933;anchor_period=2017-03-31
OBS_BCPI_BACKCAST_9A69A8C785D22CD4D468,BCPI_INSTITUTIONAL_BUILDINGS_62213_DIVISION_COMPOSITE,PR_59,British Columbia,2021S0503933,36.548473,"Index, 2023=100",1991-07-01,1991-09-30,STATCAN_BCPI_18100289,inferred,1991-09-30,TR_AIIO_BCPI_PROVINCE_LINKED_CMA_BACKCAST_0_1,province_linked_cma_backcast;not_official_provincial_observation;reference_cma=CMA_933;anchor_period=2017-03-31
OBS_BCPI_BACKCAST_522949A71B81B2DB0049,BCPI_INSTITUTIONAL_BUILDINGS_62213_DIVISION_COMPOSITE,PR_59,British Columbia,2021S0503933,36.848871,"Index, 2023=100",1991-10-01,1991-12-31,STATCAN_BCPI_18100289,inferred,1991-12-31,TR_AIIO_BCPI_PROVINCE_LINKED_CMA_BACKCAST_0_1,province_linked_cma_backcast;not_official_provincial_observation;reference_cma=CMA_933;anchor_period=2017-03-31
OBS_BCPI_BACKCAST_7485547A371A3C08E6A0,BCPI_INSTITUTIONAL_BUILDINGS_62213_DIVISION_COMPOSITE,PR_59,British Columbia,2021S0503933,36.848871,"Index, 2023=100",1992-01-01,1992-03-31,STATCAN_BCPI_18100289,inferred,1992-03-31,TR_AIIO_BCPI_PROVINCE_LINKED_CMA_BACKCAST_0_1,province_linked_cma_backcast;not_official_provincial_observation;reference_cma=CMA_933;anchor_period=2017-03-31
OBS_BCPI_BACKCAST_D39251915E4241616F89,BCPI_INSTITUTIONAL_BUILDINGS_62213_DIVISION_COMPOSITE,PR_59,British Columbia,2021S0503933,37.449668,"Index, 2023=100",1992-04-01,1992-06-30,STATCAN_BCPI_18100289,inferred,1992-06-30,TR_AIIO_BCPI_PROVINCE_LINKED_CMA_BACKCAST_0_1,province_linked_cma_backcast;not_official_provincial_observation;reference_cma=CMA_933;anchor_period=2017-03-31
OBS_BCPI_BACKCAST_47D58CDD8B8CB0CC7082,BCPI_INSTITUTIONAL_BUILDINGS_62213_DIVISION_COMPOSITE,PR_59,British Columbia,2021S0503933,37.549801,"Index, 2023=100",1992-07-01,1992-09-30,STATCAN_BCPI_18100289,inferred,1992-09-30,TR_AIIO_BCPI_PROVINCE_LINKED_CMA_BACKCAST_0_1,province_linked_cma_backcast;not_official_provincial_observation;reference_cma=CMA_933;anchor_period=2017-03-31
OBS_BCPI_BACKCAST_1B6E5D6BD2CCE7767CF1,BCPI_INSTITUTIONAL_BUILDINGS_62213_DIVISION_COMPOSITE,PR_59,British Columbia,2021S0503933,37.750066,"Index, 2023=100",1992-10-01,1992-12-31,STATCAN_BCPI_18100289,inferred,1992-12-31,TR_AIIO_BCPI_PROVINCE_LINKED_CMA_BACKCAST_0_1,province_linked_cma_backcast;not_official_provincial_observation;reference_cma=CMA_933;anchor_period=2017-03-31
OBS_BCPI_BACKCAST_FA9BFAE0CA38A2FE036E,BCPI_INSTITUTIONAL_BUILDINGS_62213_DIVISION_COMPOSITE,PR_59,British Columbia,2021S0503933,37.750066,"Index, 2023=100",1993-01-01,1993-03-31,STATCAN_BCPI_18100289,inferred,1993-03-31,TR_AIIO_BCPI_PROVINCE_LINKED_CMA_BACKCAST_0_1,province_linked_cma_backcast;not_official_provincial_observation;reference_cma=CMA_933;anchor_period=2017-03-31
OBS_BCPI_BACKCAST_A02B90EE08A14DE2D056,BCPI_INSTITUTIONAL_BUILDINGS_62213_DIVISION_COMPOSITE,PR_59,British Columbia,2021S0503933,38.350863,"Index, 2023=100",1993-04-01,1993-06-30,STATCAN_BCPI_18100289,inferred,1993-06-30,TR_AIIO_BCPI_PROVINCE_LINKED_CMA_BACKCAST_0_1,province_linked_cma_backcast;not_official_provincial_observation;reference_cma=CMA_933;anchor_period=2017-03-31
OBS_BCPI_BACKCAST_6D4C0B2AD7FAB9B5A5CE,BCPI_INSTITUTIONAL_BUILDINGS_62213_DIVISION_COMPOSITE,PR_59,British Columbia,2021S0503933,38.450996,"Index, 2023=100",1993-07-01,1993-09-30,STATCAN_BCPI_18100289,inferred,1993-09-30,TR_AIIO_BCPI_PROVINCE_LINKED_CMA_BACKCAST_0_1,province_linked_cma_backcast;not_official_provincial_observation;reference_cma=CMA_933;anchor_period=2017-03-31
OBS_BCPI_BACKCAST_115421002BBD414BB9B3,BCPI_INSTITUTIONAL_BUILDINGS_62213_DIVISION_COMPOSITE,PR_59,British Columbia,2021S0503933,38.651262,"Index, 2023=100",1993-10-01,1993-12-31,STATCAN_BCPI_18100289,inferred,1993-12-31,TR_AIIO_BCPI_PROVINCE_LINKED_CMA_BACKCAST_0_1,province_linked_cma_backcast;not_official_provincial_observation;reference_cma=CMA_933;anchor_period=2017-03-31
OBS_BCPI_BACKCAST_B62C6BA4E42543809EDF,BCPI_INSTITUTIONAL_BUILDINGS_62213_DIVISION_COMPOSITE,PR_59,British Columbia,2021S0503933,38.751394,"Index, 2023=100",1994-01-01,1994-03-31,STATCAN_BCPI_18100289,inferred,1994-03-31,TR_AIIO_BCPI_PROVINCE_LINKED_CMA_BACKCAST_0_1,province_linked_cma_backcast;not_official_provincial_observation;reference_cma=CMA_933;anchor_period=2017-03-31
OBS_BCPI_BACKCAST_4475C34ABED6CC8EFDAA,BCPI_INSTITUTIONAL_BUILDINGS_62213_DIVISION_COMPOSITE,PR_59,British Columbia,2021S0503933,38.95166,"Index, 2023=100",1994-04-01,1994-06-30,STATCAN_BCPI_18100289,inferred,1994-06-30,TR_AIIO_BCPI_PROVINCE_LINKED_CMA_BACKCAST_0_1,province_linked_cma_backcast;not_official_provincial_observation;reference_cma=CMA_933;anchor_period=2017-03-31
OBS_BCPI_BACKCAST_382CC7110BD3CD188AC3,BCPI_INSTITUTIONAL_BUILDINGS_62213_DIVISION_COMPOSITE,PR_59,British Columbia,2021S0503933,39.151926,"Index, 2023=100",1994-07-01,1994-09-30,STATCAN_BCPI_18100289,inferred,1994-09-30,TR_AIIO_BCPI_PROVINCE_LINKED_CMA_BACKCAST_0_1,province_linked_cma_backcast;not_official_provincial_observation;reference_cma=CMA_933;anchor_period=2017-03-31
OBS_BCPI_BACKCAST_3492407A245E0CFDDA7D,BCPI_INSTITUTIONAL_BUILDINGS_62213_DIVISION_COMPOSITE,PR_59,British Columbia,2021S0503933,39.352191,"Index, 2023=100",1994-10-01,1994-12-31,STATCAN_BCPI_18100289,inferred,1994-12-31,TR_AIIO_BCPI_PROVINCE_LINKED_CMA_BACKCAST_0_1,province_linked_cma_backcast;not_official_provincial_observation;reference_cma=CMA_933;anchor_period=2017-03-31
OBS_BCPI_BACKCAST_FEEC7BF4D159E4B646E9,BCPI_INSTITUTIONAL_BUILDINGS_62213_DIVISION_COMPOSITE,PR_59,British Columbia,2021S0503933,40.153254,"Index, 2023=100",1995-01-01,1995-03-31,STATCAN_BCPI_18100289,inferred,1995-03-31,TR_AIIO_BCPI_PROVINCE_LINKED_CMA_BACKCAST_0_1,province_linked_cma_backcast;not_official_provincial_observation;reference_cma=CMA_933;anchor_period=2017-03-31
OBS_BCPI_BACKCAST_A5CD46BA10729DA092EE,BCPI_INSTITUTIONAL_BUILDINGS_62213_DIVISION_COMPOSITE,PR_59,British Columbia,2021S0503933,40.453652,"Index, 2023=100",1995-04-01,1995-06-30,STATCAN_BCPI_18100289,inferred,1995-06-30,TR_AIIO_BCPI_PROVINCE_LINKED_CMA_BACKCAST_0_1,province_linked_cma_backcast;not_official_provincial_observation;reference_cma=CMA_933;anchor_period=2017-03-31
OBS_BCPI_BACKCAST_217F48D71ED9C7017CEB,BCPI_INSTITUTIONAL_BUILDINGS_62213_DIVISION_COMPOSITE,PR_59,British Columbia,2021S0503933,40.453652,"Index, 2023=100",1995-07-01,1995-09-30,STATCAN_BCPI_18100289,inferred,1995-09-30,TR_AIIO_BCPI_PROVINCE_LINKED_CMA_BACKCAST_0_1,province_linked_cma_backcast;not_official_provincial_observation;reference_cma=CMA_933;anchor_period=2017-03-31
OBS_BCPI_BACKCAST_B6C475DEC8BBA0990D94,BCPI_INSTITUTIONAL_BUILDINGS_62213_DIVISION_COMPOSITE,PR_59,British Columbia,2021S0503933,40.553785,"Index, 2023=100",1995-10-01,1995-12-31,STATCAN_BCPI_18100289,inferred,1995-12-31,TR_AIIO_BCPI_PROVINCE_LINKED_CMA_BACKCAST_0_1,province_linked_cma_backcast;not_official_provincial_observation;reference_cma=CMA_933;anchor_period=2017-03-31
OBS_BCPI_BACKCAST_479A4991F4BB22E7526B,BCPI_INSTITUTIONAL_BUILDINGS_62213_DIVISION_COMPOSITE,PR_59,British Columbia,2021S0503933,40.75405,"Index, 2023=100",1996-01-01,1996-03-31,STATCAN_BCPI_18100289,inferred,1996-03-31,TR_AIIO_BCPI_PROVINCE_LINKED_CMA_BACKCAST_0_1,province_linked_cma_backcast;not_official_provincial_observation;reference_cma=CMA_933;anchor_period=2017-03-31
OBS_BCPI_BACKCAST_2E85967F1537F7D3C5DC,BCPI_INSTITUTIONAL_BUILDINGS_62213_DIVISION_COMPOSITE,PR_59,British Columbia,2021S0503933,41.254714,"Index, 2023=100",1996-04-01,1996-06-30,STATCAN_BCPI_18100289,inferred,1996-06-30,TR_AIIO_BCPI_PROVINCE_LINKED_CMA_BACKCAST_0_1,province_linked_cma_backcast;not_official_provincial_observation;reference_cma=CMA_933;anchor_period=2017-03-31
OBS_BCPI_BACKCAST_05FD5FD548359521A42A,BCPI_INSTITUTIONAL_BUILDINGS_62213_DIVISION_COMPOSITE,PR_59,British Columbia,2021S0503933,41.45498,"Index, 2023=100",1996-07-01,1996-09-30,STATCAN_BCPI_18100289,inferred,1996-09-30,TR_AIIO_BCPI_PROVINCE_LINKED_CMA_BACKCAST_0_1,province_linked_cma_backcast;not_official_provincial_observation;reference_cma=CMA_933;anchor_period=2017-03-31
OBS_BCPI_BACKCAST_17E92ABB3410B540A6E0,BCPI_INSTITUTIONAL_BUILDINGS_62213_DIVISION_COMPOSITE,PR_59,British Columbia,2021S0503933,41.555113,"Index, 2023=100",1996-10-01,1996-12-31,STATCAN_BCPI_18100289,inferred,1996-12-31,TR_AIIO_BCPI_PROVINCE_LINKED_CMA_BACKCAST_0_1,province_linked_cma_backcast;not_official_provincial_observation;reference_cma=CMA_933;anchor_period=2017-03-31
OBS_BCPI_BACKCAST_56391D9789F1CB0AD7B7,BCPI_INSTITUTIONAL_BUILDINGS_62213_DIVISION_COMPOSITE,PR_59,British Columbia,2021S0503933,41.755378,"Index, 2023=100",1997-01-01,1997-03-31,STATCAN_BCPI_18100289,inferred,1997-03-31,TR_AIIO_BCPI_PROVINCE_LINKED_CMA_BACKCAST_0_1,province_linked_cma_backcast;not_official_provincial_observation;reference_cma=CMA_933;anchor_period=2017-03-31
OBS_BCPI_BACKCAST_CEB81160F4D210B72DEE,BCPI_INSTITUTIONAL_BUILDINGS_62213_DIVISION_COMPOSITE,PR_59,British Columbia,2021S0503933,42.055777,"Index, 2023=100",1997-04-01,1997-06-30,STATCAN_BCPI_18100289,inferred,1997-06-30,TR_AIIO_BCPI_PROVINCE_LINKED_CMA_BACKCAST_0_1,province_linked_cma_backcast;not_official_provincial_observation;reference_cma=CMA_933;anchor_period=2017-03-31
OBS_BCPI_BACKCAST_01521AE93649F21BC0B0,BCPI_INSTITUTIONAL_BUILDINGS_62213_DIVISION_COMPOSITE,PR_59,British Columbia,2021S0503933,42.256042,"Index, 2023=100",1997-07-01,1997-09-30,STATCAN_BCPI_18100289,inferred,1997-09-30,TR_AIIO_BCPI_PROVINCE_LINKED_CMA_BACKCAST_0_1,province_linked_cma_backcast;not_official_provincial_observation;reference_cma=CMA_933;anchor_period=2017-03-31
OBS_BCPI_BACKCAST_7406C99B048C9440895E,BCPI_INSTITUTIONAL_BUILDINGS_62213_DIVISION_COMPOSITE,PR_59,British Columbia,2021S0503933,42.356175,"Index, 2023=100",1997-10-01,1997-12-31,STATCAN_BCPI_18100289,inferred,1997-12-31,TR_AIIO_BCPI_PROVINCE_LINKED_CMA_BACKCAST_0_1,province_linked_cma_backcast;not_official_provincial_observation;reference_cma=CMA_933;anchor_period=2017-03-31
OBS_BCPI_BACKCAST_2D62CBB6CBA0F8422741,BCPI_INSTITUTIONAL_BUILDINGS_62213_DIVISION_COMPOSITE,PR_59,British Columbia,2021S0503933,42.756707,"Index, 2023=100",1998-01-01,1998-03-31,STATCAN_BCPI_18100289,inferred,1998-03-31,TR_AIIO_BCPI_PROVINCE_LINKED_CMA_BACKCAST_0_1,province_linked_cma_backcast;not_official_provincial_observation;reference_cma=CMA_933;anchor_period=2017-03-31
OBS_BCPI_BACKCAST_F5D4599752F85B84FA7F,BCPI_INSTITUTIONAL_BUILDINGS_62213_DIVISION_COMPOSITE,PR_59,British Columbia,2021S0503933,42.856839,"Index, 2023=100",1998-04-01,1998-06-30,STATCAN_BCPI_18100289,inferred,1998-06-30,TR_AIIO_BCPI_PROVINCE_LINKED_CMA_BACKCAST_0_1,province_linked_cma_backcast;not_official_provincial_observation;reference_cma=CMA_933;anchor_period=2017-03-31
OBS_BCPI_BACKCAST_7F8E431F1D8FB8D0F709,BCPI_INSTITUTIONAL_BUILDINGS_62213_DIVISION_COMPOSITE,PR_59,British Columbia,2021S0503933,42.956972,"Index, 2023=100",1998-07-01,1998-09-30,STATCAN_BCPI_18100289,inferred,1998-09-30,TR_AIIO_BCPI_PROVINCE_LINKED_CMA_BACKCAST_0_1,province_linked_cma_backcast;not_official_provincial_observation;reference_cma=CMA_933;anchor_period=2017-03-31
OBS_BCPI_BACKCAST_FE84D032DA05C5CBB627,BCPI_INSTITUTIONAL_BUILDINGS_62213_DIVISION_COMPOSITE,PR_59,British Columbia,2021S0503933,43.057105,"Index, 2023=100",1998-10-01,1998-12-31,STATCAN_BCPI_18100289,inferred,1998-12-31,TR_AIIO_BCPI_PROVINCE_LINKED_CMA_BACKCAST_0_1,province_linked_cma_backcast;not_official_provincial_observation;reference_cma=CMA_933;anchor_period=2017-03-31
OBS_BCPI_BACKCAST_A1258BC974AD069EEAF4,BCPI_INSTITUTIONAL_BUILDINGS_62213_DIVISION_COMPOSITE,PR_59,British Columbia,2021S0503933,43.057105,"Index, 2023=100",1999-01-01,1999-03-31,STATCAN_BCPI_18100289,inferred,1999-03-31,TR_AIIO_BCPI_PROVINCE_LINKED_CMA_BACKCAST_0_1,province_linked_cma_backcast;not_official_provincial_observation;reference_cma=CMA_933;anchor_period=2017-03-31
OBS_BCPI_BACKCAST_0BDB9D68A92C692E1B2D,BCPI_INSTITUTIONAL_BUILDINGS_62213_DIVISION_COMPOSITE,PR_59,British Columbia,2021S0503933,43.257371,"Index, 2023=100",1999-04-01,1999-06-30,STATCAN_BCPI_18100289,inferred,1999-06-30,TR_AIIO_BCPI_PROVINCE_LINKED_CMA_BACKCAST_0_1,province_linked_cma_backcast;not_official_provincial_observation;reference_cma=CMA_933;anchor_period=2017-03-31
OBS_BCPI_BACKCAST_AA9B784CF5B8B7B24359,BCPI_INSTITUTIONAL_BUILDINGS_62213_DIVISION_COMPOSITE,PR_59,British Columbia,2021S0503933,43.257371,"Index, 2023=100",1999-07-01,1999-09-30,STATCAN_BCPI_18100289,inferred,1999-09-30,TR_AIIO_BCPI_PROVINCE_LINKED_CMA_BACKCAST_0_1,province_linked_cma_backcast;not_official_provincial_observation;reference_cma=CMA_933;anchor_period=2017-03-31
OBS_BCPI_BACKCAST_69D8BBC986C7C52B518E,BCPI_INSTITUTIONAL_BUILDINGS_62213_DIVISION_COMPOSITE,PR_59,British Columbia,2021S0503933,43.357503,"Index, 2023=100",1999-10-01,1999-12-31,STATCAN_BCPI_18100289,inferred,1999-12-31,TR_AIIO_BCPI_PROVINCE_LINKED_CMA_BACKCAST_0_1,province_linked_cma_backcast;not_official_provincial_observation;reference_cma=CMA_933;anchor_period=2017-03-31
OBS_BCPI_BACKCAST_A367289801C5E37A4806,BCPI_INSTITUTIONAL_BUILDINGS_62213_DIVISION_COMPOSITE,PR_59,British Columbia,2021S0503933,43.557769,"Index, 2023=100",2000-01-01,2000-03-31,STATCAN_BCPI_18100289,inferred,2000-03-31,TR_AIIO_BCPI_PROVINCE_LINKED_CMA_BACKCAST_0_1,province_linked_cma_backcast;not_official_provincial_observation;reference_cma=CMA_933;anchor_period=2017-03-31
OBS_BCPI_BACKCAST_27C726CFF5DCBDADBCC9,BCPI_INSTITUTIONAL_BUILDINGS_62213_DIVISION_COMPOSITE,PR_59,British Columbia,2021S0503933,43.858167,"Index, 2023=100",2000-04-01,2000-06-30,STATCAN_BCPI_18100289,inferred,2000-06-30,TR_AIIO_BCPI_PROVINCE_LINKED_CMA_BACKCAST_0_1,province_linked_cma_backcast;not_official_provincial_observation;reference_cma=CMA_933;anchor_period=2017-03-31
OBS_BCPI_BACKCAST_AA07E8450CD0857FC2C6,BCPI_INSTITUTIONAL_BUILDINGS_62213_DIVISION_COMPOSITE,PR_59,British Columbia,2021S0503933,44.058433,"Index, 2023=100",2000-07-01,2000-09-30,STATCAN_BCPI_18100289,inferred,2000-09-30,TR_AIIO_BCPI_PROVINCE_LINKED_CMA_BACKCAST_0_1,province_linked_cma_backcast;not_official_provincial_observation;reference_cma=CMA_933;anchor_period=2017-03-31
OBS_BCPI_BACKCAST_587159EEAA9CD9A47A1D,BCPI_INSTITUTIONAL_BUILDINGS_62213_DIVISION_COMPOSITE,PR_59,British Columbia,2021S0503933,44.258699,"Index, 2023=100",2000-10-01,2000-12-31,STATCAN_BCPI_18100289,inferred,2000-12-31,TR_AIIO_BCPI_PROVINCE_LINKED_CMA_BACKCAST_0_1,province_linked_cma_backcast;not_official_provincial_observation;reference_cma=CMA_933;anchor_period=2017-03-31
OBS_BCPI_BACKCAST_EC17BA4C609424ECDDC0,BCPI_INSTITUTIONAL_BUILDINGS_62213_DIVISION_COMPOSITE,PR_59,British Columbia,2021S0503933,44.358831,"Index, 2023=100",2001-01-01,2001-03-31,STATCAN_BCPI_18100289,inferred,2001-03-31,TR_AIIO_BCPI_PROVINCE_LINKED_CMA_BACKCAST_0_1,province_linked_cma_backcast;not_official_provincial_observation;reference_cma=CMA_933;anchor_period=2017-03-31
OBS_BCPI_BACKCAST_20A4986BCA713F946FF7,BCPI_INSTITUTIONAL_BUILDINGS_62213_DIVISION_COMPOSITE,PR_59,British Columbia,2021S0503933,44.559097,"Index, 2023=100",2001-04-01,2001-06-30,STATCAN_BCPI_18100289,inferred,2001-06-30,TR_AIIO_BCPI_PROVINCE_LINKED_CMA_BACKCAST_0_1,province_linked_cma_backcast;not_official_provincial_observation;reference_cma=CMA_933;anchor_period=2017-03-31
OBS_BCPI_BACKCAST_F8764CFE7F48191956B2,BCPI_INSTITUTIONAL_BUILDINGS_62213_DIVISION_COMPOSITE,PR_59,British Columbia,2021S0503933,44.65923,"Index, 2023=100",2001-07-01,2001-09-30,STATCAN_BCPI_18100289,inferred,2001-09-30,TR_AIIO_BCPI_PROVINCE_LINKED_CMA_BACKCAST_0_1,province_linked_cma_backcast;not_official_provincial_observation;reference_cma=CMA_933;anchor_period=2017-03-31
OBS_BCPI_BACKCAST_8AECB94CA4E76D889809,BCPI_INSTITUTIONAL_BUILDINGS_62213_DIVISION_COMPOSITE,PR_59,British Columbia,2021S0503933,44.759363,"Index, 2023=100",2001-10-01,2001-12-31,STATCAN_BCPI_18100289,inferred,2001-12-31,TR_AIIO_BCPI_PROVINCE_LINKED_CMA_BACKCAST_0_1,province_linked_cma_backcast;not_official_provincial_observation;reference_cma=CMA_933;anchor_period=2017-03-31
OBS_BCPI_BACKCAST_A9296E094C2FD1E803BE,BCPI_INSTITUTIONAL_BUILDINGS_62213_DIVISION_COMPOSITE,PR_59,British Columbia,2021S0503933,44.859495,"Index, 2023=100",2002-01-01,2002-03-31,STATCAN_BCPI_18100289,inferred,2002-03-31,TR_AIIO_BCPI_PROVINCE_LINKED_CMA_BACKCAST_0_1,province_linked_cma_backcast;not_official_provincial_observation;reference_cma=CMA_933;anchor_period=2017-03-31
OBS_BCPI_BACKCAST_FA3D7AD0F31825AB2548,BCPI_INSTITUTIONAL_BUILDINGS_62213_DIVISION_COMPOSITE,PR_59,British Columbia,2021S0503933,44.959628,"Index, 2023=100",2002-04-01,2002-06-30,STATCAN_BCPI_18100289,inferred,2002-06-30,TR_AIIO_BCPI_PROVINCE_LINKED_CMA_BACKCAST_0_1,province_linked_cma_backcast;not_official_provincial_observation;reference_cma=CMA_933;anchor_period=2017-03-31
OBS_BCPI_BACKCAST_366EBF3A95A55AA3597B,BCPI_INSTITUTIONAL_BUILDINGS_62213_DIVISION_COMPOSITE,PR_59,British Columbia,2021S0503933,45.159894,"Index, 2023=100",2002-07-01,2002-09-30,STATCAN_BCPI_18100289,inferred,2002-09-30,TR_AIIO_BCPI_PROVINCE_LINKED_CMA_BACKCAST_0_1,province_linked_cma_backcast;not_official_provincial_observation;reference_cma=CMA_933;anchor_period=2017-03-31
OBS_BCPI_BACKCAST_9E836ACEB0974FD90EDC,BCPI_INSTITUTIONAL_BUILDINGS_62213_DIVISION_COMPOSITE,PR_59,British Columbia,2021S0503933,45.159894,"Index, 2023=100",2002-10-01,2002-12-31,STATCAN_BCPI_18100289,inferred,2002-12-31,TR_AIIO_BCPI_PROVINCE_LINKED_CMA_BACKCAST_0_1,province_linked_cma_backcast;not_official_provincial_observation;reference_cma=CMA_933;anchor_period=2017-03-31
OBS_BCPI_BACKCAST_1AD3E822B77DADBD088B,BCPI_INSTITUTIONAL_BUILDINGS_62213_DIVISION_COMPOSITE,PR_59,British Columbia,2021S0503933,45.460292,"Index, 2023=100",2003-01-01,2003-03-31,STATCAN_BCPI_18100289,inferred,2003-03-31,TR_AIIO_BCPI_PROVINCE_LINKED_CMA_BACKCAST_0_1,province_linked_cma_backcast;not_official_provincial_observation;reference_cma=CMA_933;anchor_period=2017-03-31
OBS_BCPI_BACKCAST_D630AD697F46A7CEF04E,BCPI_INSTITUTIONAL_BUILDINGS_62213_DIVISION_COMPOSITE,PR_59,British Columbia,2021S0503933,45.460292,"Index, 2023=100",2003-04-01,2003-06-30,STATCAN_BCPI_18100289,inferred,2003-06-30,TR_AIIO_BCPI_PROVINCE_LINKED_CMA_BACKCAST_0_1,province_linked_cma_backcast;not_official_provincial_observation;reference_cma=CMA_933;anchor_period=2017-03-31
OBS_BCPI_BACKCAST_95BA9C3DC21994515753,BCPI_INSTITUTIONAL_BUILDINGS_62213_DIVISION_COMPOSITE,PR_59,British Columbia,2021S0503933,45.960956,"Index, 2023=100",2003-07-01,2003-09-30,STATCAN_BCPI_18100289,inferred,2003-09-30,TR_AIIO_BCPI_PROVINCE_LINKED_CMA_BACKCAST_0_1,province_linked_cma_backcast;not_official_provincial_observation;reference_cma=CMA_933;anchor_period=2017-03-31
OBS_BCPI_BACKCAST_B610CDA6A8545132A703,BCPI_INSTITUTIONAL_BUILDINGS_62213_DIVISION_COMPOSITE,PR_59,British Columbia,2021S0503933,46.261355,"Index, 2023=100",2003-10-01,2003-12-31,STATCAN_BCPI_18100289,inferred,2003-12-31,TR_AIIO_BCPI_PROVINCE_LINKED_CMA_BACKCAST_0_1,province_linked_cma_backcast;not_official_provincial_observation;reference_cma=CMA_933;anchor_period=2017-03-31
OBS_BCPI_BACKCAST_30776D1759B34A664316,BCPI_INSTITUTIONAL_BUILDINGS_62213_DIVISION_COMPOSITE,PR_59,British Columbia,2021S0503933,47.763347,"Index, 2023=100",2004-01-01,2004-03-31,STATCAN_BCPI_18100289,inferred,2004-03-31,TR_AIIO_BCPI_PROVINCE_LINKED_CMA_BACKCAST_0_1,province_linked_cma_backcast;not_official_provincial_observation;reference_cma=CMA_933;anchor_period=2017-03-31
OBS_BCPI_BACKCAST_6E2D12E92D7C54B53636,BCPI_INSTITUTIONAL_BUILDINGS_62213_DIVISION_COMPOSITE,PR_59,British Columbia,2021S0503933,48.96494,"Index, 2023=100",2004-04-01,2004-06-30,STATCAN_BCPI_18100289,inferred,2004-06-30,TR_AIIO_BCPI_PROVINCE_LINKED_CMA_BACKCAST_0_1,province_linked_cma_backcast;not_official_provincial_observation;reference_cma=CMA_933;anchor_period=2017-03-31
OBS_BCPI_BACKCAST_278D41AF3EE915C9DD62,BCPI_INSTITUTIONAL_BUILDINGS_62213_DIVISION_COMPOSITE,PR_59,British Columbia,2021S0503933,50.667198,"Index, 2023=100",2004-07-01,2004-09-30,STATCAN_BCPI_18100289,inferred,2004-09-30,TR_AIIO_BCPI_PROVINCE_LINKED_CMA_BACKCAST_0_1,province_linked_cma_backcast;not_official_provincial_observation;reference_cma=CMA_933;anchor_period=2017-03-31
OBS_BCPI_BACKCAST_50429FB37B4719B7341F,BCPI_INSTITUTIONAL_BUILDINGS_62213_DIVISION_COMPOSITE,PR_59,British Columbia,2021S0503933,51.267995,"Index, 2023=100",2004-10-01,2004-12-31,STATCAN_BCPI_18100289,inferred,2004-12-31,TR_AIIO_BCPI_PROVINCE_LINKED_CMA_BACKCAST_0_1,province_linked_cma_backcast;not_official_provincial_observation;reference_cma=CMA_933;anchor_period=2017-03-31
OBS_BCPI_BACKCAST_6687AC9C585F29D3A502,BCPI_INSTITUTIONAL_BUILDINGS_62213_DIVISION_COMPOSITE,PR_59,British Columbia,2021S0503933,51.768659,"Index, 2023=100",2005-01-01,2005-03-31,STATCAN_BCPI_18100289,inferred,2005-03-31,TR_AIIO_BCPI_PROVINCE_LINKED_CMA_BACKCAST_0_1,province_linked_cma_backcast;not_official_provincial_observation;reference_cma=CMA_933;anchor_period=2017-03-31
OBS_BCPI_BACKCAST_C88D11A99B0C26F7E5C6,BCPI_INSTITUTIONAL_BUILDINGS_62213_DIVISION_COMPOSITE,PR_59,British Columbia,2021S0503933,53.070385,"Index, 2023=100",2005-04-01,2005-06-30,STATCAN_BCPI_18100289,inferred,2005-06-30,TR_AIIO_BCPI_PROVINCE_LINKED_CMA_BACKCAST_0_1,province_linked_cma_backcast;not_official_provincial_observation;reference_cma=CMA_933;anchor_period=2017-03-31
OBS_BCPI_BACKCAST_AC2D662965FFAD86508A,BCPI_INSTITUTIONAL_BUILDINGS_62213_DIVISION_COMPOSITE,PR_59,British Columbia,2021S0503933,54.071713,"Index, 2023=100",2005-07-01,2005-09-30,STATCAN_BCPI_18100289,inferred,2005-09-30,TR_AIIO_BCPI_PROVINCE_LINKED_CMA_BACKCAST_0_1,province_linked_cma_backcast;not_official_provincial_observation;reference_cma=CMA_933;anchor_period=2017-03-31
OBS_BCPI_BACKCAST_4D41598233D770296C4C,BCPI_INSTITUTIONAL_BUILDINGS_62213_DIVISION_COMPOSITE,PR_59,British Columbia,2021S0503933,55.073041,"Index, 2023=100",2005-10-01,2005-12-31,STATCAN_BCPI_18100289,inferred,2005-12-31,TR_AIIO_BCPI_PROVINCE_LINKED_CMA_BACKCAST_0_1,province_linked_cma_backcast;not_official_provincial_observation;reference_cma=CMA_933;anchor_period=2017-03-31
OBS_BCPI_BACKCAST_1AF82462846406A29E32,BCPI_INSTITUTIONAL_BUILDINGS_62213_DIVISION_COMPOSITE,PR_59,British Columbia,2021S0503933,55.974236,"Index, 2023=100",2006-01-01,2006-03-31,STATCAN_BCPI_18100289,inferred,2006-03-31,TR_AIIO_BCPI_PROVINCE_LINKED_CMA_BACKCAST_0_1,province_linked_cma_backcast;not_official_provincial_observation;reference_cma=CMA_933;anchor_period=2017-03-31
OBS_BCPI_BACKCAST_55CEC3D6EC98E40C2FF2,BCPI_INSTITUTIONAL_BUILDINGS_62213_DIVISION_COMPOSITE,PR_59,British Columbia,2021S0503933,57.976892,"Index, 2023=100",2006-04-01,2006-06-30,STATCAN_BCPI_18100289,inferred,2006-06-30,TR_AIIO_BCPI_PROVINCE_LINKED_CMA_BACKCAST_0_1,province_linked_cma_backcast;not_official_provincial_observation;reference_cma=CMA_933;anchor_period=2017-03-31
OBS_BCPI_BACKCAST_7081E49725B1F4E7C197,BCPI_INSTITUTIONAL_BUILDINGS_62213_DIVISION_COMPOSITE,PR_59,British Columbia,2021S0503933,59.779283,"Index, 2023=100",2006-07-01,2006-09-30,STATCAN_BCPI_18100289,inferred,2006-09-30,TR_AIIO_BCPI_PROVINCE_LINKED_CMA_BACKCAST_0_1,province_linked_cma_backcast;not_official_provincial_observation;reference_cma=CMA_933;anchor_period=2017-03-31
OBS_BCPI_BACKCAST_761B55B1B796116EC333,BCPI_INSTITUTIONAL_BUILDINGS_62213_DIVISION_COMPOSITE,PR_59,British Columbia,2021S0503933,61.982205,"Index, 2023=100",2006-10-01,2006-12-31,STATCAN_BCPI_18100289,inferred,2006-12-31,TR_AIIO_BCPI_PROVINCE_LINKED_CMA_BACKCAST_0_1,province_linked_cma_backcast;not_official_provincial_observation;reference_cma=CMA_933;anchor_period=2017-03-31
OBS_BCPI_BACKCAST_ECFDAFF56BDF57FE45CA,BCPI_INSTITUTIONAL_BUILDINGS_62213_DIVISION_COMPOSITE,PR_59,British Columbia,2021S0503933,63.384064,"Index, 2023=100",2007-01-01,2007-03-31,STATCAN_BCPI_18100289,inferred,2007-03-31,TR_AIIO_BCPI_PROVINCE_LINKED_CMA_BACKCAST_0_1,province_linked_cma_backcast;not_official_provincial_observation;reference_cma=CMA_933;anchor_period=2017-03-31
OBS_BCPI_BACKCAST_E99159FD4DD85D580458,BCPI_INSTITUTIONAL_BUILDINGS_62213_DIVISION_COMPOSITE,PR_59,British Columbia,2021S0503933,65.687118,"Index, 2023=100",2007-04-01,2007-06-30,STATCAN_BCPI_18100289,inferred,2007-06-30,TR_AIIO_BCPI_PROVINCE_LINKED_CMA_BACKCAST_0_1,province_linked_cma_backcast;not_official_provincial_observation;reference_cma=CMA_933;anchor_period=2017-03-31
OBS_BCPI_BACKCAST_24336E42F8AF99A9C93A,BCPI_INSTITUTIONAL_BUILDINGS_62213_DIVISION_COMPOSITE,PR_59,British Columbia,2021S0503933,67.389376,"Index, 2023=100",2007-07-01,2007-09-30,STATCAN_BCPI_18100289,inferred,2007-09-30,TR_AIIO_BCPI_PROVINCE_LINKED_CMA_BACKCAST_0_1,province_linked_cma_backcast;not_official_provincial_observation;reference_cma=CMA_933;anchor_period=2017-03-31
OBS_BCPI_BACKCAST_44E063051CB63CB79D36,BCPI_INSTITUTIONAL_BUILDINGS_62213_DIVISION_COMPOSITE,PR_59,British Columbia,2021S0503933,67.990173,"Index, 2023=100",2007-10-01,2007-12-31,STATCAN_BCPI_18100289,inferred,2007-12-31,TR_AIIO_BCPI_PROVINCE_LINKED_CMA_BACKCAST_0_1,province_linked_cma_backcast;not_official_provincial_observation;reference_cma=CMA_933;anchor_period=2017-03-31
OBS_BCPI_BACKCAST_F55D484998921017EF89,BCPI_INSTITUTIONAL_BUILDINGS_62213_DIVISION_COMPOSITE,PR_59,British Columbia,2021S0503933,69.191766,"Index, 2023=100",2008-01-01,2008-03-31,STATCAN_BCPI_18100289,inferred,2008-03-31,TR_AIIO_BCPI_PROVINCE_LINKED_CMA_BACKCAST_0_1,province_linked_cma_backcast;not_official_provincial_observation;reference_cma=CMA_933;anchor_period=2017-03-31
OBS_BCPI_BACKCAST_58BB17CFB7A821E1AF06,BCPI_INSTITUTIONAL_BUILDINGS_62213_DIVISION_COMPOSITE,PR_59,British Columbia,2021S0503933,72.796547,"Index, 2023=100",2008-04-01,2008-06-30,STATCAN_BCPI_18100289,inferred,2008-06-30,TR_AIIO_BCPI_PROVINCE_LINKED_CMA_BACKCAST_0_1,province_linked_cma_backcast;not_official_provincial_observation;reference_cma=CMA_933;anchor_period=2017-03-31
OBS_BCPI_BACKCAST_6AAA4D989FBC73D00C90,BCPI_INSTITUTIONAL_BUILDINGS_62213_DIVISION_COMPOSITE,PR_59,British Columbia,2021S0503933,74.098274,"Index, 2023=100",2008-07-01,2008-09-30,STATCAN_BCPI_18100289,inferred,2008-09-30,TR_AIIO_BCPI_PROVINCE_LINKED_CMA_BACKCAST_0_1,province_linked_cma_backcast;not_official_provincial_observation;reference_cma=CMA_933;anchor_period=2017-03-31
OBS_BCPI_BACKCAST_2FF1A74055D5EB7553ED,BCPI_INSTITUTIONAL_BUILDINGS_62213_DIVISION_COMPOSITE,PR_59,British Columbia,2021S0503933,70.894024,"Index, 2023=100",2008-10-01,2008-12-31,STATCAN_BCPI_18100289,inferred,2008-12-31,TR_AIIO_BCPI_PROVINCE_LINKED_CMA_BACKCAST_0_1,province_linked_cma_backcast;not_official_provincial_observation;reference_cma=CMA_933;anchor_period=2017-03-31
OBS_BCPI_BACKCAST_9018B32230A21206E506,BCPI_INSTITUTIONAL_BUILDINGS_62213_DIVISION_COMPOSITE,PR_59,British Columbia,2021S0503933,64.485525,"Index, 2023=100",2009-01-01,2009-03-31,STATCAN_BCPI_18100289,inferred,2009-03-31,TR_AIIO_BCPI_PROVINCE_LINKED_CMA_BACKCAST_0_1,province_linked_cma_backcast;not_official_provincial_observation;reference_cma=CMA_933;anchor_period=2017-03-31
OBS_BCPI_BACKCAST_2AF5EEEAE50086801A9B,BCPI_INSTITUTIONAL_BUILDINGS_62213_DIVISION_COMPOSITE,PR_59,British Columbia,2021S0503933,63.884728,"Index, 2023=100",2009-04-01,2009-06-30,STATCAN_BCPI_18100289,inferred,2009-06-30,TR_AIIO_BCPI_PROVINCE_LINKED_CMA_BACKCAST_0_1,province_linked_cma_backcast;not_official_provincial_observation;reference_cma=CMA_933;anchor_period=2017-03-31
OBS_BCPI_BACKCAST_D63651A7F3E7380E6ED5,BCPI_INSTITUTIONAL_BUILDINGS_62213_DIVISION_COMPOSITE,PR_59,British Columbia,2021S0503933,61.681806,"Index, 2023=100",2009-07-01,2009-09-30,STATCAN_BCPI_18100289,inferred,2009-09-30,TR_AIIO_BCPI_PROVINCE_LINKED_CMA_BACKCAST_0_1,province_linked_cma_backcast;not_official_provincial_observation;reference_cma=CMA_933;anchor_period=2017-03-31
OBS_BCPI_BACKCAST_894C70AE943C6EEF8E80,BCPI_INSTITUTIONAL_BUILDINGS_62213_DIVISION_COMPOSITE,PR_59,British Columbia,2021S0503933,61.581673,"Index, 2023=100",2009-10-01,2009-12-31,STATCAN_BCPI_18100289,inferred,2009-12-31,TR_AIIO_BCPI_PROVINCE_LINKED_CMA_BACKCAST_0_1,province_linked_cma_backcast;not_official_provincial_observation;reference_cma=CMA_933;anchor_period=2017-03-31
OBS_BCPI_BACKCAST_55DCC536F8CB0F12FD07,BCPI_INSTITUTIONAL_BUILDINGS_62213_DIVISION_COMPOSITE,PR_59,British Columbia,2021S0503933,61.181142,"Index, 2023=100",2010-01-01,2010-03-31,STATCAN_BCPI_18100289,inferred,2010-03-31,TR_AIIO_BCPI_PROVINCE_LINKED_CMA_BACKCAST_0_1,province_linked_cma_backcast;not_official_provincial_observation;reference_cma=CMA_933;anchor_period=2017-03-31
OBS_BCPI_BACKCAST_459ABEAA6243AECEE8DB,BCPI_INSTITUTIONAL_BUILDINGS_62213_DIVISION_COMPOSITE,PR_59,British Columbia,2021S0503933,62.082337,"Index, 2023=100",2010-04-01,2010-06-30,STATCAN_BCPI_18100289,inferred,2010-06-30,TR_AIIO_BCPI_PROVINCE_LINKED_CMA_BACKCAST_0_1,province_linked_cma_backcast;not_official_provincial_observation;reference_cma=CMA_933;anchor_period=2017-03-31
OBS_BCPI_BACKCAST_41D0E22BE8044A67B81A,BCPI_INSTITUTIONAL_BUILDINGS_62213_DIVISION_COMPOSITE,PR_59,British Columbia,2021S0503933,62.282603,"Index, 2023=100",2010-07-01,2010-09-30,STATCAN_BCPI_18100289,inferred,2010-09-30,TR_AIIO_BCPI_PROVINCE_LINKED_CMA_BACKCAST_0_1,province_linked_cma_backcast;not_official_provincial_observation;reference_cma=CMA_933;anchor_period=2017-03-31
OBS_BCPI_BACKCAST_340FAB1F2EEAFEB65CB3,BCPI_INSTITUTIONAL_BUILDINGS_62213_DIVISION_COMPOSITE,PR_59,British Columbia,2021S0503933,62.683134,"Index, 2023=100",2010-10-01,2010-12-31,STATCAN_BCPI_18100289,inferred,2010-12-31,TR_AIIO_BCPI_PROVINCE_LINKED_CMA_BACKCAST_0_1,province_linked_cma_backcast;not_official_provincial_observation;reference_cma=CMA_933;anchor_period=2017-03-31
OBS_BCPI_BACKCAST_C31EBA0D695F35FE0BB5,BCPI_INSTITUTIONAL_BUILDINGS_62213_DIVISION_COMPOSITE,PR_59,British Columbia,2021S0503933,63.484197,"Index, 2023=100",2011-01-01,2011-03-31,STATCAN_BCPI_18100289,inferred,2011-03-31,TR_AIIO_BCPI_PROVINCE_LINKED_CMA_BACKCAST_0_1,province_linked_cma_backcast;not_official_provincial_observation;reference_cma=CMA_933;anchor_period=2017-03-31
OBS_BCPI_BACKCAST_AB9B43B10218DCF7F726,BCPI_INSTITUTIONAL_BUILDINGS_62213_DIVISION_COMPOSITE,PR_59,British Columbia,2021S0503933,64.285259,"Index, 2023=100",2011-04-01,2011-06-30,STATCAN_BCPI_18100289,inferred,2011-06-30,TR_AIIO_BCPI_PROVINCE_LINKED_CMA_BACKCAST_0_1,province_linked_cma_backcast;not_official_provincial_observation;reference_cma=CMA_933;anchor_period=2017-03-31
OBS_BCPI_BACKCAST_AD8D7C3DB2B20D92D6A8,BCPI_INSTITUTIONAL_BUILDINGS_62213_DIVISION_COMPOSITE,PR_59,British Columbia,2021S0503933,64.68579,"Index, 2023=100",2011-07-01,2011-09-30,STATCAN_BCPI_18100289,inferred,2011-09-30,TR_AIIO_BCPI_PROVINCE_LINKED_CMA_BACKCAST_0_1,province_linked_cma_backcast;not_official_provincial_observation;reference_cma=CMA_933;anchor_period=2017-03-31
OBS_BCPI_BACKCAST_7E5F3C9E3600CDE87692,BCPI_INSTITUTIONAL_BUILDINGS_62213_DIVISION_COMPOSITE,PR_59,British Columbia,2021S0503933,65.186454,"Index, 2023=100",2011-10-01,2011-12-31,STATCAN_BCPI_18100289,inferred,2011-12-31,TR_AIIO_BCPI_PROVINCE_LINKED_CMA_BACKCAST_0_1,province_linked_cma_backcast;not_official_provincial_observation;reference_cma=CMA_933;anchor_period=2017-03-31
OBS_BCPI_BACKCAST_ACF14BA59DA436E16FFF,BCPI_INSTITUTIONAL_BUILDINGS_62213_DIVISION_COMPOSITE,PR_59,British Columbia,2021S0503933,66.087649,"Index, 2023=100",2012-01-01,2012-03-31,STATCAN_BCPI_18100289,inferred,2012-03-31,TR_AIIO_BCPI_PROVINCE_LINKED_CMA_BACKCAST_0_1,province_linked_cma_backcast;not_official_provincial_observation;reference_cma=CMA_933;anchor_period=2017-03-31
OBS_BCPI_BACKCAST_BC97C48B6D69362A5ADB,BCPI_INSTITUTIONAL_BUILDINGS_62213_DIVISION_COMPOSITE,PR_59,British Columbia,2021S0503933,66.688446,"Index, 2023=100",2012-04-01,2012-06-30,STATCAN_BCPI_18100289,inferred,2012-06-30,TR_AIIO_BCPI_PROVINCE_LINKED_CMA_BACKCAST_0_1,province_linked_cma_backcast;not_official_provincial_observation;reference_cma=CMA_933;anchor_period=2017-03-31
OBS_BCPI_BACKCAST_BF9BEA02BDD56BAFD66A,BCPI_INSTITUTIONAL_BUILDINGS_62213_DIVISION_COMPOSITE,PR_59,British Columbia,2021S0503933,66.688446,"Index, 2023=100",2012-07-01,2012-09-30,STATCAN_BCPI_18100289,inferred,2012-09-30,TR_AIIO_BCPI_PROVINCE_LINKED_CMA_BACKCAST_0_1,province_linked_cma_backcast;not_official_provincial_observation;reference_cma=CMA_933;anchor_period=2017-03-31
OBS_BCPI_BACKCAST_E69E5AC0626EACEB84DF,BCPI_INSTITUTIONAL_BUILDINGS_62213_DIVISION_COMPOSITE,PR_59,British Columbia,2021S0503933,66.888712,"Index, 2023=100",2012-10-01,2012-12-31,STATCAN_BCPI_18100289,inferred,2012-12-31,TR_AIIO_BCPI_PROVINCE_LINKED_CMA_BACKCAST_0_1,province_linked_cma_backcast;not_official_provincial_observation;reference_cma=CMA_933;anchor_period=2017-03-31
OBS_BCPI_BACKCAST_09CAE2DA883D768299F2,BCPI_INSTITUTIONAL_BUILDINGS_62213_DIVISION_COMPOSITE,PR_59,British Columbia,2021S0503933,66.788579,"Index, 2023=100",2013-01-01,2013-03-31,STATCAN_BCPI_18100289,inferred,2013-03-31,TR_AIIO_BCPI_PROVINCE_LINKED_CMA_BACKCAST_0_1,province_linked_cma_backcast;not_official_provincial_observation;reference_cma=CMA_933;anchor_period=2017-03-31
OBS_BCPI_BACKCAST_ABFF88CF79C14C25131F,BCPI_INSTITUTIONAL_BUILDINGS_62213_DIVISION_COMPOSITE,PR_59,British Columbia,2021S0503933,68.691102,"Index, 2023=100",2013-04-01,2013-06-30,STATCAN_BCPI_18100289,inferred,2013-06-30,TR_AIIO_BCPI_PROVINCE_LINKED_CMA_BACKCAST_0_1,province_linked_cma_backcast;not_official_provincial_observation;reference_cma=CMA_933;anchor_period=2017-03-31
OBS_BCPI_BACKCAST_ECD58AA9E426900EC2DB,BCPI_INSTITUTIONAL_BUILDINGS_62213_DIVISION_COMPOSITE,PR_59,British Columbia,2021S0503933,68.791235,"Index, 2023=100",2013-07-01,2013-09-30,STATCAN_BCPI_18100289,inferred,2013-09-30,TR_AIIO_BCPI_PROVINCE_LINKED_CMA_BACKCAST_0_1,province_linked_cma_backcast;not_official_provincial_observation;reference_cma=CMA_933;anchor_period=2017-03-31
OBS_BCPI_BACKCAST_B9453F0A5A2C12F164CC,BCPI_INSTITUTIONAL_BUILDINGS_62213_DIVISION_COMPOSITE,PR_59,British Columbia,2021S0503933,68.791235,"Index, 2023=100",2013-10-01,2013-12-31,STATCAN_BCPI_18100289,inferred,2013-12-31,TR_AIIO_BCPI_PROVINCE_LINKED_CMA_BACKCAST_0_1,province_linked_cma_backcast;not_official_provincial_observation;reference_cma=CMA_933;anchor_period=2017-03-31
OBS_BCPI_BACKCAST_6C5612518E139634EBD3,BCPI_INSTITUTIONAL_BUILDINGS_62213_DIVISION_COMPOSITE,PR_59,British Columbia,2021S0503933,69.091633,"Index, 2023=100",2014-01-01,2014-03-31,STATCAN_BCPI_18100289,inferred,2014-03-31,TR_AIIO_BCPI_PROVINCE_LINKED_CMA_BACKCAST_0_1,province_linked_cma_backcast;not_official_provincial_observation;reference_cma=CMA_933;anchor_period=2017-03-31
OBS_BCPI_BACKCAST_42CE906C09398DBCEA34,BCPI_INSTITUTIONAL_BUILDINGS_62213_DIVISION_COMPOSITE,PR_59,British Columbia,2021S0503933,69.492165,"Index, 2023=100",2014-04-01,2014-06-30,STATCAN_BCPI_18100289,inferred,2014-06-30,TR_AIIO_BCPI_PROVINCE_LINKED_CMA_BACKCAST_0_1,province_linked_cma_backcast;not_official_provincial_observation;reference_cma=CMA_933;anchor_period=2017-03-31
OBS_BCPI_BACKCAST_0C6883377EF47E58E96E,BCPI_INSTITUTIONAL_BUILDINGS_62213_DIVISION_COMPOSITE,PR_59,British Columbia,2021S0503933,69.892696,"Index, 2023=100",2014-07-01,2014-09-30,STATCAN_BCPI_18100289,inferred,2014-09-30,TR_AIIO_BCPI_PROVINCE_LINKED_CMA_BACKCAST_0_1,province_linked_cma_backcast;not_official_provincial_observation;reference_cma=CMA_933;anchor_period=2017-03-31
OBS_BCPI_BACKCAST_86D1F340C069DCB960C9,BCPI_INSTITUTIONAL_BUILDINGS_62213_DIVISION_COMPOSITE,PR_59,British Columbia,2021S0503933,69.69243,"Index, 2023=100",2014-10-01,2014-12-31,STATCAN_BCPI_18100289,inferred,2014-12-31,TR_AIIO_BCPI_PROVINCE_LINKED_CMA_BACKCAST_0_1,province_linked_cma_backcast;not_official_provincial_observation;reference_cma=CMA_933;anchor_period=2017-03-31
OBS_BCPI_BACKCAST_B7163E55D54883EE1A57,BCPI_INSTITUTIONAL_BUILDINGS_62213_DIVISION_COMPOSITE,PR_59,British Columbia,2021S0503933,70.193094,"Index, 2023=100",2015-01-01,2015-03-31,STATCAN_BCPI_18100289,inferred,2015-03-31,TR_AIIO_BCPI_PROVINCE_LINKED_CMA_BACKCAST_0_1,province_linked_cma_backcast;not_official_provincial_observation;reference_cma=CMA_933;anchor_period=2017-03-31
OBS_BCPI_BACKCAST_D67153570A59A9A78037,BCPI_INSTITUTIONAL_BUILDINGS_62213_DIVISION_COMPOSITE,PR_59,British Columbia,2021S0503933,70.593625,"Index, 2023=100",2015-04-01,2015-06-30,STATCAN_BCPI_18100289,inferred,2015-06-30,TR_AIIO_BCPI_PROVINCE_LINKED_CMA_BACKCAST_0_1,province_linked_cma_backcast;not_official_provincial_observation;reference_cma=CMA_933;anchor_period=2017-03-31
OBS_BCPI_BACKCAST_0B214C3CFB5A3553E294,BCPI_INSTITUTIONAL_BUILDINGS_62213_DIVISION_COMPOSITE,PR_59,British Columbia,2021S0503933,70.793891,"Index, 2023=100",2015-07-01,2015-09-30,STATCAN_BCPI_18100289,inferred,2015-09-30,TR_AIIO_BCPI_PROVINCE_LINKED_CMA_BACKCAST_0_1,province_linked_cma_backcast;not_official_provincial_observation;reference_cma=CMA_933;anchor_period=2017-03-31
OBS_BCPI_BACKCAST_3A820BA4609C4D9D1AB2,BCPI_INSTITUTIONAL_BUILDINGS_62213_DIVISION_COMPOSITE,PR_59,British Columbia,2021S0503933,70.693758,"Index, 2023=100",2015-10-01,2015-12-31,STATCAN_BCPI_18100289,inferred,2015-12-31,TR_AIIO_BCPI_PROVINCE_LINKED_CMA_BACKCAST_0_1,province_linked_cma_backcast;not_official_provincial_observation;reference_cma=CMA_933;anchor_period=2017-03-31
OBS_BCPI_BACKCAST_9A57FD3BD475E1085135,BCPI_INSTITUTIONAL_BUILDINGS_62213_DIVISION_COMPOSITE,PR_59,British Columbia,2021S0503933,71.494821,"Index, 2023=100",2016-01-01,2016-03-31,STATCAN_BCPI_18100289,inferred,2016-03-31,TR_AIIO_BCPI_PROVINCE_LINKED_CMA_BACKCAST_0_1,province_linked_cma_backcast;not_official_provincial_observation;reference_cma=CMA_933;anchor_period=2017-03-31
OBS_BCPI_BACKCAST_96AB217E76B6158976D1,BCPI_INSTITUTIONAL_BUILDINGS_62213_DIVISION_COMPOSITE,PR_59,British Columbia,2021S0503933,72.396016,"Index, 2023=100",2016-04-01,2016-06-30,STATCAN_BCPI_18100289,inferred,2016-06-30,TR_AIIO_BCPI_PROVINCE_LINKED_CMA_BACKCAST_0_1,province_linked_cma_backcast;not_official_provincial_observation;reference_cma=CMA_933;anchor_period=2017-03-31
OBS_BCPI_BACKCAST_8CFC989558E28147946F,BCPI_INSTITUTIONAL_BUILDINGS_62213_DIVISION_COMPOSITE,PR_59,British Columbia,2021S0503933,73.297211,"Index, 2023=100",2016-07-01,2016-09-30,STATCAN_BCPI_18100289,inferred,2016-09-30,TR_AIIO_BCPI_PROVINCE_LINKED_CMA_BACKCAST_0_1,province_linked_cma_backcast;not_official_provincial_observation;reference_cma=CMA_933;anchor_period=2017-03-31
OBS_BCPI_BACKCAST_E986E8084208A851526A,BCPI_INSTITUTIONAL_BUILDINGS_62213_DIVISION_COMPOSITE,PR_59,British Columbia,2021S0503933,74.098274,"Index, 2023=100",2016-10-01,2016-12-31,STATCAN_BCPI_18100289,inferred,2016-12-31,TR_AIIO_BCPI_PROVINCE_LINKED_CMA_BACKCAST_0_1,province_linked_cma_backcast;not_official_provincial_observation;reference_cma=CMA_933;anchor_period=2017-03-31
OBS_BCPI_C16A1F054D3FF23BD51C,BCPI_INSTITUTIONAL_BUILDINGS_62213_DIVISION_COMPOSITE,PR_59,British Columbia,2021A000259,75.4,"Index, 2023=100",2017-01-01,2017-03-31,STATCAN_BCPI_18100289,observed,2017-03-31,TR_STATCAN_BCPI_BC_ON_QC_REFERENCE_CLASSES_1_0_0,
OBS_BCPI_FF0140196C66AC7A3941,BCPI_INSTITUTIONAL_BUILDINGS_62213_DIVISION_COMPOSITE,PR_59,British Columbia,2021A000259,76.3,"Index, 2023=100",2017-04-01,2017-06-30,STATCAN_BCPI_18100289,observed,2017-06-30,TR_STATCAN_BCPI_BC_ON_QC_REFERENCE_CLASSES_1_0_0,
OBS_BCPI_9CA8B6FA5CDAE031E2A1,BCPI_INSTITUTIONAL_BUILDINGS_62213_DIVISION_COMPOSITE,PR_59,British Columbia,2021A000259,77.0,"Index, 2023=100",2017-07-01,2017-09-30,STATCAN_BCPI_18100289,observed,2017-09-30,TR_STATCAN_BCPI_BC_ON_QC_REFERENCE_CLASSES_1_0_0,
OBS_BCPI_7D462D964AFC86356670,BCPI_INSTITUTIONAL_BUILDINGS_62213_DIVISION_COMPOSITE,PR_59,British Columbia,2021A000259,78.0,"Index, 2023=100",2017-10-01,2017-12-31,STATCAN_BCPI_18100289,observed,2017-12-31,TR_STATCAN_BCPI_BC_ON_QC_REFERENCE_CLASSES_1_0_0,
OBS_BCPI_4E7BA0E4AE4AC8ECD9A9,BCPI_INSTITUTIONAL_BUILDINGS_62213_DIVISION_COMPOSITE,PR_59,British Columbia,2021A000259,78.8,"Index, 2023=100",2018-01-01,2018-03-31,STATCAN_BCPI_18100289,observed,2018-03-31,TR_STATCAN_BCPI_BC_ON_QC_REFERENCE_CLASSES_1_0_0,
OBS_BCPI_F5F9C911F14A3437B5F4,BCPI_INSTITUTIONAL_BUILDINGS_62213_DIVISION_COMPOSITE,PR_59,British Columbia,2021A000259,79.7,"Index, 2023=100",2018-04-01,2018-06-30,STATCAN_BCPI_18100289,observed,2018-06-30,TR_STATCAN_BCPI_BC_ON_QC_REFERENCE_CLASSES_1_0_0,
OBS_BCPI_398D202D655E326BF04C,BCPI_INSTITUTIONAL_BUILDINGS_62213_DIVISION_COMPOSITE,PR_59,British Columbia,2021A000259,81.3,"Index, 2023=100",2018-07-01,2018-09-30,STATCAN_BCPI_18100289,observed,2018-09-30,TR_STATCAN_BCPI_BC_ON_QC_REFERENCE_CLASSES_1_0_0,
OBS_BCPI_510D4C156A26CCDF20E7,BCPI_INSTITUTIONAL_BUILDINGS_62213_DIVISION_COMPOSITE,PR_59,British Columbia,2021A000259,82.1,"Index, 2023=100",2018-10-01,2018-12-31,STATCAN_BCPI_18100289,observed,2018-12-31,TR_STATCAN_BCPI_BC_ON_QC_REFERENCE_CLASSES_1_0_0,
OBS_BCPI_E6001FCF991F39AC0AD9,BCPI_INSTITUTIONAL_BUILDINGS_62213_DIVISION_COMPOSITE,PR_59,British Columbia,2021A000259,83.0,"Index, 2023=100",2019-01-01,2019-03-31,STATCAN_BCPI_18100289,observed,2019-03-31,TR_STATCAN_BCPI_BC_ON_QC_REFERENCE_CLASSES_1_0_0,
OBS_BCPI_BB9D48F53C3644E25B0D,BCPI_INSTITUTIONAL_BUILDINGS_62213_DIVISION_COMPOSITE,PR_59,British Columbia,2021A000259,83.1,"Index, 2023=100",2019-04-01,2019-06-30,STATCAN_BCPI_18100289,observed,2019-06-30,TR_STATCAN_BCPI_BC_ON_QC_REFERENCE_CLASSES_1_0_0,
OBS_BCPI_A1922084E729F05F1DB7,BCPI_INSTITUTIONAL_BUILDINGS_62213_DIVISION_COMPOSITE,PR_59,British Columbia,2021A000259,83.2,"Index, 2023=100",2019-07-01,2019-09-30,STATCAN_BCPI_18100289,observed,2019-09-30,TR_STATCAN_BCPI_BC_ON_QC_REFERENCE_CLASSES_1_0_0,
OBS_BCPI_457B49F9A413154D74CA,BCPI_INSTITUTIONAL_BUILDINGS_62213_DIVISION_COMPOSITE,PR_59,British Columbia,2021A000259,83.4,"Index, 2023=100",2019-10-01,2019-12-31,STATCAN_BCPI_18100289,observed,2019-12-31,TR_STATCAN_BCPI_BC_ON_QC_REFERENCE_CLASSES_1_0_0,
OBS_BCPI_507A4E0DDD47C6DB3EAD,BCPI_INSTITUTIONAL_BUILDINGS_62213_DIVISION_COMPOSITE,PR_59,British Columbia,2021A000259,83.6,"Index, 2023=100",2020-01-01,2020-03-31,STATCAN_BCPI_18100289,observed,2020-03-31,TR_STATCAN_BCPI_BC_ON_QC_REFERENCE_CLASSES_1_0_0,
OBS_BCPI_B9F99FDCCDA868765C2D,BCPI_INSTITUTIONAL_BUILDINGS_62213_DIVISION_COMPOSITE,PR_59,British Columbia,2021A000259,83.6,"Index, 2023=100",2020-04-01,2020-06-30,STATCAN_BCPI_18100289,observed,2020-06-30,TR_STATCAN_BCPI_BC_ON_QC_REFERENCE_CLASSES_1_0_0,
OBS_BCPI_C979644D1481654D0916,BCPI_INSTITUTIONAL_BUILDINGS_62213_DIVISION_COMPOSITE,PR_59,British Columbia,2021A000259,83.7,"Index, 2023=100",2020-07-01,2020-09-30,STATCAN_BCPI_18100289,observed,2020-09-30,TR_STATCAN_BCPI_BC_ON_QC_REFERENCE_CLASSES_1_0_0,
OBS_BCPI_90FEA872B0A6D6F7C1C4,BCPI_INSTITUTIONAL_BUILDINGS_62213_DIVISION_COMPOSITE,PR_59,British Columbia,2021A000259,83.4,"Index, 2023=100",2020-10-01,2020-12-31,STATCAN_BCPI_18100289,observed,2020-12-31,TR_STATCAN_BCPI_BC_ON_QC_REFERENCE_CLASSES_1_0_0,
OBS_BCPI_65A43F4E584A9FDCE5CC,BCPI_INSTITUTIONAL_BUILDINGS_62213_DIVISION_COMPOSITE,PR_59,British Columbia,2021A000259,83.9,"Index, 2023=100",2021-01-01,2021-03-31,STATCAN_BCPI_18100289,observed,2021-03-31,TR_STATCAN_BCPI_BC_ON_QC_REFERENCE_CLASSES_1_0_0,
OBS_BCPI_130FE1D4A601FC96F8A7,BCPI_INSTITUTIONAL_BUILDINGS_62213_DIVISION_COMPOSITE,PR_59,British Columbia,2021A000259,85.7,"Index, 2023=100",2021-04-01,2021-06-30,STATCAN_BCPI_18100289,observed,2021-06-30,TR_STATCAN_BCPI_BC_ON_QC_REFERENCE_CLASSES_1_0_0,
OBS_BCPI_3F0C27A38C3931EC9864,BCPI_INSTITUTIONAL_BUILDINGS_62213_DIVISION_COMPOSITE,PR_59,British Columbia,2021A000259,87.2,"Index, 2023=100",2021-07-01,2021-09-30,STATCAN_BCPI_18100289,observed,2021-09-30,TR_STATCAN_BCPI_BC_ON_QC_REFERENCE_CLASSES_1_0_0,
OBS_BCPI_C9392955A6565A1922CA,BCPI_INSTITUTIONAL_BUILDINGS_62213_DIVISION_COMPOSITE,PR_59,British Columbia,2021A000259,88.7,"Index, 2023=100",2021-10-01,2021-12-31,STATCAN_BCPI_18100289,observed,2021-12-31,TR_STATCAN_BCPI_BC_ON_QC_REFERENCE_CLASSES_1_0_0,
OBS_BCPI_6F0F53D7858D60A7A63A,BCPI_INSTITUTIONAL_BUILDINGS_62213_DIVISION_COMPOSITE,PR_59,British Columbia,2021A000259,90.5,"Index, 2023=100",2022-01-01,2022-03-31,STATCAN_BCPI_18100289,observed,2022-03-31,TR_STATCAN_BCPI_BC_ON_QC_REFERENCE_CLASSES_1_0_0,
OBS_BCPI_45241D45ADD69F5C112D,BCPI_INSTITUTIONAL_BUILDINGS_62213_DIVISION_COMPOSITE,PR_59,British Columbia,2021A000259,92.8,"Index, 2023=100",2022-04-01,2022-06-30,STATCAN_BCPI_18100289,observed,2022-06-30,TR_STATCAN_BCPI_BC_ON_QC_REFERENCE_CLASSES_1_0_0,
OBS_BCPI_DD73A5F5FC466E0D9CF4,BCPI_INSTITUTIONAL_BUILDINGS_62213_DIVISION_COMPOSITE,PR_59,British Columbia,2021A000259,94.3,"Index, 2023=100",2022-07-01,2022-09-30,STATCAN_BCPI_18100289,observed,2022-09-30,TR_STATCAN_BCPI_BC_ON_QC_REFERENCE_CLASSES_1_0_0,
OBS_BCPI_BB4FA6AEBFF5FBBA45A3,BCPI_INSTITUTIONAL_BUILDINGS_62213_DIVISION_COMPOSITE,PR_59,British Columbia,2021A000259,95.4,"Index, 2023=100",2022-10-01,2022-12-31,STATCAN_BCPI_18100289,observed,2022-12-31,TR_STATCAN_BCPI_BC_ON_QC_REFERENCE_CLASSES_1_0_0,
OBS_BCPI_13FC1E16478390C737BE,BCPI_INSTITUTIONAL_BUILDINGS_62213_DIVISION_COMPOSITE,PR_59,British Columbia,2021A000259,97.4,"Index, 2023=100",2023-01-01,2023-03-31,STATCAN_BCPI_18100289,observed,2023-03-31,TR_STATCAN_BCPI_BC_ON_QC_REFERENCE_CLASSES_1_0_0,
OBS_BCPI_1A01D920EEF52D0D5AFE,BCPI_INSTITUTIONAL_BUILDINGS_62213_DIVISION_COMPOSITE,PR_59,British Columbia,2021A000259,99.3,"Index, 2023=100",2023-04-01,2023-06-30,STATCAN_BCPI_18100289,observed,2023-06-30,TR_STATCAN_BCPI_BC_ON_QC_REFERENCE_CLASSES_1_0_0,
OBS_BCPI_C2A714CB659BCDAF45EA,BCPI_INSTITUTIONAL_BUILDINGS_62213_DIVISION_COMPOSITE,PR_59,British Columbia,2021A000259,100.6,"Index, 2023=100",2023-07-01,2023-09-30,STATCAN_BCPI_18100289,observed,2023-09-30,TR_STATCAN_BCPI_BC_ON_QC_REFERENCE_CLASSES_1_0_0,
OBS_BCPI_1C68E5460146FF758C86,BCPI_INSTITUTIONAL_BUILDINGS_62213_DIVISION_COMPOSITE,PR_59,British Columbia,2021A000259,102.7,"Index, 2023=100",2023-10-01,2023-12-31,STATCAN_BCPI_18100289,observed,2023-12-31,TR_STATCAN_BCPI_BC_ON_QC_REFERENCE_CLASSES_1_0_0,
OBS_BCPI_F4A80151B72EE8CD356A,BCPI_INSTITUTIONAL_BUILDINGS_62213_DIVISION_COMPOSITE,PR_59,British Columbia,2021A000259,103.8,"Index, 2023=100",2024-01-01,2024-03-31,STATCAN_BCPI_18100289,observed,2024-03-31,TR_STATCAN_BCPI_BC_ON_QC_REFERENCE_CLASSES_1_0_0,
OBS_BCPI_FDDBB818F7A13495F158,BCPI_INSTITUTIONAL_BUILDINGS_62213_DIVISION_COMPOSITE,PR_59,British Columbia,2021A000259,105.5,"Index, 2023=100",2024-04-01,2024-06-30,STATCAN_BCPI_18100289,observed,2024-06-30,TR_STATCAN_BCPI_BC_ON_QC_REFERENCE_CLASSES_1_0_0,
OBS_BCPI_5AD911B8635E909FC3C3,BCPI_INSTITUTIONAL_BUILDINGS_62213_DIVISION_COMPOSITE,PR_59,British Columbia,2021A000259,106.2,"Index, 2023=100",2024-07-01,2024-09-30,STATCAN_BCPI_18100289,observed,2024-09-30,TR_STATCAN_BCPI_BC_ON_QC_REFERENCE_CLASSES_1_0_0,
OBS_BCPI_986B0A3C001A7AEC69D4,BCPI_INSTITUTIONAL_BUILDINGS_62213_DIVISION_COMPOSITE,PR_59,British Columbia,2021A000259,106.8,"Index, 2023=100",2024-10-01,2024-12-31,STATCAN_BCPI_18100289,observed,2024-12-31,TR_STATCAN_BCPI_BC_ON_QC_REFERENCE_CLASSES_1_0_0,
OBS_BCPI_AD3847D1D793C4D9C0A6,BCPI_INSTITUTIONAL_BUILDINGS_62213_DIVISION_COMPOSITE,PR_59,British Columbia,2021A000259,107.9,"Index, 2023=100",2025-01-01,2025-03-31,STATCAN_BCPI_18100289,observed,2025-03-31,TR_STATCAN_BCPI_BC_ON_QC_REFERENCE_CLASSES_1_0_0,
OBS_BCPI_433AA11F702BB7BE0C17,BCPI_INSTITUTIONAL_BUILDINGS_62213_DIVISION_COMPOSITE,PR_59,British Columbia,2021A000259,109.2,"Index, 2023=100",2025-04-01,2025-06-30,STATCAN_BCPI_18100289,observed,2025-06-30,TR_STATCAN_BCPI_BC_ON_QC_REFERENCE_CLASSES_1_0_0,
OBS_BCPI_221D7B406A419EFD1912,BCPI_INSTITUTIONAL_BUILDINGS_62213_DIVISION_COMPOSITE,PR_59,British Columbia,2021A000259,109.2,"Index, 2023=100",2025-07-01,2025-09-30,STATCAN_BCPI_18100289,observed,2025-09-30,TR_STATCAN_BCPI_BC_ON_QC_REFERENCE_CLASSES_1_0_0,
OBS_BCPI_91C9380A7CE1F6713DAF,BCPI_INSTITUTIONAL_BUILDINGS_62213_DIVISION_COMPOSITE,PR_59,British Columbia,2021A000259,108.7,"Index, 2023=100",2025-10-01,2025-12-31,STATCAN_BCPI_18100289,observed,2025-12-31,TR_STATCAN_BCPI_BC_ON_QC_REFERENCE_CLASSES_1_0_0,
OBS_BCPI_248BA7A8F2F4EF2D1149,BCPI_INSTITUTIONAL_BUILDINGS_62213_DIVISION_COMPOSITE,PR_59,British Columbia,2021A000259,109.2,"Index, 2023=100",2026-01-01,2026-03-31,STATCAN_BCPI_18100289,observed,2026-03-31,TR_STATCAN_BCPI_BC_ON_QC_REFERENCE_CLASSES_1_0_0,
OBS_BCPI_D9057AFE48D28DD67609,BCPI_INSTITUTIONAL_BUILDINGS_62213_DIVISION_COMPOSITE,PR_59,British Columbia,2021A000259,109.4,"Index, 2023=100",2026-04-01,2026-06-30,STATCAN_BCPI_18100289,observed,2026-06-30,TR_STATCAN_BCPI_BC_ON_QC_REFERENCE_CLASSES_1_0_0,
OBS_BCPI_BACKCAST_D35505AF49D5DE809B71,BCPI_OFFICE_BUILDING_62212_DIVISION_COMPOSITE,PR_59,British Columbia,2021S0503933,26.636538,"Index, 2023=100",1981-01-01,1981-03-31,STATCAN_BCPI_18100289,inferred,1981-03-31,TR_AIIO_BCPI_PROVINCE_LINKED_CMA_BACKCAST_0_1,province_linked_cma_backcast;not_official_provincial_observation;reference_cma=CMA_933;anchor_period=2017-03-31
OBS_BCPI_BACKCAST_123DE9C05FE4CAE6C3B3,BCPI_OFFICE_BUILDING_62212_DIVISION_COMPOSITE,PR_59,British Columbia,2021S0503933,27.838187,"Index, 2023=100",1981-04-01,1981-06-30,STATCAN_BCPI_18100289,inferred,1981-06-30,TR_AIIO_BCPI_PROVINCE_LINKED_CMA_BACKCAST_0_1,province_linked_cma_backcast;not_official_provincial_observation;reference_cma=CMA_933;anchor_period=2017-03-31
OBS_BCPI_BACKCAST_A125CF86B27F419BA2EB,BCPI_OFFICE_BUILDING_62212_DIVISION_COMPOSITE,PR_59,British Columbia,2021S0503933,28.83956,"Index, 2023=100",1981-07-01,1981-09-30,STATCAN_BCPI_18100289,inferred,1981-09-30,TR_AIIO_BCPI_PROVINCE_LINKED_CMA_BACKCAST_0_1,province_linked_cma_backcast;not_official_provincial_observation;reference_cma=CMA_933;anchor_period=2017-03-31
OBS_BCPI_BACKCAST_F801ABE1448B848B24C7,BCPI_OFFICE_BUILDING_62212_DIVISION_COMPOSITE,PR_59,British Columbia,2021S0503933,31.042582,"Index, 2023=100",1981-10-01,1981-12-31,STATCAN_BCPI_18100289,inferred,1981-12-31,TR_AIIO_BCPI_PROVINCE_LINKED_CMA_BACKCAST_0_1,province_linked_cma_backcast;not_official_provincial_observation;reference_cma=CMA_933;anchor_period=2017-03-31
OBS_BCPI_BACKCAST_5F53B5F9DF2EB14E6CA7,BCPI_OFFICE_BUILDING_62212_DIVISION_COMPOSITE,PR_59,British Columbia,2021S0503933,31.543269,"Index, 2023=100",1982-01-01,1982-03-31,STATCAN_BCPI_18100289,inferred,1982-03-31,TR_AIIO_BCPI_PROVINCE_LINKED_CMA_BACKCAST_0_1,province_linked_cma_backcast;not_official_provincial_observation;reference_cma=CMA_933;anchor_period=2017-03-31
OBS_BCPI_BACKCAST_00D46824437006E87E1F,BCPI_OFFICE_BUILDING_62212_DIVISION_COMPOSITE,PR_59,British Columbia,2021S0503933,31.242857,"Index, 2023=100",1982-04-01,1982-06-30,STATCAN_BCPI_18100289,inferred,1982-06-30,TR_AIIO_BCPI_PROVINCE_LINKED_CMA_BACKCAST_0_1,province_linked_cma_backcast;not_official_provincial_observation;reference_cma=CMA_933;anchor_period=2017-03-31
OBS_BCPI_BACKCAST_791B1195719A11CFC1C2,BCPI_OFFICE_BUILDING_62212_DIVISION_COMPOSITE,PR_59,British Columbia,2021S0503933,31.643407,"Index, 2023=100",1982-07-01,1982-09-30,STATCAN_BCPI_18100289,inferred,1982-09-30,TR_AIIO_BCPI_PROVINCE_LINKED_CMA_BACKCAST_0_1,province_linked_cma_backcast;not_official_provincial_observation;reference_cma=CMA_933;anchor_period=2017-03-31
OBS_BCPI_BACKCAST_139AF72941C7A4401F80,BCPI_OFFICE_BUILDING_62212_DIVISION_COMPOSITE,PR_59,British Columbia,2021S0503933,31.643407,"Index, 2023=100",1982-10-01,1982-12-31,STATCAN_BCPI_18100289,inferred,1982-12-31,TR_AIIO_BCPI_PROVINCE_LINKED_CMA_BACKCAST_0_1,province_linked_cma_backcast;not_official_provincial_observation;reference_cma=CMA_933;anchor_period=2017-03-31
OBS_BCPI_BACKCAST_E59DD5E012806A9968E5,BCPI_OFFICE_BUILDING_62212_DIVISION_COMPOSITE,PR_59,British Columbia,2021S0503933,31.643407,"Index, 2023=100",1983-01-01,1983-03-31,STATCAN_BCPI_18100289,inferred,1983-03-31,TR_AIIO_BCPI_PROVINCE_LINKED_CMA_BACKCAST_0_1,province_linked_cma_backcast;not_official_provincial_observation;reference_cma=CMA_933;anchor_period=2017-03-31
OBS_BCPI_BACKCAST_EA57DE2EC00E65FD87EE,BCPI_OFFICE_BUILDING_62212_DIVISION_COMPOSITE,PR_59,British Columbia,2021S0503933,32.244231,"Index, 2023=100",1983-04-01,1983-06-30,STATCAN_BCPI_18100289,inferred,1983-06-30,TR_AIIO_BCPI_PROVINCE_LINKED_CMA_BACKCAST_0_1,province_linked_cma_backcast;not_official_provincial_observation;reference_cma=CMA_933;anchor_period=2017-03-31
OBS_BCPI_BACKCAST_64A428603DDBF660909F,BCPI_OFFICE_BUILDING_62212_DIVISION_COMPOSITE,PR_59,British Columbia,2021S0503933,32.144093,"Index, 2023=100",1983-07-01,1983-09-30,STATCAN_BCPI_18100289,inferred,1983-09-30,TR_AIIO_BCPI_PROVINCE_LINKED_CMA_BACKCAST_0_1,province_linked_cma_backcast;not_official_provincial_observation;reference_cma=CMA_933;anchor_period=2017-03-31
OBS_BCPI_BACKCAST_C0014D368FA78168EE5B,BCPI_OFFICE_BUILDING_62212_DIVISION_COMPOSITE,PR_59,British Columbia,2021S0503933,32.043956,"Index, 2023=100",1983-10-01,1983-12-31,STATCAN_BCPI_18100289,inferred,1983-12-31,TR_AIIO_BCPI_PROVINCE_LINKED_CMA_BACKCAST_0_1,province_linked_cma_backcast;not_official_provincial_observation;reference_cma=CMA_933;anchor_period=2017-03-31
OBS_BCPI_BACKCAST_C75BA9848116B583CE11,BCPI_OFFICE_BUILDING_62212_DIVISION_COMPOSITE,PR_59,British Columbia,2021S0503933,32.043956,"Index, 2023=100",1984-01-01,1984-03-31,STATCAN_BCPI_18100289,inferred,1984-03-31,TR_AIIO_BCPI_PROVINCE_LINKED_CMA_BACKCAST_0_1,province_linked_cma_backcast;not_official_provincial_observation;reference_cma=CMA_933;anchor_period=2017-03-31
OBS_BCPI_BACKCAST_489A237D320B1A1C9958,BCPI_OFFICE_BUILDING_62212_DIVISION_COMPOSITE,PR_59,British Columbia,2021S0503933,30.642033,"Index, 2023=100",1984-04-01,1984-06-30,STATCAN_BCPI_18100289,inferred,1984-06-30,TR_AIIO_BCPI_PROVINCE_LINKED_CMA_BACKCAST_0_1,province_linked_cma_backcast;not_official_provincial_observation;reference_cma=CMA_933;anchor_period=2017-03-31
OBS_BCPI_BACKCAST_444D1357D9415613C67D,BCPI_OFFICE_BUILDING_62212_DIVISION_COMPOSITE,PR_59,British Columbia,2021S0503933,30.541896,"Index, 2023=100",1984-07-01,1984-09-30,STATCAN_BCPI_18100289,inferred,1984-09-30,TR_AIIO_BCPI_PROVINCE_LINKED_CMA_BACKCAST_0_1,province_linked_cma_backcast;not_official_provincial_observation;reference_cma=CMA_933;anchor_period=2017-03-31
OBS_BCPI_BACKCAST_AFA801A3290BFEE430D6,BCPI_OFFICE_BUILDING_62212_DIVISION_COMPOSITE,PR_59,British Columbia,2021S0503933,30.541896,"Index, 2023=100",1984-10-01,1984-12-31,STATCAN_BCPI_18100289,inferred,1984-12-31,TR_AIIO_BCPI_PROVINCE_LINKED_CMA_BACKCAST_0_1,province_linked_cma_backcast;not_official_provincial_observation;reference_cma=CMA_933;anchor_period=2017-03-31
OBS_BCPI_BACKCAST_82E03B737D8B6CF9C8D8,BCPI_OFFICE_BUILDING_62212_DIVISION_COMPOSITE,PR_59,British Columbia,2021S0503933,30.541896,"Index, 2023=100",1985-01-01,1985-03-31,STATCAN_BCPI_18100289,inferred,1985-03-31,TR_AIIO_BCPI_PROVINCE_LINKED_CMA_BACKCAST_0_1,province_linked_cma_backcast;not_official_provincial_observation;reference_cma=CMA_933;anchor_period=2017-03-31
OBS_BCPI_BACKCAST_B289648397233A988C0F,BCPI_OFFICE_BUILDING_62212_DIVISION_COMPOSITE,PR_59,British Columbia,2021S0503933,30.942445,"Index, 2023=100",1985-04-01,1985-06-30,STATCAN_BCPI_18100289,inferred,1985-06-30,TR_AIIO_BCPI_PROVINCE_LINKED_CMA_BACKCAST_0_1,province_linked_cma_backcast;not_official_provincial_observation;reference_cma=CMA_933;anchor_period=2017-03-31
OBS_BCPI_BACKCAST_A126CA6FBC6FC4C64C98,BCPI_OFFICE_BUILDING_62212_DIVISION_COMPOSITE,PR_59,British Columbia,2021S0503933,31.14272,"Index, 2023=100",1985-07-01,1985-09-30,STATCAN_BCPI_18100289,inferred,1985-09-30,TR_AIIO_BCPI_PROVINCE_LINKED_CMA_BACKCAST_0_1,province_linked_cma_backcast;not_official_provincial_observation;reference_cma=CMA_933;anchor_period=2017-03-31
OBS_BCPI_BACKCAST_CFB81C0048C71E22BEB4,BCPI_OFFICE_BUILDING_62212_DIVISION_COMPOSITE,PR_59,British Columbia,2021S0503933,31.443132,"Index, 2023=100",1985-10-01,1985-12-31,STATCAN_BCPI_18100289,inferred,1985-12-31,TR_AIIO_BCPI_PROVINCE_LINKED_CMA_BACKCAST_0_1,province_linked_cma_backcast;not_official_provincial_observation;reference_cma=CMA_933;anchor_period=2017-03-31
OBS_BCPI_BACKCAST_AD13CE1A1DAF2EC7274A,BCPI_OFFICE_BUILDING_62212_DIVISION_COMPOSITE,PR_59,British Columbia,2021S0503933,31.643407,"Index, 2023=100",1986-01-01,1986-03-31,STATCAN_BCPI_18100289,inferred,1986-03-31,TR_AIIO_BCPI_PROVINCE_LINKED_CMA_BACKCAST_0_1,province_linked_cma_backcast;not_official_provincial_observation;reference_cma=CMA_933;anchor_period=2017-03-31
OBS_BCPI_BACKCAST_745FBB57078B08D25C31,BCPI_OFFICE_BUILDING_62212_DIVISION_COMPOSITE,PR_59,British Columbia,2021S0503933,31.743544,"Index, 2023=100",1986-04-01,1986-06-30,STATCAN_BCPI_18100289,inferred,1986-06-30,TR_AIIO_BCPI_PROVINCE_LINKED_CMA_BACKCAST_0_1,province_linked_cma_backcast;not_official_provincial_observation;reference_cma=CMA_933;anchor_period=2017-03-31
OBS_BCPI_BACKCAST_A1F0F4B534D0F424DCFC,BCPI_OFFICE_BUILDING_62212_DIVISION_COMPOSITE,PR_59,British Columbia,2021S0503933,32.144093,"Index, 2023=100",1986-07-01,1986-09-30,STATCAN_BCPI_18100289,inferred,1986-09-30,TR_AIIO_BCPI_PROVINCE_LINKED_CMA_BACKCAST_0_1,province_linked_cma_backcast;not_official_provincial_observation;reference_cma=CMA_933;anchor_period=2017-03-31
OBS_BCPI_BACKCAST_AF3AEF1037D388BB4E28,BCPI_OFFICE_BUILDING_62212_DIVISION_COMPOSITE,PR_59,British Columbia,2021S0503933,32.244231,"Index, 2023=100",1986-10-01,1986-12-31,STATCAN_BCPI_18100289,inferred,1986-12-31,TR_AIIO_BCPI_PROVINCE_LINKED_CMA_BACKCAST_0_1,province_linked_cma_backcast;not_official_provincial_observation;reference_cma=CMA_933;anchor_period=2017-03-31
OBS_BCPI_BACKCAST_717C980C9464D6BDC571,BCPI_OFFICE_BUILDING_62212_DIVISION_COMPOSITE,PR_59,British Columbia,2021S0503933,32.043956,"Index, 2023=100",1987-01-01,1987-03-31,STATCAN_BCPI_18100289,inferred,1987-03-31,TR_AIIO_BCPI_PROVINCE_LINKED_CMA_BACKCAST_0_1,province_linked_cma_backcast;not_official_provincial_observation;reference_cma=CMA_933;anchor_period=2017-03-31
OBS_BCPI_BACKCAST_BC3F3C679957DEEF97A3,BCPI_OFFICE_BUILDING_62212_DIVISION_COMPOSITE,PR_59,British Columbia,2021S0503933,32.244231,"Index, 2023=100",1987-04-01,1987-06-30,STATCAN_BCPI_18100289,inferred,1987-06-30,TR_AIIO_BCPI_PROVINCE_LINKED_CMA_BACKCAST_0_1,province_linked_cma_backcast;not_official_provincial_observation;reference_cma=CMA_933;anchor_period=2017-03-31
OBS_BCPI_BACKCAST_32193CA0813A7BF5AD0F,BCPI_OFFICE_BUILDING_62212_DIVISION_COMPOSITE,PR_59,British Columbia,2021S0503933,32.444505,"Index, 2023=100",1987-07-01,1987-09-30,STATCAN_BCPI_18100289,inferred,1987-09-30,TR_AIIO_BCPI_PROVINCE_LINKED_CMA_BACKCAST_0_1,province_linked_cma_backcast;not_official_provincial_observation;reference_cma=CMA_933;anchor_period=2017-03-31
OBS_BCPI_BACKCAST_6FD7AB2EAECBE9A439AA,BCPI_OFFICE_BUILDING_62212_DIVISION_COMPOSITE,PR_59,British Columbia,2021S0503933,32.845055,"Index, 2023=100",1987-10-01,1987-12-31,STATCAN_BCPI_18100289,inferred,1987-12-31,TR_AIIO_BCPI_PROVINCE_LINKED_CMA_BACKCAST_0_1,province_linked_cma_backcast;not_official_provincial_observation;reference_cma=CMA_933;anchor_period=2017-03-31
OBS_BCPI_BACKCAST_454B01D3C06218FC27A9,BCPI_OFFICE_BUILDING_62212_DIVISION_COMPOSITE,PR_59,British Columbia,2021S0503933,33.245604,"Index, 2023=100",1988-01-01,1988-03-31,STATCAN_BCPI_18100289,inferred,1988-03-31,TR_AIIO_BCPI_PROVINCE_LINKED_CMA_BACKCAST_0_1,province_linked_cma_backcast;not_official_provincial_observation;reference_cma=CMA_933;anchor_period=2017-03-31
OBS_BCPI_BACKCAST_8AB467C0E30CBAD23FC3,BCPI_OFFICE_BUILDING_62212_DIVISION_COMPOSITE,PR_59,British Columbia,2021S0503933,33.445879,"Index, 2023=100",1988-04-01,1988-06-30,STATCAN_BCPI_18100289,inferred,1988-06-30,TR_AIIO_BCPI_PROVINCE_LINKED_CMA_BACKCAST_0_1,province_linked_cma_backcast;not_official_provincial_observation;reference_cma=CMA_933;anchor_period=2017-03-31
OBS_BCPI_BACKCAST_23BBAFF5FBD221363AA1,BCPI_OFFICE_BUILDING_62212_DIVISION_COMPOSITE,PR_59,British Columbia,2021S0503933,34.447253,"Index, 2023=100",1988-07-01,1988-09-30,STATCAN_BCPI_18100289,inferred,1988-09-30,TR_AIIO_BCPI_PROVINCE_LINKED_CMA_BACKCAST_0_1,province_linked_cma_backcast;not_official_provincial_observation;reference_cma=CMA_933;anchor_period=2017-03-31
OBS_BCPI_BACKCAST_5C5359FF6BB01434740A,BCPI_OFFICE_BUILDING_62212_DIVISION_COMPOSITE,PR_59,British Columbia,2021S0503933,35.048077,"Index, 2023=100",1988-10-01,1988-12-31,STATCAN_BCPI_18100289,inferred,1988-12-31,TR_AIIO_BCPI_PROVINCE_LINKED_CMA_BACKCAST_0_1,province_linked_cma_backcast;not_official_provincial_observation;reference_cma=CMA_933;anchor_period=2017-03-31
OBS_BCPI_BACKCAST_8C4BAAED7B43703A4CEF,BCPI_OFFICE_BUILDING_62212_DIVISION_COMPOSITE,PR_59,British Columbia,2021S0503933,35.749038,"Index, 2023=100",1989-01-01,1989-03-31,STATCAN_BCPI_18100289,inferred,1989-03-31,TR_AIIO_BCPI_PROVINCE_LINKED_CMA_BACKCAST_0_1,province_linked_cma_backcast;not_official_provincial_observation;reference_cma=CMA_933;anchor_period=2017-03-31
OBS_BCPI_BACKCAST_997CD181472B5EACE457,BCPI_OFFICE_BUILDING_62212_DIVISION_COMPOSITE,PR_59,British Columbia,2021S0503933,36.650275,"Index, 2023=100",1989-04-01,1989-06-30,STATCAN_BCPI_18100289,inferred,1989-06-30,TR_AIIO_BCPI_PROVINCE_LINKED_CMA_BACKCAST_0_1,province_linked_cma_backcast;not_official_provincial_observation;reference_cma=CMA_933;anchor_period=2017-03-31
OBS_BCPI_BACKCAST_E9A8A1E3147B023EC903,BCPI_OFFICE_BUILDING_62212_DIVISION_COMPOSITE,PR_59,British Columbia,2021S0503933,37.150962,"Index, 2023=100",1989-07-01,1989-09-30,STATCAN_BCPI_18100289,inferred,1989-09-30,TR_AIIO_BCPI_PROVINCE_LINKED_CMA_BACKCAST_0_1,province_linked_cma_backcast;not_official_provincial_observation;reference_cma=CMA_933;anchor_period=2017-03-31
OBS_BCPI_BACKCAST_136D88111C814B7B11F5,BCPI_OFFICE_BUILDING_62212_DIVISION_COMPOSITE,PR_59,British Columbia,2021S0503933,37.851923,"Index, 2023=100",1989-10-01,1989-12-31,STATCAN_BCPI_18100289,inferred,1989-12-31,TR_AIIO_BCPI_PROVINCE_LINKED_CMA_BACKCAST_0_1,province_linked_cma_backcast;not_official_provincial_observation;reference_cma=CMA_933;anchor_period=2017-03-31
OBS_BCPI_BACKCAST_33DFF0627858424A1B26,BCPI_OFFICE_BUILDING_62212_DIVISION_COMPOSITE,PR_59,British Columbia,2021S0503933,38.753159,"Index, 2023=100",1990-01-01,1990-03-31,STATCAN_BCPI_18100289,inferred,1990-03-31,TR_AIIO_BCPI_PROVINCE_LINKED_CMA_BACKCAST_0_1,province_linked_cma_backcast;not_official_provincial_observation;reference_cma=CMA_933;anchor_period=2017-03-31
OBS_BCPI_BACKCAST_68433257B8CA79C95375,BCPI_OFFICE_BUILDING_62212_DIVISION_COMPOSITE,PR_59,British Columbia,2021S0503933,38.853297,"Index, 2023=100",1990-04-01,1990-06-30,STATCAN_BCPI_18100289,inferred,1990-06-30,TR_AIIO_BCPI_PROVINCE_LINKED_CMA_BACKCAST_0_1,province_linked_cma_backcast;not_official_provincial_observation;reference_cma=CMA_933;anchor_period=2017-03-31
OBS_BCPI_BACKCAST_DED74907563B107E952E,BCPI_OFFICE_BUILDING_62212_DIVISION_COMPOSITE,PR_59,British Columbia,2021S0503933,38.252473,"Index, 2023=100",1990-07-01,1990-09-30,STATCAN_BCPI_18100289,inferred,1990-09-30,TR_AIIO_BCPI_PROVINCE_LINKED_CMA_BACKCAST_0_1,province_linked_cma_backcast;not_official_provincial_observation;reference_cma=CMA_933;anchor_period=2017-03-31
OBS_BCPI_BACKCAST_2296401BDFCCC6C26C44,BCPI_OFFICE_BUILDING_62212_DIVISION_COMPOSITE,PR_59,British Columbia,2021S0503933,37.851923,"Index, 2023=100",1990-10-01,1990-12-31,STATCAN_BCPI_18100289,inferred,1990-12-31,TR_AIIO_BCPI_PROVINCE_LINKED_CMA_BACKCAST_0_1,province_linked_cma_backcast;not_official_provincial_observation;reference_cma=CMA_933;anchor_period=2017-03-31
OBS_BCPI_BACKCAST_2D42FD430FACBD0C2DC8,BCPI_OFFICE_BUILDING_62212_DIVISION_COMPOSITE,PR_59,British Columbia,2021S0503933,37.251099,"Index, 2023=100",1991-01-01,1991-03-31,STATCAN_BCPI_18100289,inferred,1991-03-31,TR_AIIO_BCPI_PROVINCE_LINKED_CMA_BACKCAST_0_1,province_linked_cma_backcast;not_official_provincial_observation;reference_cma=CMA_933;anchor_period=2017-03-31
OBS_BCPI_BACKCAST_102D0BDEF9665C571F4E,BCPI_OFFICE_BUILDING_62212_DIVISION_COMPOSITE,PR_59,British Columbia,2021S0503933,36.950687,"Index, 2023=100",1991-04-01,1991-06-30,STATCAN_BCPI_18100289,inferred,1991-06-30,TR_AIIO_BCPI_PROVINCE_LINKED_CMA_BACKCAST_0_1,province_linked_cma_backcast;not_official_provincial_observation;reference_cma=CMA_933;anchor_period=2017-03-31
OBS_BCPI_BACKCAST_603306271A3FB1322523,BCPI_OFFICE_BUILDING_62212_DIVISION_COMPOSITE,PR_59,British Columbia,2021S0503933,36.850549,"Index, 2023=100",1991-07-01,1991-09-30,STATCAN_BCPI_18100289,inferred,1991-09-30,TR_AIIO_BCPI_PROVINCE_LINKED_CMA_BACKCAST_0_1,province_linked_cma_backcast;not_official_provincial_observation;reference_cma=CMA_933;anchor_period=2017-03-31
OBS_BCPI_BACKCAST_67435E32D23A489D63E3,BCPI_OFFICE_BUILDING_62212_DIVISION_COMPOSITE,PR_59,British Columbia,2021S0503933,37.050824,"Index, 2023=100",1991-10-01,1991-12-31,STATCAN_BCPI_18100289,inferred,1991-12-31,TR_AIIO_BCPI_PROVINCE_LINKED_CMA_BACKCAST_0_1,province_linked_cma_backcast;not_official_provincial_observation;reference_cma=CMA_933;anchor_period=2017-03-31
OBS_BCPI_BACKCAST_A427630846A72CC6CCDE,BCPI_OFFICE_BUILDING_62212_DIVISION_COMPOSITE,PR_59,British Columbia,2021S0503933,37.251099,"Index, 2023=100",1992-01-01,1992-03-31,STATCAN_BCPI_18100289,inferred,1992-03-31,TR_AIIO_BCPI_PROVINCE_LINKED_CMA_BACKCAST_0_1,province_linked_cma_backcast;not_official_provincial_observation;reference_cma=CMA_933;anchor_period=2017-03-31
OBS_BCPI_BACKCAST_5FA08A0E84B1A4CBD001,BCPI_OFFICE_BUILDING_62212_DIVISION_COMPOSITE,PR_59,British Columbia,2021S0503933,37.751786,"Index, 2023=100",1992-04-01,1992-06-30,STATCAN_BCPI_18100289,inferred,1992-06-30,TR_AIIO_BCPI_PROVINCE_LINKED_CMA_BACKCAST_0_1,province_linked_cma_backcast;not_official_provincial_observation;reference_cma=CMA_933;anchor_period=2017-03-31
OBS_BCPI_BACKCAST_BE21C7DBF459B32D1415,BCPI_OFFICE_BUILDING_62212_DIVISION_COMPOSITE,PR_59,British Columbia,2021S0503933,37.95206,"Index, 2023=100",1992-07-01,1992-09-30,STATCAN_BCPI_18100289,inferred,1992-09-30,TR_AIIO_BCPI_PROVINCE_LINKED_CMA_BACKCAST_0_1,province_linked_cma_backcast;not_official_provincial_observation;reference_cma=CMA_933;anchor_period=2017-03-31
OBS_BCPI_BACKCAST_4959FC782FFF6F391ED6,BCPI_OFFICE_BUILDING_62212_DIVISION_COMPOSITE,PR_59,British Columbia,2021S0503933,38.052198,"Index, 2023=100",1992-10-01,1992-12-31,STATCAN_BCPI_18100289,inferred,1992-12-31,TR_AIIO_BCPI_PROVINCE_LINKED_CMA_BACKCAST_0_1,province_linked_cma_backcast;not_official_provincial_observation;reference_cma=CMA_933;anchor_period=2017-03-31
OBS_BCPI_BACKCAST_2B16E99A50F84212CB59,BCPI_OFFICE_BUILDING_62212_DIVISION_COMPOSITE,PR_59,British Columbia,2021S0503933,38.252473,"Index, 2023=100",1993-01-01,1993-03-31,STATCAN_BCPI_18100289,inferred,1993-03-31,TR_AIIO_BCPI_PROVINCE_LINKED_CMA_BACKCAST_0_1,province_linked_cma_backcast;not_official_provincial_observation;reference_cma=CMA_933;anchor_period=2017-03-31
OBS_BCPI_BACKCAST_240EBD55132B1F25C708,BCPI_OFFICE_BUILDING_62212_DIVISION_COMPOSITE,PR_59,British Columbia,2021S0503933,38.853297,"Index, 2023=100",1993-04-01,1993-06-30,STATCAN_BCPI_18100289,inferred,1993-06-30,TR_AIIO_BCPI_PROVINCE_LINKED_CMA_BACKCAST_0_1,province_linked_cma_backcast;not_official_provincial_observation;reference_cma=CMA_933;anchor_period=2017-03-31
OBS_BCPI_BACKCAST_1B974E5B15A058E0CCA8,BCPI_OFFICE_BUILDING_62212_DIVISION_COMPOSITE,PR_59,British Columbia,2021S0503933,38.953434,"Index, 2023=100",1993-07-01,1993-09-30,STATCAN_BCPI_18100289,inferred,1993-09-30,TR_AIIO_BCPI_PROVINCE_LINKED_CMA_BACKCAST_0_1,province_linked_cma_backcast;not_official_provincial_observation;reference_cma=CMA_933;anchor_period=2017-03-31
OBS_BCPI_BACKCAST_2DEA163E193D60ECEA01,BCPI_OFFICE_BUILDING_62212_DIVISION_COMPOSITE,PR_59,British Columbia,2021S0503933,39.153709,"Index, 2023=100",1993-10-01,1993-12-31,STATCAN_BCPI_18100289,inferred,1993-12-31,TR_AIIO_BCPI_PROVINCE_LINKED_CMA_BACKCAST_0_1,province_linked_cma_backcast;not_official_provincial_observation;reference_cma=CMA_933;anchor_period=2017-03-31
OBS_BCPI_BACKCAST_0EDB778D26F4E642B5EE,BCPI_OFFICE_BUILDING_62212_DIVISION_COMPOSITE,PR_59,British Columbia,2021S0503933,39.454121,"Index, 2023=100",1994-01-01,1994-03-31,STATCAN_BCPI_18100289,inferred,1994-03-31,TR_AIIO_BCPI_PROVINCE_LINKED_CMA_BACKCAST_0_1,province_linked_cma_backcast;not_official_provincial_observation;reference_cma=CMA_933;anchor_period=2017-03-31
OBS_BCPI_BACKCAST_AC277E784EB983BB3F98,BCPI_OFFICE_BUILDING_62212_DIVISION_COMPOSITE,PR_59,British Columbia,2021S0503933,39.654396,"Index, 2023=100",1994-04-01,1994-06-30,STATCAN_BCPI_18100289,inferred,1994-06-30,TR_AIIO_BCPI_PROVINCE_LINKED_CMA_BACKCAST_0_1,province_linked_cma_backcast;not_official_provincial_observation;reference_cma=CMA_933;anchor_period=2017-03-31
OBS_BCPI_BACKCAST_C154BD12CA27137EAD48,BCPI_OFFICE_BUILDING_62212_DIVISION_COMPOSITE,PR_59,British Columbia,2021S0503933,39.754533,"Index, 2023=100",1994-07-01,1994-09-30,STATCAN_BCPI_18100289,inferred,1994-09-30,TR_AIIO_BCPI_PROVINCE_LINKED_CMA_BACKCAST_0_1,province_linked_cma_backcast;not_official_provincial_observation;reference_cma=CMA_933;anchor_period=2017-03-31
OBS_BCPI_BACKCAST_61A564DB8A92C31A3812,BCPI_OFFICE_BUILDING_62212_DIVISION_COMPOSITE,PR_59,British Columbia,2021S0503933,39.954808,"Index, 2023=100",1994-10-01,1994-12-31,STATCAN_BCPI_18100289,inferred,1994-12-31,TR_AIIO_BCPI_PROVINCE_LINKED_CMA_BACKCAST_0_1,province_linked_cma_backcast;not_official_provincial_observation;reference_cma=CMA_933;anchor_period=2017-03-31
OBS_BCPI_BACKCAST_AA1836DE22E8D8B599DF,BCPI_OFFICE_BUILDING_62212_DIVISION_COMPOSITE,PR_59,British Columbia,2021S0503933,40.755907,"Index, 2023=100",1995-01-01,1995-03-31,STATCAN_BCPI_18100289,inferred,1995-03-31,TR_AIIO_BCPI_PROVINCE_LINKED_CMA_BACKCAST_0_1,province_linked_cma_backcast;not_official_provincial_observation;reference_cma=CMA_933;anchor_period=2017-03-31
OBS_BCPI_BACKCAST_E1EEA7ABF582465F24E4,BCPI_OFFICE_BUILDING_62212_DIVISION_COMPOSITE,PR_59,British Columbia,2021S0503933,40.956181,"Index, 2023=100",1995-04-01,1995-06-30,STATCAN_BCPI_18100289,inferred,1995-06-30,TR_AIIO_BCPI_PROVINCE_LINKED_CMA_BACKCAST_0_1,province_linked_cma_backcast;not_official_provincial_observation;reference_cma=CMA_933;anchor_period=2017-03-31
OBS_BCPI_BACKCAST_6E1EA1ED52ADDC168D19,BCPI_OFFICE_BUILDING_62212_DIVISION_COMPOSITE,PR_59,British Columbia,2021S0503933,41.056319,"Index, 2023=100",1995-07-01,1995-09-30,STATCAN_BCPI_18100289,inferred,1995-09-30,TR_AIIO_BCPI_PROVINCE_LINKED_CMA_BACKCAST_0_1,province_linked_cma_backcast;not_official_provincial_observation;reference_cma=CMA_933;anchor_period=2017-03-31
OBS_BCPI_BACKCAST_487E6DF6DDBB9525FFED,BCPI_OFFICE_BUILDING_62212_DIVISION_COMPOSITE,PR_59,British Columbia,2021S0503933,41.056319,"Index, 2023=100",1995-10-01,1995-12-31,STATCAN_BCPI_18100289,inferred,1995-12-31,TR_AIIO_BCPI_PROVINCE_LINKED_CMA_BACKCAST_0_1,province_linked_cma_backcast;not_official_provincial_observation;reference_cma=CMA_933;anchor_period=2017-03-31
OBS_BCPI_BACKCAST_D8724710450EB64A9E91,BCPI_OFFICE_BUILDING_62212_DIVISION_COMPOSITE,PR_59,British Columbia,2021S0503933,41.256593,"Index, 2023=100",1996-01-01,1996-03-31,STATCAN_BCPI_18100289,inferred,1996-03-31,TR_AIIO_BCPI_PROVINCE_LINKED_CMA_BACKCAST_0_1,province_linked_cma_backcast;not_official_provincial_observation;reference_cma=CMA_933;anchor_period=2017-03-31
OBS_BCPI_BACKCAST_49A0895AD90F7E247D5D,BCPI_OFFICE_BUILDING_62212_DIVISION_COMPOSITE,PR_59,British Columbia,2021S0503933,41.657143,"Index, 2023=100",1996-04-01,1996-06-30,STATCAN_BCPI_18100289,inferred,1996-06-30,TR_AIIO_BCPI_PROVINCE_LINKED_CMA_BACKCAST_0_1,province_linked_cma_backcast;not_official_provincial_observation;reference_cma=CMA_933;anchor_period=2017-03-31
OBS_BCPI_BACKCAST_4A4CF4422BAA053B1A8B,BCPI_OFFICE_BUILDING_62212_DIVISION_COMPOSITE,PR_59,British Columbia,2021S0503933,41.75728,"Index, 2023=100",1996-07-01,1996-09-30,STATCAN_BCPI_18100289,inferred,1996-09-30,TR_AIIO_BCPI_PROVINCE_LINKED_CMA_BACKCAST_0_1,province_linked_cma_backcast;not_official_provincial_observation;reference_cma=CMA_933;anchor_period=2017-03-31
OBS_BCPI_BACKCAST_D3AEE9A7F600EB0A818C,BCPI_OFFICE_BUILDING_62212_DIVISION_COMPOSITE,PR_59,British Columbia,2021S0503933,41.857418,"Index, 2023=100",1996-10-01,1996-12-31,STATCAN_BCPI_18100289,inferred,1996-12-31,TR_AIIO_BCPI_PROVINCE_LINKED_CMA_BACKCAST_0_1,province_linked_cma_backcast;not_official_provincial_observation;reference_cma=CMA_933;anchor_period=2017-03-31
OBS_BCPI_BACKCAST_DED35D88608D1EC30BEA,BCPI_OFFICE_BUILDING_62212_DIVISION_COMPOSITE,PR_59,British Columbia,2021S0503933,42.15783,"Index, 2023=100",1997-01-01,1997-03-31,STATCAN_BCPI_18100289,inferred,1997-03-31,TR_AIIO_BCPI_PROVINCE_LINKED_CMA_BACKCAST_0_1,province_linked_cma_backcast;not_official_provincial_observation;reference_cma=CMA_933;anchor_period=2017-03-31
OBS_BCPI_BACKCAST_E6AB9234F933829D3597,BCPI_OFFICE_BUILDING_62212_DIVISION_COMPOSITE,PR_59,British Columbia,2021S0503933,42.358104,"Index, 2023=100",1997-04-01,1997-06-30,STATCAN_BCPI_18100289,inferred,1997-06-30,TR_AIIO_BCPI_PROVINCE_LINKED_CMA_BACKCAST_0_1,province_linked_cma_backcast;not_official_provincial_observation;reference_cma=CMA_933;anchor_period=2017-03-31
OBS_BCPI_BACKCAST_689027637A73C3F75099,BCPI_OFFICE_BUILDING_62212_DIVISION_COMPOSITE,PR_59,British Columbia,2021S0503933,42.458242,"Index, 2023=100",1997-07-01,1997-09-30,STATCAN_BCPI_18100289,inferred,1997-09-30,TR_AIIO_BCPI_PROVINCE_LINKED_CMA_BACKCAST_0_1,province_linked_cma_backcast;not_official_provincial_observation;reference_cma=CMA_933;anchor_period=2017-03-31
OBS_BCPI_BACKCAST_06BFADD9AC2C1FEB4EF9,BCPI_OFFICE_BUILDING_62212_DIVISION_COMPOSITE,PR_59,British Columbia,2021S0503933,42.558379,"Index, 2023=100",1997-10-01,1997-12-31,STATCAN_BCPI_18100289,inferred,1997-12-31,TR_AIIO_BCPI_PROVINCE_LINKED_CMA_BACKCAST_0_1,province_linked_cma_backcast;not_official_provincial_observation;reference_cma=CMA_933;anchor_period=2017-03-31
OBS_BCPI_BACKCAST_B1FE1644C387BC983400,BCPI_OFFICE_BUILDING_62212_DIVISION_COMPOSITE,PR_59,British Columbia,2021S0503933,42.958929,"Index, 2023=100",1998-01-01,1998-03-31,STATCAN_BCPI_18100289,inferred,1998-03-31,TR_AIIO_BCPI_PROVINCE_LINKED_CMA_BACKCAST_0_1,province_linked_cma_backcast;not_official_provincial_observation;reference_cma=CMA_933;anchor_period=2017-03-31
OBS_BCPI_BACKCAST_947233CA631137BAF208,BCPI_OFFICE_BUILDING_62212_DIVISION_COMPOSITE,PR_59,British Columbia,2021S0503933,43.059066,"Index, 2023=100",1998-04-01,1998-06-30,STATCAN_BCPI_18100289,inferred,1998-06-30,TR_AIIO_BCPI_PROVINCE_LINKED_CMA_BACKCAST_0_1,province_linked_cma_backcast;not_official_provincial_observation;reference_cma=CMA_933;anchor_period=2017-03-31
OBS_BCPI_BACKCAST_AF24155B08007B30657B,BCPI_OFFICE_BUILDING_62212_DIVISION_COMPOSITE,PR_59,British Columbia,2021S0503933,43.159203,"Index, 2023=100",1998-07-01,1998-09-30,STATCAN_BCPI_18100289,inferred,1998-09-30,TR_AIIO_BCPI_PROVINCE_LINKED_CMA_BACKCAST_0_1,province_linked_cma_backcast;not_official_provincial_observation;reference_cma=CMA_933;anchor_period=2017-03-31
OBS_BCPI_BACKCAST_8D00493D58F8715E358E,BCPI_OFFICE_BUILDING_62212_DIVISION_COMPOSITE,PR_59,British Columbia,2021S0503933,43.159203,"Index, 2023=100",1998-10-01,1998-12-31,STATCAN_BCPI_18100289,inferred,1998-12-31,TR_AIIO_BCPI_PROVINCE_LINKED_CMA_BACKCAST_0_1,province_linked_cma_backcast;not_official_provincial_observation;reference_cma=CMA_933;anchor_period=2017-03-31
OBS_BCPI_BACKCAST_19C1DF0A893F69DF362E,BCPI_OFFICE_BUILDING_62212_DIVISION_COMPOSITE,PR_59,British Columbia,2021S0503933,43.359478,"Index, 2023=100",1999-01-01,1999-03-31,STATCAN_BCPI_18100289,inferred,1999-03-31,TR_AIIO_BCPI_PROVINCE_LINKED_CMA_BACKCAST_0_1,province_linked_cma_backcast;not_official_provincial_observation;reference_cma=CMA_933;anchor_period=2017-03-31
OBS_BCPI_BACKCAST_F01F9FCDAEB6B4C232F9,BCPI_OFFICE_BUILDING_62212_DIVISION_COMPOSITE,PR_59,British Columbia,2021S0503933,43.559753,"Index, 2023=100",1999-04-01,1999-06-30,STATCAN_BCPI_18100289,inferred,1999-06-30,TR_AIIO_BCPI_PROVINCE_LINKED_CMA_BACKCAST_0_1,province_linked_cma_backcast;not_official_provincial_observation;reference_cma=CMA_933;anchor_period=2017-03-31
OBS_BCPI_BACKCAST_27B88E1145B2B5B14E22,BCPI_OFFICE_BUILDING_62212_DIVISION_COMPOSITE,PR_59,British Columbia,2021S0503933,43.559753,"Index, 2023=100",1999-07-01,1999-09-30,STATCAN_BCPI_18100289,inferred,1999-09-30,TR_AIIO_BCPI_PROVINCE_LINKED_CMA_BACKCAST_0_1,province_linked_cma_backcast;not_official_provincial_observation;reference_cma=CMA_933;anchor_period=2017-03-31
OBS_BCPI_BACKCAST_9D0FE76AC4D29309F4B3,BCPI_OFFICE_BUILDING_62212_DIVISION_COMPOSITE,PR_59,British Columbia,2021S0503933,43.65989,"Index, 2023=100",1999-10-01,1999-12-31,STATCAN_BCPI_18100289,inferred,1999-12-31,TR_AIIO_BCPI_PROVINCE_LINKED_CMA_BACKCAST_0_1,province_linked_cma_backcast;not_official_provincial_observation;reference_cma=CMA_933;anchor_period=2017-03-31
OBS_BCPI_BACKCAST_7FE376E7F861B406958D,BCPI_OFFICE_BUILDING_62212_DIVISION_COMPOSITE,PR_59,British Columbia,2021S0503933,43.960302,"Index, 2023=100",2000-01-01,2000-03-31,STATCAN_BCPI_18100289,inferred,2000-03-31,TR_AIIO_BCPI_PROVINCE_LINKED_CMA_BACKCAST_0_1,province_linked_cma_backcast;not_official_provincial_observation;reference_cma=CMA_933;anchor_period=2017-03-31
OBS_BCPI_BACKCAST_84D6A6E5677A77C1613A,BCPI_OFFICE_BUILDING_62212_DIVISION_COMPOSITE,PR_59,British Columbia,2021S0503933,44.160577,"Index, 2023=100",2000-04-01,2000-06-30,STATCAN_BCPI_18100289,inferred,2000-06-30,TR_AIIO_BCPI_PROVINCE_LINKED_CMA_BACKCAST_0_1,province_linked_cma_backcast;not_official_provincial_observation;reference_cma=CMA_933;anchor_period=2017-03-31
OBS_BCPI_BACKCAST_E19E868E1AF37347CC59,BCPI_OFFICE_BUILDING_62212_DIVISION_COMPOSITE,PR_59,British Columbia,2021S0503933,44.460989,"Index, 2023=100",2000-07-01,2000-09-30,STATCAN_BCPI_18100289,inferred,2000-09-30,TR_AIIO_BCPI_PROVINCE_LINKED_CMA_BACKCAST_0_1,province_linked_cma_backcast;not_official_provincial_observation;reference_cma=CMA_933;anchor_period=2017-03-31
OBS_BCPI_BACKCAST_7F17F37FDA4EB1734B4C,BCPI_OFFICE_BUILDING_62212_DIVISION_COMPOSITE,PR_59,British Columbia,2021S0503933,44.561126,"Index, 2023=100",2000-10-01,2000-12-31,STATCAN_BCPI_18100289,inferred,2000-12-31,TR_AIIO_BCPI_PROVINCE_LINKED_CMA_BACKCAST_0_1,province_linked_cma_backcast;not_official_provincial_observation;reference_cma=CMA_933;anchor_period=2017-03-31
OBS_BCPI_BACKCAST_275F3BAEF3D0DF9504AF,BCPI_OFFICE_BUILDING_62212_DIVISION_COMPOSITE,PR_59,British Columbia,2021S0503933,44.661264,"Index, 2023=100",2001-01-01,2001-03-31,STATCAN_BCPI_18100289,inferred,2001-03-31,TR_AIIO_BCPI_PROVINCE_LINKED_CMA_BACKCAST_0_1,province_linked_cma_backcast;not_official_provincial_observation;reference_cma=CMA_933;anchor_period=2017-03-31
OBS_BCPI_BACKCAST_1BE778143652270AC5C2,BCPI_OFFICE_BUILDING_62212_DIVISION_COMPOSITE,PR_59,British Columbia,2021S0503933,44.861538,"Index, 2023=100",2001-04-01,2001-06-30,STATCAN_BCPI_18100289,inferred,2001-06-30,TR_AIIO_BCPI_PROVINCE_LINKED_CMA_BACKCAST_0_1,province_linked_cma_backcast;not_official_provincial_observation;reference_cma=CMA_933;anchor_period=2017-03-31
OBS_BCPI_BACKCAST_B06DBD0D0277AB475A91,BCPI_OFFICE_BUILDING_62212_DIVISION_COMPOSITE,PR_59,British Columbia,2021S0503933,44.961676,"Index, 2023=100",2001-07-01,2001-09-30,STATCAN_BCPI_18100289,inferred,2001-09-30,TR_AIIO_BCPI_PROVINCE_LINKED_CMA_BACKCAST_0_1,province_linked_cma_backcast;not_official_provincial_observation;reference_cma=CMA_933;anchor_period=2017-03-31
OBS_BCPI_BACKCAST_F62E7227EFF0D9002CF4,BCPI_OFFICE_BUILDING_62212_DIVISION_COMPOSITE,PR_59,British Columbia,2021S0503933,44.961676,"Index, 2023=100",2001-10-01,2001-12-31,STATCAN_BCPI_18100289,inferred,2001-12-31,TR_AIIO_BCPI_PROVINCE_LINKED_CMA_BACKCAST_0_1,province_linked_cma_backcast;not_official_provincial_observation;reference_cma=CMA_933;anchor_period=2017-03-31
OBS_BCPI_BACKCAST_52E2CAB767F48F4414B7,BCPI_OFFICE_BUILDING_62212_DIVISION_COMPOSITE,PR_59,British Columbia,2021S0503933,45.161951,"Index, 2023=100",2002-01-01,2002-03-31,STATCAN_BCPI_18100289,inferred,2002-03-31,TR_AIIO_BCPI_PROVINCE_LINKED_CMA_BACKCAST_0_1,province_linked_cma_backcast;not_official_provincial_observation;reference_cma=CMA_933;anchor_period=2017-03-31
OBS_BCPI_BACKCAST_69725071CA14B3C8AE3F,BCPI_OFFICE_BUILDING_62212_DIVISION_COMPOSITE,PR_59,British Columbia,2021S0503933,45.262088,"Index, 2023=100",2002-04-01,2002-06-30,STATCAN_BCPI_18100289,inferred,2002-06-30,TR_AIIO_BCPI_PROVINCE_LINKED_CMA_BACKCAST_0_1,province_linked_cma_backcast;not_official_provincial_observation;reference_cma=CMA_933;anchor_period=2017-03-31
OBS_BCPI_BACKCAST_0CDD699340F63593B885,BCPI_OFFICE_BUILDING_62212_DIVISION_COMPOSITE,PR_59,British Columbia,2021S0503933,45.362225,"Index, 2023=100",2002-07-01,2002-09-30,STATCAN_BCPI_18100289,inferred,2002-09-30,TR_AIIO_BCPI_PROVINCE_LINKED_CMA_BACKCAST_0_1,province_linked_cma_backcast;not_official_provincial_observation;reference_cma=CMA_933;anchor_period=2017-03-31
OBS_BCPI_BACKCAST_A402BAD75FC83D3B69FF,BCPI_OFFICE_BUILDING_62212_DIVISION_COMPOSITE,PR_59,British Columbia,2021S0503933,45.362225,"Index, 2023=100",2002-10-01,2002-12-31,STATCAN_BCPI_18100289,inferred,2002-12-31,TR_AIIO_BCPI_PROVINCE_LINKED_CMA_BACKCAST_0_1,province_linked_cma_backcast;not_official_provincial_observation;reference_cma=CMA_933;anchor_period=2017-03-31
OBS_BCPI_BACKCAST_6290E3B091CF7D471FE0,BCPI_OFFICE_BUILDING_62212_DIVISION_COMPOSITE,PR_59,British Columbia,2021S0503933,45.5625,"Index, 2023=100",2003-01-01,2003-03-31,STATCAN_BCPI_18100289,inferred,2003-03-31,TR_AIIO_BCPI_PROVINCE_LINKED_CMA_BACKCAST_0_1,province_linked_cma_backcast;not_official_provincial_observation;reference_cma=CMA_933;anchor_period=2017-03-31
OBS_BCPI_BACKCAST_A6B8EA0BFB4C28848D19,BCPI_OFFICE_BUILDING_62212_DIVISION_COMPOSITE,PR_59,British Columbia,2021S0503933,45.462363,"Index, 2023=100",2003-04-01,2003-06-30,STATCAN_BCPI_18100289,inferred,2003-06-30,TR_AIIO_BCPI_PROVINCE_LINKED_CMA_BACKCAST_0_1,province_linked_cma_backcast;not_official_provincial_observation;reference_cma=CMA_933;anchor_period=2017-03-31
OBS_BCPI_BACKCAST_3E4C020CC66809DBE1EC,BCPI_OFFICE_BUILDING_62212_DIVISION_COMPOSITE,PR_59,British Columbia,2021S0503933,45.5625,"Index, 2023=100",2003-07-01,2003-09-30,STATCAN_BCPI_18100289,inferred,2003-09-30,TR_AIIO_BCPI_PROVINCE_LINKED_CMA_BACKCAST_0_1,province_linked_cma_backcast;not_official_provincial_observation;reference_cma=CMA_933;anchor_period=2017-03-31
OBS_BCPI_BACKCAST_33586B9C96F7C7A750D4,BCPI_OFFICE_BUILDING_62212_DIVISION_COMPOSITE,PR_59,British Columbia,2021S0503933,45.963049,"Index, 2023=100",2003-10-01,2003-12-31,STATCAN_BCPI_18100289,inferred,2003-12-31,TR_AIIO_BCPI_PROVINCE_LINKED_CMA_BACKCAST_0_1,province_linked_cma_backcast;not_official_provincial_observation;reference_cma=CMA_933;anchor_period=2017-03-31
OBS_BCPI_BACKCAST_3E7EB4DEE1F30BCD8794,BCPI_OFFICE_BUILDING_62212_DIVISION_COMPOSITE,PR_59,British Columbia,2021S0503933,47.164698,"Index, 2023=100",2004-01-01,2004-03-31,STATCAN_BCPI_18100289,inferred,2004-03-31,TR_AIIO_BCPI_PROVINCE_LINKED_CMA_BACKCAST_0_1,province_linked_cma_backcast;not_official_provincial_observation;reference_cma=CMA_933;anchor_period=2017-03-31
OBS_BCPI_BACKCAST_D73D24FCF85EBF36C2D3,BCPI_OFFICE_BUILDING_62212_DIVISION_COMPOSITE,PR_59,British Columbia,2021S0503933,48.666758,"Index, 2023=100",2004-04-01,2004-06-30,STATCAN_BCPI_18100289,inferred,2004-06-30,TR_AIIO_BCPI_PROVINCE_LINKED_CMA_BACKCAST_0_1,province_linked_cma_backcast;not_official_provincial_observation;reference_cma=CMA_933;anchor_period=2017-03-31
OBS_BCPI_BACKCAST_20C0A3D704267EC96076,BCPI_OFFICE_BUILDING_62212_DIVISION_COMPOSITE,PR_59,British Columbia,2021S0503933,49.868407,"Index, 2023=100",2004-07-01,2004-09-30,STATCAN_BCPI_18100289,inferred,2004-09-30,TR_AIIO_BCPI_PROVINCE_LINKED_CMA_BACKCAST_0_1,province_linked_cma_backcast;not_official_provincial_observation;reference_cma=CMA_933;anchor_period=2017-03-31
OBS_BCPI_BACKCAST_ACE3DF8BF0801A9DD345,BCPI_OFFICE_BUILDING_62212_DIVISION_COMPOSITE,PR_59,British Columbia,2021S0503933,50.469231,"Index, 2023=100",2004-10-01,2004-12-31,STATCAN_BCPI_18100289,inferred,2004-12-31,TR_AIIO_BCPI_PROVINCE_LINKED_CMA_BACKCAST_0_1,province_linked_cma_backcast;not_official_provincial_observation;reference_cma=CMA_933;anchor_period=2017-03-31
OBS_BCPI_BACKCAST_396C976CDC82718461D2,BCPI_OFFICE_BUILDING_62212_DIVISION_COMPOSITE,PR_59,British Columbia,2021S0503933,50.669505,"Index, 2023=100",2005-01-01,2005-03-31,STATCAN_BCPI_18100289,inferred,2005-03-31,TR_AIIO_BCPI_PROVINCE_LINKED_CMA_BACKCAST_0_1,province_linked_cma_backcast;not_official_provincial_observation;reference_cma=CMA_933;anchor_period=2017-03-31
OBS_BCPI_BACKCAST_13BBA7EDACE642BA1876,BCPI_OFFICE_BUILDING_62212_DIVISION_COMPOSITE,PR_59,British Columbia,2021S0503933,51.771016,"Index, 2023=100",2005-04-01,2005-06-30,STATCAN_BCPI_18100289,inferred,2005-06-30,TR_AIIO_BCPI_PROVINCE_LINKED_CMA_BACKCAST_0_1,province_linked_cma_backcast;not_official_provincial_observation;reference_cma=CMA_933;anchor_period=2017-03-31
OBS_BCPI_BACKCAST_CEC04B91502F3AA338B8,BCPI_OFFICE_BUILDING_62212_DIVISION_COMPOSITE,PR_59,British Columbia,2021S0503933,52.471978,"Index, 2023=100",2005-07-01,2005-09-30,STATCAN_BCPI_18100289,inferred,2005-09-30,TR_AIIO_BCPI_PROVINCE_LINKED_CMA_BACKCAST_0_1,province_linked_cma_backcast;not_official_provincial_observation;reference_cma=CMA_933;anchor_period=2017-03-31
OBS_BCPI_BACKCAST_8C9877FD9E379D8B88C0,BCPI_OFFICE_BUILDING_62212_DIVISION_COMPOSITE,PR_59,British Columbia,2021S0503933,53.573489,"Index, 2023=100",2005-10-01,2005-12-31,STATCAN_BCPI_18100289,inferred,2005-12-31,TR_AIIO_BCPI_PROVINCE_LINKED_CMA_BACKCAST_0_1,province_linked_cma_backcast;not_official_provincial_observation;reference_cma=CMA_933;anchor_period=2017-03-31
OBS_BCPI_BACKCAST_F080E8DECC4E1948D951,BCPI_OFFICE_BUILDING_62212_DIVISION_COMPOSITE,PR_59,British Columbia,2021S0503933,54.474725,"Index, 2023=100",2006-01-01,2006-03-31,STATCAN_BCPI_18100289,inferred,2006-03-31,TR_AIIO_BCPI_PROVINCE_LINKED_CMA_BACKCAST_0_1,province_linked_cma_backcast;not_official_provincial_observation;reference_cma=CMA_933;anchor_period=2017-03-31
OBS_BCPI_BACKCAST_39DFAAA1ED763BB106F7,BCPI_OFFICE_BUILDING_62212_DIVISION_COMPOSITE,PR_59,British Columbia,2021S0503933,56.677747,"Index, 2023=100",2006-04-01,2006-06-30,STATCAN_BCPI_18100289,inferred,2006-06-30,TR_AIIO_BCPI_PROVINCE_LINKED_CMA_BACKCAST_0_1,province_linked_cma_backcast;not_official_provincial_observation;reference_cma=CMA_933;anchor_period=2017-03-31
OBS_BCPI_BACKCAST_93413E823806ADED4AA2,BCPI_OFFICE_BUILDING_62212_DIVISION_COMPOSITE,PR_59,British Columbia,2021S0503933,58.179808,"Index, 2023=100",2006-07-01,2006-09-30,STATCAN_BCPI_18100289,inferred,2006-09-30,TR_AIIO_BCPI_PROVINCE_LINKED_CMA_BACKCAST_0_1,province_linked_cma_backcast;not_official_provincial_observation;reference_cma=CMA_933;anchor_period=2017-03-31
OBS_BCPI_BACKCAST_4BE067764F4E80744AA3,BCPI_OFFICE_BUILDING_62212_DIVISION_COMPOSITE,PR_59,British Columbia,2021S0503933,60.482967,"Index, 2023=100",2006-10-01,2006-12-31,STATCAN_BCPI_18100289,inferred,2006-12-31,TR_AIIO_BCPI_PROVINCE_LINKED_CMA_BACKCAST_0_1,province_linked_cma_backcast;not_official_provincial_observation;reference_cma=CMA_933;anchor_period=2017-03-31
OBS_BCPI_BACKCAST_9687962946FF2F3FEC3C,BCPI_OFFICE_BUILDING_62212_DIVISION_COMPOSITE,PR_59,British Columbia,2021S0503933,61.985027,"Index, 2023=100",2007-01-01,2007-03-31,STATCAN_BCPI_18100289,inferred,2007-03-31,TR_AIIO_BCPI_PROVINCE_LINKED_CMA_BACKCAST_0_1,province_linked_cma_backcast;not_official_provincial_observation;reference_cma=CMA_933;anchor_period=2017-03-31
OBS_BCPI_BACKCAST_36C6CE68DFB89A637BAB,BCPI_OFFICE_BUILDING_62212_DIVISION_COMPOSITE,PR_59,British Columbia,2021S0503933,64.388324,"Index, 2023=100",2007-04-01,2007-06-30,STATCAN_BCPI_18100289,inferred,2007-06-30,TR_AIIO_BCPI_PROVINCE_LINKED_CMA_BACKCAST_0_1,province_linked_cma_backcast;not_official_provincial_observation;reference_cma=CMA_933;anchor_period=2017-03-31
OBS_BCPI_BACKCAST_0A4ED06CED75F5EF893C,BCPI_OFFICE_BUILDING_62212_DIVISION_COMPOSITE,PR_59,British Columbia,2021S0503933,66.090659,"Index, 2023=100",2007-07-01,2007-09-30,STATCAN_BCPI_18100289,inferred,2007-09-30,TR_AIIO_BCPI_PROVINCE_LINKED_CMA_BACKCAST_0_1,province_linked_cma_backcast;not_official_provincial_observation;reference_cma=CMA_933;anchor_period=2017-03-31
OBS_BCPI_BACKCAST_46D2BE211737C0AED024,BCPI_OFFICE_BUILDING_62212_DIVISION_COMPOSITE,PR_59,British Columbia,2021S0503933,66.691484,"Index, 2023=100",2007-10-01,2007-12-31,STATCAN_BCPI_18100289,inferred,2007-12-31,TR_AIIO_BCPI_PROVINCE_LINKED_CMA_BACKCAST_0_1,province_linked_cma_backcast;not_official_provincial_observation;reference_cma=CMA_933;anchor_period=2017-03-31
OBS_BCPI_BACKCAST_70658A7A544227E10C4A,BCPI_OFFICE_BUILDING_62212_DIVISION_COMPOSITE,PR_59,British Columbia,2021S0503933,67.993269,"Index, 2023=100",2008-01-01,2008-03-31,STATCAN_BCPI_18100289,inferred,2008-03-31,TR_AIIO_BCPI_PROVINCE_LINKED_CMA_BACKCAST_0_1,province_linked_cma_backcast;not_official_provincial_observation;reference_cma=CMA_933;anchor_period=2017-03-31
OBS_BCPI_BACKCAST_406608B779F5B8D0956F,BCPI_OFFICE_BUILDING_62212_DIVISION_COMPOSITE,PR_59,British Columbia,2021S0503933,70.296429,"Index, 2023=100",2008-04-01,2008-06-30,STATCAN_BCPI_18100289,inferred,2008-06-30,TR_AIIO_BCPI_PROVINCE_LINKED_CMA_BACKCAST_0_1,province_linked_cma_backcast;not_official_provincial_observation;reference_cma=CMA_933;anchor_period=2017-03-31
OBS_BCPI_BACKCAST_C6AD0FEA9A49F75181C8,BCPI_OFFICE_BUILDING_62212_DIVISION_COMPOSITE,PR_59,British Columbia,2021S0503933,70.99739,"Index, 2023=100",2008-07-01,2008-09-30,STATCAN_BCPI_18100289,inferred,2008-09-30,TR_AIIO_BCPI_PROVINCE_LINKED_CMA_BACKCAST_0_1,province_linked_cma_backcast;not_official_provincial_observation;reference_cma=CMA_933;anchor_period=2017-03-31
OBS_BCPI_BACKCAST_4A8EE9FE2DF0BDF6A733,BCPI_OFFICE_BUILDING_62212_DIVISION_COMPOSITE,PR_59,British Columbia,2021S0503933,67.893132,"Index, 2023=100",2008-10-01,2008-12-31,STATCAN_BCPI_18100289,inferred,2008-12-31,TR_AIIO_BCPI_PROVINCE_LINKED_CMA_BACKCAST_0_1,province_linked_cma_backcast;not_official_provincial_observation;reference_cma=CMA_933;anchor_period=2017-03-31
OBS_BCPI_BACKCAST_601EC18C2278A43D8A8D,BCPI_OFFICE_BUILDING_62212_DIVISION_COMPOSITE,PR_59,British Columbia,2021S0503933,61.083791,"Index, 2023=100",2009-01-01,2009-03-31,STATCAN_BCPI_18100289,inferred,2009-03-31,TR_AIIO_BCPI_PROVINCE_LINKED_CMA_BACKCAST_0_1,province_linked_cma_backcast;not_official_provincial_observation;reference_cma=CMA_933;anchor_period=2017-03-31
OBS_BCPI_BACKCAST_4FDA1D6562DA4B2E4A1C,BCPI_OFFICE_BUILDING_62212_DIVISION_COMPOSITE,PR_59,British Columbia,2021S0503933,60.883516,"Index, 2023=100",2009-04-01,2009-06-30,STATCAN_BCPI_18100289,inferred,2009-06-30,TR_AIIO_BCPI_PROVINCE_LINKED_CMA_BACKCAST_0_1,province_linked_cma_backcast;not_official_provincial_observation;reference_cma=CMA_933;anchor_period=2017-03-31
OBS_BCPI_BACKCAST_F60855C3F9186EDE93D5,BCPI_OFFICE_BUILDING_62212_DIVISION_COMPOSITE,PR_59,British Columbia,2021S0503933,59.081044,"Index, 2023=100",2009-07-01,2009-09-30,STATCAN_BCPI_18100289,inferred,2009-09-30,TR_AIIO_BCPI_PROVINCE_LINKED_CMA_BACKCAST_0_1,province_linked_cma_backcast;not_official_provincial_observation;reference_cma=CMA_933;anchor_period=2017-03-31
OBS_BCPI_BACKCAST_FBCFBFE88446AF18E214,BCPI_OFFICE_BUILDING_62212_DIVISION_COMPOSITE,PR_59,British Columbia,2021S0503933,58.880769,"Index, 2023=100",2009-10-01,2009-12-31,STATCAN_BCPI_18100289,inferred,2009-12-31,TR_AIIO_BCPI_PROVINCE_LINKED_CMA_BACKCAST_0_1,province_linked_cma_backcast;not_official_provincial_observation;reference_cma=CMA_933;anchor_period=2017-03-31
OBS_BCPI_BACKCAST_9B5C8CA97DEF8068A419,BCPI_OFFICE_BUILDING_62212_DIVISION_COMPOSITE,PR_59,British Columbia,2021S0503933,58.279945,"Index, 2023=100",2010-01-01,2010-03-31,STATCAN_BCPI_18100289,inferred,2010-03-31,TR_AIIO_BCPI_PROVINCE_LINKED_CMA_BACKCAST_0_1,province_linked_cma_backcast;not_official_provincial_observation;reference_cma=CMA_933;anchor_period=2017-03-31
OBS_BCPI_BACKCAST_2BC6C3D5199AB8EA2EF3,BCPI_OFFICE_BUILDING_62212_DIVISION_COMPOSITE,PR_59,British Columbia,2021S0503933,59.181181,"Index, 2023=100",2010-04-01,2010-06-30,STATCAN_BCPI_18100289,inferred,2010-06-30,TR_AIIO_BCPI_PROVINCE_LINKED_CMA_BACKCAST_0_1,province_linked_cma_backcast;not_official_provincial_observation;reference_cma=CMA_933;anchor_period=2017-03-31
OBS_BCPI_BACKCAST_68D5E5CA7E646EF42099,BCPI_OFFICE_BUILDING_62212_DIVISION_COMPOSITE,PR_59,British Columbia,2021S0503933,59.581731,"Index, 2023=100",2010-07-01,2010-09-30,STATCAN_BCPI_18100289,inferred,2010-09-30,TR_AIIO_BCPI_PROVINCE_LINKED_CMA_BACKCAST_0_1,province_linked_cma_backcast;not_official_provincial_observation;reference_cma=CMA_933;anchor_period=2017-03-31
OBS_BCPI_BACKCAST_EDBB1B6C0249B10713C5,BCPI_OFFICE_BUILDING_62212_DIVISION_COMPOSITE,PR_59,British Columbia,2021S0503933,59.98228,"Index, 2023=100",2010-10-01,2010-12-31,STATCAN_BCPI_18100289,inferred,2010-12-31,TR_AIIO_BCPI_PROVINCE_LINKED_CMA_BACKCAST_0_1,province_linked_cma_backcast;not_official_provincial_observation;reference_cma=CMA_933;anchor_period=2017-03-31
OBS_BCPI_BACKCAST_3EB41A55916A88A8F418,BCPI_OFFICE_BUILDING_62212_DIVISION_COMPOSITE,PR_59,British Columbia,2021S0503933,60.482967,"Index, 2023=100",2011-01-01,2011-03-31,STATCAN_BCPI_18100289,inferred,2011-03-31,TR_AIIO_BCPI_PROVINCE_LINKED_CMA_BACKCAST_0_1,province_linked_cma_backcast;not_official_provincial_observation;reference_cma=CMA_933;anchor_period=2017-03-31
OBS_BCPI_BACKCAST_7884E3C8C9010F043819,BCPI_OFFICE_BUILDING_62212_DIVISION_COMPOSITE,PR_59,British Columbia,2021S0503933,61.083791,"Index, 2023=100",2011-04-01,2011-06-30,STATCAN_BCPI_18100289,inferred,2011-06-30,TR_AIIO_BCPI_PROVINCE_LINKED_CMA_BACKCAST_0_1,province_linked_cma_backcast;not_official_provincial_observation;reference_cma=CMA_933;anchor_period=2017-03-31
OBS_BCPI_BACKCAST_010636E1C8EBE7EEF2B8,BCPI_OFFICE_BUILDING_62212_DIVISION_COMPOSITE,PR_59,British Columbia,2021S0503933,61.584478,"Index, 2023=100",2011-07-01,2011-09-30,STATCAN_BCPI_18100289,inferred,2011-09-30,TR_AIIO_BCPI_PROVINCE_LINKED_CMA_BACKCAST_0_1,province_linked_cma_backcast;not_official_provincial_observation;reference_cma=CMA_933;anchor_period=2017-03-31
OBS_BCPI_BACKCAST_AD09AF61B5205FE1EA5A,BCPI_OFFICE_BUILDING_62212_DIVISION_COMPOSITE,PR_59,British Columbia,2021S0503933,61.88489,"Index, 2023=100",2011-10-01,2011-12-31,STATCAN_BCPI_18100289,inferred,2011-12-31,TR_AIIO_BCPI_PROVINCE_LINKED_CMA_BACKCAST_0_1,province_linked_cma_backcast;not_official_provincial_observation;reference_cma=CMA_933;anchor_period=2017-03-31
OBS_BCPI_BACKCAST_620968355148574B82DD,BCPI_OFFICE_BUILDING_62212_DIVISION_COMPOSITE,PR_59,British Columbia,2021S0503933,62.786126,"Index, 2023=100",2012-01-01,2012-03-31,STATCAN_BCPI_18100289,inferred,2012-03-31,TR_AIIO_BCPI_PROVINCE_LINKED_CMA_BACKCAST_0_1,province_linked_cma_backcast;not_official_provincial_observation;reference_cma=CMA_933;anchor_period=2017-03-31
OBS_BCPI_BACKCAST_AFF1886871001D15463F,BCPI_OFFICE_BUILDING_62212_DIVISION_COMPOSITE,PR_59,British Columbia,2021S0503933,63.186676,"Index, 2023=100",2012-04-01,2012-06-30,STATCAN_BCPI_18100289,inferred,2012-06-30,TR_AIIO_BCPI_PROVINCE_LINKED_CMA_BACKCAST_0_1,province_linked_cma_backcast;not_official_provincial_observation;reference_cma=CMA_933;anchor_period=2017-03-31
OBS_BCPI_BACKCAST_0E124463F3460FF80F44,BCPI_OFFICE_BUILDING_62212_DIVISION_COMPOSITE,PR_59,British Columbia,2021S0503933,63.286813,"Index, 2023=100",2012-07-01,2012-09-30,STATCAN_BCPI_18100289,inferred,2012-09-30,TR_AIIO_BCPI_PROVINCE_LINKED_CMA_BACKCAST_0_1,province_linked_cma_backcast;not_official_provincial_observation;reference_cma=CMA_933;anchor_period=2017-03-31
OBS_BCPI_BACKCAST_15713C7328C55FCAB06D,BCPI_OFFICE_BUILDING_62212_DIVISION_COMPOSITE,PR_59,British Columbia,2021S0503933,63.487088,"Index, 2023=100",2012-10-01,2012-12-31,STATCAN_BCPI_18100289,inferred,2012-12-31,TR_AIIO_BCPI_PROVINCE_LINKED_CMA_BACKCAST_0_1,province_linked_cma_backcast;not_official_provincial_observation;reference_cma=CMA_933;anchor_period=2017-03-31
OBS_BCPI_BACKCAST_12AED9B2887BECD8057A,BCPI_OFFICE_BUILDING_62212_DIVISION_COMPOSITE,PR_59,British Columbia,2021S0503933,63.487088,"Index, 2023=100",2013-01-01,2013-03-31,STATCAN_BCPI_18100289,inferred,2013-03-31,TR_AIIO_BCPI_PROVINCE_LINKED_CMA_BACKCAST_0_1,province_linked_cma_backcast;not_official_provincial_observation;reference_cma=CMA_933;anchor_period=2017-03-31
OBS_BCPI_BACKCAST_600E4C9AB834D539F31E,BCPI_OFFICE_BUILDING_62212_DIVISION_COMPOSITE,PR_59,British Columbia,2021S0503933,65.089286,"Index, 2023=100",2013-04-01,2013-06-30,STATCAN_BCPI_18100289,inferred,2013-06-30,TR_AIIO_BCPI_PROVINCE_LINKED_CMA_BACKCAST_0_1,province_linked_cma_backcast;not_official_provincial_observation;reference_cma=CMA_933;anchor_period=2017-03-31
OBS_BCPI_BACKCAST_BAC2C182DF378D47A7E3,BCPI_OFFICE_BUILDING_62212_DIVISION_COMPOSITE,PR_59,British Columbia,2021S0503933,65.389698,"Index, 2023=100",2013-07-01,2013-09-30,STATCAN_BCPI_18100289,inferred,2013-09-30,TR_AIIO_BCPI_PROVINCE_LINKED_CMA_BACKCAST_0_1,province_linked_cma_backcast;not_official_provincial_observation;reference_cma=CMA_933;anchor_period=2017-03-31
OBS_BCPI_BACKCAST_923204567412DA93825E,BCPI_OFFICE_BUILDING_62212_DIVISION_COMPOSITE,PR_59,British Columbia,2021S0503933,65.389698,"Index, 2023=100",2013-10-01,2013-12-31,STATCAN_BCPI_18100289,inferred,2013-12-31,TR_AIIO_BCPI_PROVINCE_LINKED_CMA_BACKCAST_0_1,province_linked_cma_backcast;not_official_provincial_observation;reference_cma=CMA_933;anchor_period=2017-03-31
OBS_BCPI_BACKCAST_A792606EFBC2BE46E4FE,BCPI_OFFICE_BUILDING_62212_DIVISION_COMPOSITE,PR_59,British Columbia,2021S0503933,65.589973,"Index, 2023=100",2014-01-01,2014-03-31,STATCAN_BCPI_18100289,inferred,2014-03-31,TR_AIIO_BCPI_PROVINCE_LINKED_CMA_BACKCAST_0_1,province_linked_cma_backcast;not_official_provincial_observation;reference_cma=CMA_933;anchor_period=2017-03-31
OBS_BCPI_BACKCAST_548F4E5CB260E39F7847,BCPI_OFFICE_BUILDING_62212_DIVISION_COMPOSITE,PR_59,British Columbia,2021S0503933,65.990522,"Index, 2023=100",2014-04-01,2014-06-30,STATCAN_BCPI_18100289,inferred,2014-06-30,TR_AIIO_BCPI_PROVINCE_LINKED_CMA_BACKCAST_0_1,province_linked_cma_backcast;not_official_provincial_observation;reference_cma=CMA_933;anchor_period=2017-03-31
OBS_BCPI_BACKCAST_A41C1E833ACB087F409E,BCPI_OFFICE_BUILDING_62212_DIVISION_COMPOSITE,PR_59,British Columbia,2021S0503933,66.290934,"Index, 2023=100",2014-07-01,2014-09-30,STATCAN_BCPI_18100289,inferred,2014-09-30,TR_AIIO_BCPI_PROVINCE_LINKED_CMA_BACKCAST_0_1,province_linked_cma_backcast;not_official_provincial_observation;reference_cma=CMA_933;anchor_period=2017-03-31
OBS_BCPI_BACKCAST_6696A4E90643EF9C12CC,BCPI_OFFICE_BUILDING_62212_DIVISION_COMPOSITE,PR_59,British Columbia,2021S0503933,65.990522,"Index, 2023=100",2014-10-01,2014-12-31,STATCAN_BCPI_18100289,inferred,2014-12-31,TR_AIIO_BCPI_PROVINCE_LINKED_CMA_BACKCAST_0_1,province_linked_cma_backcast;not_official_provincial_observation;reference_cma=CMA_933;anchor_period=2017-03-31
OBS_BCPI_BACKCAST_61246A8BAF665F2D2107,BCPI_OFFICE_BUILDING_62212_DIVISION_COMPOSITE,PR_59,British Columbia,2021S0503933,66.591346,"Index, 2023=100",2015-01-01,2015-03-31,STATCAN_BCPI_18100289,inferred,2015-03-31,TR_AIIO_BCPI_PROVINCE_LINKED_CMA_BACKCAST_0_1,province_linked_cma_backcast;not_official_provincial_observation;reference_cma=CMA_933;anchor_period=2017-03-31
OBS_BCPI_BACKCAST_1E48FFE47FB608683A28,BCPI_OFFICE_BUILDING_62212_DIVISION_COMPOSITE,PR_59,British Columbia,2021S0503933,66.991896,"Index, 2023=100",2015-04-01,2015-06-30,STATCAN_BCPI_18100289,inferred,2015-06-30,TR_AIIO_BCPI_PROVINCE_LINKED_CMA_BACKCAST_0_1,province_linked_cma_backcast;not_official_provincial_observation;reference_cma=CMA_933;anchor_period=2017-03-31
OBS_BCPI_BACKCAST_572BD1E0E70C79F8138C,BCPI_OFFICE_BUILDING_62212_DIVISION_COMPOSITE,PR_59,British Columbia,2021S0503933,67.292308,"Index, 2023=100",2015-07-01,2015-09-30,STATCAN_BCPI_18100289,inferred,2015-09-30,TR_AIIO_BCPI_PROVINCE_LINKED_CMA_BACKCAST_0_1,province_linked_cma_backcast;not_official_provincial_observation;reference_cma=CMA_933;anchor_period=2017-03-31
OBS_BCPI_BACKCAST_94477A7BAAA1815D279D,BCPI_OFFICE_BUILDING_62212_DIVISION_COMPOSITE,PR_59,British Columbia,2021S0503933,67.292308,"Index, 2023=100",2015-10-01,2015-12-31,STATCAN_BCPI_18100289,inferred,2015-12-31,TR_AIIO_BCPI_PROVINCE_LINKED_CMA_BACKCAST_0_1,province_linked_cma_backcast;not_official_provincial_observation;reference_cma=CMA_933;anchor_period=2017-03-31
OBS_BCPI_BACKCAST_07EEF20F813C2087E0A0,BCPI_OFFICE_BUILDING_62212_DIVISION_COMPOSITE,PR_59,British Columbia,2021S0503933,68.694231,"Index, 2023=100",2016-01-01,2016-03-31,STATCAN_BCPI_18100289,inferred,2016-03-31,TR_AIIO_BCPI_PROVINCE_LINKED_CMA_BACKCAST_0_1,province_linked_cma_backcast;not_official_provincial_observation;reference_cma=CMA_933;anchor_period=2017-03-31
OBS_BCPI_BACKCAST_1C6D56A4EC86F282A77E,BCPI_OFFICE_BUILDING_62212_DIVISION_COMPOSITE,PR_59,British Columbia,2021S0503933,69.695604,"Index, 2023=100",2016-04-01,2016-06-30,STATCAN_BCPI_18100289,inferred,2016-06-30,TR_AIIO_BCPI_PROVINCE_LINKED_CMA_BACKCAST_0_1,province_linked_cma_backcast;not_official_provincial_observation;reference_cma=CMA_933;anchor_period=2017-03-31
OBS_BCPI_BACKCAST_857EFB4424430D0827BF,BCPI_OFFICE_BUILDING_62212_DIVISION_COMPOSITE,PR_59,British Columbia,2021S0503933,70.496703,"Index, 2023=100",2016-07-01,2016-09-30,STATCAN_BCPI_18100289,inferred,2016-09-30,TR_AIIO_BCPI_PROVINCE_LINKED_CMA_BACKCAST_0_1,province_linked_cma_backcast;not_official_provincial_observation;reference_cma=CMA_933;anchor_period=2017-03-31
OBS_BCPI_BACKCAST_DBDFF28055EC5D49CD48,BCPI_OFFICE_BUILDING_62212_DIVISION_COMPOSITE,PR_59,British Columbia,2021S0503933,71.297802,"Index, 2023=100",2016-10-01,2016-12-31,STATCAN_BCPI_18100289,inferred,2016-12-31,TR_AIIO_BCPI_PROVINCE_LINKED_CMA_BACKCAST_0_1,province_linked_cma_backcast;not_official_provincial_observation;reference_cma=CMA_933;anchor_period=2017-03-31
OBS_BCPI_1EA644F08EA22CCB9FA0,BCPI_OFFICE_BUILDING_62212_DIVISION_COMPOSITE,PR_59,British Columbia,2021A000259,72.9,"Index, 2023=100",2017-01-01,2017-03-31,STATCAN_BCPI_18100289,observed,2017-03-31,TR_STATCAN_BCPI_BC_ON_QC_REFERENCE_CLASSES_1_0_0,
OBS_BCPI_F14636ABD488F1805F12,BCPI_OFFICE_BUILDING_62212_DIVISION_COMPOSITE,PR_59,British Columbia,2021A000259,74.0,"Index, 2023=100",2017-04-01,2017-06-30,STATCAN_BCPI_18100289,observed,2017-06-30,TR_STATCAN_BCPI_BC_ON_QC_REFERENCE_CLASSES_1_0_0,
OBS_BCPI_23E4C9573262BE5FD031,BCPI_OFFICE_BUILDING_62212_DIVISION_COMPOSITE,PR_59,British Columbia,2021A000259,74.7,"Index, 2023=100",2017-07-01,2017-09-30,STATCAN_BCPI_18100289,observed,2017-09-30,TR_STATCAN_BCPI_BC_ON_QC_REFERENCE_CLASSES_1_0_0,
OBS_BCPI_918EB33EBEC244F5E045,BCPI_OFFICE_BUILDING_62212_DIVISION_COMPOSITE,PR_59,British Columbia,2021A000259,75.9,"Index, 2023=100",2017-10-01,2017-12-31,STATCAN_BCPI_18100289,observed,2017-12-31,TR_STATCAN_BCPI_BC_ON_QC_REFERENCE_CLASSES_1_0_0,
OBS_BCPI_E927B7FC49E07F69CB62,BCPI_OFFICE_BUILDING_62212_DIVISION_COMPOSITE,PR_59,British Columbia,2021A000259,76.8,"Index, 2023=100",2018-01-01,2018-03-31,STATCAN_BCPI_18100289,observed,2018-03-31,TR_STATCAN_BCPI_BC_ON_QC_REFERENCE_CLASSES_1_0_0,
OBS_BCPI_29A40446E2BD0C77C946,BCPI_OFFICE_BUILDING_62212_DIVISION_COMPOSITE,PR_59,British Columbia,2021A000259,78.1,"Index, 2023=100",2018-04-01,2018-06-30,STATCAN_BCPI_18100289,observed,2018-06-30,TR_STATCAN_BCPI_BC_ON_QC_REFERENCE_CLASSES_1_0_0,
OBS_BCPI_B340A55F760A542F4001,BCPI_OFFICE_BUILDING_62212_DIVISION_COMPOSITE,PR_59,British Columbia,2021A000259,79.7,"Index, 2023=100",2018-07-01,2018-09-30,STATCAN_BCPI_18100289,observed,2018-09-30,TR_STATCAN_BCPI_BC_ON_QC_REFERENCE_CLASSES_1_0_0,
OBS_BCPI_C86203E57524C2C2C1C0,BCPI_OFFICE_BUILDING_62212_DIVISION_COMPOSITE,PR_59,British Columbia,2021A000259,80.5,"Index, 2023=100",2018-10-01,2018-12-31,STATCAN_BCPI_18100289,observed,2018-12-31,TR_STATCAN_BCPI_BC_ON_QC_REFERENCE_CLASSES_1_0_0,
OBS_BCPI_7991AFE9648B7278CD81,BCPI_OFFICE_BUILDING_62212_DIVISION_COMPOSITE,PR_59,British Columbia,2021A000259,81.5,"Index, 2023=100",2019-01-01,2019-03-31,STATCAN_BCPI_18100289,observed,2019-03-31,TR_STATCAN_BCPI_BC_ON_QC_REFERENCE_CLASSES_1_0_0,
OBS_BCPI_87EC4E917B582371BBEC,BCPI_OFFICE_BUILDING_62212_DIVISION_COMPOSITE,PR_59,British Columbia,2021A000259,81.7,"Index, 2023=100",2019-04-01,2019-06-30,STATCAN_BCPI_18100289,observed,2019-06-30,TR_STATCAN_BCPI_BC_ON_QC_REFERENCE_CLASSES_1_0_0,
OBS_BCPI_5E9CDBE8BEEFA6F3579D,BCPI_OFFICE_BUILDING_62212_DIVISION_COMPOSITE,PR_59,British Columbia,2021A000259,81.9,"Index, 2023=100",2019-07-01,2019-09-30,STATCAN_BCPI_18100289,observed,2019-09-30,TR_STATCAN_BCPI_BC_ON_QC_REFERENCE_CLASSES_1_0_0,
OBS_BCPI_2CA300BD53D34EDCDE7B,BCPI_OFFICE_BUILDING_62212_DIVISION_COMPOSITE,PR_59,British Columbia,2021A000259,82.1,"Index, 2023=100",2019-10-01,2019-12-31,STATCAN_BCPI_18100289,observed,2019-12-31,TR_STATCAN_BCPI_BC_ON_QC_REFERENCE_CLASSES_1_0_0,
OBS_BCPI_64B59111D1D727359FD6,BCPI_OFFICE_BUILDING_62212_DIVISION_COMPOSITE,PR_59,British Columbia,2021A000259,82.4,"Index, 2023=100",2020-01-01,2020-03-31,STATCAN_BCPI_18100289,observed,2020-03-31,TR_STATCAN_BCPI_BC_ON_QC_REFERENCE_CLASSES_1_0_0,
OBS_BCPI_50067CE1AD83ED477584,BCPI_OFFICE_BUILDING_62212_DIVISION_COMPOSITE,PR_59,British Columbia,2021A000259,82.3,"Index, 2023=100",2020-04-01,2020-06-30,STATCAN_BCPI_18100289,observed,2020-06-30,TR_STATCAN_BCPI_BC_ON_QC_REFERENCE_CLASSES_1_0_0,
OBS_BCPI_B1903DD0D1759B02F66E,BCPI_OFFICE_BUILDING_62212_DIVISION_COMPOSITE,PR_59,British Columbia,2021A000259,82.4,"Index, 2023=100",2020-07-01,2020-09-30,STATCAN_BCPI_18100289,observed,2020-09-30,TR_STATCAN_BCPI_BC_ON_QC_REFERENCE_CLASSES_1_0_0,
OBS_BCPI_70AE77B2D5B43E7CC9E4,BCPI_OFFICE_BUILDING_62212_DIVISION_COMPOSITE,PR_59,British Columbia,2021A000259,82.2,"Index, 2023=100",2020-10-01,2020-12-31,STATCAN_BCPI_18100289,observed,2020-12-31,TR_STATCAN_BCPI_BC_ON_QC_REFERENCE_CLASSES_1_0_0,
OBS_BCPI_1F88016561B039A1FAE1,BCPI_OFFICE_BUILDING_62212_DIVISION_COMPOSITE,PR_59,British Columbia,2021A000259,82.6,"Index, 2023=100",2021-01-01,2021-03-31,STATCAN_BCPI_18100289,observed,2021-03-31,TR_STATCAN_BCPI_BC_ON_QC_REFERENCE_CLASSES_1_0_0,
OBS_BCPI_7606E97C6E150060124C,BCPI_OFFICE_BUILDING_62212_DIVISION_COMPOSITE,PR_59,British Columbia,2021A000259,84.6,"Index, 2023=100",2021-04-01,2021-06-30,STATCAN_BCPI_18100289,observed,2021-06-30,TR_STATCAN_BCPI_BC_ON_QC_REFERENCE_CLASSES_1_0_0,
OBS_BCPI_2514CC307E3AC6F10AEA,BCPI_OFFICE_BUILDING_62212_DIVISION_COMPOSITE,PR_59,British Columbia,2021A000259,86.1,"Index, 2023=100",2021-07-01,2021-09-30,STATCAN_BCPI_18100289,observed,2021-09-30,TR_STATCAN_BCPI_BC_ON_QC_REFERENCE_CLASSES_1_0_0,
OBS_BCPI_B39EBF711A4ECFA2468D,BCPI_OFFICE_BUILDING_62212_DIVISION_COMPOSITE,PR_59,British Columbia,2021A000259,87.7,"Index, 2023=100",2021-10-01,2021-12-31,STATCAN_BCPI_18100289,observed,2021-12-31,TR_STATCAN_BCPI_BC_ON_QC_REFERENCE_CLASSES_1_0_0,
OBS_BCPI_7733DFFADEDB8882677C,BCPI_OFFICE_BUILDING_62212_DIVISION_COMPOSITE,PR_59,British Columbia,2021A000259,89.6,"Index, 2023=100",2022-01-01,2022-03-31,STATCAN_BCPI_18100289,observed,2022-03-31,TR_STATCAN_BCPI_BC_ON_QC_REFERENCE_CLASSES_1_0_0,
OBS_BCPI_47E33561FAA3BD0BABDE,BCPI_OFFICE_BUILDING_62212_DIVISION_COMPOSITE,PR_59,British Columbia,2021A000259,92.1,"Index, 2023=100",2022-04-01,2022-06-30,STATCAN_BCPI_18100289,observed,2022-06-30,TR_STATCAN_BCPI_BC_ON_QC_REFERENCE_CLASSES_1_0_0,
OBS_BCPI_05D2EB76CEE0198FD1D1,BCPI_OFFICE_BUILDING_62212_DIVISION_COMPOSITE,PR_59,British Columbia,2021A000259,93.7,"Index, 2023=100",2022-07-01,2022-09-30,STATCAN_BCPI_18100289,observed,2022-09-30,TR_STATCAN_BCPI_BC_ON_QC_REFERENCE_CLASSES_1_0_0,
OBS_BCPI_9957D7EBB1B0F50EA0F3,BCPI_OFFICE_BUILDING_62212_DIVISION_COMPOSITE,PR_59,British Columbia,2021A000259,95.0,"Index, 2023=100",2022-10-01,2022-12-31,STATCAN_BCPI_18100289,observed,2022-12-31,TR_STATCAN_BCPI_BC_ON_QC_REFERENCE_CLASSES_1_0_0,
OBS_BCPI_D16B29E0473006577514,BCPI_OFFICE_BUILDING_62212_DIVISION_COMPOSITE,PR_59,British Columbia,2021A000259,96.9,"Index, 2023=100",2023-01-01,2023-03-31,STATCAN_BCPI_18100289,observed,2023-03-31,TR_STATCAN_BCPI_BC_ON_QC_REFERENCE_CLASSES_1_0_0,
OBS_BCPI_1160AE31595719110A3F,BCPI_OFFICE_BUILDING_62212_DIVISION_COMPOSITE,PR_59,British Columbia,2021A000259,99.4,"Index, 2023=100",2023-04-01,2023-06-30,STATCAN_BCPI_18100289,observed,2023-06-30,TR_STATCAN_BCPI_BC_ON_QC_REFERENCE_CLASSES_1_0_0,
OBS_BCPI_9620DCDF19C1F711A2FE,BCPI_OFFICE_BUILDING_62212_DIVISION_COMPOSITE,PR_59,British Columbia,2021A000259,100.8,"Index, 2023=100",2023-07-01,2023-09-30,STATCAN_BCPI_18100289,observed,2023-09-30,TR_STATCAN_BCPI_BC_ON_QC_REFERENCE_CLASSES_1_0_0,
OBS_BCPI_2BB4E7FDA763A519EDFA,BCPI_OFFICE_BUILDING_62212_DIVISION_COMPOSITE,PR_59,British Columbia,2021A000259,102.9,"Index, 2023=100",2023-10-01,2023-12-31,STATCAN_BCPI_18100289,observed,2023-12-31,TR_STATCAN_BCPI_BC_ON_QC_REFERENCE_CLASSES_1_0_0,
OBS_BCPI_B4409B6B02B6B8162BC5,BCPI_OFFICE_BUILDING_62212_DIVISION_COMPOSITE,PR_59,British Columbia,2021A000259,103.7,"Index, 2023=100",2024-01-01,2024-03-31,STATCAN_BCPI_18100289,observed,2024-03-31,TR_STATCAN_BCPI_BC_ON_QC_REFERENCE_CLASSES_1_0_0,
OBS_BCPI_724226E3E5F4F21F9980,BCPI_OFFICE_BUILDING_62212_DIVISION_COMPOSITE,PR_59,British Columbia,2021A000259,105.3,"Index, 2023=100",2024-04-01,2024-06-30,STATCAN_BCPI_18100289,observed,2024-06-30,TR_STATCAN_BCPI_BC_ON_QC_REFERENCE_CLASSES_1_0_0,
OBS_BCPI_3232312498295AAD9ECD,BCPI_OFFICE_BUILDING_62212_DIVISION_COMPOSITE,PR_59,British Columbia,2021A000259,106.5,"Index, 2023=100",2024-07-01,2024-09-30,STATCAN_BCPI_18100289,observed,2024-09-30,TR_STATCAN_BCPI_BC_ON_QC_REFERENCE_CLASSES_1_0_0,
OBS_BCPI_788015153EBDD668B437,BCPI_OFFICE_BUILDING_62212_DIVISION_COMPOSITE,PR_59,British Columbia,2021A000259,106.9,"Index, 2023=100",2024-10-01,2024-12-31,STATCAN_BCPI_18100289,observed,2024-12-31,TR_STATCAN_BCPI_BC_ON_QC_REFERENCE_CLASSES_1_0_0,
OBS_BCPI_95C7885C791133A22637,BCPI_OFFICE_BUILDING_62212_DIVISION_COMPOSITE,PR_59,British Columbia,2021A000259,108.4,"Index, 2023=100",2025-01-01,2025-03-31,STATCAN_BCPI_18100289,observed,2025-03-31,TR_STATCAN_BCPI_BC_ON_QC_REFERENCE_CLASSES_1_0_0,
OBS_BCPI_02258376B09BB6796F8C,BCPI_OFFICE_BUILDING_62212_DIVISION_COMPOSITE,PR_59,British Columbia,2021A000259,109.5,"Index, 2023=100",2025-04-01,2025-06-30,STATCAN_BCPI_18100289,observed,2025-06-30,TR_STATCAN_BCPI_BC_ON_QC_REFERENCE_CLASSES_1_0_0,
OBS_BCPI_1CBE884A4593BFDBD5F2,BCPI_OFFICE_BUILDING_62212_DIVISION_COMPOSITE,PR_59,British Columbia,2021A000259,109.4,"Index, 2023=100",2025-07-01,2025-09-30,STATCAN_BCPI_18100289,observed,2025-09-30,TR_STATCAN_BCPI_BC_ON_QC_REFERENCE_CLASSES_1_0_0,
OBS_BCPI_2190D3A1C6D369808016,BCPI_OFFICE_BUILDING_62212_DIVISION_COMPOSITE,PR_59,British Columbia,2021A000259,109.4,"Index, 2023=100",2025-10-01,2025-12-31,STATCAN_BCPI_18100289,observed,2025-12-31,TR_STATCAN_BCPI_BC_ON_QC_REFERENCE_CLASSES_1_0_0,
OBS_BCPI_1E132932849016D881EB,BCPI_OFFICE_BUILDING_62212_DIVISION_COMPOSITE,PR_59,British Columbia,2021A000259,109.8,"Index, 2023=100",2026-01-01,2026-03-31,STATCAN_BCPI_18100289,observed,2026-03-31,TR_STATCAN_BCPI_BC_ON_QC_REFERENCE_CLASSES_1_0_0,
OBS_BCPI_107A699F7E752C88009D,BCPI_OFFICE_BUILDING_62212_DIVISION_COMPOSITE,PR_59,British Columbia,2021A000259,109.8,"Index, 2023=100",2026-04-01,2026-06-30,STATCAN_BCPI_18100289,observed,2026-06-30,TR_STATCAN_BCPI_BC_ON_QC_REFERENCE_CLASSES_1_0_0,
OBS_BCPI_BACKCAST_32FE6F6015EB205C18F1,BCPI_SCHOOL_DIVISION_COMPOSITE,PR_59,British Columbia,2021S0503933,26.43506,"Index, 2023=100",1981-01-01,1981-03-31,STATCAN_BCPI_18100289,inferred,1981-03-31,TR_AIIO_BCPI_PROVINCE_LINKED_CMA_BACKCAST_0_1,province_linked_cma_backcast;not_official_provincial_observation;reference_cma=CMA_933;anchor_period=2017-03-31
OBS_BCPI_BACKCAST_7F158A1902E1235E23E9,BCPI_SCHOOL_DIVISION_COMPOSITE,PR_59,British Columbia,2021S0503933,27.336255,"Index, 2023=100",1981-04-01,1981-06-30,STATCAN_BCPI_18100289,inferred,1981-06-30,TR_AIIO_BCPI_PROVINCE_LINKED_CMA_BACKCAST_0_1,province_linked_cma_backcast;not_official_provincial_observation;reference_cma=CMA_933;anchor_period=2017-03-31
OBS_BCPI_BACKCAST_202CE512C2904C8E8C75,BCPI_SCHOOL_DIVISION_COMPOSITE,PR_59,British Columbia,2021S0503933,28.537849,"Index, 2023=100",1981-07-01,1981-09-30,STATCAN_BCPI_18100289,inferred,1981-09-30,TR_AIIO_BCPI_PROVINCE_LINKED_CMA_BACKCAST_0_1,province_linked_cma_backcast;not_official_provincial_observation;reference_cma=CMA_933;anchor_period=2017-03-31
OBS_BCPI_BACKCAST_2FDE08F7CFB499D98E2B,BCPI_SCHOOL_DIVISION_COMPOSITE,PR_59,British Columbia,2021S0503933,30.139973,"Index, 2023=100",1981-10-01,1981-12-31,STATCAN_BCPI_18100289,inferred,1981-12-31,TR_AIIO_BCPI_PROVINCE_LINKED_CMA_BACKCAST_0_1,province_linked_cma_backcast;not_official_provincial_observation;reference_cma=CMA_933;anchor_period=2017-03-31
OBS_BCPI_BACKCAST_2E12C42DD9D80AE69E57,BCPI_SCHOOL_DIVISION_COMPOSITE,PR_59,British Columbia,2021S0503933,30.440372,"Index, 2023=100",1982-01-01,1982-03-31,STATCAN_BCPI_18100289,inferred,1982-03-31,TR_AIIO_BCPI_PROVINCE_LINKED_CMA_BACKCAST_0_1,province_linked_cma_backcast;not_official_provincial_observation;reference_cma=CMA_933;anchor_period=2017-03-31
OBS_BCPI_BACKCAST_595D38472EBEF45A2E96,BCPI_SCHOOL_DIVISION_COMPOSITE,PR_59,British Columbia,2021S0503933,30.440372,"Index, 2023=100",1982-04-01,1982-06-30,STATCAN_BCPI_18100289,inferred,1982-06-30,TR_AIIO_BCPI_PROVINCE_LINKED_CMA_BACKCAST_0_1,province_linked_cma_backcast;not_official_provincial_observation;reference_cma=CMA_933;anchor_period=2017-03-31
OBS_BCPI_BACKCAST_EB99D22F92BC3F52649A,BCPI_SCHOOL_DIVISION_COMPOSITE,PR_59,British Columbia,2021S0503933,30.74077,"Index, 2023=100",1982-07-01,1982-09-30,STATCAN_BCPI_18100289,inferred,1982-09-30,TR_AIIO_BCPI_PROVINCE_LINKED_CMA_BACKCAST_0_1,province_linked_cma_backcast;not_official_provincial_observation;reference_cma=CMA_933;anchor_period=2017-03-31
OBS_BCPI_BACKCAST_E034C8A8A29910A2CC79,BCPI_SCHOOL_DIVISION_COMPOSITE,PR_59,British Columbia,2021S0503933,30.74077,"Index, 2023=100",1982-10-01,1982-12-31,STATCAN_BCPI_18100289,inferred,1982-12-31,TR_AIIO_BCPI_PROVINCE_LINKED_CMA_BACKCAST_0_1,province_linked_cma_backcast;not_official_provincial_observation;reference_cma=CMA_933;anchor_period=2017-03-31
OBS_BCPI_BACKCAST_0519E0A92210CED4E5B1,BCPI_SCHOOL_DIVISION_COMPOSITE,PR_59,British Columbia,2021S0503933,30.640637,"Index, 2023=100",1983-01-01,1983-03-31,STATCAN_BCPI_18100289,inferred,1983-03-31,TR_AIIO_BCPI_PROVINCE_LINKED_CMA_BACKCAST_0_1,province_linked_cma_backcast;not_official_provincial_observation;reference_cma=CMA_933;anchor_period=2017-03-31
OBS_BCPI_BACKCAST_C6523975F3293B87B051,BCPI_SCHOOL_DIVISION_COMPOSITE,PR_59,British Columbia,2021S0503933,31.241434,"Index, 2023=100",1983-04-01,1983-06-30,STATCAN_BCPI_18100289,inferred,1983-06-30,TR_AIIO_BCPI_PROVINCE_LINKED_CMA_BACKCAST_0_1,province_linked_cma_backcast;not_official_provincial_observation;reference_cma=CMA_933;anchor_period=2017-03-31
OBS_BCPI_BACKCAST_455BD4C604E840985527,BCPI_SCHOOL_DIVISION_COMPOSITE,PR_59,British Columbia,2021S0503933,30.840903,"Index, 2023=100",1983-07-01,1983-09-30,STATCAN_BCPI_18100289,inferred,1983-09-30,TR_AIIO_BCPI_PROVINCE_LINKED_CMA_BACKCAST_0_1,province_linked_cma_backcast;not_official_provincial_observation;reference_cma=CMA_933;anchor_period=2017-03-31
OBS_BCPI_BACKCAST_A788DF74C0F81100D0D6,BCPI_SCHOOL_DIVISION_COMPOSITE,PR_59,British Columbia,2021S0503933,30.941036,"Index, 2023=100",1983-10-01,1983-12-31,STATCAN_BCPI_18100289,inferred,1983-12-31,TR_AIIO_BCPI_PROVINCE_LINKED_CMA_BACKCAST_0_1,province_linked_cma_backcast;not_official_provincial_observation;reference_cma=CMA_933;anchor_period=2017-03-31
OBS_BCPI_BACKCAST_08EA3A30962C92346B7C,BCPI_SCHOOL_DIVISION_COMPOSITE,PR_59,British Columbia,2021S0503933,30.941036,"Index, 2023=100",1984-01-01,1984-03-31,STATCAN_BCPI_18100289,inferred,1984-03-31,TR_AIIO_BCPI_PROVINCE_LINKED_CMA_BACKCAST_0_1,province_linked_cma_backcast;not_official_provincial_observation;reference_cma=CMA_933;anchor_period=2017-03-31
OBS_BCPI_BACKCAST_BFD4EB206E89D8E73271,BCPI_SCHOOL_DIVISION_COMPOSITE,PR_59,British Columbia,2021S0503933,29.939708,"Index, 2023=100",1984-04-01,1984-06-30,STATCAN_BCPI_18100289,inferred,1984-06-30,TR_AIIO_BCPI_PROVINCE_LINKED_CMA_BACKCAST_0_1,province_linked_cma_backcast;not_official_provincial_observation;reference_cma=CMA_933;anchor_period=2017-03-31
OBS_BCPI_BACKCAST_FF4DD251DBB7A596B559,BCPI_SCHOOL_DIVISION_COMPOSITE,PR_59,British Columbia,2021S0503933,29.839575,"Index, 2023=100",1984-07-01,1984-09-30,STATCAN_BCPI_18100289,inferred,1984-09-30,TR_AIIO_BCPI_PROVINCE_LINKED_CMA_BACKCAST_0_1,province_linked_cma_backcast;not_official_provincial_observation;reference_cma=CMA_933;anchor_period=2017-03-31
OBS_BCPI_BACKCAST_6DB8C5C7129D04EA14DA,BCPI_SCHOOL_DIVISION_COMPOSITE,PR_59,British Columbia,2021S0503933,29.939708,"Index, 2023=100",1984-10-01,1984-12-31,STATCAN_BCPI_18100289,inferred,1984-12-31,TR_AIIO_BCPI_PROVINCE_LINKED_CMA_BACKCAST_0_1,province_linked_cma_backcast;not_official_provincial_observation;reference_cma=CMA_933;anchor_period=2017-03-31
OBS_BCPI_BACKCAST_7B74619E49683E10CF61,BCPI_SCHOOL_DIVISION_COMPOSITE,PR_59,British Columbia,2021S0503933,29.939708,"Index, 2023=100",1985-01-01,1985-03-31,STATCAN_BCPI_18100289,inferred,1985-03-31,TR_AIIO_BCPI_PROVINCE_LINKED_CMA_BACKCAST_0_1,province_linked_cma_backcast;not_official_provincial_observation;reference_cma=CMA_933;anchor_period=2017-03-31
OBS_BCPI_BACKCAST_78BE7ACFCFB4D67B477E,BCPI_SCHOOL_DIVISION_COMPOSITE,PR_59,British Columbia,2021S0503933,30.340239,"Index, 2023=100",1985-04-01,1985-06-30,STATCAN_BCPI_18100289,inferred,1985-06-30,TR_AIIO_BCPI_PROVINCE_LINKED_CMA_BACKCAST_0_1,province_linked_cma_backcast;not_official_provincial_observation;reference_cma=CMA_933;anchor_period=2017-03-31
OBS_BCPI_BACKCAST_FAA2E13C08F71F6824C7,BCPI_SCHOOL_DIVISION_COMPOSITE,PR_59,British Columbia,2021S0503933,30.540505,"Index, 2023=100",1985-07-01,1985-09-30,STATCAN_BCPI_18100289,inferred,1985-09-30,TR_AIIO_BCPI_PROVINCE_LINKED_CMA_BACKCAST_0_1,province_linked_cma_backcast;not_official_provincial_observation;reference_cma=CMA_933;anchor_period=2017-03-31
OBS_BCPI_BACKCAST_E7CA106B111702205A57,BCPI_SCHOOL_DIVISION_COMPOSITE,PR_59,British Columbia,2021S0503933,30.74077,"Index, 2023=100",1985-10-01,1985-12-31,STATCAN_BCPI_18100289,inferred,1985-12-31,TR_AIIO_BCPI_PROVINCE_LINKED_CMA_BACKCAST_0_1,province_linked_cma_backcast;not_official_provincial_observation;reference_cma=CMA_933;anchor_period=2017-03-31
OBS_BCPI_BACKCAST_677694D72C74A5AAB4E6,BCPI_SCHOOL_DIVISION_COMPOSITE,PR_59,British Columbia,2021S0503933,31.041169,"Index, 2023=100",1986-01-01,1986-03-31,STATCAN_BCPI_18100289,inferred,1986-03-31,TR_AIIO_BCPI_PROVINCE_LINKED_CMA_BACKCAST_0_1,province_linked_cma_backcast;not_official_provincial_observation;reference_cma=CMA_933;anchor_period=2017-03-31
OBS_BCPI_BACKCAST_4CB1B714A663546B1585,BCPI_SCHOOL_DIVISION_COMPOSITE,PR_59,British Columbia,2021S0503933,31.541833,"Index, 2023=100",1986-04-01,1986-06-30,STATCAN_BCPI_18100289,inferred,1986-06-30,TR_AIIO_BCPI_PROVINCE_LINKED_CMA_BACKCAST_0_1,province_linked_cma_backcast;not_official_provincial_observation;reference_cma=CMA_933;anchor_period=2017-03-31
OBS_BCPI_BACKCAST_869CC3FF438983C1D56E,BCPI_SCHOOL_DIVISION_COMPOSITE,PR_59,British Columbia,2021S0503933,31.742098,"Index, 2023=100",1986-07-01,1986-09-30,STATCAN_BCPI_18100289,inferred,1986-09-30,TR_AIIO_BCPI_PROVINCE_LINKED_CMA_BACKCAST_0_1,province_linked_cma_backcast;not_official_provincial_observation;reference_cma=CMA_933;anchor_period=2017-03-31
OBS_BCPI_BACKCAST_C31924678E72918228F8,BCPI_SCHOOL_DIVISION_COMPOSITE,PR_59,British Columbia,2021S0503933,31.942364,"Index, 2023=100",1986-10-01,1986-12-31,STATCAN_BCPI_18100289,inferred,1986-12-31,TR_AIIO_BCPI_PROVINCE_LINKED_CMA_BACKCAST_0_1,province_linked_cma_backcast;not_official_provincial_observation;reference_cma=CMA_933;anchor_period=2017-03-31
OBS_BCPI_BACKCAST_E4331E01E3FB673A8727,BCPI_SCHOOL_DIVISION_COMPOSITE,PR_59,British Columbia,2021S0503933,31.942364,"Index, 2023=100",1987-01-01,1987-03-31,STATCAN_BCPI_18100289,inferred,1987-03-31,TR_AIIO_BCPI_PROVINCE_LINKED_CMA_BACKCAST_0_1,province_linked_cma_backcast;not_official_provincial_observation;reference_cma=CMA_933;anchor_period=2017-03-31
OBS_BCPI_BACKCAST_ECF7FB3B1362A8C7D6B1,BCPI_SCHOOL_DIVISION_COMPOSITE,PR_59,British Columbia,2021S0503933,32.042497,"Index, 2023=100",1987-04-01,1987-06-30,STATCAN_BCPI_18100289,inferred,1987-06-30,TR_AIIO_BCPI_PROVINCE_LINKED_CMA_BACKCAST_0_1,province_linked_cma_backcast;not_official_provincial_observation;reference_cma=CMA_933;anchor_period=2017-03-31
OBS_BCPI_BACKCAST_B43A7D6236381B935466,BCPI_SCHOOL_DIVISION_COMPOSITE,PR_59,British Columbia,2021S0503933,32.342895,"Index, 2023=100",1987-07-01,1987-09-30,STATCAN_BCPI_18100289,inferred,1987-09-30,TR_AIIO_BCPI_PROVINCE_LINKED_CMA_BACKCAST_0_1,province_linked_cma_backcast;not_official_provincial_observation;reference_cma=CMA_933;anchor_period=2017-03-31
OBS_BCPI_BACKCAST_2D99C8064059046BA337,BCPI_SCHOOL_DIVISION_COMPOSITE,PR_59,British Columbia,2021S0503933,32.943692,"Index, 2023=100",1987-10-01,1987-12-31,STATCAN_BCPI_18100289,inferred,1987-12-31,TR_AIIO_BCPI_PROVINCE_LINKED_CMA_BACKCAST_0_1,province_linked_cma_backcast;not_official_provincial_observation;reference_cma=CMA_933;anchor_period=2017-03-31
OBS_BCPI_BACKCAST_E868A03577FD5BFE624E,BCPI_SCHOOL_DIVISION_COMPOSITE,PR_59,British Columbia,2021S0503933,33.444356,"Index, 2023=100",1988-01-01,1988-03-31,STATCAN_BCPI_18100289,inferred,1988-03-31,TR_AIIO_BCPI_PROVINCE_LINKED_CMA_BACKCAST_0_1,province_linked_cma_backcast;not_official_provincial_observation;reference_cma=CMA_933;anchor_period=2017-03-31
OBS_BCPI_BACKCAST_CEDEDAA9C1959FDCC127,BCPI_SCHOOL_DIVISION_COMPOSITE,PR_59,British Columbia,2021S0503933,33.544489,"Index, 2023=100",1988-04-01,1988-06-30,STATCAN_BCPI_18100289,inferred,1988-06-30,TR_AIIO_BCPI_PROVINCE_LINKED_CMA_BACKCAST_0_1,province_linked_cma_backcast;not_official_provincial_observation;reference_cma=CMA_933;anchor_period=2017-03-31
OBS_BCPI_BACKCAST_26B26CA009CFE5619A38,BCPI_SCHOOL_DIVISION_COMPOSITE,PR_59,British Columbia,2021S0503933,34.345551,"Index, 2023=100",1988-07-01,1988-09-30,STATCAN_BCPI_18100289,inferred,1988-09-30,TR_AIIO_BCPI_PROVINCE_LINKED_CMA_BACKCAST_0_1,province_linked_cma_backcast;not_official_provincial_observation;reference_cma=CMA_933;anchor_period=2017-03-31
OBS_BCPI_BACKCAST_9E01581E47C658E6A642,BCPI_SCHOOL_DIVISION_COMPOSITE,PR_59,British Columbia,2021S0503933,35.046481,"Index, 2023=100",1988-10-01,1988-12-31,STATCAN_BCPI_18100289,inferred,1988-12-31,TR_AIIO_BCPI_PROVINCE_LINKED_CMA_BACKCAST_0_1,province_linked_cma_backcast;not_official_provincial_observation;reference_cma=CMA_933;anchor_period=2017-03-31
OBS_BCPI_BACKCAST_10D98CB4114BA583185B,BCPI_SCHOOL_DIVISION_COMPOSITE,PR_59,British Columbia,2021S0503933,35.647278,"Index, 2023=100",1989-01-01,1989-03-31,STATCAN_BCPI_18100289,inferred,1989-03-31,TR_AIIO_BCPI_PROVINCE_LINKED_CMA_BACKCAST_0_1,province_linked_cma_backcast;not_official_provincial_observation;reference_cma=CMA_933;anchor_period=2017-03-31
OBS_BCPI_BACKCAST_B5BD10D19743C345DE91,BCPI_SCHOOL_DIVISION_COMPOSITE,PR_59,British Columbia,2021S0503933,36.44834,"Index, 2023=100",1989-04-01,1989-06-30,STATCAN_BCPI_18100289,inferred,1989-06-30,TR_AIIO_BCPI_PROVINCE_LINKED_CMA_BACKCAST_0_1,province_linked_cma_backcast;not_official_provincial_observation;reference_cma=CMA_933;anchor_period=2017-03-31
OBS_BCPI_BACKCAST_0F1BEFE5537ED5283502,BCPI_SCHOOL_DIVISION_COMPOSITE,PR_59,British Columbia,2021S0503933,37.049137,"Index, 2023=100",1989-07-01,1989-09-30,STATCAN_BCPI_18100289,inferred,1989-09-30,TR_AIIO_BCPI_PROVINCE_LINKED_CMA_BACKCAST_0_1,province_linked_cma_backcast;not_official_provincial_observation;reference_cma=CMA_933;anchor_period=2017-03-31
OBS_BCPI_BACKCAST_9D629DDF581F4ADC6BA3,BCPI_SCHOOL_DIVISION_COMPOSITE,PR_59,British Columbia,2021S0503933,37.449668,"Index, 2023=100",1989-10-01,1989-12-31,STATCAN_BCPI_18100289,inferred,1989-12-31,TR_AIIO_BCPI_PROVINCE_LINKED_CMA_BACKCAST_0_1,province_linked_cma_backcast;not_official_provincial_observation;reference_cma=CMA_933;anchor_period=2017-03-31
OBS_BCPI_BACKCAST_9E04356477951DFFF913,BCPI_SCHOOL_DIVISION_COMPOSITE,PR_59,British Columbia,2021S0503933,38.25073,"Index, 2023=100",1990-01-01,1990-03-31,STATCAN_BCPI_18100289,inferred,1990-03-31,TR_AIIO_BCPI_PROVINCE_LINKED_CMA_BACKCAST_0_1,province_linked_cma_backcast;not_official_provincial_observation;reference_cma=CMA_933;anchor_period=2017-03-31
OBS_BCPI_BACKCAST_CA2174848C9F42C2E7FA,BCPI_SCHOOL_DIVISION_COMPOSITE,PR_59,British Columbia,2021S0503933,38.551129,"Index, 2023=100",1990-04-01,1990-06-30,STATCAN_BCPI_18100289,inferred,1990-06-30,TR_AIIO_BCPI_PROVINCE_LINKED_CMA_BACKCAST_0_1,province_linked_cma_backcast;not_official_provincial_observation;reference_cma=CMA_933;anchor_period=2017-03-31
OBS_BCPI_BACKCAST_2C9E370B0B231C2B41C8,BCPI_SCHOOL_DIVISION_COMPOSITE,PR_59,British Columbia,2021S0503933,38.050465,"Index, 2023=100",1990-07-01,1990-09-30,STATCAN_BCPI_18100289,inferred,1990-09-30,TR_AIIO_BCPI_PROVINCE_LINKED_CMA_BACKCAST_0_1,province_linked_cma_backcast;not_official_provincial_observation;reference_cma=CMA_933;anchor_period=2017-03-31
OBS_BCPI_BACKCAST_062B419D699B7255215D,BCPI_SCHOOL_DIVISION_COMPOSITE,PR_59,British Columbia,2021S0503933,37.950332,"Index, 2023=100",1990-10-01,1990-12-31,STATCAN_BCPI_18100289,inferred,1990-12-31,TR_AIIO_BCPI_PROVINCE_LINKED_CMA_BACKCAST_0_1,province_linked_cma_backcast;not_official_provincial_observation;reference_cma=CMA_933;anchor_period=2017-03-31
OBS_BCPI_BACKCAST_08E999C6ADFA53BB8B01,BCPI_SCHOOL_DIVISION_COMPOSITE,PR_59,British Columbia,2021S0503933,36.848871,"Index, 2023=100",1991-01-01,1991-03-31,STATCAN_BCPI_18100289,inferred,1991-03-31,TR_AIIO_BCPI_PROVINCE_LINKED_CMA_BACKCAST_0_1,province_linked_cma_backcast;not_official_provincial_observation;reference_cma=CMA_933;anchor_period=2017-03-31
OBS_BCPI_BACKCAST_32198DA2B34E25B0D7C3,BCPI_SCHOOL_DIVISION_COMPOSITE,PR_59,British Columbia,2021S0503933,36.548473,"Index, 2023=100",1991-04-01,1991-06-30,STATCAN_BCPI_18100289,inferred,1991-06-30,TR_AIIO_BCPI_PROVINCE_LINKED_CMA_BACKCAST_0_1,province_linked_cma_backcast;not_official_provincial_observation;reference_cma=CMA_933;anchor_period=2017-03-31
OBS_BCPI_BACKCAST_7AC4C72C3250902EA610,BCPI_SCHOOL_DIVISION_COMPOSITE,PR_59,British Columbia,2021S0503933,36.548473,"Index, 2023=100",1991-07-01,1991-09-30,STATCAN_BCPI_18100289,inferred,1991-09-30,TR_AIIO_BCPI_PROVINCE_LINKED_CMA_BACKCAST_0_1,province_linked_cma_backcast;not_official_provincial_observation;reference_cma=CMA_933;anchor_period=2017-03-31
OBS_BCPI_BACKCAST_76FFEEAA79C547B972C0,BCPI_SCHOOL_DIVISION_COMPOSITE,PR_59,British Columbia,2021S0503933,36.848871,"Index, 2023=100",1991-10-01,1991-12-31,STATCAN_BCPI_18100289,inferred,1991-12-31,TR_AIIO_BCPI_PROVINCE_LINKED_CMA_BACKCAST_0_1,province_linked_cma_backcast;not_official_provincial_observation;reference_cma=CMA_933;anchor_period=2017-03-31
OBS_BCPI_BACKCAST_55A06E4B8CFBF848D0FF,BCPI_SCHOOL_DIVISION_COMPOSITE,PR_59,British Columbia,2021S0503933,36.848871,"Index, 2023=100",1992-01-01,1992-03-31,STATCAN_BCPI_18100289,inferred,1992-03-31,TR_AIIO_BCPI_PROVINCE_LINKED_CMA_BACKCAST_0_1,province_linked_cma_backcast;not_official_provincial_observation;reference_cma=CMA_933;anchor_period=2017-03-31
OBS_BCPI_BACKCAST_4F0A4453FDE8E111BE1C,BCPI_SCHOOL_DIVISION_COMPOSITE,PR_59,British Columbia,2021S0503933,37.449668,"Index, 2023=100",1992-04-01,1992-06-30,STATCAN_BCPI_18100289,inferred,1992-06-30,TR_AIIO_BCPI_PROVINCE_LINKED_CMA_BACKCAST_0_1,province_linked_cma_backcast;not_official_provincial_observation;reference_cma=CMA_933;anchor_period=2017-03-31
OBS_BCPI_BACKCAST_79DAF3650426616BA14A,BCPI_SCHOOL_DIVISION_COMPOSITE,PR_59,British Columbia,2021S0503933,37.549801,"Index, 2023=100",1992-07-01,1992-09-30,STATCAN_BCPI_18100289,inferred,1992-09-30,TR_AIIO_BCPI_PROVINCE_LINKED_CMA_BACKCAST_0_1,province_linked_cma_backcast;not_official_provincial_observation;reference_cma=CMA_933;anchor_period=2017-03-31
OBS_BCPI_BACKCAST_C6A2744C577E74987478,BCPI_SCHOOL_DIVISION_COMPOSITE,PR_59,British Columbia,2021S0503933,37.750066,"Index, 2023=100",1992-10-01,1992-12-31,STATCAN_BCPI_18100289,inferred,1992-12-31,TR_AIIO_BCPI_PROVINCE_LINKED_CMA_BACKCAST_0_1,province_linked_cma_backcast;not_official_provincial_observation;reference_cma=CMA_933;anchor_period=2017-03-31
OBS_BCPI_BACKCAST_4FE5DD04547E9C05CC71,BCPI_SCHOOL_DIVISION_COMPOSITE,PR_59,British Columbia,2021S0503933,37.750066,"Index, 2023=100",1993-01-01,1993-03-31,STATCAN_BCPI_18100289,inferred,1993-03-31,TR_AIIO_BCPI_PROVINCE_LINKED_CMA_BACKCAST_0_1,province_linked_cma_backcast;not_official_provincial_observation;reference_cma=CMA_933;anchor_period=2017-03-31
OBS_BCPI_BACKCAST_6EC3FF0345D1E74A1A10,BCPI_SCHOOL_DIVISION_COMPOSITE,PR_59,British Columbia,2021S0503933,38.350863,"Index, 2023=100",1993-04-01,1993-06-30,STATCAN_BCPI_18100289,inferred,1993-06-30,TR_AIIO_BCPI_PROVINCE_LINKED_CMA_BACKCAST_0_1,province_linked_cma_backcast;not_official_provincial_observation;reference_cma=CMA_933;anchor_period=2017-03-31
OBS_BCPI_BACKCAST_02D7FC5119ECE1A26330,BCPI_SCHOOL_DIVISION_COMPOSITE,PR_59,British Columbia,2021S0503933,38.450996,"Index, 2023=100",1993-07-01,1993-09-30,STATCAN_BCPI_18100289,inferred,1993-09-30,TR_AIIO_BCPI_PROVINCE_LINKED_CMA_BACKCAST_0_1,province_linked_cma_backcast;not_official_provincial_observation;reference_cma=CMA_933;anchor_period=2017-03-31
OBS_BCPI_BACKCAST_EDB6D2D9F0CCE7C913BE,BCPI_SCHOOL_DIVISION_COMPOSITE,PR_59,British Columbia,2021S0503933,38.651262,"Index, 2023=100",1993-10-01,1993-12-31,STATCAN_BCPI_18100289,inferred,1993-12-31,TR_AIIO_BCPI_PROVINCE_LINKED_CMA_BACKCAST_0_1,province_linked_cma_backcast;not_official_provincial_observation;reference_cma=CMA_933;anchor_period=2017-03-31
OBS_BCPI_BACKCAST_80F2695644D81A2B891F,BCPI_SCHOOL_DIVISION_COMPOSITE,PR_59,British Columbia,2021S0503933,38.751394,"Index, 2023=100",1994-01-01,1994-03-31,STATCAN_BCPI_18100289,inferred,1994-03-31,TR_AIIO_BCPI_PROVINCE_LINKED_CMA_BACKCAST_0_1,province_linked_cma_backcast;not_official_provincial_observation;reference_cma=CMA_933;anchor_period=2017-03-31
OBS_BCPI_BACKCAST_D280B6516F81647F462B,BCPI_SCHOOL_DIVISION_COMPOSITE,PR_59,British Columbia,2021S0503933,38.95166,"Index, 2023=100",1994-04-01,1994-06-30,STATCAN_BCPI_18100289,inferred,1994-06-30,TR_AIIO_BCPI_PROVINCE_LINKED_CMA_BACKCAST_0_1,province_linked_cma_backcast;not_official_provincial_observation;reference_cma=CMA_933;anchor_period=2017-03-31
OBS_BCPI_BACKCAST_DB90AE49F5BC047CA2A9,BCPI_SCHOOL_DIVISION_COMPOSITE,PR_59,British Columbia,2021S0503933,39.151926,"Index, 2023=100",1994-07-01,1994-09-30,STATCAN_BCPI_18100289,inferred,1994-09-30,TR_AIIO_BCPI_PROVINCE_LINKED_CMA_BACKCAST_0_1,province_linked_cma_backcast;not_official_provincial_observation;reference_cma=CMA_933;anchor_period=2017-03-31
OBS_BCPI_BACKCAST_BA41181EA6D4900D76DB,BCPI_SCHOOL_DIVISION_COMPOSITE,PR_59,British Columbia,2021S0503933,39.352191,"Index, 2023=100",1994-10-01,1994-12-31,STATCAN_BCPI_18100289,inferred,1994-12-31,TR_AIIO_BCPI_PROVINCE_LINKED_CMA_BACKCAST_0_1,province_linked_cma_backcast;not_official_provincial_observation;reference_cma=CMA_933;anchor_period=2017-03-31
OBS_BCPI_BACKCAST_C88FD0990D06F7470E23,BCPI_SCHOOL_DIVISION_COMPOSITE,PR_59,British Columbia,2021S0503933,40.153254,"Index, 2023=100",1995-01-01,1995-03-31,STATCAN_BCPI_18100289,inferred,1995-03-31,TR_AIIO_BCPI_PROVINCE_LINKED_CMA_BACKCAST_0_1,province_linked_cma_backcast;not_official_provincial_observation;reference_cma=CMA_933;anchor_period=2017-03-31
OBS_BCPI_BACKCAST_8EDC3869BC3B146BE249,BCPI_SCHOOL_DIVISION_COMPOSITE,PR_59,British Columbia,2021S0503933,40.453652,"Index, 2023=100",1995-04-01,1995-06-30,STATCAN_BCPI_18100289,inferred,1995-06-30,TR_AIIO_BCPI_PROVINCE_LINKED_CMA_BACKCAST_0_1,province_linked_cma_backcast;not_official_provincial_observation;reference_cma=CMA_933;anchor_period=2017-03-31
OBS_BCPI_BACKCAST_447CE85D75CBA4D60765,BCPI_SCHOOL_DIVISION_COMPOSITE,PR_59,British Columbia,2021S0503933,40.453652,"Index, 2023=100",1995-07-01,1995-09-30,STATCAN_BCPI_18100289,inferred,1995-09-30,TR_AIIO_BCPI_PROVINCE_LINKED_CMA_BACKCAST_0_1,province_linked_cma_backcast;not_official_provincial_observation;reference_cma=CMA_933;anchor_period=2017-03-31
OBS_BCPI_BACKCAST_BAD922DF4814AA5B8E26,BCPI_SCHOOL_DIVISION_COMPOSITE,PR_59,British Columbia,2021S0503933,40.553785,"Index, 2023=100",1995-10-01,1995-12-31,STATCAN_BCPI_18100289,inferred,1995-12-31,TR_AIIO_BCPI_PROVINCE_LINKED_CMA_BACKCAST_0_1,province_linked_cma_backcast;not_official_provincial_observation;reference_cma=CMA_933;anchor_period=2017-03-31
OBS_BCPI_BACKCAST_35BD799C18E7521E6F35,BCPI_SCHOOL_DIVISION_COMPOSITE,PR_59,British Columbia,2021S0503933,40.75405,"Index, 2023=100",1996-01-01,1996-03-31,STATCAN_BCPI_18100289,inferred,1996-03-31,TR_AIIO_BCPI_PROVINCE_LINKED_CMA_BACKCAST_0_1,province_linked_cma_backcast;not_official_provincial_observation;reference_cma=CMA_933;anchor_period=2017-03-31
OBS_BCPI_BACKCAST_1007A7AD1F120A137BB8,BCPI_SCHOOL_DIVISION_COMPOSITE,PR_59,British Columbia,2021S0503933,41.254714,"Index, 2023=100",1996-04-01,1996-06-30,STATCAN_BCPI_18100289,inferred,1996-06-30,TR_AIIO_BCPI_PROVINCE_LINKED_CMA_BACKCAST_0_1,province_linked_cma_backcast;not_official_provincial_observation;reference_cma=CMA_933;anchor_period=2017-03-31
OBS_BCPI_BACKCAST_97DF5ED411B1E50E601D,BCPI_SCHOOL_DIVISION_COMPOSITE,PR_59,British Columbia,2021S0503933,41.45498,"Index, 2023=100",1996-07-01,1996-09-30,STATCAN_BCPI_18100289,inferred,1996-09-30,TR_AIIO_BCPI_PROVINCE_LINKED_CMA_BACKCAST_0_1,province_linked_cma_backcast;not_official_provincial_observation;reference_cma=CMA_933;anchor_period=2017-03-31
OBS_BCPI_BACKCAST_7547CE83CEC017336647,BCPI_SCHOOL_DIVISION_COMPOSITE,PR_59,British Columbia,2021S0503933,41.555113,"Index, 2023=100",1996-10-01,1996-12-31,STATCAN_BCPI_18100289,inferred,1996-12-31,TR_AIIO_BCPI_PROVINCE_LINKED_CMA_BACKCAST_0_1,province_linked_cma_backcast;not_official_provincial_observation;reference_cma=CMA_933;anchor_period=2017-03-31
OBS_BCPI_BACKCAST_7F7278F0542178E2925A,BCPI_SCHOOL_DIVISION_COMPOSITE,PR_59,British Columbia,2021S0503933,41.755378,"Index, 2023=100",1997-01-01,1997-03-31,STATCAN_BCPI_18100289,inferred,1997-03-31,TR_AIIO_BCPI_PROVINCE_LINKED_CMA_BACKCAST_0_1,province_linked_cma_backcast;not_official_provincial_observation;reference_cma=CMA_933;anchor_period=2017-03-31
OBS_BCPI_BACKCAST_9F99DE27321D5AB9F958,BCPI_SCHOOL_DIVISION_COMPOSITE,PR_59,British Columbia,2021S0503933,42.055777,"Index, 2023=100",1997-04-01,1997-06-30,STATCAN_BCPI_18100289,inferred,1997-06-30,TR_AIIO_BCPI_PROVINCE_LINKED_CMA_BACKCAST_0_1,province_linked_cma_backcast;not_official_provincial_observation;reference_cma=CMA_933;anchor_period=2017-03-31
OBS_BCPI_BACKCAST_9A862095FF4E2FAFDECA,BCPI_SCHOOL_DIVISION_COMPOSITE,PR_59,British Columbia,2021S0503933,42.256042,"Index, 2023=100",1997-07-01,1997-09-30,STATCAN_BCPI_18100289,inferred,1997-09-30,TR_AIIO_BCPI_PROVINCE_LINKED_CMA_BACKCAST_0_1,province_linked_cma_backcast;not_official_provincial_observation;reference_cma=CMA_933;anchor_period=2017-03-31
OBS_BCPI_BACKCAST_BD9172DD66DCA3F69C67,BCPI_SCHOOL_DIVISION_COMPOSITE,PR_59,British Columbia,2021S0503933,42.356175,"Index, 2023=100",1997-10-01,1997-12-31,STATCAN_BCPI_18100289,inferred,1997-12-31,TR_AIIO_BCPI_PROVINCE_LINKED_CMA_BACKCAST_0_1,province_linked_cma_backcast;not_official_provincial_observation;reference_cma=CMA_933;anchor_period=2017-03-31
OBS_BCPI_BACKCAST_8A9A76DBD6D05C58732B,BCPI_SCHOOL_DIVISION_COMPOSITE,PR_59,British Columbia,2021S0503933,42.756707,"Index, 2023=100",1998-01-01,1998-03-31,STATCAN_BCPI_18100289,inferred,1998-03-31,TR_AIIO_BCPI_PROVINCE_LINKED_CMA_BACKCAST_0_1,province_linked_cma_backcast;not_official_provincial_observation;reference_cma=CMA_933;anchor_period=2017-03-31
OBS_BCPI_BACKCAST_3E3EF55B3F2B203A051D,BCPI_SCHOOL_DIVISION_COMPOSITE,PR_59,British Columbia,2021S0503933,42.856839,"Index, 2023=100",1998-04-01,1998-06-30,STATCAN_BCPI_18100289,inferred,1998-06-30,TR_AIIO_BCPI_PROVINCE_LINKED_CMA_BACKCAST_0_1,province_linked_cma_backcast;not_official_provincial_observation;reference_cma=CMA_933;anchor_period=2017-03-31
OBS_BCPI_BACKCAST_CCFCBDC6A110DAADABE7,BCPI_SCHOOL_DIVISION_COMPOSITE,PR_59,British Columbia,2021S0503933,42.956972,"Index, 2023=100",1998-07-01,1998-09-30,STATCAN_BCPI_18100289,inferred,1998-09-30,TR_AIIO_BCPI_PROVINCE_LINKED_CMA_BACKCAST_0_1,province_linked_cma_backcast;not_official_provincial_observation;reference_cma=CMA_933;anchor_period=2017-03-31
OBS_BCPI_BACKCAST_79A1CA41EC06A48955A2,BCPI_SCHOOL_DIVISION_COMPOSITE,PR_59,British Columbia,2021S0503933,43.057105,"Index, 2023=100",1998-10-01,1998-12-31,STATCAN_BCPI_18100289,inferred,1998-12-31,TR_AIIO_BCPI_PROVINCE_LINKED_CMA_BACKCAST_0_1,province_linked_cma_backcast;not_official_provincial_observation;reference_cma=CMA_933;anchor_period=2017-03-31
OBS_BCPI_BACKCAST_AD4E9CCCD2802FEB88E1,BCPI_SCHOOL_DIVISION_COMPOSITE,PR_59,British Columbia,2021S0503933,43.057105,"Index, 2023=100",1999-01-01,1999-03-31,STATCAN_BCPI_18100289,inferred,1999-03-31,TR_AIIO_BCPI_PROVINCE_LINKED_CMA_BACKCAST_0_1,province_linked_cma_backcast;not_official_provincial_observation;reference_cma=CMA_933;anchor_period=2017-03-31
OBS_BCPI_BACKCAST_4811B2CA1973B28BC46B,BCPI_SCHOOL_DIVISION_COMPOSITE,PR_59,British Columbia,2021S0503933,43.257371,"Index, 2023=100",1999-04-01,1999-06-30,STATCAN_BCPI_18100289,inferred,1999-06-30,TR_AIIO_BCPI_PROVINCE_LINKED_CMA_BACKCAST_0_1,province_linked_cma_backcast;not_official_provincial_observation;reference_cma=CMA_933;anchor_period=2017-03-31
OBS_BCPI_BACKCAST_1AD7F98B68261A2D30BD,BCPI_SCHOOL_DIVISION_COMPOSITE,PR_59,British Columbia,2021S0503933,43.257371,"Index, 2023=100",1999-07-01,1999-09-30,STATCAN_BCPI_18100289,inferred,1999-09-30,TR_AIIO_BCPI_PROVINCE_LINKED_CMA_BACKCAST_0_1,province_linked_cma_backcast;not_official_provincial_observation;reference_cma=CMA_933;anchor_period=2017-03-31
OBS_BCPI_BACKCAST_E25C3364D0E7E922969B,BCPI_SCHOOL_DIVISION_COMPOSITE,PR_59,British Columbia,2021S0503933,43.357503,"Index, 2023=100",1999-10-01,1999-12-31,STATCAN_BCPI_18100289,inferred,1999-12-31,TR_AIIO_BCPI_PROVINCE_LINKED_CMA_BACKCAST_0_1,province_linked_cma_backcast;not_official_provincial_observation;reference_cma=CMA_933;anchor_period=2017-03-31
OBS_BCPI_BACKCAST_81FFAF3A10E8379D6A07,BCPI_SCHOOL_DIVISION_COMPOSITE,PR_59,British Columbia,2021S0503933,43.557769,"Index, 2023=100",2000-01-01,2000-03-31,STATCAN_BCPI_18100289,inferred,2000-03-31,TR_AIIO_BCPI_PROVINCE_LINKED_CMA_BACKCAST_0_1,province_linked_cma_backcast;not_official_provincial_observation;reference_cma=CMA_933;anchor_period=2017-03-31
OBS_BCPI_BACKCAST_BC6CDF4D28AF39EA1117,BCPI_SCHOOL_DIVISION_COMPOSITE,PR_59,British Columbia,2021S0503933,43.858167,"Index, 2023=100",2000-04-01,2000-06-30,STATCAN_BCPI_18100289,inferred,2000-06-30,TR_AIIO_BCPI_PROVINCE_LINKED_CMA_BACKCAST_0_1,province_linked_cma_backcast;not_official_provincial_observation;reference_cma=CMA_933;anchor_period=2017-03-31
OBS_BCPI_BACKCAST_3613C6DE834BA0BB12D3,BCPI_SCHOOL_DIVISION_COMPOSITE,PR_59,British Columbia,2021S0503933,44.058433,"Index, 2023=100",2000-07-01,2000-09-30,STATCAN_BCPI_18100289,inferred,2000-09-30,TR_AIIO_BCPI_PROVINCE_LINKED_CMA_BACKCAST_0_1,province_linked_cma_backcast;not_official_provincial_observation;reference_cma=CMA_933;anchor_period=2017-03-31
OBS_BCPI_BACKCAST_AADCF630DEAF6950C91C,BCPI_SCHOOL_DIVISION_COMPOSITE,PR_59,British Columbia,2021S0503933,44.258699,"Index, 2023=100",2000-10-01,2000-12-31,STATCAN_BCPI_18100289,inferred,2000-12-31,TR_AIIO_BCPI_PROVINCE_LINKED_CMA_BACKCAST_0_1,province_linked_cma_backcast;not_official_provincial_observation;reference_cma=CMA_933;anchor_period=2017-03-31
OBS_BCPI_BACKCAST_DEA4F27D0C68359EFB8D,BCPI_SCHOOL_DIVISION_COMPOSITE,PR_59,British Columbia,2021S0503933,44.358831,"Index, 2023=100",2001-01-01,2001-03-31,STATCAN_BCPI_18100289,inferred,2001-03-31,TR_AIIO_BCPI_PROVINCE_LINKED_CMA_BACKCAST_0_1,province_linked_cma_backcast;not_official_provincial_observation;reference_cma=CMA_933;anchor_period=2017-03-31
OBS_BCPI_BACKCAST_09F7FEC992C963BCDEB4,BCPI_SCHOOL_DIVISION_COMPOSITE,PR_59,British Columbia,2021S0503933,44.559097,"Index, 2023=100",2001-04-01,2001-06-30,STATCAN_BCPI_18100289,inferred,2001-06-30,TR_AIIO_BCPI_PROVINCE_LINKED_CMA_BACKCAST_0_1,province_linked_cma_backcast;not_official_provincial_observation;reference_cma=CMA_933;anchor_period=2017-03-31
OBS_BCPI_BACKCAST_EC949D75D9F87E850FF3,BCPI_SCHOOL_DIVISION_COMPOSITE,PR_59,British Columbia,2021S0503933,44.65923,"Index, 2023=100",2001-07-01,2001-09-30,STATCAN_BCPI_18100289,inferred,2001-09-30,TR_AIIO_BCPI_PROVINCE_LINKED_CMA_BACKCAST_0_1,province_linked_cma_backcast;not_official_provincial_observation;reference_cma=CMA_933;anchor_period=2017-03-31
OBS_BCPI_BACKCAST_7BFC3FE3C27DFCCAA011,BCPI_SCHOOL_DIVISION_COMPOSITE,PR_59,British Columbia,2021S0503933,44.759363,"Index, 2023=100",2001-10-01,2001-12-31,STATCAN_BCPI_18100289,inferred,2001-12-31,TR_AIIO_BCPI_PROVINCE_LINKED_CMA_BACKCAST_0_1,province_linked_cma_backcast;not_official_provincial_observation;reference_cma=CMA_933;anchor_period=2017-03-31
OBS_BCPI_BACKCAST_2CF1C3291C61494E9BE6,BCPI_SCHOOL_DIVISION_COMPOSITE,PR_59,British Columbia,2021S0503933,44.859495,"Index, 2023=100",2002-01-01,2002-03-31,STATCAN_BCPI_18100289,inferred,2002-03-31,TR_AIIO_BCPI_PROVINCE_LINKED_CMA_BACKCAST_0_1,province_linked_cma_backcast;not_official_provincial_observation;reference_cma=CMA_933;anchor_period=2017-03-31
OBS_BCPI_BACKCAST_4CA7A7C6D4F10C5F4034,BCPI_SCHOOL_DIVISION_COMPOSITE,PR_59,British Columbia,2021S0503933,44.959628,"Index, 2023=100",2002-04-01,2002-06-30,STATCAN_BCPI_18100289,inferred,2002-06-30,TR_AIIO_BCPI_PROVINCE_LINKED_CMA_BACKCAST_0_1,province_linked_cma_backcast;not_official_provincial_observation;reference_cma=CMA_933;anchor_period=2017-03-31
OBS_BCPI_BACKCAST_9EC83A9FB778A8604C88,BCPI_SCHOOL_DIVISION_COMPOSITE,PR_59,British Columbia,2021S0503933,45.159894,"Index, 2023=100",2002-07-01,2002-09-30,STATCAN_BCPI_18100289,inferred,2002-09-30,TR_AIIO_BCPI_PROVINCE_LINKED_CMA_BACKCAST_0_1,province_linked_cma_backcast;not_official_provincial_observation;reference_cma=CMA_933;anchor_period=2017-03-31
OBS_BCPI_BACKCAST_0FD78D515D3CB5BEE005,BCPI_SCHOOL_DIVISION_COMPOSITE,PR_59,British Columbia,2021S0503933,45.159894,"Index, 2023=100",2002-10-01,2002-12-31,STATCAN_BCPI_18100289,inferred,2002-12-31,TR_AIIO_BCPI_PROVINCE_LINKED_CMA_BACKCAST_0_1,province_linked_cma_backcast;not_official_provincial_observation;reference_cma=CMA_933;anchor_period=2017-03-31
OBS_BCPI_BACKCAST_5AC2891B5EAA6AF0CAEA,BCPI_SCHOOL_DIVISION_COMPOSITE,PR_59,British Columbia,2021S0503933,45.460292,"Index, 2023=100",2003-01-01,2003-03-31,STATCAN_BCPI_18100289,inferred,2003-03-31,TR_AIIO_BCPI_PROVINCE_LINKED_CMA_BACKCAST_0_1,province_linked_cma_backcast;not_official_provincial_observation;reference_cma=CMA_933;anchor_period=2017-03-31
OBS_BCPI_BACKCAST_FC143C4698F74694D25E,BCPI_SCHOOL_DIVISION_COMPOSITE,PR_59,British Columbia,2021S0503933,45.460292,"Index, 2023=100",2003-04-01,2003-06-30,STATCAN_BCPI_18100289,inferred,2003-06-30,TR_AIIO_BCPI_PROVINCE_LINKED_CMA_BACKCAST_0_1,province_linked_cma_backcast;not_official_provincial_observation;reference_cma=CMA_933;anchor_period=2017-03-31
OBS_BCPI_BACKCAST_E19DF1A1433B9B9596CD,BCPI_SCHOOL_DIVISION_COMPOSITE,PR_59,British Columbia,2021S0503933,45.960956,"Index, 2023=100",2003-07-01,2003-09-30,STATCAN_BCPI_18100289,inferred,2003-09-30,TR_AIIO_BCPI_PROVINCE_LINKED_CMA_BACKCAST_0_1,province_linked_cma_backcast;not_official_provincial_observation;reference_cma=CMA_933;anchor_period=2017-03-31
OBS_BCPI_BACKCAST_2BE31B0D0E983567F598,BCPI_SCHOOL_DIVISION_COMPOSITE,PR_59,British Columbia,2021S0503933,46.261355,"Index, 2023=100",2003-10-01,2003-12-31,STATCAN_BCPI_18100289,inferred,2003-12-31,TR_AIIO_BCPI_PROVINCE_LINKED_CMA_BACKCAST_0_1,province_linked_cma_backcast;not_official_provincial_observation;reference_cma=CMA_933;anchor_period=2017-03-31
OBS_BCPI_BACKCAST_5F0B8F71B31AE2DB9943,BCPI_SCHOOL_DIVISION_COMPOSITE,PR_59,British Columbia,2021S0503933,47.763347,"Index, 2023=100",2004-01-01,2004-03-31,STATCAN_BCPI_18100289,inferred,2004-03-31,TR_AIIO_BCPI_PROVINCE_LINKED_CMA_BACKCAST_0_1,province_linked_cma_backcast;not_official_provincial_observation;reference_cma=CMA_933;anchor_period=2017-03-31
OBS_BCPI_BACKCAST_4120DAC4C36470B3C63C,BCPI_SCHOOL_DIVISION_COMPOSITE,PR_59,British Columbia,2021S0503933,48.96494,"Index, 2023=100",2004-04-01,2004-06-30,STATCAN_BCPI_18100289,inferred,2004-06-30,TR_AIIO_BCPI_PROVINCE_LINKED_CMA_BACKCAST_0_1,province_linked_cma_backcast;not_official_provincial_observation;reference_cma=CMA_933;anchor_period=2017-03-31
OBS_BCPI_BACKCAST_D83F7824CF6B0C8BAD1D,BCPI_SCHOOL_DIVISION_COMPOSITE,PR_59,British Columbia,2021S0503933,50.667198,"Index, 2023=100",2004-07-01,2004-09-30,STATCAN_BCPI_18100289,inferred,2004-09-30,TR_AIIO_BCPI_PROVINCE_LINKED_CMA_BACKCAST_0_1,province_linked_cma_backcast;not_official_provincial_observation;reference_cma=CMA_933;anchor_period=2017-03-31
OBS_BCPI_BACKCAST_040F6CDA0BF588830997,BCPI_SCHOOL_DIVISION_COMPOSITE,PR_59,British Columbia,2021S0503933,51.267995,"Index, 2023=100",2004-10-01,2004-12-31,STATCAN_BCPI_18100289,inferred,2004-12-31,TR_AIIO_BCPI_PROVINCE_LINKED_CMA_BACKCAST_0_1,province_linked_cma_backcast;not_official_provincial_observation;reference_cma=CMA_933;anchor_period=2017-03-31
OBS_BCPI_BACKCAST_685D6C7CE3DF11081F28,BCPI_SCHOOL_DIVISION_COMPOSITE,PR_59,British Columbia,2021S0503933,51.768659,"Index, 2023=100",2005-01-01,2005-03-31,STATCAN_BCPI_18100289,inferred,2005-03-31,TR_AIIO_BCPI_PROVINCE_LINKED_CMA_BACKCAST_0_1,province_linked_cma_backcast;not_official_provincial_observation;reference_cma=CMA_933;anchor_period=2017-03-31
OBS_BCPI_BACKCAST_1A3995B6295027B30CB9,BCPI_SCHOOL_DIVISION_COMPOSITE,PR_59,British Columbia,2021S0503933,53.070385,"Index, 2023=100",2005-04-01,2005-06-30,STATCAN_BCPI_18100289,inferred,2005-06-30,TR_AIIO_BCPI_PROVINCE_LINKED_CMA_BACKCAST_0_1,province_linked_cma_backcast;not_official_provincial_observation;reference_cma=CMA_933;anchor_period=2017-03-31
OBS_BCPI_BACKCAST_50C229A4C5F88A0FC551,BCPI_SCHOOL_DIVISION_COMPOSITE,PR_59,British Columbia,2021S0503933,54.071713,"Index, 2023=100",2005-07-01,2005-09-30,STATCAN_BCPI_18100289,inferred,2005-09-30,TR_AIIO_BCPI_PROVINCE_LINKED_CMA_BACKCAST_0_1,province_linked_cma_backcast;not_official_provincial_observation;reference_cma=CMA_933;anchor_period=2017-03-31
OBS_BCPI_BACKCAST_73B50D33652403B088F3,BCPI_SCHOOL_DIVISION_COMPOSITE,PR_59,British Columbia,2021S0503933,55.073041,"Index, 2023=100",2005-10-01,2005-12-31,STATCAN_BCPI_18100289,inferred,2005-12-31,TR_AIIO_BCPI_PROVINCE_LINKED_CMA_BACKCAST_0_1,province_linked_cma_backcast;not_official_provincial_observation;reference_cma=CMA_933;anchor_period=2017-03-31
OBS_BCPI_BACKCAST_47989EDB43511EEEF18F,BCPI_SCHOOL_DIVISION_COMPOSITE,PR_59,British Columbia,2021S0503933,55.974236,"Index, 2023=100",2006-01-01,2006-03-31,STATCAN_BCPI_18100289,inferred,2006-03-31,TR_AIIO_BCPI_PROVINCE_LINKED_CMA_BACKCAST_0_1,province_linked_cma_backcast;not_official_provincial_observation;reference_cma=CMA_933;anchor_period=2017-03-31
OBS_BCPI_BACKCAST_A4395633D47AD04E919B,BCPI_SCHOOL_DIVISION_COMPOSITE,PR_59,British Columbia,2021S0503933,57.976892,"Index, 2023=100",2006-04-01,2006-06-30,STATCAN_BCPI_18100289,inferred,2006-06-30,TR_AIIO_BCPI_PROVINCE_LINKED_CMA_BACKCAST_0_1,province_linked_cma_backcast;not_official_provincial_observation;reference_cma=CMA_933;anchor_period=2017-03-31
OBS_BCPI_BACKCAST_B869A4AF4AC208266C58,BCPI_SCHOOL_DIVISION_COMPOSITE,PR_59,British Columbia,2021S0503933,59.779283,"Index, 2023=100",2006-07-01,2006-09-30,STATCAN_BCPI_18100289,inferred,2006-09-30,TR_AIIO_BCPI_PROVINCE_LINKED_CMA_BACKCAST_0_1,province_linked_cma_backcast;not_official_provincial_observation;reference_cma=CMA_933;anchor_period=2017-03-31
OBS_BCPI_BACKCAST_E345123FD0AC40D3F1C0,BCPI_SCHOOL_DIVISION_COMPOSITE,PR_59,British Columbia,2021S0503933,61.982205,"Index, 2023=100",2006-10-01,2006-12-31,STATCAN_BCPI_18100289,inferred,2006-12-31,TR_AIIO_BCPI_PROVINCE_LINKED_CMA_BACKCAST_0_1,province_linked_cma_backcast;not_official_provincial_observation;reference_cma=CMA_933;anchor_period=2017-03-31
OBS_BCPI_BACKCAST_DEE411F3712EBC188747,BCPI_SCHOOL_DIVISION_COMPOSITE,PR_59,British Columbia,2021S0503933,63.384064,"Index, 2023=100",2007-01-01,2007-03-31,STATCAN_BCPI_18100289,inferred,2007-03-31,TR_AIIO_BCPI_PROVINCE_LINKED_CMA_BACKCAST_0_1,province_linked_cma_backcast;not_official_provincial_observation;reference_cma=CMA_933;anchor_period=2017-03-31
OBS_BCPI_BACKCAST_EA1F2CADAC076E57358C,BCPI_SCHOOL_DIVISION_COMPOSITE,PR_59,British Columbia,2021S0503933,65.687118,"Index, 2023=100",2007-04-01,2007-06-30,STATCAN_BCPI_18100289,inferred,2007-06-30,TR_AIIO_BCPI_PROVINCE_LINKED_CMA_BACKCAST_0_1,province_linked_cma_backcast;not_official_provincial_observation;reference_cma=CMA_933;anchor_period=2017-03-31
OBS_BCPI_BACKCAST_CAF4245C29706C35FF42,BCPI_SCHOOL_DIVISION_COMPOSITE,PR_59,British Columbia,2021S0503933,67.389376,"Index, 2023=100",2007-07-01,2007-09-30,STATCAN_BCPI_18100289,inferred,2007-09-30,TR_AIIO_BCPI_PROVINCE_LINKED_CMA_BACKCAST_0_1,province_linked_cma_backcast;not_official_provincial_observation;reference_cma=CMA_933;anchor_period=2017-03-31
OBS_BCPI_BACKCAST_55932463F8D29C22DE0C,BCPI_SCHOOL_DIVISION_COMPOSITE,PR_59,British Columbia,2021S0503933,67.990173,"Index, 2023=100",2007-10-01,2007-12-31,STATCAN_BCPI_18100289,inferred,2007-12-31,TR_AIIO_BCPI_PROVINCE_LINKED_CMA_BACKCAST_0_1,province_linked_cma_backcast;not_official_provincial_observation;reference_cma=CMA_933;anchor_period=2017-03-31
OBS_BCPI_BACKCAST_6241DABBAF97A951434F,BCPI_SCHOOL_DIVISION_COMPOSITE,PR_59,British Columbia,2021S0503933,69.191766,"Index, 2023=100",2008-01-01,2008-03-31,STATCAN_BCPI_18100289,inferred,2008-03-31,TR_AIIO_BCPI_PROVINCE_LINKED_CMA_BACKCAST_0_1,province_linked_cma_backcast;not_official_provincial_observation;reference_cma=CMA_933;anchor_period=2017-03-31
OBS_BCPI_BACKCAST_B61A0E867063CA6262A2,BCPI_SCHOOL_DIVISION_COMPOSITE,PR_59,British Columbia,2021S0503933,72.796547,"Index, 2023=100",2008-04-01,2008-06-30,STATCAN_BCPI_18100289,inferred,2008-06-30,TR_AIIO_BCPI_PROVINCE_LINKED_CMA_BACKCAST_0_1,province_linked_cma_backcast;not_official_provincial_observation;reference_cma=CMA_933;anchor_period=2017-03-31
OBS_BCPI_BACKCAST_1DE192EB1164F3D30E61,BCPI_SCHOOL_DIVISION_COMPOSITE,PR_59,British Columbia,2021S0503933,74.098274,"Index, 2023=100",2008-07-01,2008-09-30,STATCAN_BCPI_18100289,inferred,2008-09-30,TR_AIIO_BCPI_PROVINCE_LINKED_CMA_BACKCAST_0_1,province_linked_cma_backcast;not_official_provincial_observation;reference_cma=CMA_933;anchor_period=2017-03-31
OBS_BCPI_BACKCAST_9530517CA87F095DD185,BCPI_SCHOOL_DIVISION_COMPOSITE,PR_59,British Columbia,2021S0503933,70.894024,"Index, 2023=100",2008-10-01,2008-12-31,STATCAN_BCPI_18100289,inferred,2008-12-31,TR_AIIO_BCPI_PROVINCE_LINKED_CMA_BACKCAST_0_1,province_linked_cma_backcast;not_official_provincial_observation;reference_cma=CMA_933;anchor_period=2017-03-31
OBS_BCPI_BACKCAST_46D3C7CE1B6423AC1C5A,BCPI_SCHOOL_DIVISION_COMPOSITE,PR_59,British Columbia,2021S0503933,64.485525,"Index, 2023=100",2009-01-01,2009-03-31,STATCAN_BCPI_18100289,inferred,2009-03-31,TR_AIIO_BCPI_PROVINCE_LINKED_CMA_BACKCAST_0_1,province_linked_cma_backcast;not_official_provincial_observation;reference_cma=CMA_933;anchor_period=2017-03-31
OBS_BCPI_BACKCAST_C929452BEDB53470A08D,BCPI_SCHOOL_DIVISION_COMPOSITE,PR_59,British Columbia,2021S0503933,63.884728,"Index, 2023=100",2009-04-01,2009-06-30,STATCAN_BCPI_18100289,inferred,2009-06-30,TR_AIIO_BCPI_PROVINCE_LINKED_CMA_BACKCAST_0_1,province_linked_cma_backcast;not_official_provincial_observation;reference_cma=CMA_933;anchor_period=2017-03-31
OBS_BCPI_BACKCAST_96B92422074BC5CA6D7D,BCPI_SCHOOL_DIVISION_COMPOSITE,PR_59,British Columbia,2021S0503933,61.681806,"Index, 2023=100",2009-07-01,2009-09-30,STATCAN_BCPI_18100289,inferred,2009-09-30,TR_AIIO_BCPI_PROVINCE_LINKED_CMA_BACKCAST_0_1,province_linked_cma_backcast;not_official_provincial_observation;reference_cma=CMA_933;anchor_period=2017-03-31
OBS_BCPI_BACKCAST_4840975B4B582E20D9F8,BCPI_SCHOOL_DIVISION_COMPOSITE,PR_59,British Columbia,2021S0503933,61.581673,"Index, 2023=100",2009-10-01,2009-12-31,STATCAN_BCPI_18100289,inferred,2009-12-31,TR_AIIO_BCPI_PROVINCE_LINKED_CMA_BACKCAST_0_1,province_linked_cma_backcast;not_official_provincial_observation;reference_cma=CMA_933;anchor_period=2017-03-31
OBS_BCPI_BACKCAST_11B24F74EF689A8A40C2,BCPI_SCHOOL_DIVISION_COMPOSITE,PR_59,British Columbia,2021S0503933,61.181142,"Index, 2023=100",2010-01-01,2010-03-31,STATCAN_BCPI_18100289,inferred,2010-03-31,TR_AIIO_BCPI_PROVINCE_LINKED_CMA_BACKCAST_0_1,province_linked_cma_backcast;not_official_provincial_observation;reference_cma=CMA_933;anchor_period=2017-03-31
OBS_BCPI_BACKCAST_5DBC3DA6E455626AA33A,BCPI_SCHOOL_DIVISION_COMPOSITE,PR_59,British Columbia,2021S0503933,62.082337,"Index, 2023=100",2010-04-01,2010-06-30,STATCAN_BCPI_18100289,inferred,2010-06-30,TR_AIIO_BCPI_PROVINCE_LINKED_CMA_BACKCAST_0_1,province_linked_cma_backcast;not_official_provincial_observation;reference_cma=CMA_933;anchor_period=2017-03-31
OBS_BCPI_BACKCAST_F6671D38BB2FE4ACEA71,BCPI_SCHOOL_DIVISION_COMPOSITE,PR_59,British Columbia,2021S0503933,62.282603,"Index, 2023=100",2010-07-01,2010-09-30,STATCAN_BCPI_18100289,inferred,2010-09-30,TR_AIIO_BCPI_PROVINCE_LINKED_CMA_BACKCAST_0_1,province_linked_cma_backcast;not_official_provincial_observation;reference_cma=CMA_933;anchor_period=2017-03-31
OBS_BCPI_BACKCAST_067507B702213FECE026,BCPI_SCHOOL_DIVISION_COMPOSITE,PR_59,British Columbia,2021S0503933,62.683134,"Index, 2023=100",2010-10-01,2010-12-31,STATCAN_BCPI_18100289,inferred,2010-12-31,TR_AIIO_BCPI_PROVINCE_LINKED_CMA_BACKCAST_0_1,province_linked_cma_backcast;not_official_provincial_observation;reference_cma=CMA_933;anchor_period=2017-03-31
OBS_BCPI_BACKCAST_1E64F53F5E2EC991AF78,BCPI_SCHOOL_DIVISION_COMPOSITE,PR_59,British Columbia,2021S0503933,63.484197,"Index, 2023=100",2011-01-01,2011-03-31,STATCAN_BCPI_18100289,inferred,2011-03-31,TR_AIIO_BCPI_PROVINCE_LINKED_CMA_BACKCAST_0_1,province_linked_cma_backcast;not_official_provincial_observation;reference_cma=CMA_933;anchor_period=2017-03-31
OBS_BCPI_BACKCAST_5751F91A3FA150C45D35,BCPI_SCHOOL_DIVISION_COMPOSITE,PR_59,British Columbia,2021S0503933,64.285259,"Index, 2023=100",2011-04-01,2011-06-30,STATCAN_BCPI_18100289,inferred,2011-06-30,TR_AIIO_BCPI_PROVINCE_LINKED_CMA_BACKCAST_0_1,province_linked_cma_backcast;not_official_provincial_observation;reference_cma=CMA_933;anchor_period=2017-03-31
OBS_BCPI_BACKCAST_AEB41145650B29941B96,BCPI_SCHOOL_DIVISION_COMPOSITE,PR_59,British Columbia,2021S0503933,64.68579,"Index, 2023=100",2011-07-01,2011-09-30,STATCAN_BCPI_18100289,inferred,2011-09-30,TR_AIIO_BCPI_PROVINCE_LINKED_CMA_BACKCAST_0_1,province_linked_cma_backcast;not_official_provincial_observation;reference_cma=CMA_933;anchor_period=2017-03-31
OBS_BCPI_BACKCAST_6F1DE606273C2036817F,BCPI_SCHOOL_DIVISION_COMPOSITE,PR_59,British Columbia,2021S0503933,65.186454,"Index, 2023=100",2011-10-01,2011-12-31,STATCAN_BCPI_18100289,inferred,2011-12-31,TR_AIIO_BCPI_PROVINCE_LINKED_CMA_BACKCAST_0_1,province_linked_cma_backcast;not_official_provincial_observation;reference_cma=CMA_933;anchor_period=2017-03-31
OBS_BCPI_BACKCAST_AB9D619E60ED8E9A9162,BCPI_SCHOOL_DIVISION_COMPOSITE,PR_59,British Columbia,2021S0503933,66.087649,"Index, 2023=100",2012-01-01,2012-03-31,STATCAN_BCPI_18100289,inferred,2012-03-31,TR_AIIO_BCPI_PROVINCE_LINKED_CMA_BACKCAST_0_1,province_linked_cma_backcast;not_official_provincial_observation;reference_cma=CMA_933;anchor_period=2017-03-31
OBS_BCPI_BACKCAST_F5FCB7852BF6A9391900,BCPI_SCHOOL_DIVISION_COMPOSITE,PR_59,British Columbia,2021S0503933,66.688446,"Index, 2023=100",2012-04-01,2012-06-30,STATCAN_BCPI_18100289,inferred,2012-06-30,TR_AIIO_BCPI_PROVINCE_LINKED_CMA_BACKCAST_0_1,province_linked_cma_backcast;not_official_provincial_observation;reference_cma=CMA_933;anchor_period=2017-03-31
OBS_BCPI_BACKCAST_F83AB6D097EE7C3EF332,BCPI_SCHOOL_DIVISION_COMPOSITE,PR_59,British Columbia,2021S0503933,66.688446,"Index, 2023=100",2012-07-01,2012-09-30,STATCAN_BCPI_18100289,inferred,2012-09-30,TR_AIIO_BCPI_PROVINCE_LINKED_CMA_BACKCAST_0_1,province_linked_cma_backcast;not_official_provincial_observation;reference_cma=CMA_933;anchor_period=2017-03-31
OBS_BCPI_BACKCAST_1BC696686E7CC8D8EE19,BCPI_SCHOOL_DIVISION_COMPOSITE,PR_59,British Columbia,2021S0503933,66.888712,"Index, 2023=100",2012-10-01,2012-12-31,STATCAN_BCPI_18100289,inferred,2012-12-31,TR_AIIO_BCPI_PROVINCE_LINKED_CMA_BACKCAST_0_1,province_linked_cma_backcast;not_official_provincial_observation;reference_cma=CMA_933;anchor_period=2017-03-31
OBS_BCPI_BACKCAST_F5A0923FDDF4BE4DCE48,BCPI_SCHOOL_DIVISION_COMPOSITE,PR_59,British Columbia,2021S0503933,66.788579,"Index, 2023=100",2013-01-01,2013-03-31,STATCAN_BCPI_18100289,inferred,2013-03-31,TR_AIIO_BCPI_PROVINCE_LINKED_CMA_BACKCAST_0_1,province_linked_cma_backcast;not_official_provincial_observation;reference_cma=CMA_933;anchor_period=2017-03-31
OBS_BCPI_BACKCAST_49BB24AEFC73894BFB89,BCPI_SCHOOL_DIVISION_COMPOSITE,PR_59,British Columbia,2021S0503933,68.691102,"Index, 2023=100",2013-04-01,2013-06-30,STATCAN_BCPI_18100289,inferred,2013-06-30,TR_AIIO_BCPI_PROVINCE_LINKED_CMA_BACKCAST_0_1,province_linked_cma_backcast;not_official_provincial_observation;reference_cma=CMA_933;anchor_period=2017-03-31
OBS_BCPI_BACKCAST_DD0B58E280A21DF99FBD,BCPI_SCHOOL_DIVISION_COMPOSITE,PR_59,British Columbia,2021S0503933,68.791235,"Index, 2023=100",2013-07-01,2013-09-30,STATCAN_BCPI_18100289,inferred,2013-09-30,TR_AIIO_BCPI_PROVINCE_LINKED_CMA_BACKCAST_0_1,province_linked_cma_backcast;not_official_provincial_observation;reference_cma=CMA_933;anchor_period=2017-03-31
OBS_BCPI_BACKCAST_917C4D053E231058F29D,BCPI_SCHOOL_DIVISION_COMPOSITE,PR_59,British Columbia,2021S0503933,68.791235,"Index, 2023=100",2013-10-01,2013-12-31,STATCAN_BCPI_18100289,inferred,2013-12-31,TR_AIIO_BCPI_PROVINCE_LINKED_CMA_BACKCAST_0_1,province_linked_cma_backcast;not_official_provincial_observation;reference_cma=CMA_933;anchor_period=2017-03-31
OBS_BCPI_BACKCAST_05684A834E98E8D7BAB5,BCPI_SCHOOL_DIVISION_COMPOSITE,PR_59,British Columbia,2021S0503933,69.091633,"Index, 2023=100",2014-01-01,2014-03-31,STATCAN_BCPI_18100289,inferred,2014-03-31,TR_AIIO_BCPI_PROVINCE_LINKED_CMA_BACKCAST_0_1,province_linked_cma_backcast;not_official_provincial_observation;reference_cma=CMA_933;anchor_period=2017-03-31
OBS_BCPI_BACKCAST_C91518FD7C8A6A248F83,BCPI_SCHOOL_DIVISION_COMPOSITE,PR_59,British Columbia,2021S0503933,69.492165,"Index, 2023=100",2014-04-01,2014-06-30,STATCAN_BCPI_18100289,inferred,2014-06-30,TR_AIIO_BCPI_PROVINCE_LINKED_CMA_BACKCAST_0_1,province_linked_cma_backcast;not_official_provincial_observation;reference_cma=CMA_933;anchor_period=2017-03-31
OBS_BCPI_BACKCAST_C8019614E7E17346D38C,BCPI_SCHOOL_DIVISION_COMPOSITE,PR_59,British Columbia,2021S0503933,69.892696,"Index, 2023=100",2014-07-01,2014-09-30,STATCAN_BCPI_18100289,inferred,2014-09-30,TR_AIIO_BCPI_PROVINCE_LINKED_CMA_BACKCAST_0_1,province_linked_cma_backcast;not_official_provincial_observation;reference_cma=CMA_933;anchor_period=2017-03-31
OBS_BCPI_BACKCAST_78CCBC480EE9C82514E7,BCPI_SCHOOL_DIVISION_COMPOSITE,PR_59,British Columbia,2021S0503933,69.69243,"Index, 2023=100",2014-10-01,2014-12-31,STATCAN_BCPI_18100289,inferred,2014-12-31,TR_AIIO_BCPI_PROVINCE_LINKED_CMA_BACKCAST_0_1,province_linked_cma_backcast;not_official_provincial_observation;reference_cma=CMA_933;anchor_period=2017-03-31
OBS_BCPI_BACKCAST_C2156D112F8C656A4A58,BCPI_SCHOOL_DIVISION_COMPOSITE,PR_59,British Columbia,2021S0503933,70.193094,"Index, 2023=100",2015-01-01,2015-03-31,STATCAN_BCPI_18100289,inferred,2015-03-31,TR_AIIO_BCPI_PROVINCE_LINKED_CMA_BACKCAST_0_1,province_linked_cma_backcast;not_official_provincial_observation;reference_cma=CMA_933;anchor_period=2017-03-31
OBS_BCPI_BACKCAST_02A08D97043D3309B316,BCPI_SCHOOL_DIVISION_COMPOSITE,PR_59,British Columbia,2021S0503933,70.593625,"Index, 2023=100",2015-04-01,2015-06-30,STATCAN_BCPI_18100289,inferred,2015-06-30,TR_AIIO_BCPI_PROVINCE_LINKED_CMA_BACKCAST_0_1,province_linked_cma_backcast;not_official_provincial_observation;reference_cma=CMA_933;anchor_period=2017-03-31
OBS_BCPI_BACKCAST_8B10A27BBAEFB5D9344C,BCPI_SCHOOL_DIVISION_COMPOSITE,PR_59,British Columbia,2021S0503933,70.793891,"Index, 2023=100",2015-07-01,2015-09-30,STATCAN_BCPI_18100289,inferred,2015-09-30,TR_AIIO_BCPI_PROVINCE_LINKED_CMA_BACKCAST_0_1,province_linked_cma_backcast;not_official_provincial_observation;reference_cma=CMA_933;anchor_period=2017-03-31
OBS_BCPI_BACKCAST_8404C2C5FB0379EDAC5E,BCPI_SCHOOL_DIVISION_COMPOSITE,PR_59,British Columbia,2021S0503933,70.693758,"Index, 2023=100",2015-10-01,2015-12-31,STATCAN_BCPI_18100289,inferred,2015-12-31,TR_AIIO_BCPI_PROVINCE_LINKED_CMA_BACKCAST_0_1,province_linked_cma_backcast;not_official_provincial_observation;reference_cma=CMA_933;anchor_period=2017-03-31
OBS_BCPI_BACKCAST_673BF0E342F2551A691B,BCPI_SCHOOL_DIVISION_COMPOSITE,PR_59,British Columbia,2021S0503933,71.494821,"Index, 2023=100",2016-01-01,2016-03-31,STATCAN_BCPI_18100289,inferred,2016-03-31,TR_AIIO_BCPI_PROVINCE_LINKED_CMA_BACKCAST_0_1,province_linked_cma_backcast;not_official_provincial_observation;reference_cma=CMA_933;anchor_period=2017-03-31
OBS_BCPI_BACKCAST_6D307B02C8299CB54A75,BCPI_SCHOOL_DIVISION_COMPOSITE,PR_59,British Columbia,2021S0503933,72.396016,"Index, 2023=100",2016-04-01,2016-06-30,STATCAN_BCPI_18100289,inferred,2016-06-30,TR_AIIO_BCPI_PROVINCE_LINKED_CMA_BACKCAST_0_1,province_linked_cma_backcast;not_official_provincial_observation;reference_cma=CMA_933;anchor_period=2017-03-31
OBS_BCPI_BACKCAST_E21CEAF6153487B6366A,BCPI_SCHOOL_DIVISION_COMPOSITE,PR_59,British Columbia,2021S0503933,73.297211,"Index, 2023=100",2016-07-01,2016-09-30,STATCAN_BCPI_18100289,inferred,2016-09-30,TR_AIIO_BCPI_PROVINCE_LINKED_CMA_BACKCAST_0_1,province_linked_cma_backcast;not_official_provincial_observation;reference_cma=CMA_933;anchor_period=2017-03-31
OBS_BCPI_BACKCAST_149F9EF37547DAF581DC,BCPI_SCHOOL_DIVISION_COMPOSITE,PR_59,British Columbia,2021S0503933,74.098274,"Index, 2023=100",2016-10-01,2016-12-31,STATCAN_BCPI_18100289,inferred,2016-12-31,TR_AIIO_BCPI_PROVINCE_LINKED_CMA_BACKCAST_0_1,province_linked_cma_backcast;not_official_provincial_observation;reference_cma=CMA_933;anchor_period=2017-03-31
OBS_BCPI_22A232E37AAE6FC49FEA,BCPI_SCHOOL_DIVISION_COMPOSITE,PR_59,British Columbia,2021A000259,75.4,"Index, 2023=100",2017-01-01,2017-03-31,STATCAN_BCPI_18100289,observed,2017-03-31,TR_STATCAN_BCPI_BC_ON_QC_REFERENCE_CLASSES_1_0_0,
OBS_BCPI_5FB8A0143B175CF48D12,BCPI_SCHOOL_DIVISION_COMPOSITE,PR_59,British Columbia,2021A000259,76.3,"Index, 2023=100",2017-04-01,2017-06-30,STATCAN_BCPI_18100289,observed,2017-06-30,TR_STATCAN_BCPI_BC_ON_QC_REFERENCE_CLASSES_1_0_0,
OBS_BCPI_935BC0386E2A3C4C600B,BCPI_SCHOOL_DIVISION_COMPOSITE,PR_59,British Columbia,2021A000259,77.0,"Index, 2023=100",2017-07-01,2017-09-30,STATCAN_BCPI_18100289,observed,2017-09-30,TR_STATCAN_BCPI_BC_ON_QC_REFERENCE_CLASSES_1_0_0,
OBS_BCPI_075462ADC5E420B7839F,BCPI_SCHOOL_DIVISION_COMPOSITE,PR_59,British Columbia,2021A000259,78.0,"Index, 2023=100",2017-10-01,2017-12-31,STATCAN_BCPI_18100289,observed,2017-12-31,TR_STATCAN_BCPI_BC_ON_QC_REFERENCE_CLASSES_1_0_0,
OBS_BCPI_D18A78DD7887E71A81E2,BCPI_SCHOOL_DIVISION_COMPOSITE,PR_59,British Columbia,2021A000259,78.8,"Index, 2023=100",2018-01-01,2018-03-31,STATCAN_BCPI_18100289,observed,2018-03-31,TR_STATCAN_BCPI_BC_ON_QC_REFERENCE_CLASSES_1_0_0,
OBS_BCPI_F31800801198B1170A82,BCPI_SCHOOL_DIVISION_COMPOSITE,PR_59,British Columbia,2021A000259,79.7,"Index, 2023=100",2018-04-01,2018-06-30,STATCAN_BCPI_18100289,observed,2018-06-30,TR_STATCAN_BCPI_BC_ON_QC_REFERENCE_CLASSES_1_0_0,
OBS_BCPI_00BCAEF9332BDC2F0779,BCPI_SCHOOL_DIVISION_COMPOSITE,PR_59,British Columbia,2021A000259,81.3,"Index, 2023=100",2018-07-01,2018-09-30,STATCAN_BCPI_18100289,observed,2018-09-30,TR_STATCAN_BCPI_BC_ON_QC_REFERENCE_CLASSES_1_0_0,
OBS_BCPI_E5CA664DD1FF4C07E4B5,BCPI_SCHOOL_DIVISION_COMPOSITE,PR_59,British Columbia,2021A000259,82.1,"Index, 2023=100",2018-10-01,2018-12-31,STATCAN_BCPI_18100289,observed,2018-12-31,TR_STATCAN_BCPI_BC_ON_QC_REFERENCE_CLASSES_1_0_0,
OBS_BCPI_E0C13CE75BBDDAE5D18B,BCPI_SCHOOL_DIVISION_COMPOSITE,PR_59,British Columbia,2021A000259,83.0,"Index, 2023=100",2019-01-01,2019-03-31,STATCAN_BCPI_18100289,observed,2019-03-31,TR_STATCAN_BCPI_BC_ON_QC_REFERENCE_CLASSES_1_0_0,
OBS_BCPI_4C6C9BFCB8D4D3A43741,BCPI_SCHOOL_DIVISION_COMPOSITE,PR_59,British Columbia,2021A000259,83.1,"Index, 2023=100",2019-04-01,2019-06-30,STATCAN_BCPI_18100289,observed,2019-06-30,TR_STATCAN_BCPI_BC_ON_QC_REFERENCE_CLASSES_1_0_0,
OBS_BCPI_3C72D37B0DE1BE7B5E08,BCPI_SCHOOL_DIVISION_COMPOSITE,PR_59,British Columbia,2021A000259,83.2,"Index, 2023=100",2019-07-01,2019-09-30,STATCAN_BCPI_18100289,observed,2019-09-30,TR_STATCAN_BCPI_BC_ON_QC_REFERENCE_CLASSES_1_0_0,
OBS_BCPI_6DE6CF50EA0E406BC8F1,BCPI_SCHOOL_DIVISION_COMPOSITE,PR_59,British Columbia,2021A000259,83.4,"Index, 2023=100",2019-10-01,2019-12-31,STATCAN_BCPI_18100289,observed,2019-12-31,TR_STATCAN_BCPI_BC_ON_QC_REFERENCE_CLASSES_1_0_0,
OBS_BCPI_EF97C9A0F57351C20AE9,BCPI_SCHOOL_DIVISION_COMPOSITE,PR_59,British Columbia,2021A000259,83.6,"Index, 2023=100",2020-01-01,2020-03-31,STATCAN_BCPI_18100289,observed,2020-03-31,TR_STATCAN_BCPI_BC_ON_QC_REFERENCE_CLASSES_1_0_0,
OBS_BCPI_75DECB0646162EEDA00D,BCPI_SCHOOL_DIVISION_COMPOSITE,PR_59,British Columbia,2021A000259,83.6,"Index, 2023=100",2020-04-01,2020-06-30,STATCAN_BCPI_18100289,observed,2020-06-30,TR_STATCAN_BCPI_BC_ON_QC_REFERENCE_CLASSES_1_0_0,
OBS_BCPI_16D41CE15C8AE67166CA,BCPI_SCHOOL_DIVISION_COMPOSITE,PR_59,British Columbia,2021A000259,83.7,"Index, 2023=100",2020-07-01,2020-09-30,STATCAN_BCPI_18100289,observed,2020-09-30,TR_STATCAN_BCPI_BC_ON_QC_REFERENCE_CLASSES_1_0_0,
OBS_BCPI_76E14925FBF7835F7EE0,BCPI_SCHOOL_DIVISION_COMPOSITE,PR_59,British Columbia,2021A000259,83.4,"Index, 2023=100",2020-10-01,2020-12-31,STATCAN_BCPI_18100289,observed,2020-12-31,TR_STATCAN_BCPI_BC_ON_QC_REFERENCE_CLASSES_1_0_0,
OBS_BCPI_FE3552E01BA39A8F3029,BCPI_SCHOOL_DIVISION_COMPOSITE,PR_59,British Columbia,2021A000259,83.9,"Index, 2023=100",2021-01-01,2021-03-31,STATCAN_BCPI_18100289,observed,2021-03-31,TR_STATCAN_BCPI_BC_ON_QC_REFERENCE_CLASSES_1_0_0,
OBS_BCPI_AA90752E291F4E140998,BCPI_SCHOOL_DIVISION_COMPOSITE,PR_59,British Columbia,2021A000259,85.7,"Index, 2023=100",2021-04-01,2021-06-30,STATCAN_BCPI_18100289,observed,2021-06-30,TR_STATCAN_BCPI_BC_ON_QC_REFERENCE_CLASSES_1_0_0,
OBS_BCPI_647B53E9FA5646644CF7,BCPI_SCHOOL_DIVISION_COMPOSITE,PR_59,British Columbia,2021A000259,87.2,"Index, 2023=100",2021-07-01,2021-09-30,STATCAN_BCPI_18100289,observed,2021-09-30,TR_STATCAN_BCPI_BC_ON_QC_REFERENCE_CLASSES_1_0_0,
OBS_BCPI_3E89001EE0A0194E3ACE,BCPI_SCHOOL_DIVISION_COMPOSITE,PR_59,British Columbia,2021A000259,88.7,"Index, 2023=100",2021-10-01,2021-12-31,STATCAN_BCPI_18100289,observed,2021-12-31,TR_STATCAN_BCPI_BC_ON_QC_REFERENCE_CLASSES_1_0_0,
OBS_BCPI_2669AEC3F2AB402576A5,BCPI_SCHOOL_DIVISION_COMPOSITE,PR_59,British Columbia,2021A000259,90.5,"Index, 2023=100",2022-01-01,2022-03-31,STATCAN_BCPI_18100289,observed,2022-03-31,TR_STATCAN_BCPI_BC_ON_QC_REFERENCE_CLASSES_1_0_0,
OBS_BCPI_83EAA13FCFD929EEF6DA,BCPI_SCHOOL_DIVISION_COMPOSITE,PR_59,British Columbia,2021A000259,92.8,"Index, 2023=100",2022-04-01,2022-06-30,STATCAN_BCPI_18100289,observed,2022-06-30,TR_STATCAN_BCPI_BC_ON_QC_REFERENCE_CLASSES_1_0_0,
OBS_BCPI_A1F60AAAE5DFCE44EE67,BCPI_SCHOOL_DIVISION_COMPOSITE,PR_59,British Columbia,2021A000259,94.3,"Index, 2023=100",2022-07-01,2022-09-30,STATCAN_BCPI_18100289,observed,2022-09-30,TR_STATCAN_BCPI_BC_ON_QC_REFERENCE_CLASSES_1_0_0,
OBS_BCPI_E07D56D74FF9E553B284,BCPI_SCHOOL_DIVISION_COMPOSITE,PR_59,British Columbia,2021A000259,95.4,"Index, 2023=100",2022-10-01,2022-12-31,STATCAN_BCPI_18100289,observed,2022-12-31,TR_STATCAN_BCPI_BC_ON_QC_REFERENCE_CLASSES_1_0_0,
OBS_BCPI_A8ACEBD232F7B6422BDB,BCPI_SCHOOL_DIVISION_COMPOSITE,PR_59,British Columbia,2021A000259,97.4,"Index, 2023=100",2023-01-01,2023-03-31,STATCAN_BCPI_18100289,observed,2023-03-31,TR_STATCAN_BCPI_BC_ON_QC_REFERENCE_CLASSES_1_0_0,
OBS_BCPI_609A0059E5827C865DB3,BCPI_SCHOOL_DIVISION_COMPOSITE,PR_59,British Columbia,2021A000259,99.3,"Index, 2023=100",2023-04-01,2023-06-30,STATCAN_BCPI_18100289,observed,2023-06-30,TR_STATCAN_BCPI_BC_ON_QC_REFERENCE_CLASSES_1_0_0,
OBS_BCPI_3490E1297676EF22D358,BCPI_SCHOOL_DIVISION_COMPOSITE,PR_59,British Columbia,2021A000259,100.6,"Index, 2023=100",2023-07-01,2023-09-30,STATCAN_BCPI_18100289,observed,2023-09-30,TR_STATCAN_BCPI_BC_ON_QC_REFERENCE_CLASSES_1_0_0,
OBS_BCPI_40AA1CE191B8C7DD2FEB,BCPI_SCHOOL_DIVISION_COMPOSITE,PR_59,British Columbia,2021A000259,102.7,"Index, 2023=100",2023-10-01,2023-12-31,STATCAN_BCPI_18100289,observed,2023-12-31,TR_STATCAN_BCPI_BC_ON_QC_REFERENCE_CLASSES_1_0_0,
OBS_BCPI_975D2B44D4FCBEA676AE,BCPI_SCHOOL_DIVISION_COMPOSITE,PR_59,British Columbia,2021A000259,103.8,"Index, 2023=100",2024-01-01,2024-03-31,STATCAN_BCPI_18100289,observed,2024-03-31,TR_STATCAN_BCPI_BC_ON_QC_REFERENCE_CLASSES_1_0_0,
OBS_BCPI_B261B9E6B98588AB9A78,BCPI_SCHOOL_DIVISION_COMPOSITE,PR_59,British Columbia,2021A000259,105.5,"Index, 2023=100",2024-04-01,2024-06-30,STATCAN_BCPI_18100289,observed,2024-06-30,TR_STATCAN_BCPI_BC_ON_QC_REFERENCE_CLASSES_1_0_0,
OBS_BCPI_5AD88F1D4E930A88ABFA,BCPI_SCHOOL_DIVISION_COMPOSITE,PR_59,British Columbia,2021A000259,106.2,"Index, 2023=100",2024-07-01,2024-09-30,STATCAN_BCPI_18100289,observed,2024-09-30,TR_STATCAN_BCPI_BC_ON_QC_REFERENCE_CLASSES_1_0_0,
OBS_BCPI_352C53DB950ACF29B1DF,BCPI_SCHOOL_DIVISION_COMPOSITE,PR_59,British Columbia,2021A000259,106.8,"Index, 2023=100",2024-10-01,2024-12-31,STATCAN_BCPI_18100289,observed,2024-12-31,TR_STATCAN_BCPI_BC_ON_QC_REFERENCE_CLASSES_1_0_0,
OBS_BCPI_BC20FF2F3ACE5EF065E1,BCPI_SCHOOL_DIVISION_COMPOSITE,PR_59,British Columbia,2021A000259,107.9,"Index, 2023=100",2025-01-01,2025-03-31,STATCAN_BCPI_18100289,observed,2025-03-31,TR_STATCAN_BCPI_BC_ON_QC_REFERENCE_CLASSES_1_0_0,
OBS_BCPI_7E0BA8B3F0EB176912A1,BCPI_SCHOOL_DIVISION_COMPOSITE,PR_59,British Columbia,2021A000259,109.2,"Index, 2023=100",2025-04-01,2025-06-30,STATCAN_BCPI_18100289,observed,2025-06-30,TR_STATCAN_BCPI_BC_ON_QC_REFERENCE_CLASSES_1_0_0,
OBS_BCPI_F7BF48B7091CEC098336,BCPI_SCHOOL_DIVISION_COMPOSITE,PR_59,British Columbia,2021A000259,109.2,"Index, 2023=100",2025-07-01,2025-09-30,STATCAN_BCPI_18100289,observed,2025-09-30,TR_STATCAN_BCPI_BC_ON_QC_REFERENCE_CLASSES_1_0_0,
OBS_BCPI_42A7F92936915ED3F276,BCPI_SCHOOL_DIVISION_COMPOSITE,PR_59,British Columbia,2021A000259,108.7,"Index, 2023=100",2025-10-01,2025-12-31,STATCAN_BCPI_18100289,observed,2025-12-31,TR_STATCAN_BCPI_BC_ON_QC_REFERENCE_CLASSES_1_0_0,
OBS_BCPI_975E35717548DE41B6D9,BCPI_SCHOOL_DIVISION_COMPOSITE,PR_59,British Columbia,2021A000259,109.2,"Index, 2023=100",2026-01-01,2026-03-31,STATCAN_BCPI_18100289,observed,2026-03-31,TR_STATCAN_BCPI_BC_ON_QC_REFERENCE_CLASSES_1_0_0,
OBS_BCPI_A74EA9DB4F258C2DC1F2,BCPI_SCHOOL_DIVISION_COMPOSITE,PR_59,British Columbia,2021A000259,109.4,"Index, 2023=100",2026-04-01,2026-06-30,STATCAN_BCPI_18100289,observed,2026-06-30,TR_STATCAN_BCPI_BC_ON_QC_REFERENCE_CLASSES_1_0_0,
