revision_event_id,project_id,project_name,geography_id,asset_class,event_type,effective_month,from_value,to_value,change_value,unit,direction_source_text,arithmetic_reconciles,source_text_sha256,source_id,evidence_status
QCPQIREV_81D215E5D1B18AA3D524,QCPQI_882,"Institut universitaire de cardiologie et de pneumologie de Québec, unités de soins – Agrandissement",PR_24,health_facilities,authorized_cost_revision,2026-07,66400000.00000001,73600000.0,7199999.999999993,CAD,hausse,True,sha256:a6f3f36855b679838dced31b79eb26adc5a398ecaf3c1be283405077fca77dbb,QUEBEC_PQI_PROJECT_DASHBOARD,observed_text_with_inferred_parse
QCPQIREV_960CCDC168A195EE4626,QCPQI_882,"Institut universitaire de cardiologie et de pneumologie de Québec, unités de soins – Agrandissement",PR_24,health_facilities,authorized_completion_revision,2026-03,2025-11,2027-10,23,calendar_months,passant_de_a,True,sha256:efc3059aff075506980a5aa0fae1886302b3ecd51c2a1c75c9cbda43686e1db8,QUEBEC_PQI_PROJECT_DASHBOARD,observed_text_with_inferred_parse
QCPQIREV_8C3461B695194038C117,QCPQI_99,Pont de l'Île-aux-Tourtes entre Vaudreuil-Dorion et Senneville – Reconstruction et élargissement,PR_24,roads_transit_and_airports,authorized_cost_revision,2023-04,1475400000.0,2301600000.0,826200000.0,CAD,hausse,True,sha256:23976ded4c58aa831eb153981b57455fd131a5d2432284d61bed0b1348b1c880,QUEBEC_PQI_PROJECT_DASHBOARD,observed_text_with_inferred_parse
QCPQIREV_EE03DB2FB6EDED8CDF18,QCPQI_114,Tunnel Louis-Hippolyte-La Fontaine entre Montréal et Longueuil – Réfection,PR_24,roads_transit_and_airports,authorized_cost_revision,2020-06,1254200000.0,1425800000.0,171600000.0,CAD,hausse,True,sha256:0e65d7bb0b58bfb092e79b486befb9cb7773a4979d44d880ccdc001db347638d,QUEBEC_PQI_PROJECT_DASHBOARD,observed_text_with_inferred_parse
QCPQIREV_60B361EE0FEAA13298A3,QCPQI_114,Tunnel Louis-Hippolyte-La Fontaine entre Montréal et Longueuil – Réfection,PR_24,roads_transit_and_airports,authorized_cost_revision,2022-08,1425800000.0,2497400000.0,1071600000.0,CAD,hausse,True,sha256:9d55ac64638ded926d0afac3e6e8e42f13a8734b65560e7bca84d35708fa5dfa,QUEBEC_PQI_PROJECT_DASHBOARD,observed_text_with_inferred_parse
QCPQIREV_1E66B95D3B2839B35F55,QCPQI_114,Tunnel Louis-Hippolyte-La Fontaine entre Montréal et Longueuil – Réfection,PR_24,roads_transit_and_airports,authorized_cost_revision,2025-04,2497400000.0,2796100000.0,298700000.0,CAD,hausse,True,sha256:a57f8c8336381ed60b43d6934ed963ac8730fe0ab732dced1ccf4e77d1abee9a,QUEBEC_PQI_PROJECT_DASHBOARD,observed_text_with_inferred_parse
QCPQIREV_CC8B1D9D9BEB75846164,QCPQI_114,Tunnel Louis-Hippolyte-La Fontaine entre Montréal et Longueuil – Réfection,PR_24,roads_transit_and_airports,authorized_completion_revision,2020-06,2024-11,2024-12,1,calendar_months,reportée,True,sha256:0e65d7bb0b58bfb092e79b486befb9cb7773a4979d44d880ccdc001db347638d,QUEBEC_PQI_PROJECT_DASHBOARD,observed_text_with_inferred_parse
QCPQIREV_3903D46F20A4B00CFEFF,QCPQI_114,Tunnel Louis-Hippolyte-La Fontaine entre Montréal et Longueuil – Réfection,PR_24,roads_transit_and_airports,authorized_completion_revision,2022-08,2024-12,2026-05,17,calendar_months,reportée,True,sha256:9d55ac64638ded926d0afac3e6e8e42f13a8734b65560e7bca84d35708fa5dfa,QUEBEC_PQI_PROJECT_DASHBOARD,observed_text_with_inferred_parse
QCPQIREV_5A93E4FF7840D9A88223,QCPQI_114,Tunnel Louis-Hippolyte-La Fontaine entre Montréal et Longueuil – Réfection,PR_24,roads_transit_and_airports,authorized_completion_revision,2025-04,2026-05,2027-08,15,calendar_months,reportée,True,sha256:a57f8c8336381ed60b43d6934ed963ac8730fe0ab732dced1ccf4e77d1abee9a,QUEBEC_PQI_PROJECT_DASHBOARD,observed_text_with_inferred_parse
QCPQIREV_7409DD0C12DC6EF353CC,QCPQI_73,Usine de biométhanisation et centre de compostage – Montréal – Construction,PR_24,other_public_infrastructure,authorized_completion_revision,2023-03,2023-03,2023-12,9,calendar_months,reportée,True,sha256:e2c40c4ddd6db4e662ca634fd7e4f02fdf63e3498638b354e09d7b9c47bc320c,QUEBEC_PQI_PROJECT_DASHBOARD,observed_text_with_inferred_parse
QCPQIREV_8A7A703E02D538DCF1F5,QCPQI_73,Usine de biométhanisation et centre de compostage – Montréal – Construction,PR_24,other_public_infrastructure,authorized_completion_revision,2024-02,2023-12,2024-09,9,calendar_months,reportée,True,sha256:e6ba5aad387f9e381efd66130a8f16dc2211deafcfb5ed4a361d420ab7fc07af,QUEBEC_PQI_PROJECT_DASHBOARD,observed_text_with_inferred_parse
QCPQIREV_AD6F960F0E75EB67A39B,QCPQI_73,Usine de biométhanisation et centre de compostage – Montréal – Construction,PR_24,other_public_infrastructure,authorized_completion_revision,2025-03,2024-09,2025-09,12,calendar_months,reportée,True,sha256:759cb28c325a9e76d146227edbf9a89d4072143814396fc4cc72b3e6500a4ed6,QUEBEC_PQI_PROJECT_DASHBOARD,observed_text_with_inferred_parse
QCPQIREV_8A87F50AB632795AF5AE,QCPQI_73,Usine de biométhanisation et centre de compostage – Montréal – Construction,PR_24,other_public_infrastructure,authorized_completion_revision,2026-03,2025-09,2026-03,6,calendar_months,passant_de_a,True,sha256:33284f88a02ceb493a7486440a932511ef8c79ea479bcabdd41efa2afc010af0,QUEBEC_PQI_PROJECT_DASHBOARD,observed_text_with_inferred_parse
QCPQIREV_C45CA7B52328E08F8A23,QCPQI_455,Nouvelles-Casernes – Québec – Réfection,PR_24,government_and_civic_facilities,authorized_cost_revision,2026-03,21000000.0,20000000.0,-1000000.0,CAD,baisse,True,sha256:c99abe2b53f0a56819705d79fa7947ef36000a0ae0abbc2b052a29a40b9eb5f1,QUEBEC_PQI_PROJECT_DASHBOARD,observed_text_with_inferred_parse
QCPQIREV_A077D5FA2193B0F210CE,QCPQI_455,Nouvelles-Casernes – Québec – Réfection,PR_24,government_and_civic_facilities,authorized_completion_revision,2023-03,2022-12,2026-03,39,calendar_months,reportée,True,sha256:588451b8e1a3cec78fa3adfee6a8954e10d9bbe290b95782f6495e9c2763ad1f,QUEBEC_PQI_PROJECT_DASHBOARD,observed_text_with_inferred_parse
QCPQIREV_090BDBD301E02ECBE84B,QCPQI_455,Nouvelles-Casernes – Québec – Réfection,PR_24,government_and_civic_facilities,authorized_completion_revision,2025-03,2026-03,2027-03,12,calendar_months,reportée,True,sha256:796196d4fe6467804e9bd110d880d4f69a1bcdaf3d78204315c43099f03a5d20,QUEBEC_PQI_PROJECT_DASHBOARD,observed_text_with_inferred_parse
QCPQIREV_A7B306E439B09D277699,QCPQI_455,Nouvelles-Casernes – Québec – Réfection,PR_24,government_and_civic_facilities,authorized_completion_revision,2026-03,2027-03,2027-12,9,calendar_months,passant_de_a,True,sha256:c99abe2b53f0a56819705d79fa7947ef36000a0ae0abbc2b052a29a40b9eb5f1,QUEBEC_PQI_PROJECT_DASHBOARD,observed_text_with_inferred_parse
QCPQIREV_151CC89ABCDAB861C44B,QCPQI_411,Parc national d'Opémican – Laniel – Réfection,PR_24,government_and_civic_facilities,authorized_completion_revision,2021-03,2023-06,2024-06,12,calendar_months,reportée,True,sha256:0f64813b7931b851c48bf8886c226169e83838dbadb21545e7a54da47d5872dd,QUEBEC_PQI_PROJECT_DASHBOARD,observed_text_with_inferred_parse
QCPQIREV_F7889C23CAA60875EB4D,QCPQI_411,Parc national d'Opémican – Laniel – Réfection,PR_24,government_and_civic_facilities,authorized_completion_revision,2026-03,2024-06,2030-06,72,calendar_months,passant_de_a,True,sha256:0797f773db20ed4ca2af8624c433c973dcdb8588819a17fdfd0299ef41a9d7d1,QUEBEC_PQI_PROJECT_DASHBOARD,observed_text_with_inferred_parse
QCPQIREV_96A365834C82DE54DDEC,QCPQI_884,"Parc de la Chute-Montmorency, sentiers et passerelle semi-submersible – Québec – Construction",PR_24,government_and_civic_facilities,authorized_cost_revision,2023-03,32400000.0,31300000.0,-1100000.0,CAD,baisse,True,sha256:02bd057e012b3f86a6340c0f884fc84278430bc35592bbbe99a1befcf673bf2f,QUEBEC_PQI_PROJECT_DASHBOARD,observed_text_with_inferred_parse
QCPQIREV_8D4811BF680CCD8DF0D5,QCPQI_884,"Parc de la Chute-Montmorency, sentiers et passerelle semi-submersible – Québec – Construction",PR_24,government_and_civic_facilities,authorized_cost_revision,2024-02,31300000.0,32000000.0,700000.0,CAD,hausse,True,sha256:6991e5486693bd6b5de4b0f51a744a145ae827621fb5f7ecd0d51f562af18fe1,QUEBEC_PQI_PROJECT_DASHBOARD,observed_text_with_inferred_parse
QCPQIREV_43D23A345F1F8F1BE826,QCPQI_884,"Parc de la Chute-Montmorency, sentiers et passerelle semi-submersible – Québec – Construction",PR_24,government_and_civic_facilities,authorized_cost_revision,2025-03,32000000.0,32400000.0,400000.0,CAD,hausse,True,sha256:aaa5d665818e249e610c999ce0e00ac98d94fdac8d1d1542e3b967ea88ae4d67,QUEBEC_PQI_PROJECT_DASHBOARD,observed_text_with_inferred_parse
QCPQIREV_54225285F1BE31444F3B,QCPQI_884,"Parc de la Chute-Montmorency, sentiers et passerelle semi-submersible – Québec – Construction",PR_24,government_and_civic_facilities,authorized_completion_revision,2023-03,2022-09,2023-07,10,calendar_months,reportée,True,sha256:02bd057e012b3f86a6340c0f884fc84278430bc35592bbbe99a1befcf673bf2f,QUEBEC_PQI_PROJECT_DASHBOARD,observed_text_with_inferred_parse
QCPQIREV_46CD4CDDF6597A740C94,QCPQI_884,"Parc de la Chute-Montmorency, sentiers et passerelle semi-submersible – Québec – Construction",PR_24,government_and_civic_facilities,authorized_completion_revision,2024-02,2023-07,2024-09,14,calendar_months,reportée,True,sha256:6991e5486693bd6b5de4b0f51a744a145ae827621fb5f7ecd0d51f562af18fe1,QUEBEC_PQI_PROJECT_DASHBOARD,observed_text_with_inferred_parse
QCPQIREV_E73C96F91BED08D7F943,QCPQI_884,"Parc de la Chute-Montmorency, sentiers et passerelle semi-submersible – Québec – Construction",PR_24,government_and_civic_facilities,authorized_completion_revision,2025-03,2024-09,2030-06,69,calendar_months,reportée,True,sha256:aaa5d665818e249e610c999ce0e00ac98d94fdac8d1d1542e3b967ea88ae4d67,QUEBEC_PQI_PROJECT_DASHBOARD,observed_text_with_inferred_parse
QCPQIREV_63C82C8238614726A9E4,QCPQI_649,Ouvrage de protection contre les inondations – Montréal (arrondissement de Pierrefonds-Roxboro) – Construction et acquisition,PR_24,other_public_infrastructure,authorized_completion_revision,2025-03,2027-03,2026-12,-3,calendar_months,devancée,True,sha256:fd17976488611999970f5871c90542eb3081075ce7b912ef724ae62203903815,QUEBEC_PQI_PROJECT_DASHBOARD,observed_text_with_inferred_parse
QCPQIREV_21E92CD7899A228595A5,QCPQI_649,Ouvrage de protection contre les inondations – Montréal (arrondissement de Pierrefonds-Roxboro) – Construction et acquisition,PR_24,other_public_infrastructure,authorized_completion_revision,2026-03,2026-12,2028-03,15,calendar_months,passant_de_a,True,sha256:c5e5d687e4ffe82f98364a95e0b1d867d89ecac06d8a158997ad4f0d3be9ed65,QUEBEC_PQI_PROJECT_DASHBOARD,observed_text_with_inferred_parse
QCPQIREV_20B3EAAFE8E62A2BE137,QCPQI_728,"Station d'épuration des eaux usées – Saint-Hyacinthe – Réfection, agrandissement et acquisition",PR_24,municipal_water_and_resilience,authorized_completion_revision,2023-03,2023-12,2026-03,27,calendar_months,reportée,True,sha256:8ce0d831a8abd3a08d72519a548cba5058322538c092baf755a1e399189f6b58,QUEBEC_PQI_PROJECT_DASHBOARD,observed_text_with_inferred_parse
QCPQIREV_3EB06C56B06F9FF5D233,QCPQI_728,"Station d'épuration des eaux usées – Saint-Hyacinthe – Réfection, agrandissement et acquisition",PR_24,municipal_water_and_resilience,authorized_completion_revision,2025-03,2026-03,2027-12,21,calendar_months,reportée,True,sha256:6ab4229e303059f86467310d5a72c74b8d5a33258b13d8bb626a4e29eb686025,QUEBEC_PQI_PROJECT_DASHBOARD,observed_text_with_inferred_parse
QCPQIREV_D163A701AF7ED8DEA79B,QCPQI_733,Usine de biométhanisation – Saint-Étienne-des-Grès – Construction,PR_24,other_public_infrastructure,authorized_cost_revision,2025-03,53000000.0,75700000.0,22700000.0,CAD,hausse,True,sha256:6cc8b4b103e006f15d909fcc2d6b40ae68864475b7322d75d476cecb72e176ed,QUEBEC_PQI_PROJECT_DASHBOARD,observed_text_with_inferred_parse
QCPQIREV_833B22A8BD5A92376B44,QCPQI_733,Usine de biométhanisation – Saint-Étienne-des-Grès – Construction,PR_24,other_public_infrastructure,authorized_completion_revision,2025-03,2024-08,2026-10,26,calendar_months,reportée,True,sha256:6cc8b4b103e006f15d909fcc2d6b40ae68864475b7322d75d476cecb72e176ed,QUEBEC_PQI_PROJECT_DASHBOARD,observed_text_with_inferred_parse
QCPQIREV_B1A0FAB911E92BD7B930,QCPQI_1232,Plateforme de compostage de la Régie intermunicipale de valorisation des matières organiques – Salaberry-de-Valleyfield – Construction,PR_24,other_public_infrastructure,authorized_completion_revision,2026-03,2025-12,2026-07,7,calendar_months,passant_de_a,True,sha256:c81513b08d50dbf12d1f9c2dade4be2cd049d15b7879f744b7a3536c30bb090f,QUEBEC_PQI_PROJECT_DASHBOARD,observed_text_with_inferred_parse
QCPQIREV_29A28501DDD954BF3824,QCPQI_465,Complexe Desjardins – Montréal – Réaménagement,PR_24,government_and_civic_facilities,authorized_cost_revision,2022-03,37800000.0,46000000.0,8200000.0,CAD,hausse,True,sha256:0bdb9ad2879b410cf99562d12785c64a2bb6f8da8bd3089f3db1a6c66e116546,QUEBEC_PQI_PROJECT_DASHBOARD,observed_text_with_inferred_parse
QCPQIREV_630F1DBCD8840E69D328,QCPQI_465,Complexe Desjardins – Montréal – Réaménagement,PR_24,government_and_civic_facilities,authorized_completion_revision,2023-03,2023-03,2023-06,3,calendar_months,reportée,True,sha256:8ec596ad59cfc142624ea47d1d29d7eba8d607dfe96f9508a7cab98c006435b0,QUEBEC_PQI_PROJECT_DASHBOARD,observed_text_with_inferred_parse
QCPQIREV_295F560EB986ABC384FA,QCPQI_465,Complexe Desjardins – Montréal – Réaménagement,PR_24,government_and_civic_facilities,authorized_completion_revision,2024-02,2026-09,2026-05,-4,calendar_months,devancée,True,sha256:737ed9ee54f7aa9abb9af10cd5e91ec6c5d16f32cbf8e2436ba80487737bb90a,QUEBEC_PQI_PROJECT_DASHBOARD,observed_text_with_inferred_parse
QCPQIREV_A920A17E22976F56B3A6,QCPQI_465,Complexe Desjardins – Montréal – Réaménagement,PR_24,government_and_civic_facilities,authorized_completion_revision,2026-03,2026-05,2026-11,6,calendar_months,passant_de_a,True,sha256:cc3f2ec9e0d9d4a65557d43e3ec2ff23dc0cee43458a412d7e66a3bcf4a550ef,QUEBEC_PQI_PROJECT_DASHBOARD,observed_text_with_inferred_parse
QCPQIREV_5EC485D85564D9AB0E14,QCPQI_723,"Cégep de Sept-Îles, pavillon – Construction",PR_24,government_and_civic_facilities,authorized_completion_revision,2026-03,2025-05,2025-11,6,calendar_months,passant_de_a,True,sha256:db3b049c303d2c1175fd122a8f987009b27f9ae81492c89c4284cbbe268b120e,QUEBEC_PQI_PROJECT_DASHBOARD,observed_text_with_inferred_parse
QCPQIREV_EB6FA29585EABEDCC7D4,QCPQI_879,"Université du Québec à Trois-Rivières, pavillon de la recherche et de l'innovation sur les technologies vertes et durables – Construction",PR_24,government_and_civic_facilities,authorized_completion_revision,2026-03,2027-08,2028-01,5,calendar_months,passant_de_a,True,sha256:cdccd33edd948e54613ab08eee1a998157e05a5ffe33261b12f27aacb0cbc503,QUEBEC_PQI_PROJECT_DASHBOARD,observed_text_with_inferred_parse
QCPQIREV_9870FB5474572E8FF9F1,QCPQI_1019,Institut interdisciplinaire d'innovation technologique – Sherbrooke – Acquisition et agrandissement,PR_24,government_and_civic_facilities,authorized_completion_revision,2026-03,2026-04,2026-01,-3,calendar_months,passant_de_a,True,sha256:e10a6791e8301b00c59769abe6c33349d43baedea1a0832393daab6f91db8a9e,QUEBEC_PQI_PROJECT_DASHBOARD,observed_text_with_inferred_parse
QCPQIREV_9D004A4DA501D693E07C,QCPQI_1209,Bâtiment modulaire – Trois-Rivières – Reconstruction,PR_24,government_and_civic_facilities,authorized_completion_revision,2026-03,2026-03,2026-04,1,calendar_months,reportée,True,sha256:5e86a06643d661255eba3bfc2985804c57b7d955d38dbe65684655896dcae6c8,QUEBEC_PQI_PROJECT_DASHBOARD,observed_text_with_inferred_parse
QCPQIREV_5E7753A5D5A1A293B908,QCPQI_1155,Station d'épuration des eaux usées Jean-R.-Marcotte – Montréal – Remplacement et agrandissement,PR_24,municipal_water_and_resilience,authorized_completion_revision,2025-03,2025-12,2026-03,3,calendar_months,reportée,True,sha256:7e27f81c7ee56f0e9e1d21c374e3a38d1ab759435290a4d6ce5c07f608908f3e,QUEBEC_PQI_PROJECT_DASHBOARD,observed_text_with_inferred_parse
QCPQIREV_7B5A3F7FF7751C24C9B1,QCPQI_1155,Station d'épuration des eaux usées Jean-R.-Marcotte – Montréal – Remplacement et agrandissement,PR_24,municipal_water_and_resilience,authorized_completion_revision,2026-03,2026-03,2026-04,1,calendar_months,passant_de_a,True,sha256:e88d4dd2429e600123fd8a925d683322dbd76ea2f6988a6ebf442ec815697c19,QUEBEC_PQI_PROJECT_DASHBOARD,observed_text_with_inferred_parse
QCPQIREV_2EE09A9148B4FA8CDF77,QCPQI_164,Oratoire Saint-Joseph – Montréal – Construction et réaménagement,PR_24,other_public_infrastructure,authorized_completion_revision,2021-03,2020-12,2021-12,12,calendar_months,reportée,True,sha256:362fa7d5e95a52b4c73e34b9d7e44b9679f182c2e9163f75ebd44e8fa72a12e0,QUEBEC_PQI_PROJECT_DASHBOARD,observed_text_with_inferred_parse
QCPQIREV_07209275F7B4336D7DC8,QCPQI_164,Oratoire Saint-Joseph – Montréal – Construction et réaménagement,PR_24,other_public_infrastructure,authorized_completion_revision,2025-03,2025-03,2027-03,24,calendar_months,reportée,True,sha256:a7dc7db9f83026707e355cffcb44a1742968d0cb33f739b768862841322c96d4,QUEBEC_PQI_PROJECT_DASHBOARD,observed_text_with_inferred_parse
QCPQIREV_9590584F87B859BA6AB5,QCPQI_426,Réseau d'eau potable et d'eaux usées – Léry (secteur est) – Agrandissement et construction,PR_24,municipal_water_and_resilience,authorized_completion_revision,2023-03,2023-12,2025-04,16,calendar_months,reportée,True,sha256:b9c810238a928722ba64a737050fb9ceb22c407fe91cd39459f9a24fc46a7047,QUEBEC_PQI_PROJECT_DASHBOARD,observed_text_with_inferred_parse
QCPQIREV_FD483EE5CABE3A3A23B2,QCPQI_1200,"Cégep de Jonquière, Centre TERRE – Construction et acquisition",PR_24,government_and_civic_facilities,authorized_completion_revision,2026-03,2026-12,2027-03,3,calendar_months,passant_de_a,True,sha256:a7a13edcf2dc2fb91e6fe44a6257abca972ceaa17b52219393e79983dc54f42d,QUEBEC_PQI_PROJECT_DASHBOARD,observed_text_with_inferred_parse
QCPQIREV_738156DB6226641B4D1D,QCPQI_408,Poste de la Sûreté du Québec de Waterloo – Construction,PR_24,government_and_civic_facilities,authorized_completion_revision,2026-03,2025-04,2025-07,3,calendar_months,passant_de_a,True,sha256:3c1c2f12f97e6238f1a4fb549eff8f400fa6131186d0fb8c568971936abe11a9,QUEBEC_PQI_PROJECT_DASHBOARD,observed_text_with_inferred_parse
QCPQIREV_EAA30034E506585FA1CA,QCPQI_1103,Poste de la Sûreté du Québec de Chapais-Chibougamau – Nord-du-Québec – Construction,PR_24,government_and_civic_facilities,authorized_completion_revision,2026-03,2027-06,2028-03,9,calendar_months,passant_de_a,True,sha256:59251a04f6834264cdb516108ee7fd85047044df71f40a65f43af2df05654682,QUEBEC_PQI_PROJECT_DASHBOARD,observed_text_with_inferred_parse
QCPQIREV_78B590C7D6AC3DF2DB02,QCPQI_109,"Hôpital de Verdun, unités de soins et soins ambulatoires – Montréal – Agrandissement et réaménagement",PR_24,health_facilities,authorized_cost_revision,2025-03,264899999.99999997,385200000.0,120300000.00000003,CAD,hausse,True,sha256:75f6a7452db92246d3fd1bd49daaa62f9ba9cbc6bd5f515817740a8b74770e84,QUEBEC_PQI_PROJECT_DASHBOARD,observed_text_with_inferred_parse
QCPQIREV_311DEFF4AA4C040698F2,QCPQI_109,"Hôpital de Verdun, unités de soins et soins ambulatoires – Montréal – Agrandissement et réaménagement",PR_24,health_facilities,authorized_completion_revision,2025-03,2024-12,2027-07,31,calendar_months,reportée,True,sha256:75f6a7452db92246d3fd1bd49daaa62f9ba9cbc6bd5f515817740a8b74770e84,QUEBEC_PQI_PROJECT_DASHBOARD,observed_text_with_inferred_parse
QCPQIREV_0659A8C3CB6EF65D13D3,QCPQI_145,"Hôpital Fleurimont, centre mère-enfant et service d'urgence – Sherbrooke – Construction",PR_24,health_facilities,authorized_cost_revision,2020-08,197700000.0,328800000.0,131100000.0,CAD,hausse,True,sha256:9f124a49f963b0141f3ffdb2d0307af24e902415bba3955436e0cde549964040,QUEBEC_PQI_PROJECT_DASHBOARD,observed_text_with_inferred_parse
QCPQIREV_D1C3D972249E76BEE755,QCPQI_145,"Hôpital Fleurimont, centre mère-enfant et service d'urgence – Sherbrooke – Construction",PR_24,health_facilities,authorized_cost_revision,2021-03,328800000.0,344300000.0,15500000.0,CAD,hausse,True,sha256:e7c8ad90c462ac0f5bc59a93d4bbce6427f4f27f5218ff780482748c8cde533b,QUEBEC_PQI_PROJECT_DASHBOARD,observed_text_with_inferred_parse
QCPQIREV_AFD4438D78C0949C0419,QCPQI_145,"Hôpital Fleurimont, centre mère-enfant et service d'urgence – Sherbrooke – Construction",PR_24,health_facilities,authorized_cost_revision,2025-03,344300000.0,432500000.0,88200000.0,CAD,hausse,True,sha256:bf19830d385e41c9894a6f71d3ba39e9c92a01e2a23147cb40c858dcae10ce1b,QUEBEC_PQI_PROJECT_DASHBOARD,observed_text_with_inferred_parse
QCPQIREV_FCE73EC4EEE43F22FDF3,QCPQI_145,"Hôpital Fleurimont, centre mère-enfant et service d'urgence – Sherbrooke – Construction",PR_24,health_facilities,authorized_completion_revision,2020-08,2020-12,2023-12,36,calendar_months,reportée,True,sha256:9f124a49f963b0141f3ffdb2d0307af24e902415bba3955436e0cde549964040,QUEBEC_PQI_PROJECT_DASHBOARD,observed_text_with_inferred_parse
QCPQIREV_B917182C2E2909929F42,QCPQI_145,"Hôpital Fleurimont, centre mère-enfant et service d'urgence – Sherbrooke – Construction",PR_24,health_facilities,authorized_completion_revision,2025-03,2023-12,2025-07,19,calendar_months,reportée,True,sha256:bf19830d385e41c9894a6f71d3ba39e9c92a01e2a23147cb40c858dcae10ce1b,QUEBEC_PQI_PROJECT_DASHBOARD,observed_text_with_inferred_parse
QCPQIREV_095E555E168C3031AAAD,QCPQI_151,"Hôpital de Lachine, complexe hospitalier – Montréal – Agrandissement et réaménagement",PR_24,health_facilities,authorized_cost_revision,2022-03,95000000.0,223000000.0,128000000.0,CAD,hausse,True,sha256:f0b8ef3f1b74173caeb3daa5d4fd48c13489102cf141aaf1fa8acf49d7c2ece2,QUEBEC_PQI_PROJECT_DASHBOARD,observed_text_with_inferred_parse
QCPQIREV_D0FA400AD4497C9D45F1,QCPQI_151,"Hôpital de Lachine, complexe hospitalier – Montréal – Agrandissement et réaménagement",PR_24,health_facilities,authorized_cost_revision,2026-02,223000000.0,367800000.0,144800000.0,CAD,hausse,True,sha256:ef0474898c76f1c8db1cf115c73cbda9d9e5a53e4a9d6c2aaa33378aa208ef53,QUEBEC_PQI_PROJECT_DASHBOARD,observed_text_with_inferred_parse
QCPQIREV_D9912EF7A38C25D23F0C,QCPQI_151,"Hôpital de Lachine, complexe hospitalier – Montréal – Agrandissement et réaménagement",PR_24,health_facilities,authorized_completion_revision,2026-02,2027-02,2028-09,19,calendar_months,passant_de_a,True,sha256:ef0474898c76f1c8db1cf115c73cbda9d9e5a53e4a9d6c2aaa33378aa208ef53,QUEBEC_PQI_PROJECT_DASHBOARD,observed_text_with_inferred_parse
QCPQIREV_F0B3C155EB502C92D933,QCPQI_311,"Hôpital Santa Cabrini, bloc opératoire – Montréal – Agrandissement et réaménagement",PR_24,health_facilities,authorized_cost_revision,2022-08,96300000.0,139400000.0,43100000.0,CAD,hausse,True,sha256:e3aa7209b25f5a07a326f2e4af6b945164230ee76fa558db47ceb234d81ef43a,QUEBEC_PQI_PROJECT_DASHBOARD,observed_text_with_inferred_parse
QCPQIREV_33F467B9603F6EC2FCED,QCPQI_311,"Hôpital Santa Cabrini, bloc opératoire – Montréal – Agrandissement et réaménagement",PR_24,health_facilities,authorized_cost_revision,2025-08,139400000.0,151200000.0,11800000.0,CAD,hausse,True,sha256:855b29551410af9ec9f07fa23374cfa9ce074177e6767aa07f1ceb5f74d40ece,QUEBEC_PQI_PROJECT_DASHBOARD,observed_text_with_inferred_parse
QCPQIREV_1F2F3149B1FDCA94A375,QCPQI_311,"Hôpital Santa Cabrini, bloc opératoire – Montréal – Agrandissement et réaménagement",PR_24,health_facilities,authorized_completion_revision,2025-08,2025-06,2025-08,2,calendar_months,reportée,True,sha256:855b29551410af9ec9f07fa23374cfa9ce074177e6767aa07f1ceb5f74d40ece,QUEBEC_PQI_PROJECT_DASHBOARD,observed_text_with_inferred_parse
QCPQIREV_5FDB94804B7690A0EC28,QCPQI_311,"Hôpital Santa Cabrini, bloc opératoire – Montréal – Agrandissement et réaménagement",PR_24,health_facilities,authorized_completion_revision,2026-03,2025-08,2026-04,8,calendar_months,passant_de_a,True,sha256:b650f28e9c8b1698426d7833fd36d1596304e0d6f772260c809a77415da2c938,QUEBEC_PQI_PROJECT_DASHBOARD,observed_text_with_inferred_parse
QCPQIREV_2712807ADB835B01A746,QCPQI_562,Centre des transports d'Anjou – Réaménagement et agrandissement,PR_24,government_and_civic_facilities,authorized_cost_revision,2023-06,21000000.0,29800000.0,8800000.0,CAD,hausse,True,sha256:61ce0ce33eef61d21d197be9d46d641c931a32cd397c925a86c0e73b7efb5fc6,QUEBEC_PQI_PROJECT_DASHBOARD,observed_text_with_inferred_parse
QCPQIREV_FF2DD56196A636AAA7E2,QCPQI_562,Centre des transports d'Anjou – Réaménagement et agrandissement,PR_24,government_and_civic_facilities,authorized_cost_revision,2025-06,29800000.0,44700000.0,14900000.0,CAD,hausse,True,sha256:c14d4910e29e288b7c846e50b000c560180d0b8f7f717df269e9e3ea9b33bcc8,QUEBEC_PQI_PROJECT_DASHBOARD,observed_text_with_inferred_parse
QCPQIREV_B0DA2F4FDD886D9D63D3,QCPQI_562,Centre des transports d'Anjou – Réaménagement et agrandissement,PR_24,government_and_civic_facilities,authorized_completion_revision,2023-06,2024-03,2025-08,17,calendar_months,reportée,True,sha256:61ce0ce33eef61d21d197be9d46d641c931a32cd397c925a86c0e73b7efb5fc6,QUEBEC_PQI_PROJECT_DASHBOARD,observed_text_with_inferred_parse
QCPQIREV_14CEB158E4CFB4D3C637,QCPQI_562,Centre des transports d'Anjou – Réaménagement et agrandissement,PR_24,government_and_civic_facilities,authorized_completion_revision,2025-06,2025-08,2026-01,5,calendar_months,passant_de_a,True,sha256:c14d4910e29e288b7c846e50b000c560180d0b8f7f717df269e9e3ea9b33bcc8,QUEBEC_PQI_PROJECT_DASHBOARD,observed_text_with_inferred_parse
QCPQIREV_2FF2B7B1022C6ECD38AB,QCPQI_562,Centre des transports d'Anjou – Réaménagement et agrandissement,PR_24,government_and_civic_facilities,authorized_completion_revision,2026-03,2026-01,2025-10,-3,calendar_months,passant_de_a,True,sha256:fcf0c59db072ef120837fa9f0108d04c5d54d211e75e70f4f188b66ec2b4bfab,QUEBEC_PQI_PROJECT_DASHBOARD,observed_text_with_inferred_parse
QCPQIREV_BC10D2EE8CFD8EEEDBD6,QCPQI_365,NM Saaremaa I – Traverses de l'est du Québec – Acquisition et réfection,PR_24,roads_transit_and_airports,authorized_cost_revision,2025-03,48800000.0,51900000.0,3100000.0,CAD,hausse,True,sha256:8f5234d84af46b5ffc664606f85c2de7f565a7ab1b1bea955c0a50470dee8301,QUEBEC_PQI_PROJECT_DASHBOARD,observed_text_with_inferred_parse
QCPQIREV_F7659811CF52888035E3,QCPQI_365,NM Saaremaa I – Traverses de l'est du Québec – Acquisition et réfection,PR_24,roads_transit_and_airports,authorized_cost_revision,2026-03,51900000.0,51300000.0,-600000.0,CAD,baisse,True,sha256:2be68d2f103e30329fd9f147889e36d2b0c4306fc572b5d86c977a5fc835d40a,QUEBEC_PQI_PROJECT_DASHBOARD,observed_text_with_inferred_parse
QCPQIREV_BE1F70C30963B120D76B,QCPQI_365,NM Saaremaa I – Traverses de l'est du Québec – Acquisition et réfection,PR_24,roads_transit_and_airports,authorized_completion_revision,2022-03,2022-02,2026-04,50,calendar_months,reportée,True,sha256:ecdc80068e2f980617b644871976d48537ae381d86d6183cb4735d5611e81746,QUEBEC_PQI_PROJECT_DASHBOARD,observed_text_with_inferred_parse
QCPQIREV_0CFD0B25CC0F9B6F20BB,QCPQI_365,NM Saaremaa I – Traverses de l'est du Québec – Acquisition et réfection,PR_24,roads_transit_and_airports,authorized_completion_revision,2026-03,2026-04,2027-04,12,calendar_months,passant_de_a,True,sha256:2be68d2f103e30329fd9f147889e36d2b0c4306fc572b5d86c977a5fc835d40a,QUEBEC_PQI_PROJECT_DASHBOARD,observed_text_with_inferred_parse
QCPQIREV_5864CF909F4B2A0A0D9A,QCPQI_580,Maison des aînés (anciens CHSLD Parphilia-Ferland et Saint-Eusèbe) – Saint-Charles-Borromée – Construction,PR_24,health_facilities,authorized_cost_revision,2024-11,275100000.0,219300000.0,-55800000.0,CAD,baisse,True,sha256:c65c385e27f018f8956d49a6aaa8cdda8705fbb37a1f583cffd3f949c52531c3,QUEBEC_PQI_PROJECT_DASHBOARD,observed_text_with_inferred_parse
QCPQIREV_9A7ED7790324D4E8F7FA,QCPQI_580,Maison des aînés (anciens CHSLD Parphilia-Ferland et Saint-Eusèbe) – Saint-Charles-Borromée – Construction,PR_24,health_facilities,authorized_completion_revision,2024-11,2026-09,2027-02,5,calendar_months,reportée,True,sha256:c65c385e27f018f8956d49a6aaa8cdda8705fbb37a1f583cffd3f949c52531c3,QUEBEC_PQI_PROJECT_DASHBOARD,observed_text_with_inferred_parse
QCPQIREV_755B8F6A7FAA528F3896,QCPQI_580,Maison des aînés (anciens CHSLD Parphilia-Ferland et Saint-Eusèbe) – Saint-Charles-Borromée – Construction,PR_24,health_facilities,authorized_completion_revision,2026-03,2027-02,2027-12,10,calendar_months,passant_de_a,True,sha256:b39a86b43884d574be3c10c89d4b0188d5ae0bab7672b0df7d0b40429241ac89,QUEBEC_PQI_PROJECT_DASHBOARD,observed_text_with_inferred_parse
QCPQIREV_2C57F665C8F198B9DD71,QCPQI_582,"Hôpital de Dolbeau-Mistassini, bloc opératoire, chirurgie d'un jour et unité de retraitement des dispositifs médicaux et des endoscopes – Agrandissement et réaménagement",PR_24,health_facilities,authorized_cost_revision,2022-08,50000000.0,60100000.0,10100000.0,CAD,hausse,True,sha256:af0dc57f5c628b1defcbe59abba5830243cebe808870d9cf4edd5e51f0d0fde6,QUEBEC_PQI_PROJECT_DASHBOARD,observed_text_with_inferred_parse
QCPQIREV_2ECA6DBD216D48AE26FC,QCPQI_582,"Hôpital de Dolbeau-Mistassini, bloc opératoire, chirurgie d'un jour et unité de retraitement des dispositifs médicaux et des endoscopes – Agrandissement et réaménagement",PR_24,health_facilities,authorized_cost_revision,2023-05,60100000.0,70300000.0,10200000.0,CAD,hausse,True,sha256:9a4b16cbdcb50be4dca1e40dde53d1b1bcaf2c2c2142a5806b046a63be53063f,QUEBEC_PQI_PROJECT_DASHBOARD,observed_text_with_inferred_parse
QCPQIREV_A6037C519FD800C8B599,QCPQI_582,"Hôpital de Dolbeau-Mistassini, bloc opératoire, chirurgie d'un jour et unité de retraitement des dispositifs médicaux et des endoscopes – Agrandissement et réaménagement",PR_24,health_facilities,authorized_completion_revision,2022-08,2023-11,2025-01,14,calendar_months,reportée,True,sha256:af0dc57f5c628b1defcbe59abba5830243cebe808870d9cf4edd5e51f0d0fde6,QUEBEC_PQI_PROJECT_DASHBOARD,observed_text_with_inferred_parse
QCPQIREV_399ACEADF2B83F8683F6,QCPQI_582,"Hôpital de Dolbeau-Mistassini, bloc opératoire, chirurgie d'un jour et unité de retraitement des dispositifs médicaux et des endoscopes – Agrandissement et réaménagement",PR_24,health_facilities,authorized_completion_revision,2023-05,2025-01,2025-05,4,calendar_months,reportée,True,sha256:9a4b16cbdcb50be4dca1e40dde53d1b1bcaf2c2c2142a5806b046a63be53063f,QUEBEC_PQI_PROJECT_DASHBOARD,observed_text_with_inferred_parse
QCPQIREV_5E2A6DBCB4303450E39C,QCPQI_582,"Hôpital de Dolbeau-Mistassini, bloc opératoire, chirurgie d'un jour et unité de retraitement des dispositifs médicaux et des endoscopes – Agrandissement et réaménagement",PR_24,health_facilities,authorized_completion_revision,2026-03,2025-05,2026-05,12,calendar_months,passant_de_a,True,sha256:b43de195a302ffb7de98f04688c195e418984b1248c16cba09dfe27ed0ce0293,QUEBEC_PQI_PROJECT_DASHBOARD,observed_text_with_inferred_parse
QCPQIREV_8FD5E01940AA8441FF97,QCPQI_1162,"Aéroport de Puvirnituq, aire de mouvement – Réfection",PR_24,roads_transit_and_airports,authorized_cost_revision,2026-03,42700000.0,47100000.0,4400000.0,CAD,hausse,True,sha256:6b015f6b0eef9ece071d39bcf229433e0b563a03b8b4d93c3fbc0d7660b5e171,QUEBEC_PQI_PROJECT_DASHBOARD,observed_text_with_inferred_parse
QCPQIREV_A26DE92CDD55D5CB21D8,QCPQI_1234,Avion-hôpital – Régions administratives du Québec – Acquisition et aménagement,PR_24,roads_transit_and_airports,authorized_completion_revision,2026-03,2026-06,2027-01,7,calendar_months,passant_de_a,True,sha256:ada67a3be6619cdae0eb48344e28cd2d5bca16e55ef0cec52d9ce5adef0bb856,QUEBEC_PQI_PROJECT_DASHBOARD,observed_text_with_inferred_parse
QCPQIREV_26C83C7EA662EC8FA6F7,QCPQI_913,Complexe aquatique – Châteauguay – Construction,PR_24,government_and_civic_facilities,authorized_completion_revision,2026-03,2025-08,2026-02,6,calendar_months,passant_de_a,True,sha256:3bcc9be928a2e2db536530b5ce9edd842d92ca24bcc2ff77dac78438b6567886,QUEBEC_PQI_PROJECT_DASHBOARD,observed_text_with_inferred_parse
QCPQIREV_1647370B516B0CCDF584,QCPQI_914,Centre sportif et récréatif – Montréal-Ouest – Construction,PR_24,government_and_civic_facilities,authorized_completion_revision,2026-03,2025-09,2025-11,2,calendar_months,passant_de_a,True,sha256:bf60a62d37a3ea0cfbea2b745f82e42cbe7684e6c56edd642c2cd69d12b4ae1d,QUEBEC_PQI_PROJECT_DASHBOARD,observed_text_with_inferred_parse
QCPQIREV_499ADE0A4FBF0C752C55,QCPQI_850,Édifice Hector-Fabre – Québec – Réaménagement,PR_24,government_and_civic_facilities,authorized_cost_revision,2024-07,23700000.0,46100000.0,22400000.0,CAD,hausse,True,sha256:6a37647947a61f757193fea84d23648e07438dd49b23517c001396f7974bd3f4,QUEBEC_PQI_PROJECT_DASHBOARD,observed_text_with_inferred_parse
QCPQIREV_1811162D7D7492673384,QCPQI_850,Édifice Hector-Fabre – Québec – Réaménagement,PR_24,government_and_civic_facilities,authorized_completion_revision,2024-02,2023-12,2026-04,28,calendar_months,reportée,True,sha256:da055a657a19e06fc995c57d1a6e0ec9b6d7d1099edcbc6427ea6c3b9fde8771,QUEBEC_PQI_PROJECT_DASHBOARD,observed_text_with_inferred_parse
QCPQIREV_A9A2446FE1B6FADAE868,QCPQI_929,Échangeur Darche – Sherbrooke – Reconstruction et réaménagement,PR_24,roads_transit_and_airports,authorized_cost_revision,2025-03,78800000.0,66700000.0,-12100000.0,CAD,baisse,True,sha256:1fff6fee6b1198d4bf358be0b004faa23c41408336285c3dc218495710494158,QUEBEC_PQI_PROJECT_DASHBOARD,observed_text_with_inferred_parse
QCPQIREV_A5151DC9D3AE151AA152,QCPQI_929,Échangeur Darche – Sherbrooke – Reconstruction et réaménagement,PR_24,roads_transit_and_airports,authorized_cost_revision,2026-03,66700000.0,71100000.0,4400000.0,CAD,hausse,True,sha256:59b3e9a382d497a02788ad00d664fe10d37ecfb0ce6e98fbb353931cf0275b1c,QUEBEC_PQI_PROJECT_DASHBOARD,observed_text_with_inferred_parse
QCPQIREV_D4490ECB8A1F48ED149E,QCPQI_929,Échangeur Darche – Sherbrooke – Reconstruction et réaménagement,PR_24,roads_transit_and_airports,authorized_completion_revision,2025-03,2026-12,2025-12,-12,calendar_months,devancée,True,sha256:1fff6fee6b1198d4bf358be0b004faa23c41408336285c3dc218495710494158,QUEBEC_PQI_PROJECT_DASHBOARD,observed_text_with_inferred_parse
QCPQIREV_3E8B368611F68D2F69CE,QCPQI_929,Échangeur Darche – Sherbrooke – Reconstruction et réaménagement,PR_24,roads_transit_and_airports,authorized_completion_revision,2026-03,2025-12,2025-06,-6,calendar_months,passant_de_a,True,sha256:59b3e9a382d497a02788ad00d664fe10d37ecfb0ce6e98fbb353931cf0275b1c,QUEBEC_PQI_PROJECT_DASHBOARD,observed_text_with_inferred_parse
QCPQIREV_F91402295C2FDA8D1868,QCPQI_1051,"Immeuble Résidence Harmonie, 82 logements – Dorval – Construction",PR_24,social_and_affordable_housing,authorized_cost_revision,2026-03,32600000.0,35300000.0,2700000.0,CAD,hausse,True,sha256:1fc99040bebed9c5bb4738bdde608922b57f46c32f0baee77c2e00510048e637,QUEBEC_PQI_PROJECT_DASHBOARD,observed_text_with_inferred_parse
QCPQIREV_B40299D42AE4BA39A83A,QCPQI_1051,"Immeuble Résidence Harmonie, 82 logements – Dorval – Construction",PR_24,social_and_affordable_housing,authorized_completion_revision,2026-03,2026-06,2027-05,11,calendar_months,passant_de_a,True,sha256:1fc99040bebed9c5bb4738bdde608922b57f46c32f0baee77c2e00510048e637,QUEBEC_PQI_PROJECT_DASHBOARD,observed_text_with_inferred_parse
QCPQIREV_09DF2839DD66483E9239,QCPQI_1055,"Immeuble Habitations Saint-Joseph, 96 logements – Châteauguay – Construction",PR_24,social_and_affordable_housing,authorized_cost_revision,2026-03,23300000.0,25800000.0,2500000.0,CAD,hausse,True,sha256:0a5bf76c73e5426f1a186628e2714dff9375d15fbacf64f49f9a518c5585ad30,QUEBEC_PQI_PROJECT_DASHBOARD,observed_text_with_inferred_parse
QCPQIREV_BA14D964B2D01E3D9505,QCPQI_1055,"Immeuble Habitations Saint-Joseph, 96 logements – Châteauguay – Construction",PR_24,social_and_affordable_housing,authorized_completion_revision,2026-03,2026-12,2027-10,10,calendar_months,passant_de_a,True,sha256:0a5bf76c73e5426f1a186628e2714dff9375d15fbacf64f49f9a518c5585ad30,QUEBEC_PQI_PROJECT_DASHBOARD,observed_text_with_inferred_parse
QCPQIREV_C1744C7383EED6F0C95B,QCPQI_67,"Hôpital Pierre-Le Gardeur, unités de soins – Terrebonne – Construction et agrandissement",PR_24,health_facilities,authorized_cost_revision,2026-03,549600000.0,702800000.0,153200000.0,CAD,hausse,True,sha256:a985a55dbfcc64842c70ea3b63d2c3fd8e3ff057753d153178739058c981538f,QUEBEC_PQI_PROJECT_DASHBOARD,observed_text_with_inferred_parse
QCPQIREV_43872D7F2ED3A75A39D3,QCPQI_67,"Hôpital Pierre-Le Gardeur, unités de soins – Terrebonne – Construction et agrandissement",PR_24,health_facilities,authorized_completion_revision,2026-03,2028-03,2029-07,16,calendar_months,passant_de_a,True,sha256:a985a55dbfcc64842c70ea3b63d2c3fd8e3ff057753d153178739058c981538f,QUEBEC_PQI_PROJECT_DASHBOARD,observed_text_with_inferred_parse
QCPQIREV_2334C7F74DC358A09407,QCPQI_77,"Hôpital de l'Enfant-Jésus, complexe hospitalier – Québec – Construction et réaménagement",PR_24,health_facilities,authorized_cost_revision,2022-03,1967500000.0,2238600000.0,271100000.0,CAD,hausse,True,sha256:4266e40bfaf7022c9f43439d237201b652b36a2ed1dca3aea396237143d55a42,QUEBEC_PQI_PROJECT_DASHBOARD,observed_text_with_inferred_parse
QCPQIREV_EB59FDA219F87C8B4AB8,QCPQI_77,"Hôpital de l'Enfant-Jésus, complexe hospitalier – Québec – Construction et réaménagement",PR_24,health_facilities,authorized_cost_revision,2025-08,2238600000.0,2656900000.0,418300000.0,CAD,hausse,True,sha256:1c72224dfafaa182cf0cb1c0936799501063dcdf4ed144e05cb2005ea13e70c0,QUEBEC_PQI_PROJECT_DASHBOARD,observed_text_with_inferred_parse
QCPQIREV_FC2B1833563E77548E0C,QCPQI_77,"Hôpital de l'Enfant-Jésus, complexe hospitalier – Québec – Construction et réaménagement",PR_24,health_facilities,authorized_completion_revision,2022-03,2025-12,2029-11,47,calendar_months,reportée,True,sha256:4266e40bfaf7022c9f43439d237201b652b36a2ed1dca3aea396237143d55a42,QUEBEC_PQI_PROJECT_DASHBOARD,observed_text_with_inferred_parse
QCPQIREV_66FAFF66F3D75444EDED,QCPQI_77,"Hôpital de l'Enfant-Jésus, complexe hospitalier – Québec – Construction et réaménagement",PR_24,health_facilities,authorized_completion_revision,2025-08,2029-11,2031-12,25,calendar_months,reportée,True,sha256:1c72224dfafaa182cf0cb1c0936799501063dcdf4ed144e05cb2005ea13e70c0,QUEBEC_PQI_PROJECT_DASHBOARD,observed_text_with_inferred_parse
QCPQIREV_AD21CB8EF72F3250EAC9,QCPQI_92,"Hôpital Vaudreuil-Soulanges, complexe hospitalier – Vaudreuil-Dorion – Construction",PR_24,health_facilities,authorized_completion_revision,2025-06,2026-11,2027-08,9,calendar_months,reportée,True,sha256:0fefc083a4285691e2427ac4b05ee4a00e9983144529ce341b703dde8a18ad0d,QUEBEC_PQI_PROJECT_DASHBOARD,observed_text_with_inferred_parse
QCPQIREV_655A476FE6D7B7B301E3,QCPQI_291,"Hôpital Fleury, urgence – Montréal – Agrandissement et réaménagement",PR_24,health_facilities,authorized_completion_revision,2026-03,2028-03,2028-08,5,calendar_months,passant_de_a,True,sha256:8cab19e64611e7318491e4780f1b6554bd21a9096d836c7da247d89c9038e032,QUEBEC_PQI_PROJECT_DASHBOARD,observed_text_with_inferred_parse
QCPQIREV_58D666055118273F38BC,QCPQI_350,Équipement avionique des avions CL415 – Québec – Modernisation,PR_24,roads_transit_and_airports,authorized_cost_revision,2026-03,56200000.0,59900000.0,3700000.0,CAD,hausse,True,sha256:5809e00f6d6d310d6a8e7053c1cc5e650c3f5267eb1f00ac24268723c32a7d66,QUEBEC_PQI_PROJECT_DASHBOARD,observed_text_with_inferred_parse
QCPQIREV_988642CDAC86271B2440,QCPQI_350,Équipement avionique des avions CL415 – Québec – Modernisation,PR_24,roads_transit_and_airports,authorized_completion_revision,2021-03,2020-05,2022-02,21,calendar_months,reportée,True,sha256:dff388185bee1eb56d41547fa330212d1ac1110e303380597dda3255c1e049d6,QUEBEC_PQI_PROJECT_DASHBOARD,observed_text_with_inferred_parse
QCPQIREV_99F4079E59631201852A,QCPQI_350,Équipement avionique des avions CL415 – Québec – Modernisation,PR_24,roads_transit_and_airports,authorized_completion_revision,2026-03,2027-05,2028-02,9,calendar_months,passant_de_a,True,sha256:5809e00f6d6d310d6a8e7053c1cc5e650c3f5267eb1f00ac24268723c32a7d66,QUEBEC_PQI_PROJECT_DASHBOARD,observed_text_with_inferred_parse
QCPQIREV_614F6DC5592A07D81F4A,QCPQI_445,Centre d'hébergement et de soins de longue durée du Rocher-Percé – Chandler – Agrandissement,PR_24,health_facilities,authorized_cost_revision,2023-12,60000000.0,75600000.0,15600000.0,CAD,hausse,True,sha256:1ceffbf82dd55cba03459f9fd6ce2bd530f36b389894d3304a114dc372986ab0,QUEBEC_PQI_PROJECT_DASHBOARD,observed_text_with_inferred_parse
QCPQIREV_D774DF9016D11A47055D,QCPQI_445,Centre d'hébergement et de soins de longue durée du Rocher-Percé – Chandler – Agrandissement,PR_24,health_facilities,authorized_completion_revision,2023-12,2024-06,2025-08,14,calendar_months,reportée,True,sha256:1ceffbf82dd55cba03459f9fd6ce2bd530f36b389894d3304a114dc372986ab0,QUEBEC_PQI_PROJECT_DASHBOARD,observed_text_with_inferred_parse
QCPQIREV_605FC685A87E0C530124,QCPQI_445,Centre d'hébergement et de soins de longue durée du Rocher-Percé – Chandler – Agrandissement,PR_24,health_facilities,authorized_completion_revision,2026-03,2025-08,2026-06,10,calendar_months,passant_de_a,True,sha256:d92ba6390e8cf775c306dfd35deea94ce1e0000683997270c357263a3f0fdce4,QUEBEC_PQI_PROJECT_DASHBOARD,observed_text_with_inferred_parse
QCPQIREV_966FA9D76D3553D34F5B,QCPQI_448,Laboratoire serveur – Saint-Bruno-de-Montarville – Construction,PR_24,health_facilities,authorized_cost_revision,2022-08,67500000.0,91200000.0,23700000.0,CAD,hausse,True,sha256:6b9980b7762cbf979a0925e17077e5a6ff69beca576cf5e18b0fa1062496d2c6,QUEBEC_PQI_PROJECT_DASHBOARD,observed_text_with_inferred_parse
QCPQIREV_B1E36DEE0E2FC651DAF6,QCPQI_509,Maison des aînés et alternative (ancien CHSLD) – Palmarolle – Construction,PR_24,health_facilities,authorized_cost_revision,2022-06,20000000.0,34300000.0,14300000.0,CAD,hausse,True,sha256:27cdf230068057e3f799bac125bf10ac293905af71b4b732768fc980a0d52267,QUEBEC_PQI_PROJECT_DASHBOARD,observed_text_with_inferred_parse
QCPQIREV_C859D19FA73BD2391800,QCPQI_509,Maison des aînés et alternative (ancien CHSLD) – Palmarolle – Construction,PR_24,health_facilities,authorized_completion_revision,2022-06,2022-09,2023-08,11,calendar_months,reportée,True,sha256:27cdf230068057e3f799bac125bf10ac293905af71b4b732768fc980a0d52267,QUEBEC_PQI_PROJECT_DASHBOARD,observed_text_with_inferred_parse
QCPQIREV_2775CEE46F36C8BB60B8,QCPQI_509,Maison des aînés et alternative (ancien CHSLD) – Palmarolle – Construction,PR_24,health_facilities,authorized_completion_revision,2024-02,2023-08,2025-09,25,calendar_months,reportée,True,sha256:b47ddd65f8c4ec64639c4a7d031f6db3197a81116c236032b97e21d0df3f0ffe,QUEBEC_PQI_PROJECT_DASHBOARD,observed_text_with_inferred_parse
QCPQIREV_FAC139607D47D847A8A9,QCPQI_881,"Hôpital du Haut-Richelieu, centre mère-enfant et laboratoire de biologie médicale – Saint-Jean-sur-Richelieu – Réaménagement",PR_24,health_facilities,authorized_cost_revision,2023-03,28800000.0,45600000.0,16800000.0,CAD,hausse,True,sha256:7a3c47d73f606f26cca8e19eb4e8f5b254de844267088b2cf8bb728bf6c90613,QUEBEC_PQI_PROJECT_DASHBOARD,observed_text_with_inferred_parse
QCPQIREV_A436EAD9709391F8416A,QCPQI_881,"Hôpital du Haut-Richelieu, centre mère-enfant et laboratoire de biologie médicale – Saint-Jean-sur-Richelieu – Réaménagement",PR_24,health_facilities,authorized_completion_revision,2025-03,2024-10,2025-08,10,calendar_months,reportée,True,sha256:d84653c294887d210cf8414b3c8f97f7ebf94a6ef9349ea750d75420305c53fc,QUEBEC_PQI_PROJECT_DASHBOARD,observed_text_with_inferred_parse
QCPQIREV_835D88C710B00A3B4D7A,QCPQI_881,"Hôpital du Haut-Richelieu, centre mère-enfant et laboratoire de biologie médicale – Saint-Jean-sur-Richelieu – Réaménagement",PR_24,health_facilities,authorized_completion_revision,2026-03,2025-08,2026-03,7,calendar_months,passant_de_a,True,sha256:1107f7f0580265e83b2404139164997f4e147af8249215e803b99882102c5c54,QUEBEC_PQI_PROJECT_DASHBOARD,observed_text_with_inferred_parse
QCPQIREV_D1B2792860A30EA803DB,QCPQI_1005,"Hôpital Anna-Laberge, complexe modulaire et urgence – Châteauguay – Construction et réaménagement",PR_24,health_facilities,authorized_cost_revision,2024-05,36100000.0,38300000.0,2200000.0,CAD,hausse,True,sha256:780c1f8dac187bd7643f7c156f387038d5973d7c1c322079d297d69b2951c775,QUEBEC_PQI_PROJECT_DASHBOARD,observed_text_with_inferred_parse
QCPQIREV_68954CA0A16BA22259D2,QCPQI_1005,"Hôpital Anna-Laberge, complexe modulaire et urgence – Châteauguay – Construction et réaménagement",PR_24,health_facilities,authorized_cost_revision,2026-03,38300000.0,39000000.0,700000.0,CAD,hausse,True,sha256:ce10a2b217d3c93169b024aae8450eda88b073c33c391ee56875c3f01adffc92,QUEBEC_PQI_PROJECT_DASHBOARD,observed_text_with_inferred_parse
QCPQIREV_66537056E73FA5D28FC6,QCPQI_1005,"Hôpital Anna-Laberge, complexe modulaire et urgence – Châteauguay – Construction et réaménagement",PR_24,health_facilities,authorized_completion_revision,2024-02,2023-11,2024-10,11,calendar_months,reportée,True,sha256:b832dac456dccfb9c79fa3a85bf5836ce6f1c4bf6df733ee2beb5fe25282dd69,QUEBEC_PQI_PROJECT_DASHBOARD,observed_text_with_inferred_parse
QCPQIREV_E3411E521693ADE1D3F5,QCPQI_1005,"Hôpital Anna-Laberge, complexe modulaire et urgence – Châteauguay – Construction et réaménagement",PR_24,health_facilities,authorized_completion_revision,2025-03,2024-10,2025-06,8,calendar_months,reportée,True,sha256:3597de2e20d875a38fb5d63668f6776e00fe11afff12c070d454c0994ef19c86,QUEBEC_PQI_PROJECT_DASHBOARD,observed_text_with_inferred_parse
QCPQIREV_7F433F2A56CDDFBC79A5,QCPQI_521,Maison des aînés et alternative de Havre-Saint-Pierre – Construction,PR_24,health_facilities,authorized_cost_revision,2022-04,51200000.0,56600000.0,5400000.0,CAD,hausse,True,sha256:734ac1d23b20c984e1bb8e024b27b2aa99fd2f7a351b5bddf6a7dc31f0c4d283,QUEBEC_PQI_PROJECT_DASHBOARD,observed_text_with_inferred_parse
QCPQIREV_30E0AA442834479EBA94,QCPQI_521,Maison des aînés et alternative de Havre-Saint-Pierre – Construction,PR_24,health_facilities,authorized_completion_revision,2022-04,2022-09,2022-12,3,calendar_months,reportée,True,sha256:734ac1d23b20c984e1bb8e024b27b2aa99fd2f7a351b5bddf6a7dc31f0c4d283,QUEBEC_PQI_PROJECT_DASHBOARD,observed_text_with_inferred_parse
QCPQIREV_3EC2823DB0161FFF3C30,QCPQI_521,Maison des aînés et alternative de Havre-Saint-Pierre – Construction,PR_24,health_facilities,authorized_completion_revision,2025-01,2022-12,2025-12,36,calendar_months,reportée,True,sha256:f1e37d43ccd78fa8fafb2b957ef4bfb8b8a70c4335b57041bc6fe4b20988d1d8,QUEBEC_PQI_PROJECT_DASHBOARD,observed_text_with_inferred_parse
QCPQIREV_F43A4659B6B90F3383F3,QCPQI_521,Maison des aînés et alternative de Havre-Saint-Pierre – Construction,PR_24,health_facilities,authorized_completion_revision,2026-03,2025-12,2026-06,6,calendar_months,passant_de_a,True,sha256:b1b091c3a024ddf3143e9f378016249cfbad41684433c13dee2e69e0e17b2ea3,QUEBEC_PQI_PROJECT_DASHBOARD,observed_text_with_inferred_parse
QCPQIREV_71E87A61A9FE52AD6A70,QCPQI_572,Maison des aînés (ancien CHSLD) – Sainte-Élisabeth – Construction,PR_24,health_facilities,authorized_cost_revision,2022-08,48400000.0,74900000.0,26500000.0,CAD,hausse,True,sha256:eb5fa0a83070cc8f1e9f4f62715b7973160bcde21570d5c4a14886d4636fee94,QUEBEC_PQI_PROJECT_DASHBOARD,observed_text_with_inferred_parse
QCPQIREV_D6815EB7A1809AF70B5C,QCPQI_572,Maison des aînés (ancien CHSLD) – Sainte-Élisabeth – Construction,PR_24,health_facilities,authorized_completion_revision,2023-03,2023-06,2024-04,10,calendar_months,reportée,True,sha256:a7ee08b4b564e4f47a08fc6284c9da46a38579d386b25f57f2f46e47dd0236ea,QUEBEC_PQI_PROJECT_DASHBOARD,observed_text_with_inferred_parse
QCPQIREV_CC0FD85471339186DB30,QCPQI_572,Maison des aînés (ancien CHSLD) – Sainte-Élisabeth – Construction,PR_24,health_facilities,authorized_completion_revision,2025-03,2024-04,2026-06,26,calendar_months,reportée,True,sha256:f0cf7e5180ffd38b585fbf506eefaf6d2d5ec6247000ac083a2e61affc5195c2,QUEBEC_PQI_PROJECT_DASHBOARD,observed_text_with_inferred_parse
QCPQIREV_8BDF90F3B0A3F599BA46,QCPQI_572,Maison des aînés (ancien CHSLD) – Sainte-Élisabeth – Construction,PR_24,health_facilities,authorized_completion_revision,2026-03,2026-06,2026-04,-2,calendar_months,passant_de_a,True,sha256:af98473c2b3fed556aa981ec81693ae5ca589e7a5d20627bbeba2b5f964610b1,QUEBEC_PQI_PROJECT_DASHBOARD,observed_text_with_inferred_parse
QCPQIREV_664B873E1307E7669A4C,QCPQI_573,Centre de réadaptation pour les jeunes en difficulté d'adaptation Dominique-Savio – Montréal – Agrandissement et réaménagement,PR_24,health_facilities,authorized_cost_revision,2024-01,50000000.0,68900000.0,18900000.0,CAD,hausse,True,sha256:9c8a1bcb1a7a0a0992643d92aed27aaa6d5cade9f6a8f1515a120c46ca1929f2,QUEBEC_PQI_PROJECT_DASHBOARD,observed_text_with_inferred_parse
QCPQIREV_90C65F6A1CC27921C99F,QCPQI_573,Centre de réadaptation pour les jeunes en difficulté d'adaptation Dominique-Savio – Montréal – Agrandissement et réaménagement,PR_24,health_facilities,authorized_completion_revision,2024-01,2024-09,2026-08,23,calendar_months,reportée,True,sha256:9c8a1bcb1a7a0a0992643d92aed27aaa6d5cade9f6a8f1515a120c46ca1929f2,QUEBEC_PQI_PROJECT_DASHBOARD,observed_text_with_inferred_parse
QCPQIREV_37C0B2ECEB2F9A197C07,QCPQI_573,Centre de réadaptation pour les jeunes en difficulté d'adaptation Dominique-Savio – Montréal – Agrandissement et réaménagement,PR_24,health_facilities,authorized_completion_revision,2026-03,2026-08,2026-12,4,calendar_months,passant_de_a,True,sha256:fe39bc6291ac54ba97f0833621ccb21276ea4b7f1357c54382b374367f931900,QUEBEC_PQI_PROJECT_DASHBOARD,observed_text_with_inferred_parse
QCPQIREV_C4651754F40C9A657409,QCPQI_576,Maison des aînés (ancien CHSLD Nicolet) – Montréal – Construction,PR_24,health_facilities,authorized_cost_revision,2026-03,266700000.0,214000000.0,-52700000.0,CAD,baisse,True,sha256:59b418eb91cc7413768fc6b1ef7e956d11322446f5dbe3006cb732a732530398,QUEBEC_PQI_PROJECT_DASHBOARD,observed_text_with_inferred_parse
QCPQIREV_E7B101991DC0B5018651,QCPQI_576,Maison des aînés (ancien CHSLD Nicolet) – Montréal – Construction,PR_24,health_facilities,authorized_completion_revision,2026-03,2026-04,2026-12,8,calendar_months,passant_de_a,True,sha256:59b418eb91cc7413768fc6b1ef7e956d11322446f5dbe3006cb732a732530398,QUEBEC_PQI_PROJECT_DASHBOARD,observed_text_with_inferred_parse
QCPQIREV_4A664CCE90E3300BCE95,QCPQI_578,Maison des aînés (ancien CHSLD Jeanne-Le Ber) – Montréal – Construction,PR_24,health_facilities,authorized_cost_revision,2023-11,269700000.0,237700000.0,-32000000.0,CAD,baisse,True,sha256:85fdc7c3eb5d37eeacd72f8cfddd134a8ee2f6a2e08b56cd9c36b66ba47a6e38,QUEBEC_PQI_PROJECT_DASHBOARD,observed_text_with_inferred_parse
QCPQIREV_AB7ACCC51AD12C2BD56C,QCPQI_431,Maison des aînés et alternative spécialisée (ancien CHSLD) – Macamic – Agrandissement et réaménagement,PR_24,health_facilities,authorized_cost_revision,2024-05,65000000.0,124500000.0,59500000.0,CAD,hausse,True,sha256:1a6fa590f2dabf743c632155c9bb694bd68613c52bfb7111f281fca4d99eb22a,QUEBEC_PQI_PROJECT_DASHBOARD,observed_text_with_inferred_parse
QCPQIREV_90A8696BFC377384BC91,QCPQI_431,Maison des aînés et alternative spécialisée (ancien CHSLD) – Macamic – Agrandissement et réaménagement,PR_24,health_facilities,authorized_completion_revision,2024-05,2024-06,2026-12,30,calendar_months,reportée,True,sha256:1a6fa590f2dabf743c632155c9bb694bd68613c52bfb7111f281fca4d99eb22a,QUEBEC_PQI_PROJECT_DASHBOARD,observed_text_with_inferred_parse
QCPQIREV_537E8FECA57C6E3858B6,QCPQI_439,Maison des aînés et alternative (ancien CHSLD) – Maniwaki – Construction,PR_24,health_facilities,authorized_cost_revision,2022-08,70000000.0,112400000.0,42400000.0,CAD,hausse,True,sha256:ebdd31118ce6b5328fb8294d7fc549a4251d59038866398979b7d38a6b4cc34f,QUEBEC_PQI_PROJECT_DASHBOARD,observed_text_with_inferred_parse
QCPQIREV_1A0219947439DC36B2BE,QCPQI_439,Maison des aînés et alternative (ancien CHSLD) – Maniwaki – Construction,PR_24,health_facilities,authorized_cost_revision,2023-04,112400000.0,127400000.0,15000000.0,CAD,hausse,True,sha256:460993773db49abd5d68138ab592582db6e2bf72936fe99e012af15327dca85a,QUEBEC_PQI_PROJECT_DASHBOARD,observed_text_with_inferred_parse
QCPQIREV_1543541C06E4AE998BA0,QCPQI_439,Maison des aînés et alternative (ancien CHSLD) – Maniwaki – Construction,PR_24,health_facilities,authorized_completion_revision,2022-08,2023-12,2024-10,10,calendar_months,reportée,True,sha256:ebdd31118ce6b5328fb8294d7fc549a4251d59038866398979b7d38a6b4cc34f,QUEBEC_PQI_PROJECT_DASHBOARD,observed_text_with_inferred_parse
QCPQIREV_99760F55FFCC83238505,QCPQI_439,Maison des aînés et alternative (ancien CHSLD) – Maniwaki – Construction,PR_24,health_facilities,authorized_completion_revision,2023-04,2024-10,2025-02,4,calendar_months,reportée,True,sha256:460993773db49abd5d68138ab592582db6e2bf72936fe99e012af15327dca85a,QUEBEC_PQI_PROJECT_DASHBOARD,observed_text_with_inferred_parse
QCPQIREV_7410055D7612A718E29F,QCPQI_439,Maison des aînés et alternative (ancien CHSLD) – Maniwaki – Construction,PR_24,health_facilities,authorized_completion_revision,2026-03,2025-02,2025-06,4,calendar_months,passant_de_a,True,sha256:0a9f72a8d73bb9ed46d7608ff56957c648710560ca622b4fc2eb4664813bfb02,QUEBEC_PQI_PROJECT_DASHBOARD,observed_text_with_inferred_parse
QCPQIREV_D86D114E24CE5DDFD04F,QCPQI_538,Maison des aînés et alternative de Sainte-Rose – Laval – Construction,PR_24,health_facilities,authorized_cost_revision,2022-04,51200000.0,77800000.0,26600000.0,CAD,hausse,True,sha256:c952e26035466d640814322c7217803522376b6a0992cf7906b9dc9176068d73,QUEBEC_PQI_PROJECT_DASHBOARD,observed_text_with_inferred_parse
QCPQIREV_D26EEDA3FFB95BC7F6B5,QCPQI_538,Maison des aînés et alternative de Sainte-Rose – Laval – Construction,PR_24,health_facilities,authorized_cost_revision,2025-02,77800000.0,85500000.0,7700000.0,CAD,hausse,True,sha256:deea2c3ab13e196a2fa7267e8f2e6c066f61aabb6dea416e148d52f9bb0ece8f,QUEBEC_PQI_PROJECT_DASHBOARD,observed_text_with_inferred_parse
QCPQIREV_99FEB96404C57728C067,QCPQI_538,Maison des aînés et alternative de Sainte-Rose – Laval – Construction,PR_24,health_facilities,authorized_completion_revision,2025-01,2022-09,2027-03,54,calendar_months,reportée,True,sha256:369cd91cd1520e7d5c90d5b972672783d89ecd3fb9a15c25060ad1d402076d40,QUEBEC_PQI_PROJECT_DASHBOARD,observed_text_with_inferred_parse
QCPQIREV_2BE267DA82B768A63ABA,QCPQI_604,Chemin de fer Québec Central entre Charny et Vallée-Jonction – Réfection et reconstruction,PR_24,roads_transit_and_airports,authorized_cost_revision,2024-02,85000000.0,109400000.0,24400000.0,CAD,hausse,True,sha256:ec7a31d1b725cf04698738c989eee486c6310db3aa3597fc881fb55e195d83b1,QUEBEC_PQI_PROJECT_DASHBOARD,observed_text_with_inferred_parse
QCPQIREV_EFDDA3D320F44D62325E,QCPQI_604,Chemin de fer Québec Central entre Charny et Vallée-Jonction – Réfection et reconstruction,PR_24,roads_transit_and_airports,authorized_cost_revision,2025-03,109400000.0,106300000.0,-3100000.0,CAD,baisse,True,sha256:92f692be31fe1c0dcce05f1469443624430690a83edce581f6c446c200ddff9d,QUEBEC_PQI_PROJECT_DASHBOARD,observed_text_with_inferred_parse
QCPQIREV_355B47AC8BCE7DBF75AA,QCPQI_604,Chemin de fer Québec Central entre Charny et Vallée-Jonction – Réfection et reconstruction,PR_24,roads_transit_and_airports,authorized_completion_revision,2024-02,2024-12,2025-12,12,calendar_months,reportée,True,sha256:ec7a31d1b725cf04698738c989eee486c6310db3aa3597fc881fb55e195d83b1,QUEBEC_PQI_PROJECT_DASHBOARD,observed_text_with_inferred_parse
QCPQIREV_0AB55707B30F1248B32C,QCPQI_571,Maison des aînés Pierrefonds-Roxboro–Dollard-des-Ormeaux (ancien CHSLD Denis-Benjamin-Viger) – Montréal – Construction,PR_24,health_facilities,authorized_cost_revision,2023-11,219700000.0,187500000.0,-32200000.0,CAD,baisse,True,sha256:014ede9579e74ab709bb3d4ca6890a6f584afe2934d84856a435773935ed4aae,QUEBEC_PQI_PROJECT_DASHBOARD,observed_text_with_inferred_parse
QCPQIREV_2D38D9874E83E6E7DF12,QCPQI_571,Maison des aînés Pierrefonds-Roxboro–Dollard-des-Ormeaux (ancien CHSLD Denis-Benjamin-Viger) – Montréal – Construction,PR_24,health_facilities,authorized_completion_revision,2026-03,2026-03,2026-06,3,calendar_months,passant_de_a,True,sha256:6929bfd2aa2b5e574394ce6f48784f7d70b39e879a1e5e7c82b2fd148dbd5819,QUEBEC_PQI_PROJECT_DASHBOARD,observed_text_with_inferred_parse
QCPQIREV_EA30D4267CE1DB7371FC,QCPQI_602,Maison des aînés (ancien CHSLD) – Lac-Mégantic – Construction,PR_24,health_facilities,authorized_cost_revision,2021-03,70000000.0,85000000.0,15000000.0,CAD,hausse,True,sha256:0c00f8f8b85c312ed618a2639f8cd2a7d6b4e7f0972655b5f44844b548a03f1e,QUEBEC_PQI_PROJECT_DASHBOARD,observed_text_with_inferred_parse
QCPQIREV_8DF6D138F275730A2FA4,QCPQI_602,Maison des aînés (ancien CHSLD) – Lac-Mégantic – Construction,PR_24,health_facilities,authorized_cost_revision,2023-01,85000000.0,107900000.0,22900000.0,CAD,hausse,True,sha256:f00267d88dddafae5e69a425bb0ce35b4fb0f628a87cc5d782bf0324c18222be,QUEBEC_PQI_PROJECT_DASHBOARD,observed_text_with_inferred_parse
QCPQIREV_C482666CA2D23A7BA9D0,QCPQI_602,Maison des aînés (ancien CHSLD) – Lac-Mégantic – Construction,PR_24,health_facilities,authorized_cost_revision,2026-03,107900000.0,101600000.0,-6300000.0,CAD,baisse,True,sha256:e2d67f3376799beaa640d6f7647307692966b42f751062b43ea432655fc54872,QUEBEC_PQI_PROJECT_DASHBOARD,observed_text_with_inferred_parse
QCPQIREV_054DF6516B9D6F8DAF2A,QCPQI_602,Maison des aînés (ancien CHSLD) – Lac-Mégantic – Construction,PR_24,health_facilities,authorized_completion_revision,2023-01,2024-06,2025-03,9,calendar_months,reportée,True,sha256:f00267d88dddafae5e69a425bb0ce35b4fb0f628a87cc5d782bf0324c18222be,QUEBEC_PQI_PROJECT_DASHBOARD,observed_text_with_inferred_parse
QCPQIREV_519DC0E603BED86C6DFB,QCPQI_602,Maison des aînés (ancien CHSLD) – Lac-Mégantic – Construction,PR_24,health_facilities,authorized_completion_revision,2026-03,2025-03,2025-11,8,calendar_months,passant_de_a,True,sha256:e2d67f3376799beaa640d6f7647307692966b42f751062b43ea432655fc54872,QUEBEC_PQI_PROJECT_DASHBOARD,observed_text_with_inferred_parse
QCPQIREV_1D946D339AC2C817A4C8,QCPQI_603,Maison des aînés et alternative spécialisée (ancien CHSLD Henri-Bradet) – Montréal – Agrandissement et réaménagement,PR_24,health_facilities,authorized_cost_revision,2021-03,70000000.0,85000000.0,15000000.0,CAD,hausse,True,sha256:0c00f8f8b85c312ed618a2639f8cd2a7d6b4e7f0972655b5f44844b548a03f1e,QUEBEC_PQI_PROJECT_DASHBOARD,observed_text_with_inferred_parse
QCPQIREV_CA081687E81569B04BAB,QCPQI_603,Maison des aînés et alternative spécialisée (ancien CHSLD Henri-Bradet) – Montréal – Agrandissement et réaménagement,PR_24,health_facilities,authorized_completion_revision,2023-03,2024-06,2025-12,18,calendar_months,reportée,True,sha256:34b51fb3f76fd823c856a07e937ad7adb531ad9a81f838afb02c6f0a183f71bc,QUEBEC_PQI_PROJECT_DASHBOARD,observed_text_with_inferred_parse
QCPQIREV_E752B2055CC6391E3770,QCPQI_125,Palais de justice de Saint-Hyacinthe – Reconstruction et agrandissement,PR_24,government_and_civic_facilities,authorized_cost_revision,2023-09,122000000.0,185500000.0,63500000.0,CAD,hausse,True,sha256:06d60cfd54eb97b460cd71f0f1e9502bd0b5ec6d7401cec49f19875a36be2e47,QUEBEC_PQI_PROJECT_DASHBOARD,observed_text_with_inferred_parse
QCPQIREV_3654B9E4448395D73C27,QCPQI_125,Palais de justice de Saint-Hyacinthe – Reconstruction et agrandissement,PR_24,government_and_civic_facilities,authorized_completion_revision,2023-09,2023-12,2026-07,31,calendar_months,reportée,True,sha256:06d60cfd54eb97b460cd71f0f1e9502bd0b5ec6d7401cec49f19875a36be2e47,QUEBEC_PQI_PROJECT_DASHBOARD,observed_text_with_inferred_parse
QCPQIREV_FA4286F2DF52868A1FBE,QCPQI_125,Palais de justice de Saint-Hyacinthe – Reconstruction et agrandissement,PR_24,government_and_civic_facilities,authorized_completion_revision,2026-03,2026-07,2027-02,7,calendar_months,passant_de_a,True,sha256:f56b7e2f80c4b5d41dacc6e46b30bd64a9e7ab57bc59eda077eb9ea15d1e7ed7,QUEBEC_PQI_PROJECT_DASHBOARD,observed_text_with_inferred_parse
QCPQIREV_399AA22CB8A41ACE7F8F,QCPQI_555,Palais de justice de Rouyn-Noranda – Construction,PR_24,government_and_civic_facilities,authorized_completion_revision,2025-04,2027-03,2030-09,42,calendar_months,reportée,True,sha256:4e012d68c0fdc35ff8db6d81822bb2cc5e390a536eae4661e0b4822288393bc0,QUEBEC_PQI_PROJECT_DASHBOARD,observed_text_with_inferred_parse
QCPQIREV_1FD9E4DABBCAAFE1B410,QCPQI_484,Centre sportif et communautaire – Mont-Royal – Construction,PR_24,government_and_civic_facilities,authorized_cost_revision,2021-03,30100000.0,46900000.0,16800000.0,CAD,hausse,True,sha256:0937c3ebf8d96d3cd60d99fe03299e802682904a5d6e5366f5339f199e372aba,QUEBEC_PQI_PROJECT_DASHBOARD,observed_text_with_inferred_parse
QCPQIREV_735AD91EA907E7D9976A,QCPQI_484,Centre sportif et communautaire – Mont-Royal – Construction,PR_24,government_and_civic_facilities,authorized_cost_revision,2025-03,46900000.0,80500000.0,33600000.0,CAD,hausse,True,sha256:5219e61d562f40c007fef068ad2786744203577a26727195331e6c1558ba9dc0,QUEBEC_PQI_PROJECT_DASHBOARD,observed_text_with_inferred_parse
QCPQIREV_909B5486DF267AE6284D,QCPQI_484,Centre sportif et communautaire – Mont-Royal – Construction,PR_24,government_and_civic_facilities,authorized_completion_revision,2023-03,2022-11,2026-11,48,calendar_months,reportée,True,sha256:6d5f348be972c01f1a3964fe81922e0154072d66ef3ab25af0b929bb46ecee71,QUEBEC_PQI_PROJECT_DASHBOARD,observed_text_with_inferred_parse
QCPQIREV_7AA2217EA75680AD4929,QCPQI_484,Centre sportif et communautaire – Mont-Royal – Construction,PR_24,government_and_civic_facilities,authorized_completion_revision,2025-03,2026-11,2028-10,23,calendar_months,reportée,True,sha256:5219e61d562f40c007fef068ad2786744203577a26727195331e6c1558ba9dc0,QUEBEC_PQI_PROJECT_DASHBOARD,observed_text_with_inferred_parse
QCPQIREV_1B8F2C0723CCE19C2F08,QCPQI_488,Complexe multisport – Sainte-Catherine – Construction,PR_24,government_and_civic_facilities,authorized_completion_revision,2026-03,2025-06,2025-08,2,calendar_months,passant_de_a,True,sha256:0b9e2bf96d55a787c0fa328768c595560bd842047250a29e22651d2420d1a6b0,QUEBEC_PQI_PROJECT_DASHBOARD,observed_text_with_inferred_parse
QCPQIREV_20C38D661E191715EAEF,QCPQI_127,Route 389 (A) entre Fire Lake et Fermont – Reconstruction,PR_24,roads_transit_and_airports,authorized_cost_revision,2023-07,280200000.0,493500000.0,213300000.0,CAD,hausse,True,sha256:d4baa37feb29fee1e534c271655b17c73848152e46f46e5818f49cc2a56ebb55,QUEBEC_PQI_PROJECT_DASHBOARD,observed_text_with_inferred_parse
QCPQIREV_B35012477C31740179C6,QCPQI_136,Autoroute 85 (Claude-Béchard) entre Saint-Antonin et Saint-Louis-du-Ha! Ha! (phase III) – Bas-Saint-Laurent – Construction,PR_24,roads_transit_and_airports,authorized_cost_revision,2022-04,942900000.0,883300000.0,-59600000.0,CAD,baisse,True,sha256:f8b7fa93307ff4fd6b1e96eb59fae42c6484bfbd3ce66c760bf833cc498b3f50,QUEBEC_PQI_PROJECT_DASHBOARD,observed_text_with_inferred_parse
QCPQIREV_1B05C3E1B7E1A2F80CB1,QCPQI_136,Autoroute 85 (Claude-Béchard) entre Saint-Antonin et Saint-Louis-du-Ha! Ha! (phase III) – Bas-Saint-Laurent – Construction,PR_24,roads_transit_and_airports,authorized_completion_revision,2026-03,2025-11,2026-12,13,calendar_months,passant_de_a,True,sha256:b5ab8eb09e112683e1272b8f5d47a6e91ff260fe16dc6edf9a83f15210efe412,QUEBEC_PQI_PROJECT_DASHBOARD,observed_text_with_inferred_parse
QCPQIREV_8DF48A72B8B36010F34E,QCPQI_286,Autoroute 20 (Jean-Lesage) entre la route du Président-Kennedy et l'accès au pont Pierre-Laporte – Lévis – Élargissement,PR_24,roads_transit_and_airports,authorized_cost_revision,2023-03,70300000.0,80200000.0,9900000.0,CAD,hausse,True,sha256:1fd9f386c5c71db7181ca4b4ba2508a28ddc498ba4263b4cd59966d478745a9e,QUEBEC_PQI_PROJECT_DASHBOARD,observed_text_with_inferred_parse
QCPQIREV_7B5A7DD53ECE545FBAE2,QCPQI_286,Autoroute 20 (Jean-Lesage) entre la route du Président-Kennedy et l'accès au pont Pierre-Laporte – Lévis – Élargissement,PR_24,roads_transit_and_airports,authorized_cost_revision,2025-03,80200000.0,101300000.0,21100000.0,CAD,hausse,True,sha256:0250caeab5bcddc792dd331d6dc83454915d4c1574f83f5bf26196fa6190cd79,QUEBEC_PQI_PROJECT_DASHBOARD,observed_text_with_inferred_parse
QCPQIREV_C7EF7AB1AA16CAD46B71,QCPQI_286,Autoroute 20 (Jean-Lesage) entre la route du Président-Kennedy et l'accès au pont Pierre-Laporte – Lévis – Élargissement,PR_24,roads_transit_and_airports,authorized_completion_revision,2025-03,2028-12,2031-12,36,calendar_months,reportée,True,sha256:0250caeab5bcddc792dd331d6dc83454915d4c1574f83f5bf26196fa6190cd79,QUEBEC_PQI_PROJECT_DASHBOARD,observed_text_with_inferred_parse
QCPQIREV_CE465441D0BF7162DD1E,QCPQI_318,Autoroute 35 entre Saint-Sébastien et Saint-Armand (phase III) – Construction,PR_24,roads_transit_and_airports,authorized_cost_revision,2020-03,202200000.0,222900000.0,20700000.0,CAD,hausse,True,sha256:e4d59fdb2e5b11af3940930c619bb288bee6096f246ae811920c169d5e48b19a,QUEBEC_PQI_PROJECT_DASHBOARD,observed_text_with_inferred_parse
QCPQIREV_920204C420E5ABAD301E,QCPQI_318,Autoroute 35 entre Saint-Sébastien et Saint-Armand (phase III) – Construction,PR_24,roads_transit_and_airports,authorized_completion_revision,2024-01,2023-09,2025-09,24,calendar_months,reportée,True,sha256:5df48da8b3a34ff6ddb0787c3a0f944555ed3cf27bf4e4bfc7e8af2c60974587,QUEBEC_PQI_PROJECT_DASHBOARD,observed_text_with_inferred_parse
QCPQIREV_A2BFD3B10E1F2F32F554,QCPQI_322,"Autoroute 15 (des Laurentides), direction nord, entre Boisbriand et Mirabel, voie réservée – Aménagement",PR_24,roads_transit_and_airports,authorized_cost_revision,2024-07,191700000.0,292100000.0,100400000.0,CAD,hausse,True,sha256:29e47b7e5e0c41c59539e557786d5509aa7bf0f2054a208b5476de96d4b079cf,QUEBEC_PQI_PROJECT_DASHBOARD,observed_text_with_inferred_parse
QCPQIREV_06455D54A7C9709E0C5F,QCPQI_322,"Autoroute 15 (des Laurentides), direction nord, entre Boisbriand et Mirabel, voie réservée – Aménagement",PR_24,roads_transit_and_airports,authorized_completion_revision,2024-07,2025-08,2026-12,16,calendar_months,reportée,True,sha256:29e47b7e5e0c41c59539e557786d5509aa7bf0f2054a208b5476de96d4b079cf,QUEBEC_PQI_PROJECT_DASHBOARD,observed_text_with_inferred_parse
QCPQIREV_3D5F1CF04366D6EDC908,QCPQI_322,"Autoroute 15 (des Laurentides), direction nord, entre Boisbriand et Mirabel, voie réservée – Aménagement",PR_24,roads_transit_and_airports,authorized_completion_revision,2026-03,2026-12,2027-12,12,calendar_months,passant_de_a,True,sha256:490a673af808a985d016086a322fa0a5780e983d4b5f1d862ec1bf3df4a6ca35,QUEBEC_PQI_PROJECT_DASHBOARD,observed_text_with_inferred_parse
QCPQIREV_C62E3392CAC0AC54D832,QCPQI_169,"Pont Laviolette entre Trois-Rivières et Bécancour, dalle – Réfection",PR_24,roads_transit_and_airports,authorized_completion_revision,2026-03,2025-08,2025-11,3,calendar_months,passant_de_a,True,sha256:91e34f70bceae722237f5081fbfb0237b306f29cfcb24243250276d591ad26e8,QUEBEC_PQI_PROJECT_DASHBOARD,observed_text_with_inferred_parse
QCPQIREV_F5BCFE5750B3F1CB4815,QCPQI_259,Édifice Gérard-D.-Levesque – Québec – Réfection et réaménagement,PR_24,government_and_civic_facilities,authorized_cost_revision,2024-03,188300000.0,340000000.0,151700000.0,CAD,hausse,True,sha256:8425f4e512a0795e19a6e9f8cb9d82f44e09f0c7eef186abd00c22a21543bf80,QUEBEC_PQI_PROJECT_DASHBOARD,observed_text_with_inferred_parse
QCPQIREV_C0796CF4D184C7F26BE4,QCPQI_259,Édifice Gérard-D.-Levesque – Québec – Réfection et réaménagement,PR_24,government_and_civic_facilities,authorized_completion_revision,2024-03,2025-09,2027-04,19,calendar_months,reportée,True,sha256:8425f4e512a0795e19a6e9f8cb9d82f44e09f0c7eef186abd00c22a21543bf80,QUEBEC_PQI_PROJECT_DASHBOARD,observed_text_with_inferred_parse
QCPQIREV_8ED9E9345B41FC2EF407,QCPQI_325,"Édifice du 1000, rue Fullum, bloc C – Montréal – Réfection et réaménagement",PR_24,government_and_civic_facilities,authorized_cost_revision,2026-03,75900000.0,77100000.0,1200000.0,CAD,hausse,True,sha256:9a51674bd35b75dba81cd67edf0a3c784167dc54cbb7444f894706b6fabc4c2f,QUEBEC_PQI_PROJECT_DASHBOARD,observed_text_with_inferred_parse
QCPQIREV_64000F5E53F20542F7AC,QCPQI_325,"Édifice du 1000, rue Fullum, bloc C – Montréal – Réfection et réaménagement",PR_24,government_and_civic_facilities,authorized_completion_revision,2026-03,2023-12,2026-11,35,calendar_months,reportée,True,sha256:9a51674bd35b75dba81cd67edf0a3c784167dc54cbb7444f894706b6fabc4c2f,QUEBEC_PQI_PROJECT_DASHBOARD,observed_text_with_inferred_parse
QCPQIREV_992701E541162D6193CF,QCPQI_26,Autoroute 5 (de la Gatineau) entre le chemin de la Rivière et la route 105 – La Pêche – Prolongement,PR_24,roads_transit_and_airports,authorized_cost_revision,2020-03,168900000.0,178300000.0,9400000.0,CAD,hausse,True,sha256:4dccdd051d004ff34dbb736c3ab85c0b4f6d843e6137f5002de4458d5d9e837a,QUEBEC_PQI_PROJECT_DASHBOARD,observed_text_with_inferred_parse
QCPQIREV_BE76762F83D64D48617B,QCPQI_26,Autoroute 5 (de la Gatineau) entre le chemin de la Rivière et la route 105 – La Pêche – Prolongement,PR_24,roads_transit_and_airports,authorized_cost_revision,2022-03,178300000.0,197900000.0,19600000.0,CAD,hausse,True,sha256:f9d3a586f2cd7dc8c4e298829ab6a960d550a2255823186493bbe5ac479cd28c,QUEBEC_PQI_PROJECT_DASHBOARD,observed_text_with_inferred_parse
QCPQIREV_4226B3EA11E8B6FD2DD7,QCPQI_26,Autoroute 5 (de la Gatineau) entre le chemin de la Rivière et la route 105 – La Pêche – Prolongement,PR_24,roads_transit_and_airports,authorized_cost_revision,2023-03,197900000.0,198000000.0,100000.0,CAD,hausse,True,sha256:6aba4fa459e823767a6a75655d74f82fdfbc01fceb9df376961c3a9f93b36149,QUEBEC_PQI_PROJECT_DASHBOARD,observed_text_with_inferred_parse
QCPQIREV_53D4E9F2F5EB6BD69356,QCPQI_26,Autoroute 5 (de la Gatineau) entre le chemin de la Rivière et la route 105 – La Pêche – Prolongement,PR_24,roads_transit_and_airports,authorized_cost_revision,2025-03,198000000.0,198400000.0,400000.0,CAD,hausse,True,sha256:4c8ffc39ed0642f5200648e4073a7e698a5a15a5a05a483429aa482dde93cebf,QUEBEC_PQI_PROJECT_DASHBOARD,observed_text_with_inferred_parse
QCPQIREV_F03499F003541B9C1B5A,QCPQI_26,Autoroute 5 (de la Gatineau) entre le chemin de la Rivière et la route 105 – La Pêche – Prolongement,PR_24,roads_transit_and_airports,authorized_completion_revision,2020-03,2022-12,2024-11,23,calendar_months,reportée,True,sha256:4dccdd051d004ff34dbb736c3ab85c0b4f6d843e6137f5002de4458d5d9e837a,QUEBEC_PQI_PROJECT_DASHBOARD,observed_text_with_inferred_parse
QCPQIREV_1DE9C07AB6CD80BD3A57,QCPQI_26,Autoroute 5 (de la Gatineau) entre le chemin de la Rivière et la route 105 – La Pêche – Prolongement,PR_24,roads_transit_and_airports,authorized_completion_revision,2022-03,2024-11,2025-11,12,calendar_months,reportée,True,sha256:f9d3a586f2cd7dc8c4e298829ab6a960d550a2255823186493bbe5ac479cd28c,QUEBEC_PQI_PROJECT_DASHBOARD,observed_text_with_inferred_parse
QCPQIREV_1CAAE3B468222F35965B,QCPQI_26,Autoroute 5 (de la Gatineau) entre le chemin de la Rivière et la route 105 – La Pêche – Prolongement,PR_24,roads_transit_and_airports,authorized_completion_revision,2025-03,2025-11,2032-12,85,calendar_months,reportée,True,sha256:4c8ffc39ed0642f5200648e4073a7e698a5a15a5a05a483429aa482dde93cebf,QUEBEC_PQI_PROJECT_DASHBOARD,observed_text_with_inferred_parse
QCPQIREV_54BCAFB65204586C2DD0,QCPQI_146,"Route 138, côte Arsène Gagnon – Les Bergeronnes – Reconstruction et élargissement",PR_24,roads_transit_and_airports,authorized_cost_revision,2023-03,83400000.0,84900000.0,1500000.0,CAD,hausse,True,sha256:1c23fdfe31c338ceb9c83e03e32d17bf22c316f8339240ac7748733913daeca0,QUEBEC_PQI_PROJECT_DASHBOARD,observed_text_with_inferred_parse
QCPQIREV_EB91E685BD49737EE9FA,QCPQI_146,"Route 138, côte Arsène Gagnon – Les Bergeronnes – Reconstruction et élargissement",PR_24,roads_transit_and_airports,authorized_completion_revision,2025-03,2024-12,2025-12,12,calendar_months,reportée,True,sha256:bc5866f949a0e36f62783ae1c2ead123b9a495ed98dd8e1b8ac0eb1996cddc64,QUEBEC_PQI_PROJECT_DASHBOARD,observed_text_with_inferred_parse
QCPQIREV_5F29DB83DC26D06DAAE2,QCPQI_146,"Route 138, côte Arsène Gagnon – Les Bergeronnes – Reconstruction et élargissement",PR_24,roads_transit_and_airports,authorized_completion_revision,2026-03,2025-12,2025-04,-8,calendar_months,passant_de_a,True,sha256:0c6f6ca1186e6afd94fea249dc19284242d1fb477be4718cca6a2cd7d70572cc,QUEBEC_PQI_PROJECT_DASHBOARD,observed_text_with_inferred_parse
QCPQIREV_82FCD171A0BEABB5607A,QCPQI_348,"Route 136, chaussée et ponts d'étagement entre l'avenue Greene et le tunnel Ville-Marie – Montréal – Réfection",PR_24,roads_transit_and_airports,authorized_cost_revision,2025-03,92800000.0,90800000.0,-2000000.0,CAD,baisse,True,sha256:7e98acdebc7436e8ff4f27139324bc60464a0d7a4389963dfb968ecb7218de15,QUEBEC_PQI_PROJECT_DASHBOARD,observed_text_with_inferred_parse
QCPQIREV_74EA6F5794DA149B4D75,QCPQI_348,"Route 136, chaussée et ponts d'étagement entre l'avenue Greene et le tunnel Ville-Marie – Montréal – Réfection",PR_24,roads_transit_and_airports,authorized_completion_revision,2022-03,2031-12,2028-12,-36,calendar_months,devancée,True,sha256:4791e57ae1369a0688a7edd4dbb11162c0afda46d2ab50b434e1ef7e4538d7ea,QUEBEC_PQI_PROJECT_DASHBOARD,observed_text_with_inferred_parse
QCPQIREV_1336C9D67CC6D90D5BC7,QCPQI_358,"Autoroute 20 (Jean-Lesage), direction est, entre Beloeil et Sainte-Julie, voie réservée – Aménagement",PR_24,roads_transit_and_airports,authorized_cost_revision,2024-09,154800000.0,172600000.0,17800000.0,CAD,hausse,True,sha256:b18a6f1b0dee35a2faed98a6e5df7e6e36970e50baa235f28701a227d4c486e5,QUEBEC_PQI_PROJECT_DASHBOARD,observed_text_with_inferred_parse
QCPQIREV_6275D126DE3C0BB2811D,QCPQI_358,"Autoroute 20 (Jean-Lesage), direction est, entre Beloeil et Sainte-Julie, voie réservée – Aménagement",PR_24,roads_transit_and_airports,authorized_completion_revision,2024-09,2026-08,2027-10,14,calendar_months,reportée,True,sha256:b18a6f1b0dee35a2faed98a6e5df7e6e36970e50baa235f28701a227d4c486e5,QUEBEC_PQI_PROJECT_DASHBOARD,observed_text_with_inferred_parse
QCPQIREV_10CE899C25C2A925E1A1,QCPQI_360,Ponts d'étagement de l'autoroute 520 entre l'autoroute 20 et l'autoroute 40 – Montréal et Dorval – Reconstruction,PR_24,roads_transit_and_airports,authorized_cost_revision,2022-03,68700000.0,89700000.0,21000000.0,CAD,hausse,True,sha256:52dba797b634b29df805aef644f4da0c80d5e1a299808ab94134d9c3d8a5a528,QUEBEC_PQI_PROJECT_DASHBOARD,observed_text_with_inferred_parse
QCPQIREV_D666AC2C020F4C84863B,QCPQI_360,Ponts d'étagement de l'autoroute 520 entre l'autoroute 20 et l'autoroute 40 – Montréal et Dorval – Reconstruction,PR_24,roads_transit_and_airports,authorized_cost_revision,2023-03,89700000.0,93000000.0,3300000.0,CAD,hausse,True,sha256:1088fdfc81b159fcf36d0d629618ade317b9a95fe13206a0a664104dadcdc657,QUEBEC_PQI_PROJECT_DASHBOARD,observed_text_with_inferred_parse
QCPQIREV_0EA5839568EEA4CC27B2,QCPQI_360,Ponts d'étagement de l'autoroute 520 entre l'autoroute 20 et l'autoroute 40 – Montréal et Dorval – Reconstruction,PR_24,roads_transit_and_airports,authorized_cost_revision,2025-03,93000000.0,92700000.0,-300000.0,CAD,baisse,True,sha256:b70c89b533c46bb21e830026115412407190440b6f534264769dd15e7a5c36cf,QUEBEC_PQI_PROJECT_DASHBOARD,observed_text_with_inferred_parse
QCPQIREV_CA01EE97F689D56E1529,QCPQI_360,Ponts d'étagement de l'autoroute 520 entre l'autoroute 20 et l'autoroute 40 – Montréal et Dorval – Reconstruction,PR_24,roads_transit_and_airports,authorized_completion_revision,2025-03,2026-03,2028-12,33,calendar_months,reportée,True,sha256:b70c89b533c46bb21e830026115412407190440b6f534264769dd15e7a5c36cf,QUEBEC_PQI_PROJECT_DASHBOARD,observed_text_with_inferred_parse
QCPQIREV_778028F5A3B6A0079F17,QCPQI_273,Route d'Obedjiwan entre La Tuque et Lac-Ashuapmushuan – Réaménagement et élargissement,PR_24,roads_transit_and_airports,authorized_cost_revision,2025-03,77200000.0,84100000.0,6900000.0,CAD,hausse,True,sha256:b311ef827b209d5f927f727c0e893a97726bb6f4639eef327a680aaad3941d54,QUEBEC_PQI_PROJECT_DASHBOARD,observed_text_with_inferred_parse
QCPQIREV_F23A364DBD010031105D,QCPQI_273,Route d'Obedjiwan entre La Tuque et Lac-Ashuapmushuan – Réaménagement et élargissement,PR_24,roads_transit_and_airports,authorized_completion_revision,2020-03,2022-12,2024-12,24,calendar_months,reportée,True,sha256:4fc54fa23c7dd9e18bb460ec721c2d9e1904dc7d780f17094922dca868ba6ddd,QUEBEC_PQI_PROJECT_DASHBOARD,observed_text_with_inferred_parse
QCPQIREV_55A96932D1A009E90965,QCPQI_273,Route d'Obedjiwan entre La Tuque et Lac-Ashuapmushuan – Réaménagement et élargissement,PR_24,roads_transit_and_airports,authorized_completion_revision,2022-03,2024-12,2025-12,12,calendar_months,reportée,True,sha256:5f0d60e0ba752589fea3193e5b7dd3bd2eb180522ba67a858f3158e34f1ff081,QUEBEC_PQI_PROJECT_DASHBOARD,observed_text_with_inferred_parse
QCPQIREV_CDDC5AC4CD4A5B8C6A0B,QCPQI_273,Route d'Obedjiwan entre La Tuque et Lac-Ashuapmushuan – Réaménagement et élargissement,PR_24,roads_transit_and_airports,authorized_completion_revision,2025-03,2025-12,2031-12,72,calendar_months,reportée,True,sha256:b311ef827b209d5f927f727c0e893a97726bb6f4639eef327a680aaad3941d54,QUEBEC_PQI_PROJECT_DASHBOARD,observed_text_with_inferred_parse
QCPQIREV_3F36855BE5E48CEF30A9,QCPQI_471,Échangeur des Sources entre Pointe-Claire et Dorval – Réfection,PR_24,roads_transit_and_airports,authorized_cost_revision,2022-03,49200000.0,60300000.0,11100000.0,CAD,hausse,True,sha256:e1f9572388212985eb8ac4d15200cf1d2af96ac70fec706fcadf254d55d78204,QUEBEC_PQI_PROJECT_DASHBOARD,observed_text_with_inferred_parse
QCPQIREV_EF01F1146D0A1C9845E8,QCPQI_471,Échangeur des Sources entre Pointe-Claire et Dorval – Réfection,PR_24,roads_transit_and_airports,authorized_cost_revision,2023-03,60300000.0,60400000.0,100000.0,CAD,hausse,True,sha256:ca7ce61cfe22843771d378a231328046ed9e2c9aabc649b962e53cb7ec3932fe,QUEBEC_PQI_PROJECT_DASHBOARD,observed_text_with_inferred_parse
QCPQIREV_6827737C73F249371CF7,QCPQI_471,Échangeur des Sources entre Pointe-Claire et Dorval – Réfection,PR_24,roads_transit_and_airports,authorized_cost_revision,2025-03,60400000.0,60900000.0,500000.0,CAD,hausse,True,sha256:3b41445c72f4e50039db58619dec2507af404c782c512c92a50bb3a08a9ca7c1,QUEBEC_PQI_PROJECT_DASHBOARD,observed_text_with_inferred_parse
QCPQIREV_C9F4D2A9207AEEBC84B5,QCPQI_471,Échangeur des Sources entre Pointe-Claire et Dorval – Réfection,PR_24,roads_transit_and_airports,authorized_cost_revision,2026-03,60900000.0,63400000.0,2500000.0,CAD,hausse,True,sha256:b0408893c323ca17d0614c6510bc9eded71cfd1f0bea5025e43608114a9b292f,QUEBEC_PQI_PROJECT_DASHBOARD,observed_text_with_inferred_parse
QCPQIREV_99523BAFB823C881203E,QCPQI_471,Échangeur des Sources entre Pointe-Claire et Dorval – Réfection,PR_24,roads_transit_and_airports,authorized_completion_revision,2024-02,2023-12,2025-12,24,calendar_months,reportée,True,sha256:11828dee8509ceb2730717c8596dc869094533453a1cbbc5cf3e17d1e9427dea,QUEBEC_PQI_PROJECT_DASHBOARD,observed_text_with_inferred_parse
QCPQIREV_065A4C1E4394BB52482B,QCPQI_471,Échangeur des Sources entre Pointe-Claire et Dorval – Réfection,PR_24,roads_transit_and_airports,authorized_completion_revision,2026-03,2025-12,2025-06,-6,calendar_months,passant_de_a,True,sha256:b0408893c323ca17d0614c6510bc9eded71cfd1f0bea5025e43608114a9b292f,QUEBEC_PQI_PROJECT_DASHBOARD,observed_text_with_inferred_parse
QCPQIREV_8FF7C6A585C483774BDF,QCPQI_616,Pont Rivest – Repentigny – Reconstruction et élargissement,PR_24,roads_transit_and_airports,authorized_cost_revision,2023-03,33100000.0,30500000.0,-2600000.0,CAD,baisse,True,sha256:23a08849e142f9e11bad332f5bcdd560d025fedb3a079bf2fcc0282c4dbd1834,QUEBEC_PQI_PROJECT_DASHBOARD,observed_text_with_inferred_parse
QCPQIREV_55828697BC2509683594,QCPQI_616,Pont Rivest – Repentigny – Reconstruction et élargissement,PR_24,roads_transit_and_airports,authorized_cost_revision,2025-03,30500000.0,40500000.0,10000000.0,CAD,hausse,True,sha256:38d56b3059bfbe9fa706064e5d3e8fddeaa5bd00032a2f0babdeeabf1025886a,QUEBEC_PQI_PROJECT_DASHBOARD,observed_text_with_inferred_parse
QCPQIREV_51F0A7243B8A35E8DA73,QCPQI_793,Voie de contournement – Saint-Lin–Laurentides – Construction,PR_24,roads_transit_and_airports,authorized_cost_revision,2023-03,63300000.0,78700000.0,15400000.0,CAD,hausse,True,sha256:039f3fc9a9fb1d33bbceb9d773c97ef3ac5e4ced775e8374f86f625749bbf963,QUEBEC_PQI_PROJECT_DASHBOARD,observed_text_with_inferred_parse
QCPQIREV_59C64350104CC61F7184,QCPQI_793,Voie de contournement – Saint-Lin–Laurentides – Construction,PR_24,roads_transit_and_airports,authorized_cost_revision,2025-03,78700000.0,102500000.0,23800000.0,CAD,hausse,True,sha256:2e8e621458aa711a5ebf810e8d49956ccebb7db7a6787c215135e0c28403cbc7,QUEBEC_PQI_PROJECT_DASHBOARD,observed_text_with_inferred_parse
QCPQIREV_3F3927379E4CD4E1B8B0,QCPQI_793,Voie de contournement – Saint-Lin–Laurentides – Construction,PR_24,roads_transit_and_airports,authorized_completion_revision,2023-03,2026-12,2027-12,12,calendar_months,reportée,True,sha256:039f3fc9a9fb1d33bbceb9d773c97ef3ac5e4ced775e8374f86f625749bbf963,QUEBEC_PQI_PROJECT_DASHBOARD,observed_text_with_inferred_parse
QCPQIREV_EA5701D1BD8577421F64,QCPQI_793,Voie de contournement – Saint-Lin–Laurentides – Construction,PR_24,roads_transit_and_airports,authorized_completion_revision,2025-03,2027-12,2032-12,60,calendar_months,reportée,True,sha256:2e8e621458aa711a5ebf810e8d49956ccebb7db7a6787c215135e0c28403cbc7,QUEBEC_PQI_PROJECT_DASHBOARD,observed_text_with_inferred_parse
QCPQIREV_4E3FC093747179C754D6,QCPQI_796,Route 170 – L'Anse-Saint-Jean – Réaménagement,PR_24,roads_transit_and_airports,authorized_cost_revision,2025-03,32000000.0,39900000.0,7900000.0,CAD,hausse,True,sha256:820676eb3459a341e5702bebfc9d582d609899933a9fbe1f0d22fc4956a15db5,QUEBEC_PQI_PROJECT_DASHBOARD,observed_text_with_inferred_parse
QCPQIREV_8E8ACA677C8ED7CD1FFC,QCPQI_796,Route 170 – L'Anse-Saint-Jean – Réaménagement,PR_24,roads_transit_and_airports,authorized_completion_revision,2025-03,2026-12,2029-12,36,calendar_months,reportée,True,sha256:820676eb3459a341e5702bebfc9d582d609899933a9fbe1f0d22fc4956a15db5,QUEBEC_PQI_PROJECT_DASHBOARD,observed_text_with_inferred_parse
QCPQIREV_AECB184C6D92947D5CF1,QCPQI_925,Autoroute 40 (Félix-Leclerc) entre le boulevard Masson et la rivière Saint-Charles – Québec – Reconstruction,PR_24,roads_transit_and_airports,authorized_cost_revision,2025-03,82500000.0,94500000.0,12000000.0,CAD,hausse,True,sha256:3f55352cc5a3f4248d764b5e59d498d68646a1d844abc56f74df37ddd0a132a5,QUEBEC_PQI_PROJECT_DASHBOARD,observed_text_with_inferred_parse
QCPQIREV_5893BBACC112996E7079,QCPQI_925,Autoroute 40 (Félix-Leclerc) entre le boulevard Masson et la rivière Saint-Charles – Québec – Reconstruction,PR_24,roads_transit_and_airports,authorized_completion_revision,2025-03,2024-12,2026-12,24,calendar_months,reportée,True,sha256:3f55352cc5a3f4248d764b5e59d498d68646a1d844abc56f74df37ddd0a132a5,QUEBEC_PQI_PROJECT_DASHBOARD,observed_text_with_inferred_parse
QCPQIREV_8BB43A0BEB1A618F5B77,QCPQI_927,Échangeur de l'autoroute 640 et de la montée des Pionniers – Terrebonne – Réfection,PR_24,roads_transit_and_airports,authorized_cost_revision,2025-06,50300000.0,63600000.0,13300000.0,CAD,hausse,True,sha256:94003634f94a0f42d234cfb8a140325aaaa413161dbc4eedd1d0c238d220c2ec,QUEBEC_PQI_PROJECT_DASHBOARD,observed_text_with_inferred_parse
QCPQIREV_272A9A77B74BF51B6DC5,QCPQI_927,Échangeur de l'autoroute 640 et de la montée des Pionniers – Terrebonne – Réfection,PR_24,roads_transit_and_airports,authorized_completion_revision,2025-03,2025-12,2028-12,36,calendar_months,reportée,True,sha256:0a2726fa335f090ee8bbb353ee2d29591d39b41a3c382af714f483b07c8b4f6e,QUEBEC_PQI_PROJECT_DASHBOARD,observed_text_with_inferred_parse
QCPQIREV_98CCBF672D338ADE40F6,QCPQI_927,Échangeur de l'autoroute 640 et de la montée des Pionniers – Terrebonne – Réfection,PR_24,roads_transit_and_airports,authorized_completion_revision,2025-06,2028-12,2026-12,-24,calendar_months,devancée,True,sha256:94003634f94a0f42d234cfb8a140325aaaa413161dbc4eedd1d0c238d220c2ec,QUEBEC_PQI_PROJECT_DASHBOARD,observed_text_with_inferred_parse
QCPQIREV_2CCB7468E927BFE2B20B,QCPQI_1040,Pont des Piles – Shawinigan – Reconstruction,PR_24,roads_transit_and_airports,authorized_cost_revision,2025-03,88300000.0,111800000.0,23500000.0,CAD,hausse,True,sha256:a031e204d613b1e48e57a48a0b5673d3067ab8b494e3ff22ab8a25ada7bbc2fd,QUEBEC_PQI_PROJECT_DASHBOARD,observed_text_with_inferred_parse
QCPQIREV_40E3E31097273E183CAA,QCPQI_1040,Pont des Piles – Shawinigan – Reconstruction,PR_24,roads_transit_and_airports,authorized_cost_revision,2026-03,111800000.0,114100000.0,2300000.0,CAD,hausse,True,sha256:2e738cbb33422fbc426f3254161950604ebd03fd01b26817b39856f1bf7b35ef,QUEBEC_PQI_PROJECT_DASHBOARD,observed_text_with_inferred_parse
QCPQIREV_0AC8C822EDF4F28780F6,QCPQI_1040,Pont des Piles – Shawinigan – Reconstruction,PR_24,roads_transit_and_airports,authorized_completion_revision,2025-03,2025-12,2026-09,9,calendar_months,reportée,True,sha256:a031e204d613b1e48e57a48a0b5673d3067ab8b494e3ff22ab8a25ada7bbc2fd,QUEBEC_PQI_PROJECT_DASHBOARD,observed_text_with_inferred_parse
QCPQIREV_9436DA5F2F3E1FD3421D,QCPQI_1040,Pont des Piles – Shawinigan – Reconstruction,PR_24,roads_transit_and_airports,authorized_completion_revision,2026-03,2026-09,2025-08,-13,calendar_months,passant_de_a,True,sha256:2e738cbb33422fbc426f3254161950604ebd03fd01b26817b39856f1bf7b35ef,QUEBEC_PQI_PROJECT_DASHBOARD,observed_text_with_inferred_parse
QCPQIREV_D264A71CA6C314D286B5,QCPQI_1174,Pont Rouge – Saint-Clément – Reconstruction,PR_24,roads_transit_and_airports,authorized_cost_revision,2025-03,26000000.0,27500000.0,1500000.0,CAD,hausse,True,sha256:900132c1d04ecfecda2ed2fe834e6ef96350159966565b25b77f23a9a9413fc4,QUEBEC_PQI_PROJECT_DASHBOARD,observed_text_with_inferred_parse
QCPQIREV_1DE82F7F6732C881B470,QCPQI_1174,Pont Rouge – Saint-Clément – Reconstruction,PR_24,roads_transit_and_airports,authorized_completion_revision,2026-03,2026-12,2025-10,-14,calendar_months,passant_de_a,True,sha256:100cfd993f0814e26d4dc79f1a9d08c55976a3e2bc6f942f3ff4c9dce27b54f7,QUEBEC_PQI_PROJECT_DASHBOARD,observed_text_with_inferred_parse
QCPQIREV_2F2E3C97406BBFF81C5F,QCPQI_1176,Pont de la route 132 au-dessus de la rivière Petit Pabos – Chandler – Réfection,PR_24,roads_transit_and_airports,authorized_cost_revision,2025-03,28200000.0,27300000.0,-900000.0,CAD,baisse,True,sha256:622195ba59f8c8f3d7c1e908f625cb770dfbd5985f38ca342eb8e58af7d6491d,QUEBEC_PQI_PROJECT_DASHBOARD,observed_text_with_inferred_parse
QCPQIREV_0C8E1FCB8C6C1FA503DD,QCPQI_1176,Pont de la route 132 au-dessus de la rivière Petit Pabos – Chandler – Réfection,PR_24,roads_transit_and_airports,authorized_completion_revision,2026-03,2026-12,2025-12,-12,calendar_months,passant_de_a,True,sha256:306103cc1c8e2e62949fe39c710445ec10069bdb38da904271964472bc92952a,QUEBEC_PQI_PROJECT_DASHBOARD,observed_text_with_inferred_parse
QCPQIREV_828442C43F1E53BD999D,QCPQI_1178,Ponts d'étagement de l'autoroute 73 au-dessus de la rue de la Faune – Québec – Reconstruction,PR_24,roads_transit_and_airports,authorized_cost_revision,2025-03,36400000.0,48000000.0,11600000.0,CAD,hausse,True,sha256:009c475dfaf20871d508eca637313292ce3ec564f5c07588e8d4d630d54c6d0c,QUEBEC_PQI_PROJECT_DASHBOARD,observed_text_with_inferred_parse
QCPQIREV_0BB9107132E42FD5F4E8,QCPQI_1178,Ponts d'étagement de l'autoroute 73 au-dessus de la rue de la Faune – Québec – Reconstruction,PR_24,roads_transit_and_airports,authorized_cost_revision,2026-03,48000000.0,33600000.0,-14400000.0,CAD,baisse,True,sha256:f8a14948c8560b767baba33fbe52e5229bb081518911baa59964761559b03b73,QUEBEC_PQI_PROJECT_DASHBOARD,observed_text_with_inferred_parse
QCPQIREV_AB2BEBEB70CF452328C0,QCPQI_1178,Ponts d'étagement de l'autoroute 73 au-dessus de la rue de la Faune – Québec – Reconstruction,PR_24,roads_transit_and_airports,authorized_completion_revision,2025-03,2025-12,2026-12,12,calendar_months,reportée,True,sha256:009c475dfaf20871d508eca637313292ce3ec564f5c07588e8d4d630d54c6d0c,QUEBEC_PQI_PROJECT_DASHBOARD,observed_text_with_inferred_parse
QCPQIREV_CAB572DA0B95995483B8,QCPQI_1178,Ponts d'étagement de l'autoroute 73 au-dessus de la rue de la Faune – Québec – Reconstruction,PR_24,roads_transit_and_airports,authorized_completion_revision,2026-03,2026-12,2025-11,-13,calendar_months,passant_de_a,True,sha256:f8a14948c8560b767baba33fbe52e5229bb081518911baa59964761559b03b73,QUEBEC_PQI_PROJECT_DASHBOARD,observed_text_with_inferred_parse
QCPQIREV_4CA62C012117AA0FCA32,QCPQI_1282,Pont Turcotte de la route 132 au-dessus de la rivière Richelieu – Sorel-Tracy – Réfection,PR_24,roads_transit_and_airports,authorized_completion_revision,2026-03,2027-05,2026-12,-5,calendar_months,passant_de_a,True,sha256:e04074e38cfbddfdc1e916ac3e0f6a8df8b3dd259d85e9155e0630f93777b328,QUEBEC_PQI_PROJECT_DASHBOARD,observed_text_with_inferred_parse
QCPQIREV_45D712EB83FD279D0565,QCPQI_1275,Route 148 – Pontiac – Réfection,PR_24,roads_transit_and_airports,authorized_cost_revision,2026-03,20300000.0,24400000.0,4100000.0,CAD,hausse,True,sha256:c9e1970f8a6d1b26e6080612469c7553a2dcd3d10384c6829aff2dca8e659706,QUEBEC_PQI_PROJECT_DASHBOARD,observed_text_with_inferred_parse
QCPQIREV_D535EA3B568A09F9E1C6,QCPQI_1275,Route 148 – Pontiac – Réfection,PR_24,roads_transit_and_airports,authorized_completion_revision,2026-03,2025-09,2025-12,3,calendar_months,passant_de_a,True,sha256:c9e1970f8a6d1b26e6080612469c7553a2dcd3d10384c6829aff2dca8e659706,QUEBEC_PQI_PROJECT_DASHBOARD,observed_text_with_inferred_parse
QCPQIREV_9CD0C1323B761C1EB9BC,QCPQI_1277,Pont de la route 132 au-dessus du ruisseau Charland – Deschaillons-sur-Saint-Laurent – Reconstruction,PR_24,roads_transit_and_airports,authorized_completion_revision,2026-03,2027-09,2026-09,-12,calendar_months,passant_de_a,True,sha256:6c77ada13521143eee269aaee4daf35a263a3460fbc01d96aed9018a494c3b4c,QUEBEC_PQI_PROJECT_DASHBOARD,observed_text_with_inferred_parse
QCPQIREV_A8DC2DDAAB27F613A162,QCPQI_1057,"Immeuble La Traversée Sœurs de Sainte-Anne, 270 logements – Montréal – Agrandissement et réaménagement",PR_24,social_and_affordable_housing,authorized_completion_revision,2026-03,2027-11,2027-08,-3,calendar_months,passant_de_a,True,sha256:c58a845ae4ae22b6efd4b126c72b141d0b4776bce30d45b0bfb9b92098e2fb52,QUEBEC_PQI_PROJECT_DASHBOARD,observed_text_with_inferred_parse
QCPQIREV_8BA3E72220574EC81B97,QCPQI_1059,"Immeuble Un toit pour tous, 54 logements – Longueuil – Construction",PR_24,social_and_affordable_housing,authorized_cost_revision,2026-03,21100000.0,22400000.0,1300000.0,CAD,hausse,True,sha256:b1d5679831a2b6466381c3bebce55b7e4b5621de1bdc02c3c689498d35a1c7de,QUEBEC_PQI_PROJECT_DASHBOARD,observed_text_with_inferred_parse
QCPQIREV_B1D8ED9861EFB5BA237C,QCPQI_1059,"Immeuble Un toit pour tous, 54 logements – Longueuil – Construction",PR_24,social_and_affordable_housing,authorized_completion_revision,2026-03,2027-12,2027-07,-5,calendar_months,passant_de_a,True,sha256:b1d5679831a2b6466381c3bebce55b7e4b5621de1bdc02c3c689498d35a1c7de,QUEBEC_PQI_PROJECT_DASHBOARD,observed_text_with_inferred_parse
QCPQIREV_5AEDC8315D9CCA16463B,QCPQI_1106,"Immeubles, 95 logements – Montréal (arrondissement Mercier-Hochelaga-Maisonneuve) – Construction",PR_24,social_and_affordable_housing,authorized_completion_revision,2026-03,2026-03,2026-04,1,calendar_months,passant_de_a,True,sha256:e88d4dd2429e600123fd8a925d683322dbd76ea2f6988a6ebf442ec815697c19,QUEBEC_PQI_PROJECT_DASHBOARD,observed_text_with_inferred_parse
QCPQIREV_445B50456FAC277679E3,QCPQI_1111,"Immeuble Coulombe, 93 logements – Gatineau – Construction",PR_24,social_and_affordable_housing,authorized_completion_revision,2025-03,2024-10,2026-08,22,calendar_months,reportée,True,sha256:d278f005add2c6a7261325b769392248bdc070822bf7c1299b874acb43d20b03,QUEBEC_PQI_PROJECT_DASHBOARD,observed_text_with_inferred_parse
QCPQIREV_8D107C951F2F6CBFC35C,QCPQI_1111,"Immeuble Coulombe, 93 logements – Gatineau – Construction",PR_24,social_and_affordable_housing,authorized_completion_revision,2026-03,2026-08,2026-04,-4,calendar_months,passant_de_a,True,sha256:f0e423c92a51a46a0d7d2fd7a80ec7ea367e8e0982d90a4bd2ff67854f4c5c53,QUEBEC_PQI_PROJECT_DASHBOARD,observed_text_with_inferred_parse
QCPQIREV_25CFEBD4FB98739BA3DB,QCPQI_1116,"Immeuble Val-Martin bâtiment D, 75 logements – Laval – Construction",PR_24,social_and_affordable_housing,authorized_cost_revision,2025-03,38300000.0,38900000.0,600000.0,CAD,hausse,True,sha256:00db4984ce08dc15da653848824c5606c67fa7c650008f4929a940de14b57500,QUEBEC_PQI_PROJECT_DASHBOARD,observed_text_with_inferred_parse
QCPQIREV_F1E434C69A7A6BEADF8A,QCPQI_1116,"Immeuble Val-Martin bâtiment D, 75 logements – Laval – Construction",PR_24,social_and_affordable_housing,authorized_cost_revision,2026-03,38900000.0,38700000.0,-200000.0,CAD,baisse,True,sha256:d808b328acc34f7aad1a16d141e29a66727c50fcc00d96b7b40ffcede163a713,QUEBEC_PQI_PROJECT_DASHBOARD,observed_text_with_inferred_parse
QCPQIREV_82777EB542EAE646CF4E,QCPQI_1116,"Immeuble Val-Martin bâtiment D, 75 logements – Laval – Construction",PR_24,social_and_affordable_housing,authorized_completion_revision,2025-03,2024-12,2025-09,9,calendar_months,reportée,True,sha256:00db4984ce08dc15da653848824c5606c67fa7c650008f4929a940de14b57500,QUEBEC_PQI_PROJECT_DASHBOARD,observed_text_with_inferred_parse
QCPQIREV_B62C0DD9FC6618EF857A,QCPQI_1117,"Immeuble Habitations Suzanne Thériault, 116 logements – Sherbrooke – Construction",PR_24,social_and_affordable_housing,authorized_cost_revision,2025-03,38600000.0,36400000.0,-2200000.0,CAD,baisse,True,sha256:e385f3307819481110bdbc40ce524e0c934ae5ebb67f97b25ca4d62956ca74eb,QUEBEC_PQI_PROJECT_DASHBOARD,observed_text_with_inferred_parse
QCPQIREV_219B56EFD5E5F533CE65,QCPQI_1117,"Immeuble Habitations Suzanne Thériault, 116 logements – Sherbrooke – Construction",PR_24,social_and_affordable_housing,authorized_cost_revision,2026-03,36400000.0,36900000.0,500000.0,CAD,hausse,True,sha256:95ccea13ae1549d43cdf02efb43bee9cd164d6a3076deb7b14df57f2a521e3e3,QUEBEC_PQI_PROJECT_DASHBOARD,observed_text_with_inferred_parse
QCPQIREV_7BA743A5B15DA2CF4FEB,QCPQI_1117,"Immeuble Habitations Suzanne Thériault, 116 logements – Sherbrooke – Construction",PR_24,social_and_affordable_housing,authorized_completion_revision,2025-03,2024-12,2025-06,6,calendar_months,reportée,True,sha256:e385f3307819481110bdbc40ce524e0c934ae5ebb67f97b25ca4d62956ca74eb,QUEBEC_PQI_PROJECT_DASHBOARD,observed_text_with_inferred_parse
QCPQIREV_314E67069852BC5B83B0,QCPQI_1119,"Immeuble Habitations RNovo, 59 logements – Québec – Construction",PR_24,social_and_affordable_housing,authorized_completion_revision,2025-03,2025-11,2026-04,5,calendar_months,reportée,True,sha256:9c20c3e681fac3bf7ae14583b0fcdea385b4b519548654f59646394a42466586,QUEBEC_PQI_PROJECT_DASHBOARD,observed_text_with_inferred_parse
QCPQIREV_67D9385BA99733EBBD64,QCPQI_1119,"Immeuble Habitations RNovo, 59 logements – Québec – Construction",PR_24,social_and_affordable_housing,authorized_completion_revision,2026-03,2026-04,2025-06,-10,calendar_months,passant_de_a,True,sha256:3dcb43e174b57d074413406b422a1d0e881d66230ddf821590bd1977124fbe4d,QUEBEC_PQI_PROJECT_DASHBOARD,observed_text_with_inferred_parse
QCPQIREV_70A8AD71425B8B40A5A3,QCPQI_1121,"Immeuble Novam Vitam, 70 logements – Québec – Construction",PR_24,social_and_affordable_housing,authorized_cost_revision,2026-03,22700000.0,22100000.0,-600000.0,CAD,baisse,True,sha256:86390f14a1c75fb5599993ffffd51b796ad37f900323875563c40962a6b88e45,QUEBEC_PQI_PROJECT_DASHBOARD,observed_text_with_inferred_parse
QCPQIREV_5C0B8DED7989C2330C5B,QCPQI_1121,"Immeuble Novam Vitam, 70 logements – Québec – Construction",PR_24,social_and_affordable_housing,authorized_completion_revision,2025-03,2025-07,2025-10,3,calendar_months,reportée,True,sha256:d97bb4687c1f4ef10a5afbe88b1ae2d7629871b0cbc31fcedeed77f73ebab461,QUEBEC_PQI_PROJECT_DASHBOARD,observed_text_with_inferred_parse
QCPQIREV_B5D2C3001EFA6052B578,QCPQI_1122,"Immeuble Habitations Charles IV, 163 logements – Québec – Construction",PR_24,social_and_affordable_housing,authorized_cost_revision,2026-03,66300000.0,67000000.0,700000.0,CAD,hausse,True,sha256:311b19c5d4b30c70e872be8eba8acf53fcbe021d6a05acff034700b9347c859b,QUEBEC_PQI_PROJECT_DASHBOARD,observed_text_with_inferred_parse
QCPQIREV_BA5160ED7BBF46CE4E02,QCPQI_1122,"Immeuble Habitations Charles IV, 163 logements – Québec – Construction",PR_24,social_and_affordable_housing,authorized_completion_revision,2026-03,2025-07,2025-11,4,calendar_months,passant_de_a,True,sha256:311b19c5d4b30c70e872be8eba8acf53fcbe021d6a05acff034700b9347c859b,QUEBEC_PQI_PROJECT_DASHBOARD,observed_text_with_inferred_parse
QCPQIREV_81404AAA1A835FBEBD07,QCPQI_1123,"Immeuble Habitations Père-Lelièvre, 96 logements – Québec – Construction",PR_24,social_and_affordable_housing,authorized_cost_revision,2025-03,44400000.0,44300000.0,-100000.0,CAD,baisse,True,sha256:1d1d42b42081af33a04559c0113655b4eab6c88b6d60bf3304eff8debf4af987,QUEBEC_PQI_PROJECT_DASHBOARD,observed_text_with_inferred_parse
QCPQIREV_844B7ECC09BA9812AEDF,QCPQI_1123,"Immeuble Habitations Père-Lelièvre, 96 logements – Québec – Construction",PR_24,social_and_affordable_housing,authorized_cost_revision,2026-03,44300000.0,41000000.0,-3300000.0,CAD,baisse,True,sha256:93784b869f81abcf6832237b4bc0532ef70e7627a5c0ce3559cba6abb7a7ebff,QUEBEC_PQI_PROJECT_DASHBOARD,observed_text_with_inferred_parse
QCPQIREV_A5CC578492F7C15474FA,QCPQI_1123,"Immeuble Habitations Père-Lelièvre, 96 logements – Québec – Construction",PR_24,social_and_affordable_housing,authorized_completion_revision,2025-03,2025-08,2025-11,3,calendar_months,reportée,True,sha256:1d1d42b42081af33a04559c0113655b4eab6c88b6d60bf3304eff8debf4af987,QUEBEC_PQI_PROJECT_DASHBOARD,observed_text_with_inferred_parse
QCPQIREV_5530FD213A241EBB247B,QCPQI_1124,"Immeuble Les Habitations Pie-XII, 95 logements – Québec – Construction",PR_24,social_and_affordable_housing,authorized_completion_revision,2026-03,2026-05,2025-10,-7,calendar_months,passant_de_a,True,sha256:6c0a587890837e9343db811a6d3aec912e173bdeef3f102525a373d8605ca78a,QUEBEC_PQI_PROJECT_DASHBOARD,observed_text_with_inferred_parse
QCPQIREV_F1B0884FAD3CE697AEAC,QCPQI_1125,"Immeuble Villa MASA, 40 logements – Saint-Amable – Construction",PR_24,social_and_affordable_housing,authorized_cost_revision,2025-03,22300000.0,22400000.0,100000.0,CAD,hausse,True,sha256:ae080fe2ee9d7487220263771b372d8a27ec5d0ad8154b4ec398bc1018b49c4d,QUEBEC_PQI_PROJECT_DASHBOARD,observed_text_with_inferred_parse
QCPQIREV_D00A0AC067AFE43140C0,QCPQI_1125,"Immeuble Villa MASA, 40 logements – Saint-Amable – Construction",PR_24,social_and_affordable_housing,authorized_completion_revision,2025-03,2025-07,2025-12,5,calendar_months,reportée,True,sha256:ae080fe2ee9d7487220263771b372d8a27ec5d0ad8154b4ec398bc1018b49c4d,QUEBEC_PQI_PROJECT_DASHBOARD,observed_text_with_inferred_parse
QCPQIREV_CD9ACFDC5FEFC2CE3194,QCPQI_1126,"Immeuble Résidence ELLE du Y des femmes, 86 logements – Montréal – Construction",PR_24,social_and_affordable_housing,authorized_cost_revision,2025-03,45900000.0,47100000.0,1200000.0,CAD,hausse,True,sha256:88f905bdc35de5faf1de0cac3a10f514418ff1bcf606ef2519b1db32e02aec5e,QUEBEC_PQI_PROJECT_DASHBOARD,observed_text_with_inferred_parse
QCPQIREV_72414D1E4DA9CCD36CD8,QCPQI_1126,"Immeuble Résidence ELLE du Y des femmes, 86 logements – Montréal – Construction",PR_24,social_and_affordable_housing,authorized_cost_revision,2026-03,47100000.0,51600000.0,4500000.0,CAD,hausse,True,sha256:bb747a840cf0bfcdf109ed447a02d168162825e74183e7f811ad27db63f58130,QUEBEC_PQI_PROJECT_DASHBOARD,observed_text_with_inferred_parse
QCPQIREV_A6767845A1996D78E804,QCPQI_1126,"Immeuble Résidence ELLE du Y des femmes, 86 logements – Montréal – Construction",PR_24,social_and_affordable_housing,authorized_completion_revision,2025-03,2025-09,2026-07,10,calendar_months,reportée,True,sha256:88f905bdc35de5faf1de0cac3a10f514418ff1bcf606ef2519b1db32e02aec5e,QUEBEC_PQI_PROJECT_DASHBOARD,observed_text_with_inferred_parse
QCPQIREV_388939BE164A3961AD4E,QCPQI_1126,"Immeuble Résidence ELLE du Y des femmes, 86 logements – Montréal – Construction",PR_24,social_and_affordable_housing,authorized_completion_revision,2026-03,2026-07,2026-02,-5,calendar_months,passant_de_a,True,sha256:bb747a840cf0bfcdf109ed447a02d168162825e74183e7f811ad27db63f58130,QUEBEC_PQI_PROJECT_DASHBOARD,observed_text_with_inferred_parse
QCPQIREV_8A0A16645A009495A9C7,QCPQI_1262,"Développement communautaire, 40 logements – Fermont – Construction",PR_24,social_and_affordable_housing,authorized_cost_revision,2026-03,22800000.0,20400000.0,-2400000.0,CAD,baisse,True,sha256:e10759e55574fea503ef572c25344db03b52e4a57f3a1534d5113de423c20a8c,QUEBEC_PQI_PROJECT_DASHBOARD,observed_text_with_inferred_parse
QCPQIREV_1AE7213484C1371F121B,QCPQI_1262,"Développement communautaire, 40 logements – Fermont – Construction",PR_24,social_and_affordable_housing,authorized_completion_revision,2026-03,2025-09,2026-02,5,calendar_months,passant_de_a,True,sha256:e10759e55574fea503ef572c25344db03b52e4a57f3a1534d5113de423c20a8c,QUEBEC_PQI_PROJECT_DASHBOARD,observed_text_with_inferred_parse
QCPQIREV_4B637778E700772FE2A6,QCPQI_1265,"Immeuble Pavillon Chantejoie, 40 logements – Saint-Raymond – Construction",PR_24,social_and_affordable_housing,authorized_completion_revision,2026-03,2027-02,2026-05,-9,calendar_months,passant_de_a,True,sha256:5838a75bf6694d84ef2631ab95fd6f0ced503d6fb2f12689a31ac8919474b40d,QUEBEC_PQI_PROJECT_DASHBOARD,observed_text_with_inferred_parse
QCPQIREV_82B33D069CEBB4FA85D8,QCPQI_1137,"Immeuble Le Zénith, 108 logements – Québec – Construction",PR_24,social_and_affordable_housing,authorized_cost_revision,2025-03,50000000.0,50200000.0,200000.0,CAD,hausse,True,sha256:7336fc1d6e85afb25faa337211c86fb229ac0dddf19334302870e91480ef3fcf,QUEBEC_PQI_PROJECT_DASHBOARD,observed_text_with_inferred_parse
QCPQIREV_C04F0723AA12DA1F9660,QCPQI_1137,"Immeuble Le Zénith, 108 logements – Québec – Construction",PR_24,social_and_affordable_housing,authorized_completion_revision,2025-03,2025-04,2025-10,6,calendar_months,reportée,True,sha256:7336fc1d6e85afb25faa337211c86fb229ac0dddf19334302870e91480ef3fcf,QUEBEC_PQI_PROJECT_DASHBOARD,observed_text_with_inferred_parse
QCPQIREV_B9A5FC58ACEA91C4CB52,QCPQI_1138,"Immeuble Place Griffintown, 54 logements – Montréal – Construction",PR_24,social_and_affordable_housing,authorized_completion_revision,2025-03,2027-04,2025-12,-16,calendar_months,devancée,True,sha256:7d22f199af941ba8d2826b7dd6a9a8985b9fa8b32cc222e7dccd9f5d6966d7a6,QUEBEC_PQI_PROJECT_DASHBOARD,observed_text_with_inferred_parse
QCPQIREV_F049054AE207668C00B8,QCPQI_1138,"Immeuble Place Griffintown, 54 logements – Montréal – Construction",PR_24,social_and_affordable_housing,authorized_completion_revision,2026-03,2025-12,2025-06,-6,calendar_months,passant_de_a,True,sha256:c9e7d927da1b12b26d7d4a812aa49c612e5f0e95d39bfd4a6a51670cf7b8e2d0,QUEBEC_PQI_PROJECT_DASHBOARD,observed_text_with_inferred_parse
QCPQIREV_B6099A1F3AC6AC2A7C6F,QCPQI_1140,"Immeubles Westbury Montréal (site Armstrong), 121 logements – Montréal – Construction",PR_24,social_and_affordable_housing,authorized_cost_revision,2026-03,34900000.0,48700000.0,13800000.0,CAD,hausse,True,sha256:778a9ed023fe1a3e2a811adab328cbe3a50a32ba2217ee7f777245930333a003,QUEBEC_PQI_PROJECT_DASHBOARD,observed_text_with_inferred_parse
QCPQIREV_08DC34D73C6E0519FB0D,QCPQI_1140,"Immeubles Westbury Montréal (site Armstrong), 121 logements – Montréal – Construction",PR_24,social_and_affordable_housing,authorized_completion_revision,2026-03,2026-05,2026-11,6,calendar_months,passant_de_a,True,sha256:778a9ed023fe1a3e2a811adab328cbe3a50a32ba2217ee7f777245930333a003,QUEBEC_PQI_PROJECT_DASHBOARD,observed_text_with_inferred_parse
QCPQIREV_EB3E4B0B1C044B1E24B1,QCPQI_1208,"Immeuble Habitation Laprairie, 52 logements – Montréal – Construction",PR_24,social_and_affordable_housing,authorized_completion_revision,2026-03,2026-12,2026-06,-6,calendar_months,passant_de_a,True,sha256:be42aceed08887c37dc4c910bda791e165d0684df695a0620721b453865df729,QUEBEC_PQI_PROJECT_DASHBOARD,observed_text_with_inferred_parse
QCPQIREV_C77EB7F990482ACA6DE5,QCPQI_1237,"Immeuble Habitations Loretteville, 52 logements – Québec – Construction",PR_24,social_and_affordable_housing,authorized_cost_revision,2026-03,24100000.0,19900000.0,-4200000.0,CAD,baisse,True,sha256:f35769d6ee5e42f25f7103b17501cfab9f8a49ab7ead4550e67b247f8a45b024,QUEBEC_PQI_PROJECT_DASHBOARD,observed_text_with_inferred_parse
QCPQIREV_3F960CC31CC65AE4F5A3,QCPQI_1237,"Immeuble Habitations Loretteville, 52 logements – Québec – Construction",PR_24,social_and_affordable_housing,authorized_completion_revision,2026-03,2026-12,2025-12,-12,calendar_months,passant_de_a,True,sha256:f35769d6ee5e42f25f7103b17501cfab9f8a49ab7ead4550e67b247f8a45b024,QUEBEC_PQI_PROJECT_DASHBOARD,observed_text_with_inferred_parse
QCPQIREV_F50FE5D4D742F6220262,QCPQI_1240,"Immeuble Complexe Fraser, 81 logements – Rivière-du-Loup – Construction",PR_24,social_and_affordable_housing,authorized_cost_revision,2026-03,22800000.0,24300000.0,1500000.0,CAD,hausse,True,sha256:81f327e93d92249a72a3a0f056f24a90bf1da60111728c94f3494b3796ccafb1,QUEBEC_PQI_PROJECT_DASHBOARD,observed_text_with_inferred_parse
QCPQIREV_05A8A843767B3FBEB3BD,QCPQI_1242,"Immeuble Le Central, 66 logements – Granby – Construction",PR_24,social_and_affordable_housing,authorized_completion_revision,2026-03,2026-06,2026-03,-3,calendar_months,passant_de_a,True,sha256:3355b5589b5ed73e345763e16c4937e73f7bfb283f8ae19cf0f24340d5743e0f,QUEBEC_PQI_PROJECT_DASHBOARD,observed_text_with_inferred_parse
QCPQIREV_89804C1112E3FDC1EDDF,QCPQI_419,"Université McGill, pavillon Macdonald-Stewart – Montréal – Réfection",PR_24,schools_and_postsecondary,authorized_cost_revision,2022-03,26200000.0,29900000.0,3700000.0,CAD,hausse,True,sha256:318a24c376e33be31c8b2403c7e3dd4b37c4fda9ab24173683ce83e0061ce866,QUEBEC_PQI_PROJECT_DASHBOARD,observed_text_with_inferred_parse
QCPQIREV_93D8E18A166E2294981A,QCPQI_419,"Université McGill, pavillon Macdonald-Stewart – Montréal – Réfection",PR_24,schools_and_postsecondary,authorized_cost_revision,2023-03,29900000.0,36700000.0,6800000.0,CAD,hausse,True,sha256:6f2ed13926a3cb5dc068c303a27175c4dc100f938e76db8018f098141a5fbd89,QUEBEC_PQI_PROJECT_DASHBOARD,observed_text_with_inferred_parse
QCPQIREV_213977DE5B8EF3D1257C,QCPQI_419,"Université McGill, pavillon Macdonald-Stewart – Montréal – Réfection",PR_24,schools_and_postsecondary,authorized_cost_revision,2024-02,36700000.0,38500000.0,1800000.0,CAD,hausse,True,sha256:e1fb83ce8b1e2b0f9979ceba250c24ba45e99ab6db2c06fc357c84c40ea6cbf5,QUEBEC_PQI_PROJECT_DASHBOARD,observed_text_with_inferred_parse
QCPQIREV_3F0B455F807F90C4D24D,QCPQI_419,"Université McGill, pavillon Macdonald-Stewart – Montréal – Réfection",PR_24,schools_and_postsecondary,authorized_cost_revision,2026-03,38500000.0,32799999.999999996,-5700000.000000004,CAD,baisse,True,sha256:a58907390d019f9d64a9287f7c9313657c666beb2ea7e3b507f83fab027dc9e9,QUEBEC_PQI_PROJECT_DASHBOARD,observed_text_with_inferred_parse
QCPQIREV_AF67FFEBCAB8298036A6,QCPQI_419,"Université McGill, pavillon Macdonald-Stewart – Montréal – Réfection",PR_24,schools_and_postsecondary,authorized_completion_revision,2022-03,2022-12,2023-12,12,calendar_months,reportée,True,sha256:318a24c376e33be31c8b2403c7e3dd4b37c4fda9ab24173683ce83e0061ce866,QUEBEC_PQI_PROJECT_DASHBOARD,observed_text_with_inferred_parse
QCPQIREV_99D1EC67D0FB9783426F,QCPQI_419,"Université McGill, pavillon Macdonald-Stewart – Montréal – Réfection",PR_24,schools_and_postsecondary,authorized_completion_revision,2024-02,2023-12,2024-08,8,calendar_months,reportée,True,sha256:e1fb83ce8b1e2b0f9979ceba250c24ba45e99ab6db2c06fc357c84c40ea6cbf5,QUEBEC_PQI_PROJECT_DASHBOARD,observed_text_with_inferred_parse
QCPQIREV_DF60EFAA99569894A8BC,QCPQI_419,"Université McGill, pavillon Macdonald-Stewart – Montréal – Réfection",PR_24,schools_and_postsecondary,authorized_completion_revision,2025-03,2024-08,2032-08,96,calendar_months,reportée,True,sha256:9c92b28060fe2874c3606c333db9379d278c14743a85435c3d70688beaf01b09,QUEBEC_PQI_PROJECT_DASHBOARD,observed_text_with_inferred_parse
QCPQIREV_8010146704A4F24901CA,QCPQI_419,"Université McGill, pavillon Macdonald-Stewart – Montréal – Réfection",PR_24,schools_and_postsecondary,authorized_completion_revision,2026-03,2032-08,2025-10,-82,calendar_months,passant_de_a,True,sha256:a58907390d019f9d64a9287f7c9313657c666beb2ea7e3b507f83fab027dc9e9,QUEBEC_PQI_PROJECT_DASHBOARD,observed_text_with_inferred_parse
QCPQIREV_4FCB8ABA8FD75EA8D7CA,QCPQI_421,"École de technologie supérieure, pavillon F – Montréal – Construction",PR_24,schools_and_postsecondary,authorized_cost_revision,2023-03,42900000.0,63700000.0,20800000.0,CAD,hausse,False,sha256:9844bda4bb9b5f9ebf835946136d4089cc7231c415a26669e92e89eeec1b35ee,QUEBEC_PQI_PROJECT_DASHBOARD,observed_text_with_inferred_parse
QCPQIREV_6B7B3B4C020A3DCA2430,QCPQI_421,"École de technologie supérieure, pavillon F – Montréal – Construction",PR_24,schools_and_postsecondary,authorized_cost_revision,2024-02,63700000.0,66500000.0,2800000.0,CAD,hausse,True,sha256:6140bedd6cc0719777ed32da2411c1e05e63ef6506e1ffa6b675fe4b79f81c9f,QUEBEC_PQI_PROJECT_DASHBOARD,observed_text_with_inferred_parse
QCPQIREV_9CDFF6D6243D483B7BB4,QCPQI_421,"École de technologie supérieure, pavillon F – Montréal – Construction",PR_24,schools_and_postsecondary,authorized_cost_revision,2025-03,66500000.0,69000000.0,2500000.0,CAD,hausse,True,sha256:4df8e2f6db332fbfa870b113b434ce1532c5179339611da90b79b938a73b2b33,QUEBEC_PQI_PROJECT_DASHBOARD,observed_text_with_inferred_parse
QCPQIREV_3AF07C419D4AE5782034,QCPQI_421,"École de technologie supérieure, pavillon F – Montréal – Construction",PR_24,schools_and_postsecondary,authorized_cost_revision,2026-03,69000000.0,70000000.0,1000000.0,CAD,hausse,True,sha256:b70e49ef7a3b72a84034b83a7c3103e18c744e9ee7d8f35c428dcae8f161b524,QUEBEC_PQI_PROJECT_DASHBOARD,observed_text_with_inferred_parse
QCPQIREV_3559CDE8CEDF74EB097A,QCPQI_421,"École de technologie supérieure, pavillon F – Montréal – Construction",PR_24,schools_and_postsecondary,authorized_completion_revision,2024-02,2024-03,2024-05,2,calendar_months,reportée,True,sha256:6140bedd6cc0719777ed32da2411c1e05e63ef6506e1ffa6b675fe4b79f81c9f,QUEBEC_PQI_PROJECT_DASHBOARD,observed_text_with_inferred_parse
QCPQIREV_88DCA9C60603CB34AFDC,QCPQI_421,"École de technologie supérieure, pavillon F – Montréal – Construction",PR_24,schools_and_postsecondary,authorized_completion_revision,2025-03,2024-05,2026-02,21,calendar_months,reportée,True,sha256:4df8e2f6db332fbfa870b113b434ce1532c5179339611da90b79b938a73b2b33,QUEBEC_PQI_PROJECT_DASHBOARD,observed_text_with_inferred_parse
QCPQIREV_7F7F2566C2656F576BE5,QCPQI_566,"Université de Montréal, pavillon Roger-Gaudry – Montréal – Réfection",PR_24,schools_and_postsecondary,authorized_cost_revision,2025-03,49600000.0,80400000.0,30800000.0,CAD,hausse,True,sha256:c6b386b71097c96eff116223bb4f5ad863093211854d40e2bf5c70fa1bc898cc,QUEBEC_PQI_PROJECT_DASHBOARD,observed_text_with_inferred_parse
QCPQIREV_C9B9F0E5C48973B40672,QCPQI_566,"Université de Montréal, pavillon Roger-Gaudry – Montréal – Réfection",PR_24,schools_and_postsecondary,authorized_cost_revision,2026-03,80400000.0,83700000.0,3300000.0,CAD,hausse,True,sha256:88ab833da190cf13b4d7a156d21daa528448ea948f25bc008e7c6dc01f5a1ab0,QUEBEC_PQI_PROJECT_DASHBOARD,observed_text_with_inferred_parse
QCPQIREV_44469317C501A749E0B3,QCPQI_566,"Université de Montréal, pavillon Roger-Gaudry – Montréal – Réfection",PR_24,schools_and_postsecondary,authorized_completion_revision,2024-02,2025-03,2025-04,1,calendar_months,reportée,True,sha256:2d1b95f7ddd01f148eda33beb1abeac5f2b8409b49317e30b1f8a6163ccf7a4a,QUEBEC_PQI_PROJECT_DASHBOARD,observed_text_with_inferred_parse
QCPQIREV_92E44428184D2FB577F8,QCPQI_566,"Université de Montréal, pavillon Roger-Gaudry – Montréal – Réfection",PR_24,schools_and_postsecondary,authorized_completion_revision,2025-03,2025-04,2027-04,24,calendar_months,reportée,True,sha256:c6b386b71097c96eff116223bb4f5ad863093211854d40e2bf5c70fa1bc898cc,QUEBEC_PQI_PROJECT_DASHBOARD,observed_text_with_inferred_parse
QCPQIREV_094035982790F35C8250,QCPQI_935,"Université McGill, pavillon de musique Strathcona – Montréal – Réfection",PR_24,schools_and_postsecondary,authorized_cost_revision,2023-03,25100000.0,21700000.0,-3400000.0,CAD,baisse,True,sha256:134b01da354fc7687e564f207c11140acf419d7985fd63a52fca43aca021d40c,QUEBEC_PQI_PROJECT_DASHBOARD,observed_text_with_inferred_parse
QCPQIREV_5FB02DF61AF189983EE7,QCPQI_935,"Université McGill, pavillon de musique Strathcona – Montréal – Réfection",PR_24,schools_and_postsecondary,authorized_cost_revision,2024-02,21700000.0,25900000.0,4200000.0,CAD,hausse,True,sha256:21fb3f675104e01edd464d03d7f20532a762651c2f93257917299c08038fe951,QUEBEC_PQI_PROJECT_DASHBOARD,observed_text_with_inferred_parse
QCPQIREV_AF258D72483BEE086331,QCPQI_935,"Université McGill, pavillon de musique Strathcona – Montréal – Réfection",PR_24,schools_and_postsecondary,authorized_cost_revision,2025-03,25900000.0,26000000.0,100000.0,CAD,hausse,True,sha256:289226ac883a698e0b3a03a9a28f3a5db2d50f1aab94df0e0af1dd852d9a44bb,QUEBEC_PQI_PROJECT_DASHBOARD,observed_text_with_inferred_parse
QCPQIREV_B09153A4932405C99A7A,QCPQI_935,"Université McGill, pavillon de musique Strathcona – Montréal – Réfection",PR_24,schools_and_postsecondary,authorized_completion_revision,2025-03,2025-03,2027-09,30,calendar_months,reportée,True,sha256:289226ac883a698e0b3a03a9a28f3a5db2d50f1aab94df0e0af1dd852d9a44bb,QUEBEC_PQI_PROJECT_DASHBOARD,observed_text_with_inferred_parse
QCPQIREV_E3665BEA90D3F7FDB117,QCPQI_936,"Université McGill, pavillon Raymond – Montréal – Réfection",PR_24,schools_and_postsecondary,authorized_cost_revision,2023-03,45200000.0,48600000.0,3400000.0,CAD,hausse,True,sha256:f0cc7e1639b8101b5063bb721c787ef9c4062a16678a1fdf2fa4ebb70af148f5,QUEBEC_PQI_PROJECT_DASHBOARD,observed_text_with_inferred_parse
QCPQIREV_E3179AF38540C27A585B,QCPQI_936,"Université McGill, pavillon Raymond – Montréal – Réfection",PR_24,schools_and_postsecondary,authorized_cost_revision,2024-02,48600000.0,54500000.0,5900000.0,CAD,hausse,True,sha256:3334819ee85d644bbbabc7dd44d571df2b21903b48e9f6baf49b28261e9a1d1f,QUEBEC_PQI_PROJECT_DASHBOARD,observed_text_with_inferred_parse
QCPQIREV_475C3D9AAACBD5711081,QCPQI_936,"Université McGill, pavillon Raymond – Montréal – Réfection",PR_24,schools_and_postsecondary,authorized_cost_revision,2025-03,54500000.0,56400000.0,1900000.0,CAD,hausse,True,sha256:0bd770551d3fcecfd3adc3ec7eaef5af205488cb57cc0ff3ff00c91663eb6d04,QUEBEC_PQI_PROJECT_DASHBOARD,observed_text_with_inferred_parse
QCPQIREV_26F9F9657304FB938749,QCPQI_936,"Université McGill, pavillon Raymond – Montréal – Réfection",PR_24,schools_and_postsecondary,authorized_cost_revision,2026-03,56400000.0,57000000.0,600000.0,CAD,hausse,True,sha256:ebb9408751c904691615fc2e0fb8b80cdf1681e0e8999b2bf1f7ab9017bd2d6a,QUEBEC_PQI_PROJECT_DASHBOARD,observed_text_with_inferred_parse
QCPQIREV_4050C83E56963ECFB8CA,QCPQI_936,"Université McGill, pavillon Raymond – Montréal – Réfection",PR_24,schools_and_postsecondary,authorized_completion_revision,2024-02,2024-03,2025-09,18,calendar_months,reportée,True,sha256:3334819ee85d644bbbabc7dd44d571df2b21903b48e9f6baf49b28261e9a1d1f,QUEBEC_PQI_PROJECT_DASHBOARD,observed_text_with_inferred_parse
QCPQIREV_7614423FF47C27F648B8,QCPQI_936,"Université McGill, pavillon Raymond – Montréal – Réfection",PR_24,schools_and_postsecondary,authorized_completion_revision,2026-03,2025-09,2026-01,4,calendar_months,passant_de_a,True,sha256:ebb9408751c904691615fc2e0fb8b80cdf1681e0e8999b2bf1f7ab9017bd2d6a,QUEBEC_PQI_PROJECT_DASHBOARD,observed_text_with_inferred_parse
QCPQIREV_443FCEBBBB0525B3F85A,QCPQI_831,Maison des aînés et alternative – Chisasibi – Construction,PR_24,health_facilities,authorized_completion_revision,2023-03,2022-09,2023-12,15,calendar_months,reportée,True,sha256:335698972c9120c6b6d3195c9a539775b8604bc93f0f57bdd51cf0c8a9e3c21b,QUEBEC_PQI_PROJECT_DASHBOARD,observed_text_with_inferred_parse
QCPQIREV_C1AA318F86AC4CF417C1,QCPQI_831,Maison des aînés et alternative – Chisasibi – Construction,PR_24,health_facilities,authorized_completion_revision,2025-03,2023-12,2026-06,30,calendar_months,reportée,True,sha256:ebb0c5853085165a6da77f5315cc4d6650942cae3b324a111d20366eb1ca210e,QUEBEC_PQI_PROJECT_DASHBOARD,observed_text_with_inferred_parse
QCPQIREV_609B9BCB3721A159696E,QCPQI_832,Maison des aînés et alternative – Mistissini – Construction,PR_24,health_facilities,authorized_cost_revision,2026-03,38000000.0,48400000.0,10400000.0,CAD,hausse,True,sha256:27fa3207036d8bf106523d57875a8cfbce76a58bffc5e8e5f31ec9c128745aed,QUEBEC_PQI_PROJECT_DASHBOARD,observed_text_with_inferred_parse
QCPQIREV_0CF16B18A87CA4BCC003,QCPQI_832,Maison des aînés et alternative – Mistissini – Construction,PR_24,health_facilities,authorized_completion_revision,2023-03,2022-09,2023-12,15,calendar_months,reportée,True,sha256:335698972c9120c6b6d3195c9a539775b8604bc93f0f57bdd51cf0c8a9e3c21b,QUEBEC_PQI_PROJECT_DASHBOARD,observed_text_with_inferred_parse
QCPQIREV_C19236185ABD3E0D2663,QCPQI_832,Maison des aînés et alternative – Mistissini – Construction,PR_24,health_facilities,authorized_completion_revision,2025-03,2023-12,2026-12,36,calendar_months,reportée,True,sha256:825a4f539817c04c8d39faef79c0dd5917c40cb92eda0828f3244bd78c33bf24,QUEBEC_PQI_PROJECT_DASHBOARD,observed_text_with_inferred_parse
QCPQIREV_580904621054BCC2AD7F,QCPQI_832,Maison des aînés et alternative – Mistissini – Construction,PR_24,health_facilities,authorized_completion_revision,2026-03,2026-12,2028-09,21,calendar_months,passant_de_a,True,sha256:27fa3207036d8bf106523d57875a8cfbce76a58bffc5e8e5f31ec9c128745aed,QUEBEC_PQI_PROJECT_DASHBOARD,observed_text_with_inferred_parse
QCPQIREV_119DF24EE5FA38F57CE8,QCPQI_833,Maison des aînés et alternative – Waskaganish – Construction,PR_24,health_facilities,authorized_completion_revision,2023-03,2022-09,2023-12,15,calendar_months,reportée,True,sha256:335698972c9120c6b6d3195c9a539775b8604bc93f0f57bdd51cf0c8a9e3c21b,QUEBEC_PQI_PROJECT_DASHBOARD,observed_text_with_inferred_parse
QCPQIREV_E053518C56F0FF96F6BB,QCPQI_833,Maison des aînés et alternative – Waskaganish – Construction,PR_24,health_facilities,authorized_completion_revision,2026-03,2023-12,2028-09,57,calendar_months,passant_de_a,True,sha256:29adead6fda59d20370f76cfa6a75732a6700ec5092b115628a6b0ecec4201b5,QUEBEC_PQI_PROJECT_DASHBOARD,observed_text_with_inferred_parse
QCPQIREV_4D96E9D0CFABB109B103,QCPQI_840,"Complexe d'hébergement, 80 logements – Chisasibi – Construction",PR_24,health_facilities,authorized_cost_revision,2026-03,35500000.0,54600000.0,19100000.0,CAD,hausse,True,sha256:76fe9c3879cd90386cc7266f45ee8c6a86e426b75364f2dd571849fcbf6e570c,QUEBEC_PQI_PROJECT_DASHBOARD,observed_text_with_inferred_parse
QCPQIREV_9E9F6C562B35B7E53A03,QCPQI_840,"Complexe d'hébergement, 80 logements – Chisasibi – Construction",PR_24,health_facilities,authorized_completion_revision,2023-03,2022-09,2024-09,24,calendar_months,reportée,True,sha256:27164fb82f19454374e878d3f278c1c3cb1687694f7db90880f77cbda2465782,QUEBEC_PQI_PROJECT_DASHBOARD,observed_text_with_inferred_parse
QCPQIREV_223021505F52A447761E,QCPQI_840,"Complexe d'hébergement, 80 logements – Chisasibi – Construction",PR_24,health_facilities,authorized_completion_revision,2026-03,2024-09,2028-09,48,calendar_months,passant_de_a,True,sha256:76fe9c3879cd90386cc7266f45ee8c6a86e426b75364f2dd571849fcbf6e570c,QUEBEC_PQI_PROJECT_DASHBOARD,observed_text_with_inferred_parse
QCPQIREV_D4732F125F94D3D09CEB,QCPQI_953,"Université du Québec, pavillon de médecine vétérinaire – Rimouski – Construction et réaménagement",PR_24,schools_and_postsecondary,authorized_cost_revision,2026-03,50000000.0,53100000.0,3100000.0,CAD,hausse,True,sha256:1dfee587689a282acfa26d3f823aeffa9047e1d14d39a5cbbf593e435f6eabde,QUEBEC_PQI_PROJECT_DASHBOARD,observed_text_with_inferred_parse
QCPQIREV_C793A3B99A0C473E8BFE,QCPQI_953,"Université du Québec, pavillon de médecine vétérinaire – Rimouski – Construction et réaménagement",PR_24,schools_and_postsecondary,authorized_completion_revision,2026-03,2026-08,2026-12,4,calendar_months,passant_de_a,True,sha256:1dfee587689a282acfa26d3f823aeffa9047e1d14d39a5cbbf593e435f6eabde,QUEBEC_PQI_PROJECT_DASHBOARD,observed_text_with_inferred_parse
QCPQIREV_2694D73914C402942ED3,QCPQI_1028,"Université du Québec à Chicoutimi, pavillon principal – Saguenay – Réfection",PR_24,schools_and_postsecondary,authorized_cost_revision,2024-02,45100000.0,37100000.0,-8000000.0,CAD,baisse,True,sha256:0eaaed790be88dd375b41f7cba28b2a15fb08ee141627dc020b48dc5ffe39c9c,QUEBEC_PQI_PROJECT_DASHBOARD,observed_text_with_inferred_parse
QCPQIREV_1A3DEFF912CF0D74610A,QCPQI_1028,"Université du Québec à Chicoutimi, pavillon principal – Saguenay – Réfection",PR_24,schools_and_postsecondary,authorized_cost_revision,2025-03,37100000.0,38100000.0,1000000.0,CAD,hausse,True,sha256:6baba4af971638f074705399dbdd36645aaf885326c79c71579c683611ec5042,QUEBEC_PQI_PROJECT_DASHBOARD,observed_text_with_inferred_parse
QCPQIREV_CC0D0B1CDB2567276BBC,QCPQI_1028,"Université du Québec à Chicoutimi, pavillon principal – Saguenay – Réfection",PR_24,schools_and_postsecondary,authorized_completion_revision,2024-02,2026-12,2028-12,24,calendar_months,reportée,True,sha256:0eaaed790be88dd375b41f7cba28b2a15fb08ee141627dc020b48dc5ffe39c9c,QUEBEC_PQI_PROJECT_DASHBOARD,observed_text_with_inferred_parse
QCPQIREV_C1286C4EEB8FB5837140,QCPQI_1028,"Université du Québec à Chicoutimi, pavillon principal – Saguenay – Réfection",PR_24,schools_and_postsecondary,authorized_completion_revision,2025-03,2028-12,2030-12,24,calendar_months,reportée,True,sha256:6baba4af971638f074705399dbdd36645aaf885326c79c71579c683611ec5042,QUEBEC_PQI_PROJECT_DASHBOARD,observed_text_with_inferred_parse
QCPQIREV_2E340AD20C0E2ADE3089,QCPQI_1028,"Université du Québec à Chicoutimi, pavillon principal – Saguenay – Réfection",PR_24,schools_and_postsecondary,authorized_completion_revision,2026-03,2030-12,2035-12,60,calendar_months,passant_de_a,True,sha256:acd56dffc88c7728cb0e57ce659458cb800b07410c32da0f059c955db1abd8ed,QUEBEC_PQI_PROJECT_DASHBOARD,observed_text_with_inferred_parse
QCPQIREV_FBE8DB58FBF3A28DD8A1,QCPQI_489,Musée d'art contemporain de Montréal – Agrandissement et réaménagement,PR_24,government_and_civic_facilities,authorized_cost_revision,2023-06,57000000.0,116500000.0,59500000.0,CAD,hausse,True,sha256:c86d04173fc4248549abe27d4789af79f5510dfed10b72c6d8eebd545ac7c662,QUEBEC_PQI_PROJECT_DASHBOARD,observed_text_with_inferred_parse
QCPQIREV_1C175CD2473D1D001813,QCPQI_489,Musée d'art contemporain de Montréal – Agrandissement et réaménagement,PR_24,government_and_civic_facilities,authorized_completion_revision,2023-06,2024-10,2028-01,39,calendar_months,reportée,True,sha256:c86d04173fc4248549abe27d4789af79f5510dfed10b72c6d8eebd545ac7c662,QUEBEC_PQI_PROJECT_DASHBOARD,observed_text_with_inferred_parse
QCPQIREV_AA74D74C1F7953B1C3C8,QCPQI_841,Musée national de l'histoire du Québec – Québec – Réfection et réaménagement,PR_24,government_and_civic_facilities,authorized_cost_revision,2025-08,49800000.0,105000000.0,55200000.0,CAD,hausse,True,sha256:b4ccfab3876390a01df86815ea2d9b235d1a80b9e790bef20527d9ef92bb68ba,QUEBEC_PQI_PROJECT_DASHBOARD,observed_text_with_inferred_parse
QCPQIREV_404EF41ED0DD16528397,QCPQI_841,Musée national de l'histoire du Québec – Québec – Réfection et réaménagement,PR_24,government_and_civic_facilities,authorized_completion_revision,2023-03,2023-06,2025-05,23,calendar_months,reportée,True,sha256:045295e57814a42be2649e8017314061be2ba008e63220d6f911b3dda3a7e16f,QUEBEC_PQI_PROJECT_DASHBOARD,observed_text_with_inferred_parse
QCPQIREV_4EE10FEF211DF854928B,QCPQI_841,Musée national de l'histoire du Québec – Québec – Réfection et réaménagement,PR_24,government_and_civic_facilities,authorized_completion_revision,2025-03,2025-05,2026-06,13,calendar_months,reportée,True,sha256:5d5bb6a3148100e181af20b45401a00d7d6c0310c93c8814c37b7524caa63857,QUEBEC_PQI_PROJECT_DASHBOARD,observed_text_with_inferred_parse
QCPQIREV_3A327B9A5DEB93697521,QCPQI_841,Musée national de l'histoire du Québec – Québec – Réfection et réaménagement,PR_24,government_and_civic_facilities,authorized_completion_revision,2026-03,2026-06,2026-03,-3,calendar_months,passant_de_a,True,sha256:e38f12480037bdc9126a27c86f510fa4aee01e97e85f2b791ac718cecbeb5e43,QUEBEC_PQI_PROJECT_DASHBOARD,observed_text_with_inferred_parse
QCPQIREV_045259BF39229C6CEC83,QCPQI_886,"Musée national des beaux-arts du Québec, Espace Riopelle – Québec – Agrandissement",PR_24,government_and_civic_facilities,authorized_completion_revision,2026-03,2026-08,2026-10,2,calendar_months,passant_de_a,True,sha256:b74d6eb91785bb43a3680bbef7ed1b559d11767fbc3ad888802b2b4854ea3063,QUEBEC_PQI_PROJECT_DASHBOARD,observed_text_with_inferred_parse
QCPQIREV_F3F7D629A404E127C271,QCPQI_725,Musée de l'Holocauste – Montréal – Construction,PR_24,government_and_civic_facilities,authorized_cost_revision,2026-03,64000000.0,110000000.0,46000000.0,CAD,hausse,True,sha256:594defac369f9add5eaf726a34387363cebc24eee3078c93888759cdff5757fe,QUEBEC_PQI_PROJECT_DASHBOARD,observed_text_with_inferred_parse
QCPQIREV_7BC6B3B75A8308931444,QCPQI_725,Musée de l'Holocauste – Montréal – Construction,PR_24,government_and_civic_facilities,authorized_completion_revision,2026-03,2026-06,2027-03,9,calendar_months,passant_de_a,True,sha256:594defac369f9add5eaf726a34387363cebc24eee3078c93888759cdff5757fe,QUEBEC_PQI_PROJECT_DASHBOARD,observed_text_with_inferred_parse
QCPQIREV_D76D87F5802310242802,QCPQI_944,Centre PHI – Montréal – Réfection et construction,PR_24,government_and_civic_facilities,authorized_cost_revision,2026-03,79800000.0,97500000.0,17700000.0,CAD,hausse,True,sha256:393d7bed9093c96f3c208831a7a2a2a39896069b3d2fdca1b12b8976d108c567,QUEBEC_PQI_PROJECT_DASHBOARD,observed_text_with_inferred_parse
QCPQIREV_6365798AD3201F5284D9,QCPQI_1042,Lieu de diffusion spécialisée danse-théâtre enfance-jeunesse – Sherbrooke – Construction,PR_24,government_and_civic_facilities,authorized_cost_revision,2026-03,21800000.0,22800000.0,1000000.0,CAD,hausse,True,sha256:eba06067e6140efdb1c9e6f911ac0677ae8b0dec96be33a72c080048d177991a,QUEBEC_PQI_PROJECT_DASHBOARD,observed_text_with_inferred_parse
QCPQIREV_C465BD9A15B0A0166156,QCPQI_1042,Lieu de diffusion spécialisée danse-théâtre enfance-jeunesse – Sherbrooke – Construction,PR_24,government_and_civic_facilities,authorized_completion_revision,2025-03,2024-12,2025-12,12,calendar_months,reportée,True,sha256:bc5866f949a0e36f62783ae1c2ead123b9a495ed98dd8e1b8ac0eb1996cddc64,QUEBEC_PQI_PROJECT_DASHBOARD,observed_text_with_inferred_parse
QCPQIREV_433BA6CC40210BC0F281,QCPQI_1042,Lieu de diffusion spécialisée danse-théâtre enfance-jeunesse – Sherbrooke – Construction,PR_24,government_and_civic_facilities,authorized_completion_revision,2026-03,2025-12,2025-05,-7,calendar_months,passant_de_a,True,sha256:eba06067e6140efdb1c9e6f911ac0677ae8b0dec96be33a72c080048d177991a,QUEBEC_PQI_PROJECT_DASHBOARD,observed_text_with_inferred_parse
QCPQIREV_2ED3D6249271D135F5F5,QCPQI_314,"Cégep Édouard-Montpetit, cliniques-écoles – Longueuil – Construction et réaménagement",PR_24,schools_and_postsecondary,authorized_completion_revision,2026-03,2030-05,2030-08,3,calendar_months,passant_de_a,True,sha256:29119ae593f9aeb979f6405bd07df40849aa05b85cd58b216dbbb3196ed99508,QUEBEC_PQI_PROJECT_DASHBOARD,observed_text_with_inferred_parse
QCPQIREV_18ADF4E5492CC223263F,QCPQI_133,Service rapide par bus intégré sur le boulevard Pie-IX entre Montréal et Laval – Aménagement et construction,PR_24,roads_transit_and_airports,authorized_cost_revision,2019-12,393800000.0,472500000.0,78700000.0,CAD,not_stated,True,sha256:784a0d9ec99136cc47adc8e590a5ff9f700fa1d9e6e395bb6cb39e65120a9e02,QUEBEC_PQI_PROJECT_DASHBOARD,observed_text_with_inferred_parse
QCPQIREV_4833A308EBF8E7687D0C,QCPQI_133,Service rapide par bus intégré sur le boulevard Pie-IX entre Montréal et Laval – Aménagement et construction,PR_24,roads_transit_and_airports,authorized_cost_revision,2023-06,472500000.0,442500000.0,-30000000.0,CAD,baisse,True,sha256:b896df1b8524c9fab93e15e9a556468a32a31b4242228d167abf495284431cd9,QUEBEC_PQI_PROJECT_DASHBOARD,observed_text_with_inferred_parse
QCPQIREV_4DB60BB172493067A942,QCPQI_133,Service rapide par bus intégré sur le boulevard Pie-IX entre Montréal et Laval – Aménagement et construction,PR_24,roads_transit_and_airports,authorized_completion_revision,2019-12,2022-12,2023-12,12,calendar_months,reportée,True,sha256:784a0d9ec99136cc47adc8e590a5ff9f700fa1d9e6e395bb6cb39e65120a9e02,QUEBEC_PQI_PROJECT_DASHBOARD,observed_text_with_inferred_parse
QCPQIREV_35D87310DE1BFC4012B7,QCPQI_133,Service rapide par bus intégré sur le boulevard Pie-IX entre Montréal et Laval – Aménagement et construction,PR_24,roads_transit_and_airports,authorized_completion_revision,2023-06,2023-12,2027-12,48,calendar_months,reportée,True,sha256:b896df1b8524c9fab93e15e9a556468a32a31b4242228d167abf495284431cd9,QUEBEC_PQI_PROJECT_DASHBOARD,observed_text_with_inferred_parse
QCPQIREV_34F011287695E6DB99D6,QCPQI_137,"Réseau de trains de banlieue d'exo, voitures passagers (type 2000) – Région métropolitaine de Montréal – Remplacement",PR_24,roads_transit_and_airports,authorized_cost_revision,2022-03,103200000.0,112200000.0,9000000.0,CAD,hausse,True,sha256:7bbf1b42e3b1ac7780005823f6dfccd99eec780a58840a73312ba60583a8b19d,QUEBEC_PQI_PROJECT_DASHBOARD,observed_text_with_inferred_parse
QCPQIREV_713A9C401ADF8F54A734,QCPQI_137,"Réseau de trains de banlieue d'exo, voitures passagers (type 2000) – Région métropolitaine de Montréal – Remplacement",PR_24,roads_transit_and_airports,authorized_cost_revision,2023-03,112200000.0,138500000.0,26300000.0,CAD,hausse,True,sha256:a4574af76c6f746a1bcbacbaf4ed858bab7ab01f837e6fead3ec5528a11f2975,QUEBEC_PQI_PROJECT_DASHBOARD,observed_text_with_inferred_parse
QCPQIREV_17A6D09B2DC51F741E5B,QCPQI_137,"Réseau de trains de banlieue d'exo, voitures passagers (type 2000) – Région métropolitaine de Montréal – Remplacement",PR_24,roads_transit_and_airports,authorized_cost_revision,2024-02,138500000.0,120000000.0,-18500000.0,CAD,baisse,True,sha256:7b9fd060e1e88276f37eb247a9548d06320f56135868b167fe4d7be2ff87e52f,QUEBEC_PQI_PROJECT_DASHBOARD,observed_text_with_inferred_parse
QCPQIREV_314E23C6EF8DF9E78766,QCPQI_137,"Réseau de trains de banlieue d'exo, voitures passagers (type 2000) – Région métropolitaine de Montréal – Remplacement",PR_24,roads_transit_and_airports,authorized_cost_revision,2025-03,120000000.0,116200000.0,-3800000.0,CAD,baisse,True,sha256:e4fd29cb11869b2a7986a981911d4c7663662da76ce8068397e653c05a4296f7,QUEBEC_PQI_PROJECT_DASHBOARD,observed_text_with_inferred_parse
QCPQIREV_914209FE4547D42BB81D,QCPQI_137,"Réseau de trains de banlieue d'exo, voitures passagers (type 2000) – Région métropolitaine de Montréal – Remplacement",PR_24,roads_transit_and_airports,authorized_cost_revision,2026-03,116200000.0,115500000.0,-700000.0,CAD,baisse,True,sha256:f0453b3493288c7901be8d9ed5b1508b1fdbe874209cbc6b5197a3d4056d4aa0,QUEBEC_PQI_PROJECT_DASHBOARD,observed_text_with_inferred_parse
QCPQIREV_0A29D58490C0B315D082,QCPQI_137,"Réseau de trains de banlieue d'exo, voitures passagers (type 2000) – Région métropolitaine de Montréal – Remplacement",PR_24,roads_transit_and_airports,authorized_completion_revision,2025-03,2027-09,2025-05,-28,calendar_months,devancée,True,sha256:e4fd29cb11869b2a7986a981911d4c7663662da76ce8068397e653c05a4296f7,QUEBEC_PQI_PROJECT_DASHBOARD,observed_text_with_inferred_parse
QCPQIREV_AD4C57626AF116DB122F,QCPQI_221,Mesures prioritaires pour le transport collectif sur le boulevard Guillaume-Couture – Lévis – Aménagement,PR_24,roads_transit_and_airports,authorized_cost_revision,2023-06,112400000.0,149100000.0,36700000.0,CAD,hausse,True,sha256:d9cfca5373a12790de9109200b368760a51792ad96f96a7798e48b925c57283e,QUEBEC_PQI_PROJECT_DASHBOARD,observed_text_with_inferred_parse
QCPQIREV_CCBB5C136D63C4C536F7,QCPQI_224,Centre de transport Bellechasse de la STM – Montréal – Construction,PR_24,roads_transit_and_airports,authorized_cost_revision,2023-03,370300000.0,584400000.0,214100000.0,CAD,hausse,True,sha256:f4577cfc917ccec010e5a5805b4873f0e873bb25cb777cae49f82023d4927e77,QUEBEC_PQI_PROJECT_DASHBOARD,observed_text_with_inferred_parse
QCPQIREV_74B9A588268151BBF42E,QCPQI_224,Centre de transport Bellechasse de la STM – Montréal – Construction,PR_24,roads_transit_and_airports,authorized_cost_revision,2025-03,584400000.0,584500000.0,100000.0,CAD,hausse,True,sha256:1c7edd4ef06344d76017e0a5bfaca7e25cbd7964c913ffb158d7560ba41a4e9f,QUEBEC_PQI_PROJECT_DASHBOARD,observed_text_with_inferred_parse
QCPQIREV_14475DFDA2BAF504F604,QCPQI_224,Centre de transport Bellechasse de la STM – Montréal – Construction,PR_24,roads_transit_and_airports,authorized_completion_revision,2022-03,2022-01,2023-01,12,calendar_months,reportée,True,sha256:de8e7b0a04a0a8877d005157f5690ffa4a06a5eb7348ec5d2c8ed140fec261b0,QUEBEC_PQI_PROJECT_DASHBOARD,observed_text_with_inferred_parse
QCPQIREV_66BF9A08715A992321C0,QCPQI_224,Centre de transport Bellechasse de la STM – Montréal – Construction,PR_24,roads_transit_and_airports,authorized_completion_revision,2023-03,2023-01,2024-09,20,calendar_months,reportée,True,sha256:f4577cfc917ccec010e5a5805b4873f0e873bb25cb777cae49f82023d4927e77,QUEBEC_PQI_PROJECT_DASHBOARD,observed_text_with_inferred_parse
QCPQIREV_5D1EF19D10BC75B3B789,QCPQI_224,Centre de transport Bellechasse de la STM – Montréal – Construction,PR_24,roads_transit_and_airports,authorized_completion_revision,2025-03,2024-09,2026-09,24,calendar_months,reportée,True,sha256:1c7edd4ef06344d76017e0a5bfaca7e25cbd7964c913ffb158d7560ba41a4e9f,QUEBEC_PQI_PROJECT_DASHBOARD,observed_text_with_inferred_parse
QCPQIREV_EF7B92930AE8DC687950,QCPQI_226,Garage de la STL (phase IV) – Laval – Construction,PR_24,roads_transit_and_airports,authorized_cost_revision,2023-03,247200000.0,309200000.0,62000000.0,CAD,hausse,True,sha256:99b5d400ecbfb7f48dada85be5b2b220ef4a35a78645b12d30bd847206e723e9,QUEBEC_PQI_PROJECT_DASHBOARD,observed_text_with_inferred_parse
QCPQIREV_839AF5C57E0BDF4FB2EF,QCPQI_226,Garage de la STL (phase IV) – Laval – Construction,PR_24,roads_transit_and_airports,authorized_cost_revision,2024-02,309200000.0,310100000.0,900000.0,CAD,hausse,True,sha256:bdcd4b2b43acff7ab897fe8b1bee52a2a7003c9bc54b3f8728f75c7775f60aa1,QUEBEC_PQI_PROJECT_DASHBOARD,observed_text_with_inferred_parse
QCPQIREV_2D8F918368AC6CE9CDCA,QCPQI_226,Garage de la STL (phase IV) – Laval – Construction,PR_24,roads_transit_and_airports,authorized_cost_revision,2026-03,310100000.0,299000000.0,-11100000.0,CAD,baisse,True,sha256:b41122b81b6f5f6bca501f2cf919acfb9b9c1f520342125e71d91437914f6cf9,QUEBEC_PQI_PROJECT_DASHBOARD,observed_text_with_inferred_parse
QCPQIREV_E08C08798AF347039325,QCPQI_226,Garage de la STL (phase IV) – Laval – Construction,PR_24,roads_transit_and_airports,authorized_completion_revision,2026-03,2025-07,2026-12,17,calendar_months,passant_de_a,True,sha256:b41122b81b6f5f6bca501f2cf919acfb9b9c1f520342125e71d91437914f6cf9,QUEBEC_PQI_PROJECT_DASHBOARD,observed_text_with_inferred_parse
QCPQIREV_A3A6B87D59678BA7D9A4,QCPQI_282,Centre de transport Anjou de la STM – Montréal – Agrandissement,PR_24,roads_transit_and_airports,authorized_cost_revision,2022-03,79000000.0,79200000.0,200000.0,CAD,hausse,True,sha256:701603073b54694203ebe908a6694366cabdd693442a344986c6520165c6c513,QUEBEC_PQI_PROJECT_DASHBOARD,observed_text_with_inferred_parse
QCPQIREV_1726DB29C106FA8F2727,QCPQI_282,Centre de transport Anjou de la STM – Montréal – Agrandissement,PR_24,roads_transit_and_airports,authorized_cost_revision,2025-03,79200000.0,79000000.0,-200000.0,CAD,baisse,True,sha256:1a732442ca9fbed220ff177da64042981a7f952e7fe12443ac9cd877e28b9c8a,QUEBEC_PQI_PROJECT_DASHBOARD,observed_text_with_inferred_parse
QCPQIREV_B79FA0E064A1B612B773,QCPQI_282,Centre de transport Anjou de la STM – Montréal – Agrandissement,PR_24,roads_transit_and_airports,authorized_completion_revision,2023-03,2022-07,2023-04,9,calendar_months,reportée,True,sha256:8f2ca4b2577ea5165f3eedb55266c228462a1709580f9f0e90a0c2319e8e84f4,QUEBEC_PQI_PROJECT_DASHBOARD,observed_text_with_inferred_parse
QCPQIREV_321BB69AC3DE0D89BF5E,QCPQI_282,Centre de transport Anjou de la STM – Montréal – Agrandissement,PR_24,roads_transit_and_airports,authorized_completion_revision,2024-02,2023-04,2024-07,15,calendar_months,reportée,True,sha256:bd132a6f10c0b5077081882500d89e17437da84b52cd34bb746df3b1cbf2b0aa,QUEBEC_PQI_PROJECT_DASHBOARD,observed_text_with_inferred_parse
QCPQIREV_AC68B4338D856DC480E6,QCPQI_282,Centre de transport Anjou de la STM – Montréal – Agrandissement,PR_24,roads_transit_and_airports,authorized_completion_revision,2025-03,2024-07,2025-07,12,calendar_months,reportée,True,sha256:1a732442ca9fbed220ff177da64042981a7f952e7fe12443ac9cd877e28b9c8a,QUEBEC_PQI_PROJECT_DASHBOARD,observed_text_with_inferred_parse
QCPQIREV_F743145E4F816BB5CCB1,QCPQI_282,Centre de transport Anjou de la STM – Montréal – Agrandissement,PR_24,roads_transit_and_airports,authorized_completion_revision,2026-03,2025-07,2026-06,11,calendar_months,passant_de_a,True,sha256:0b4e928e0176866bc88b250be500cbac35d36b5b49d59044fc6724a82cee6737,QUEBEC_PQI_PROJECT_DASHBOARD,observed_text_with_inferred_parse
QCPQIREV_9B4E09D761A157676369,QCPQI_284,"Réseau de trains de banlieue d'exo, locomotives diesel – Région métropolitaine de Montréal – Remplacement",PR_24,roads_transit_and_airports,authorized_cost_revision,2023-03,204800000.0,207300000.0,2500000.0,CAD,hausse,True,sha256:ed81259589d922efb133694c93b6905657f4dc060decbc9d29e730bade1c3a98,QUEBEC_PQI_PROJECT_DASHBOARD,observed_text_with_inferred_parse
QCPQIREV_15262EF32A8DE3D7A95E,QCPQI_284,"Réseau de trains de banlieue d'exo, locomotives diesel – Région métropolitaine de Montréal – Remplacement",PR_24,roads_transit_and_airports,authorized_cost_revision,2025-03,207300000.0,198900000.0,-8400000.0,CAD,baisse,True,sha256:8ba5d66a499053e4a66159a6de75c5c94605787e023657fadd458dff92753840,QUEBEC_PQI_PROJECT_DASHBOARD,observed_text_with_inferred_parse
QCPQIREV_D0B42FA21833745CBD05,QCPQI_284,"Réseau de trains de banlieue d'exo, locomotives diesel – Région métropolitaine de Montréal – Remplacement",PR_24,roads_transit_and_airports,authorized_cost_revision,2026-03,198900000.0,199900000.0,1000000.0,CAD,hausse,True,sha256:d6f7673f204743708bad84d76f5cccf3a3623fa46a9e1066e08029dd440bcf8e,QUEBEC_PQI_PROJECT_DASHBOARD,observed_text_with_inferred_parse
QCPQIREV_50684E82EA3900EC1F6B,QCPQI_284,"Réseau de trains de banlieue d'exo, locomotives diesel – Région métropolitaine de Montréal – Remplacement",PR_24,roads_transit_and_airports,authorized_completion_revision,2023-03,2026-12,2025-03,-21,calendar_months,devancée,True,sha256:ed81259589d922efb133694c93b6905657f4dc060decbc9d29e730bade1c3a98,QUEBEC_PQI_PROJECT_DASHBOARD,observed_text_with_inferred_parse
QCPQIREV_25DDAC30230F13C0E4E6,QCPQI_284,"Réseau de trains de banlieue d'exo, locomotives diesel – Région métropolitaine de Montréal – Remplacement",PR_24,roads_transit_and_airports,authorized_completion_revision,2025-03,2025-03,2027-10,31,calendar_months,reportée,True,sha256:8ba5d66a499053e4a66159a6de75c5c94605787e023657fadd458dff92753840,QUEBEC_PQI_PROJECT_DASHBOARD,observed_text_with_inferred_parse
QCPQIREV_E80F7F1C3E61261758C8,QCPQI_285,"Réseau de trains de banlieue d'exo, voitures passagers (type 2000) – Région métropolitaine de Montréal – Acquisition",PR_24,roads_transit_and_airports,authorized_cost_revision,2022-03,65599999.99999999,92200000.0,26600000.000000007,CAD,hausse,True,sha256:edcade70cd9f75ab114c2be6ad444a892af56ce839053a17ab96816840b860ee,QUEBEC_PQI_PROJECT_DASHBOARD,observed_text_with_inferred_parse
QCPQIREV_A457421DB1EC3C1FAC7F,QCPQI_285,"Réseau de trains de banlieue d'exo, voitures passagers (type 2000) – Région métropolitaine de Montréal – Acquisition",PR_24,roads_transit_and_airports,authorized_cost_revision,2023-03,92200000.0,66000000.0,-26200000.0,CAD,baisse,True,sha256:27532545689ab2d858b67b5bedd3adb8a4d3775119146c940156a0d3f0d542fe,QUEBEC_PQI_PROJECT_DASHBOARD,observed_text_with_inferred_parse
QCPQIREV_A557ADFAA715E77F9BE1,QCPQI_285,"Réseau de trains de banlieue d'exo, voitures passagers (type 2000) – Région métropolitaine de Montréal – Acquisition",PR_24,roads_transit_and_airports,authorized_cost_revision,2024-02,66000000.0,86800000.0,20800000.0,CAD,hausse,True,sha256:fcc06b36f39b3a93baf5a579381f45d0cfbbb83ef3b81e0e7a577c54bebc4748,QUEBEC_PQI_PROJECT_DASHBOARD,observed_text_with_inferred_parse
QCPQIREV_89308A5FDFD46FA207DC,QCPQI_285,"Réseau de trains de banlieue d'exo, voitures passagers (type 2000) – Région métropolitaine de Montréal – Acquisition",PR_24,roads_transit_and_airports,authorized_cost_revision,2025-03,86800000.0,79600000.0,-7200000.0,CAD,baisse,True,sha256:c8da4d5bebd8cc58781f865f77e28dbaef6ddd64c1c824e468a0a108df72206f,QUEBEC_PQI_PROJECT_DASHBOARD,observed_text_with_inferred_parse
QCPQIREV_1275BA2F7A80A81B994B,QCPQI_285,"Réseau de trains de banlieue d'exo, voitures passagers (type 2000) – Région métropolitaine de Montréal – Acquisition",PR_24,roads_transit_and_airports,authorized_completion_revision,2023-03,2023-03,2025-06,27,calendar_months,reportée,True,sha256:27532545689ab2d858b67b5bedd3adb8a4d3775119146c940156a0d3f0d542fe,QUEBEC_PQI_PROJECT_DASHBOARD,observed_text_with_inferred_parse
QCPQIREV_0E53E9CA44FD1469D502,QCPQI_285,"Réseau de trains de banlieue d'exo, voitures passagers (type 2000) – Région métropolitaine de Montréal – Acquisition",PR_24,roads_transit_and_airports,authorized_completion_revision,2025-03,2025-06,2026-01,7,calendar_months,reportée,True,sha256:c8da4d5bebd8cc58781f865f77e28dbaef6ddd64c1c824e468a0a108df72206f,QUEBEC_PQI_PROJECT_DASHBOARD,observed_text_with_inferred_parse
QCPQIREV_6DB2A9BC13DA7A9751EE,QCPQI_317,"Métro de Montréal, système de contrôle des trains sur la ligne bleue – Remplacement",PR_24,roads_transit_and_airports,authorized_completion_revision,2026-03,2029-08,2031-05,21,calendar_months,passant_de_a,True,sha256:c798872e613bc6ed260851eec54817a609672a6942a8d4760e95865b1fa1c831,QUEBEC_PQI_PROJECT_DASHBOARD,observed_text_with_inferred_parse
QCPQIREV_BEC1228DCA2150FBC626,QCPQI_332,Centre de transport Saint-Laurent de la STM – Montréal – Agrandissement,PR_24,roads_transit_and_airports,authorized_cost_revision,2022-03,65800000.0,66000000.0,200000.0,CAD,hausse,True,sha256:809f6cfbc770f92c5a19e9f1ccb657b035db5f96fbdc74ab873f62c09c101860,QUEBEC_PQI_PROJECT_DASHBOARD,observed_text_with_inferred_parse
QCPQIREV_F7C8C7CE834E003ECE13,QCPQI_332,Centre de transport Saint-Laurent de la STM – Montréal – Agrandissement,PR_24,roads_transit_and_airports,authorized_cost_revision,2025-03,66000000.0,65800000.0,-200000.0,CAD,baisse,True,sha256:2a4725fb31066396cab8acb57f37f1151cf15e5f01f1035017da4a7bd3a7f8a5,QUEBEC_PQI_PROJECT_DASHBOARD,observed_text_with_inferred_parse
QCPQIREV_6895153E14FF048BA3A5,QCPQI_332,Centre de transport Saint-Laurent de la STM – Montréal – Agrandissement,PR_24,roads_transit_and_airports,authorized_completion_revision,2023-03,2022-07,2023-04,9,calendar_months,reportée,True,sha256:8f2ca4b2577ea5165f3eedb55266c228462a1709580f9f0e90a0c2319e8e84f4,QUEBEC_PQI_PROJECT_DASHBOARD,observed_text_with_inferred_parse
QCPQIREV_1AE3A2E070745D5F7870,QCPQI_332,Centre de transport Saint-Laurent de la STM – Montréal – Agrandissement,PR_24,roads_transit_and_airports,authorized_completion_revision,2024-02,2023-04,2024-07,15,calendar_months,reportée,True,sha256:bd132a6f10c0b5077081882500d89e17437da84b52cd34bb746df3b1cbf2b0aa,QUEBEC_PQI_PROJECT_DASHBOARD,observed_text_with_inferred_parse
QCPQIREV_A291FE58C0ACF8882D03,QCPQI_332,Centre de transport Saint-Laurent de la STM – Montréal – Agrandissement,PR_24,roads_transit_and_airports,authorized_completion_revision,2025-03,2024-07,2025-07,12,calendar_months,reportée,True,sha256:2a4725fb31066396cab8acb57f37f1151cf15e5f01f1035017da4a7bd3a7f8a5,QUEBEC_PQI_PROJECT_DASHBOARD,observed_text_with_inferred_parse
QCPQIREV_BD319D76EADA765D8906,QCPQI_332,Centre de transport Saint-Laurent de la STM – Montréal – Agrandissement,PR_24,roads_transit_and_airports,authorized_completion_revision,2026-03,2025-07,2026-06,11,calendar_months,passant_de_a,True,sha256:0b4e928e0176866bc88b250be500cbac35d36b5b49d59044fc6724a82cee6737,QUEBEC_PQI_PROJECT_DASHBOARD,observed_text_with_inferred_parse
QCPQIREV_DFA43E87866C77792403,QCPQI_630,Centre opérationnel Lebourgneuf du RTC – Québec – Construction,PR_24,roads_transit_and_airports,authorized_cost_revision,2026-03,86700000.0,79500000.0,-7200000.0,CAD,baisse,True,sha256:bf8d871fc0b519e9e86d68de3788952fa4da8a637b3c2e2317c61c1632b1df30,QUEBEC_PQI_PROJECT_DASHBOARD,observed_text_with_inferred_parse
QCPQIREV_4008FBB986C81B29996E,QCPQI_636,"Terminus Châteauguay d'exo, quais – Agrandissement",PR_24,roads_transit_and_airports,authorized_cost_revision,2023-03,27300000.0,43000000.0,15700000.0,CAD,hausse,True,sha256:8d205475b24d8bb23e2e744e794cc827ab06a71f380c607e24ceb3143369aae0,QUEBEC_PQI_PROJECT_DASHBOARD,observed_text_with_inferred_parse
QCPQIREV_D05AF2A407921AA8DC2F,QCPQI_636,"Terminus Châteauguay d'exo, quais – Agrandissement",PR_24,roads_transit_and_airports,authorized_cost_revision,2024-02,43000000.0,42300000.0,-700000.0,CAD,baisse,True,sha256:f69bbeedf273b930b1b0c3fc6aae01214455bb8a6735e01421dcf6ec70f38f60,QUEBEC_PQI_PROJECT_DASHBOARD,observed_text_with_inferred_parse
QCPQIREV_0C9692DA9B8CFAF00179,QCPQI_636,"Terminus Châteauguay d'exo, quais – Agrandissement",PR_24,roads_transit_and_airports,authorized_cost_revision,2025-03,42300000.0,38000000.0,-4300000.0,CAD,baisse,True,sha256:32d9d3859c6620dd73d008cf4259b7abe21303ca87704140edcfae875c279aa0,QUEBEC_PQI_PROJECT_DASHBOARD,observed_text_with_inferred_parse
QCPQIREV_0DF44DFEC536DB7DF176,QCPQI_636,"Terminus Châteauguay d'exo, quais – Agrandissement",PR_24,roads_transit_and_airports,authorized_cost_revision,2026-03,38000000.0,36900000.0,-1100000.0,CAD,baisse,True,sha256:654b8bbfdd7f46f081d5b87cd96972b6f20315d398fbfa8876d82da40392a2e4,QUEBEC_PQI_PROJECT_DASHBOARD,observed_text_with_inferred_parse
QCPQIREV_DBCE4F6C32C4D3AB665F,QCPQI_636,"Terminus Châteauguay d'exo, quais – Agrandissement",PR_24,roads_transit_and_airports,authorized_completion_revision,2023-03,2024-03,2024-08,5,calendar_months,reportée,True,sha256:8d205475b24d8bb23e2e744e794cc827ab06a71f380c607e24ceb3143369aae0,QUEBEC_PQI_PROJECT_DASHBOARD,observed_text_with_inferred_parse
QCPQIREV_8CFA45DFB462A5491C43,QCPQI_636,"Terminus Châteauguay d'exo, quais – Agrandissement",PR_24,roads_transit_and_airports,authorized_completion_revision,2025-03,2024-08,2025-06,10,calendar_months,reportée,True,sha256:32d9d3859c6620dd73d008cf4259b7abe21303ca87704140edcfae875c279aa0,QUEBEC_PQI_PROJECT_DASHBOARD,observed_text_with_inferred_parse
QCPQIREV_24BF775CB6BEFA0D1FD7,QCPQI_716,"Gare Lucien-L'Allier d'exo, quais – Montréal – Reconstruction",PR_24,roads_transit_and_airports,authorized_cost_revision,2025-03,69000000.0,67099999.99999999,-1900000.0000000075,CAD,baisse,True,sha256:c095d0d1cf84e2c8f60c90569c33dcd84cfabbf99a10e70279324545ad645118,QUEBEC_PQI_PROJECT_DASHBOARD,observed_text_with_inferred_parse
QCPQIREV_B017F403640796849DB0,QCPQI_716,"Gare Lucien-L'Allier d'exo, quais – Montréal – Reconstruction",PR_24,roads_transit_and_airports,authorized_completion_revision,2025-03,2025-08,2026-08,12,calendar_months,reportée,True,sha256:c095d0d1cf84e2c8f60c90569c33dcd84cfabbf99a10e70279324545ad645118,QUEBEC_PQI_PROJECT_DASHBOARD,observed_text_with_inferred_parse
QCPQIREV_7DD3F1589E7FB4DC936D,QCPQI_916,Centre d'exploitation de Saint-Hubert du RTL (phase II) – Longueuil – Réfection,PR_24,roads_transit_and_airports,authorized_cost_revision,2025-03,20000000.0,19900000.0,-100000.0,CAD,baisse,True,sha256:8d540bf1b27f843ac3521f56855f5a3faeaf20835c39a72fefa1e37cf7de71d2,QUEBEC_PQI_PROJECT_DASHBOARD,observed_text_with_inferred_parse
QCPQIREV_689AFD06937C7DE55C7A,QCPQI_916,Centre d'exploitation de Saint-Hubert du RTL (phase II) – Longueuil – Réfection,PR_24,roads_transit_and_airports,authorized_cost_revision,2026-03,19900000.0,18600000.0,-1300000.0,CAD,baisse,True,sha256:adef846c4ff661b2352c85a7f08a65225bc372ad4f1ed88f0b55d66935438881,QUEBEC_PQI_PROJECT_DASHBOARD,observed_text_with_inferred_parse
QCPQIREV_941329AF31E423174DCD,QCPQI_916,Centre d'exploitation de Saint-Hubert du RTL (phase II) – Longueuil – Réfection,PR_24,roads_transit_and_airports,authorized_completion_revision,2024-02,2024-01,2025-12,23,calendar_months,reportée,True,sha256:cc8e0b8044bdba10ef189abde256f93bb273c58531f9e1d4898c73ddee9c07c6,QUEBEC_PQI_PROJECT_DASHBOARD,observed_text_with_inferred_parse
QCPQIREV_74633C5291CEED4422AE,QCPQI_1034,"Garage de la STSaguenay (phase I) – Saguenay – Réfection, construction et agrandissement",PR_24,roads_transit_and_airports,authorized_cost_revision,2026-03,21300000.0,31600000.0,10300000.0,CAD,hausse,True,sha256:a8faeed071c6f2332090d2f16374e772dc2993370b3184db7decee6003fb2cf8,QUEBEC_PQI_PROJECT_DASHBOARD,observed_text_with_inferred_parse
QCPQIREV_B3CEC10DF572C5F42291,QCPQI_683,École transitoire primaire-secondaire du centre de services scolaire de Montréal (arrondissement d'Ahuntsic-Cartierville) – Construction,PR_24,schools_and_postsecondary,authorized_cost_revision,2025-03,54800000.0,53600000.0,-1200000.0,CAD,baisse,True,sha256:b7aa84708e739303d900a01446e6fdab1d390ee6315266b8efba4d6bd4acf1b2,QUEBEC_PQI_PROJECT_DASHBOARD,observed_text_with_inferred_parse
QCPQIREV_EA1AD6B54D2AFA9672A4,QCPQI_683,École transitoire primaire-secondaire du centre de services scolaire de Montréal (arrondissement d'Ahuntsic-Cartierville) – Construction,PR_24,schools_and_postsecondary,authorized_cost_revision,2026-03,53600000.0,54800000.0,1200000.0,CAD,hausse,True,sha256:4f54c5437b6914d57e96a4f40447121ff5f29b91be36c3c981a22e852bc10c7c,QUEBEC_PQI_PROJECT_DASHBOARD,observed_text_with_inferred_parse
QCPQIREV_436495A8F38B936E8725,QCPQI_683,École transitoire primaire-secondaire du centre de services scolaire de Montréal (arrondissement d'Ahuntsic-Cartierville) – Construction,PR_24,schools_and_postsecondary,authorized_completion_revision,2026-03,2025-09,2025-11,2,calendar_months,passant_de_a,True,sha256:4f54c5437b6914d57e96a4f40447121ff5f29b91be36c3c981a22e852bc10c7c,QUEBEC_PQI_PROJECT_DASHBOARD,observed_text_with_inferred_parse
QCPQIREV_5A113A2E82800F8160CB,QCPQI_690,École primaire (A) du centre de services scolaire des Mille-Îles – Mirabel – Construction,PR_24,schools_and_postsecondary,authorized_completion_revision,2026-03,2025-09,2025-05,-4,calendar_months,passant_de_a,True,sha256:c841c634970e967174fb992aa8c8172ba5ce01f6d1a5898bc65594f1fd72da0e,QUEBEC_PQI_PROJECT_DASHBOARD,observed_text_with_inferred_parse
QCPQIREV_50AC6579D5B9AB2515EA,QCPQI_691,École primaire du centre de services scolaire des Mille-Îles – Blainville – Construction,PR_24,schools_and_postsecondary,authorized_completion_revision,2026-03,2025-09,2025-06,-3,calendar_months,passant_de_a,True,sha256:8bb2574dc37b7409faf1c8ee4a44d87734d53b51bc7b3118e5f58f83f7352b54,QUEBEC_PQI_PROJECT_DASHBOARD,observed_text_with_inferred_parse
QCPQIREV_1F3A9AD687F1FCBC22BC,QCPQI_665,École secondaire du centre de services scolaire de Montréal (arrondissement d'Ahuntsic-Cartierville) – Construction,PR_24,schools_and_postsecondary,authorized_completion_revision,2026-03,2026-08,2026-06,-2,calendar_months,passant_de_a,True,sha256:7b8065b028424993f9b0ba0184b3dae85368f2828c22fc25f912483ca033aff8,QUEBEC_PQI_PROJECT_DASHBOARD,observed_text_with_inferred_parse
QCPQIREV_C66CD2304889F039214B,QCPQI_866,École primaire du centre de services scolaire des Patriotes – Boucherville – Construction,PR_24,schools_and_postsecondary,authorized_completion_revision,2026-03,2026-08,2026-02,-6,calendar_months,passant_de_a,True,sha256:254d9f6c52021dd0b21f568c1016a490b6fd75e06843c4d1c3824480d4c5bf4e,QUEBEC_PQI_PROJECT_DASHBOARD,observed_text_with_inferred_parse
QCPQIREV_EE67BD668B97F1CD9F81,QCPQI_1127,"Immeuble Habitation Héritage Pointe Saint-Charles, 122 logements – Montréal – Construction",PR_24,social_and_affordable_housing,authorized_completion_revision,2025-03,2025-04,2025-10,6,calendar_months,reportée,True,sha256:19359b23d486f7ce94f22dc4ffb39e362ca34dd897c111d89d7c5ca49e907c55,QUEBEC_PQI_PROJECT_DASHBOARD,observed_text_with_inferred_parse
QCPQIREV_B2C99CF5924A95D81E7B,QCPQI_1129,"Immeuble Habitations Sainte-Anne, 39 logements – Montréal – Acquisition et réaménagement",PR_24,social_and_affordable_housing,authorized_completion_revision,2025-03,2025-08,2026-05,9,calendar_months,reportée,True,sha256:8b4f7def9ab42a37c05fe17b7f331120ac536d642c3b5c35255e0165f278a2c4,QUEBEC_PQI_PROJECT_DASHBOARD,observed_text_with_inferred_parse
QCPQIREV_E933A6B9AB81919AE189,QCPQI_1129,"Immeuble Habitations Sainte-Anne, 39 logements – Montréal – Acquisition et réaménagement",PR_24,social_and_affordable_housing,authorized_completion_revision,2026-03,2026-05,2026-01,-4,calendar_months,passant_de_a,True,sha256:ad87d80646ca312f33a38c13a4398cec2f44fdeed3e6cc1973c4261e2f48165f,QUEBEC_PQI_PROJECT_DASHBOARD,observed_text_with_inferred_parse
QCPQIREV_08CB03671EAB216632DE,QCPQI_1130,"Immeuble La Bouée Saint-Francois, 84 logements – Québec – Construction",PR_24,social_and_affordable_housing,authorized_cost_revision,2026-03,32900000.0,32500000.0,-400000.0,CAD,baisse,True,sha256:2796f954194a56cc829a116053132371cd8c4f043bf6e175805f728d3f099b20,QUEBEC_PQI_PROJECT_DASHBOARD,observed_text_with_inferred_parse
QCPQIREV_31BA53E84012C75BD5AC,QCPQI_1130,"Immeuble La Bouée Saint-Francois, 84 logements – Québec – Construction",PR_24,social_and_affordable_housing,authorized_completion_revision,2026-03,2027-03,2026-09,-6,calendar_months,passant_de_a,True,sha256:2796f954194a56cc829a116053132371cd8c4f043bf6e175805f728d3f099b20,QUEBEC_PQI_PROJECT_DASHBOARD,observed_text_with_inferred_parse
QCPQIREV_C16711C6A6C92667B1F3,QCPQI_1131,"Immeuble Bifröst, 50 logements – Québec – Construction",PR_24,social_and_affordable_housing,authorized_completion_revision,2026-03,2026-08,2025-09,-11,calendar_months,passant_de_a,True,sha256:3a5b00f60e79367c42a5ba89d0f84d8dccc8d0e12a2f9b376cece16b78b0764c,QUEBEC_PQI_PROJECT_DASHBOARD,observed_text_with_inferred_parse
QCPQIREV_CF70C4ACF5C6157D1327,QCPQI_1132,"Immeuble Habitations communautaires LOGGIA, bloc 8, 78 logements – Montréal – Construction",PR_24,social_and_affordable_housing,authorized_completion_revision,2026-03,2026-07,2025-12,-7,calendar_months,passant_de_a,True,sha256:cc3c0fd8f4770e389f2a0f637b92c394da62f839e7ff1db384c6e509c81d1558,QUEBEC_PQI_PROJECT_DASHBOARD,observed_text_with_inferred_parse
QCPQIREV_D6B00B37E2E7634E6874,QCPQI_1134,"Immeuble Coopérative de la solidarité de coeur, 65 logements – Québec – Construction",PR_24,social_and_affordable_housing,authorized_cost_revision,2026-03,28100000.0,24000000.0,-4100000.0,CAD,baisse,True,sha256:4011972629dfad277abe059192e5e9bd9a97bf8d2caabc13f87396e62964fbbb,QUEBEC_PQI_PROJECT_DASHBOARD,observed_text_with_inferred_parse
QCPQIREV_AFEF26C240EB2AD1E040,QCPQI_1134,"Immeuble Coopérative de la solidarité de coeur, 65 logements – Québec – Construction",PR_24,social_and_affordable_housing,authorized_completion_revision,2026-03,2027-03,2026-05,-10,calendar_months,passant_de_a,True,sha256:4011972629dfad277abe059192e5e9bd9a97bf8d2caabc13f87396e62964fbbb,QUEBEC_PQI_PROJECT_DASHBOARD,observed_text_with_inferred_parse
QCPQIREV_E1CCD120FBA752719343,QCPQI_1135,"Immeuble Carillon, 150 logements – Gatineau – Construction",PR_24,social_and_affordable_housing,authorized_cost_revision,2026-03,70400000.0,83200000.0,12800000.0,CAD,hausse,True,sha256:298b3a4d452d2ab6354832ca64e70496e99f3b03433cc2a28d483851e31fa187,QUEBEC_PQI_PROJECT_DASHBOARD,observed_text_with_inferred_parse
QCPQIREV_CF19458FA81EBC6EF822,QCPQI_1135,"Immeuble Carillon, 150 logements – Gatineau – Construction",PR_24,social_and_affordable_housing,authorized_completion_revision,2026-03,2027-06,2027-03,-3,calendar_months,passant_de_a,True,sha256:298b3a4d452d2ab6354832ca64e70496e99f3b03433cc2a28d483851e31fa187,QUEBEC_PQI_PROJECT_DASHBOARD,observed_text_with_inferred_parse
QCPQIREV_58A9F09C86ACEE8B03B3,QCPQI_1260,"Immeuble Coopérative d'habitation du Haut-de-la-Rue, 57 logements – Québec – Construction",PR_24,social_and_affordable_housing,authorized_completion_revision,2026-03,2025-12,2026-12,12,calendar_months,passant_de_a,True,sha256:87fa924adc2533f81374ed8208ca12493ad451efc140beb6324c69618e8f8da3,QUEBEC_PQI_PROJECT_DASHBOARD,observed_text_with_inferred_parse
QCPQIREV_B835FA2ECFB7B8F5DAF8,QCPQI_201,"Université de Montréal, pavillons Roger-Gaudry et Marie-Victorin – Réaménagement",PR_24,schools_and_postsecondary,authorized_completion_revision,2026-03,2026-03,2028-03,24,calendar_months,passant_de_a,True,sha256:e482446003b4307c4d8e03885a9f6e291261c3f11f5e76936f75db93fc75047a,QUEBEC_PQI_PROJECT_DASHBOARD,observed_text_with_inferred_parse
QCPQIREV_2DFA206339DD8711893C,QCPQI_954,"Cégep de Drummondville, nouveau pavillon – Construction",PR_24,schools_and_postsecondary,authorized_completion_revision,2026-03,2025-09,2026-07,10,calendar_months,passant_de_a,True,sha256:a77362dbd3abb2404c17e55eb3c2818b3abba162ee4c7af02907f0d73efdd84c,QUEBEC_PQI_PROJECT_DASHBOARD,observed_text_with_inferred_parse
QCPQIREV_8EEEE7B42EF7BFAFE9AF,QCPQI_1063,"Cégep Lionel-Groulx, nouveau pavillon – Sainte-Thérèse – Construction",PR_24,schools_and_postsecondary,authorized_completion_revision,2024-02,2024-08,2025-03,7,calendar_months,reportée,True,sha256:df8cb584caa883a00517071e6942bffebf8f4064821c84f3366ff1f734cb16a1,QUEBEC_PQI_PROJECT_DASHBOARD,observed_text_with_inferred_parse
QCPQIREV_D369217C05B5B845778E,QCPQI_1063,"Cégep Lionel-Groulx, nouveau pavillon – Sainte-Thérèse – Construction",PR_24,schools_and_postsecondary,authorized_completion_revision,2025-03,2025-03,2025-08,5,calendar_months,reportée,True,sha256:1f9b9bd68c14b662138e591a319db9202106fb55b82386aceee4526ec476e944,QUEBEC_PQI_PROJECT_DASHBOARD,observed_text_with_inferred_parse
QCPQIREV_428CBEB93380EE5520DC,QCPQI_1158,"Parc olympique, systèmes électriques de l'enceinte principale du Stade – Montréal – Remplacement",PR_24,government_and_civic_facilities,authorized_cost_revision,2026-03,28600000.0,41600000.0,13000000.0,CAD,hausse,True,sha256:1f68255fc444d3bf0ebfac6b1d990e3bbaa3fba523f814f8293077a05d839651,QUEBEC_PQI_PROJECT_DASHBOARD,observed_text_with_inferred_parse
QCPQIREV_0C8B575CB2494BBA27FA,QCPQI_459,"Parc olympique, funiculaire de la Tour – Montréal – Réfection",PR_24,government_and_civic_facilities,authorized_cost_revision,2023-03,25000000.0,27200000.0,2200000.0,CAD,hausse,True,sha256:0a5be52ae81d6120b0028a4605e05ffdc35ad12f6203bc8c72f935ca3421cac0,QUEBEC_PQI_PROJECT_DASHBOARD,observed_text_with_inferred_parse
QCPQIREV_43551F7B030FD34A6C71,QCPQI_459,"Parc olympique, funiculaire de la Tour – Montréal – Réfection",PR_24,government_and_civic_facilities,authorized_cost_revision,2024-02,27200000.0,33500000.0,6300000.0,CAD,hausse,True,sha256:c46d438ccf3d38f15ab32af7f6084f7ffd308b2ab111842e152af619da8f2fbf,QUEBEC_PQI_PROJECT_DASHBOARD,observed_text_with_inferred_parse
QCPQIREV_F5F3D11BD3EB82593FBA,QCPQI_459,"Parc olympique, funiculaire de la Tour – Montréal – Réfection",PR_24,government_and_civic_facilities,authorized_cost_revision,2025-03,33500000.0,38100000.0,4600000.0,CAD,hausse,True,sha256:f815e8a25aa45cf2a1c08e9ee266577ab851dff8d4146d48df81fa3f059d911b,QUEBEC_PQI_PROJECT_DASHBOARD,observed_text_with_inferred_parse
QCPQIREV_2BDDD6A474B228417CEF,QCPQI_459,"Parc olympique, funiculaire de la Tour – Montréal – Réfection",PR_24,government_and_civic_facilities,authorized_completion_revision,2022-03,2023-05,2023-10,5,calendar_months,reportée,True,sha256:e821b125275ca94a5dbd479bcb3131d439c65aa3124ce1c57edb5d58c5d03f4d,QUEBEC_PQI_PROJECT_DASHBOARD,observed_text_with_inferred_parse
QCPQIREV_63480DD0A4A973013AC4,QCPQI_459,"Parc olympique, funiculaire de la Tour – Montréal – Réfection",PR_24,government_and_civic_facilities,authorized_completion_revision,2023-03,2023-10,2024-10,12,calendar_months,reportée,True,sha256:0a5be52ae81d6120b0028a4605e05ffdc35ad12f6203bc8c72f935ca3421cac0,QUEBEC_PQI_PROJECT_DASHBOARD,observed_text_with_inferred_parse
QCPQIREV_54A010B370935349B7E9,QCPQI_459,"Parc olympique, funiculaire de la Tour – Montréal – Réfection",PR_24,government_and_civic_facilities,authorized_completion_revision,2024-02,2024-10,2026-01,15,calendar_months,reportée,True,sha256:c46d438ccf3d38f15ab32af7f6084f7ffd308b2ab111842e152af619da8f2fbf,QUEBEC_PQI_PROJECT_DASHBOARD,observed_text_with_inferred_parse
QCPQIREV_1A344A2C54D244D2FC7D,QCPQI_459,"Parc olympique, funiculaire de la Tour – Montréal – Réfection",PR_24,government_and_civic_facilities,authorized_completion_revision,2025-03,2026-01,2026-10,9,calendar_months,reportée,True,sha256:f815e8a25aa45cf2a1c08e9ee266577ab851dff8d4146d48df81fa3f059d911b,QUEBEC_PQI_PROJECT_DASHBOARD,observed_text_with_inferred_parse
QCPQIREV_D87347A1D016D579E331,QCPQI_739,"Parc olympique, espaces touristiques de la Tour – Montréal – Réfection",PR_24,government_and_civic_facilities,authorized_cost_revision,2022-03,30000000.0,36000000.0,6000000.0,CAD,hausse,True,sha256:586f33b8a3ded9fdb056672da36c86b5c532e436ae72940e83b5676d1123b51e,QUEBEC_PQI_PROJECT_DASHBOARD,observed_text_with_inferred_parse
QCPQIREV_60D9119F0E3FB316ECC3,QCPQI_739,"Parc olympique, espaces touristiques de la Tour – Montréal – Réfection",PR_24,government_and_civic_facilities,authorized_cost_revision,2023-03,36000000.0,36800000.0,800000.0,CAD,hausse,True,sha256:d45477ad92bfae27f1c74532ad9d2038f8b8e107e00370f2c4ab11800db269cc,QUEBEC_PQI_PROJECT_DASHBOARD,observed_text_with_inferred_parse
QCPQIREV_1094691EED7D07C7A86D,QCPQI_739,"Parc olympique, espaces touristiques de la Tour – Montréal – Réfection",PR_24,government_and_civic_facilities,authorized_cost_revision,2024-02,36800000.0,42900000.0,6100000.0,CAD,hausse,True,sha256:8452b38a69ec178c82c23e5d16ba25bb861f5ab1469815d2d3a5aae47f5417e1,QUEBEC_PQI_PROJECT_DASHBOARD,observed_text_with_inferred_parse
QCPQIREV_7BC6000E08ACF10E0579,QCPQI_739,"Parc olympique, espaces touristiques de la Tour – Montréal – Réfection",PR_24,government_and_civic_facilities,authorized_cost_revision,2025-03,42900000.0,46300000.0,3400000.0,CAD,hausse,True,sha256:64c015bbcc37a67b266c26719690f746370f10763f50944fb1bf0e844e58d41e,QUEBEC_PQI_PROJECT_DASHBOARD,observed_text_with_inferred_parse
QCPQIREV_16DFF7CE37F6E3235FF8,QCPQI_739,"Parc olympique, espaces touristiques de la Tour – Montréal – Réfection",PR_24,government_and_civic_facilities,authorized_completion_revision,2022-03,2023-05,2023-10,5,calendar_months,reportée,True,sha256:586f33b8a3ded9fdb056672da36c86b5c532e436ae72940e83b5676d1123b51e,QUEBEC_PQI_PROJECT_DASHBOARD,observed_text_with_inferred_parse
QCPQIREV_4F3FB47A0121C5BF929A,QCPQI_739,"Parc olympique, espaces touristiques de la Tour – Montréal – Réfection",PR_24,government_and_civic_facilities,authorized_completion_revision,2023-03,2023-10,2024-10,12,calendar_months,reportée,True,sha256:d45477ad92bfae27f1c74532ad9d2038f8b8e107e00370f2c4ab11800db269cc,QUEBEC_PQI_PROJECT_DASHBOARD,observed_text_with_inferred_parse
QCPQIREV_C4E9E8676FF99B06032E,QCPQI_739,"Parc olympique, espaces touristiques de la Tour – Montréal – Réfection",PR_24,government_and_civic_facilities,authorized_completion_revision,2024-02,2024-10,2026-01,15,calendar_months,reportée,True,sha256:8452b38a69ec178c82c23e5d16ba25bb861f5ab1469815d2d3a5aae47f5417e1,QUEBEC_PQI_PROJECT_DASHBOARD,observed_text_with_inferred_parse
QCPQIREV_EADFEAF8CBDE9BE3A196,QCPQI_739,"Parc olympique, espaces touristiques de la Tour – Montréal – Réfection",PR_24,government_and_civic_facilities,authorized_completion_revision,2025-03,2026-01,2026-10,9,calendar_months,reportée,True,sha256:64c015bbcc37a67b266c26719690f746370f10763f50944fb1bf0e844e58d41e,QUEBEC_PQI_PROJECT_DASHBOARD,observed_text_with_inferred_parse
QCPQIREV_E79B78EE49F71BEBA543,QCPQI_885,"Parc olympique, systèmes mécaniques de l'enceinte principale du Stade – Montréal – Remplacement",PR_24,government_and_civic_facilities,authorized_cost_revision,2026-03,43000000.0,51200000.0,8200000.0,CAD,hausse,True,sha256:37b67e6ee94429722d9068b3a0e354b9470d7016fd2153a066f9d70764dc7e00,QUEBEC_PQI_PROJECT_DASHBOARD,observed_text_with_inferred_parse
QCPQIREV_6CB57EE35A7F098D351E,QCPQI_999,"Parc olympique, terrasse du toit de la Tour – Montréal – Réaménagement",PR_24,government_and_civic_facilities,authorized_cost_revision,2024-02,26600000.0,34000000.0,7400000.0,CAD,hausse,True,sha256:c08c1f9c086bf148b89ce98dcc54d6839bddbbb72ce3b6c864145b8089a2553e,QUEBEC_PQI_PROJECT_DASHBOARD,observed_text_with_inferred_parse
QCPQIREV_BE9E58D4DEB29C8AE22B,QCPQI_999,"Parc olympique, terrasse du toit de la Tour – Montréal – Réaménagement",PR_24,government_and_civic_facilities,authorized_cost_revision,2025-03,34000000.0,37800000.0,3800000.0,CAD,hausse,True,sha256:924c2d6325d990097af64e1070a6986f5a56f51879acc6d250517ffe5cb12d60,QUEBEC_PQI_PROJECT_DASHBOARD,observed_text_with_inferred_parse
QCPQIREV_F59AE8AC3F9E1A1087E5,QCPQI_999,"Parc olympique, terrasse du toit de la Tour – Montréal – Réaménagement",PR_24,government_and_civic_facilities,authorized_completion_revision,2024-02,2024-10,2026-01,15,calendar_months,reportée,True,sha256:c08c1f9c086bf148b89ce98dcc54d6839bddbbb72ce3b6c864145b8089a2553e,QUEBEC_PQI_PROJECT_DASHBOARD,observed_text_with_inferred_parse
QCPQIREV_8C46835DD07B7D95D0BE,QCPQI_999,"Parc olympique, terrasse du toit de la Tour – Montréal – Réaménagement",PR_24,government_and_civic_facilities,authorized_completion_revision,2025-03,2026-01,2026-10,9,calendar_months,reportée,True,sha256:924c2d6325d990097af64e1070a6986f5a56f51879acc6d250517ffe5cb12d60,QUEBEC_PQI_PROJECT_DASHBOARD,observed_text_with_inferred_parse
QCPQIREV_6461B97DAAD0B86EB452,QCPQI_495,École de formation professionnelle de Châteauguay du centre de services scolaire des Grandes-Seigneuries – Construction,PR_24,schools_and_postsecondary,authorized_cost_revision,2026-03,232200000.0,205700000.0,-26500000.0,CAD,baisse,True,sha256:6bc92acbaf7bceac9ca1998f08ea58ebf8f04666c93cd8f9a75e1049fbbc273f,QUEBEC_PQI_PROJECT_DASHBOARD,observed_text_with_inferred_parse
QCPQIREV_18640A1B650976E5EB95,QCPQI_495,École de formation professionnelle de Châteauguay du centre de services scolaire des Grandes-Seigneuries – Construction,PR_24,schools_and_postsecondary,authorized_completion_revision,2026-03,2026-03,2026-06,3,calendar_months,passant_de_a,True,sha256:6bc92acbaf7bceac9ca1998f08ea58ebf8f04666c93cd8f9a75e1049fbbc273f,QUEBEC_PQI_PROJECT_DASHBOARD,observed_text_with_inferred_parse
QCPQIREV_59A5F2B94DD08A32570F,QCPQI_696,École secondaire internationale Lucille-Teasdale du Centre de services scolaire Marie-Victorin – Brossard – Agrandissement,PR_24,schools_and_postsecondary,authorized_cost_revision,2025-03,46600000.0,43300000.0,-3300000.0,CAD,baisse,True,sha256:31d6a368e2ba044c8fcda7e8658f6a1f76ea9d4e26fc0f19affef3043dcc6e86,QUEBEC_PQI_PROJECT_DASHBOARD,observed_text_with_inferred_parse
QCPQIREV_AC336EB17F67BDDB3C6B,QCPQI_697,Résidence de la commission scolaire Kativik – Kuujjuaq – Construction,PR_24,schools_and_postsecondary,authorized_completion_revision,2025-03,2025-09,2025-05,-4,calendar_months,devancée,True,sha256:7190765af39bde4eaba0b089705f1e5078b18e6abfd5657685bf33fa8d66a4c4,QUEBEC_PQI_PROJECT_DASHBOARD,observed_text_with_inferred_parse
QCPQIREV_E696C522FB9243B38288,QCPQI_702,Pavillon Sainte-Croix du centre de services scolaire de Laval (projet Cunard) – Reconstruction,PR_24,schools_and_postsecondary,authorized_completion_revision,2023-03,2022-08,2023-08,12,calendar_months,reportée,True,sha256:a3f442d783e39604db10560e892a7d1106318e1514246ade7e7e486edfc46914,QUEBEC_PQI_PROJECT_DASHBOARD,observed_text_with_inferred_parse
QCPQIREV_44A991E091DAE86B8EE1,QCPQI_702,Pavillon Sainte-Croix du centre de services scolaire de Laval (projet Cunard) – Reconstruction,PR_24,schools_and_postsecondary,authorized_completion_revision,2024-02,2023-08,2026-08,36,calendar_months,reportée,True,sha256:111cb28834ca38a58373868581438557272f1fc647ba2bc323559f231e7dabc2,QUEBEC_PQI_PROJECT_DASHBOARD,observed_text_with_inferred_parse
QCPQIREV_7E88DC6D13C1A44D072E,QCPQI_687,École primaire du centre de services scolaire des Samares – Saint-Lin-Laurentides – Construction,PR_24,schools_and_postsecondary,authorized_cost_revision,2025-03,54000000.0,35700000.0,-18300000.0,CAD,baisse,True,sha256:4297d026fb220bbe61a87e0e6da6cf69436f52a27dfe2f27f7a059f403b78d9d,QUEBEC_PQI_PROJECT_DASHBOARD,observed_text_with_inferred_parse
QCPQIREV_401EA911FE111AF2B4E8,QCPQI_687,École primaire du centre de services scolaire des Samares – Saint-Lin-Laurentides – Construction,PR_24,schools_and_postsecondary,authorized_cost_revision,2026-03,35700000.0,38500000.0,2800000.0,CAD,hausse,True,sha256:0887a7238370da5e393ce9414f638028e670c3d1eab3857d690b186a5904d6fa,QUEBEC_PQI_PROJECT_DASHBOARD,observed_text_with_inferred_parse
QCPQIREV_72C7A543FF861C4B3A07,QCPQI_687,École primaire du centre de services scolaire des Samares – Saint-Lin-Laurentides – Construction,PR_24,schools_and_postsecondary,authorized_completion_revision,2025-03,2026-08,2025-06,-14,calendar_months,devancée,True,sha256:4297d026fb220bbe61a87e0e6da6cf69436f52a27dfe2f27f7a059f403b78d9d,QUEBEC_PQI_PROJECT_DASHBOARD,observed_text_with_inferred_parse
QCPQIREV_6557EBE349C52CCD7E33,QCPQI_687,École primaire du centre de services scolaire des Samares – Saint-Lin-Laurentides – Construction,PR_24,schools_and_postsecondary,authorized_completion_revision,2026-03,2025-06,2026-08,14,calendar_months,passant_de_a,True,sha256:0887a7238370da5e393ce9414f638028e670c3d1eab3857d690b186a5904d6fa,QUEBEC_PQI_PROJECT_DASHBOARD,observed_text_with_inferred_parse
QCPQIREV_7231DC9D7D5C131BAA9D,QCPQI_987,École primaire Louis-Hippolyte-Lafontaine du centre de services scolaire des Patriotes – Boucherville – Reconstruction et agrandissement,PR_24,schools_and_postsecondary,authorized_cost_revision,2026-03,31900000.0,30700000.0,-1200000.0,CAD,baisse,True,sha256:f35ff86e3e1f8468ed6b42c2ce59514e6c3ecf296e86d57e83bbbdeff04f8f6c,QUEBEC_PQI_PROJECT_DASHBOARD,observed_text_with_inferred_parse
QCPQIREV_35A57C4801D8B9D828CC,QCPQI_989,École primaire Saint-Pierre du centre de services scolaire des Mille-Îles – Sainte-Thérèse – Reconstruction et agrandissement,PR_24,schools_and_postsecondary,authorized_cost_revision,2026-03,45100000.0,42000000.0,-3100000.0,CAD,baisse,True,sha256:fcd41751d17361904e50e0904639746e7318ebc87a9533d085f83325d316f23f,QUEBEC_PQI_PROJECT_DASHBOARD,observed_text_with_inferred_parse
QCPQIREV_3AFB9899C43873EF7C6B,QCPQI_907,École primaire-secondaire de New Carlisle de la commission scolaire Eastern Shores – Reconstruction,PR_24,schools_and_postsecondary,authorized_completion_revision,2026-03,2025-10,2026-03,5,calendar_months,passant_de_a,True,sha256:0bef4a19be3590df8a8169e7e66ab122179d1aba322a95a8db69d02dd07bc7b8,QUEBEC_PQI_PROJECT_DASHBOARD,observed_text_with_inferred_parse
QCPQIREV_763912F8117E582A8111,QCPQI_873,École secondaire Maquatua Eeyou de la commission scolaire crie – Wemindji – Agrandissement et réaménagement,PR_24,schools_and_postsecondary,authorized_cost_revision,2025-03,121300000.0,99500000.0,-21800000.0,CAD,baisse,True,sha256:ea8569d239d169ae42e4582cee47013ddcf64075b3e1aa3e5f07b8cfbfd28a4d,QUEBEC_PQI_PROJECT_DASHBOARD,observed_text_with_inferred_parse
QCPQIREV_5B0F4735321DCBFBB98A,QCPQI_877,École primaire du centre de services scolaire des Grandes-Seigneuries – Saint-Constant – Construction,PR_24,schools_and_postsecondary,authorized_cost_revision,2026-03,42700000.0,40700000.0,-2000000.0,CAD,baisse,True,sha256:835efa8f1c13fd5ca82dd5e03e7121786b48205c9f9cd1dcf799027f082f1840,QUEBEC_PQI_PROJECT_DASHBOARD,observed_text_with_inferred_parse
QCPQIREV_4A20E21528951BE2A8F4,QCPQI_816,École secondaire du centre de services scolaire de la Rivière-du-Nord – Prévost – Construction,PR_24,schools_and_postsecondary,authorized_cost_revision,2026-03,226500000.0,210600000.0,-15900000.0,CAD,baisse,True,sha256:e7c27dc7eed0b573e80fce79fddda0bcd5b7b990f6b07d99e1bb2fb13e31f702,QUEBEC_PQI_PROJECT_DASHBOARD,observed_text_with_inferred_parse
QCPQIREV_F44ACFB0F7B3802F54D9,QCPQI_703,École Cunard du centre de services scolaire de Laval – Réaménagement,PR_24,schools_and_postsecondary,authorized_completion_revision,2024-02,2023-08,2025-05,21,calendar_months,reportée,True,sha256:60511fd066b1ef08d76f769c8c75d5bde733b55c71ae8e35787246f76a01fc31,QUEBEC_PQI_PROJECT_DASHBOARD,observed_text_with_inferred_parse
QCPQIREV_1865A8BF77A1C5E605C4,QCPQI_706,École primaire du centre de services scolaire des Affluents (3 anciennes écoles) – Charlemagne – Reconstruction,PR_24,schools_and_postsecondary,authorized_cost_revision,2026-03,33200000.000000004,46400000.0,13199999.999999996,CAD,hausse,True,sha256:f87a2937dea92917be8b4ffaa9fc807c4a8c8794614311c695869cbc46a2d734,QUEBEC_PQI_PROJECT_DASHBOARD,observed_text_with_inferred_parse
QCPQIREV_8E9363D2741E970C6199,QCPQI_994,École primaire du Sacré-Cœur du centre de services scolaire au Cœur-des-Vallées – Gatineau – Agrandissement et réaménagement,PR_24,schools_and_postsecondary,authorized_cost_revision,2026-03,22800000.0,23900000.0,1100000.0,CAD,hausse,True,sha256:1f1f3cf6acdd2d6b01f9bc8a49a34bb6d92f0068002a81be84f426155aa4839f,QUEBEC_PQI_PROJECT_DASHBOARD,observed_text_with_inferred_parse
QCPQIREV_3D2AC2358A3015CE5160,QCPQI_1085,École primaire Saint-Justin du centre de services scolaire de Montréal – Agrandissement,PR_24,schools_and_postsecondary,authorized_cost_revision,2024-02,36100000.0,34500000.0,-1600000.0,CAD,baisse,True,sha256:778575e29baeeac9b85456d50e21f6c23b88d49ed29f423c514178bfad99dcd7,QUEBEC_PQI_PROJECT_DASHBOARD,observed_text_with_inferred_parse
QCPQIREV_8F6EC42095FE9E744110,QCPQI_1085,École primaire Saint-Justin du centre de services scolaire de Montréal – Agrandissement,PR_24,schools_and_postsecondary,authorized_cost_revision,2025-03,34500000.0,34100000.0,-400000.0,CAD,baisse,True,sha256:ee8908a4bea0d0ad44653b1eb41f8616099e93bdfe23c9286b36d6550fd4f64a,QUEBEC_PQI_PROJECT_DASHBOARD,observed_text_with_inferred_parse
QCPQIREV_C465DCA1C6C0BAADDB8D,QCPQI_1085,École primaire Saint-Justin du centre de services scolaire de Montréal – Agrandissement,PR_24,schools_and_postsecondary,authorized_completion_revision,2026-03,2025-09,2025-12,3,calendar_months,passant_de_a,True,sha256:2ac6c0af743f93c2a6fe8152029b0869e2f1a6d4de6c1b2ae273b7e126f8ad98,QUEBEC_PQI_PROJECT_DASHBOARD,observed_text_with_inferred_parse
QCPQIREV_50C0749C3E2C4D0FD0C2,QCPQI_1088,École primaire du Campanile du centre de services scolaire des Découvreurs – Québec – Agrandissement,PR_24,schools_and_postsecondary,authorized_completion_revision,2026-03,2025-04,2025-08,4,calendar_months,passant_de_a,True,sha256:dfb21f93a99878949688602a5c25fb5ea27b0c99fc173db10234524d66d73854,QUEBEC_PQI_PROJECT_DASHBOARD,observed_text_with_inferred_parse
QCPQIREV_898A923A151E8058A514,QCPQI_1094,École primaire du centre de services scolaire de la Riveraine – Bécancour – Construction,PR_24,schools_and_postsecondary,authorized_cost_revision,2025-03,26300000.0,24100000.0,-2200000.0,CAD,baisse,True,sha256:804950b198fc0f433b4461adf175cf6e629723ad271d4b4bdc28237acd69dd21,QUEBEC_PQI_PROJECT_DASHBOARD,observed_text_with_inferred_parse
QCPQIREV_02B7AC90FB9B2339EDED,QCPQI_1094,École primaire du centre de services scolaire de la Riveraine – Bécancour – Construction,PR_24,schools_and_postsecondary,authorized_completion_revision,2026-03,2025-08,2025-05,-3,calendar_months,passant_de_a,True,sha256:13de1f55af92f4819916510146e8db1e360e7f522c13bf446ad961b0aa840624,QUEBEC_PQI_PROJECT_DASHBOARD,observed_text_with_inferred_parse
QCPQIREV_E6ED82BBF32916ACA410,QCPQI_1024,École secondaire Horizon Jeunesse du centre de services scolaire de Laval – Réaménagement,PR_24,schools_and_postsecondary,authorized_completion_revision,2026-03,2025-09,2026-08,11,calendar_months,passant_de_a,True,sha256:a6f7054f30a7d7f88a570508ea4ad776aea9e31623bb8f2e976409fbaed26174,QUEBEC_PQI_PROJECT_DASHBOARD,observed_text_with_inferred_parse
QCPQIREV_34D8B93927663D9C194B,QCPQI_1062,"École primaire Sainte-Claire du centre de services scolaire de Montréal, annexe – Reconstruction",PR_24,schools_and_postsecondary,authorized_cost_revision,2025-03,24300000.0,30300000.0,6000000.0,CAD,hausse,True,sha256:b11509ed6483aa47905d54d57697753e8429d84a2b03ef6250b325211ec332ed,QUEBEC_PQI_PROJECT_DASHBOARD,observed_text_with_inferred_parse
QCPQIREV_EA6DF63F7D77BEFAC089,QCPQI_1062,"École primaire Sainte-Claire du centre de services scolaire de Montréal, annexe – Reconstruction",PR_24,schools_and_postsecondary,authorized_completion_revision,2026-03,2025-08,2025-12,4,calendar_months,passant_de_a,True,sha256:e5e51941637b2f5f61be9edafa0d2e3c759925bbd079a750f7c514f39cac1b59,QUEBEC_PQI_PROJECT_DASHBOARD,observed_text_with_inferred_parse
QCPQIREV_AA78EF9A370EB7015069,QCPQI_1188,École primaire du Centre de services scolaire des Samares – Saint-Roch-de-l'Achigan – Agrandissement,PR_24,schools_and_postsecondary,authorized_cost_revision,2025-03,21900000.0,20100000.0,-1800000.0,CAD,baisse,True,sha256:5ade06c59d8e1b13b9ea85be7e8016a57bff05b8dc98fa5e8d5213092cef5c7d,QUEBEC_PQI_PROJECT_DASHBOARD,observed_text_with_inferred_parse
QCPQIREV_B2C1180F5CFD31507996,QCPQI_1188,École primaire du Centre de services scolaire des Samares – Saint-Roch-de-l'Achigan – Agrandissement,PR_24,schools_and_postsecondary,authorized_cost_revision,2026-03,20100000.0,21900000.0,1800000.0,CAD,hausse,True,sha256:0fc3d66c6676a7b1ebbbacee0f8ac5ac9f6fa7438c6878fac03b0500811c0e3b,QUEBEC_PQI_PROJECT_DASHBOARD,observed_text_with_inferred_parse
QCPQIREV_11DCD873BDC1C22A1E92,QCPQI_1188,École primaire du Centre de services scolaire des Samares – Saint-Roch-de-l'Achigan – Agrandissement,PR_24,schools_and_postsecondary,authorized_completion_revision,2026-03,2025-09,2025-06,-3,calendar_months,passant_de_a,True,sha256:0fc3d66c6676a7b1ebbbacee0f8ac5ac9f6fa7438c6878fac03b0500811c0e3b,QUEBEC_PQI_PROJECT_DASHBOARD,observed_text_with_inferred_parse
QCPQIREV_856C4FBE029180F28871,QCPQI_1204,École primaire François-La-Bernarde du centre de services scolaire de la Pointe-de-l'Île – Montréal – Agrandissement et réaménagement,PR_24,schools_and_postsecondary,authorized_cost_revision,2026-03,22900000.0,42100000.0,19200000.0,CAD,hausse,True,sha256:de1be65abdeeb89c1883bbf5ec6929fb05dffa0833221962f9543d4c429c57ca,QUEBEC_PQI_PROJECT_DASHBOARD,observed_text_with_inferred_parse
QCPQIREV_9638BC6E9A8EB3E161AE,QCPQI_1204,École primaire François-La-Bernarde du centre de services scolaire de la Pointe-de-l'Île – Montréal – Agrandissement et réaménagement,PR_24,schools_and_postsecondary,authorized_completion_revision,2026-03,2025-08,2026-08,12,calendar_months,passant_de_a,True,sha256:de1be65abdeeb89c1883bbf5ec6929fb05dffa0833221962f9543d4c429c57ca,QUEBEC_PQI_PROJECT_DASHBOARD,observed_text_with_inferred_parse
QCPQIREV_18D8BC4A4C7A120FD149,QCPQI_305,École secondaire de Chambly du centre de services scolaire des Patriotes – Agrandissement et réaménagement,PR_24,schools_and_postsecondary,authorized_cost_revision,2022-03,158400000.0,177300000.0,18900000.0,CAD,hausse,True,sha256:fcace2b510e6f63721df59194766259ccea7691db441eaaaedcd409c2131ab19,QUEBEC_PQI_PROJECT_DASHBOARD,observed_text_with_inferred_parse
QCPQIREV_56F27990ACE2A53FD65D,QCPQI_305,École secondaire de Chambly du centre de services scolaire des Patriotes – Agrandissement et réaménagement,PR_24,schools_and_postsecondary,authorized_cost_revision,2025-03,177300000.0,207300000.0,30000000.0,CAD,hausse,True,sha256:0af43afbfb0926e0dede068f8a6a8903802ea0f9f9a993dca8807f19d828f956,QUEBEC_PQI_PROJECT_DASHBOARD,observed_text_with_inferred_parse
QCPQIREV_D95D9F4D4B65A831EA8A,QCPQI_305,École secondaire de Chambly du centre de services scolaire des Patriotes – Agrandissement et réaménagement,PR_24,schools_and_postsecondary,authorized_completion_revision,2022-03,2022-09,2023-09,12,calendar_months,reportée,True,sha256:fcace2b510e6f63721df59194766259ccea7691db441eaaaedcd409c2131ab19,QUEBEC_PQI_PROJECT_DASHBOARD,observed_text_with_inferred_parse
QCPQIREV_D01F22BB7E9EFCB63773,QCPQI_305,École secondaire de Chambly du centre de services scolaire des Patriotes – Agrandissement et réaménagement,PR_24,schools_and_postsecondary,authorized_completion_revision,2025-03,2023-09,2026-05,32,calendar_months,reportée,True,sha256:0af43afbfb0926e0dede068f8a6a8903802ea0f9f9a993dca8807f19d828f956,QUEBEC_PQI_PROJECT_DASHBOARD,observed_text_with_inferred_parse
QCPQIREV_5D2CE793DA620A78F4AA,QCPQI_305,École secondaire de Chambly du centre de services scolaire des Patriotes – Agrandissement et réaménagement,PR_24,schools_and_postsecondary,authorized_completion_revision,2026-03,2026-05,2027-01,8,calendar_months,passant_de_a,True,sha256:b536723d6114a1684edd34dc14d3fdf3c1a8ae17bb232eed84124bc67d0774d1,QUEBEC_PQI_PROJECT_DASHBOARD,observed_text_with_inferred_parse
QCPQIREV_E46CBE4B488AA5DC15AB,QCPQI_324,École secondaire de la Commission scolaire Central Québec – Québec (arrondissement de Sainte-Foy–Sillery–Cap-Rouge) – Construction,PR_24,schools_and_postsecondary,authorized_cost_revision,2026-03,210400000.0,177200000.0,-33200000.0,CAD,baisse,True,sha256:cd9019ff95bbab7a4350263f6e77433b5617ea59e080d7985e2cdfdc7d7872f6,QUEBEC_PQI_PROJECT_DASHBOARD,observed_text_with_inferred_parse
QCPQIREV_A5018B00C7BECAE3D33C,QCPQI_326,École secondaire Pierre-Bédard du centre de services scolaire des Grandes-Seigneuries – Saint-Rémi – Reconstruction et agrandissement,PR_24,schools_and_postsecondary,authorized_cost_revision,2026-03,214200000.0,180300000.0,-33900000.0,CAD,baisse,True,sha256:93b0a20cde916110f02b4b04bd0d1cd1bf540b5e39598e93c28fdf41ff32f20a,QUEBEC_PQI_PROJECT_DASHBOARD,observed_text_with_inferred_parse
QCPQIREV_656C1E27DDFA14D27CF1,QCPQI_326,École secondaire Pierre-Bédard du centre de services scolaire des Grandes-Seigneuries – Saint-Rémi – Reconstruction et agrandissement,PR_24,schools_and_postsecondary,authorized_completion_revision,2026-03,2026-08,2027-04,8,calendar_months,passant_de_a,True,sha256:93b0a20cde916110f02b4b04bd0d1cd1bf540b5e39598e93c28fdf41ff32f20a,QUEBEC_PQI_PROJECT_DASHBOARD,observed_text_with_inferred_parse
QCPQIREV_2A9969097457AF0BDA0D,QCPQI_148,Route Billy-Diamond (route de la Baie-James) (phase I) – Nord-du-Québec – Réfection,PR_24,other_public_infrastructure,authorized_cost_revision,2020-06,264700000.0,333900000.0,69200000.0,CAD,hausse,True,sha256:94003511bbabe29010f0c12d7240c4ba0ccb5b7c334703ab2029e39eb4d4cdd2,QUEBEC_PQI_PROJECT_DASHBOARD,observed_text_with_inferred_parse
QCPQIREV_555263F46E213D124CC8,QCPQI_148,Route Billy-Diamond (route de la Baie-James) (phase I) – Nord-du-Québec – Réfection,PR_24,other_public_infrastructure,authorized_cost_revision,2026-03,333900000.0,348200000.0,14300000.0,CAD,hausse,True,sha256:9a00e1e4f8d525bf3552a21c6eaf9fcb794a68ac73be211ecb4da7ecad5ed106,QUEBEC_PQI_PROJECT_DASHBOARD,observed_text_with_inferred_parse
QCPQIREV_59EA995DC456B9A87407,QCPQI_148,Route Billy-Diamond (route de la Baie-James) (phase I) – Nord-du-Québec – Réfection,PR_24,other_public_infrastructure,authorized_completion_revision,2020-06,2021-11,2026-11,60,calendar_months,reportée,True,sha256:94003511bbabe29010f0c12d7240c4ba0ccb5b7c334703ab2029e39eb4d4cdd2,QUEBEC_PQI_PROJECT_DASHBOARD,observed_text_with_inferred_parse
QCPQIREV_CB1CBE6AE34E3D952103,QCPQI_170,Complexe scientifique de l'Institut nordique du Québec – Québec – Construction,PR_24,other_public_infrastructure,authorized_completion_revision,2026-03,2026-02,2027-02,12,calendar_months,passant_de_a,True,sha256:47b9ace000edba97fb9e9b5534af69aae9716d78bab44e759addfd905b0eb8f6,QUEBEC_PQI_PROJECT_DASHBOARD,observed_text_with_inferred_parse
QCPQIREV_F7B206292CD829FFAA3A,QCPQI_639,Chemin de fer Québec Central entre Vallée-Jonction et Thetford Mines – Réfection et reconstruction,PR_24,roads_transit_and_airports,authorized_cost_revision,2026-06,440300000.0,640700000.0,200400000.0,CAD,not_stated,True,sha256:7728fee7f8c691ac3068879ac053f00d21babc06533353e7d1e84441a51b87c6,QUEBEC_PQI_PROJECT_DASHBOARD,observed_text_with_inferred_parse
QCPQIREV_CCB15052BA3020281C15,QCPQI_639,Chemin de fer Québec Central entre Vallée-Jonction et Thetford Mines – Réfection et reconstruction,PR_24,roads_transit_and_airports,authorized_completion_revision,2026-03,2025-12,2028-08,32,calendar_months,passant_de_a,True,sha256:8f9c05c7b439e8163505049710b81d59ad6f43a2725df06376af3aa44403438c,QUEBEC_PQI_PROJECT_DASHBOARD,observed_text_with_inferred_parse
QCPQIREV_0B7B9A722BE76D78CDD7,QCPQI_253,École secondaire Louis-Philippe-Paré du centre de services scolaire des Grandes-Seigneuries – Châteauguay – Reconstruction et agrandissement,PR_24,schools_and_postsecondary,authorized_cost_revision,2022-03,343600000.0,371000000.0,27400000.0,CAD,hausse,True,sha256:a086d0725a40c19122b6352112e0271df7b6ae525e0c5a4d9aa4e7d56fd93891,QUEBEC_PQI_PROJECT_DASHBOARD,observed_text_with_inferred_parse
QCPQIREV_F00C5668ADED7A4F8852,QCPQI_253,École secondaire Louis-Philippe-Paré du centre de services scolaire des Grandes-Seigneuries – Châteauguay – Reconstruction et agrandissement,PR_24,schools_and_postsecondary,authorized_cost_revision,2024-08,371000000.0,467800000.0,96800000.0,CAD,hausse,True,sha256:52cf3217d238634c0d53577e18573870be9f68d1b4a74d014b945f2316390227,QUEBEC_PQI_PROJECT_DASHBOARD,observed_text_with_inferred_parse
QCPQIREV_1A0D407B906706F47D97,QCPQI_253,École secondaire Louis-Philippe-Paré du centre de services scolaire des Grandes-Seigneuries – Châteauguay – Reconstruction et agrandissement,PR_24,schools_and_postsecondary,authorized_completion_revision,2024-08,2024-09,2025-12,15,calendar_months,reportée,True,sha256:52cf3217d238634c0d53577e18573870be9f68d1b4a74d014b945f2316390227,QUEBEC_PQI_PROJECT_DASHBOARD,observed_text_with_inferred_parse
QCPQIREV_14BB9DBE8D293C19F27C,QCPQI_253,École secondaire Louis-Philippe-Paré du centre de services scolaire des Grandes-Seigneuries – Châteauguay – Reconstruction et agrandissement,PR_24,schools_and_postsecondary,authorized_completion_revision,2026-03,2025-12,2027-10,22,calendar_months,passant_de_a,True,sha256:b3148f9ce126bf0f2bef2eaa5aec78ddf25b5b5a5870b1139e698450b2acfb6e,QUEBEC_PQI_PROJECT_DASHBOARD,observed_text_with_inferred_parse
QCPQIREV_33FC81D6C3AD6620A694,QCPQI_352,Réseau de télécommunication par fibre optique sous-marin et terrestre – Nunavik – Construction,PR_24,other_public_infrastructure,authorized_cost_revision,2025-03,125700000.0,234700000.0,109000000.0,CAD,hausse,True,sha256:d5c074395070785be284a3d1ae38c77f6e79494faf477a26c2760fa054674a9f,QUEBEC_PQI_PROJECT_DASHBOARD,observed_text_with_inferred_parse
QCPQIREV_129C458CC62A575A9CEA,QCPQI_352,Réseau de télécommunication par fibre optique sous-marin et terrestre – Nunavik – Construction,PR_24,other_public_infrastructure,authorized_cost_revision,2026-03,234700000.0,170100000.0,-64600000.0,CAD,baisse,True,sha256:7f343bf401b9a67ef8653a50158a90c839a08bf17bc55b020689775a8ac3c03e,QUEBEC_PQI_PROJECT_DASHBOARD,observed_text_with_inferred_parse
QCPQIREV_AB6E6F533CD1C2E6B307,QCPQI_352,Réseau de télécommunication par fibre optique sous-marin et terrestre – Nunavik – Construction,PR_24,other_public_infrastructure,authorized_completion_revision,2024-02,2024-03,2025-09,18,calendar_months,reportée,True,sha256:3a53d2600b02b63dd6d08744e2b0d5880211e95c4f7513a93f5598f8a8d16db8,QUEBEC_PQI_PROJECT_DASHBOARD,observed_text_with_inferred_parse
QCPQIREV_9465A880AD1CDD0BD82A,QCPQI_352,Réseau de télécommunication par fibre optique sous-marin et terrestre – Nunavik – Construction,PR_24,other_public_infrastructure,authorized_completion_revision,2025-03,2025-09,2026-06,9,calendar_months,reportée,True,sha256:d5c074395070785be284a3d1ae38c77f6e79494faf477a26c2760fa054674a9f,QUEBEC_PQI_PROJECT_DASHBOARD,observed_text_with_inferred_parse
QCPQIREV_0ED3099483CC4CD42505,QCPQI_352,Réseau de télécommunication par fibre optique sous-marin et terrestre – Nunavik – Construction,PR_24,other_public_infrastructure,authorized_completion_revision,2026-03,2026-06,2027-03,9,calendar_months,passant_de_a,True,sha256:7f343bf401b9a67ef8653a50158a90c839a08bf17bc55b020689775a8ac3c03e,QUEBEC_PQI_PROJECT_DASHBOARD,observed_text_with_inferred_parse
QCPQIREV_06F0AED36C775F4BB5B2,QCPQI_1066,Centre d'amitié autochtone de Val-d'Or – Agrandissement et réaménagement,PR_24,other_public_infrastructure,authorized_cost_revision,2026-03,60000000.0,79000000.0,19000000.0,CAD,hausse,True,sha256:fb4711164266c1fe97ed73bc2e3e53ebedc5c8fd0bc4958f3a55481137a68d7d,QUEBEC_PQI_PROJECT_DASHBOARD,observed_text_with_inferred_parse
QCPQIREV_DA55544ECCD18F20C694,QCPQI_1089,Centre de la culture et des arts de Kahnawà:ke – Kahnawake – Construction,PR_24,other_public_infrastructure,authorized_cost_revision,2024-02,65900000.00000001,59500000.0,-6400000.000000007,CAD,baisse,True,sha256:dab860ca44a03883e735236b45dde4907ec7de1e96274cfcd9ca14a3b44f4ec8,QUEBEC_PQI_PROJECT_DASHBOARD,observed_text_with_inferred_parse
QCPQIREV_E19BB07C52DDA63BA66D,QCPQI_1033,Réseau de télécommunication mobile (phases I et II) – Eeyou Istchee Baie-James – Construction,PR_24,other_public_infrastructure,authorized_cost_revision,2024-02,39500000.0,56900000.0,17400000.0,CAD,hausse,True,sha256:9ae6734d8c2903324a0710b8a1d22913eafda54b586d63eaebec80707eba6942,QUEBEC_PQI_PROJECT_DASHBOARD,observed_text_with_inferred_parse
QCPQIREV_1E9E9AF014E736AC8724,QCPQI_1033,Réseau de télécommunication mobile (phases I et II) – Eeyou Istchee Baie-James – Construction,PR_24,other_public_infrastructure,authorized_cost_revision,2025-03,56900000.0,65900000.00000001,9000000.000000007,CAD,hausse,True,sha256:3e218ee9f06d4ae141ca763986c87eb88a286d940e980abe14822ba6fdcd9bc0,QUEBEC_PQI_PROJECT_DASHBOARD,observed_text_with_inferred_parse
QCPQIREV_58FDB9DA2E65B268C885,QCPQI_1033,Réseau de télécommunication mobile (phases I et II) – Eeyou Istchee Baie-James – Construction,PR_24,other_public_infrastructure,authorized_cost_revision,2026-03,65900000.00000001,69800000.0,3899999.9999999925,CAD,hausse,True,sha256:af1e43e492405eaf91bdab366c8def42f3d12386ea8950c3b4f446c1541394f6,QUEBEC_PQI_PROJECT_DASHBOARD,observed_text_with_inferred_parse
QCPQIREV_30AE72121E3A34155C8C,QCPQI_1160,Réseau de télécommunications par fibre optique – Nunavik – Construction,PR_24,other_public_infrastructure,authorized_cost_revision,2025-03,160600000.0,178100000.0,17500000.0,CAD,hausse,True,sha256:3f4e0348c2c3b835d118728f6ce73952e1cc698f1aef826ed04ba3881040fb5d,QUEBEC_PQI_PROJECT_DASHBOARD,observed_text_with_inferred_parse
QCPQIREV_446971A59FCA6A2F8FB2,QCPQI_1160,Réseau de télécommunications par fibre optique – Nunavik – Construction,PR_24,other_public_infrastructure,authorized_cost_revision,2026-03,178100000.0,257899999.99999997,79799999.99999997,CAD,hausse,True,sha256:876db9f444a2c4904a29ed5525e247112b737020a97d4b4e216bf1464787b403,QUEBEC_PQI_PROJECT_DASHBOARD,observed_text_with_inferred_parse
QCPQIREV_ED63C8DACA6FA6BBCFCC,QCPQI_1160,Réseau de télécommunications par fibre optique – Nunavik – Construction,PR_24,other_public_infrastructure,authorized_completion_revision,2025-03,2025-12,2027-12,24,calendar_months,reportée,True,sha256:3f4e0348c2c3b835d118728f6ce73952e1cc698f1aef826ed04ba3881040fb5d,QUEBEC_PQI_PROJECT_DASHBOARD,observed_text_with_inferred_parse
QCPQIREV_7E557616E6155C2A1598,QCPQI_384,École primaire du centre de services scolaire des Laurentides – Saint-Sauveur – Construction,PR_24,schools_and_postsecondary,authorized_completion_revision,2026-03,2025-09,2025-06,-3,calendar_months,passant_de_a,True,sha256:8bb2574dc37b7409faf1c8ee4a44d87734d53b51bc7b3118e5f58f83f7352b54,QUEBEC_PQI_PROJECT_DASHBOARD,observed_text_with_inferred_parse
