no_projet,nom_projet,ancien_nom_projet,description,cout_total,contribution_quebec,contribution_partenaires,date_debut_mise_en_service,date_fin_mise_en_service,etat_avancement,suivi_modifications,ministre,organisme,gestionnaire,secteur_activite,mission,region,nom_infrastructure,localisation,nature_travaux
2,"Centre hospitalier de l’Université de Montréal, complexe hospitalier – Construction",Construction du nouveau centre hospitalier de l’Université de Montréal (CHUM) et du centre de recherche,"Le projet consiste à regrouper en un seul site les spécialités médicales qui étaient réparties dans trois hôpitaux, soit l’hôtel-Dieu de Montréal, l’hôpital Notre-Dame et l’hôpital Saint-Luc. Cette construction, localisée au centre-ville de Montréal, est pourvue de 772 chambres individuelles. Des soins spécialisés (tertiaires et quaternaires), de l’enseignement, de la recherche ainsi que des activités de soins cliniques primaires et secondaires y sont offerts. Le projet se divise en deux phases. La première prévoit la livraison d’un centre hospitalier fonctionnel et la seconde inclut trois bâtiments qui comprendront les soins ambulatoires, l’amphithéâtre et les bureaux. Le projet prévoit aussi la construction d’un centre de recherche sur le même site. 
L’envergure des travaux est de 344 000 m² en superficie brute totale, soit 236 000 m² pour le centre hospitalier (les bâtiments de la phase 1), 40 000 m² pour les bâtiments de la phase 2 et 68 000 m² pour le centre de recherche.
À ce jour, le centre de recherche et la phase 1 du nouveau CHUM ont été livrés et les activités régulières s’y déroulent. Les travaux de la phase 2 ont débuté et la réception provisoire des bâtiments est prévue pour le début de l’année 2021.
",3630800000,3090800000,540000000,2014-01-01,2021-09-01,En service,"Mars 2020
La ministre de la Santé et de Services sociaux a autorisé la mise en service du projet.",Ministre de la Santé et des Services sociaux,Centre hospitalier de l'Université de Montréal,Centre hospitalier de l'Université de Montréal en association avec la Société québécoise des infrastructures,Santé et Services sociaux,Santé et Services sociaux,06 – Montréal,Centre hospitalier de l’Université de Montréal,Montréal,Construction
4,"Centre hospitalier universitaire Sainte-Justine, unités spécialisées et recherche – Montréal – Agrandissement et réaménagement",Agrandissement et modernisation du centre hospitalier universitaire Sainte-Justine – Grandir en santé,"Le projet consiste à construire un nouveau pavillon de soins spécialisés qui comprendra 261 lits, un centre de recherche et un stationnement souterrain. Il prévoit également la modernisation des bâtiments existants. Il vise à doter le Centre hospitalier universitaire Sainte-Justine des infrastructures nécessaires pour répondre aux besoins des mères et des enfants dans tous les volets de la mission de l’institution. L’objectif du projet est d’offrir aux patients et à leur famille, au personnel soignant, aux étudiants, aux enseignants ainsi qu’aux chercheurs un milieu de vie, d’hospitalisation et de travail moderne adapté à leurs besoins, et ce, en tenant compte des répercussions sur l’environnement et la communauté.
L’envergure des travaux autorisés représente une augmentation de 65 % de la superficie des bâtiments existants. La superficie brute totale du nouveau bâtiment est de 81 000 m². Quant aux travaux de réaménagement, ils représentent une superficie d’environ 11 000 m².
Le bâtiment des unités spécialisées et celui du centre de recherche sont occupés depuis décembre 2016. Cette phase du projet Grandir en santé est close. 
Les travaux de réaménagement du bâtiment existant sont en cours de conception ou de construction, selon les secteurs. Ils doivent se terminer au printemps 2021.",939600000,807100000,132500000,2016-12-01,2021-06-30,En service,"Mars 2020
La ministre de la Santé et de Services sociaux a autorisé la mise en service du projet.
De plus, elle a autorisé que la date de fin de mise en service complète, initialement prévue en octobre 2020, soit reportée à juin 2021.",Ministre de la Santé et des Services sociaux,Centre hospitalier universitaire Sainte-Justine,Centre hospitalier universitaire Sainte-Justine en association avec la Société québécoise des infrastructures,Santé et Services sociaux,Santé et Services sociaux,06 – Montréal,Centre hospitalier universitaire Sainte-Justine,Montréal,Agrandissement et réaménagement
5,"Métro de Montréal, voitures de métro AZUR – Remplacement",Remplacement des voitures MR-63 du métro de Montréal,Le projet vise l’acquisition de 468 nouvelles voitures pour le métro de Montréal ainsi que la mise à niveau de certaines infrastructures pour permettre l’exploitation et l’entretien des nouvelles voitures.,2122400000,1592400000,530000000,2016-02-01,2019-06-30,En service,"Mars 2020
Le ministre des Transports a autorisé la mise en service du projet.
De plus, il a autorisé que la date de fin de la mise en service complète, prévue en mars 2021, soit devancée à juin 2019.

Mars 2019
Le ministre des Transports a autorisé que la date de fin de la mise en service complète, initialement prévue en janvier 2019, soit reportée à mars 2021.
De plus, il a autorisé que la contribution du Québec et celle des partenaires soient révisées. La contribution du Québec passe de 1 591,8 M$ à 1 592,4 M$ et celle des partenaires de 530,6 M$ à 530,0 M$.

Novembre 2018
Le coût initial du projet de 2 191,7 M$ a été réduit à 2 122,4 M$. La contribution du Québec passe ainsi de 1 860,0 M$ à 1 591,8 M$ et celle des partenaires de 331,7 M$ à 530,6 M$.",Ministre des Transports,Société de transport de Montréal,Société de transport de Montréal,Transport collectif,Économie et environnement,06 – Montréal,Métro de Montréal,Montréal,Remplacement
10,Échangeur Dorval – Montréal – Réaménagement,Rond-point Dorval – Réaménagement de l’échangeur entre l’autoroute 20 et l’autoroute 520,"Le projet vise à séparer la circulation locale, de transit et autoroutière destinée à l’aéroport international Pierre-Elliott-Trudeau de Montréal. Les travaux permettront la création de liens directs entre l’autoroute 20, l’autoroute 520 et l’aéroport, ainsi que l’amélioration de la fluidité de la circulation et l’accessibilité du secteur.",344200000,240600000,103600000,2010-11-01,2020-09-01,En service,"Mars 2020
Le ministère des Transports a autorisé la mise en service du projet.
De plus, il a autorisé que la date de fin de mise en service complète, initialement prévue en octobre 2019, soit reportée à septembre 2020.

",Ministre des Transports,Ministère des Transports,Ministère des Transports en association avec la Société québécoise des infrastructures,Réseau routier,Économie et environnement,06 – Montréal,Échangeur Dorval,Montréal,Réaménagement
11,Autoroute 35 entre Saint-Jean-sur-Richelieu et Saint-Sébastien (phases I et II) – Construction,Prolongement de l’autoroute 35 entre Saint-Jean-sur-Richelieu et la frontière américaine – Phases I et II,"Le projet de prolongement de l’autoroute 35 vise à compléter le lien autoroutier entre Montréal et Boston pour accroître les échanges commerciaux et touristiques avec la Nouvelle-Angleterre, améliorer la sécurité routière et la qualité de vie des résidents en diminuant la circulation de transit. Ce projet, qui consiste à construire une autoroute à deux voies par direction, a été divisé en quatre phases de réalisation dont les deux premières (24,5 km) ont été mises en service en octobre 2014 à l’exception de l’échangeur Saint-Alexandre.",205600000,161300000,44300000,,2014-10-31,En service,"Mars 2020
Le ministre des Transports a autorisé la mise en service du projet.
De plus, il a autorisé une baisse de 39,1 M$ au coût du projet. Initialement prévu à 244,7 M$, le coût est maintenant de 205,6 M$. Ainsi, la contribution du Québec passe de 200,5 M$ à 161,3 M$ et celle des partenaires passe de 44,2 M$ à 44,3 M$.",Ministre des Transports,Ministère des Transports,Ministère des Transports,Réseau routier,Économie et environnement,16 – Montérégie,Autoroute 35,Saint-Jean-sur-Richelieu et Saint-Sébastien,Construction
18,Palais de justice de Rimouski – Réfection et réaménagement,Agrandissement et réaménagement du palais de justice de Rimouski,"Le projet comprend le réaménagement complet du bâtiment existant, incluant l’aile de l’ancienne prison, et un agrandissement qui correspond à 60 % de la superficie actuelle, de manière à faciliter l’accessibilité de la population aux services judiciaires. Le caractère architectural du palais sera conservé. 
En avril 2017, les activités du palais de justice ont été temporairement relocalisées dans un autre édifice de la Société québécoise des infrastructures, et ce, pour permettre la réalisation des travaux.
Le projet vise à pallier aux problèmes de mise aux normes, de besoins d’espaces supplémentaires et les nombreuses lacunes fonctionnelles. 
Ces problèmes ont été établis par les principaux occupants de l’édifice, qui sont le ministère de la Justice, le ministère de la Sécurité publique et le Directeur des poursuites criminelles et pénales.
",68200000,68200000,0,,2020-03-31,En réalisation,"Mars 2020
Le gouvernement a autorisé que la date de mise en service, initialement prévue en septembre 2019, soit reportée à mars 2020.",Ministre de la Justice,Ministère de la Justice,Société québécoise des infrastructures,Administration gouvernementale,Gouverne et justice,01 – Bas-Saint-Laurent,Palais de justice de Rimouski,Rimouski,Réfection et réaménagement
19,Complexe Turcot – Montréal – Reconstruction,Reconstruction de l’échangeur Turcot,"Le projet vise la reconstruction de l’échangeur Turcot. Après près de 50 ans de service, l’échangeur Turcot, qui est l’un des plus importants du Québec et sur lequel circulent quotidiennement plus de 300 000 véhicules, doit être reconstruit tout comme les échangeurs Angrignon, De La Vérendrye et Montréal-Ouest, ainsi que des tronçons adjacents des autoroutes 15, 20 et 720. Le projet prévoit également l’ajout de 20 km de voies réservées au transport collectif, de 6,7 km de voies cyclables et de pistes polyvalentes ainsi que l’aménagement de liens plus conviviaux pour les piétons.",3673300000,3673300000,0,2017-12-01,2020-12-01,En service,"Septembre 2017
Début de la mise en service progressive des voies de circulation.",Ministre des Transports,Ministère des Transports,Ministère des Transports en association avec la Société québécoise des infrastructures,Réseau routier,Économie et environnement,06 – Montréal,Échangeur Turcot,Montréal,Reconstruction
21,NM Armand-Imbeau II et NM Jos-Deschênes II – Traverse Tadoussac–Baie-Sainte-Catherine – Acquisition,Remplacement des navires N.M. Lucien-L. et du N.M. Radisson,"Le projet consiste à construire deux nouveaux navires qui remplaceront ceux de la traverse Tadoussac–Baie-Sainte-Catherine, soit le N.M. Armand-Imbeau et le N.M. Jos-Deschênes II. Ces deux derniers navires remplaceront, après les avoir adaptés, les navires de la traverse Sorel-Tracy–Saint-Ignace-de-Loyola, soit : 
- le N.M. Lucien-L. qui sera éventuellement vendu ou démantelé et;
- le N.M. Catherine-Legardeur qui sera réaffecté comme navire d’appoint, notamment à la traverse de Sorel-Tracy pour remplacer le N.M. Radisson qui sera éventuellement vendu ou démantelé.
Ces deux nouveaux navires en construction ont fait chacun l’objet d’une inscription au Plan québécois des infrastructures à un montant de 85 M$ chacun correspondant au coût initialement prévu. Afin d’en assurer l’achèvement, leur propriété a fait l’objet, en 2017-2018, d’une cession à une tierce partie relevant de la ministre de l’Économie et de l’Innovation.
",360000000,360000000,0,,2019-01-01,En service,"Février 2019
Le ministre des Transports a autorisé la mise en service du projet. Le NM Jos-Deschênes II est en service depuis le 2 février 2019.

Juin 2018
Afin de permettre l’achèvement des navires, le coût du projet a été augmenté de 170 M$ à 360 M$ et la date de mise en service a été repoussée à janvier 2019.
En juin 2018, la Société des traversiers du Québec (STQ) a acquis le N.M. Armand-Imbeau II qui a débuté son service à la traverse de Tadoussac–Baie-Sainte-Catherine en octobre 2018.
En octobre 2018, la STQ a acquis le N.M. Jos-Deschênes II, date à laquelle la phase d’opérationnalisation du navire a débuté.
",Ministre des Transports,Société par actions relevant d'Investissement Québec,Société par actions relevant d'Investissement Québec,"Transport maritime, aérien, ferroviaire et autres",Économie et environnement,03 – Capitale-Nationale; 09 – Côte-Nord,Navires N.M. Lucien-L et N.M. Radisson,Traverse Sorel-Tracy–Saint-Ignace-de-Loyola,Acquisition
22,Quartier des spectacles – Montréal – Réaménagement,Aménagement du Quartier des spectacles à Montréal,"Le projet consiste principalement en l’aménagement de nouveaux espaces publics permanents permettant la tenue d’événements culturels. Le projet se divise en quatre phases : la place des Festivals et la rue Jeanne-Mance (phase 1), le parterre et la promenade des Artistes (phase 2), la rue Sainte-Catherine (phase 3), et finalement l’esplanade Clark et la rue Saint-Urbain (phase 4).
La Ville de Montréal réalise actuellement les derniers travaux de la phase 4 qui consiste à aménager une place publique qui se transformera en patinoire réfrigérée l’hiver. Un pavillon multifonctionnel permettant d’offrir tous les services requis pour les activités sera également construit.",120000000,40000000,80000000,2009-09-01,2020-12-31,En réalisation,"Janvier 2020
Un addenda au protocole d’entente, intervenu entre la ministre des Affaires municipales et de l’Habitation et la Ville de Montréal, a été signé en octobre 2019 reportant la date mise en service complète, initialement prévue en décembre 2019, à décembre 2020.
",Ministre des Affaires municipales et de l'Habitation,Ville de Montréal,Ville de Montréal,Municipalités,Économie et environnement,06 – Montréal,Quartier des spectacles,Montréal,Réaménagement
23,Gare de triage d’Outremont – Montréal – Réaménagement,Aménagement du site de la gare de triage d’Outremont à Montréal,"Le projet vise à réaménager une vaste friche industrielle située au cœur de l’île de Montréal en un nouvel espace de vie mixte, durable et intégré aux milieux environnants. Le projet repose sur un partenariat entre la Ville et l’Université de Montréal. 
Il comporte notamment la démolition de l’ancienne cour de voirie municipale, la construction d’un viaduc ferroviaire dans la partie est du site, la construction des infrastructures urbaines de base (aqueduc, égouts, voirie, canalisations souterraines), la mise en place et l’aménagement des bassins de rétention pour les besoins de l’arrondissement, ainsi que la réhabilitation des terrains municipaux et l’aménagement de parcs.
",120000000,30000000,90000000,,2021-12-31,En réalisation,"
",Ministre des Affaires municipales et de l'Habitation,Ville de Montréal conjointement avec l'Université de Montréal,Ville de Montréal conjointement avec l'Université de Montréal,Municipalités,Économie et environnement,06 – Montréal,Gare de triage d’Outremont,Montréal,Réaménagement
26,Autoroute 5 entre le chemin de la Rivière et la route 105 – La Pêche – Prolongement,Prolongement de l’autoroute 5 du chemin de la Rivière au raccordement de la route 105,"Le projet consiste à concevoir un axe majeur nord-sud, formé par l’autoroute 5 et la route 105. Ces deux routes sont considérées comme stratégiques pour le commerce extérieur. Or, la route 105, dans le secteur La Pêche, peut difficilement jouer son rôle en raison de ses caractéristiques géométriques. La réalisation du projet permettra d’assurer un lien plus fluide et sécuritaire avec la route 105.",178300000,102200000,76100000,2009-12-01,2024-11-30,En réalisation,"Mars 2020
Le ministre des Transports a autorisé une hausse de 9,4 M$ au coût du projet. Initialement prévu à 168,9 M$, le coût est maintenant de 178,3 M$. Ainsi, la contribution du Québec passe de 90,9 M$ à 102,2 M$, et celle des partenaires, de 78 M$ à 76,1 M$.
De plus, il a autorisé que la date de fin de la mise en service complète, initialement prévue en décembre 2022, soit reportée à novembre 2024.
",Ministre des Transports,Ministère des Transports,Ministère des Transports,Réseau routier,Économie et environnement,07 – Outaouais,Autoroute 5,La Pêche,Prolongement
28,Stations de traitement d’eau potable – Shawinigan – Construction,Mise aux normes des installations d’eau potable à Shawinigan,"Le projet consiste à construire deux usines pour traiter les eaux du lac à la Pêche et du lac des Piles, dans le cadre de la mise aux normes des installations d’approvisionnement en eau potable de la ville de Shawinigan. 
Ainsi, l’usine du lac à la Pêche pourra traiter 34 950 m³ d’eau par jour, et celle du lac des Piles en traitera 11 290 m³. Les usagers de la ville de Shawinigan recevront alors une eau traitée selon les exigences définies par la réglementation en vigueur.
",64100000,24000000,40100000,,2020-12-31,En réalisation,"Janvier 2020
Un addenda au protocole d’entente, intervenu entre la ministre des Affaires municipales et de l’Habitation et la Ville de Shawinigan, a été signé en décembre 2019 reportant la date de mise en service, initialement prévue en juillet 2019, à décembre 2020.
",Ministre des Affaires municipales et de l'Habitation,Ville de Shawinigan,Ville de Shawinigan,Municipalités,Économie et environnement,04 – Mauricie,Station de traitement d’eau potable,Shawinigan,Construction
30,"Station d’épuration des eaux usées Jean-R.-Marcotte, unité de désinfection – Montréal – Construction",Construction d’une unité de désinfection par ozonation à la station d’épuration des eaux usées Jean-R.- Marcotte à Montréal,"Le projet consiste en la construction d’une unité de désinfection des eaux usées par ozonation à la station d’épuration Jean-R.- Marcotte de Montréal.
La désinfection des eaux usées à l’ozone complètera la chaîne de traitement prévue lors de la conception de la station d’épuration des eaux usées.
Les objectifs de ce projet sont de diminuer les risques pour la santé humaine et de protéger la faune et la flore aquatiques du fleuve Saint-Laurent.
Ainsi, lorsque le projet sera terminé, la qualité de l’eau du fleuve sera nettement améliorée au bénéfice des collectivités.
",150000000,63800000,86200000,,2021-12-31,En réalisation,"
",Ministre des Affaires municipales et de l'Habitation,Ville de Montréal,Ville de Montréal,Municipalités,Économie et environnement,06 – Montréal,Station d’épuration des eaux usées Jean-R.- Marcotte,Montréal,Construction
31,Bassins de rétention des eaux usées – Montréal – Construction,Construction de bassins de rétention des eaux usées pour le contrôle des débordements à Montréal,"Le projet consiste en la construction de quatre bassins de rétention des eaux usées afin de diminuer les déversements des réseaux d’égouts dans l’environnement.
Le bassin Rockfield rejette ses surplus d’eaux dans le canal Lachine, les bassins Lavigne et Leduc le font dans la rivière des Prairies, tandis que le bassin William rejette ses surplus d’eaux dans le fleuve Saint-Laurent.
La construction de ces ouvrages de rétention des eaux usées permettra de réduire le volume d’eaux usées non traitées déversées dans les cours d’eau.",148000000,49300000,98700000,,2021-12-31,En réalisation,"Novembre 2018
Un addenda au protocole d’entente, intervenu entre la ministre des Affaires municipales et de l’Habitation et la Ville de Montréal, a été signé reportant la date de mise en service, initialement prévue en mars 2019, à décembre 2021.",Ministre des Affaires municipales et de l'Habitation,Ville de Montréal,Ville de Montréal,Municipalités,Économie et environnement,06 – Montréal,Bassins de rétention des eaux usées,Montréal,Construction
35,Autoroute 70 depuis le chemin de la Grande-Anse vers la ligne Bagot – Saguenay – Construction,Prolongement de l’autoroute 70 vers la ligne Bagot,"Le projet a permis d’augmenter la capacité, la fluidité et la sécurité de la circulation sur l’autoroute 70. Il a consisté à construire un lien autoroutier à deux chaussées séparées par un terre-plein assurant une liaison entre Chicoutimi, Laterrière et La Baie. Ce projet favorisera la croissance de l’activité industrielle et garantira une desserte favorable à la promotion des activités économiques de la région.",118300000,118300000,0,,2017-10-01,En service,"Mars 2020
Le ministres de Transports a autorisé une hausse de 1,3 M$ au coût du projet. Initialement prévu à 117 M$, le coût est maintenant de 118,3 M$. Ainsi, la contribution du Québec passe de 117,0 M$ à 118,3 M$.",Ministre des Transports,Ministère des Transports,Ministère des Transports,Réseau routier,Économie et environnement,02 – Saguenay–Lac-Saint-Jean,Autoroute 70,Saguenay,Construction
37,"Métro de Montréal, programme Réno-Systèmes (phase III) – Maintien et bonification",Programme Réno-Systèmes  – Phase III  – Métro de Montréal,"Le programme Réno-Systèmes vise le remplacement, la construction ou la remise à neuf d’équipements fixes directement liés à l’exploitation du métro. Les catégories concernées sont les installations motorisées (escaliers mécaniques, ventilation, ascenseurs), les équipements de voie, l’équipement d’énergie d’exploitation et de contrôle des trains ainsi que les systèmes de télécommunication et de contrôle des procédés d’exploitation.",500000000,262700000,237300000,2013-05-01,2021-01-31,En réalisation,"Mars 2020
Le ministre des Transports a autorisé que la date de fin de la mise en service complète, initialement prévue en décembre 2019, soit reportée à janvier 2021.",Ministre des Transports,Société de transport de Montréal,Société de transport de Montréal,Transport collectif,Économie et environnement,06 – Montréal,Métro de Montréal,Montréal,Réfection et remplacement
39,"Métro de Montréal, ligne bleue de la station Saint-Michel à Anjou – Prolongement",Prolongement de la ligne bleue du métro de Montréal,"Le projet vise le prolongement de la ligne bleue du métro de Montréal par l’ajout de cinq stations, sur le territoire, pour une longueur totale de 5,8 km, soit de la station Saint-Michel à Anjou. L’objectif est d’améliorer la mobilité dans la région de Montréal, à favoriser la mobilité durable, à appuyer le développement urbain et économique ainsi qu’à consolider le réseau de transport collectif.",,,,,,En planification,"
",Ministre des Transports,Autorité régionale de transport métropolitain conjointement avec la Société de transport de Montréal,Société de transport de Montréal en association avec la Société québécoise des infrastructures,Transport collectif,Économie et environnement,06 – Montréal,Métro de Montréal,Montréal,Prolongement
40,Autoroute 73 (Henri-IV) entre l’autoroute 40 et l’autoroute 440 – Québec – Élargissement,Élargissement de l’autoroute Henri-IV entre l’autoroute 440 et l’autoroute 40 – Phase II,"Le projet vise l’élargissement et la réfection de l’autoroute 73 (Henri-IV) qui permettront d’améliorer la sécurité et l’efficacité de cet axe stratégique où circulent plus de 100 000 véhicules chaque jour. Les travaux majeurs contribueront à assurer la pérennité des infrastructures. Le projet vise l’élargissement de l’autoroute 73 (Henri-IV) à trois voies, dans les deux directions, entre les autoroutes 440 (Charest) et 40 (Félix-Leclerc). Un élargissement à trois voies en direction nord sera aussi effectué pour la portion entre l’autoroute 40 (Félix-Leclerc) (40) et l’avenue Chauveau, aux limites de la ville de L’Ancienne-Lorette.",291200000,162600000,128600000,2020-07-01,2023-07-31,En réalisation,"
",Ministre des Transports,Ministère des Transports,Ministère des Transports,Réseau routier,Économie et environnement,03 – Capitale-Nationale,Autoroute 73 (Henri IV),Québec,Élargissement
41,HEC Montréal (arrondissement Ville-Marie) – Construction,Ajout d’espace dans l’arrondissement de Ville-Marie pour HEC Montréal,"Le projet consiste en la construction d’un nouveau pavillon au centre-ville de Montréal, sur le site de la basilique Saint-Patrick, afin de diminuer le déficit d’espace de HEC Montréal. 
Il s’agit de créer un complexe intégré d’enseignement et de recherche qui offrira un environnement interdisciplinaire et d’échange unique entre la communauté universitaire, les travailleuses et travailleurs et le milieu des affaires, ce qui assurera le développement stratégique de HEC Montréal.
L’envergure du nouveau bâtiment sera d’environ 28 400 m² bruts, incluant deux niveaux de stationnement en sous-sol.",235200000,108500000,126700000,,2022-03-31,En réalisation,"Juillet 2019
Le gouvernement a autorisé une hausse de 52,1 M$ au coût du projet. Initialement prévu à 183,1 M$, le coût est maintenant de 235,2 M$. La contribution du Québec passe de 93,5 M$ à 108,5 M$ et celle des partenaires de 89,6 M$ à 126,7 M$.
De plus, le gouvernement a autorisé que la mise en service, initialement prévue en août 2021, soit reportée à mars 2022.
",Ministre de l'Enseignement supérieur; Ministre de l'Économie et de l'Innovation,HEC Montréal,"HEC Montréal en association
avec la Société québécoise des infrastructures",Enseignement supérieur,Éducation et culture,06 – Montréal,HEC Montréal,Montréal (arrondissement Ville-Marie),Construction
42,Colisée de Trois-Rivières – Construction,Construction du Colisée de Trois-Rivières,"Le projet consiste en la construction d’un complexe qui comprendra deux patinoires intérieures, dont la principale comportera environ 4 334 places, et la secondaire, quelque 250 places.
Le nouveau Colisée favorisera le développement d’un secteur près des axes routiers majeurs. De plus, en raison de sa capacité d’accueil, il contribuera au développement économique de la ville en permettant la tenue de manifestations sportives et culturelles. Il concourra à la création d’emplois directs et indirects dans la région.
Finalement, la construction du nouveau Colisée permettra aux citoyennes et citoyens de tous âges d’avoir accès à des installations et à des équipements modernes qui encourageront la pratique d’activités sportives et, du même coup, un mode de vie actif.
",53600000,26800000,26800000,,2020-03-31,En service,"Mars 2020
La ministre des Affaires municipales et de l’Habitation a autorisé la mise en service du projet.
De plus, elle a autorisé que la date de la mise en service, initialement prévue en mai 2020, soit devancée à mars 2020.
",Ministre des Affaires municipales et de l'Habitation,Ville de Trois-Rivières,Ville de Trois-Rivières,Municipalités,Économie et environnement,04 – Mauricie,Colisée de Trois-Rivières,Trois-Rivières,Construction
43,"Hôpital du Haut-Richelieu, urgence et bloc opératoire – Saint-Jean-sur-Richelieu – Agrandissement et réaménagement",Agrandissement majeur et réaménagement de l’hôpital du Haut-Richelieu,"Le projet consistait à agrandir les secteurs de l’urgence, des soins intensifs et du bloc opératoire. Il a permis également le réaménagement des services d’inhalothérapie, de la zone de débarcadère et de l’approvisionnement.
 
Le projet a permis de résoudre les problèmes qui résultent de la désuétude des lieux et ceux qui sont liés à l’augmentation du volume d’activités, due à une population en constante croissance.
",102300000,102300000,0,,2017-06-30,En service,"Mars 2020
La ministre de la Santé et des Services sociaux a autorisé la mise en service du projet.

Avril 2019
Le gouvernement a autorisé la modification de la portée du projet en acceptant le retrait du laboratoire de biologie médicale.
Par conséquent, le gouvernement a autorisé la baisse du coût du projet. Initialement prévu à 109,6 M$, il est maintenant de 102,3 M$. La contribution du Québec passe de 108,4 M$ à 102,3 M$, et celle des partenaires, prévue à 1,2 M$, est annulée. Depuis octobre 2018, tous les secteurs de l’hôpital sont opérationnels.",Ministre de la Santé et des Services sociaux,Centre intégré de santé et de services sociaux de la Montérégie-Centre,Société québécoise des infrastructures,Santé et Services sociaux,Santé et Services sociaux,16 – Montérégie,Hôpital du Haut-Richelieu,Saint-Jean-sur-Richelieu,Agrandissement et réaménagement
44,Hôpital de Baie-Saint-Paul – Reconstruction et réaménagement,Relocalisation de l’hôpital de Baie-Saint-Paul,"Le projet a consisté en la construction d’un hôpital de 47 lits et d’un centre d’hébergement de soins de longue durée (CHSLD) de 103 lits, à Baie-Saint-Paul, en remplacement de l’hôpital existant, qui présentait une précarité qualifiée d’extrême, liée à sa résistance à un éventuel séisme majeur.
D’une superficie brute de 34 750 m², le nouvel hôpital est actuellement en service.
Le projet comprenait également l’agrandissement et le réaménagement du centre d’hébergement Pierre-Dupré pour qu’y soient accueillis des services de première ligne et un centre de jour. Le centre d’hébergement, d’une superficie de 3 410 m², a été réaménagé et agrandi de 229 m².
",232300000,232300000,0,2017-04-01,2018-09-23,En service,"Février 2020
Le gouvernement a autorisé une baisse de 34,0 M$ au coût du projet. Prévu à 266,3 M$, le coût est maintenant de 232,3 M$.
Août 2019
La ministre de la Santé et des Services sociaux a autorisé la mise en service du projet puisque l’ancien hôpital est totalement démoli.
Janvier 2019
Le gouvernement a autorisé que le coût initial du projet de 326,3 M$ soit révisé à la baisse à 266,3 M$ étant donné que le projet s’est réalisé notamment sans l’utilisation des réserves pour risques.
Le CHSLD a été mis en service en juillet 2017 et l’hôpital en septembre 2018. La démolition de l’ancien hôpital sera réalisée au cours des prochains mois.",Ministre de la Santé et des Services sociaux,Centre intégré universitaire de santé et de services sociaux de la Capitale-Nationale,Société québécoise des infrastructures,Santé et Services sociaux,Santé et Services sociaux,03 – Capitale-Nationale,Hôpital de Baie-Saint-Paul,Baie-Saint-Paul, Reconstruction et réaménagement
45,"Centre hospitalier régional de Trois-Rivières, unités de soins du pavillon Sainte-Marie (phase II) – Agrandissement et réaménagement",Agrandissement et réaménagement du pavillon Sainte-Marie au centre hospitalier régional de Trois-Rivières – Phase II,"Le projet a consisté à construire une aile de quatre étages adjacente à un bâtiment existant ainsi qu’à réaménager divers secteurs de ce bâtiment. Il s’agit de la seconde phase d’un projet amorcé en 1997, qui vise à offrir une gamme de services complets à la population de la région de la Mauricie. 
Les objectifs de ce projet sont, entre autres, d’adapter la capacité d’hospitalisation aux besoins de la population ainsi que de permettre la réorganisation du programme de santé mentale et l’actualisation du programme de pneumologie. 
L’envergure des travaux est d’environ 16 000 m² en superficie brute totale, soit un agrandissement de près de 13 000 m² et un réaménagement d’un peu plus de 3 000 m². La ministre de la Santé et des Services sociaux a autorisé que la nouvelle aile de l’hôpital soit mise en service en mai 2018. 
La section réaménagée sera mise en service en avril 2019.
",59800000,59800000,0,2018-05-08,2019-04-30,En service,"Mars 2020
La ministre de la Santé et des Services sociaux a autorisé la mise en service du projet.",Ministre de la Santé et des Services sociaux,Centre intégré universitaire de santé et de services sociaux de la Mauricie-et-du-Centre-du-Québec,Société québécoise des infrastructures,Santé et Services sociaux,Santé et Services sociaux,04 – Mauricie,Centre hospitalier régional de Trois-Rivières,Trois-Rivières,Agrandissement et réaménagement
46,"Hôpital régional de Saint-Jérôme, santé mentale – Construction",Construction d’un nouveau pavillon de soins de santé mentale à l’hôpital régional de Saint-Jérôme,"Le projet consiste à construire un pavillon de santé mentale afin de remplacer le pavillon actuel, considéré comme très vétuste. 
Le nouveau pavillon permettra notamment d’améliorer la capacité d’accueil, en passant de 85 à 97 lits, de fournir des chambres de taille convenable et d’assurer les liens fonctionnels avec les autres secteurs de l’hôpital régional de Saint-Jérôme.
D’une hauteur de quatre étages, la superficie totale brute du pavillon projeté est de 16 000 m², soit 11 000 m² de plus que le bâtiment existant.
À la suite de la mise en service complète du nouveau pavillon, l’ancien bâtiment sera démoli.
",110400000,110400000,0,,2020-06-30,En réalisation,"Mars 2020
Le gouvernement a autorisé que la contribution du Québec et celle des partenaires soient révisées. La contribution du Québec passe de 110,0 M$ à 110,4 M$. Ainsi, il n’y a plus de contribution des partenaires.
",Ministre de la Santé et des Services sociaux,Centre intégré de santé et de services sociaux des Laurentides,Société québécoise des infrastructures,Santé et Services sociaux,Santé et Services sociaux,15 – Laurentides,Hôpital régional de Saint-Jérôme,Saint-Jérôme,Construction
47,Centre d’hébergement et de soins de longue durée – Saint-Jérôme – Construction,Construction d’un CHSLD d’une capacité de 212 lits à Saint-Jérôme,"Le projet regroupe, en un seul lieu, des résidentes et résidents en provenance du centre d’hébergement d’Youville et de l’Auberge Saint-Jérôme, deux infrastructures jugées désuètes. Il a permis d’améliorer la qualité de vie des résidents, tout en prévoyant des chambres individuelles et en facilitant le travail du personnel. La nouvelle construction a quatre étages, excluant le sous-sol. Sa superficie brute est de 14 373 m². Les services alimentaires de l’hôpital régional de Saint-Jérôme ont été agrandis et réaménagés afin de permettre la production des repas du nouveau CHSLD.",61200000,61100000,100000,,2018-05-01,En service,"Mars 2020
La ministre de la Santé et des Services sociaux a autorisé la mise en service du projet.
De plus, elle a autorisé une baisse de 1,6 M$ au coût du projet. Initialement prévu à 62,8 M$, le coût est maintenant de 61,2 M$. Ainsi, la contribution du Québec demeure à 61,1 M$, et celle des partenaires, de 1,7 M$ à 0,1 M$.",Ministre de la Santé et des Services sociaux,Centre intégré de santé et de services sociaux des Laurentides,Société québécoise des infrastructures,Santé et Services sociaux,Santé et Services sociaux,15 – Laurentides,Centre d’hébergement et de soins de longue durée,Saint-Jérôme,Construction
48,"Métro de Montréal, programme Réno-Infrastructures (phase I) – Maintien et bonification",Programme Réno-Infrastructures – Phase I – Métro de Montréal,"Le programme Réno-Infrastructures concerne le remplacement ou la réfection d’infrastructures du métro en fin de vie utile. Ce programme vise à maintenir la fiabilité, l’état, la disponibilité et la sécurité du réseau du métro tout en réduisant le déficit de maintien d’actifs.",250000000,177200000,72800000,2013-06-01,2020-06-01,En réalisation,"Mars 2020
Le ministre des Transports a autorisé que la date de fin de la mise en service complète, initialement prévue en décembre 2020, soit devancée à juin 2020.

Mars 2019 
Le ministre des Transports a autorisé la hausse du coût du projet. Initialement prévu à 240,6 M$, le coût est maintenant de 250,0 M$. Ainsi, la contribution du Québec passe de 180,5 M$ à 177,2 M$ et celle des partenaires de 60,1 M$ à 72,8 M$.
",Ministre des Transports,Société de transport de Montréal,Société de transport de Montréal,Transport collectif,Économie et environnement,06 – Montréal,Métro de Montréal,Montréal,Réfection et remplacement
50,Pont Honoré-Mercier entre Montréal et Kahnawake – Maintien,Maintien d’actifs sur le pont Honoré-Mercier,La portion du pont Honoré-Mercier au nord de la voie maritime du Saint-Laurent est composée de deux structures distinctes : une construite au début des années 30 (vers la Rive-Sud) et une érigée dans les années 60 (vers Montréal). La plus vieille des deux structures fait l’objet d’un projet majeur de reconstruction. Les travaux visent à maintenir les deux structures en service et sécuritaires jusqu’à la réalisation du projet majeur.,280500000,280500000,0,,,En réalisation,"Mars 2020
Une hausse de 15,8 M$ au coût du projet a été autorisée. Prévu à 264,7 M$ en 2019, le coût est maintenant de 280,5 M$.
Mars 2019
Une hausse de 55,1 M$ du coût du projet a été autorisée. Initialement prévu à 209,6 M$, le coût est maintenant de 264,7 M$.",Ministre des Transports,Ministère des Transports,Ministère des Transports,Réseau routier,Économie et environnement,06 – Montréal; 16 – Montérégie,Pont Honoré-Mercier,Kahnawake Montréal,Réfection
52,Échangeur Saint-Pierre – Montréal – Maintien,Maintien d’actifs sur les structures de l’échangeur Saint-Pierre,"L’échangeur Saint-Pierre constitue le lien routier entre l’autoroute 20 et la route 138, laquelle mène à la Rive-Sud de Montréal via le pont Honoré-Mercier. Construit en 1966, l’échangeur nécessitera des travaux d’envergure au cours des prochaines années. Les travaux visent à maintenir l’infrastructure en service et sécuritaire jusqu’à la réalisation du projet majeur.",183000000,183000000,0,,,En réalisation,"Mars 2019
Le ministre des Transports a autorisé la hausse du coût du projet. Initialement prévu à 158,4 M$, le coût est maintenant de 183,0 M$. 
",Ministre des Transports,Ministère des Transports,Ministère des Transports,Réseau routier,Économie et environnement,06 – Montréal,Échangeur Saint-Pierre,Montréal,Réfection
53,"Stade olympique, toiture – Montréal – Reconstruction",Remplacement de la toiture du Stade olympique,"Le projet consiste à remplacer la toiture du stade olympique de Montréal, qui a atteint sa fin de vie utile et qui accuse plusieurs problèmes de désuétude.
À la suite des travaux, le stade pourra remplir sa pleine vocation par la tenue d’activités toute l’année. Ainsi, l’ajout d’activités devrait générer des retombées économiques supplémentaires.
",,,,,,En planification,"
",Ministre du Tourisme,Régie des installations olympiques,Régie des installations olympiques en association avec la Société québécoise des infrastructures,Tourisme et activités récréatives,Économie et environnement,06 – Montréal,Stade olympique,Montréal,Reconstruction
54,Autoroute 440 (Dufferin-Montmorency) – Québec – Réfection,Réfection de l’autoroute Dufferin-Montmorency – Phases III à VIII,"L’autoroute 440 (Dufferin-Montmorency), construite en 1976, a la particularité d’être une infrastructure surélevée composée uniquement de structures sur une distance de 2 km. Le projet vise à prolonger la durée de vie utile de cette autoroute. Le projet consiste, entre autres, au remplacement de joints de tablier, à la réparation des dalles, à la reconstruction des côtés extérieurs des structures et à la réfection de piles.",71700000,71700000,0,2017-12-01,2018-09-01,En service,"Mars 2020
Le ministre des Transports a autorisé une hausse de 1,2 M$ au coût du projet. Initialement prévu à 70,5 M$, le coût est maintenant de 71,7 M$.


Mars 2019
Le ministre des Transports a autorisé la mise en service du projet.",Ministre des Transports,Ministère des Transports,Ministère des Transports,Réseau routier,Économie et environnement,03 – Capitale-Nationale,Autoroute 440 (Dufferin-Montmorency) ,Québec,Réfection
55,Pont Pie-IX (route 125) entre Montréal et Laval – Réfection,Réfection majeure du pont Pie-IX entre Montréal et Laval,"Le projet vise à maintenir un lien sécuritaire entre Montréal et Laval, dans l’axe de la route 125, et à contribuer à l’amélioration de l’offre en transport collectif et actif. Il comprend l’aménagement d’une voie réservée aux autobus, sur le pont, pour le SRB Pie-IX (service rapide par bus), ainsi qu’une piste polyvalente pour les piétons et les cyclistes, du côté est, et un trottoir du côté ouest.

Le début des travaux de réfection majeure du pont a été reporté en raison d’une intervention du Protecteur du citoyen du Québec. La période de réalisation des travaux sera précisée ultérieurement.
",198600000,115700000,82900000,,2022-10-31,En réalisation,"Mars 2020
Suivant la confirmation d’une participation financière fédérale au projet, les contributions du Québec et des partenaires ont été revues. La contribution du Québec passe de 194,5 M$ à 115,7 M$, et celle des partenaires, de 4,1 M$ à 82,9 M$.
 

Mars 2019
Le gouvernement a autorisé le projet à l’étape « En réalisation ».
",Ministre des Transports,Ministère des Transports,Ministère des Transports,Réseau routier,Économie et environnement,06 – Montréal; 13 – Laval,Pont Pie-IX,Montréal Laval,Réfection
56,Échangeurs Turcot et De La Vérendrye – Montréal – Maintien,Maintien d'actifs sur les échangeurs Turcot et De La Vérendrye,"Le projet vise à maintenir la fonctionnalité des échangeurs existants et à assurer la sécurité des usagers, en attendant la construction d'autres échangeurs par l’entremise du complexe Turcot.

Le démantèlement de l’ensemble des anciennes structures a été achevé en 2019. Ainsi, ce projet de maintien est terminé.",363000000,363000000,0,,,En clôture,"Mars 2020
Le ministre des Transports a autorisé le projet à l'étape « En clôture ».
De plus, il a autorisé une hausse de 13,2 M$ au coût du projet. Prévu à 350,1 M$, le coût est maintenant de 363,3 M$. Ainsi, la contribution du Québec passe de 350,1 M$ à 363,3 M$.

Le projet sera retiré du Tableau de bord lors de la prochaine mise à jour annuelle.
Mars 2019
Le ministre des Transports a autorisé la hausse du coût du projet. Initialement prévu à 346,7 M$, le coût est maintenant de 350,1 M$.
",Ministre des Transports,Ministère des Transports,Ministère des Transports,Réseau routier,Économie et environnement,06 – Montréal,"Échangeur Turcot
Échangeur De La Vérendrye",Montréal,Réfection
58,Autoroute 40 (Métropolitaine) – Montréal – Maintien,Maintien d’actifs sur les structures de l’autoroute Métropolitaine,"L’autoroute 40 (Métropolitaine), dans sa portion surélevée, requiert une intervention majeure. Les travaux visent à maintenir l’infrastructure en service et sécuritaire jusqu’à la réalisation du projet de réfection majeur.",242200000,242200000,0,,,En réalisation,"Mars 2020
Le ministre des Transports a autorisé une hausse de 65,6 M$ au coût du projet. Initialement prévu à 176,6 M$, le coût est maintenant de 242,2 M$. Ainsi, la contribution du Québec passe de 176,6 M $ à 242,2 M$.",Ministre des Transports,Ministère des Transports,Ministère des Transports,Réseau routier,Économie et environnement,06 – Montréal,Autoroute 40 (Métropolitaine),Montréal,Réfection
59,Tunnels Ville-Marie et Viger – Montréal – Maintien,Maintien d’actifs des tunnels Ville-Marie et Viger,"Les tunnels Ville-Marie et Viger, situés en plein cœur du centre-ville de Montréal, feront l’objet d’un projet de réfection majeur. Les travaux visent à maintenir les infrastructures en service et sécuritaires jusqu’à la réalisation du projet de réfection majeure.",131800000,123400000,8400000,,,En réalisation,"Mars 2019
Le ministre des Transports a autorisé la hausse du coût du projet. Initialement prévu à 130,8 M$, le coût est maintenant de 131,8 M$. Ainsi, la contribution du Québec passe de 122,4 M$ à 123,4 M$.",Ministre des Transports,Ministère des Transports,Ministère des Transports,Réseau routier,Économie et environnement,06 – Montréal,"Tunnel Ville-Marie
Tunnel Viger",Montréal,Réfection
63,Route 112 entre Thetford Mines et Saint-Joseph-de-Coleraine – Reconstruction,Relocalisation permanente de la route 112 à Thetford Mines,"La route 112 a été relocalisée entre Thetford Mines et Saint-Joseph-de-Coleraine à la suite d’un important glissement de terrain survenu en 2009. Le nouveau tronçon de route, d’une longueur de 10,3 km, incluant une voie de dépassement d’environ 2 km dans chaque direction ainsi qu’un pont au-dessus de la rivière Bécancour, a été mis en service en octobre 2015.",79700000,79700000,0,,2015-10-01,En service,"Mars 2020
Le gouvernement a autorisé une baisse de 30,2 M$ au coût du projet. Initialement prévu à 109,9 M$, le coût est maintenant de 79,7 M$. 
",Ministre des Transports,Ministère des Transports,Ministère des Transports,Réseau routier,Économie et environnement,12 – Chaudière-Appalaches,Route 112,Thetford Mines,Reconstruction
64,"Route 117, voie de contournement – Rouyn-Noranda – Construction",Construction d’une voie de contournement de Rouyn-Noranda,"Le tracé de la route 117 traversait le secteur urbain de la ville de Rouyn-Noranda, notamment son centre-ville commercial. La présence du trafic lourd en zone commerciale et résidentielle est incompatible avec les activités qu’on y retrouve. Le projet de contournement vise à améliorer la sécurité, à diminuer la circulation de transit dans Rouyn-Noranda et par conséquent, à améliorer la qualité de vie des résidents. Il consiste en l’aménagement d’un nouveau tronçon de route de 7,7 km qui permet de contourner le noyau urbain de Rouyn-Noranda.",117000000,116600000,400000,,2019-10-31,En service,"Mars 2020
Le ministre des Transports a autorisé la mise en service du projet.


Mars 2019
Le ministre des Transports a autorisé la hausse du coût du projet. Initialement prévu à 95,2 M$, le coût est maintenant de 117,0 M$. Ainsi, la contribution du Québec passe de 94,8 M$ à 116,6 M$ et celle des partenaires demeure à 0,4 M$.
Le ministre des Transports a également autorisé que la date de la mise en service initialement prévue en décembre 2018 soit reportée à octobre 2019.",Ministre des Transports,Ministère des Transports,Ministère des Transports,Réseau routier,Économie et environnement,08 – Abitibi-Témiscamingue,Route 117,Rouyn-Noranda,Construction
66,"Hôtel-Dieu de Lévis, cancérologie – Construction",Construction d’un centre régional intégré de cancérologie à l’Hôtel-Dieu de Lévis,"Le projet a permis la construction d’un centre régional intégré de cancérologie (CRIC) sur le site de l’Hôtel-Dieu de Lévis. Le centre regroupe les principaux services spécialisés offerts en cancérologie, notamment en prévention et en dépistage, et les soins spécialisés dans les domaines de la chirurgie oncologique, de la chimiothérapie, de la pharmacie oncologique et de la radiothérapie. De plus, un service de tomographe par émission de positrons (TEP scan) a été construit à proximité du secteur de l’imagerie médicale. Le projet permettra de rapprocher les services de radio-oncologie de la population de la région de Chaudière-Appalaches, d’augmenter la capacité du réseau afin de répondre aux besoins actuels et projetés de cette région, dus notamment au vieillissement de sa population, et de consolider l’offre de services régionale en cancérologie. 
L’envergure des travaux réalisés est de 13 000 m² en superficie brute totale, soit 12 238 m² pour le nouveau bâtiment du CRIC et 942 m² pour l’agrandissement du TEP scan.
Les travaux sont terminés.
",157700000,157700000,0,,2019-05-01,En service,"Mars 2020
La ministre de la Santé et des Services sociaux a autorisé la mise en service du projet.",Ministre de la Santé et des Services sociaux,Centre intégré de santé et de services sociaux de Chaudière-Appalaches,Société québécoise des infrastructures,Santé et Services sociaux,Santé et Services sociaux,12 – Chaudière-Appalaches,Hôtel-Dieu de Lévis,Lévis,Construction
67,"Hôpital Pierre-Le Gardeur, unité de soins – Repentigny – Agrandissement et réaménagement",Ajout de lits à l’hôpital Pierre-Le Gardeur,Le projet consiste à ajouter des lits de courte durée à l’hôpital Pierre-Le Gardeur. La capacité actuelle de l’hôpital est insuffisante pour répondre à la demande en raison du développement de la région. Il est prévu d’ériger une construction neuve sur le site de l’hôpital et de réaménager certains secteurs dans le bâtiment existant.,,,,,,En planification,"
",Ministre de la Santé et des Services sociaux,Centre intégré de santé et de services sociaux de Lanaudière,Société québécoise des infrastructures,Santé et Services sociaux,Santé et Services sociaux,14 – Lanaudière,Hôpital Pierre-Le Gardeur,Repentigny,Agrandissement et réaménagement
70,Usine de biométhanisation – Laval – Construction,Construction d’une usine de biométhanisation – Ville de Laval,"Le projet consiste en la mise en place d’installations de biométhanisation qui traiteront les résidus organiques putrescibles générés par la population, les industries, les commerces et les institutions ainsi que les boues des trois stations d’épuration lavalloises.
Les produits qui résultent de la biométhanisation, un traitement par digestion anaérobie, sont le biogaz, un carburant renouvelable qui se substituera au carburant ou au combustible fossile, et le digestat, qui pourra être épandu dans les champs comme fertilisant.
Le projet vise à diminuer la quantité de matières organiques destinées à l’élimination afin de favoriser la réalisation des objectifs environnementaux prévus dans la Politique québécoise de gestion des matières résiduelles et à réduire les émissions de gaz à effet de serre en vue de contribuer à l’atteinte des objectifs québécois de lutte contre les changements climatiques.
",,,,,,En planification,"
",Ministre de l'Environnement et de la Lutte contre les changements climatiques,Ville de Laval,Ville de Laval,Environnement,Économie et environnement,13 – Laval,Usine de biométhanisation,Laval,Construction
71,"Hôpital Maisonneuve-Rosemont, hémodialyse – Montréal – Construction",Construction d’un nouveau pavillon pour le service d’hémodialyse de l’hôpital Maisonneuve-Rosemont,"Le projet consistait à construire un pavillon qui regrouperait le service d’hémodialyse de l’hôpital Maisonneuve-Rosemont, anciennement situé dans des bâtiments temporaires.
Il permet ainsi de répondre à une augmentation de la demande de services. La capacité d’accueil est passée de 66 à 74 postes de traitement. 
L’envergure des travaux est d’environ 7 664 m² en superficie brute, qui se déploie sur trois niveaux. La nouvelle construction est située au nord-ouest du centre ambulatoire de l’hôpital.
",53500000,53500000,0,,2019-06-30,En service,"Mars 2020
Le gouvernement a autorisé la mise en service du projet.
De plus, il a autorisé que la date de mise en service, initialement prévue en décembre 2018, soit reportée à juin 2019. 
",Ministre de la Santé et des Services sociaux,Centre intégré universitaire de santé et de services sociaux de l'Est-de-l'Île-de-Montréal,Société québécoise des infrastructures,Santé et Services sociaux,Santé et Services sociaux,06 – Montréal,Hôpital Maisonneuve-Rosemont,Montréal,Construction
73,Usine de biométhanisation – Montréal – Construction,Construction d’une usine de biométhanisation – Ville de Montréal,"Le projet consiste en la mise en place de deux installations, une de biométhanisation et une de compostage, à implanter à proximité du lieu où sont générées les matières, afin d’en limiter le transport. Des réflexions sont en cours en ce qui concerne le déploiement d’une troisième installation de traitement des matières organiques lors d’une seconde phase d’implantation. Ces installations serviront une partie de la population ainsi que plusieurs industries, commerces et institutions de l’agglomération de Montréal.
Les produits qui résultent de la biométhanisation, un traitement par digestion anaérobie, sont le biogaz, un carburant renouvelable qui se substituera au carburant ou au combustible fossile, et le digestat. Celui-ci pourra être épandu directement dans les champs comme fertilisant ou acheminé vers une plateforme de compostage le temps qu’il arrive à maturation pour qu’on en produise du compost.
Le projet vise à diminuer la quantité de matières organiques destinées à l’élimination afin de favoriser la réalisation des objectifs environnementaux prévus dans la Politique québécoise de gestion des matières résiduelles et à réduire les émissions de gaz à effet de serre en vue de contribuer à l’atteinte des objectifs québécois de lutte contre les changements climatiques.
",,,,,,En planification,"
",Ministre de l'Environnement et de la Lutte contre les changements climatiques,Ville de Montréal,Ville de Montréal,Environnement,Économie et environnement,06 – Montréal,Usine de biométhanisation,Montréal,Construction
74,Usine de biométhanisation – Québec – Construction,Construction d’une usine de biométhanisation – Ville de Québec,"Le projet consiste en la mise en place d’installations de biométhanisation qui serviront 26 municipalités de la Communauté métropolitaine de Québec. Le centre de biométhanisation recevra et traitera les résidus organiques putrescibles générés par la population, les industries, les commerces et les institutions ainsi que les boues de ses stations de traitement des eaux usées.
Les produits qui résultent de la biométhanisation, un traitement par digestion anaérobie, sont le biogaz, un carburant renouvelable qui se substituera au carburant ou au combustible fossile, et le digestat, qui pourra être épandu directement dans les champs comme fertilisant.
Le projet vise à diminuer la quantité de matières organiques destinées à l’élimination afin de favoriser la réalisation des objectifs environnementaux prévus dans la Politique québécoise de gestion des matières résiduelles et à réduire les émissions de gaz à effet de serre en vue de contribuer à l’atteinte des objectifs québécois de lutte contre les changements climatiques.
",,,,,,En planification,"
",Ministre de l'Environnement et de la Lutte contre les changements climatiques,Ville de Québec,Ville de Québec,Environnement,Économie et environnement,03 – Capitale-Nationale,Usine de biométhanisation,Québec,Construction
76,Pont Gédéon-Ouimet (autoroute 15) entre Laval et Boisbriand – Maintien,Réfection majeure du pont Gédéon-Ouimet sur l’autoroute 15 entre Laval et Boisbriand,"Le pont Gédéon-Ouimet enjambe la rivière des Mille Îles et relie Laval à la couronne nord, dans l’axe de l’autoroute 15. L’état du pont requiert des travaux afin que son maintien en bon état soit assuré. Le projet sera arrimé avec celui de la chaussée et des voies réservées sur l’autoroute 15, à Laval et sur la couronne nord.",,,,,,À l'étude,"
",Ministre des Transports,Ministère des Transports,Ministère des Transports,Réseau routier,Économie et environnement,13 – Laval; 15 – Laurentides,Pont Gédéon-Ouimet,Laval Boisbriand,Maintien
77,"Hôpital de l’Enfant-Jésus, complexe hospitalier – Construction et réaménagement",Construction d’un nouveau complexe hospitalier sur le site de l’hôpital de l’Enfant-Jésus – Phases I et II,"Le nouveau complexe hospitalier (NCH) vise à regrouper les services cliniques offerts actuellement à L’Hôtel-Dieu de Québec et à l’hôpital de l’Enfant-Jésus. Le projet consiste à construire de nouveaux bâtiments sur le site de l’hôpital de l’Enfant-Jésus et à réaménager certains espaces existants.
L’objectif est d’assurer une offre de service adéquate dans un cadre physique adapté aux soins et services offerts.
Ainsi, les services de radio-oncologie seront déménagés du site de L’Hôtel-Dieu de Québec vers le site de l’hôpital de l’Enfant-Jésus où un Centre intégré de cancérologie sera construit. Les autres services de L’Hôtel-Dieu seront intégrés dans le nouveau pavillon des soins critiques du NCH ainsi que dans les espaces réaménagés de l’hôpital de l’Enfant-Jésus. 
Le NCH comptera 700 lits d’hospitalisation incluant 105 lits de soins critiques, 30 salles d’opération ainsi que 60 civières à l’urgence.
La superficie brute totale des nouvelles constructions sera de 176 000 m², auxquels s’ajouteront 32 000 m² de réaménagement. Le projet prévoit également environ 2 600 cases de stationnement ainsi que 23 000 m² en superficie pour les bâtiments à démolir.
",1967500000,1889500000,78000000,2020-06-01,2025-12-01,En réalisation,"Mars 2020
Le gouvernement a autorisé que la contribution du Québec et celle des partenaires soient révisées. La contribution du Québec passe de 1 780,2 M$ à 1 889,5 M$, et celle des partenaires, de 187,3 M$ à 78,0 M$.
",Ministre de la Santé et des Services sociaux,CHU de Québec - Université Laval,Société québécoise des infrastructures,Santé et Services sociaux,Santé et Services sociaux,03 – Capitale-Nationale,Hôpital de l’Enfant-Jésus,Québec,Construction et réaménagement
78,Pont Gouin entre Saint-Jean-sur-Richelieu et Iberville – Reconstruction,Reconstruction du pont Gouin entre Saint-Jean-sur-Richelieu et Iberville,"Le projet consistait à construire, au-dessus de la rivière Richelieu, un pont, à Saint-Jean-sur-Richelieu, en remplacement de l’ancien pont Gouin. Le nouveau pont comporte une partie mobile permettant le passage des bateaux de plaisance qui empruntent le canal de Chambly. En plus de permettre aux usagers du transport actif d’y circuler de façon sécuritaire, en offrant des trottoirs et une piste cyclable, le pont comprend quatre belvédères et un éclairage, conçus pour le mettre en valeur. Enfin, le projet vise également le réaménagement des approches du réseau routier municipal et la démolition de l’ancien pont Gouin. Le nouveau pont a été mis en service le 26 octobre 2019, et les travaux de finition ainsi que de démolition de l’ancien pont se poursuivent.",126300000,94300000,32000000,,2019-09-30,En service,"Octobre 2019
Le ministre des Transports a autorisé la mise en service du projet.


Mars 2019
Le gouvernement a autorisé que la date de la mise en service, initialement prévue en mars 2019, soit reportée à septembre 2019.
",Ministre des Transports,Ministère des Transports,Ministère des Transports,Réseau routier,Économie et environnement,16 – Montérégie,Pont Gouin,"Saint-Jean-sur-Richelieu
Iberville",Reconstruction
79,Tunnel Louis-Hippolyte-La Fontaine entre Montréal et Longueuil – Maintien,Maintien d’actifs du tunnel Louis-Hippolyte-La Fontaine,"Construit en 1967, le tunnel Louis-Hippolyte-La Fontaine doit faire l’objet d’une réfection majeure. Les travaux visent à maintenir l’infrastructure en service et sécuritaire jusqu’à la réalisation du projet de réfection majeure.",103800000,103800000,0,,,En service,"Mars 2020
Le ministre des Transports a autorisé la baisse de 0,4 M$ au coût du projet.
Initialement prévu à 104,2 M$, le coût est maintenant de 103,8 M$. Ainsi, la contribution du Québec passe de 104,2 M$ à 103,8 M$.


Mars 2019
Le ministre des Transports a autorisé le projet à l’étape « En service».",Ministre des Transports,Ministère des Transports,Ministère des Transports,Réseau routier,Économie et environnement,06 – Montréal; 16 – Montérégie,Tunnel Louis-Hippolyte-La Fontaine,Montréal,Réfection
84,Aréna et glaces communautaires – Gatineau – Construction,Construction d’un centre multifonctionnel à Gatineau - Centre Robert-Guertin,"Le projet consiste en la construction d’un amphithéâtre à Gatineau afin de remplacer l’aréna actuel qui est désuet. Le nouveau bâtiment comportera une glace répondant aux normes de la Ligue de hockey junior majeur du Québec dont l’espace comprendra 4 000 places, ainsi que trois glaces communautaires. Le site retenu se trouve à la place de la Cité.
Le projet entraînera des répercussions directes sur les services offerts aux citoyens de Gatineau, en plus d’avoir une influence positive sur l’économie locale et sur la pratique d’activités sportives.
",53000000,26500000,26500000,,2021-05-31,En réalisation,"Janvier 2019
Un protocole d’entente entre la ministre des Affaires municipales et de l’Habitation et la Ville de Gatineau a été signé le 23 janvier 2019, reportant la mise en service initialement prévue en juin 2021 à mai 2021.
",Ministre des Affaires municipales et de l'Habitation,Ville de Gatineau,Ville de Gatineau,Municipalités,Économie et environnement,07 – Outaouais,Centre Robert-Guertin,Gatineau,Construction
85,"Édifice Marie-Guyart, stationnement – Québec – Réfection",Réfection du stationnement du Complexe Marie-Guyart à Québec,"Le projet consiste en la réfection du stationnement de l'édifice Marie-Guyart. Situé sur la colline Parlementaire, à Québec, le stationnement intérieur comporte quelque 1 470 places.

Après 40 ans d’utilisation, malgré l’entretien régulier, l’ajout de membranes d’étanchéité et les réparations réalisées, le sel transporté par les véhicules a affecté certains éléments de béton armé de ce stationnement intérieur.

Ce projet majeur de réfection d’infrastructure a été réalisé par phases, depuis 2012, afin que le stationnement demeure ouvert et pleinement sécuritaire pendant toute la durée des travaux. 

La majorité des travaux ont été réalisés. Toutefois, certaines interventions sont en cours afin de terminer le projet et de redonner au stationnement une durée de vie utile de plusieurs décennies.",54000000,54000000,0,2013-01-01,2021-10-01,En réalisation,"Août 2020
Le gouvernement a autorisé une baisse de 5,0 M$ au coût du projet. Initialement prévu à 59,0 M$, le coût est maintenant de 54,0 M$. Ainsi, la contribution du Québec passe de 59,0 M $ à 54,0 M$.

De plus, le gouvernement a autorisé que la date de la mise en service, initialement prévue en juillet 2018, soit reportée à octobre 2021.

",Ministre responsable de l'Administration gouvernementale,Société québécoise des infrastructures,Société québécoise des infrastructures,Administration gouvernementale,Gouverne et justice,03 – Capitale-Nationale,Édifice Marie-Guyart,Québec,Réfection
87,"Autoroute 410, voie de contournement (phase II) – Sherbrooke – Construction",Contournement sud de Sherbrooke par le prolongement de l’autoroute 410 – Phase II,"Le projet de construction d'une voie de contournement entre la fin de l'autoroute 410 actuelle, à l'ouest, et la route 108, à l'est, vise à résoudre des problèmes de sécurité, de déplacement et de fluidité observés en périphérie sud de Sherbrooke, particulièrement au centre de l'arrondissement de Lennoxville, où circulent bon nombre de véhicules lourds.",85200000,48000000,37200000,2018-11-01,2020-12-01,En réalisation,"Août 2018
Le coût du projet, la contribution du Québec et celle des partenaires ont été révisés à la suite de l’entente intervenue entre les parties. Le coût initial de 91,8 M$ est revu à 85,2 M$. La contribution du Québec passe de 53,0 M$ à 48,0 M$ et celle des partenaires de 38,8 M$ à 37,2 M$.",Ministre des Transports,Ministère des Transports,Ministère des Transports,Réseau routier,Économie et environnement,05 – Estrie,Autoroute 410,Sherbrooke,Construction
88,"Hôpital régional de Rimouski, bloc opératoire et santé mentale – Maintien et bonification",Construction d’un nouveau complexe chirurgical et mise aux normes de certains secteurs de la santé mentale à l’hôpital régional de Rimouski,Le projet consiste à construire un complexe chirurgical (bloc opératoire) et à effectuer la mise aux normes de l’urgence. Le secteur de la santé mentale doit également faire l’objet d’une modernisation.,,,,,,À l'étude,"
",Ministre de la Santé et des Services sociaux,Centre intégré de santé et de services sociaux du Bas-Saint-Laurent,Société québécoise des infrastructures,Santé et Services sociaux,Santé et Services sociaux,01 – Bas-Saint-Laurent,Hôpital régional de Rimouski,Rimouski,Maintien et bonification
89,"Institut de cardiologie de Montréal, urgence, soins ambulatoires et centre de formation – Agrandissement et réaménagement","Agrandissement de l’urgence, des soins ambulatoires et du centre de formation de l’Institut de cardiologie de Montréal","Le projet consiste à agrandir et à réaménager l’urgence, à moderniser les unités de soins critiques et à regrouper les activités ambulatoires. Il vise également à construire un centre de formation en santé cardiovasculaire ainsi qu’à regrouper les secteurs administratifs. 
Il permettra à l’Institut de mieux assumer sa mission de soins en améliorant l’accessibilité générale, tant à l’urgence que dans les secteurs tertiaires et quaternaires, et d’optimiser le potentiel de formation et de transmission auprès des étudiantes et étudiants.
Il comprend un agrandissement, des réaménagements et la construction de stationnements.
",225600000,201600000,24000000,2020-05-01,2021-05-31,En réalisation,"Mars 2020
Le gouvernement a autorisé que la contribution du Québec et celle des partenaires soient révisées. La contribution du Québec passe de 168,5 M$ à 201,6 M$, et celle des partenaires, de 57,1 M$ à 24,0 M$.
",Ministre de la Santé et des Services sociaux,Institut de cardiologie de Montréal,Société québécoise des infrastructures,Santé et Services sociaux,Santé et Services sociaux,06 – Montréal,Institut de cardiologie de Montréal,Montréal,Agrandissement et réaménagement
90,"Hôpital du Sacré-Cœur de Montréal, traumatologie et unité mère-enfant – Agrandissement et réaménagement","Agrandissement du centre intégré de traumatologie, d’une unité mère-enfant et d’un service d’endoscopie de l’hôpital du Sacré-Cœur de Montréal","Le projet consiste en un agrandissement de 14 520 m² au-dessus de l’urgence actuelle afin de loger le centre intégré en traumatologie, l’unité mère-enfant et le service d’endoscopie et de répondre aux besoins de ces secteurs.",155100000,142700000,12400000,,2021-05-31,En réalisation,"Août 2018
L’ajout d’une salle de césarienne a été autorisé.
Le coût initial du projet de 148,4 M$ est révisé à 155,1 M$. La contribution du Québec, initialement de 136,0 M$, s’établit maintenant à 142,7 M$. La contribution des partenaires reste la même, à 12,4 M$.
",Ministre de la Santé et des Services sociaux,Centre intégré universitaire de santé et de services sociaux du Nord-de-l'Île-de-Montréal,Société québécoise des infrastructures,Santé et Services sociaux,Santé et Services sociaux,06 – Montréal,Hôpital du Sacré-Cœur de Montréal,Montréal,Agrandissement et réaménagement
91,Centre de réadaptation pour jeunes en difficulté – Saint-Jérôme – Construction,Regroupement des centres de réadaptation pour les jeunes en difficulté dans la région des Laurentides,"Le projet vise à regrouper, au sein d’une nouvelle installation, les services de réadaptation pour les jeunes de la région des Laurentides, actuellement dispensés sur trois sites (Huberdeau, Sainte-Sophie, Saint-Jérôme). Le site choisi se trouve à Thérèse-de-Blainville. Il s’agit d’un terrain appartenant au CISSS (adjacent au CLSC Thérèse-de-Blainville). Le nouveau campus sera facile d’accès (transport en commun, route 117) et sera situé à proximité d’infrastructures scolaires (primaire, secondaire et CÉGEP) et sportives. De plus, le milieu urbain favorisera l’accès au travail.
Certains services de réadaptation seront maintenus à Huberdeau, permettant d’offrir de l’hébergement sur l’ensemble de la région.
",,,,,,En planification,"Août 2018
Le gouvernement a autorisé le projet à l’étape « En planification ».",Ministre de la Santé et des Services sociaux,Centre intégré de santé et de services sociaux des Laurentides,Société québécoise des infrastructures,Santé et Services sociaux,Santé et Services sociaux,15 – Laurentides,Centre de réadaptation pour les jeunes en difficulté,Saint-Jérôme,Construction
92,"Centre hospitalier de Vaudreuil-Soulanges, complexe hospitalier – Construction",Construction d’un nouvel hôpital dans la région de Vaudreuil-Soulanges,Le projet consiste à construire un hôpital à Vaudreuil-Soulanges.,,,,,,En planification,"
",Ministre de la Santé et des Services sociaux,Centre intégré de santé et de services sociaux de la Montérégie-Ouest,Société québécoise des infrastructures,Santé et Services sociaux,Santé et Services sociaux,16 – Montérégie,Centre hospitalier,Vaudreuil-Soulanges,Construction
94,Hôpital de La Malbaie – Agrandissement,Agrandissement de l’hôpital de La Malbaie,"Le projet vise à résoudre les problèmes de vétusté fonctionnelle et à bonifier l’offre de services de l’hôpital, notamment dans les secteurs de l’urgence, des unités de soins et des consultations externes.",,,,,,En planification,"Décembre 2019
Le gouvernement a autorisé le projet à l’étape « En planification ».",Ministre de la Santé et des Services sociaux,Centre intégré universitaire de santé et de services sociaux de la Capitale-Nationale,Société québécoise des infrastructures,Santé et Services sociaux,Santé et Services sociaux,03 – Capitale-Nationale,Hôpital de La Malbaie,La Malbaie,Agrandissement
95,Pont Honoré-Mercier entre Montréal et Kahnawake – Reconstruction,Reconstruction du pont Honoré-Mercier,Le projet vise à maintenir le lien interrives entre l’île de Montréal et l’ouest de la région de la Montérégie dans l’axe de la route 138. Le projet consiste à remplacer la structure qui accueille les voies de circulation en direction de la Rive-Sud. Cette structure a été mise en service en 1934 et a atteint sa durée de vie utile. Le remplacement permettra notamment de recouvrer la pleine fonctionnalité du pont et du trottoir en plus d’assurer le raccordement de la piste multifonctionnelle de part et d’autre de la structure.,,,,,,En planification,"
",Ministre des Transports,Ministère des Transports,Ministère des Transports,Réseau routier,Économie et environnement,06 – Montréal; 16 – Montérégie,Pont Honoré-Mercier,Kahnawake,Reconstruction
96,Pont de l’Île-d’Orléans entre Québec et l’Île-d’Orléans – Reconstruction,Reconstruction du pont de l’île-d’Orléans,La construction d’un pont à haubans est la solution qui a été retenue pour assurer une desserte en transport fonctionnelle et sécuritaire entre l’Île-d’Orléans et la rive nord du fleuve Saint-Laurent. Le remplacement du pont permettra également d’assurer la mise aux normes du lien interrives et favorisera les déplacements en vélo et à pied.,,,,,,En planification,"
",Ministre des Transports,Ministère des Transports,Ministère des Transports,Réseau routier,Économie et environnement,03 – Capitale-Nationale,Pont de l’île-d’Orléans,"Québec
l’île-d’Orléans",Reconstruction
97,Échangeurs au nord des ponts Pierre-Laporte et de Québec – Maintien et bonification,Reconstruction des échangeurs au nord des ponts de Québec et Pierre-Laporte ,Le projet vise à assurer la pérennité des infrastructures et à réaménager le réseau routier au nord des ponts de Québec et Pierre-Laporte. Il a pour objectif d’améliorer la fonctionnalité et la sécurité du réseau routier.,,,,,,À l'étude,"
",Ministre des Transports,Ministère des Transports,Ministère des Transports,Réseau routier,Économie et environnement,03 – Capitale-Nationale,Échangeurs au nord des ponts de Québec et Pierre-Laporte ,Québec,Maintien et bonification
98,Échangeur Saint-Pierre – Montréal – Maintien,Reconstruction de l’échangeur Saint-Pierre,"L’échangeur Saint-Pierre constitue le lien entre l’autoroute 20 et la route 138, laquelle mène à la rive sud de Montréal via le pont Honoré-Mercier. Construit en 1966, il nécessitera des travaux d’envergure au cours des prochaines années. Le projet majeur de l’échangeur Saint-Pierre vise notamment à assurer la pérennité des infrastructures et à améliorer la circulation dans ce secteur.",,,,,,À l'étude,"
",Ministre des Transports,Ministère des Transports,Ministère des Transports,Réseau routier,Économie et environnement,06 – Montréal,Échangeur Saint-Pierre,Montréal,Maintien
99,Pont de l’Île-aux-Tourtes entre Vaudreuil-Dorion et Senneville – Reconstruction ,Reconstruction du pont de l’Île-aux-Tourtes entre Vaudreuil-Dorion et Senneville,"Construit en 1965, le pont de l’Île-aux-Tourtes permet de faire le lien, dans l’axe de l’autoroute 40 (Félix-Leclerc), entre l’île de Montréal et la ville de Vaudreuil-Dorion en franchissant le lac des Deux Montagnes. Avec l’autoroute 20, il constitue l’un des deux seuls axes permettant de rejoindre l’île de Montréal par l’ouest. La reconstruction du pont permettra d’assurer le lien interrives et la mobilité de quelque 83 000 usagers journaliers.",,,,,,En planification,"Août 2018
Le gouvernement a autorisé le projet à l’étape « En planification ».",Ministre des Transports,Ministère des Transports,Ministère des Transports en association avec la Société québécoise des infrastructures,Réseau routier,Économie et environnement,06 – Montréal; 16 – Montérégie,Pont de l’Île-aux-Tourtes,"Vaudreuil-Dorion
 Senneville",Reconstruction
100,Tunnels Ville-Marie et Viger – Montréal – Réfection,Réfection majeure des tunnels Ville-Marie et Viger,"Le projet vise à assurer la pérennité et le caractère sécuritaire des infrastructures des tunnels Ville-Marie et Viger ainsi qu’à mettre à niveau certains systèmes (mécaniques, électriques, etc.) en fonction des normes actuelles. Il consiste en des travaux de réfection de ces deux tunnels situés entre la rue Guy et l’avenue Papineau, au centre-ville de Montréal.",2050900000,2050900000,0,2023-09-01,2030-03-31,En réalisation,"Décembre 2019
Le gouvernement a autorisé le projet à l’étape « En réalisation ».


Janvier 2019
Le gouvernement a autorisé le projet à l’étape « En planification ».",Ministre des Transports,Ministère des Transports,Ministère des Transports,Réseau routier,Économie et environnement,06 – Montréal,"Tunnel Ville-Marie
Tunnel Viger",Montréal,Réfection
104,Autoroute 35 entre Saint-Armand et la frontière américaine (phase IV) – Construction,Prolongement de l’autoroute 35 (phase IV) de Saint-Armand jusqu’à la frontière américaine,"Le prolongement de l’autoroute 35 vise à compléter le lien entre Montréal et Boston, pour accroître les échanges commerciaux et touristiques avec la Nouvelle-Angleterre. Ce projet améliorera la sécurité routière et la qualité de vie des personnes qui résident en bordure de la route 133 en y diminuant la circulation de transit. Il consiste à construire une autoroute à deux voies par direction sur chaussées séparées. La phase IV de ce projet est la dernière et elle complétera le lien entre Saint-Armand et la frontière américaine, sur 4,5 km. Les deux premières phases du projet ont été mises en service en 2014, tandis que la phase III est en réalisation.",,,,,,En planification,"Août 2019
Le gouvernement a autorisé que le projet « Prolongement de l’autoroute 35 jusqu’à la frontière américaine – Phases III et IV » soit scindé en deux projets distincts. Ainsi, le projet « Prolongement de l’autoroute 35 (phase IV) de Saint-Armand jusqu’à la frontière américaine » demeure « En planification ».
De plus, le projet « Prolongement de l’autoroute 35 (phase III) de Saint-Sébastien à Saint-Armand » est maintenant « En réalisation ».
",Ministre des Transports,Ministère des Transports,Ministère des Transports,Réseau routier,Économie et environnement,16 – Montérégie,Autoroute 35,"Saint-Armand
Pike River",Construction
109,"Hôpital de Verdun, unités de soins et soins ambulatoires – Montréal – Agrandissement et réaménagement",Agrandissement et modernisation de l’hôpital de Verdun,"Le projet consiste en la construction d’un agrandissement de cinq étages à l’hôpital de Verdun, surmontée d’un appentis en toiture relié au reste du bâtiment par une passerelle à chaque niveau. Il prévoit la création d’un atrium et l’agrandissement de la zone logistique des quais, ainsi que la rénovation ponctuelle de certains blocs existants.",264900000,264900000,0,2024-02-01,2024-12-01,En réalisation,"Juillet 2020
Le gouvernement a autorisé le projet à l’étape « En réalisation ».
Juillet 2018
Le gouvernement a autorisé le projet à l’étape « En planification ».",Ministre de la Santé et des Services sociaux,Centre intégré universitaire de santé et de services sociaux du Centre-Sud-de-l'Île-de-Montréal,Société québécoise des infrastructures,Santé et Services sociaux,Santé et Services sociaux,06 – Montréal,Hôpital de Verdun,Montréal,Agrandissement et réaménagement
110,Université McGill sur une partie du site de l’ancien hôpital Royal Victoria – Montréal – Maintien,Aménagement de l’Université McGill sur une partie du site de l’hôpital Royal Victoria,"Le projet vise à combler un déficit d’espace à l’Université McGill. À la suite du transfert des activités de l’hôpital Royal Victoria, en 2015, vers le site Glen du Centre universitaire de santé McGill, d’importantes superficies ont été libérées. L’université accusant un déficit d’espace, reconnu par le ministère de l’Éducation et de l’Enseignement supérieur, et son campus se trouvant à proximité du site de l’hôpital Royal Victoria, il est envisagé d’utiliser une partie des bâtiments libérés pour répondre à ce besoin.",,,,,,À l'étude,"
",Ministre de l'Enseignement supérieur,Université McGill,Université McGill en association avec la Société québécoise des infrastructures,Enseignement supérieur,Éducation et culture,06 – Montréal,Université McGill,Montréal,Maintien
113,"Autoroute 40 (Métropolitaine) secteur ouest, entre le boulevard Saint-Laurent et l’autoroute 520 – Montréal – Maintien","Autoroute Métropolitaine – Réfection majeure du secteur ouest, entre le boulevard Saint-Laurent et l’autoroute 520 ",La réfection majeure du secteur ouest de l’autoroute Métropolitaine consiste à mettre à niveau les structures afin de freiner leur dégradation et d’assurer leur pérennité.,,,,,,À l'étude,"Septembre 2019
Le gouvernement a autorisé que le projet « Réfection majeure de l’autoroute Métropolitaine à Montréal » soit scindé en deux projets distincts. Ainsi, le projet « Autoroute Métropolitaine – Réfection majeure du secteur ouest, entre le boulevard Saint-Laurent et l’autoroute 520 » demeure « À l’étude ». De plus, le projet « Autoroute Métropolitaine – Réfection majeure du secteur est, entre les boulevards Provencher et Saint-Laurent » est maintenant « En planification ».",Ministre des Transports,Ministère des Transports,Ministère des Transports,Réseau routier,Économie et environnement,06 – Montréal,Autoroute 40 (Métropolitaine),Montréal,Maintien
114,Tunnel Louis-Hippolyte-La Fontaine entre Montréal et Longueuil – Réfection,Réfection majeure du tunnel Louis-Hippolyte-La Fontaine,"Le projet vise à assurer la pérennité du lien interrives stratégique qu’est le tunnel Louis-Hippolyte-La Fontaine. Plus particulièrement, il  consiste à une réfection majeure de la chape de béton (sous la surface de roulement) et des éléments structuraux, au remplacement des systèmes (électriques, mécaniques, de ventilation, d’éclairage, de  signalisation, etc.) et à l’ajout d’un système de protection contre les incendies de grande puissance. Les travaux comprennent la reconstruction de la chaussée de béton de part et d’autre du tunnel.",1425800000,994000000,431800000,,2024-12-01,En réalisation,"Juin 2020
Le gouvernement a autorisé une hausse de 171,6 M$ au coût du projet. Initialement prévu à 1 254,2 M$, le coût est maintenant de 1 425,8 M$ pour l’ensemble du projet. Ainsi, la contribution du Québec passe de 822,4 M$ à 994,0 M$, et celle des partenaires demeure la même, soit 431,8 M$.

Le gouvernement a également autorisé que la date de la mise en service, initialement prévue en novembre 2024, soit reportée à décembre 2024.
Décembre 2019
Le gouvernement a autorisé le projet à l’étape « En réalisation ».

",Ministre des Transports,Ministère des Transports,Ministère des Transports en association avec la Société québécoise des infrastructures,Réseau routier,Économie et environnement,06 – Montréal; 16 – Montérégie,Tunnel Louis-Hippolyte-La Fontaine,"Longueuil
Montréal",Réfection
115,Boulevard Cavendish entre l’autoroute 13 et l’autoroute 15 – Montréal – Bonification,Raccordement des deux sections du boulevard Cavendish à Montréal,"Le projet de la Ville de Montréal vise à construire le lien manquant de 1,5 km entre les deux tronçons actuels du boulevard Cavendish, en permettant une traversée de la gare de triage Saint-Luc du CP et de la gare Taschereau du CN.

Le projet municipal créera un lien dans l’axe nord-sud, entre les autoroutes 13 et 15. En appui aux multiples projets immobiliers dans le secteur, le nouveau lien routier facilitera les déplacements locaux et permettra une amélioration de la desserte en transport collectif.",,,,,,À l'étude,"
",Ministre des Transports,Ville de Montréal,Ville de Montréal,Réseau routier,Économie et environnement,06 – Montréal,Boulevard Cavendish,Montréal,Bonification
117,Pôle logistique – Vaudreuil-Soulanges – Bonification,Faisabilité d’un pôle logistique,"Le projet vise à implanter un grand parc logistique multimodal capable d’attirer les centres de distribution de grandes entreprises et à favoriser le transport des marchandises, et ce, afin de mieux positionner le Québec dans l’axe du corridor de commerce Québec-Ontario et du Mid-Ouest américain.",,,,,,À l'étude,"
",Ministre des Transports,Ministère des Transports,Ministère des Transports,"Transport maritime, aérien, ferroviaire et autres",Économie et environnement,16 – Montérégie,Pôle logistique,Vaudreuil-Soulanges,Bonification
119,Édicule et passerelle piétonnière au pôle multimodal Vendôme – Montréal – Construction,Construction d’un nouvel édicule et d’une passerelle piétonnière au pôle multimodal Vendôme,Le projet consiste en la construction d’un édicule universellement accessible à la station de métro Vendôme et d’un lien piétonnier jusqu’au Centre universitaire de santé McGill.,110300000,110300000,0,,2020-11-30,En réalisation,"Mars 2020
Le ministre des Transports a autorisé que la date de la mise en service, initialement prévue en octobre 2020, soit reportée à novembre 2020.


Avril 2019
Le gouvernement a autorisé la hausse du coût du projet. Initialement prévu à 76,5 M$, le coût est maintenant de 110,3 M$.
De plus, le ministre des Transports a autorisé que la date de la mise en service, initialement prévue en février 2020, soit reportée à octobre 2020.
",Ministre des Transports,Société de transport de Montréal,Société de transport de Montréal,Transport collectif,Économie et environnement,06 – Montréal,Pôle multimodal Vendôme,Montréal,Construction
120,Centre de glaces – Québec – Construction,Construction d’un centre de glaces à Québec,"Le projet consiste en la construction d’une infrastructure couverte qui comprendra un anneau de glace ceinturé d’une piste de course, au centre duquel se trouveront deux surfaces glacées, soit une pour le patinage de vitesse courte piste et le patinage artistique, et l’autre pour un usage polyvalent (ex. : hockey, patinage libre). Les travaux prévoient aussi l’installation de gradins pouvant accueillir environ 2 000 personnes. 
Le Centre de glaces concentrera les sports de glace dans un site central et facile d’accès, en complémentarité avec le Centre sportif de Sainte-Foy. L’anneau de glace permettra d’accueillir des compétitions d’envergure nationale et internationale, en plus d’héberger le centre d’entraînement national Gaétan Boucher.
",68000000,22900000,45100000,,2021-12-31,En réalisation,"Janvier 2020
Le protocole d’entente, entre la ministre des Affaires municipales et de l’Habitation et la Ville de Québec, en cours de signature, prévoit la mise en service en décembre 2021.",Ministre des Affaires municipales et de l'Habitation,Ville de Québec,Ville de Québec,Municipalités,Économie et environnement,03 – Capitale-Nationale,Centre de glaces,Québec,Construction
121,"Réseau ferroviaire, voie de contournement – Lac-Mégantic – Construction",Construction de la voie de contournement de Lac-Mégantic,"Le projet vise la construction d’une voie ferrée contournant le centre-ville de Lac-Mégantic dans les municipalités de Nantes, de Lac-Mégantic et de Frontenac.",,,,,,En planification,"
",Ministre des Transports,Transports Canada,Transports Canada,"Transport maritime, aérien, ferroviaire et autres",Économie et environnement,05 – Estrie,Réseau ferroviaire,Lac-Mégantic,Construction
122,Station d’épuration des eaux usées – Gatineau – Construction et reconstruction,Construction d’une station d’épuration des eaux usées à Gatineau,"Le projet consiste en la réfection de la station d’épuration des eaux usées du secteur Gatineau et de ses équipements. La modernisation des équipements permettra une meilleure gestion de l’entretien. 
Ces actions auront pour effet d’améliorer la qualité de l’eau rejetée dans l’environnement.
",79600000,53100000,26500000,,2025-03-01,En réalisation,"Janvier 2020
Un addenda au protocole d’entente à venir entre, la ministre des Affaires municipales et de l’Habitation et la Ville de Gatineau, comportera des modifications au projet et conséquemment le report de la mise en service initialement, prévue en mars 2020, à mars 2025.
",Ministre des Affaires municipales et de l'Habitation,Ville de Gatineau,Ville de Gatineau,Municipalités,Économie et environnement,07 – Outaouais,Station d’épuration des eaux usées,Gatineau,Construction et reconstruction
125,Palais de justice de Saint-Hyacinthe – Réaménagement,Réaménagement majeur au palais de justice de Saint-Hyacinthe,"Le projet consiste en un réaménagement majeur du palais de justice de Saint-Hyacinthe, qui facilitera l’accessibilité de la population aux services judiciaires.
Il vise à pallier les problèmes de mise aux normes, les besoins d’espace supplémentaire et les nombreuses lacunes fonctionnelles.
Les principaux occupants de l’édifice sont le ministère de la Justice, le ministère de la Sécurité publique et le Directeur des poursuites criminelles et pénales.
",,,,,,En planification,"
",Ministre de la Justice,Ministère de la Justice,Société québécoise des infrastructures,Administration gouvernementale,Gouverne et justice,16 – Montérégie,Palais de justice de Saint-Hyacinthe,Saint-Hyacinthe,Réaménagement
127,Route 389 entre Fire Lake et Fermont – Reconstruction,Réfection de la route 389 entre Fire lake et Fermont - Projet A,"Ce projet s’inscrit dans un vaste programme d’amélioration de la route 389, entre Baie-Comeau et Fermont, qui vise à réaliser les correctifs essentiels à l’optimisation de la sécurité et du confort des usagers et à faciliter l’accès aux ressources et au Nord-du-Québec. Pour le segment de près de 90 kilomètres, entre Fire Lake et Fermont, le projet consiste à construire des tronçons de route supplémentaires et à améliorer une portion du tracé existant.",,,,,,En planification,"
",Ministre des Transports,Ministère des Transports,Ministère des Transports,Réseau routier,Économie et environnement,09 – Côte-Nord,Route 389,"Baie-Comeau
Fermont",Reconstruction
130,Centre d’entretien Pointe-Saint-Charles d’exo – Montréal – Construction,Construction du centre d’entretien pour les trains de banlieue à Pointe-Saint-Charles,Le projet vise à assurer l’entretien du matériel roulant de la ligne de trains de banlieue de Mont-Saint-Hilaire et de Mascouche. Il est devenu nécessaire après que le CN a annoncé qu’il mettrait fin à ce service.,311700000,209100000,102600000,,2021-12-31,En réalisation,"Janvier 2020
Le gouvernement a autorisé la modification de la portée du projet, soit une diminution des besoins d’entretien requise suite la mise en œuvre du projet de Réseau express métropolitain (REM). Initialement prévu à 320,7 M$, le coût est maintenant de 311,7 M$. Ainsi, la contribution du Québec passe de 207,7 M$ à 209,1 M$, et celle des partenaires, de 113 M$ à 102,6 M$.
De plus, le gouvernement a autorisé que la date de fin de la mise en service complète, initialement prévue en décembre 2017, soit reportée à décembre 2021.
",Ministre des Transports,Exo,Exo en association avec la Société québécoise des infrastructures,Transport collectif,Économie et environnement,06 – Montréal,Centre d’entretien Pointe-Saint-Charles d’exo,Montréal,Construction
132,"Université de Montréal, complexe des sciences – Montréal – Construction",Construction du complexe des sciences de l’Université de Montréal,"Le projet consiste en la construction d’un pavillon de deux ailes (une pour l’enseignement et une pour la recherche) sur le site de la gare d’Outremont. 
Cette nouvelle installation, qui vise la certification Or de la norme LEED, abritera divers départements de recherche, notamment pour la chimie, la physique, la géographie et les sciences biologiques. La pluralité des disciplines réunies sous un même toit favorisera les interactions transversales, dans un contexte où l’innovation découle souvent du croisement qui se produit entre de nombreux champs d’études. L’envergure des travaux autorisés est de près de 55 000 m² bruts.
",348300000,145000000,203300000,2019-09-01,2020-05-01,En service,"Mars 2020
Le gouvernement a autorisé la prolongation de l’échéancier du projet de mai à septembre 2019 pour la partie enseignement du complexe et de février à mai 2020 pour la partie recherche. L’aile destinée à l’enseignement a ainsi été mise en service en septembre 2019.",Ministre de l'Enseignement supérieur; Ministre de l'Économie et de l'Innovation,Université de Montréal,Université de Montréal en association avec la Société québécoise des infrastructures,Enseignement supérieur,Éducation et culture,06 – Montréal,Complexe des sciences de l’Université de Montréal,Montréal,Construction
133,Service rapide par bus intégré sur le boulevard Pie-IX entre Montréal et Laval – Aménagement et construction,Implantation d’un service rapide par bus intégré à la requalification de l’axe Pie-IX entre Montréal et Laval,"Le projet de service rapide par bus, dans l’axe du boulevard Pie-IX, vise à permettre à près de 40 000 usagers quotidiens de profiter d’aménagements sécuritaires, efficaces et agréables. Traversant Montréal du nord au sud et reliant l’île à l’est de Laval, le boulevard Pie-IX est l’une des artères les plus achalandées de la métropole. Le projet comprend la construction de près de 13 km de voie réservée (environ 11 km à Montréal et 2 à Laval), d’un stationnement incitatif de 750 places, à Laval, et de 20 stations accessibles aux personnes à mobilité réduite. Il prévoit aussi l’acquisition d’autobus articulés électriques, le tout afin d’offrir un haut niveau de service en transport collectif dans cet axe.",393800000,286000000,107800000,2022-12-01,2023-12-31,En réalisation,"Décembre 2019
Le gouvernement a autorisé la modification de la portée du projet en acceptant le prolongement du tracé, sur environ 1,7 km entre l’avenue Pierre-De Coubertin et la rue Notre-Dame, de même que la construction de trois stations.
De plus, il a autorisé une mise en service progressive, qui débutera en décembre 2022, pour se terminer par une mise en service complète en décembre 2023.
Le coût ajusté du projet sera diffusé à la fin du processus d’appels d’offres.


Juin 2019
Le gouvernement a autorisé l’acquisition d’autobus articulés électriques. De plus, suivant la confirmation d’une participation financière fédérale au projet, les contributions du Québec et des partenaires ont été ajustées. La contribution du Québec passe de 288,4 M$ à 286,0 M$, et celle des partenaires, de 105,4 M$ à 107,8 M$.
",Ministre des Transports,Autorité régionale de transport métropolitain,Société de transport de Montréal en association avec la Société québécoise des infrastructures,Transport collectif,Économie et environnement,06 – Montréal; 13 – Laval,Boulevard Pie-IX,"Montréal
Laval",Aménagement et construction
134,Barrage des Quinze – Laverlochère-Angliers – Maintien,Maintien d’actifs au barrage des Quinze,"Le projet visait à améliorer l’état de la structure du barrage des Quinze et de la route 391, qui passe sur le barrage, et à les moderniser. Il consistait en une réfection majeure du barrage et au remplacement du tablier de la route 391.",110000000,83400000,26600000,,2018-11-01,En service,"Février 2019
Suite à des travaux imprévus qui ont entraîné des dépenses supplémentaires et une prolongation de la durée des travaux. Une hausse de 9,0 M$ au coût du projet a été autorisée. Initialement prévu à 101 M$, le coût est maintenant de 110 M$. De plus, la modification de la date de la mise en service a été autorisée. Initialement prévue en octobre 2018 elle a été reportée à novembre 2018.
",Ministre de l'Environnement et de la Lutte contre les changements climatiques,Ministère de l'Environnement et de la Lutte contre les changements climatiques conjointement avec le ministère des Transports,Ministère de l'Environnement et de la Lutte contre les changements climatiques en association avec la Société québécoise des infrastructures,Environnement,Économie et environnement,08 – Abitibi-Témiscamingue,Barrage des Quinze,Angliers,Maintien
136,Autoroute 85 (Claude-Béchard) entre Saint-Antonin et Saint-Louis-du-Ha! Ha! (phase III) – Construction,Réaménagement de la route 185 entre l’autoroute 20 et la frontière du Nouveau-Brunswick – Phase III,"Le réaménagement de la route 185 en autoroute 85 vise à en améliorer la sécurité et la circulation et à favoriser le tourisme, l’industrie et les échanges commerciaux avec les provinces maritimes. Les travaux en cours permettront d’achever la transformation de la route 185 en une autoroute à quatre voies sur deux chaussées séparées, dont les deux premières phases ont été réalisées en 2011 et en 2015. La phase III concerne le dernier tronçon de près de 40 km, entre Saint-Antonin et Saint-Louis-du-Ha! Ha!, dont les travaux ont commencé à l’automne 2018.",942900000,553200000,389700000,2021-11-01,2025-11-01,En réalisation,"
",Ministre des Transports,Ministère des Transports,Ministère des Transports,Réseau routier,Économie et environnement,01 – Bas-Saint-Laurent,Autoroute 85 (Claude-Béchard),"Saint-Antonin
Saint-Louis-du-Ha! Ha!",Construction
137,"Réseau de train de banlieue d’exo, voitures passagers (type 2000) – Région de Montréal – Remplacement",Acquisition de nouvelles voitures (type 2000) pour le réseau de train de banlieue,Le projet vise à acquérir 24 nouvelles voitures pour les trains de banlieue d’exo.,103200000,74400000,28800000,2021-04-30,2021-10-31,En réalisation,"Mars 2020
Le ministre des Transports a autorisé que la date de début de la mise en service complète, initialement prévue en septembre 2020, soit reportée à avril 2021. Il a aussi autorisé que la de fin de la mise en service complète, initialement prévue en novembre 2020, soit reportée à octobre 2021.
",Ministre des Transports,Exo,Exo,Transport collectif,Économie et environnement,06 – Montréal,Réseau de train de banlieue d’exo,Montréal,Remplacement
138,Établissement de détention Maison Tanguay – Montréal – Agrandissement et réaménagement,Agrandissement et réaménagement de l’établissement de détention Maison Tanguay ou transfert de la clientèle féminine dans un nouvel établissement de détention,"Le projet vise à répondre au besoin relatif à l’hébergement de la population carcérale féminine au Québec, tout en assurant à ces personnes des conditions de détention sécuritaires et conformes aux normes actuelles du ministère de la Sécurité publique. 
Le processus consiste à revoir en profondeur les méthodes d’incarcération des contrevenantes du Québec. Une fois ces réflexions terminées, quelques scénarios immobiliers seront étudiés. Ceux-ci pourraient donner lieu à la mise aux normes de l’établissement actuel, jusqu’à la construction d’un autre établissement de détention.
",,,,,,En planification,"
",Ministre de la Sécurité publique,Ministère de la Sécurité publique,Société québécoise des infrastructures,Administration gouvernementale,Gouverne et justice,06 – Montréal,Établissement de détention Maison Tanguay,Québec,Agrandissement et réaménagement
143,Autoroute 19 entre Laval et Bois-des-Filion – Construction,Prolongement de l’autoroute 19 entre les autoroutes 440 et 640 de Laval à Bois-des-Filion,"Le projet vise à compléter l’autoroute 19 entre les autoroutes 440, à Laval, et 640, à Bois-des-Filion, afin d’améliorer les conditions de déplacement et la sécurité routière, tout en offrant des aménagements performants en transport collectif. Le prolongement de l’autoroute 19 à trois voies par direction, incluant des voies réservées aux autobus, au covoiturage et aux véhicules électriques, comprend notamment un stationnement incitatif et quatre échangeurs.",,,,,,En planification,"
",Ministre des Transports,Ministère des Transports,Ministère des Transports,Réseau routier,Économie et environnement,13 – Laval; 15 – Laurentides,Autoroute 19,Laval Bois-des-Filion,Construction
144,"Université McGill, pavillon Wilson – Montréal – Réfection et réaménagement",Rénovation du pavillon Wilson de l’Université McGill,"Le projet consiste à réaménager l’espace du pavillon Wilson, construit en 1914, afin de le rendre plus fonctionnel et mieux adapté aux besoins de l’École de service social et des autres départements de la faculté qui l’utiliseront. Il vise aussi à combler un déficit d’espace, par l’agrandissement de l’immeuble.",,,,,,En planification,"
",Ministre de l'Enseignement supérieur,Université McGill,Université McGill en association avec la Société québécoise des infrastructures,Enseignement supérieur,Éducation et culture,06 – Montréal,Pavillon Wilson de l’Université McGill,Montréal,Réfection et réaménagement
145,"Hôpital de Fleurimont, centre mère-enfant et service d’urgence – Sherbrooke – Construction",Construction du centre mère-enfant et de l’urgence à l’hôpital de Fleurimont du centre hospitalier universitaire de Sherbrooke,"Le projet consiste à regrouper dans une nouvelle construction, sur le site de l’hôpital Fleurimont, l’ensemble des secteurs qui offrent des soins aux mères et aux enfants ainsi que les services d’urgence. Il viendra répondre à une augmentation importante de la clientèle, à une complexification des pathologies ainsi qu’à l’introduction de technologies médicales, notamment en pédiatrie et en néonatologie. Il répond aussi à un besoin de mise aux normes cliniques et architecturales et à un manque important d’espace sur le site de l’hôpital Fleurimont. L’envergure des travaux autorisés est de 33 635 m² en superficie brute totale. Elle vise un centre mère-enfant et une nouvelle urgence attenante à l’hôpital existant, ainsi qu’un stationnement intérieur et un bâtiment pour les génératrices.",328800000,316800000,12000000,,2024-06-01,En réalisation,"Août 2020
Le gouvernement a autorisé une hausse de 131,1 M$ au coût du projet. Initialement prévu à 197,7 M$, le coût est maintenant de 328,8 M$. Ainsi, la contribution du Québec passe de 179,4 M$ à 316,8 M$ et celle des partenaires demeure à 12,0 M$.
Le gouvernement a également autorisé que la portée du projet soit revue à la hausse de 93 m². Ainsi, la superficie totale de 33 542 m² initialement prévue est augmentée à 33 635 m².
Finalement, le gouvernement a autorisé que la date de la réception avec réserves, initialement prévue en décembre 2020 soit reportée à décembre 2023. La date de mise en service complète, initialement prévue en mai 2021, a également été reportée à juin 2024.
",Ministre de la Santé et des Services sociaux,Centre intégré universitaire de santé et de services sociaux de l'Estrie - Centre hospitalier universitaire de Sherbrooke,Société québécoise des infrastructures,Santé et Services sociaux,Santé et Services sociaux,05 – Estrie,Hôpital de Fleurimont,Sherbrooke,Construction
146,"Route 138, côte Arsène Gagnon – Les Bergeronnes – Reconstruction",Reconstruction de la côte Arsène-Gagnon sur la route 138 à Les Bergeronnes,"Le projet vise à améliorer la sécurité des usagers et la fluidité de la circulation sur ce tronçon de route où l’achalandage de véhicules lourds est de plus en plus important. Le réaménagement, sur une distance totale d’un peu plus de 5 km, consiste à corriger les courbes sous-standards par une géométrie améliorée et à rendre ce tronçon de route conforme aux normes de sécurité actuelles. Il prévoit également une voie auxiliaire pour véhicules lents en direction ouest sur une distance d’environ 2,7 km et une voie d’évitement en direction est, à l’intersection de la route 138 et du chemin du Lac-des-Sables.",83400000,83400000,0,,2024-12-01,En réalisation,"
",Ministre des Transports,Ministère des Transports,Ministère des Transports,Réseau routier,Économie et environnement,09 – Côte-Nord,Route 138,Les Bergeronnes,Reconstruction
147,"Route 169, voie de contournement des quartiers de L’Isle-Maligne et de Delisle – Alma – Construction",Construction d’une voie de contournement du quartier de L’Isle-Maligne à Alma,"L’aménagement d’une route de contournement du secteur de l’entrée nord de la ville d’Alma est devenu nécessaire à la suite de nombreux inconvénients causés par la route 169, qui traverse les quartiers résidentiels de Delisle et de L’Isle-Maligne. Ce nouvel aménagement améliorera la sécurité, la fluidité et la qualité de vie des citoyens par la diminution du volume de circulation, du bruit, des vibrations et de la poussière. Le projet vise la construction d’une route de contournement dans un nouveau corridor sur environ 4,8 km.",84100000,83900000,200000,,2020-12-01,En réalisation,"
",Ministre des Transports,Ministère des Transports,Ministère des Transports,Réseau routier,Économie et environnement,02 – Saguenay–Lac-Saint-Jean,Voie de contournement,Alma,Construction
148,Route Billy-Diamond (Route de la Baie-James) – Nord-du-Québec – Réfection,Réfection de la route de la Baie-James,"Le projet a pour but d’améliorer la sécurité des usagers et d’assurer la pérennité de la route Billy-Diamond. Il consiste principalement à :
– mettre en place une signalisation et des glissières de sécurité conformes aux normes en vigueur afin de favoriser une meilleure visibilité en réduisant la densité de la végétation le long de la route;
– améliorer la surface de roulement pour assurer une conduite plus stable et réduire les risques d’effondrement des ponceaux déficients;
– rehausser la qualité de l’infrastructure routière pour en prolonger la durée de vie;
– remplacer des équipements sur les ponts afin d’assurer une meilleure pérennité des structures.
À terme, les travaux permettront la conservation des liens avec les autres routes de la région, notamment celles qui mènent aux différents sites d’activité économique (centrales hydroélectriques, sites miniers et autres) ainsi qu’aux diverses localités. Grâce à ces travaux, le lien intermodal sera également maintenu, de même que le transport des marchandises dans le Grand Nord ainsi que le seul lien routier qui mène à la baie James.
En vue du respect des nouvelles normes environnementales en vigueur, des ouvrages hydrauliques intermédiaires devront être effectués sur 18 sites de ponceaux multiples qui abritent 51 ponceaux complexes, ce qui a conduit à une hausse de coûts et un report de la fin de la mise en service.",333900000,222700000,111200000,,2026-11-01,En réalisation,"Juin 2020
Le gouvernement a autorisé une hausse de 69,2 M$ au coût du projet initialement prévu à 264,7 M$, le coût autorisé est maintenant de 333,9 M$. Ainsi, la contribution du Québec passe de 153,5 M$ à 222,7 M$ et celle des partenaires demeure à 111,2 M$.

Le gouvernement a également autorisé que la date de la mise en service initialement prévue en novembre 2021 soit reportée de 60 mois, soit à novembre 2026.

Février 2020
Suivant la confirmation d’une participation financière fédérale au projet, les contributions du Québec et des partenaires ont été ajustées. La contribution du Québec passe de 156,4 M$ à 153,5 M$, et celle des partenaires, de 108,3 M$ à 111,2 M$.


Août 2018
Le coût du projet, la contribution du Québec et celle des partenaires, ont été révisés à la suite de l’entente intervenue entre les parties. Le coût initial de 265,0 M$ est revu à 264,7 M$. La contribution du Québec passe de 165,0 M$ à 156,4 M$ et celle des partenaires de 100,0 M$ à 108,3 M$.", Ministre de l'Énergie et des Ressources naturelles,Ministère de l'Énergie et des Ressources naturelles,Société de développement de la Baie James,Développement du territoire nordique,Économie et environnement,10 – Nord-du-Québec,Route de la Baie-James,Nord-du-Québec,Réfection
150,Échangeur de l'autoroute 40 (Félix-Leclerc) et de l’autoroute 73 (Laurentienne) – Québec – Reconstruction,Reconstruction de l'échangeur entre les autoroutes Félix-Leclerc et Laurentienne,"Le projet vise à reconstruire l'échangeur entre les autoroutes Félix-Leclerc et Laurentienne, ainsi que deux ponts d’étagement sur l’autoroute 40, au-dessus de l’autoroute 73. 
Il se terminera en 2018, soit une année plus tôt que prévu initialement, et profitera à l’ensemble des usagers, car il offrira un réseau plus sécuritaire et fonctionnel, qui répondra aux besoins actuels et futurs. La réhabilitation des infrastructures assurera la pérennité du réseau routier dans un secteur névralgique, en plus de faciliter les mouvements de la circulation.",74000000,72800000,1200000,2015-11-01,2019-10-01,En clôture,"Mars 2020
Le ministre des Transports a autorisé le projet à l'étape « En clôture ». 

De plus, il a autorisé une baisse de 13,8 M$ au coût du projet. Initialement prévu à 87,8 M$, le coût est maintenant de 74,0 M$. Ainsi, la contribution du Québec passe de 85,5 M$ à 72,8 M$, et celle des partenaires, de 2,3 M$ à 1,2 M$.

Le projet sera retiré du Tableau de bord lors de la prochaine mise à jour annuelle.
Mars 2019
Le ministre des Transports a autorisé la mise en service du projet.",Ministre des Transports,Ministère des Transports,Ministère des Transports,Réseau routier,Économie et environnement,03 – Capitale-Nationale,Échangeur de l'autoroute 40 et de l’autoroute 73,Québec,Reconstruction
151,Hôpital de Lachine – Montréal – Agrandissement et réaménagement,Redéploiement du campus de l’hôpital de Lachine,"Le projet vise la modernisation des secteurs ambulatoires (consultation externe, médecine de jour, centre de prélèvements et endoscopie) et critiques (bloc opératoire, urgence et unités de soins intensifs) ainsi que l’hospitalisation (unités de soins médicaux, de chirurgie et de soins palliatifs).
L’option immobilière proposée comporte principalement la construction d’un pavillon et la rénovation ponctuelle de certains locaux du bâtiment existant.
",95000000,95000000,0,,2023-04-30,En réalisation,"
",Ministre de la Santé et des Services sociaux,Centre universitaire de santé McGill,Société québécoise des infrastructures,Santé et Services sociaux,Santé et Services sociaux,06 – Montréal,Hôpital de Lachine,Montréal,Agrandissement et réaménagement
152,"Pont de Québec entre Québec et Lévis, tablier – Reconstruction",Pont de Québec – Remplacement du tablier,Le projet consiste au remplacement du tablier du pont. Ces travaux permettront de maintenir la pleine fonctionnalité de ce lien interrives emprunté par environ 30 000 véhicules quotidiennement.,,,,,,En planification,"Juin 2019
Le gouvernement a autorisé le projet à l’étape « En planification ».",Ministre des Transports,Ministère des Transports,Ministère des Transports,Réseau routier,Économie et environnement,03 – Capitale-Nationale; 12 – Chaudière-Appalaches,Tablier du Pont de Québec,Québec Lévis,Reconstruction
154,Gare maritime et jetée Alexandra – Montréal – Agrandissement et réfection,Réhabilitation de la gare maritime et de la jetée Alexandra dans le secteur du Vieux-Montréal et du Vieux-Port,"Le projet consiste en la construction d’une nouvelle gare maritime, d’une tour d’observation, d’un centre d’interprétation en plus de l’aménagement de terrasses vertes et d’une esplanade.
Le projet vise à réhabiliter, à des fins touristiques, les infrastructures d’accueil existantes des croisières internationales situées dans le secteur du Vieux-Port de Montréal, zone touristique par laquelle transitent annuellement des dizaines de millions de visiteurs. 
Le projet, géré par l’Administration portuaire de Montréal, s’inscrit dans le cadre des legs du gouvernement du Québec pour le 375e anniversaire de la Ville de Montréal.",78000000,20000000,58000000,2017-05-01,2021-03-31,En réalisation,"
",Ministre du Tourisme,Administration portuaire de Montréal,Administration portuaire de Montréal,Tourisme et activités récréatives,Économie et environnement,06 – Montréal,Vieux-Port de Montréal,Montréal,Agrandissement et réfection
155,Route 138 entre Kegaska et La Romaine – Construction,Prolongement de la route 138 – Tronçon Kegaska – La Romaine,"Le prolongement de la route 138 vise à relier les communautés du Golfe-du-Saint-Laurent entre elles et avec le reste du Québec. Avec le désenclavement des communautés par voie routière, la population aura un meilleur accès aux services et aux commerces. Grâce à l’achèvement des 40 kilomètres de voie de circulation, entre Kegaska et La Romaine, celle-ci sera désormais reliée à l’ensemble du réseau routier québécois.",,,,,,En planification,"Août 2018
Le gouvernement a autorisé le projet à l’étape « En planification ».
",Ministre des Transports,Ministère des Transports,Ministère des Transports,Réseau routier,Économie et environnement,09 – Côte-Nord,Route 138,"Kegaska
La Romaine",Construction
156,Route 138 entre La Tabatière et Tête-à-la-Baleine – Construction,Prolongement de la route 138 – Tronçon La Tabatière –Tête-à-la-Baleine,"Le prolongement de la route 138 vise à relier les communautés du Golfe-du-Saint-Laurent entre elles et avec le reste du Québec. Le projet consiste à poursuivre la construction du tronçon, déjà amorcée, entre La Tabatière et Tête-à-la-Baleine.
Avec le désenclavement des communautés par voie routière, la population aura un meilleur accès aux services et aux commerces. Grâce à la construction d’environ 30 kilomètres de voie de circulation et d’un pont au-dessus de la rivière du Gros Mécatina, la route 138 reliera les communautés de Tête-à-la-Baleine et de La Tabatière. 
",,,,,,En planification,"Août 2018
Le gouvernement a autorisé le projet à l’étape « En planification ».
",Ministre des Transports,Ministère des Transports,Ministère des Transports,Réseau routier,Économie et environnement,09 – Côte-Nord,Route 138,La Tabatière et Tête-à-la-Baleine,Construction
157,Palais des congrès de Montréal – Bonification,Agrandissement du Palais des congrès de Montréal,"Le projet consiste en un recouvrement partiel de l’autoroute Ville-Marie en vue d’un agrandissement du Palais des congrès de Montréal. Il s’agit d’augmenter la superficie d’exposition contigüe sur un même étage, qui passerait de 19 000 m² à 30 000 m². La superficie totale du bâtiment passerait ainsi d’un peu moins de 31 000 m² à un peu plus de 49 000 m². Avec cet agrandissement, l’établissement se hissera du troisième au premier rang canadien en espace contigu d’exposition, ce qui permettra à la Société du Palais des congrès de Montréal de demeurer compétitive et de continuer sa croissance dans un marché hautement concurrentiel.",,,,,,À l'étude,"
",Ministre du Tourisme,Société du Palais des congrès de Montréal,Société québécoise des infrastructures,Tourisme et activités récréatives,Économie et environnement,06 – Montréal,Palais des congrès de Montréal,Montréal,Bonification
162,Pont de l’Île-aux-Tourtes entre Vaudreuil-Dorion et Senneville – Maintien,Maintien d’actifs sur le pont de l’Île-aux-Tourtes,"Construit en 1965, le pont de l’Île-aux-Tourtes permet de faire le lien, dans l’axe de l’autoroute Félix-Leclerc (autoroute 40), entre l’île de Montréal et la ville de Vaudreuil-Dorion en franchissant le lac des Deux-Montagnes. Le pont requiert une intervention majeure. Les travaux visent à maintenir l’infrastructure en service et sécuritaire jusqu’à la réalisation du projet majeur.",264200000,264200000,0,,,En réalisation,"Mars 2020
Le ministre des Transports a autorisé une hausse de 129,9 M$ au coût du projet. Initialement prévu à 134,3 M$, le coût est maintenant de 264,2 M$. Ainsi, la contribution du Québec passe de 134,3 M $ à 264,2 M$.",Ministre des Transports,Ministère des Transports,Ministère des Transports,Réseau routier,Économie et environnement,06 – Montréal; 16 – Montérégie,Pont de l’Île-aux-Tourtes,Montréal et Vaudreuil-Dorion,Maintien
164,Oratoire Saint-Joseph – Montréal – Construction et réaménagement,Mise en valeur de l’Oratoire Saint-Joseph,"Le projet consiste en la construction d’un pavillon d’accueil, la restauration du carillon et l’aménagement de la Place de la Sainte-Famille, la reconfiguration du jardin monumental et la remise en lumière du site ainsi qu’en la rénovation du musée et l’aménagement d’un centre d’interprétation dans l’entre-dôme de la basilique. 
Le projet vise à rendre les structures d’accueil et de services aux visiteurs de l’Oratoire Saint-Joseph du Mont-Royal plus fonctionnels et plus sécuritaires, tout en lui permettant de développer son plein potentiel touristique. 
Le projet est un des legs du gouvernement du Québec pour le 375e anniversaire de la Ville de Montréal.
",79200000,30800000,48400000,2021-12-01,2022-12-31,En réalisation,"Janvier 2020
La ministre des Affaires municipales et de l’Habitation a autorisé que la date de début de la mise en service initialement prévue en décembre 2020 soit reportée à décembre 2021. Toutefois, la date de la mise en service complète demeure en décembre 2022.",Ministre des Affaires municipales et de l'Habitation,Oratoire Saint-Joseph du Mont-Royal,Oratoire Saint-Joseph du Mont-Royal,Municipalités,Économie et environnement,06 – Montréal,Oratoire Saint-Joseph,Montréal,Construction et réaménagement
165,Promenade Samuel-De Champlain (phase III) – Québec – Construction,Aménagement de la promenade Samuel-De Champlain – Phase III,"Le projet consiste au prolongement, sur une distance d’environ 2,5 km, de la promenade Samuel-De Champlain, soit de la côte de Sillery jusqu’à la côte Gilmour. Il inclut notamment le réaménagement complet du boulevard Champlain, le déplacement du corridor ferroviaire en bordure de la falaise, ainsi que la démolition puis la reconstruction d’un pont d’étagement. La station de la Plage sera au cœur du projet et comprendra une plage, un bassin de baignade et un miroir d’eau.",193300000,181700000,11600000,2022-12-31,2023-06-30,En réalisation,"Avril 2020
Le gouvernement a autorisé une hausse du coût du projet de 22,2 M$ qui fait passer le coût du projet de 171,1 M$ à 193,3 M$.  Ainsi, la contribution du Québec initialement à 159,5M$ est maintenant de 181,7 M$ et celle des partenaires demeure inchangée. 

Le gouvernement a également autorisé que la mise en service soit maintenant progressive, se débutant en décembre 2022 et se terminant en juin 2023 en remplacement d’une mise en service complète en janvier 2022 comme initialement prévue.
Juillet 2018
La Commission de la capitale nationale du Québec a mandaté la Société québécoise des infrastructures à titre de gestionnaire de projet.",Ministre responsable de la région de la Capitale-Nationale,Commission de la capitale nationale du Québec,Société québécoise des infrastructures,Tourisme et activités récréatives,Économie et environnement,03 – Capitale-Nationale,Promenade Samuel-De Champlain,Québec,Construction
166,Pont de la route 138 au-dessus de la rivière Batiscan – Batiscan – Reconstruction,Réfection de la structure de la route 138 au-dessus de la rivière Batiscan,"Construit en 1921, le pont de la route 138 au-dessus de la rivière Batiscan, à Batiscan, a atteint sa durée de vie utile. Le projet consiste en la reconstruction complète de la structure.",,,,,,En planification,"
",Ministre des Transports,Ministère des Transports,Ministère des Transports,Réseau routier,Économie et environnement,04 – Mauricie,Pont de la route 138,Batiscan,Reconstruction
167,Parc Jean-Drapeau – Montréal – Construction et réaménagement,Aménagement du parc Jean-Drapeau,"Le projet consiste à réaménager la portion ouest de l’île Sainte-Hélène située au cœur du parc Jean-Drapeau, ainsi qu’en la mise en valeur de son patrimoine naturel et paysager. Les principaux travaux financés par le gouvernement du Québec incluent l’aménagement d’une petite agora naturelle et d’un village événementiel, le réaménagement de l’Allée Calder Est Ouest, le réaménagement de la Promenade panoramique et la construction d’un nouveau pavillon de services dans le but de bonifier l’offre récréotouristique tout au cours de l’année.

Le projet est un des legs du gouvernement du Québec pour le 375e anniversaire de la Ville de Montréal.
",82000000,35000000,47000000,2019-05-15,2019-12-31,En service,"Janvier 2020
La ministre des Affaires municipales a autorisé la mise en service du projet.

Le protocole d’entente entre la ministre des Affaires municipales et de l’Habitation et la Ville de Montréal, a été signé en décembre 2019.


Mars 2019
Le protocole d’entente entre le ministre des Affaires municipales et de l’Habitation et la Ville de Montréal, en cours de signature, prévoit la mise en service complète en décembre 2019.

",Ministre des Affaires municipales et de l'Habitation,Ville de Montréal,Société Parc Jean-Drapeau,Municipalités,Économie et environnement,06 – Montréal,Parc Jean-Drapeau,Montréal,Construction et réaménagement
168,Pont Pierre-Laporte entre Québec et Lévis – Réfection,"Travaux de réparation de la charpente, de métallisation et de peinture sur le pont Pierre-Laporte – Phase II","Le projet vise à remettre à niveau le revêtement de protection des éléments en acier du tablier et ainsi assurer la pérennité du pont, construit en 1970. Le pont Pierre-Laporte est situé dans un secteur névralgique de la Capitale-Nationale.",79000000,79000000,0,,2024-03-31,En réalisation,"Mars 2020
Le ministre des Transports a autorisé le projet à l’étape « En réalisation ».",Ministre des Transports,Ministère des Transports,Ministère des Transports,Réseau routier,Économie et environnement,03 – Capitale-Nationale; 12 – Chaudière-Appalaches,Pont Pierre-Laporte ,Québec et Lévis,Réfection
169,"Pont Laviolette entre Trois-Rivières et Bécancour, dalle – Réfection",Réfection de la dalle du pont Laviolette à Trois-Rivières,Le projet consiste au remplacement de la dalle de la partie centrale du pont Laviolette par des éléments préfabriqués. Ces travaux permettront de maintenir la pleine fonctionnalité du pont qui enjambe le fleuve Saint-Laurent à la hauteur des villes de Trois-Rivières et de Bécancour.,,,,,,En planification,"Mars 2019
Le gouvernement a autorisé le projet à l’étape « En planification ».",Ministre des Transports,Ministère des Transports,Ministère des Transports,Réseau routier,Économie et environnement,04 – Mauricie; 17 – Centre-du-Québec,Pont Laviolette,Trois-Rivières et Bécancour,Réfection
170,Complexe scientifique de l’Institut nordique du Québec – Québec – Construction,Construction du Complexe scientifique de l’Institut nordique du Québec,"Le projet consiste en la construction de quatre composantes, dont un pavillon principal de recherche sur le campus de l’Université Laval, d’une superficie approximative de 11 000 m². Ce bâtiment constituera un carrefour pour plusieurs centres québécois d’excellence nordique. Il hébergera différentes équipes permanentes de recherche rassemblant ainsi une grande variété de disciplines scientifiques incluant les sciences naturelles, de la santé et du génie ainsi que les sciences sociales et humaines.
Le complexe comprendra des installations spécialisées, telles que des laboratoires, des entrepôts et des ateliers d’innovation technologique et de préparation des missions nordiques en milieux terrestres et marins.
",,,,,,En planification,"
",Ministre de l'Énergie et des Ressources naturelles; Ministre de l'Enseignement supérieur,Université Laval,Université Laval en association avec la Société québécoise des infrastructures,Développement du territoire nordique,Économie et environnement, 03 – Capitale-Nationale; 06 – Montréal; 10 – Nord-du-Québec,Complexe scientifique de l’Institut nordique du Québec,Québec,Construction
171,"Métro de Montréal, programme Réno-Systèmes (phase V) – Maintien et bonification",Programme Réno-Systèmes – Phase V – Métro de Montréal,"Le programme Réno-Systèmes vise le remplacement, la construction ou la remise à neuf d’équipements fixes directement liés à l’exploitation. Les catégories concernées sont les installations motorisées (ventilation, ascenseurs), les équipements de voie, l’équipement d’énergie d’exploitation et de contrôle des trains ainsi que les systèmes de télécommunication et de contrôle des procédés d’exploitation.",,,,,,En planification,"
",Ministre des Transports,Société de transport de Montréal,Société de transport de Montréal,Transport collectif,Économie et environnement,06 – Montréal,Métro de Montréal,Montréal,Maintien et bonification
172,"Métro de Montréal, programme Réno-Systèmes (phase IV) – Maintien et bonification",Programme Réno-Systèmes – Phase IV – Métro de Montréal,"Le programme Réno-Systèmes vise le remplacement, la construction ou la remise à neuf d’équipements fixes directement liés à l’exploitation du métro. Les catégories concernées sont les installations motorisées (ventilation et ascenseurs), les équipements de voie, l’équipement d’énergie d’exploitation et de contrôle des trains ainsi que les systèmes de télécommunication et de contrôle des procédés d’exploitation.",570000000,394100000,175900000,2018-02-01,2024-10-31,En réalisation,"Mars 2020
Le ministre des Transports a autorisé que la date de fin de la mise en service complète, initialement prévue en décembre 2022, soit reportée à octobre 2024.",Ministre des Transports,Société de transport de Montréal,Société de transport de Montréal,Transport collectif,Économie et environnement,06 – Montréal,Métro de Montréal,Montréal,Maintien et bonification
173,"Métro de Montréal, programme Réno-Infrastructures (phase III) – Maintien et bonification",Programme Réno-Infrastructures – Phase III – Métro de Montréal,"Le programme Réno-Infrastructures concerne le remplacement ou la réfection d’infrastructures du métro en fin de vie utile. Ce programme vise à maintenir la fiabilité, l’état, la disponibilité et la sécurité du réseau du métro tout en réduisant le déficit de maintien d’actifs.",,,,,,En planification,"
",Ministre des Transports,Société de transport de Montréal,Société de transport de Montréal,Transport collectif,Économie et environnement,06 – Montréal,Métro de Montréal,Montréal,Maintien et bonification
174,"Métro de Montréal, programme Réno-Infrastructures (phase II) – Maintien et bonification",Programme Réno-Infrastructures – Phase II – Métro de Montréal,"Le programme Réno-Infrastructures concerne le remplacement ou la réfection d’infrastructures du métro en fin de vie utile. Ce programme vise à maintenir la fiabilité, l’état, la disponibilité et la sécurité du réseau du métro tout en réduisant le déficit de maintien d’actifs.",300000000,211800000,88200000,2017-11-01,2023-12-01,En réalisation,"
",Ministre des Transports,Société de transport de Montréal,Société de transport de Montréal,Transport collectif,Économie et environnement,06 – Montréal,Métro de Montréal,Montréal,Maintien et bonification
175,Garage Côte-Vertu de la STM – Montréal – Construction,Construction d’un garage souterrain à la station de métro Côte-Vertu,"Le projet consiste en la construction d’un garage souterrain et d’un tunnel de raccordement à l’arrière-gare de la station Côte-Vertu, ce qui permettra d’héberger dix trains supplémentaires sur le réseau du métro et d’améliorer l’exploitation de la ligne orange.",521100000,327300000,193800000,,2022-03-01,En réalisation,"Septembre 2020
Une hausse de 81,8 M$ au coût du projet a été autorisée. Initialement prévu à 439,3 M$, le coût est maintenant de 521,1 M$. Ainsi, la contribution du Québec passe de 260,7 M$ à 327,3 M$, et celle des partenaires, de 178,6 M$ à 193,8 M$.

De plus, la modification de la date de la mise en service a été autorisée. Initialement prévue en septembre 2020, elle est reportée à mars 2022.

Mars 2019
Le gouvernement a autorisé que la contribution du Québec et celle des partenaires soient révisées. La contribution du Québec passe de 267,4 M$ à 260,7 M$, et celle des partenaires, de 171,9 M$ à 178,5 M$.",Ministre des Transports,Société de transport de Montréal,Société de transport de Montréal,Transport collectif,Économie et environnement,06 – Montréal,Métro de Montréal,Montréal,Construction
176,"Métro de Montréal, voitures de métro MR-73 – Maintien et bonification",Prolongement de la vie utile des voitures de métro MR-73,Le projet consiste à prolonger la vie utile des voitures de métro MR-73 jusqu’à 60 ans tout en assurant la fiabilité et la disponibilité des équipements.,69000000,50200000,18800000,2013-09-01,2022-12-01,En réalisation,"Mars 2020
Le ministre des Transports a autorisé que la date de fin de la mise en service complète, initialement prévue en décembre 2020, soit reportée à décembre 2022.

Mars 2019
Le ministre des Transports a autorisé que la contribution du Québec et celle des partenaires soient révisées. La contribution du Québec passe de 48,5 M$ à 50,2 M$ et celle des partenaires de 20,5 M$ à 18,8 M$.",Ministre des Transports,Société de transport de Montréal,Société de transport de Montréal,Transport collectif,Économie et environnement,06 – Montréal,Métro de Montréal,Montréal,Réfection
177,"Hôpital de Rouyn-Noranda, radiothérapie – Agrandissement",Implantation d’un service de radiothérapie à l’hôpital de Rouyn-Noranda,"Le projet consiste à déployer un centre intégré de cancérologie au pavillon Lemay-Juteau de l’hôpital de Rouyn-Noranda. Ce centre aura une superficie brute totale d’environ 3 400 m².
Il comprendra, entre autres, un accélérateur linéaire, deux voûtes, un tomodensitomètre ainsi que tous les services reliés au traitement du cancer. 
",49900000,49900000,0,2021-04-01,2021-06-30,En réalisation,"Mars 2020
La ministre de la Santé et des Services sociaux a autorisé le projet à l’étape « En réalisation ».",Ministre de la Santé et des Services sociaux,Centre intégré de santé et de services sociaux de l'Abitibi-Témiscamingue,Société québécoise des infrastructures,Santé et Services sociaux,Santé et Services sociaux,08 – Abitibi-Témiscamingue,Hôpital de Rouyn-Noranda,Rouyn-Noranda,Agrandissement
178,Échangeur de l’autoroute 20 et de la route 171 – Lévis – Réaménagement,Réaménagement de l’échangeur de l’autoroute 20 et de la route 171 (route Lagueux) à Lévis,"Le projet de réaménagement de l’échangeur 305 (route 171 – route Lagueux) de l’autoroute 20, à Lévis, consiste essentiellement en l’élargissement de la route 171 (route Lagueux) sur environ 1,5 km. Il inclut également la reconstruction de structures, le réaménagement de bretelles et l’élargissement du chemin Olivier. Le projet vise à améliorer la sécurité des usagers et la fluidité de la circulation.",49100000,49100000,0,2019-12-01,2020-09-01,En réalisation,"
",Ministre des Transports,Ministère des Transports,Ministère des Transports,Réseau routier,Économie et environnement,12 – Chaudière-Appalaches,Échangeur de l’autoroute 20 et de la route 171 (route Lagueux),Lévis,Réaménagement
179,Échangeur de l’autoroute 20 et de la route 173 – Lévis – Réfection et réaménagement,Réaménagement de l’échangeur de l’autoroute 20 et de la route 173 à Lévis,Le projet vise la reconfiguration de l’échangeur de l’autoroute 20 et de la route 173 afin d’augmenter sa capacité et d’éliminer les files d’attente sur l’autoroute 20. Les interventions ont comme objectif l’amélioration de la fluidité et de la sécurité dans le secteur.,,,,,,En planification,"Mars 2020
Le ministre des Transports a autorisé le projet à l’étape « En planification ».
",Ministre des Transports,Ministère des Transports,Ministère des Transports,Réseau routier,Économie et environnement,12 – Chaudière-Appalaches,Échangeur de l’autoroute 20 et de la route 173,Lévis,Réfection et réaménagement
180,Théâtre Le Diamant – Québec – Construction,Construction et aménagement de la salle de diffusion Le Diamant à Québec,"L'initiative de théâtre Le Diamant a consisté en la construction d’une salle de spectacles à géométrie variable, qui peut accueillir jusqu’à 625 personnes.
Elle a permis l’aménagement d’un lieu de diffusion contemporain de classe mondiale, destiné à la présentation de créations québécoises et internationales. 
La nouvelle salle inclut l’aménagement de sections publiques et privées en soutien aux activités de diffusion et de production.",62000000,31900000,30100000,,2019-09-30,En clôture,"Mars 2020
La ministre de la Culture et des Communications a autorisé le projet à l'étape « En clôture ».

Le projet sera retiré du Tableau de bord lors de la prochaine mise à jour annuelle.
Septembre 2019
La ministre de la Culture et des Communications a autorisé la mise en service du projet.
Le gouvernement a autorisé une hausse de 5 M$ au coût du projet. Initialement prévu à 57 M$, le coût est maintenant de 62,0 M$. Ainsi la contribution du Québec passe de 30 M$ à 31,9 M$ et celle des partenaires de 27 M$ à 30,1 M$.",Ministre de la Culture et des Communications,Théâtre le Diamant,Théâtre le Diamant,Culture,Éducation et culture,03 – Capitale-Nationale,Théâtre Le Diamant,Québec,Construction
181,Réseau structurant de transport en commun de la Ville de Québec – Construction,Implantation d’un nouveau système de transport collectif structurant à Québec,"Le projet de réseau structurant de transport en commun de la ville de Québec vise à mettre en place un réseau qui favorisera une mobilité durable des citoyennes et citoyens, qui encouragera le transfert modal, qui répondra à la demande à long terme et qui pourra s’insérer dans le milieu urbain. Les grandes composantes du réseau structurant sont le tramway, le trambus et des infrastructures spécialisées.",,,,,,En planification,"
",Ministre des Transports,Ville de Québec,Ville de Québec,Transport collectif,Économie et environnement,03 – Capitale-Nationale,Transport collectif,Québec,Construction
182,Centre d’exploitation du RTL – Longueuil (arrondissement Saint-Hubert) – Réfection,Réfection majeure du centre d’exploitation du Réseau de transport de Longueuil à Saint-Hubert,"Le projet vise à assurer le maintien du service, à moderniser et à optimiser le centre d’exploitation du Réseau de transport de Longueuil. La première phase du projet a pour objectif de corriger des déficiences urgentes, tandis que la deuxième phase vise à moderniser le centre d’exploitation.",,,,,,En planification,"
",Ministre des Transports,Réseau de transport de Longueuil,Réseau de transport de Longueuil,Transport collectif,Économie et environnement,16 – Montérégie,Centre d’exploitation du Réseau de transport de Longueuil,Longueuil,Réfection
183,Complexe Crémazie de la STM – Montréal – Reconstruction,Reconstruction du complexe Crémazie pour autobus de la Société de transport de Montréal,"Le projet vise la construction d’un édifice en remplacement du complexe Crémazie existant. Ce nouveau bâtiment comprend un atelier destiné principalement aux activités d’entretien mécanique majeur, de fabrication, de réusinage de pièces et de formation.",256600000,91300000,165300000,,2022-12-31,En service,"Mars 2020
Le ministre des Transports a autorisé la mise en service du projet.


Mars 2019
Le ministre des Transports a autorisé le projet à l’étape « En réalisation ».
",Ministre des Transports,Société de transport de Montréal,Société de transport de Montréal,Transport collectif,Économie et environnement,06 – Montréal,Complexe Crémazie de la Société de transport de Montréal,Montréal,Reconstruction
184,Avenue Souligny entre les rues Dickson et Notre-Dame (port de Montréal) – Réfection ,Amélioration de l’accès au port de Montréal dans l’axe du boulevard de l’Assomption,"Le projet vise à raccorder l’extrémité ouest de l’avenue Souligny à un nouvel accès au port de Montréal, situé à proximité de la rue Notre-Dame, afin de faciliter le transport des marchandises en reliant plus directement le port au réseau routier supérieur (autoroute 25), pour ainsi diminuer le transit de camions sur la rue Notre-Dame. Il permettra également de désenclaver plusieurs terrains à vocation industrielle.",,,,,,En planification,"
",Ministre des Transports,Ministère des Transports,Ministère des Transports,Réseau routier,Économie et environnement,06 – Montréal,Boulevard de l’Assomption,Montréal,Réfection
185,"École de technologie supérieure, pavillon D – Montréal – Construction",Construction d’un pavillon de l’École de technologie supérieure,"Le projet vise la construction d’un pavillon qui accueillera le superordinateur de Calcul Québec et qui libérera certains des locaux légers qui se trouvent présentement dans le pavillon principal, ce qui augmentera le nombre et la qualité des laboratoires de recherche en génie dans l’établissement.",53900000,16200000,37700000,,2019-06-30,En service,"Mars 2020
Le ministre de l’Économie et de l’Innovation a autorisé la mise en service du projet.",Ministre de l'Économie et de l'Innovation,École de technologie supérieure,École de technologie supérieure,Recherche,Économie et environnement,06 – Montréal,École de technologie supérieure,Montréal,Construction
186,"Université Concordia, pavillon des sciences appliquées du campus Loyola – Montréal – Agrandissement",Agrandissement du pavillon des sciences appliquées du campus Loyola de l’Université Concordia,"Le projet d’incubateur des sciences appliquées consiste à agrandir le pavillon des sciences de l’Université Concordia pour y établir un espace qui sera réservé aux infrastructures de recherche liées à des activités ayant un fort potentiel commercial pour des partenaires industriels actuels et futurs.
Cela répond aussi à une demande émergente pour des activités de recherche à la croisée de nombreuses disciplines de pointe telles que l’étude et l’exploitation des nanomatériaux, la biologie de synthèse, la biotransformation et la chimie environnementale. 
La nouvelle construction se dressera sur quatre étages et deux niveaux de sous-sol et sera reliée au pavillon des sciences par un passage souterrain et des passerelles aux 3e et 4e étages. L’envergure des travaux est d’un peu moins de 9 000 m² bruts.
",62600000,16100000,46500000,,2020-04-30,En réalisation,"Janvier 2020
Le ministre de l’Éducation et de l’Enseignement supérieur a autorisé que la date de la mise en service, prévue en janvier 2020, soit reportée à avril 2020.


Novembre 2019
Le ministre de l’Éducation et de l’Enseignement supérieur a autorisé une hausse de 2,7 M$ au coût du projet. Prévu à 59,9 M$, le coût est maintenant de 62,6 M$. La contribution du Québec demeure à 16,1 M$, et celle des partenaires passe de 43,8 M$ à 46,5 M$.
De plus, il a autorisé que la date de la mise en service, prévue en septembre 2019, soit reportée à janvier 2020.


Juin 2019
Le gouvernement a autorisé une hausse de 7,1 M$ au coût du projet. Initialement prévu à 52,8 M$, le coût est maintenant de 59,9 M$. Ainsi, la contribution du Québec demeure à 16,1 M$, et celle des partenaires passe de 36,7 M$ à 43,8 M$.


Mars 2019
Le ministre de l’Éducation et de l’Enseignement supérieur a autorisé que la date de la mise en service, initialement prévue en mai 2018, soit reportée à septembre 2019.
",Ministre de l'Enseignement supérieur,Université Concordia,Université Concordia,Enseignement supérieur,Éducation et culture,06 – Montréal,Pavillon des sciences appliquées du campus Loyola de l’Université Concordia,Montréal,Agrandissement
187,"Échangeur de l’autoroute 13 et de l’autoroute 40, diverses structures – Montréal – Réfection et reconstruction",Réfection de l’échangeur entre les autoroutes 13 et 40,Le projet vise à maintenir les infrastructures en bon état. Le projet consiste en la reconstruction d’un pont d’étagement et au maintien d’actifs de structures à proximité de l’échangeur.,86700000,86700000,0,,2021-12-01,En réalisation,"Mars 2020
Le ministre des Transports a autorisé une hausse de 19,4 M$ au coût du projet. Initialement prévu à 67,3 M$, le coût est maintenant de 86,7 M$. Ainsi, la contribution du Québec passe de 67,3 M$ à 86,7 M$.
",Ministre des Transports,Ministère des Transports,Ministère des Transports,Réseau routier,Économie et environnement,06 – Montréal,Échangeur entre les autoroutes 13 et 40,Montréal,Réfection et reconstruction
189,Pont Vachon (autoroute 13) entre Laval et Boisbriand – Réfection,Réfection du pont Vachon entre Laval et Boisbriand,"Construit en 1972, le pont est en bon état, mais la dalle montre des signes de dégradation. Une étude d’opportunité permettra de déterminer l’intervention la plus appropriée.",,,,,,En planification,"
",Ministre des Transports,Ministère des Transports,Ministère des Transports,Réseau routier,Économie et environnement,13 – Laval; 15 – Laurentides,Pont Vachon, Laval et Boisbriand,Réfection
190,"Usine Atwater, prise d’eau potable – Montréal – Reconstruction",Relocalisation de la prise d’eau et recouvrement d’une partie du canal de l’aqueduc à l’usine Atwater à Montréal,"Le projet consiste en la construction d’une canalisation en tunnel pour alimenter l’usine de production d’eau potable Atwater, afin d’éviter les risques de contamination de la source d’eau. Il s’agit de remplacer le tronçon à ciel ouvert du canal de l’aqueduc par une canalisation souterraine de grand diamètre sur environ 900 mètres de longueur.
Au terme de ces travaux, la source d’eau de l’usine Atwater sera protégée de façon permanente.
",72100000,59800000,12300000,,2020-12-31,En réalisation,"Janvier 2020
Un addenda au protocole d’entente, intervenu entre la ministre des Affaires municipales et de l’Habitation et la Ville de Montréal, a été signé, en décembre 2019 reportant la date mise en service, initialement prévue en décembre 2019, à décembre 2020.


Novembre 2018
Un addenda au protocole d’entente, intervenu entre la ministre des Affaires municipales et de l’Habitation et la Ville de Montréal, a été signé, ce qui reportant la date mise en service, initialement prévue en septembre 2018, à décembre 2019.
",Ministre des Affaires municipales et de l'Habitation,Ville de Montréal,Ville de Montréal,Municipalités,Économie et environnement,06 – Montréal,Usine Atwater,Montréal,Reconstruction
191,"Métro de Montréal, programme Accessibilité des stations (phase I) – Bonification",Programme Accessibilité des stations de métro – Phase I,Le programme vise l’amélioration de l’accessibilité des stations de métro grâce à la construction des ascenseurs.,279000000,205000000,74000000,2019-11-01,2023-12-01,En réalisation,"Mars 2020
Le ministre des Transports a autorisé une hausse de 69,3 M$ au coût du projet. Initialement prévu à 209,7 M$, le coût est maintenant de 279,0 M$. Ainsi, la contribution du Québec passe de 153,0 M$ à 205,0 et celle des partenaires de 56,7 M $ à 74,0 M$.

Le ministre des Transports a autorisé que la date de début de la mise en service complète, initialement prévue en juin 2019, soit reportée à novembre 2019. Il a aussi autorisé que la date de fin de la mise en service initialement prévue en décembre 2022 soit reportée à décembre 2023.",Ministre des Transports,Société de transport de Montréal,Société de transport de Montréal,Transport collectif,Économie et environnement,06 – Montréal,Métro de Montréal,Montréal,Bonification
192,Projet structurant de transport collectif électrique entre l’ouest de Gatineau et le centre-ville d’Ottawa – Bonification,Implantation d’un nouveau système de transport collectif dans le sud-ouest de Gatineau,"Le projet vise à mettre en place un service de transport collectif électrique structurant dans le secteur ouest de la ville de Gatineau. Il favorisera la mobilité durable ainsi qu’un arrimage optimal des réseaux de transport collectif de la région métropolitaine Gatineau–Ottawa. Le projet permettra de répondre aux besoins présents et futurs des citoyens, tout en offrant un service fiable, performant et concurrentiel.",,,,,,À l'étude,"
",Ministre des Transports,Société de transport de l'Outaouais,Société de transport de l'Outaouais,Transport collectif,Économie et environnement,07 – Outaouais,Transport collectif électrique,Gatineau,Bonification
193,Tunnel Dorval (autoroute 13) entre Montréal et Dorval – Réfection,Enlèvement des paralumes et réfection de l’éclairage dans le tunnel Dorval à Montréal,"Le projet consiste notamment à l’enlèvement d’une partie des paralumes, à la modification de l’éclairage aux entrée et sortie du tunnel et au recouvrement d’une section de l’autoroute.",,,,,,En planification,"
",Ministre des Transports,Ministère des Transports,Ministère des Transports,Réseau routier,Économie et environnement,06 – Montréal,Tunnel Dorval,Montréal,Réfection
194,"Autoroute 40 (Félix-Leclerc) direction ouest, entre Kirkland et Senneville – Reconstruction",Reconstruction de la chaussée de béton de ciment de l'autoroute 40 à Kirkland et Baie-d’Urfé - Direction ouest,"Le projet vise à maintenir le niveau de service des infrastructures de l'autoroute 40 en direction ouest, du boulevard Saint-Charles au pont de l’Île-aux-Tourtes, à Kirkland, à Sainte-Anne-de-Bellevue et à Senneville. Les dalles de béton existantes ont atteint leur durée de vie utile. Le projet consiste à les reconstruire et à assurer une qualité de roulement aux usagers de la route.",93900000,93900000,0,,2018-12-01,En clôture,"Mars 2020
Le ministre des Transports a autorisé le projet à l'étape « En clôture ».
De plus, il a autorisé une hausse de 3,9 M$ au coût du projet. Initialement prévu à 90,0 M$, le coût est maintenant de 93,9 M$. Ainsi, la contribution du Québec passe de 90,0 M $ à 93,9 M$.

Le projet sera retiré du Tableau de bord lors de la prochaine mise à jour annuelle.
Mars 2019
Le ministre des Transports a autorisé la mise en service du projet. 
",Ministre des Transports,Ministère des Transports,Ministère des Transports,Réseau routier,Économie et environnement,06 – Montréal,Autoroute 40,Kirkland et Baie-d'Urfé,Reconstruction
195,"Route 138, diverses sections entre Baie-Comeau et Port-Cartier – Reconstruction",Reconstruction et amélioration de diverses sections de la route 138 entre Baie-Comeau et Port-Cartier,"La route 138 entre Baie-Comeau et Port-Cartier présente une géométrie particulière propre aux routes côtières. Afin d’améliorer la sécurité et la fluidité de la circulation, plusieurs interventions seront réalisées dans le secteur, dont l’ajout de voies auxiliaires de dépassement, la correction de courbes et la reconstruction de segments de la route.",30300000,30300000,0,,2022-03-31,En réalisation,"Mars 2020
Le ministre des Transports a autorisé la baisse de 23,7 M$ au coût du projet. Initialement prévu à 54,0 M$, le coût est maintenant de 30,3 M$. Ainsi, la contribution du Québec passe de 54,0 M $ à 30,3 M$.


Mars 2019
Le ministre des Transports a autorisé le projet à l’étape « En réalisation ».",Ministre des Transports,Ministère des Transports,Ministère des Transports,Réseau routier,Économie et environnement,09 – Côte-Nord,Route 138,Baie-Comeau et Port-Cartier,Reconstruction
196,Route 173 et route 277 – Saint-Henri – Réaménagement,Réaménagement de la route 173 et de la route 277,"Le projet vise à renforcer la sécurité routière en plus d’améliorer la fluidité de la circulation de cet axe routier. Le projet consiste au réaménagement de l’axe routier 173/277 sur une longueur de 8,3 km et comportera une section à 4 voies en milieu rural et une section à 2 voies incluant une voie de virage à gauche en milieu urbain.",85200000,85200000,0,,2021-11-30,En réalisation,"Mars 2020
Le ministre des Transports a autorisé que la date de mise en service, initialement prévue en mars 2021, soit reportée à novembre 2021.


Mars 2019
Le ministre des Transports a autorisé le projet à l’étape « En réalisation ».",Ministre des Transports,Ministère des Transports,Ministère des Transports,Réseau routier,Économie et environnement,12 – Chaudière-Appalaches,"Route 173
Route 277",Saint-Henri,Réaménagement
197,Autoroute 20 entre Mont-Saint-Hilaire et Saint-Hyacinthe – Réfection,Travaux sur la chaussée de béton de l’autoroute 20 entre les municipalités de Mont-Saint-Hilaire et de Saint-Hyacinthe,"Une intervention de réfection majeure en béton est nécessaire sur une portion de l’autoroute 20 entre Mont-Saint-Hilaire et Saint-Hyacinthe. La chaussée, construite entre 1962 et 1964, a atteint sa durée de vie utile. Le présent projet a pour but de rétablir l’état de la chaussée pour assurer la sécurité et le confort des usagers.",,,,,,En planification,"
",Ministre des Transports,Ministère des Transports,Ministère des Transports,Réseau routier,Économie et environnement,16 – Montérégie,Autoroute 20,Mont-Saint-Hilaire et Saint-Hyacinthe,Réfection
198,Pont Maurice-Martel (autoroute 30) – Sorel-Tracy – Réfection,Travaux sur le pont de l’autoroute 30 à Sorel-Tracy au-dessus de la rivière Richelieu,Le projet prévoit les travaux de reconstruction de la dalle du pont Maurice-Martel à Sorel-Tracy. Ce pont a été construit à la fin des années 60. La dalle du pont approche sa fin de vie utile. Une analyse permettra de déterminer l’ensemble des interventions à entreprendre.,,,,,,En planification,"
",Ministre des Transports,Ministère des Transports,Ministère des Transports,Réseau routier,Économie et environnement,16 – Montérégie,Pont Maurice-Martel,Sorel-Tracy,Réfection
199,Autoroute 55 entre Bécancour et Sainte-Eulalie – Bonification,Amélioration de l’autoroute 55 entre l’échangeur des Acadiens et l’autoroute 20,Le projet vise le doublement des voies de l’autoroute 55 entre l’échangeur des Acadiens et l’autoroute 20. Il a pour objectif d’améliorer la sécurité routière et la fluidité de ce lien qui possède un débit journalier élevé.,,,,,,À l'étude,"
",Ministre des Transports,Ministère des Transports,Ministère des Transports,Réseau routier,Économie et environnement,17 – Centre-du-Québec,Autoroute 55,"Bécancour
Saint-Eulalie",Bonification
200,Route 170 à Saint-Bruno et route 169 vers Alma – Bonification,Développement de la route 170 à Saint-Bruno au Saguenay–Lac-Saint-Jean et de la route 169 vers Alma,Le projet constitue la cinquième et dernière étape du grand projet de lien rapide entre Alma et La Baie. Le réaménagement de la route 170 à Saint-Bruno et de la route 169 vers Alma permet de compléter l’extrémité ouest de l’autoroute 70 en construction.,,,,,,À l'étude,"
",Ministre des Transports,Ministère des Transports,Ministère des Transports,Réseau routier,Économie et environnement,02 – Saguenay–Lac-Saint-Jean,"Route 170
Route 169", Saguenay–Lac-Saint-Jean ,Bonification
201,"Université de Montréal, pavillons Roger-Gaudry, Marie-Victorin, J.-A. DeSève et Lionel-Groulx – Réaménagement",Réaffectation des espaces libérés sur le site de la montagne par le projet du Complexe des sciences de l’Université de Montréal,"Le projet consiste à réaménager les espaces qui seront laissés vacants sur le site de la montagne suite au déménagement de plusieurs départements dans le nouveau complexe des sciences sur le Campus du MIL, sur le site de l’ancienne gare de triage d’Outremont. Les pavillons Roger-Gaudry, Marie-Victorin, J.-A. DeSève et Lionel-Groulx feront ainsi l’objet de travaux afin de les rendre fonctionnels et adaptés aux besoins des départements qui y seront transférés. Les travaux permettront aussi de réduire l’utilisation d’espaces locatifs.",,,,,,En planification,"Janvier 2019
Le gouvernement a autorisé le projet à l’étape « En planification ».",Ministre de l'Enseignement supérieur,Université de Montréal,Université de Montréal en association avec la Société québécoise des infrastructures,Enseignement supérieur,Éducation et culture,06 – Montréal,"Pavillons Roger-Gaudry, Marie-Victorin, J.-A. DeSève et Lionel-Groulx de l’Université de Montréal",Montréal,Réaménagement
202,Autoroute 30 entre Brossard et Boucherville – Bonification,Élargissement de l’autoroute 30 entre les autoroutes 10 et 20 sur la Rive-Sud de Montréal,"Le projet vise à améliorer la fonctionnalité et les conditions de circulation sur l’autoroute 30 entre les autoroutes 10, à Brossard, et 20, à Boucherville. Des interventions sont requises dans cet axe pour assurer la mobilité des personnes et des marchandises en lien avec le déploiement d’importants projets comme le Réseau express métropolitain ainsi que les pôles logistiques et les zones industrialo-portuaires découlant de la Stratégie maritime.",,,,,,À l'étude,"
",Ministre des Transports,Ministère des Transports,Ministère des Transports,Réseau routier,Économie et environnement,16 – Montérégie,Autoroute 30 ,Brossard et Boucherville,Bonification
203,Place Charles-Le Moyne – Longueuil – Bonification,Développement de la Place Charles-Le Moyne à Longueuil,"Le projet vise à améliorer l’accès au secteur de la place Charles-Le Moyne, qui comprend notamment la station de métro Longueuil–Université-de-Sherbrooke, à diminuer la congestion routière et à faciliter l’accès au pont Jacques-Cartier.",,,,,,À l'étude,"
",Ministre des Transports,Ministère des Transports,Ministère des Transports,Réseau routier,Économie et environnement,16 – Montérégie,Place Charles-Le Moyne,Longueuil,Bonification
204,Voies réservées du Rapibus de la STO (phase III) – Gatineau – Prolongement,Prolongation du Rapibus dans le secteur est de la ville de Gatineau – Phase III – Tronçon Lorrain–Aéroport,"Prolongement du Rapibus (système rapide par bus en site propre), du boulevard Lorrain au boulevard de l’Aéroport. Le projet a pour objectif d’assurer une desserte en transport collectif fiable et performante entre le centre-ville et l’est de la ville.",,,,,,En planification,"
",Ministre des Transports,Société de transport de l'Outaouais,Société de transport de l'Outaouais,Transport collectif,Économie et environnement,07 – Outaouais,Rapibus ,Gatineau,Prolongement
205,"Hôtel-Dieu d’Arthabaska, urgence et bloc opératoire – Victoriaville – Agrandissement et réaménagement",Agrandissement et réaménagement de l’Hôtel-Dieu d’Arthabaska,"Le projet vise la modernisation des secteurs critiques et ambulatoires, incluant le bloc opératoire, de l’Hôtel-Dieu d’Arthabaska afin de résoudre les problèmes de vétusté fonctionnelle et de bonifier l’offre de service.",,,,,,En planification,"Décembre 2019
Le gouvernement a autorisé le projet à l’étape « En planification ».",Ministre de la Santé et des Services sociaux,Centre intégré universitaire de santé et de services sociaux de la Mauricie-et-du-Centre-du-Québec,Société québécoise des infrastructures,Santé et Services sociaux,Santé et Services sociaux,17 – Centre-du-Québec,Hôtel-Dieu d’Arthabaska,Arthabaska,Agrandissement et réaménagement
206,Palais de justice de Roberval – Réfection et agrandissement,Agrandissement et rénovation du palais de justice de Roberval,"Le projet comprend la rénovation et l’agrandissement du bâtiment actuel ainsi que la démolition de l’ancien établissement de détention. Cela permettra de faciliter l’accessibilité de la population aux services judiciaires. 
Le projet vise à mettre aux normes le bâtiment et à ajouter des locaux, avec un agrandissement. 
Les principaux occupants de l’édifice sont le ministère de la Justice, le ministère de la Sécurité publique et le Directeur des poursuites criminelles et pénales.
",66200000,66200000,0,2021-11-01,2023-02-28,En réalisation,"
",Ministre de la Justice,Ministère de la Justice,Société québécoise des infrastructures,Administration gouvernementale,Gouverne et justice,02 – Saguenay–Lac-Saint-Jean,Palais de justice de Roberval,Roberval,Réfection et agrandissement
207,Lien interrives entre Sorel-Tracy et Saint-Ignace-de-Loyola – Bonification,Bonification du lien interrives entre la Montérégie et Lanaudière,"Les investissements prévus à ce projet majeur de modernisation permettront à la traverse Sorel-Tracy–Saint-Ignace-de-Loyola, qui connaît déjà une forte affluence, de s’inscrire davantage comme un axe de transport maritime structurant situé dans la proche banlieue métropolitaine.
Le projet vise entre autres à rénover les infrastructures portuaires existantes à Sorel-Tracy et à Saint-Ignace-de-Loyola.
Aussi, il est requis d’augmenter la capacité de la traverse afin de répondre à la demande actuelle et future. Considérant la durée de vie utile ainsi que la capacité des navires actuels, il est nécessaire de les remplacer. Assurant une gestion responsable de sa flotte, le STQ relocalisera à la traverse de Sorel-Tracy le NM Armand-Imbeau et le NM Jos-Deschênes II, qui assurent présentement le service à la traverse Tadoussac–Baie-Sainte-Catherine. Des travaux de modernisation sont également prévus.
",,,,,,À l'étude,"
",Ministre des Transports,Société des traversiers du Québec,Société québécoise des infrastructures,"Transport maritime, aérien, ferroviaire et autres",Économie et environnement,14 – Lanaudière; 16 – Montérégie,Lien interrives entre Sorel-Tracy et Saint-Ignace-de-Loyola,Sorel-Tracy et Saint-Ignace-de-Loyola,Bonification
208,Autoroute 50 entre L’Ange-Gardien et Mirabel – Bonification,Amélioration de l’autoroute 50 entre L’Ange-Gardien et Mirabel,"Le projet vise à améliorer la fluidité et la sécurité de cet axe autoroutier sur l’ensemble du tronçon, entre L’Ange-Gardien et Mirabel. Différentes interventions sont à l’étude, dont le doublement des voies.",,,,,,À l'étude,"Septembre 2019
Le gouvernement a autorisé que le projet « Amélioration de l’autoroute 50 entre Gatineau et Mirabel » soit scindé en deux projets distincts. Ainsi, le projet renommé « Amélioration de l’autoroute 50 entre L’Ange-Gardien et Mirabel » demeure « À l’étude ».
De plus, le projet « Amélioration de l’autoroute 50 entre Gatineau et L’Ange-Gardien » est maintenant « En planification ».
",Ministre des Transports,Ministère des Transports,Ministère des Transports,Réseau routier,Économie et environnement,07 – Outaouais; 15 – Laurentides,Autoroute 50,L’Ange-Gardien et Mirabel,Bonification
209,Tunnel entre Québec et Lévis – Construction,Implantation d’un nouveau lien routier entre Québec et Lévis,"Le projet d’implantation d’un nouveau lien routier entre les villes de Québec et de Lévis a pour objectif d’optimiser les déplacements entre les deux rives en réduisant la congestion aux heures de pointe, en maximisant le transport des marchandises et en favorisant l’utilisation du transport collectif.",,,,,,En planification,"Mars 2019
Le gouvernement a autorisé le projet à l’étape « En planification ».",Ministre des Transports,Ministère des Transports,Ministère des Transports,Réseau routier,Économie et environnement,03 – Capitale-Nationale; 12 – Chaudière-Appalaches,Lien routier,Québec et Lévis,Construction
210,Autoroute 973 entre la sortie Lebourgneuf et la rue de la Croix-Rouge – Québec – Bonification,Amélioration de l’autoroute Laurentienne entre la sortie Lebourgneuf et la Croix-Rouge à Québec,"Le projet vise à améliorer la circulation, sur l’autoroute 973 (Laurentienne), et à remettre en état certaines infrastructures telles que l’éclairage, le drainage et la chaussée.",,,,,,À l'étude,"
",Ministre des Transports,Ministère des Transports,Ministère des Transports,Réseau routier,Économie et environnement,03 – Capitale-Nationale,Autoroute 973,Québec,Bonification
211,Autoroute 70 entre Grande-Anse et La Baie – Construction,Parachèvement de l’autoroute 70 – Tronçon entre Grande-Anse et La Baie,"Le projet concerne la phase II du parachèvement de l’autoroute 70 entre Chicoutimi et La Baie. Globalement, ce projet s’intègre au grand projet de lien routier entre Alma et La Baie qui vise à assurer des déplacements plus efficaces et sécuritaires. La phase II concerne un tronçon de 6,9 km entre le chemin de la Grande-Anse et La Baie.",,,,,,En planification,"
",Ministre des Transports,Ministère des Transports,Ministère des Transports,Réseau routier,Économie et environnement,02 – Saguenay–Lac-Saint-Jean,Autoroute 70,Grande-Anse et La Baie,Construction
216,Pont entre Tadoussac et Baie-Sainte-Catherine – Bonification,Construction d’un pont entre Tadoussac et Baie-Sainte-Catherine au-dessus de la rivière Saguenay,"La route 138 et la traverse de Tadoussac–Baie-Sainte-Catherine, exploitée par la Société des traversiers du Québec (STQ), constituent le principal lien de transport routier entre la région de la Côte-Nord et le reste du Québec. La création d’un lien routier continu qui permet d’enjamber la rivière Saguenay entre Baie-Sainte-Catherine et Tadoussac fait actuellement l’objet d’études.",,,,,,À l'étude,"
",Ministre des Transports,Ministère des Transports,Ministère des Transports,Réseau routier,Économie et environnement,03 – Capitale-Nationale; 09 – Côte-Nord,Pont,Tadoussac et Baie-Sainte-Catherine,Bonification
217,"Autoroute 15, chaussée et voies réservées – Laval et Boisbriand – Maintien et bonification",Ajout de voies réservées et réfection de la chaussée sur l’autoroute 15 à Laval et dans les Laurentides,"Le projet a pour objectif d’améliorer la mobilité dans la grande région montréalaise. Il consiste à refaire la chaussée de la portion lavalloise de l’autoroute 15 et à mettre en place des voies réservées à Laval et sur la couronne nord pour améliorer la desserte en transport collectif. Le projet sera arrimé à celui de la réfection majeure du pont Gédéon-Ouimet, également situé dans l’axe de l’autoroute 15, entre Laval et Boisbriand.",,,,,,À l'étude,"
",Ministre des Transports,Ministère des Transports,Ministère des Transports,Réseau routier,Économie et environnement,13 – Laval; 15 – Laurentides,Autoroute 15,Laval et Boisbriand,Maintien et bonification
218,Route 117 entre Labelle et Rivière-Rouge – Bonification,Réaménagement à quatre voies sur la route 117 entre Labelle et Rivière-Rouge,"Le projet a pour objectif d’améliorer la fluidité et la sécurité de la route 117 dans les Laurentides, entre Labelle et Rivière-Rouge. Cette route nationale relie plusieurs régions administratives québécoises et constitue un axe majeur vers le nord-ouest de la province.",,,,,,À l'étude,"
",Ministre des Transports,Ministère des Transports,Ministère des Transports,Réseau routier,Économie et environnement,15 – Laurentides,Route 117,Labelle et Rivière-Rouge,Bonification
220,"Métro de Montréal, programme Accessibilité des stations (phase II) – Bonification",Programme Accessibilité des stations de métro – Phase II,Le programme vise l’amélioration de l’accessibilité des stations de métro grâce à la construction des ascenseurs.,,,,,,En planification,"
",Ministre des Transports,Société de transport de Montréal,Société de transport de Montréal,Transport collectif,Économie et environnement,06 – Montréal,Métro de Montréal,Montréal,Bonification
221,Mesures prioritaires pour le transport collectif sur le boulevard Guillaume-Couture – Lévis – Aménagement,Implantation de mesures prioritaires pour le transport en commun sur le boulevard Guillaume-Couture à Lévis,"Le projet vise l’implantation de mesures prioritaires pour le transport en commun sur le boulevard Guillaume-Couture, une artère importante de Lévis. Il a pour objectif de favoriser une mobilité durable et d’améliorer la fluidité de la circulation.",,,,,,En planification,"
",Ministre des Transports,Société de transport de Lévis,Société de transport de Lévis,Transport collectif,Économie et environnement,12 – Chaudière-Appalaches,Boulevard Guillaume-Couture,Lévis,Aménagement
224,Centre de transport Bellechasse de la STM – Montréal – Construction,Construction du centre de transport Bellechasse pour les autobus de la Société de transport de Montréal,"Le projet vise à construire un centre de transport qui remplacera l’actuel centre de transport Saint-Denis, qui est en fin de vie utile. Ce nouveau bâtiment permettra à la Société de transport de Montréal de mieux répondre à ses besoins opérationnels actuels et futurs, et ce, dans l’optique d’améliorer le service offert à sa clientèle.",,,,,,En planification,"Mars 2019
Le ministre des Transports a autorisé le projet à l’étape « En planification ».",Ministre des Transports,Société de transport de Montréal,Société de transport de Montréal,Transport collectif,Économie et environnement,06 – Montréal,Centre de transport Bellechasse de la Société de transport de Montréal,Montréal,Construction
225,Hôpital Royal Victoria – Montréal – Maintien,Requalification de l’ensemble du site de l’hôpital Royal Victoria,"Le projet consiste à analyser différents scénarios de mise en valeur et de requalification des bâtiments de l’ancien hôpital Royal Victoria, qui se trouve dans le site patrimonial du Mont-Royal. Le plan de rénovation doit notamment prévoir qu’une partie de l’espace sera utilisée pour combler les besoins de l’Université McGill, dont le campus est situé à proximité.",,,,,,À l'étude,"
",Ministre responsable de l'Administration gouvernementale,Société québécoise des infrastructures,Société québécoise des infrastructures,Administration gouvernementale,Gouverne et justice,06 – Montréal,Hôpital Royal Victoria,Montréal,Maintien
226,Garage de la STL (phase IV) – Laval – Construction,Construction d’un garage pour les autobus de la Société de transport de Laval – Phase IV,"Le projet consiste en la construction d’un nouveau garage conçu en fonction de l’introduction de différents types d’autobus ce qui en permettra l’entretien. La conception de la construction sera faite en fonction de l’occupation de toute la surface du terrain. Ainsi, les espaces de stationnement, de circulation, de ravitaillement, d’entreposage et d’entretien des autobus seront optimisés afin de ne pas affecter les futurs développements alors qu’à terme, le terrain sera utilisé à son plein potentiel.",,,,,,En planification,"Mars 2019
Le ministre des Transports a autorisé le projet à l’étape « En planification ».",Ministre des Transports,Société de transport de Laval,Société de transport de Laval,Transport collectif,Économie et environnement,13 – Laval,Garage de la Société de transport de Laval,Laval,Construction
227,Réseau ferroviaire de la Gaspésie entre Matapédia et Caplan – Réfection et reconstruction,Réhabilitation de la voie ferrée entre Matapédia et Caplan,"Le projet vise principalement à reconstruire les deux structures qui surplombent la rivière Cascapédia, afin de permettre le transport ferroviaire sans limites de charge.",54500000,54500000,0,,2021-11-01,En réalisation,"Mars 2019
Le gouvernement a autorisé le projet à l’étape « En réalisation ».",Ministre des Transports,Ministère des Transports,Ministère des Transports,"Transport maritime, aérien, ferroviaire et autres",Économie et environnement,11 – Gaspésie–Îles-de-la-Madeleine,Réseau ferroviaire de la Gaspésie,Matapédia et Caplan,Réfection et reconstruction
228,Réseau ferroviaire de la Gaspésie entre Caplan et Port-Daniel–Gascons – Réfection et reconstruction,Réhabilitation de la voie ferrée entre Caplan et Port-Daniel–Gascons,Le projet vise principalement à réhabiliter ou à reconstruire 13 infrastructures afin de permettre la reprise du transport ferroviaire des marchandises et des personnes.,98900000,96900000,2000000,,2022-11-30,En réalisation,"Décembre 2019
Le gouvernement a autorisé le projet à l’étape « En réalisation ».",Ministre des Transports,Ministère des Transports,Ministère des Transports,"Transport maritime, aérien, ferroviaire et autres",Économie et environnement,11 – Gaspésie–Îles-de-la-Madeleine,Réseau ferroviaire de la Gaspésie,Caplan et Port-Daniel–Gascons,Réfection et reconstruction
229,Réseau ferroviaire de la Gaspésie entre Port-Daniel–Gascons et Gaspé – Maintien et bonification,Réhabilitation de la voie ferrée entre Port-Daniel–Gascons et Gaspé,"Le projet vise principalement à réhabiliter ou à reconstruire 21 infrastructures et à réaliser des travaux sur deux sites avec des enjeux géotechniques, afin de permettre la reprise du transport ferroviaire des marchandises et des personnes.",,,,,,En planification,"Décembre 2019
Le gouvernement a autorisé le projet à l’étape « En planification ».",Ministre des Transports,Ministère des Transports,Ministère des Transports,"Transport maritime, aérien, ferroviaire et autres",Économie et environnement,11 – Gaspésie–Îles-de-la-Madeleine,Réseau ferroviaire de la Gaspésie,Port-Daniel–Gascons et Gaspé,Maintien et bonification
230,Hôtel-Dieu de Québec – Maintien et bonification,Réutilisation des bâtiments de L’Hôtel-Dieu de Québec,"En septembre 2013, le gouvernement du Québec a autorisé l’implantation d’un nouveau complexe hospitalier (NCH) sur le site de l’hôpital de l’Enfant-Jésus (HEJ) afin de solutionner les problématiques de vétusté des installations de L’Hôtel-Dieu de Québec. À la suite des mises en service successives des composantes du projet de NCH prévues à la fin 2020 jusqu’en 2026, toutes les activités cliniques actuellement situées sur le site de I’HDQ seront transférées vers le site de l’HEJ.
Le projet vise donc à déterminer la meilleure option immobilière pour les bâtiments libérés à savoir une réutilisation ou une disposition de ceux-ci. Le maintien d’un grand nombre de travailleurs dans le secteur du Vieux-Québec afin de conserver l’activité économique et sociale de cet arrondissement demeure une priorité du ministère.",,,,,,À l'étude,"
",Ministre de la Santé et des Services sociaux,Centre intégré universitaire de santé et de services sociaux de la Capitale-Nationale,Société québécoise des infrastructures,Santé et Services sociaux,Santé et Services sociaux,03 – Capitale-Nationale,Hôtel-Dieu de Québec,Québec,Maintien et bonification
232,"Hôpital de Chicoutimi, bloc opératoire – Saguenay – Maintien et bonification",Agrandissement et réaménagement du bloc opératoire et de l’unité de retraitement des dispositifs médicaux de l’hôpital de Chicoutimi,"Le projet consiste principalement à moderniser le bloc opératoire, la chirurgie d’un jour et l’unité de retraitement des dispositifs médicaux. Ce projet permettra de confirmer le rôle majeur de l’hôpital de Chicoutimi au niveau régional et suprarégional. La nouvelle infrastructure permettra aux cliniciens de travailler dans un environnement moderne, fonctionnel, adapté aux normes du XXIe siècle. Pour les patients de la région, le projet améliorera l’accessibilité à la chirurgie, tout en offrant un meilleur confort pré et postopératoire.",,,,,,À l'étude,"
",Ministre de la Santé et des Services sociaux,Centre intégré universitaire de santé et de services sociaux du Saguenay–Lac-Saint-Jean,Société québécoise des infrastructures,Santé et Services sociaux,Santé et Services sociaux,02 – Saguenay–Lac-Saint-Jean,Hôpital de Chicoutimi,Chicoutimi,Maintien et bonification
233,"Hôpital du Centre-de-la-Mauricie, urgence – Shawinigan – Maintien et bonification",Agrandissement et réaménagement de l’urgence de l’hôpital du Centre-de-la-Mauricie (Shawinigan),"Le projet consiste à réaliser des travaux majeurs d’immobilisation, soit l’agrandissement et le réaménagement de l’urgence.
Le projet vise à optimiser le fonctionnement de l’urgence, à disposer de locaux conformes favorisant la sécurité des patients et du personnel ainsi que les bonnes pratiques en matière de prévention et de contrôle des infections nosocomiales.
",,,,,,À l'étude,"
",Ministre de la Santé et des Services sociaux,Centre intégré universitaire de santé et de services sociaux de la Mauricie-et-du-Centre-du-Québec,Société québécoise des infrastructures,Santé et Services sociaux,Santé et Services sociaux,04 – Mauricie,Hôpital du Centre-de-la-Mauricie,Shawinigan,Maintien et bonification
234,Hôpital Maisonneuve-Rosemont – Montréal – Maintien et bonification,Agrandissement et réaménagement de l’hôpital Maisonneuve-Rosemont,"Le projet vise principalement la modernisation des installations de l’hôpital Maisonneuve-Rosemont, qui présente, dans plusieurs de ses bâtiments, une désuétude physique et fonctionnelle importante.
D’un point de vue organisationnel, la concentration des services de soins de santé et le regroupement de toutes les activités de recherche sont souhaités.
",,,,,,À l'étude,"
",Ministre de la Santé et des Services sociaux,Centre intégré universitaire de santé et de services sociaux de l'Est-de-l'Île-de-Montréal,Société québécoise des infrastructures,Santé et Services sociaux,Santé et Services sociaux,06 – Montréal,Hôpital Maisonneuve-Rosemont,Montréal,Maintien et bonification
235,"Hôpital général du Lakeshore, urgence – Pointe-Claire – Maintien et bonification",Agrandissement et réaménagement de l’urgence de l’hôpital général du Lakeshore,Le projet vise la construction d’une nouvelle urgence sur le site actuel de l’hôpital du Lakeshore afin d’y déplacer les services d’urgence actuellement aménagés dans un bâtiment temporaire.,,,,,,À l'étude,"
",Ministre de la Santé et des Services sociaux,Centre intégré universitaire de santé et de services sociaux de l'Ouest-de-l'Île-de-Montréal,Société québécoise des infrastructures,Santé et Services sociaux,Santé et Services sociaux,06 – Montréal,Hôpital général du Lakeshore,Pointe-Claire,Maintien et bonification
236,Hôpital général juif (phase IV) – Montréal – Réaménagement,Réaménagement des espaces de l’hôpital général juif – Phase IV,"Le projet vise le réaménagement des locaux existants de l’hôpital général juif, particulièrement ceux qui ont été laissés vacants dans les pavillons B, C, E et G à la suite du déménagement des activités dans le nouveau pavillon K. Il consiste en un maintien de l’offre de services et ne prévoit aucun ajout de service.",,,,,,En planification,"Août 2020
Le projet a été autorisé à l’étape « En planification ».
Juillet 2018
Le Centre intégré universitaire de santé et de services sociaux du Centre-Ouest-de-l’Île-de-Montréal a été autorisé à demeurer gestionnaire de son projet, et ce, en association avec la Société québécoise des infrastructures.
",Ministre de la Santé et des Services sociaux,Centre intégré universitaire de santé et de services sociaux du Centre-Ouest-de-l'Île-de-Montréal,Centre intégré universitaire de santé et de services sociaux du Centre-Ouest-de-l'Île-de-Montréal en association avec la Société québécoise des infrastructures,Santé et Services sociaux,Santé et Services sociaux,06 – Montréal,Hôpital général juif,Montréal,Réaménagement
237,"Centre hospitalier de St. Mary, unités de soins – Montréal – Maintien et bonification",Mise à niveau et modernisation des unités de soins du centre hospitalier de St. Mary,"Le projet du centre hospitalier de St. Mary a pour objectif d’augmenter la proportion de chambres individuelles. En effet, les unités de soins sont actuellement dotées de chambres à occupation double, triple, voire quadruple.
Le projet consiste à agrandir l’espace pour permettre de loger deux unités de soins de médecine et de chirurgie.",,,,,,À l'étude,"
",Ministre de la Santé et des Services sociaux,Centre hospitalier de St. Mary,Société québécoise des infrastructures,Santé et Services sociaux,Santé et Services sociaux,06 – Montréal,Centre hospitalier de St. Mary,Montréal,Maintien et bonification
238,Hôpital de la Cité-de-la-santé – Laval – Maintien et bonification,Modernisation de l’hôpital de la Cité-de-la-santé,"Le projet a pour objectif de moderniser plusieurs secteurs de l’hôpital de la Cité-de-la-santé de Laval, tels que les soins critiques, l’hospitalisation, la santé mentale, les services ambulatoires, les cliniques externes, la médecine de jour, l’unité mère-enfant ainsi que l’unité de pédiatrie.",,,,,,À l'étude,"
",Ministre de la Santé et des Services sociaux,Centre intégré de santé et de services sociaux de Laval,Société québécoise des infrastructures,Santé et Services sociaux,Santé et Services sociaux,13 – Laval,Hôpital de la Cité-de-la-santé,Laval,Maintien et bonification
239,"Hôpital Charles-Le Moyne, bloc opératoire et chirurgie d’un jour – Longueuil – Maintien et bonification",Agrandissement de l’hôpital Charles-Le Moyne,"Le projet consiste en un agrandissement qui permettra d’accueillir une nouvelle unité de bloc opératoire de onze salles polyvalentes, d’une salle hybride et d’une salle de chirurgie mineure. L’aménagement d’une nouvelle unité de retraitement des dispositifs médicaux et d’une nouvelle unité de soins intensifs est aussi prévu. De plus, une unité d’intervention brève en santé mentale ainsi qu’une unité d’hospitalisation brève sont intégrées au projet.
Celui-ci inclut aussi l’acquisition et l’aménagement d’un tomographe à émission de position et la relocalisation de la médecine nucléaire. Un laboratoire associé sera également implanté dans cet hôpital.
Le projet vise à résoudre des problèmes liés à l’exiguïté des locaux actuels et à leur vétusté importante.
",,,,,,À l'étude,"
",Ministre de la Santé et des Services sociaux,Centre intégré de santé et de services sociaux de la Montérégie-Centre,Société québécoise des infrastructures,Santé et Services sociaux,Santé et Services sociaux,16 – Montérégie,Hôpital Charles-Le Moyne,Longueuil,Maintien et bonification
240,"Hôpital Pierre-Boucher, urgence et unités de soins – Longueuil – Maintien et bonification",Agrandissement et réaménagement de l’hôpital Pierre-Boucher,"Ces travaux doteront l’hôpital d’une nouvelle urgence. Les soins en santé mentale seront réorganisés et bonifiés. On y trouvera, dans le même secteur, les consultations externes en psychiatrie, les lits d’intervention brève en psychiatrie et les lits en santé mentale. Par ailleurs, l’unité d’hospitalisation brève sera aménagée dans les locaux neufs. Les secteurs de pédiatrie et de périnatalité font également partie du projet.
L’ajout de lits d’hospitalisation est aussi nécessaire, compte tenu, entre autres, de l’accroissement constant de la population servie par l’hôpital Pierre-Boucher.
",,,,,,À l'étude,"
",Ministre de la Santé et des Services sociaux,Centre intégré de santé et de services sociaux de la Montérégie-Est,Société québécoise des infrastructures,Santé et Services sociaux,Santé et Services sociaux,16 – Montérégie,Hôpital Pierre-Boucher,Longueuil,Maintien et bonification
241,"Aquarium du Québec, pavillon des prédateurs – Québec – Bonification",Construction du pavillon des prédateurs à l’Aquarium du Québec,"Le projet vise à positionner l’Aquarium du Québec au rang de grands aquariums internationaux et de devenir un produit d’appel fort pour la grande région de Québec, la Sépaq construira un pavillon consacré à des espèces marines reconnues pour leur stratégie de prédation singulière. Ce pavillon deviendra la neuvième exposition permanente de l’Aquarium et proposera aux visiteurs une douzaine de tableaux consacrés, entre autres, aux grands requins, piranhas, barracudas et alligators.
La construction de ce nouveau pavillon vise à soutenir et faire croître l’achalandage de l’établissement et s’inscrit dans la stratégie de mise en valeur du Saint-Laurent touristique du gouvernement du Québec. Elle permettra également, en appui au plan de développement de l’industrie touristique, de consolider la porte d’entrée de Québec.
",,,,,,À l'étude,"
","Ministre des Forêts, de la Faune et des Parcs",Société des établissements de plein air du Québec,Société québécoise des infrastructures,Tourisme et activités récréatives,Économie et environnement,03 – Capitale-Nationale,Pavillon des prédateurs à l’Aquarium du Québec,Québec,Bonification
246,Édifice de la délégation générale du Québec à Paris – Bonification,Acquisition d’un immeuble à Paris pour renforcer la diplomatie d’influence du Québec,"Le projet consiste en l’acquisition d’un immeuble qui pourra accueillir les activités de la délégation générale du Québec à Paris, en remplacement de l’édifice situé au 66, rue Pergolèse, à Paris. Malgré la rénovation et la mise aux normes que nécessite le bâtiment existant et qui impliqueraient des travaux majeurs, l’édifice ne répondrait toujours pas aux besoins diplomatiques actuels.
Afin de maintenir des rapports privilégiés avec la France, la délégation générale du Québec nécessite un édifice qui met en valeur l’image d’un Québec innovant, créatif et prospectif.
",,,,,,À l'étude,"
",Ministre des Relations internationales et de la Francophonie,Ministère des Relations internationales et de la Francophonie,Société québécoise des infrastructures,Administration gouvernementale,Gouverne et justice,18 – Hors Québec,Édifice pour la Délégation générale du Québec,Paris,Bonification
247,"Hôtel-Dieu de Lévis, blocs endoscopique et opératoire – Maintien et bonification","Modernisation du bloc endoscopique, du bloc opératoire et de l’unité de retraitement des dispositifs médicaux de l’Hôtel-Dieu de Lévis","Le projet vise à faire face à l’augmentation de volume prévu, notamment, à la suite de l’ouverture du Centre régional intégré en cancérologie et à résoudre les problèmes de fonctionnement et de vétusté vécus actuellement au bloc opératoire, à l’unité d’endoscopie et à l’unité de retraitement des dispositifs médicaux.
Il consiste donc à doter l’Hôtel-Dieu de Lévis d’un nouveau bloc opératoire, d’une nouvelle unité d’endoscopie et, enfin, d’une nouvelle unité de retraitement des dispositifs médicaux.
",,,,,,À l'étude,"
",Ministre de la Santé et des Services sociaux,Centre intégré de santé et de services sociaux de Chaudière-Appalaches,Société québécoise des infrastructures,Santé et Services sociaux,Santé et Services sociaux,12 – Chaudière-Appalaches,Hôtel-Dieu de Lévis,Lévis,Maintien et bonification
248,"École de technologie supérieure, complexe Dow – Montréal – Bonification",Ajout d’espace au site du complexe Dow de l’École de technologie supérieure,"Le projet vise à répondre à l’accroissement de la clientèle qui fréquente l’École de technologie supérieure et à résorber son déficit d’espace à long terme reconnu par le ministère de l’Éducation et de l’Enseignement supérieur. La réhabilitation du complexe Dow, dont l’École de technologie supérieure est propriétaire, contribuera à cet objectif.",,,,,,À l'étude,"Juin 2018
Le gouvernement a autorisé la mise « À l’étude » du projet.",Ministre de l'Enseignement supérieur,École de technologie supérieure,Société québécoise des infrastructures,Enseignement supérieur,Éducation et culture,06 – Montréal,Complexe Dow de l’École de technologie supérieure,Montréal,Bonification
249,"Hôpital général de Montréal, bloc opératoire et urgence – Maintien et bonification",Modernisation de l’hôpital général de Montréal,"Suite à la construction du Centre universitaire de santé McGill, ses activités ont été regroupées sur deux sites : le campus hospitalier Glen et l’hôpital général de Montréal. Ainsi, la consolidation des activités de l’hôpital général nécessite des rénovations importantes de ce dernier afin de le rendre conforme aux normes actuelles. Le projet vise prioritairement à moderniser le bloc opératoire, l’unité de retraitement des dispositifs médicaux et l’urgence. Le projet devrait aussi permettre l’amélioration des services ambulatoires, des services généraux ainsi que des unités de soins qui sont dotés d’une grande proportion de chambres à occupation multiple.",,,,,,À l'étude,"Juillet 2018
Le gouvernement a autorisé la mise « À l’étude » du projet.",Ministre de la Santé et des Services sociaux,Centre universitaire de santé McGill,Société québécoise des infrastructures,Santé et Services sociaux,Santé et Services sociaux,06 – Montréal,Hôpital général de Montréal,Montréal,Maintien et bonification
250,"Hôpital de Saint-Jérôme, plateau technique chirurgical – Maintien et bonification",Modernisation de l’hôpital de Saint-Jérôme,"Le projet vise la modernisation de l’ensemble du plateau chirurgical de l’hôpital de Saint-Jérôme. Il s’agit de régler les problématiques liées aux bâtiments (vétusté, étroitesse, etc.) et de répondre à la hausse des besoins cliniques induits par l’accroissement de la population dans le secteur. Ce projet inclut le bloc opératoire, les soins intensifs, la chirurgie d’un jour, la chirurgie mineure, la clinique de la douleur, l’endoscopie et l’unité de retraitement des dispositifs médicaux  (URDM). L’ajout d’une unité de soins d’un centre mère-enfant ainsi que le rehaussement des différents services de support nécessaire au bon fonctionnement de l’hôpital font également partie du projet.",,,,,,À l'étude,"Juillet 2018
Le gouvernement a autorisé la mise « À l’étude » du projet.",Ministre de la Santé et des Services sociaux,Centre intégré de santé et de services sociaux des Laurentides,Société québécoise des infrastructures,Santé et Services sociaux,Santé et Services sociaux,15 – Laurentides,Hôpital de Saint-Jérôme,Saint-Jérôme,Maintien et bonification
251,"Hôpital du Sacré-Cœur de Montréal, bloc opératoire et unités de soins (phase III) – Maintien et bonification","Modernisation du bloc opératoire, de la chirurgie d’un jour, de l’unité de cardiologie et de l’unité de retraitement des dispositifs médicaux de l’hôpital du Sacré-Cœur de Montréal – Phase III","Le projet consiste en la troisième phase du plan directeur immobilier. Il vise la mise aux normes, tant fonctionnelle que technique, du corps principal de l’hôpital du Sacré-Cœur de Montréal, afin de répondre aux exigences en vigueur pour le bâtiment ainsi qu’en matière de prestation de soins et de services de santé. Il s’agit de corriger des problèmes du bloc opératoire, de la chirurgie d’un jour, des unités de soins de santé cardiovasculaire et de l’unité de retraitement des dispositifs médicaux.",,,,,,À l'étude,"Juillet 2018
Le gouvernement a autorisé la mise « À l’étude » du projet.",Ministre de la Santé et des Services sociaux,Centre intégré universitaire de santé et de services sociaux du Nord-de-l'Île-de-Montréal,Société québécoise des infrastructures,Santé et Services sociaux,Santé et Services sociaux,06 – Montréal,Hôpital du Sacré-Cœur de Montréal,Montréal,Maintien et bonification
253,École secondaire Louis-Philippe-Paré du centre de services scolaire des Grandes-Seigneuries – Châteauguay – Construction,Ajout d’espace au secondaire général et en formation professionnelle au complexe Louis-Philippe-Paré de la commission scolaire des Grandes-Seigneuries,"Le complexe Louis-Philippe-Paré regroupe actuellement l’école secondaire Louis-Philippe-Paré et le centre de formation professionnelle de Châteauguay.   

La construction de la nouvelle école secondaire Louis-Philippe-Paré vise à remplacer l’école actuelle qui sera démolie en raison de problèmes de vétusté. Le nouveau bâtiment, d’une plus grande superficie répondra aussi au manque d’espace observé.

Pour sa part, l'École de formation professionnelle sera sous peu, elle aussi, déménagée dans un nouveau bâtiment à construire (voir projet 495).",,,,,,En planification,"Juillet 2020
Le gouvernement a autorisé que le projet «Complexe Louis-Philippe-Paré du centre de services scolaire des Grandes-Seigneuries – Châteauguay – Agrandissement et réaménagement» soit scindé en deux projets distincts, soit la construction d’une nouvelle école secondaire Louis-Philippe-Paré et la construction de l’École de formation professionnelle de Châteauguay.

Les deux projets sont autorisés à l’étape « En planification ».
Décembre 2019
Le gouvernement a autorisé le projet à l’étape « En planification ».


Août 2018
Le gouvernement a autorisé la mise « À l’étude » du projet.",Ministre de l'Éducation,Centre de services scolaire des Grandes-Seigneuries,Société québécoise des infrastructures,Éducation,Éducation et culture,16 – Montérégie,École secondaire Louis-Philippe-Paré,Châteauguay,Construction
254,École primaire du centre de services scolaire de Montréal (secteur centre-ville) – Construction,Acquisition de terrain au centre-ville de Montréal et construction d’une nouvelle école primaire à la commission scolaire de Montréal,"Le centre de services scolaire de Montréal (CSDM) est l’un des centres de services scolaire affichant le plus haut taux de croissance de son effectif scolaire. Afin de combler son déficit d’espace, la CSDM propose un projet visant à implanter une nouvelle école pouvant accueillir quatre groupes d’éducation préscolaire et 24 groupes d’enseignement primaire, ce qui permettra l’ajout de 650 places.",,,,,,En planification,"Août 2018
Le gouvernement a autorisé le projet à l’étape « En planification ».",Ministre de l'Éducation,Centre de services scolaire de Montréal,Société québécoise des infrastructures,Éducation,Éducation et culture,06 – Montréal,École préscolaire-primaire ,Montréal,Construction
255,Collège Dawson – Montréal – Bonification,Ajout d’espace au collège Dawson,"Le projet vise à résorber le déficit d’espace reconnu par le ministère de l’Éducation et de l’Enseignement supérieur et à cesser l’utilisation d’espaces en location à l’extérieur du campus. Plus spécifiquement, les programmes d’études techniques liés au domaine de la santé et des services sociaux et une clinique-école seront regroupés en un seul lieu et deux nouveaux programmes seront ajoutés.",,,,,,À l'étude,"Août 2018
Le gouvernement a autorisé la mise « À l’étude » du projet.",Ministre de l'Enseignement supérieur,Collège Dawson,Société québécoise des infrastructures,Enseignement supérieur,Éducation et culture,06 – Montréal,Collège Dawson,Montréal,Bonification
256,Polytechnique Montréal – Maintien et bonification,Acquisition et agrandissement du pavillon J.-Armand-Bombardier et rénovation des espaces libérés du pavillon principal de Polytechnique Montréal,"Le projet consiste à acquérir la partie de l’Université de Montréal du pavillon J.-Armand-Bombardier et à réaménager ces locaux pour les équipes de Polytechnique, à agrandir le pavillon J.-Armand-Bombardier et à rénover des secteurs très vétustes du pavillon principal de Polytechnique.",,,,,,À l'étude,"Août 2018
Le gouvernement a autorisé la mise « À l’étude » du projet.",Ministre de l'Enseignement supérieur,Polytechnique Montréal,Polytechnique Montréal en association avec la Société québécoise des infrastructures,Enseignement supérieur,Éducation et culture,06 – Montréal,Polytechnique Montréal,Montréal,Maintien et bonification
257,"Université du Québec en Outaouais, campus de Gatineau – Bonification",Réaménagement du campus de Gatineau de l’Université du Québec en Outaouais,"Le projet vise à réunifier les activités d’enseignement et de recherche afin de renforcer le volet recherche de l’Université, à bonifier l’offre de formation, à accroître la capacité d’accueil pour de nouveaux étudiants et étudiantes et à diminuer les coûts d’exploitation et de fonctionnement des installations.",,,,,,À l'étude,"Août 2018
Le gouvernement a autorisé la mise « À l’étude » du projet.
",Ministre de l'Enseignement supérieur,Université du Québec en Outaouais,Société québécoise des infrastructures,Enseignement supérieur,Éducation et culture,07 – Outaouais,Université du Québec en Outaouais,Gatineau,Bonification
258,"Métro de Montréal, voitures de métro AZUR additionnelles – Acquisition",Acquisition de 153 voitures AZUR additionnelles pour le métro de Montréal,Le projet vise l’acquisition de 153 voitures AZUR ainsi que des pièces de rechange et de l’outillage spécialisé additionnel.,580700000,300900000,279800000,2020-05-01,2021-10-01,En réalisation,"Novembre 2018
Le gouvernement a autorisé l’acquisition de 153 voitures AZUR additionnelles pour le métro de Montréal.",Ministre des Transports,Société de transport de Montréal,Société de transport de Montréal,Transport collectif,Économie et environnement,06 – Montréal,Métro de Montréal,Montréal,Acquisition
259,Édifice Gérard-D.-Levesque – Québec – Maintien,Réfection et réaménagement de l’édifice Gérard-D.-Levesque,"Le projet vise à réaliser des travaux de restauration, de mise aux normes et de réaménagement pour optimiser l’occupation de l’espace de l’immeuble.",,,,,,À l'étude,"Décembre 2018
Le gouvernement a autorisé la mise « À l’étude » du projet.",Ministre responsable de l'Administration gouvernementale,Société québécoise des infrastructures,Société québécoise des infrastructures,Administration gouvernementale,Gouverne et justice,03 – Capitale-Nationale,Édifice Gérard-D.-Levesque,Québec,Maintien
260,Centre de formation professionnelle 24-Juin du centre de services scolaire de la Région-de-Sherbrooke – Bonification,Ajout d’espace au Centre de formation professionnelle 24-Juin de la commission scolaire de la Région-de-Sherbrooke,Le projet consiste principalement à l’agrandissement et au réaménagement du bâtiment principal du Centre de formation professionnelle 24-Juin. Les travaux permettront d’avoir la capacité d’accueillir les étudiants de tous les programmes d’études offerts.,,,,,,À l'étude,"Janvier 2019
Le gouvernement a autorisé la mise « À l’étude » du projet.",Ministre de l'Éducation,Centre de services scolaire de la Région-de-Sherbrooke,Société québécoise des infrastructures,Éducation,Éducation et culture,05 – Estrie,Centre de formation professionnelle 24-Juin,Sherbrooke,Bonification
261,École FACE du centre de services scolaire de Montréal – Réfection et réaménagement,Réhabilitation de l’école FACE de la commission scolaire de Montréal_x000D_,"Le projet consiste à effectuer des travaux de réhabilitation majeure et de mise en conformité sur le bâtiment, nécessitant la relocalisation temporaire des élèves.
Ces travaux permettront d’assurer la sécurité des installations.",,,,,,En planification,"Janvier 2019
Le gouvernement a autorisé le projet à l’étape « En planification ».",Ministre de l'Éducation,Centre de services scolaire de Montréal,Société québécoise des infrastructures,Éducation,Éducation et culture,06 – Montréal,École FACE,Montréal,Réfection et réaménagement
262,École secondaire de la Magdeleine du centre de services scolaire des Grandes-Seigneuries – La Prairie – Agrandissement et réaménagement,Ajout d’espace et réaménagement de l’école secondaire de la Magdeleine de la commission scolaire des Grandes-Seigneuries,"Le projet consiste en l’agrandissement et au réaménagement de l’école afin que celle-ci puisse accueillir l’effectif scolaire croissant. De plus, des travaux sont nécessaires dans plusieurs locaux pour améliorer la fonctionnalité de l’école ainsi que pour en réduire la vétusté.",,,,,,En planification,"Décembre 2019
Le gouvernement a autorisé le projet à l’étape « En planification ».


Janvier 2019
Le gouvernement a autorisé la mise « À l’étude » du projet.",Ministre de l'Éducation,Centre de services scolaire des Grandes-Seigneuries,Société québécoise des infrastructures,Éducation,Éducation et culture,16 – Montérégie,École secondaire de la Magdeleine,La Prairie,Agrandissement et réaménagement
263,École primaire et secondaire du centre de services scolaire Marguerite-Bourgeoys – Montréal (arrondissement Verdun) – Construction,Ajout d’espace au primaire et au secondaire à L’Île-des-Sœurs de la commission scolaire Marguerite-Bourgeoys,"Le projet consiste à la construction d’une école primaire-secondaire à L’Île-des-Sœurs. Cette construction permettra à plusieurs élèves de l’île de fréquenter une école dans leur quartier, puisqu’il n’y en a aucune, actuellement.",,,,,,En planification,"Janvier 2019
Le gouvernement a autorisé le projet à l’étape « En planification ».
",Ministre de l'Éducation,Centre de services scolaire Marguerite-Bourgeoys,Société québécoise des infrastructures,Éducation,Éducation et culture,06 – Montréal,École primaire-secondaire,Montréal (arrondissement Verdun),Construction
264,"Hôpital de Saint-Eustache, urgence et unités de soins – Maintien et bonification",Modernisation de l’urgence et des unités de soins de l’hôpital de Saint-Eustache,"Le projet vise la modernisation de l’urgence, ce qui inclut l’ajout de civières, la conversion de chambres multiples en chambres individuelles et l’ajout de lits d’hospitalisation.",,,,,,À l'étude,"Janvier 2019
Le gouvernement a autorisé la mise « À l’étude » du projet.",Ministre de la Santé et des Services sociaux,Centre intégré de santé et de services sociaux de Lanaudière,Société québécoise des infrastructures,Santé et Services sociaux,Santé et Services sociaux,15 – Laurentides,Hôpital de Saint-Eustache,Saint-Eustache,Maintien et bonification
265,"Centre hospitalier régional d’Eeyou Istchee Baie-James, complexe hospitalier – Bonification",Construction d’un nouvel hôpital à Chisasibi,"Le projet vise à rehausser l’offre de soins et de services en santé physique ainsi que de services sociaux régionaux au sein d’une nouvelle installation située à Eeyou Istchee Baie-James, afin de mieux servir les neuf communautés cries de la région. Il prévoit aussi le maintien du volet Centre Miyupimaatisiiun communautaire, auquel s’ajouteront des services en soins traditionnels et en dépendance.",,,,,,À l'étude,"Janvier 2019
Le gouvernement a autorisé la mise « À l’étude » du projet.",Ministre de la Santé et des Services sociaux,Conseil cri de la santé et des services sociaux de la Baie James ,Conseil cri de la santé et des services sociaux de la Baie James en association avec la Société québécoise des infrastructures,Santé et Services sociaux,Santé et Services sociaux,10 – Nord-du-Québec,Centre hospitalier,Eeyou Istchee Baie-James,Bonification
266,Route 138 – Traverse Tadoussac-Baie-Sainte-Catherine – Réaménagement,Réaménagement de la route 138 pour la traverse entre Tadoussac et Baie-Sainte-Catherine,Le projet prévoit un réaménagement des voies de circulation pour un nouveau traversier reliant Tadoussac et Baie-Sainte-Catherine.,,,,,,En planification,"Mars 2019
Le ministre des Transports a autorisé le projet à l’étape « En planification ».",Ministre des Transports,Ministère des Transports,Ministère des Transports,Réseau routier,Économie et environnement,09 – Côte-Nord,Route 138,Tadoussac et Baie-Sainte-Catherine,Réaménagement
268,"Autoroute 40 (Félix-Leclerc) direction est, entre Kirkland et Baie-d’Urfé – Reconstruction",Reconstruction de la chaussée de béton de ciment de l’autoroute 40 à Kirkland et Baie-d’Urfé – Direction est,"Le projet vise à maintenir le niveau de service des infrastructures routières de l’autoroute 40 en direction est, du boulevard des Anciens-Combattants au boulevard Saint-Charles, à Senneville, Sainte-Anne-de-Bellevue, Baie-d’Urfé et Kirkland. Les dalles de béton existantes ont atteint leur durée de vie utile. Le projet consiste à les reconstruire et à assurer une qualité de roulement aux usagers de la route.",,,,,,En planification,"Mars 2019
Le ministre des Transports a autorisé le projet à l’étape « En planification ».",Ministre des Transports,Ministère des Transports,Ministère des Transports,Réseau routier,Économie et environnement,06 – Montréal,Autoroute 40,Kirkland et Baie-d’Urfé,Reconstruction
269,Pont de l’Île-d’Orléans entre Québec et l’Île-d’Orléans – Maintien,Maintien d’actifs requis sur le pont de l’Île-d’Orléans jusqu’à sa reconstruction,Le projet vise à effectuer divers travaux de réparations importantes afin de maintenir la circulation sur le pont d’ici la mise en service du nouveau pont vers l’Île-d’Orléans.,58500000,58500000,0,,,En réalisation,"Mars 2019
Le ministre des Transports a autorisé le projet à l’étape « En réalisation ».",Ministre des Transports,Ministère des Transports,Ministère des Transports,Réseau routier,Économie et environnement,03 – Capitale-Nationale,Pont de l’Île-d’Orléans, Québec et l’île-d’Orléans,Maintien
271,Pont d’étagement du chemin des Quatre-Bourgeois au-dessus de l’autoroute 73 – Québec – Reconstruction,Travaux sur le pont d’étagement du chemin des Quatre-Bourgeois au-dessus de l’autoroute 73 à Québec,"Le projet consiste à la reconstruction complète des structures situées sur le chemin des Quatre-Bourgeois, puisqu’elles ont atteint leur durée de vie utile. Cela permettra de mettre aux normes le dégagement de ces structures, ce qui autorisera le transport hors norme sur l’autoroute Henri-IV, et d’y inclure l’aménagement nécessaire au réseau structurant du transport en commun prévu par la Ville de Québec.",,,,,,En planification,"Mars 2019
Le ministre des Transports a autorisé le projet à l’étape « En planification ».",Ministre des Transports,Ministère des Transports,Ministère des Transports,Réseau routier,Économie et environnement,03 – Capitale-Nationale, Pont d’étagement du chemin des Quatre-Bourgeois,Québec,Reconstruction
272,Programme d’entretien des infrastructures de la STM (phase II) – Montréal – Maintien,Programme d’entretien des infrastructures de la Société de transport de Montréal – Phase II,Le programme d’entretien majeur des infrastructures (PEMI Phase II) regroupe différents travaux de réfection partielle ou complète de l’infrastructure des centres de transport et du plateau Youville.,,,,,,En planification,"Mars 2019
Le ministre des Transports a autorisé le projet à l’étape « En planification ».",Ministre des Transports,Société de transport de Montréal,Société de transport de Montréal,Transport collectif,Économie et environnement,06 – Montréal,Société de transport de Montréal,Montréal,Maintien
273,Route d’Obedjiwan entre La Tuque et Lac-Ashuapmushuan – Réaménagement,Amélioration de la route Obedjiwan à La Tuque et Lac-Ashuapmushuan,"Le projet vise à améliorer la qualité et la sécurité de la route d’accès à la communauté autochtone d’Obedjiwan, qui débute sur la route 167. Il est issu d’un plan d’intervention qui vise à corriger la géométrie de cinq secteurs déficients et à élargir à deux voies les huit ponts existants afin de permettre la circulation dans les deux sens sur toute la route. Au terme du projet, dix ponts seront construits, dont quatre seront situés à l’intérieur de deux nouveaux tracés.",77200000,77200000,0,2016-04-30,2024-12-31,En réalisation,"Mars 2020
Le ministre des Transports a autorisé que la date de mise en service complète, initialement prévue en décembre 2022, soit reportée à décembre 2024.


Mars 2019
Le ministre des Transports a autorisé le projet à l’étape « En réalisation ».
",Ministre des Transports,Ministère des Transports,Ministère des Transports,Réseau routier,Économie et environnement,02 – Saguenay–Lac-Saint-Jean; 04 – Mauricie, Route Obedjiwan,La Tuque et Lac-Ashuapmushuan,Réaménagement
274,Autoroute 13 entre Saint-Eustache et Mirabel – Bonification,Optimisation des déplacements dans le corridor de l’autoroute 13 entre les autoroutes 640 et 50,Le projet vise la mise en œuvre d’une solution de transport dans le secteur situé dans le prolongement de l’autoroute 13 afin d’améliorer les déplacements au nord de l’autoroute 640.,,,,,,À l'étude,"Mars 2019
Le gouvernement a autorisé le projet à l’étape « À l’étude ».",Ministre des Transports,Ministère des Transports,Ministère des Transports,Réseau routier,Économie et environnement,06 – Montréal,Autoroute 13,"Saint-Eustache
Mirabel",Bonification
276,"Voies réservées sur les autoroutes 13, 20, 25, 440, 640 et la route 116 – Région métropolitaine de Montréal – Bonification","Implantation d’un réseau métropolitain de voies réservées pour les autoroutes 13, 20, 25, 440, 640 et la route 116","Le projet vise à implanter un réseau métropolitain de voies réservées accueillant des autobus, du covoiturage et des véhicules collectifs à guidage autonome et ainsi faciliter l’accès aux modes lourds et l’optimisation de la desserte en transport collectif des pôles d’activités en périphérie.",,,,,,À l'étude,"Mars 2019
Le gouvernement a autorisé la mise « À l’étude» du projet.",Ministre des Transports,Ministère des Transports,Ministère des Transports,Transport collectif,Économie et environnement,05 – Estrie; 13 – Laval; 15 – Laurentides; 16 – Montérégie,"Voies réservées sur les autoroutes 13, 20, 25, 440, 640 et la route 116",Région de Montréal,Bonification
277,Route 132 entre Delson et Sainte-Catherine – Saint-Constant – Bonification,Réaménagement de la route 132 entre la rue Principale à Delson et l’autoroute 730 à Sainte-Catherine et Saint-Constant ,"Le projet consiste au réaménagement d’un tronçon de la route 132 et vise notamment à améliorer l’offre de transport collectif et actif, afin d’appuyer le redéveloppement urbain en bordure du corridor routier.",,,,,,À l'étude,"Mars 2019
Le gouvernement a autorisé la mise « À l’étude » du projet.",Ministre des Transports,Ministère des Transports,Ministère des Transports,Réseau routier,Économie et environnement,16 – Montérégie,Route 132,Sainte-Catherine et Saint-Constant,Bonification
278,Projets structurants de transport collectif électrique dans les axes du boulevard Taschereau et du prolongement de la ligne jaune du réseau de métro – Bonification,Implantation d’un mode de transport collectif structurant sur le boulevard Taschereau à Longueuil,"Le projet vise l’implantation d’un mode structurant de transport collectif dans l’axe du boulevard Taschereau et dans l’axe du prolongement de la ligne jaune permettant de répondre aux besoins de mobilité de l’agglomération de la ville de Longueuil et de la couronne sud, dans l’optique d’offrir une alternative concurrentielle à l’utilisation de l’automobile.",,,,,,À l'étude,"Mars 2019
Le gouvernement a autorisé la mise « À l’étude » du projet.
",Ministre des Transports,Réseau de transport de Longueuil,Réseau de transport de Longueuil,Transport collectif,Économie et environnement,16 – Montérégie,Transport collectif électrique,Longueuil,Bonification
279,"Projets structurants de transport collectif électrique pour relier l’Est, le Nord-Est et le Sud-Ouest de Montréal au centre-ville – Bonification",Implantation d’un mode de transport collectif structurant dans l’est de Montréal,Le projet vise l’implantation d’un mode structurant de transport collectif qui desservira la pointe de l’île jusqu’au centre-ville de Montréal et qui reliera également le sud-ouest jusqu’au centre-ville de Montréal.,,,,,,À l'étude,"Mars 2020
Le gouvernement a autorisé que le projet de transport collectif structurant dans l’est de Montréal qui incluait la branche Nord-Est et qui était déjà à l’étude soit fusionné avec celui nouvellement mis l’étude, soit l’ajout de la branche reliant le Sud-Ouest au centre-ville de Montréal.


Mars 2019
Le gouvernement a autorisé la mise « À l’étude » du projet.
",Ministre des Transports,Autorité régionale de transport métropolitain ,Autorité régionale de transport métropolitain,Transport collectif,Économie et environnement,06 – Montréal,Transport collectif électrique,Montréal,Bonification
281,Centre d’attachement Viau de la STM – Montréal – Agrandissement,Agrandissement du centre d’attachement Viau pour les véhicules d’entretien du métro de Montréal,Le projet vise à améliorer la capacité du centre d’attachement et le parc de convois de véhicules de travaux de la Société de transport de Montréal afin de faire face à l’augmentation des projets réalisés dans le cadre des programmes Réno-Infrastructures et Réno-Systèmes.,,,,,,En planification,"Avril 2019
Le ministre des Transports a autorisé le projet à l’étape « En planification ».",Ministre des Transports,Société de transport de Montréal,Société de transport de Montréal,Transport collectif,Économie et environnement,06 – Montréal,Centre d’attachement Viau de la Société de transport de Montréal,Montréal,Agrandissement
282,Centre de transport Anjou de la STM – Montréal – Agrandissement,"Agrandissement de trois des centres de transport pour les autobus de la Société de transport de Montréal (Anjou, Legendre et Saint-Laurent)","Le projet vise l’agrandissement du centre de transport Anjou de la Société de transport de Montréal, afin qu’il soit en mesure de gérer des autobus supplémentaires. Cet agrandissement sera également conçu avec l’intégration les requis nécessaires à la recharge des autobus électriques, en prévision de la mise en œuvre de l’électrification du réseau d’autobus.",,,,,,En planification,"Mars 2020
Le ministre des Transports a autorisé que le projet Agrandissement de trois des centres de transport pour les autobus de la Société de transport de Montréal (Anjou, Legendre et Saint-Laurent) soit scindé en trois projets distincts.
Les projets Centre de transport Legendre de la STM – Montréal – Agrandissement et Centre de transport Saint-Laurent de la STM – Montréal – Agrandissement sont également diffusés à l’étape « En planification ».


Mars 2019
Le ministre des Transports a autorisé le projet à l’étape « En planification ».",Ministre des Transports,Société de transport de Montréal,Société de transport de Montréal,Transport collectif,Économie et environnement,06 – Montréal,Centres de transport Anjou de la Société de transport de Montréal ,Montréal,Agrandissement
283,Centre de transport de l’Est de la STM – Montréal – Construction,Construction du centre de transport de l’Est pour les autobus de la Société de transport de Montréal,Le projet consiste à construire un nouveau centre de transport pouvant accueillir 250 autobus et intégrant toutes les fonctionnalités requises pour l’exploitation d’un réseau de transport en commun et l’entretien des autobus.,,,,,,En planification,"Mars 2019
Le ministre des Transports a autorisé le projet à l’étape « En planification ».",Ministre des Transports,Société de transport de Montréal,Société de transport de Montréal,Transport collectif,Économie et environnement,06 – Montréal,Centre de transport de l’Est de la Société de transport de Montréal,Montréal,Construction
284,"Réseau de train de banlieue d’exo, locomotives diesel – Région métropolitaine de Montréal – Remplacement",Acquisition de locomotives diesel pour le réseau de train de banlieue d’exo,"Le projet consiste à remplacer, dans une première phase, 10 locomotives F59PH âgées de 30 ans, et dans une seconde, 11 locomotives F59PHI qui atteindront leur fin de vie utile d’ici 2028. Les nouvelles locomotives permettront d’augmenter le nombre de voitures par train tout en respectant les normes environnementales EPA Tier 4.",360900000,259800000,101100000,2023-09-01,2026-12-31,En réalisation,"Mars 2020
Le ministre des Transports a autorisé le projet à l’étape « En réalisation ».


Avril 2019
Le ministre des Transports a autorisé le projet à l’étape « En planification ».",Ministre des Transports,Exo,Exo,Transport collectif,Économie et environnement,06 – Montréal,Réseau de train de banlieue d’exo,Montréal,Remplacement
285,"Réseau de train de banlieue d’exo, voitures passagers (type 2000) – Région métropolitaine de Montréal – Acquisition",Acquisition de voitures additionnelles (type 2000) pour le réseau de train de banlieue d’exo,Le projet vise à acquérir de nouvelles voitures pour les trains de banlieue d’exo afin de rétablir la réserve opérationnelle de l’ensemble du réseau et soutenir le programme de maintien des actifs des voitures de série 2000 et 3000.,,,,,,En planification,"Avril 2019
Le ministre des Transports a autorisé le projet à l’étape « En planification ».",Ministre des Transports,Exo,Exo,Transport collectif,Économie et environnement,06 – Montréal,Réseau de train de banlieue d’exo,Montréal,Acquisition
286,Autoroute 20 entre la route du Président-Kennedy et l’accès au pont Pierre-Laporte – Lévis – Élargissement,Élargissement de l’autoroute 20 à Lévis,"Le projet consiste en l’ajout d’une 3e voie de circulation sur l’autoroute 20, dans les deux directions, pour améliorer la sécurité et la fluidité entre l’échangeur 325 (Président-Kennedy) et les accès sud aux ponts Pierre-Laporte et de Québec. Cet ajout est préconisé afin de limiter la densité de trafic qui est très élevée aux heures de pointe du matin et du soir.",,,,,,En planification,"Mars 2019
Le ministre des Transports a autorisé le projet à l’étape « En planification ».",Ministre des Transports,Ministère des Transports,Ministère des Transports,Réseau routier,Économie et environnement,12 – Chaudière-Appalaches,Autoroute 20,Lévis,Élargissement
287,"Centre hospitalier de l’Outaouais, complexe hospitalier – Bonification",Nouvelle offre de services hospitaliers en Outaouais,"Les hôpitaux de la région de l’Outaouais sont confrontés depuis plusieurs années à d’importantes limitations physiques qui entravent leur capacité à répondre à une demande accrue de services. Les deux hôpitaux actuels soit l’hôpital de Hull et l’hôpital de Gatineau sont occupés au maximum de leur capacité et ne peuvent répondre à la demande sans cesse croissante.
 
Dans un souci d’offrir à sa population l’ensemble des services médicaux, il est envisagé de bonifier et d’ajouter plusieurs services sur le territoire, notamment en augmentant le nombre de lits de courte durée. Cette nouvelle offre de service permettra de désengorger les deux hôpitaux existants.
",,,,,,À l'étude,"Mars 2019
Le gouvernement a autorisé la mise « À l’étude » du projet.",Ministre de la Santé et des Services sociaux,Centre intégré de santé et de services sociaux de l'Outaouais,Société québécoise des infrastructures,Santé et Services sociaux,Santé et Services sociaux,07 – Outaouais,Centre hospitalier de l’Outaouais,Hull et Gatineau,Bonification
288,"Métro de Montréal, postes abaisseurs pour l’alimentation électrique (phase I) – Réfection",Remplacement des postes abaisseurs de 12 kilovolts du réseau de métro de Montréal par des postes abaisseurs de 25 kilovolts,"Le projet de la Société de transport de Montréal vise à convertir ses postes de distribution de 12 kV à 25 kV, à la suite de la nouvelle réglementation d’Hydro-Québec concernant l’approvisionnement en électricité. Elle devra construire des postes qui hébergeront des transformateurs afin de maintenir le service du métro.",,,,,,En planification,"Mars 2019
Le ministre des Transports a autorisé le projet à l’étape « En planification ».",Ministre des Transports,Société de transport de Montréal,Société de transport de Montréal,Transport collectif,Économie et environnement,06 – Montréal,Postes abaisseurs du réseau de métro de Montréal,Montréal,Réfection
289,Centre d’exploitation du Vieux-Longueuil du RTL – Longueuil – Réfection,Électrification du centre d’exploitation du Réseau de transport de Longueuil,Le projet vise l’électrification des infrastructures d’entretien des garages du Réseau de transport de Longueuil nécessaire à l’entretien des autobus électriques. Il vise également la préparation aux changements occasionnés par le virage technologique des autobus électriques.,,,,,,En planification,"Mars 2019
Le ministre des Transports a autorisé le projet à l’étape « En planification ».",Ministre des Transports,Réseau de transport de Longueuil,Réseau de transport de Longueuil,Transport collectif,Économie et environnement,16 – Montérégie,Centre d’exploitation du Réseau de transport de Longueuil,Longueuil,Réfection
290,Pavillon Sainte-Famille – Ville-Marie – Agrandissement et réaménagement,Agrandissement et réaménagement du pavillon Sainte-Famille à Ville-Marie,"Le projet consiste à agrandir et à réaménager le pavillon Sainte-Famille, à Ville-Marie, afin de répondre aux besoins des secteurs suivants : l’unité d’urgence, l’unité de soins intensifs, le bloc opératoire, l’unité de retraitement des dispositifs médicaux, les consultations externes et la clinique d’oncologie. 
Les travaux comprendront un agrandissement d’une superficie de 3 621 m² et un réaménagement de 1 034 m².
",56400000,56400000,0,2021-01-31,2021-11-30,En réalisation,"Avril 2019
Le gouvernement a autorisé le projet à l’étape « En réalisation ».",Ministre de la Santé et des Services sociaux,Centre intégré de santé et de services sociaux de l'Abitibi-Témiscamingue,Société québécoise des infrastructures,Santé et Services sociaux,Santé et Services sociaux,08 – Abitibi-Témiscamingue,Pavillon Sainte-Famille,Ville-Marie,Agrandissement et réaménagement
291,"Hôpital Fleury, urgence – Montréal – Maintien et bonification",,"Le projet consiste à agrandir et à moderniser l’unité d’urgence afin de résoudre plusieurs problèmes connus, soit des locaux et espaces hors-normes  et mal adaptés aux nouveaux modes de prestation de soins et aux technologies médicales.",,,,,,À l'étude,"Mai 2019
Le gouvernement a autorisé la mise « À l’étude » du projet.",Ministre de la Santé et des Services sociaux,Centre intégré universitaire de santé et de services sociaux du Nord-de-l'Île-de-Montréal,Société québécoise des infrastructures,Santé et Services sociaux,Santé et Services sociaux,06 – Montréal,Hôpital Fleury,Montréal,Maintien et bonification
292,École secondaire du centre de services scolaire de Marguerite-Bourgeoys - Montréal (arrondissement Saint-Laurent) – Construction,"Ajout d’une école secondaire à la commission scolaire Marguerite-Bourgeoys, à Montréal (arrondissement Saint-Laurent)","Le projet consiste à aménager des bâtisses existantes acquises de la congrégation des Sœurs de Sainte-Croix situées dans l’arrondissement Saint-Laurent, à Montréal, afin de réduire le déficit d’espace reconnu en fonction des places élèves du centre de services scolaire Marguerite-Bourgeoys à Montréal.",,,,,,En planification,"Juin 2019
Le gouvernement a autorisé le projet à l’étape « En planification ».",Ministre de l'Éducation,Centre de services scolaire Marguerite-Bourgeoys,Société québécoise des infrastructures,Éducation,Éducation et culture,06 – Montréal,École secondaire,Montréal (arrondissement Saint-Laurent),Construction
293,École secondaire du centre de services scolaire des Premières-Seigneuries – Québec (arrondissement Charlesbourg) – Construction,"Construction d’une école secondaire à la commission scolaire des Premières-Seigneuries, à Québec (arrondissement Charlesbourg)","Le projet consiste en la construction d’une école secondaire sur le territoire du centre de services scolaire des Premières-Seigneuries, dans l’arrondissement Charlesbourg, à Québec. L’objectif est de réduire le déficit d’espace reconnu en fonction des places-élèves du centre de services scolaire.",,,,,,En planification,"Décembre 2019
Le gouvernement a autorisé le projet à l’étape « En planification ».
Juin 2019
Le gouvernement a autorisé la mise « À l’étude » du projet.",Ministre de l'Éducation,Centre de services scolaire des Premières-Seigneuries,Société québécoise des infrastructures,Éducation,Éducation et culture,03 – Capitale-Nationale,École secondaire,Québec (arrondissement Charlesbourg),Construction
294,École secondaire du centre de services scolaire Marguerite-Bourgeoys – Montréal (arrondissement LaSalle) – Construction,"Construction d’une école secondaire à la commission scolaire Marguerite-Bourgeoys, à Montréal (arrondissement LaSalle)","Le projet consiste en la construction d’une école secondaire d’une capacité d’accueil de 1 024 places-élèves à Montréal, dans l’arrondissement de LaSalle, afin de réduire le déficit d’espace reconnu du centre de services scolaire.",150800000,150800000,0,,2022-09-01,En réalisation,"Juin 2020
Le gouvernement a autorisé le projet à l’étape « En réalisation ».
Juin 2019
Le gouvernement a autorisé le projet à l’étape « En planification ».",Ministre de l'Éducation,Centre de services scolaire Marguerite-Bourgeoys,Société québécoise des infrastructures,Éducation,Éducation et culture,06 – Montréal,École secondaire,Montréal (arrondissement LaSalle),Construction
295,École secondaire du centre de services scolaire Marguerite-Bourgeoys – Montréal (secteur nord-ouest) – Construction,"Construction d’une école secondaire à la commission scolaire Marguerite-Bourgeoys, à Montréal (secteur Nord-Ouest)","Le projet consiste en la construction d’une école secondaire sur le territoire du centre de services scolaire Marguerite-Bourgeoys dans le secteur nord-ouest de Montréal, afin de réduire le déficit d’espace reconnu en fonction des places-élèves du centre de services scolaire.",,,,,,En planification,"Juin 2019
Le gouvernement a autorisé le projet à l’étape « En planification ».",Ministre de l'Éducation,Centre de services scolaire Marguerite-Bourgeoys,Société québécoise des infrastructures,Éducation,Éducation et culture,06 – Montréal,École secondaire,Montréal,Construction
296,École secondaire (A) du centre de services scolaire de la Pointe-de-l’Île – Montréal (arrondissement d’Anjou) – Construction,"Construction d’une école secondaire (A) à la commission scolaire de la Pointe-de-l’Île, à Montréal","Le projet consiste en la construction d’une des deux écoles secondaires prévues sur le territoire du centre de services scolaire de la Pointe-de-l’Île, dans l’arrondissement d’Anjou, à Montréal.
L’objectif est de réduire le déficit d’espace reconnu en fonction des places-élèves du centre de services scolaire.
",,,,,,En planification,"Décembre 2019
Le gouvernement a autorisé le projet à l’étape « En planification ».
Juin 2019
Le gouvernement a autorisé la mise « À l’étude » du projet.",Ministre de l'Éducation,Centre de services scolaire de la Pointe-de-l'Île,Société québécoise des infrastructures,Éducation,Éducation et culture,06 – Montréal,École secondaire,Montréal,Construction
297,École secondaire (B) du centre de services scolaire de la Pointe-de-l’Île (arrondissement de Montréal-Nord) – Montréal – Construction,"Construction d’une école secondaire (B) à la commission scolaire de la Pointe-de-l’Île, à Montreal","Le projet consiste en la construction d’une des deux écoles secondaires prévues sur le territoire du centre de services scolaire de la Pointe-de-l’Île, dans l’arrondissement de Montréal-Nord, à Montréal. L’objectif est de réduire le déficit d’espace reconnu en fonction des places-élèves du centre de services scolaire.",,,,,,En planification,"Décembre 2019
Le gouvernement a autorisé le projet à l’étape « En planification »
Juin 2019
Le gouvernement a autorisé la mise « À l’étude » du projet.",Ministre de l'Éducation,Centre de services scolaire de la Pointe-de-l'Île,Société québécoise des infrastructures,Éducation,Éducation et culture,06 – Montréal,École secondaire,Montréal,Construction
298,École secondaire d’Anjou du centre de services scolaire de la Pointe-de-l’Île – Agrandissement,"Agrandissement de l’école secondaire d’Anjou de la commission scolaire de la Pointe-de-l’Île, à Montréal","Le projet consiste en l’agrandissement de l’école secondaire d’Anjou du centre de services scolaire de la Pointe-de-l’Île, à Montréal, afin de réduire le déficit d’espace reconnu en fonction des places-élèves du centre de services scolaire.",,,,,,En planification,"Juin 2019
Le gouvernement a autorisé le projet à l’étape « En planification ».",Ministre de l'Éducation,Centre de services scolaire de la Pointe-de-l'Île,Société québécoise des infrastructures,Éducation,Éducation et culture,06 – Montréal,École secondaire d’Anjou,Anjou,Agrandissement
299,École secondaire du centre de services scolaire des Trois-Lacs – Saint-Zotique – Construction,"Construction d’une école secondaire à la commission scolaire des Trois-Lacs, à Saint-Zotique","Le projet consiste en la construction d’une école secondaire sur le territoire du centre de services scolaire des Trois-Lacs, à Saint-Zotique, afin de réduire le déficit d’espace reconnu en fonction des places-élèves du centre de services scolaire.",,,,,,En planification,"Juin 2019
Le gouvernement a autorisé le projet à l’étape « En planification ».",Ministre de l'Éducation,Centre de services scolaire des Trois-Lacs,Société québécoise des infrastructures,Éducation,Éducation et culture,16 – Montérégie,École secondaire,Saint-Zotique,Construction
300,École secondaire du centre de services scolaire des Trois-Lacs – Vaudreuil-Dorion – Construction,"Construction d’une école secondaire à la commission scolaire des Trois-Lacs, à Vaudreuil-Dorion","Le projet consiste en la construction d’une école secondaire sur le territoire du centre de services scolaire des Trois-Lacs, à Vaudreuil-Dorion, afin de réduire le déficit d’espace reconnu en fonction des places-élèves du centre de services scolaire.",,,,,,En planification,"Juin 2019
Le gouvernement a autorisé le projet à l’étape « En planification ».",Ministre de l'Éducation,Centre de services scolaire des Trois-Lacs,Société québécoise des infrastructures,Éducation,Éducation et culture,16 – Montérégie,École secondaire,Vaudreuil-Dorion,Construction
301,École secondaire du centre de services scolaire de la Seigneurie-des-Mille-Îles – Mirabel – Construction,"Construction d’une école secondaire à la commission scolaire de la Seigneurie-des-Mille-Îles, à Mirabel","Le projet consiste en la construction d’une école secondaire d’une capacité d’accueil de 1 280 places-élèves à Mirabel, dans le secteur de Saint-Augustin, afin de réduire le déficit d’espace reconnu du centre de services scolaire.",150000000,148600000,1400000,,2022-09-01,En réalisation,"Juin 2020
Le gouvernement a autorisé le projet à l’étape « En réalisation ».
Juin 2019
Le gouvernement a autorisé le projet à l’étape « En planification ».",Ministre de l'Éducation,Centre de services scolaire de la Seigneurie-des-Mille-Îles,Société québécoise des infrastructures,Éducation,Éducation et culture,15 – Laurentides,École secondaire,Mirabel,Construction
302,École secondaire du centre de services scolaire de la Rivière-du-Nord – Saint-Jérôme – Construction,"Construction d’une école secondaire à la commission scolaire de la Rivière-du-Nord, à Saint-Jérome","Le projet consiste en la construction d’une école secondaire sur le territoire du centre de services scolaire de la Rivière-du-Nord, à Saint-Jérôme, afin de réduire le déficit d’espace reconnu en fonction des places-élèves du centre de services scolaire.",,,,,,En planification,"Juin 2019
Le gouvernement a autorisé le projet à l’étape « En planification ».",Ministre de l'Éducation,Centre de services scolaire de la Rivière-du-Nord,Société québécoise des infrastructures,Éducation,Éducation et culture,15 – Laurentides,École secondaire,Saint-Jérôme,Construction
303,École secondaire du centre de services scolaire des Affluents – Terrebonne – Construction,"Construction d’une école secondaire à la commission scolaire des Affluents, à Terrebonne","Le projet consiste en la construction d’une école secondaire sur le territoire du centre de services scolaire des Affluents, à Terrebonne, afin de réduire le déficit d’espace reconnu en fonction des places-élèves du centre de services scolaire.",,,,,,En planification,"Juin 2019
Le gouvernement a autorisé le projet à l’étape « En planification ».",Ministre de l'Éducation,Centre de services scolaire des Affluents,Société québécoise des infrastructures,Éducation,Éducation et culture,14 – Lanaudière,École secondaire,Terrebonne,Construction
304,École secondaire du centre de services scolaire des Chênes – Drummondville – Construction,"Construction d’une école secondaire à la commission scolaire des Chênes, à Drummondville","Le projet consiste en la construction d’une école secondaire sur le territoire du centre de services scolaire des Chênes, dans le secteur de Saint-Nicéphore, à Drummondville. L’objectif est de réduire le déficit d’espace reconnu en fonction des places-élèves du centre de services scolaire.",,,,,,En planification,"Décembre 2019
Le gouvernement a autorisé le projet à l’étape « En planification ».
Juin 2019
Le gouvernement a autorisé la mise « À l’étude » du projet.",Ministre de l'Éducation,Centre de services scolaire des Chênes,Société québécoise des infrastructures,Éducation,Éducation et culture,17 – Centre-du-Québec,École secondaire,Drummondville,Construction
305,École secondaire de Chambly du centre de services scolaire des Patriotes– Agrandissement,Agrandissement de l’école secondaire de Chambly de la commission scolaire des Patriotes,"Le projet consiste en l’agrandissement de l’école secondaire de Chambly par la construction d’un bâtiment d’une capacité d’accueil de 1 365 places-élèves sur le site actuel de l’école, afin de réduire le déficit d’espace reconnu du centre de services scolaire.",158400000,158400000,0,,2022-09-01,En réalisation,"Juin 2020
Le gouvernement a autorisé le projet à l’étape « En réalisation ».
Juin 2019
Le gouvernement a autorisé le projet à l’étape « En planification ».",Ministre de l'Éducation,Centre de services scolaire des Patriotes,Société québécoise des infrastructures,Éducation,Éducation et culture,16 – Montérégie,École secondaire de Chambly,Chambly,Agrandissement
306,Route 389 entre Baie-Comeau et la centrale Jean-Lesage (Manic-2) – Reconstruction,Réfection de la route 389 entre Baie-Comeau et Fermont – Projet B,"Ce projet s’inscrit dans un vaste programme d’amélioration de la route 389, entre Baie-Comeau et Fermont, qui vise à réaliser les correctifs essentiels à l’optimisation de la sécurité et du confort des usagers ainsi qu’à faciliter l’accès aux ressources et au Nord-du-Québec. Dans le secteur de près de 22 kilomètres, entre Baie-Comeau et la centrale hydroélectrique Jean-Lesage (Manic-2), les travaux de relocalisation des quatre premiers kilomètres, à partir de la route 138, sont terminés. La réfection complète de la route, entre les kilomètres 4 et 22, débutera en 2020.",121800000,75100000,46700000,,2022-11-30,En réalisation,"Mars 2020
Le gouvernement a autorisé une hausse de 9,5 M$ au coût du projet. Initialement prévu à 112,3 M$, le coût est maintenant de 121,8 M$. Ainsi, la contribution du Québec passe de 65,6 M$ à 75,1 M$, et celle des partenaires demeure à 46,7 M$.


Avril 2019
Le gouvernement a autorisé le projet à l’étape « En réalisation ».
",Ministre des Transports,Ministère des Transports,Ministère des Transports,Réseau routier,Économie et environnement,09 – Côte-Nord,Route 389,"Baie-Comeau
Fermont",Reconstruction
307,École secondaire du centre de services scolaire de Laval (secteur de Pont-Viau) – Construction,"Construction d’une école secondaire à la commission scolaire de Laval, à Laval","Le projet consiste en la construction d’une école secondaire d’une capacité d’accueil de 2 150 places-élèves à Laval, dans le secteur de Pont-Viau, afin de réduire le déficit d’espace reconnu du centre de services scolaire.",233100000,233100000,0,,2022-09-01,En réalisation,"Juin 2020
Le gouvernement a autorisé le projet à l’étape « En réalisation ».
Décembre 2019
Le gouvernement a autorisé le projet à l’étape « En planification ».
Juin 2019
Le gouvernement a autorisé la mise « À l’étude » du projet.",Ministre de l'Éducation,Centre de services scolaire de Laval,Société québécoise des infrastructures,Éducation,Éducation et culture,13 – Laval,École secondaire,Laval,Construction
308,Centre d’hébergement Saint-Augustin – Québec – Maintien et bonification,Modernisation du centre d’hébergement Saint-Augustin,"Le projet vise à déterminer la meilleure option, à long terme, pour satisfaire le besoin d’hébergement et de soins de longue durée des usagers de cet établissement. Le besoin est généré principalement par l’état de vétusté fonctionnelle et physique.",,,,,,À l'étude,"Juin 2019
Le gouvernement a autorisé la mise « À l’étude » du projet.",Ministre de la Santé et des Services sociaux,Centre intégré universitaire de santé et de services sociaux de la Capitale-Nationale,Société québécoise des infrastructures,Santé et Services sociaux,Santé et Services sociaux,03 – Capitale-Nationale,Centre d’hébergement Saint-Augustin,Québec,Maintien et bonification
309,"Hôpital Honoré-Mercier, urgence – Saint-Hyacinthe – Agrandissement et réaménagement",Agrandissement et de réaménagement de l’urgence de l’hôpital Honoré-Mercier,"Le projet consiste en un agrandissement et un réaménagement afin de répondre aux besoins des secteurs suivants : l’unité d’urgence, l’unité de médecine de jour, l’aire clinico-administrative de même que l’aire de soutien général et l’aire de soutien du personnel.
Les travaux comprendront un agrandissement d’une superficie d’environ 6 500 m², sur deux niveaux, et un réaménagement de plus de 1 300 m².
",69100000,69100000,0,,2021-11-30,En réalisation,"Juin 2019
Le gouvernement a autorisé le projet à l’étape « En réalisation ».",Ministre de la Santé et des Services sociaux,Centre intégré de santé et de services sociaux de la Montérégie-Est,Société québécoise des infrastructures,Santé et Services sociaux,Santé et Services sociaux,16 – Montérégie,Hôpital Honoré-Mercier,Saint-Hyacinthe,Agrandissement et réaménagement
310,"Hôpital de Sept-Îles, urgence et bloc opératoire – Maintien et bonification",Modernisation de l’hôpital de Sept-Îles,Les travaux comprendront un agrandissement d’une superficie d’environ 6 500 m² sur deux niveaux et un réaménagement de plus de 1 300 m².,,,,,,À l'étude,"Juin 2019
Le gouvernement a autorisé la mise « À l’étude » du projet.",Ministre de la Santé et des Services sociaux,Centre intégré de santé et de services sociaux de la Côte-Nord,Société québécoise des infrastructures,Santé et Services sociaux,Santé et Services sociaux,09 – Côte-Nord,Hôpital de Sept-Îles,Sept-Îles,Maintien et bonification
311,"Hôpital Santa Cabrini, bloc opératoire – Montréal – Agrandissement et réaménagement",Modernisation du bloc opératoire de l’hôpital Santa Cabrini,"Le projet consiste à moderniser le bloc opératoire et l’unité de retraitement des dispositifs médicaux de l’hôpital Santa Cabrini, afin de répondre aux problèmes cliniques et fonctionnels de ces secteurs et d’améliorer l’offre de services.
Il prévoit l’ajout de deux salles d’opération, pour un total de huit, et la mise aux normes de l’unité de retraitement des dispositifs médicaux. 
",,,,,,En planification,"Août 2020
Le projet a été autorisé à l’étape « En planification ».
Juillet 2019
Le projet a été autorisé à l'étape « À l’étude ».",Ministre de la Santé et des Services sociaux,Centre intégré universitaire de santé et de services sociaux de l'Est-de-l'Île-de-Montréal,Société québécoise des infrastructures,Santé et Services sociaux,Santé et Services sociaux,06 – Montréal,Hôpital Santa Cabrini,Montréal,Maintien et bonification
312,Collège Ahuntsic – Montréal – Bonification,Ajout d’espace au collège Ahuntsic,Le projet consiste en l’ajout d’espace ainsi qu’à un réaménagement afin de combler le déficit d’espace d’enseignement du collège Ahuntsic.,,,,,,À l'étude,"Juillet 2019
Le gouvernement a autorisé la mise « À l’étude » du projet.",Ministre de l'Enseignement supérieur,Collège Ahuntsic,Société québécoise des infrastructures,Enseignement supérieur,Éducation et culture,06 – Montréal,Collège Ahuntsic,Montréal,Bonification
313,"Université de Montréal, pavillon principal et complexe des sciences – Maintien et bonification",Ajout d’espace et réaménagement à l’Université de Montréal,"Le projet consiste en l’expansion de la première phase du complexe des sciences par l’ajout d’espace. Il vise à accueillir la totalité ou une partie des départements des sciences des données. L’espace libéré au pavillon André-Aisenstadt, situé au campus de la montagne, serait réaménagé afin que des activités de l’École de santé publique de l’Université de Montréal et de certains départements de la Faculté des arts et des sciences y soient relocalisées.",,,,,,À l'étude,"Juillet 2019
Le gouvernement a autorisé la mise « À l’étude » du projet.",Ministre de l'Enseignement supérieur,Université de Montréal,Université de Montréal en association avec la Société québécoise des infrastructures,Enseignement supérieur,Éducation et culture,06 – Montréal,Université de Montréal,Montréal,Maintien et bonification
314,"Cégep Édouard-Montpetit, cliniques-écoles – Longueuil – Maintien et bonification",Ajout d’espace et réaménagement des cliniques-écoles du cégep Édouard-Montpetit,"Le projet consiste à l’ajout de locaux et au réaménagement des ateliers-écoles au cégep Édouard-Montpetit, afin de permettre à celui-ci d’augmenter sa diplomation et de bonifier ses programmes d’études ainsi que ses services à la communauté.",,,,,,À l'étude,"Juillet 2019
Le gouvernement a autorisé la mise « À l’étude » du projet.",Ministre de l'Enseignement supérieur,Cégep Édouard-Montpetit,Société québécoise des infrastructures,Enseignement supérieur,Éducation et culture,16 – Montérégie,Cliniques-écoles du cégep Édouard-Montpetit,Longueuil,Maintien et bonification
315,Institut national de psychiatrie légale Philippe-Pinel – Montréal – Maintien et bonification,,"Le projet vise la modernisation de l’Institut, principalement par un agrandissement majeur, afin de réorganiser le secteur des services aux patients. De plus, il répond à une série de recommandations, comme l’ajout de lits d’hospitalisation ainsi que de ressources cliniques, professionnelles et de soutien, le renforcement de la mission d’enseignement et le maintien du programme de réinsertion sociale.",,,,,,À l'étude,"Août 2019
Le gouvernement a autorisé la mise « À l’étude » du projet.",Ministre de la Santé et des Services sociaux,Institut national de psychiatrie légale Philippe-Pinel,Société québécoise des infrastructures,Santé et Services sociaux,Santé et Services sociaux,06 – Montréal,Institut national de psychiatrie légale Philippe-Pinel,Montréal,Maintien et bonification
316,Centre d’attachement nord-ouest de la STM – Montréal – Construction,Construction du centre d’attachement nord-ouest pour l’entretien du réseau du métro de Montréal,"Le projet vise la construction d’un atelier souterrain, communément appelé centre d’attachement, qui comportera douze places de stationnement de convois d’entretien, dans le quadrant nord-ouest du réseau de métro, afin de soutenir la croissance du programme de maintien d’actifs de la Société de transport de Montréal.",,,,,,En planification,"Juin 2019
Le gouvernement a autorisé le projet à l’étape « En planification ».",Ministre des Transports,Autorité régionale de transport métropolitain conjointement avec la Société de transport de Montréal,Société de transport de Montréal en association avec la Société québécoise des infrastructures,Transport collectif,Économie et environnement,06 – Montréal,Centre d’attachement nord-ouest du métro de Montréal,Montréal,Construction
317,"Métro de Montréal, système de contrôle des trains sur la ligne bleue – Remplacement",Remplacement du système de contrôle de train de la ligne bleue du métro de Montréal,Le projet vise l’implantation d’une nouvelle technologie de contrôle de train sur la ligne bleue.,,,,,,En planification,"Juin 2019
Le gouvernement a autorisé le projet à l’étape « En planification ».",Ministre des Transports,Autorité régionale de transport métropolitain conjointement avec la Société de transport de Montréal,Société de transport de Montréal en association avec la Société québécoise des infrastructures,Transport collectif,Économie et environnement,06 – Montréal,Métro de Montréal,Montréal,Remplacement
318,Autoroute 35 entre Saint-Sébastien et Saint-Armand (phase III) – Construction,Prolongement de l’autoroute 35 (phase III) de Saint-Sébastien à Saint-Armand,"Le prolongement de l’autoroute 35 vise à compléter le lien entre Montréal et Boston pour accroître les échanges commerciaux et touristiques avec la Nouvelle-Angleterre. Ce projet améliorera la sécurité routière et la qualité de vie des résidants en bordure de la route 133 en y diminuant la circulation de transit. Le projet consiste à construire une autoroute à deux voies par direction sur chaussées séparées. La phase III de ce projet divisé en quatre phases vise à compléter le lien entre Saint-Sébastien et Saint-Armand, sur 8,9 km. Les deux premières phases du projet ont été mises en service en 2014, tandis que la phase IV est En planification.",222900000,140800000,82100000,,2023-09-30,En réalisation,"Mars 2020
Le gouvernement a autorisé une hausse de 20,7 M$ au coût du projet. Initialement prévu à 202,2 M$, le coût est maintenant de 222,9 M$. Ainsi, la contribution du Québec passe de 120,1 M$ à 140,8 M$ et celle des partenaires demeure à 82,1 M$.


Août 2019
Le gouvernement a autorisé le projet à l’étape « En réalisation ».

Le gouvernement a autorisé que le projet « Prolongement de l’autoroute 35 jusqu’à la frontière américaine – Phases III et IV » soit scindé en deux projets distincts. Ainsi, le projet « Prolongement de l’autoroute 35 (phase IV) de Saint-Armand jusqu’à la frontière américaine » demeure « En planification ». De plus, le projet « Prolongement de l’autoroute 35 (phase III) de Saint-Sébastien à Saint-Armand » est maintenant « En réalisation ».",Ministre des Transports,Ministère des Transports,Ministère des Transports,Réseau routier,Économie et environnement,16 – Montérégie,Autoroute 35,Saint-Sébastien et Saint-Armand ,Construction
319,Autoroute 50 entre Gatineau et L’Ange-Gardien – Élargissement,Amélioration de l’autoroute 50 entre Gatineau et L’Ange-Gardien ,"Le projet d’amélioration de l’autoroute 50, entre Gatineau et L’Ange-Gardien, consiste à la réalisation de travaux qui permettront de rehausser la sécurité de cette autoroute. Les travaux, sur ce tronçon de 7,8 km, ont été priorisés parmi les autres secteurs de l’autoroute, qui sont encore en voies contiguës.",,,,,,En planification,"Septembre 2019
Le gouvernement a autorisé le projet à l’étape « En planification ».

Le gouvernement a autorisé que le projet « Amélioration de l’autoroute 50 entre Gatineau et Mirabel » soit scindé en deux projets distincts. Ainsi, le projet renommé « Amélioration de l’autoroute 50 entre L’Ange-Gardien et Mirabel » demeure « À l’étude ». De plus, le projet « Amélioration de l’autoroute 50 entre Gatineau et L’Ange-Gardien » est maintenant « En planification ».",Ministre des Transports,Ministère des Transports,Ministère des Transports,Réseau routier,Économie et environnement,07 – Outaouais,Autoroute 50,Gatineau et L’Ange-Gardien,Élargissement
321,"Métro de Montréal, portes palières sur la ligne orange (phase I) – Acquisition",,Ce projet vise l’installation de portes automatiques sur les quais de treize stations de la ligne orange du métro de Montréal.,,,,,,En planification,"Mars 2020
Le ministre des Transports a autorisé le projet à l’étape « En planification ».",Ministre des Transports,Société de transport de Montréal,Société de transport de Montréal,Transport collectif,Économie et environnement,06 – Montréal,Métro de Montréal,Montréal,Acquisition
323,"Autoroute 40 (Métropolitaine) secteur est, entre les boulevards Provencher et Saint-Laurent – Montréal – Réfection","Autoroute Métropolitaine – Réfection majeure du secteur est, entre les boulevards Saint-Laurent et Provencher ","Le projet du secteur est de l’autoroute Métropolitaine consiste en une réfection majeure avec une reconstruction des côtés extérieurs des dalles et des glissières latérales, dans l’objectif d’éviter toute intervention importante pour une période de 25 ans.",,,,,,En planification,"Septembre 2019
Le gouvernement a autorisé le projet à l’étape « En planification ».
Compte tenu que le projet « Réfection majeure de l’autoroute Métropolitaine à Montréal » a été scindé en deux projets distincts. Soit, le présent projet « Autoroute Métropolitaine – Réfection majeure du secteur est, entre les boulevards Provencher et Saint-Laurent » et le projet « Autoroute Métropolitaine – Réfection majeure du secteur ouest, entre le boulevard Saint-Laurent et l’autoroute 520 » qui demeure « À l’étude ».",Ministre des Transports,Ministère des Transports,Ministère des Transports,Réseau routier,Économie et environnement,06 – Montréal,Autoroute 40 (Métropolitaine),Montréal,Réfection
324,École secondaire du centre de services scolaire Central Québec – Québec (arrondissement Sainte-Foy–Sillery–Cap-Rouge) – Maintien et bonification,"Construction d’une école secondaire à la commission scolaire Central Québec, à Québec","Le projet consiste en la construction d’une école secondaire sur le territoire du centre de services scolaire Central Québec dans l’arrondissement Sainte-Foy-Sillery-Cap-Rouge, à Québec, afin de remplacer deux installations devenues vétustes, soit les écoles Quebec High School et Saint-Patrick High School.",,,,,,À l'étude,"Novembre 2019
Le gouvernement a autorisé la mise « À l’étude » du projet.",Ministre de l'Éducation,Centre de services scolaire Central Québec,Société québécoise des infrastructures,Éducation,Éducation et culture,03 – Capitale-Nationale,École secondaire,Québec,Maintien et bonification
325,"Édifice du 1000, rue Fullum, bloc C – Montréal – Réfection",,"Le projet vise à réaliser des travaux de maintien d’actif, d’amélioration et d’aménagement du bloc C de l’édifice, en vue d’accueillir des clients gouvernementaux.",,,,,,En planification,"Juillet 2020
Le gouvernement a autorisé le projet à l’étape « En planification ».",Ministre responsable de l'Administration gouvernementale,Société québécoise des infrastructures,Société québécoise des infrastructures,Administration gouvernementale,Gouverne et justice,06 – Montréal,Édifice du 1000 rue Fullum,Montréal,Maintien et bonification
326,École secondaire Pierre-Bédard du centre de services scolaire des Grandes-Seigneuries – Saint-Rémi – Agrandissement et réaménagement,"Ajout d’espace et réaménagement de l’école secondaire Pierre-Bédard de la commission scolaire des Grandes-Seigneuries, à Saint-Rémi","Le projet consiste en l’agrandissement et au réaménagement de l’école secondaire Pierre-Bédard du centre de services scolaire des Grandes-Seigneuries, à Saint-Rémi, afin de réduire le déficit d’espace reconnu en fonction des places-élèves du centre de services scolaire.",,,,,,En planification,"Octobre 2019
Le gouvernement a autorisé le projet à l’étape « En planification ».",Ministre de l'Éducation,Centre de services scolaire des Grandes-Seigneuries,Société québécoise des infrastructures,Éducation,Éducation et culture,16 – Montérégie,École secondaire Pierre-Bédard,Saint-Rémi,Agrandissement et réaménagement
327,École secondaire Jacques-Leber du centre de services scolaire des Grandes-Seigneuries – Saint-Constant – Agrandissement et réaménagement,"Ajout d’espace et réaménagement de l’école secondaire Jacques-Leber de la commission scolaire des Grandes-Seigneuries, à Saint-Constant","Le projet consiste en l’agrandissement et au réaménagement de l’école secondaire Jacques-Leber, du centre de services scolaire des Grandes-Seigneuries, à Saint-Constant, afin de réduire le déficit d’espace reconnu en fonction des places-élèves du centre de services scolaire.",,,,,,En planification,"Octobre 2019
Le gouvernement a autorisé le projet à l’étape « En planification ».",Ministre de l'Éducation,Centre de services scolaire des Grandes-Seigneuries,Société québécoise des infrastructures,Éducation,Éducation et culture,16 – Montérégie,École secondaire Jacques-Leber,Saint-Constant,Agrandissement et réaménagement
328,Installations de la Société ferroviaire et portuaire de Pointe-Noire – Réaménagement et construction,Mise à niveau et accroissement de la capacité de traitement de la Société ferroviaire et portuaire de Pointe-Noire,"Le projet a pour but d’accroître la capacité des installations de la Société ferroviaire et portuaire de Pointe-Noire et de réaliser des travaux relatifs à la conformité environnementale de son site, dans un contexte de croissance de ses activités.",180000000,80000000,100000000,2019-06-01,2022-12-31,En réalisation,"Juin 2019
Le gouvernement a autorisé le projet à l’étape « En réalisation ».",Ministre de l'Énergie et des Ressources naturelles,Société du Plan Nord,Société ferroviaire et portuaire de Pointe-Noire s.e.c.,Développement du territoire nordique,Économie et environnement,09 – Côte-Nord,Réseau ferroviaire et portuaire de Pointe-Noire,Pointe-Noire,Réaménagement et construction
329,Centre de transport Legendre de la STM – Montréal – Agrandissement,"Agrandissement de trois des centres de transport pour les autobus de la Société de transport de Montréal (Anjou, Legendre et Saint-Laurent)","Le projet vise l’agrandissement du centre de transport Legendre, de la Société de transport de Montréal, afin qu’il soit en mesure de gérer des autobus supplémentaires. Cet agrandissement sera également conçu avec l’intégration des requis nécessaires à la recharge des autobus électriques, en prévision de la mise en œuvre de l’électrification du réseau d’autobus.",,,,,,En planification,"Mars 2020
Le ministre des Transports a autorisé que le projet Agrandissement de trois des centres de transport pour les autobus de la Société de transport de Montréal (Anjou, Legendre et Saint-Laurent) soit scindé en trois projets distincts.
Les projets Centre de transport Anjou de la STM – Montréal – Agrandissement et Centre de transport Saint-Laurent de la STM – Montréal – Agrandissement sont également diffusés à l’étape « En planification ».


Mars 2019
Le ministre des Transports a autorisé le projet à l’étape « En planification ».
",Ministre des Transports,Société de transport de Montréal,Société de transport de Montréal,Transport collectif,Économie et environnement,06 – Montréal,Centre de transport Legendre de la Société de transport de Montréal,Montréal,Agrandissement
330,Institut universitaire en santé mentale Douglas – Montréal – Réfection,,"Le projet prévoit un renouvellement des infrastructures de l’Institut universitaire en santé mentale Douglas. Il vise ainsi la mise aux normes fonctionnelles des bâtiments, l’augmentation de la capacité d’accueil pour la clientèle en services ambulatoires ainsi que l’extension de la mission d’enseignement et de recherche de l’Institut.",,,,,,À l'étude,"Décembre 2019
Le gouvernement a autorisé la mise « À l’étude » du projet.",Ministre de la Santé et des Services sociaux,Centre intégré universitaire de santé et de services sociaux de l'Ouest-de-l'Île-de-Montréal,Société québécoise des infrastructures,Santé et Services sociaux,Santé et Services sociaux,06 – Montréal,Centre de santé mentale Douglas,Montréal,Réfection
331,Maisons des aînés et alternatives – Régions administratives du Québec – Construction,,"Le présent projet consiste à déployer un minimum de 2 600 nouvelles places en hébergement et soins de longue durée. Des places situées dans des lieux non adaptés ou vétustes seront également reconstruites dans le cadre de cette démarche.

Ces projets seront conçus selon le nouveau modèle de Maisons des aînés et alternatives. Ce type d’hébergement rappellera davantage un domicile et favorisera les contacts humains ainsi qu’un mode de vie plus actif, entre autres, grâce à un accès à des espaces extérieurs aménagés et à des installations mieux adaptées aux besoins des proches aidants. Cette transformation sera aussi bénéfique pour le personnel qui travaille dans ces milieux et contribuera d’ailleurs à l’attractivité et à la rétention de cette main-d’œuvre.",,,,,,En planification,"Décembre 2019
Le gouvernement a autorisé le projet à l’étape « En planification ».",Ministre de la Santé et des Services sociaux,Ministère de la Santé et des Services sociaux,Société québécoise des infrastructures,Santé et Services sociaux,Santé et Services sociaux,Plusieurs régions du Québec,Maisons des aînés et alternatives,Région administratives du Québec,Construction
332,Centre de transport Saint-Laurent de la STM – Montréal – Agrandissement,"Agrandissement de trois des centres de transport pour les autobus de la Société de transport de Montréal (Anjou, Legendre et Saint-Laurent)","Le projet vise l’agrandissement du centre de transport Saint-Laurent, de la Société de transport de Montréal, afin qu’il soit en mesure de gérer des autobus supplémentaires. Cet agrandissement sera également conçu avec l’intégration des requis nécessaires à la recharge des autobus électriques, en prévision de la mise en œuvre de l’électrification du réseau d’autobus.",,,,,,En planification,"Mars 2020
Le ministre des Transports a autorisé que le projet « Agrandissement de trois des centres de transport pour les autobus de la Société de transport de Montréal (Anjou, Legendre et Saint-Laurent) » soit scindé en trois projets distincts.
Les projets « Centre de transport Anjou de la STM – Montréal – Agrandissement » et « Centre de transport Legendre de la STM – Montréal – Agrandissement » sont également diffusés à l’étape « En planification ».

Mars 2019
Le ministre des Transports a autorisé le projet à l’étape « En planification ».
",Ministre des Transports,Société de transport de Montréal,Société de transport de Montréal,Transport collectif,Économie et environnement,06 – Montréal,Centre de transport Saint-Laurent de la Société de transport de Montréal ,Montréal,Agrandissement
333,UAB sur l’autoroute 30 entre Candiac et Boucherville – Aménagement,,"Afin d’optimiser les déplacements dans ce corridor de grande affluence, le gouvernement entreprend des travaux à court terme afin de compléter les aménagements pour maximiser l’utilisation des accotements pour autobus (UAB). 

Ainsi, les travaux d’asphaltage et d’optimisation des accotements pour l’utilisation par les autobus sur ce tronçon de l’autoroute 30, rendront plus efficaces les déplacements en transport collectif vers les stations du REM situées à proximité de l’échangeur des autoroutes 10 et 30.
",,,,,,En planification,"Mars 2020
Le ministre des Transports a autorisé le projet à l’étape « En planification ».",Ministre des Transports,Ministère des Transports,Ministère des Transports,Transport collectif,Économie et environnement,16 – Montérégie,Autoroute 30,"Candiac
Boucherville",Aménagement
334,Garage du RTL – Longueuil – Construction,,"Le projet vise la construction d’un garage, dans le but de pallier un manque d’espace, notamment pour les véhicules électriques.",,,,,,En planification,"Mars 2020
Le ministre des Transports a autorisé le projet à l’étape « En planification ».",Ministre des Transports,Réseau de transport de Longueuil,Réseau de transport de Longueuil,Transport collectif,Économie et environnement,16 – Montérégie,Garage du RTL,Longueuil,Construction
335,Centre Métrobus du RTC – Québec – Bonification,,"Ce projet vise des modifications et un agrandissement du Centre Métrobus afin de répondre à une partie des problèmes liés à l’électrification de la flotte du RTC, tels que les équipements inadéquats pour l'entretien et l'exploitation des autobus électriques et le manque d'espace pour accueillir l'ensemble des véhicules.",,,,,,À l'étude,"Mars 2020
Le gouvernement a autorisé la mise « À l’étude » du projet.",Ministre des Transports,Réseau de transport de la Capitale,Réseau de transport de la Capitale,Transport collectif,Économie et environnement,03 – Capitale-Nationale,Centre Métrobus du Réseau de transport de la Capitale,Québec,Bonification
336,Centre d’exploitation du RTC – Québec – Bonification,,"Ce projet vise la construction d’un troisième centre d’exploitation, au milieu du réseau de transport collectif actuel, en vue d’améliorer l’efficacité et la fonctionnalité des activités avec des véhicules électriques. L’ajout d’un troisième centre d’exploitation permettra, en complémentarité avec le Centre Métrobus modifié et le Centre Lebourgneuf, de disposer de suffisamment d’espace pour la totalité de la flotte du RTC, sans en affecter les activités quotidiennes.",,,,,,À l'étude,"Mars 2020
Le gouvernement a autorisé la mise « À l’étude » du projet.",Ministre des Transports,Réseau de transport de la Capitale,Réseau de transport de la Capitale,Transport collectif,Économie et environnement,03 – Capitale-Nationale,Centre d’exploitation du Réseau de transport de la Capitale,Québec,Bonification
337,"REM, équipements de billettique – Région de Montréal – Acquisition",,"Le projet vise l’acquisition, l’installation et la mise en service des équipements de vente et de perception dans les stations du Réseau express métropolitain (REM) ainsi que leur intégration au système OPUS. Il s’inscrit dans l’intégration du REM à l’offre multimodale de la région et au cadre tarifaire de l’Autorité régionale de transport métropolitain.",,,,,,En planification,"Mars 2020
Le ministre des Transports a autorisé le projet à l’étape « En planification ».",Ministre des Transports,Autorité régionale de transport métropolitain,Autorité régionale de transport métropolitain,Transport collectif,Économie et environnement,06 – Montréal,REM,Montréal,Acquisition
338,Mesures prioritaires pour l’interconnexion du transport en commun entre Québec et Lévis – Québec – Bonification,,"Ce projet a pour objectif d’optimiser l’interconnexion des réseaux structurants de transport en commun. L’aménagement de mesures prioritaires au transport en commun permettra de fiabiliser le service interrives pour les usagers en provenance de Lévis et de la rive sud de Québec, en plus de leur permettre de correspondre efficacement avec le futur Réseau structurant de transport en commun de la Ville de Québec.",,,,,,À l'étude,"Mars 2020
Le gouvernement a autorisé la mise « À l’étude » du projet.",Ministre des Transports,Ministère des Transports,Ministère des Transports,Transport collectif,Économie et environnement,03 – Capitale-Nationale,Transport en commun,Québec et Lévis,Bonification
339,"Écoquartier, îlot central du technopôle Angus – Montréal – Construction",,"La Société du patrimoine Angus implante un écoquartier à vocation mixte, sur une friche industrielle contaminée d’une superficie de 37 000 m2, soit l’îlot central du technopôle Angus, situé dans l’arrondissement de Rosemont-La Petite-Patrie, à Montréal. Le projet prévoit 354 unités résidentielles, dont 80 % à des fins de logements sociaux et abordables, des salles de bureau, des locaux commerciaux et divers aménagements publics. 

La Ville de Montréal a reçu, en vertu du décret numéro 315-2018 du 21 mars 2018, une aide financière gouvernementale de 20,5 M$ pour soutenir la réalisation des infrastructures vertes de l’écoquartier (gestion des sols contaminés, infrastructures de gestion de l’eau, lieux publics, boucle énergétique).
",,,,,,En planification,"Mars 2020
La ministre responsable de la Métropole et de la région de Montréal a autorisé le projet à l’étape « En planification ».",Ministre responsable de la Métropole et de la région de Montréal,Ville de Montréal,Société du patrimoine Angus,Municipalités,Économie et environnement,06 – Montréal,Îlot central du technopôle Angus ,Montréal,Construction
340,Projet structurant de transport collectif de type service rapide par bus dans l’axe des boulevards Notre-Dame et de la Concorde – Laval – Bonification,,"Le projet vise l’implantation d’un mode structurant de transport collectif dans l’axe des boulevards Notre-Dame et de la Concorde, sur le territoire de Laval, qui permettrait de répondre à certains enjeux de mobilité pressants.",,,,,,À l'étude,"Mars 2020
Le gouvernement a autorisé la mise « À l’étude » du projet.",Ministre des Transports,Autorité régionale de transport métropolitain,Autorité régionale de transport métropolitain en association avec le ministère des Transports,Transport collectif,Économie et environnement,13 – Laval,Transport collectif,Laval,Bonification
341,"Bromont, montagne d’expériences – Construction et acquisition",,"Le projet vise à attirer davantage de touristes d’ici ou d’ailleurs pour les inciter à prolonger leur séjour dans la région afin d’accroître les retombées économiques. 

Il consiste notamment à l’agrandissement et à la modernisation des infrastructures d’accueil et d’accès à la montagne, à la mise en valeur de la montagne, à l’ajout d’activités et à la mise en place d’hébergements adaptés qui permettront d’enrichir l’offre durant les quatre saisons.
",75700000,9600000,66100000,2017-01-01,2025-05-31,En réalisation,"Mars 2020
La ministre du Tourisme a autorisé le projet à l’étape « En réalisation ».",Ministre du Tourisme,"Bromont, montagne d'expériences","Bromont, montagne d'expériences",Tourisme et activités récréatives,Économie et environnement,16 – Montérégie,Station touristique de Bromont,Bromont,Construction et acquisition
342,Station touristique Owl’s Head – Mansonville – Construction et acquisition,,"Le projet vise à attirer davantage de touristes d’ici ou d’ailleurs pour les inciter à prolonger leur séjour dans la région afin d’accroître les retombées économiques. 

Il consiste notamment à la modernisation des infrastructures actuelles et à l’ajout d’installations récréotouristiques, de même qu’à la mise en place d’hébergements intégrés et adaptés qui permettront d’enrichir l’offre durant les quatre saisons.
",161900000,20400000,141500000,2018-01-01,2025-04-30,En réalisation,"Mars 2020
La ministre du Tourisme a autorisé le projet à l’étape « En réalisation ».",Ministre du Tourisme,Destination Owl's Head inc.,Destination Owl's Head inc.,Tourisme et activités récréatives,Économie et environnement,05 – Estrie,Station touristique Owl’s Head ,Mansonville,Construction et acquisition
343,Pont Alonzo-Wright et approches est et ouest – Gatineau – Construction et réaménagement,,"Le projet consiste à l’élargissement du pont Alonzo-Wright, de deux à quatre, ce qui inclut le réaménagement du carrefour des côtés est (Avenue du pont et route 307) et ouest (chemin Alonzo Wright et route 105). Les voies ainsi ajoutées seront dédiées au transport collectif et au covoiturage. Le projet permettra d’améliorer la fonctionnalité, le bilan de sécurité et le niveau de service. Il assurera également la cohabitation entre les divers usagers (piétons, cyclistes, voitures et transport en commun).",,,,,,En planification,"Mars 2020
Le ministre des Transports a autorisé le projet à l’étape « En planification ».",Ministre des Transports,Ministère des Transports,Ministère des Transports,Réseau routier,Économie et environnement,07 – Outaouais,Pont Alonzo Wright,Gatineau,Construction et réaménagement
344,Route 158 entre Saint-Alexis et Joliette – Réaménagement,,"Le projet vise à renforcer la sécurité routière en plus d’améliorer la fluidité de la circulation de cet axe routier entre Saint-Alexis et Joliette. Il consiste au réaménagement de cette portion de la route 158, qui comportera quatre voies avec un séparateur physique ainsi qu’un échangeur, à l’intersection de la route 343, à Saint-Paul, et une bretelle d’accès de la route 158 est à partir du chemin Archambault, à Crabtree.",,,,,,En planification,"Mars 2020
Le ministre des Transports a autorisé le projet à l’étape « En planification ».",Ministre des Transports,Ministère des Transports,Ministère des Transports,Réseau routier,Économie et environnement,14 – Lanaudière,Route 158,"Saint-Alexis
Joliette",Réaménagement
345,Rue Notre-Dame Ouest entre le boulevard Angrignon et la rue De Courcelle (secteur de Turcot) – Montréal – Réaménagement,,"Le projet vise l’amélioration de l’axe Notre-Dame Ouest, dans le secteur de l’échangeur Turcot, pour ainsi favoriser la connectivité entre les différents secteurs de la ville de Montréal, via un réseau routier local plus performant.",,,,,,En planification,"Mars 2020
Le ministre des Transports a autorisé le projet à l’étape « En planification ».",Ministre des Transports,Ministère des Transports,Ville de Montréal,Réseau routier,Économie et environnement,06 – Montréal,Rue Notre-Dame,Montréal,Réaménagement
346,Route 139 – Granby – Réfection et construction,,"Le plan d’intervention sur la route 139 se situe entre l’autoroute 10 et la rue Dufferin. Il vise à améliorer la fluidité et la sécurité des usagers sur ce tronçon de la route 139. Il comporte trois interventions, soit le réaménagement de l’échangeur 68, la construction d’un échangeur, à l’intersection de la route 112, et le réaménagement de la route 139 entre la route 112 et la rue Dufferin, à Granby.",,,,,,En planification,"Mars 2020
Le ministre des Transports a autorisé le projet à l’étape « En planification ».",Ministre des Transports,Ministère des Transports,Ministère des Transports,Réseau routier,Économie et environnement,05 – Estrie,Route 139,Granby,Réfection et construction
347,Résidence Plaisance des Îles – Cap-aux-Meules – Construction,,"Le projet consiste à construire un édifice pour accueillir la Résidence Plaisance des Îles, qui sera évolutive et destinée à une clientèle multiple, sur le site de l’ancien CHSLD Villa Plaisance.",,,,,,En planification,"Mars 2020
La ministre de la Santé et des Services sociaux a autorisé le projet à l’étape « En planification ».",Ministre de la Santé et des Services sociaux,Résidence Plaisance des Îles,Résidence Plaisance des Îles,Santé et Services Sociaux,Santé et Services sociaux,11 – Gaspésie–Îles-de-la-Madeleine,Résidence Plaisance des Îles,Cap-aux-Meules,Agrandissement
348,Structures de l’autoroute 720 (arrondissement de Ville-Marie) – Montréal – Réfection ,,"Le projet concerne la portion de l’autoroute 720, entre l’avenue Greene et le tunnel Ville-Marie, qui n’a pas été reconstruite lors du projet de l’échangeur Turcot. Il vise à assurer la sécurité des usagers et la pérennité des infrastructures.",,,,,,En planification,"Mars 2020
Le ministre des Transports a autorisé le projet à l’étape « En planification ».",Ministre des Transports,Ministère des Transports,Ministère des Transports,Réseau routier,Économie et environnement,06 – Montréal,Autoroute 720,Montréal,Réfection
349,Centre de transport Bellechasse de la STM – Montréal – Acquisition,,Le projet vise la mise en place du volet d’électrification du futur centre de transport Bellechasse soit l’acquisition et l’installation d’équipements nécessaires à la recharge des autobus électriques.,,,,,,En planification,"Mars 2020
Le ministre des Transports a autorisé le projet à l’étape « En planification ».",Ministre des Transports,Société de transport de Montréal,Société de transport de Montréal en association avec le ministère des Transports,Transport collectif,Économie et environnement,06 – Montréal,Centre de transport Bellechasse de la Société de transport de Montréal,Montréal,Acquisition et construction
350,Modernisation de l’équipement avionique des avions CL-415,,Le projet consiste à une modernisation majeure des systèmes avioniques (électriques et électroniques) utilisés notamment pour la navigation des avions-citernes.,56200000,56200000,0,2020-05-01,2024-05-31,En réalisation,"Mars 2020
Le ministre des Transports a autorisé le projet à l’étape « En réalisation ».",Ministre des Transports,Ministère des Transports,Ministère des Transports,"Transport maritime, aérien, ferroviaire et autres",Économie et environnement,03 – Capitale-Nationale,Avion CL-415,Québec,Modernisation
351,Navire de relève – Centre et ouest du Québec – Acquisition,,"Le projet consiste à ajouter un navire de relève pour certaines traverses du centre et de l’ouest du Québec (Tadoussac–Baie-Sainte-Catherine, Saint-Joseph-de-la-Rive–Île-aux-Coudres et Sorel-Tracy–Saint-Ignace-de-Loyola).",,,,,,En planification,"Mars 2020
Le ministre des Transports a autorisé le projet à l’étape « En planification ».",Ministre des Transports,Société des traversiers du Québec,Société des traversiers du Québec,"Transport maritime, aérien, ferroviaire et autres",Économie et environnement,03 – Capitale-Nationale; 09 – Côte-Nord; 12 – Chaudière-Appalaches; 14 – Lanaudière; 16 – Montérégie,Navire,Centre et ouest du Québec,Acquisition
352,Réseau de télécommunication – Nunavik – Construction,,"Le projet permettra d’améliorer la capacité à large bande dans 5 collectivités au Nunavik, au moyen de fibre optique sous-marine et de technologie micro-ondes. Ce projet fournira un accès à un service à large bande dédié à 18 institutions publiques (éducation, sécurité publique, santé et services sociaux, etc.).",125700000,62600000,63100000,,2021-03-31,En réalisation,"Mars 2020
Le ministre de l’Économie et de l’Innovation a autorisé le projet à l’étape « En réalisation ».",Ministre de l'Économie et de l'Innovation,Société du Plan Nord,Administration régionale Kativik,Développement du territoire nordique,Économie et environnement,10 – Nord-du-Québec,Réseau de télécommunication,Nunavik,Construction
353,Infrastructures numériques – MRC d’Antoine-Labelle – Construction,,Le projet présenté consiste à connecter 16 478 logements et commerces répartis dans l’ensemble des 17 municipalités du territoire de la MRC par un réseau de fibres optiques.,50200000,13400000,36800000,2019-12-01,2022-11-30,En réalisation,"Mars 2020
Le ministre de l’Économie et de l’Innovation a autorisé le projet à l’étape « En réalisation ».",Ministre de l'Économie et de l'Innovation,MRC d'Antoine-Labelle,MRC d'Antoine-Labelle,"Agriculture, forêts, faune et autres",Économie et environnement,15 – Laurentides,Infrastructures numériques,MRC d’Antoine-Labelle,Construction
354,Autobus hybrides de douze mètres de la STM – Montréal – Remplacement,,"Le projet vise à acquérir 61 autobus hybrides, selon le plan de gestion du parc d’autobus.",60600000,24200000,36400000,2019-04-30,2020-04-30,En réalisation,"Mars 2020
Le ministre des Transports a autorisé le projet à l’étape « En réalisation ».",Ministre des Transports,Société de transport de Montréal,Société de transport de Montréal,Transport collectif,Économie et environnement,06 – Montréal,Autobus hybrides de 12 mètres de la Société de transport de Montréal,Montréal,Remplacement
355,Centres d’hébergement et de soins de longue durée – Montréal (secteur ouest de l’île) – Maintien,,"Le projet consiste à redéployer la clientèle actuellement hébergée dans l’hôpital de LaSalle et dans les CHSLD Grace Dart, Denis-Benjamin-Viger et de Dorval selon l’approche privilégiée des Maisons des aînés.

Toutes les options de rénovation, reconstruction sur le même site ou construction sur un ou plusieurs nouveaux sites seront examinées dans le cadre des études.",,,,,,À l'étude,"Mars 2020
Le gouvernement a autorisé la mise « À l’étude » du projet.",Ministre de la Santé et des Services sociaux,Centre intégré universitaire de santé et de services sociaux de l'Ouest-de-l'Île-de-Montréal,Société québécoise des infrastructures,Santé et Services sociaux,Santé et Services sociaux,06 – Montréal,Centres d’hébergement et de soins de longue durée,Montréal (secteur ouest de l’île),Maintien
356,Centres d’hébergement et de soins de longue durée – Lanaudière – Maintien,,"Le projet consiste à redéployer la clientèle actuellement hébergée dans les CHSLD Parphilia-Ferland et Saint-Eusèbe selon l’approche privilégiée des Maisons des aînés.

Toutes les options de rénovation, reconstruction sur le même site ou construction sur un ou plusieurs nouveaux sites seront examinées dans le cadre des études.",,,,,,À l'étude,"Mars 2020
Le gouvernement a autorisé la mise « À l’étude » du projet.",Ministre de la Santé et des Services sociaux,Centre intégré de santé et de services sociaux de Lanaudière,Société québécoise des infrastructures,Santé et Services sociaux,Santé et Services sociaux,14 – Lanaudière,Centres d’hébergement et de soins de longue durée,Région de Lanaudière,Maintien
357,"Hôpital Charles-Le Moyne, santé mentale – Longueuil – Maintien et bonification",,"Le projet consiste à déployer un centre intégré en santé mentale pour jeunes et adultes, à l’hôpital Charles-Le Moyne, afin de regrouper divers services existants et aussi d’augmenter l’offre de service.",,,,,,À l'étude,"Mars 2020
Le gouvernement a autorisé la mise « À l’étude » du projet.",Ministre de la Santé et des Services sociaux,Centre intégré de santé et de services sociaux de la Montérégie-Centre,Société québécoise des infrastructures,Santé et Services sociaux,Santé et Services sociaux,16 – Montérégie,Hôpital Charles-Le Moyne,Longueuil,Maintien et bonification
358,Voies réservées sur l’autoroute 20 entre Beloeil et Sainte-Julie  – Aménagement,,"La région métropolitaine de Montréal enregistre un nombre croissant de déplacements, et le principal mode de transport demeure le voiturage en solo. L’implantation d’une mesure en soutien aux déplacements en transport collectif et en covoiturage vise à améliorer les conditions de circulation des usagers qui optent pour ces modes, et ce, sans augmenter l’offre pour le voiturage en solo. Le segment de l’autoroute 20 Est compris entre la rue Principale, à Sainte-Julie, et la route 223, à Belœil, un tronçon de près de 13 km, offre un intéressant potentiel d’implantation d’une voie réservée pour le covoiturage et l’autobus, étant donné la congestion récurrente, les forts débits de circulation et le peu de contraintes physiques pour réaliser l’élargissement préconisé de la chaussée.",,,,,,En planification,"Mars 2020
Le ministre des Transports a autorisé le projet à l’étape « En planification ».",Ministre des Transports,Ministère des Transports,Ministère des Transports,Réseau routier,Économie et environnement,16 – Montérégie,Autoroute 20,Beloeil et Sainte-Julie,Aménagement
359,Projet structurant de transport collectif électrique pour relier le REM sur la Rive-Sud pour desservir le secteur de Chambly–Saint-Jean-sur-Richelieu – Bonification,,"Misant sur le déploiement du REM et sur les développements successifs réalisés aux abords des autoroutes 10 et 30, ce projet vise l’implantation d’un mode structurant de transport collectif qui permettra l’augmentation de l’utilisation du transport collectif dans le secteur Chambly–Saint-Jean-sur-Richelieu et la réduction de l’utilisation de l’auto solo dans des secteurs qui connaissent une bonne croissance démographique. L’analyse préliminaire de ce projet a été confiée à CDPQ infra.",,,,,,À l'étude,"Mars 2020
Le gouvernement a autorisé la mise « À l’étude » du projet.",Ministre des Transports,À déterminer,À déterminer,Transport collectif,Économie et environnement,16 – Montérégie,Transport collectif électrique,Chambly et Saint-Jean-sur-Richelieu,Bonification
360,Reconstruction des structures de l’autoroute 520 (Côte-de-Liesse) entre l’autoroute 20 et l’autoroute 40 — Montréal et Dorval — Reconstruction,,"Les projets visent la reconstruction de six ponts de l’autoroute 520 (Côte-de-Liesse) au-dessus du boulevard Cavendish, de la rue Hickmore, de la montée de Liesse, de l’autoroute 13, de la 43e Avenue et de la 55e Avenue. Ces structures sont situées entre l’autoroute 20 et l’autoroute 40 à Montréal et à Dorval. L’objectif est d’avoir de nouveaux ponts d’une durée de vie utile de 75 ans, conformément aux normes, ainsi que de séparer les structures de compétence municipale de celle sous la responsabilité du MTQ.",67600000,67600000,0,2015-03-01,2026-03-01,En réalisation,"Mars 2020
Le ministre des Transports a autorisé le projet à l’étape « En réalisation ».",Ministre des Transports,Ministère des Transports,Ministère des Transports,Réseau routier,Économie et environnement,06 – Montréal,Autoroute 520,"Montréal
Dorval",Reconstruction
361,Route 138 entre La Romaine et Tête-à-la-Baleine – Bonification,,"Le prolongement de la route 138, entre Kegaska et Vieux-Fort (environ 400 km), vise à relier les communautés du Golfe-du-Saint-Laurent entre elles et avec le reste du Québec et, ainsi, à désenclaver cette population qui n’a pas d’accès direct au réseau routier québécois. Plus particulièrement, le parachèvement de la route 138, entre La Romaine et Tête-à-la-Baleine, représente un segment d’environ 150 kilomètres qui permettra d’améliorer la mobilité des personnes et des marchandises ainsi que l’accès aux services et aux commerces.",,,,,,À l'étude,"Mars 2020
Le gouvernement a autorisé la mise « À l’étude » du projet.",Ministre des Transports,Ministère des Transports,Ministère des Transports,Réseau routier,Économie et environnement,09 – Côte-Nord,Route 138,Côte-Nord,Bonification
362,Route 138 entre La Tabatière et Vieux-Fort – Bonification,,"Le prolongement de la route 138, entre Kegaska et Vieux-Fort (environ 400 km), vise à relier les communautés du Golfe-du-Saint-Laurent entre elles et avec le reste du Québec et, ainsi, à désenclaver cette population qui n’a pas d’accès direct au réseau routier québécois. Plus particulièrement, le parachèvement de la route 138, entre La Tabatière et Vieux-Fort, représente un segment d’environ 150 kilomètres qui permettra d’améliorer la mobilité des personnes et des marchandises ainsi que l’accès aux services et aux commerces.",,,,,,À l'étude,"Mars 2020
Le gouvernement a autorisé la mise « À l’étude » du projet.",Ministre des Transports,Ministère des Transports,Ministère des Transports,Réseau routier,Économie et environnement,09 – Côte-Nord,Route 138,Côte-Nord,Bonification
363,Centres d’hébergement et de soins de longue durée – Montréal (secteur est de l’île) – Maintien,,"Le projet consiste à redéployer la clientèle actuellement hébergée dans les CHSLD Nicolet, Benjamin-Victor-Rousselot et Jeanne-Le Ber selon l’approche privilégiée des Maisons des aînés.

Toutes les options de rénovation, reconstruction sur le même site ou construction sur un ou plusieurs nouveaux sites seront examinées dans le cadre des études.",,,,,,À l'étude,"Mars 2020
Le gouvernement a autorisé la mise « À l’étude » du projet.",Ministre de la Santé et des Services sociaux,Centre intégré universitaire de santé et de services sociaux de l'Est-de-l'Île-de-Montréal,Société québécoise des infrastructures,Santé et Services sociaux,Santé et Services sociaux,06 – Montréal,Centres d’hébergement et de soins de longue durée,Montréal (secteur est de l’île),Maintien
364,Projets structurants de transport collectif électrique pour prolonger le REM vers le centre de Laval et relier l’Est et l’Ouest de Laval – Bonification,,"Ce projet vise l’amélioration de la mobilité de la couronne nord, en s’appuyant notamment sur l’interconnexion avec le REM et sur une branche est-ouest dans l’axe de l’autoroute 440. L’implantation d’un mode structurant de transport collectif dans ce secteur permettra de réduire la congestion routière et de soulager la branche est de ligne orange du métro de Montréal. L’analyse préliminaire du prolongement vers le centre de Laval a été confiée à CDPQ Infra. La responsabilité de l’étude du volet Est-Ouest du projet reste à confirmer.",,,,,,À l’étude,"Mars 2020
Le gouvernement a autorisé la mise « À l’étude » du projet.",Ministre des Transports,À déterminer,À déterminer,Transport collectif,Économie et environnement,06 – Montréal,Transport collectif,Laval,Bonification
365,NM Saaremaa 1 – Traverse Rivière-du-Loup–Saint-Siméon – Acquisition et réfection,,"Le projet vise l’acquisition du NM Saaremaa 1 et sa réfection, afin que le navire réponde aux normes canadiennes et aux standards de la Société des traversiers du Québec ainsi que pour l’adapter, au besoin, aux infrastructures terrestres (quais, embarcadères, passerelles, etc.).",48800000,48800000,0,2019-07-31,2022-02-28,En service,"
",Ministre des Transports,Société des traversiers du Québec,Société des traversiers du Québec,"Transport maritime, aérien, ferroviaire et autres",Économie et environnement,01 – Bas-Saint-Laurent;03 – Capitale-Nationale,NM Saaremaa 1,Traverse Rivière-du-Loup–Saint-Siméon,Acquisition et réfection
366,École primaire Domaine Vert-Nord du centre de services scolaire de la Seigneurie-des-Mille-Îles – Mirabel – Construction ,,"Le projet consiste en la construction d’une école primaire à Mirabel, sur le territoire du centre de services scolaire de la Seigneurie-des-Mille-Îles. Quatre classes d’éducation préscolaire et vingt-quatre d’enseignement primaire sont prévues afin de réduire le déficit d’espace reconnu par le Ministère.",26600000,25300000,1300000,,2020-08-30,En réalisation,"
",Ministre de l'Éducation,Centre de services scolaire de la Seigneurie-des-Mille-Îles,Centre de services scolaire de la Seigneurie-des-Mille-Îles,Éducation,Éducation et culture,15 – Laurentides,École primaire Domaine Vert-Nord,Mirabel,Construction
367,École primaire du centre de services scolaire de la Rivière-du-Nord (secteur 3) – Saint-Jérôme – Construction,,"Le projet consiste en la construction d’une école primaire à Saint-Jérôme, sur le territoire du centre de services scolaire de la Rivière-du-Nord. Afin de réduire le déficit d’espace reconnu par le Ministère, quatre classes d’éducation préscolaire et vingt-quatre d’enseignement primaire sont prévues.",,,,,,En planification,"
",Ministre de l'Éducation,Centre de services scolaire de la Rivière-du-Nord,Centre de services scolaire de la Rivière-du-Nord,Éducation,Éducation et culture,15 – Laurentides,École primaire du centre de services scolaire de la Rivière-du-Nord (secteur 3) ,Saint-Jérôme,Construction
368,École secondaire Académie Dunton du centre de services scolaire de Montréal (arrondissement Mercier–Hochelaga-Maisonneuve) – Agrandissement,,"Le projet consiste en l’agrandissement de l’école secondaire Académie Dunton, à Montréal, dans l’arrondissement de Mercier–Hochelaga-Maisonneuve, sur le territoire du centre de services scolaire de Montréal. Au total, 554 places-élèves sont prévues afin de réduire le déficit d’espace reconnu par le Ministère.",,,,,,En planification,"
",Ministre de l'Éducation,Centre de services scolaire de Montréal,Centre de services scolaire de Montréal,Éducation,Éducation et culture,06 – Montréal,École secondaire Académie Dunton,Montréal,Agrandissement
369,École secondaire Jean-Baptiste-Meilleur du centre de services scolaire des Affluents – Repentigny – Agrandissement,,"Le projet consiste en l’agrandissement de l’école secondaire Jean-Baptiste-Meilleur, à Repentigny, sur le territoire du centre de services scolaire des Affluents. Au total, 667 places-élèves sont prévues afin de réduire le déficit d’espace reconnu par le Ministère.",,,,,,En planification,"
",Ministre de l'Éducation,Centre de services scolaire des Affluents,Centre de services scolaire des Affluents,Éducation,Éducation et culture,14 – Lanaudière,École secondaire Jean-Baptiste-Meilleur,Repentigny,Agrandissement
370,École secondaire spécialisée Irénée-Lussier du centre de services scolaire de Montréal – Construction,,"Le projet consiste en la construction d’un établissement spécialisé pour des élèves handicapés ou en difficulté d’adaptation ou d’apprentissage, soit l’école Irénée-Lussier du centre de services scolaire de Montréal, répartie actuellement sur trois sites. La nouvelle école regroupera les services en offrant 250 places-élèves.",,,,,,En planification,"Mars 2020
Le gouvernement a autorisé le projet à l’étape « En planification ».",Ministre de l'Éducation,Centre de services scolaire de Montréal,Centre de services scolaire de Montréal en association avec la Société québécoise des infrastructures,Éducation,Éducation et culture,06 – Montréal,École secondaire spécialisée Irénée-Lussier,Montréal,Construction
371,École Allancroft du centre de services scolaire Lester-B.-Pearson – Beaconsfield – Agrandissement et réaménagement ,,"Le projet consiste en l’acquisition, en l’agrandissement et au réaménagement de l’école Allancroft, à Beaconsfield, sur le territoire du centre de services scolaire Lester-B.-Pearson, par le Centre de services scolaire Marguerite-Bourgeoys. Celle-ci souhaite rapatrier les élèves de l’école John-F.-Kennedy à mandat régional de scolarisation, les élèves handicapés et les élèves en difficulté d’adaptation ou d’apprentissage.",,,,,,En planification,"
",Ministre de l'Éducation,Centre de services scolaire Lester-B.-Pearson,Centre de services scolaire Lester-B.-Pearson,Éducation,Éducation et culture,06 – Montréal;13 – Laval,École Allancroft,Beaconsfield,Agrandissement et réaménagement
372,École spécialisée du centre de services scolaire de Laval (secteur Laval-des-Rapides) – Construction,,"Le projet consiste en la construction d’une école spécialisée à Laval, dans le secteur de Laval-des-Rapides, sur le territoire du centre de services scolaire de Laval. Ce nouvel établissement accueillera les élèves handicapés de l’école Alphonse-Desjardins.",,,,,,En planification,"
",Ministre de l'Éducation,Centre de services scolaire de Laval,Centre de services scolaire de Laval,Éducation,Éducation et culture,13 – Laval,École spécialisée du centre de services scolaire de Laval (secteur Laval-des-Rapides,Laval,Construction
373,École secondaire Antoine-Brossard du centre de services scolaire Marie-Victorin – Brossard – Agrandissement,,"Le projet consiste en l’agrandissement de l’école secondaire Antoine-Brossard à Brossard, sur le territoire du centre de services scolaire Marie-Victorin. 696 places-élèves sont prévues au projet, afin de réduire le déficit d’espace reconnu par le Ministère.",,,,,,En planification,"
",Ministre de l'Éducation,Centre de services scolaire Marie-Victorin,Centre de services scolaire Marie-Victorin,Éducation,Éducation et culture,16 – Montérégie,École secondaire Antoine-Brossard,Brossard,Agrandissement
374,École secondaire Armand-Corbeil du centre de services scolaire des Affluents – Terrebonne – Agrandissement,,"Le projet consiste en l’agrandissement de l’école secondaire Armand-Corbeil, à Terrebonne, sur le territoire du centre de services scolaire des Affluents. Au total, 416 places-élèves sont prévues afin de réduire le déficit d’espace reconnu par le Ministère.",,,,,,En planification,"
",Ministre de l'Éducation,Centre de services scolaire des Affluents,Centre de services scolaire des Affluents,Éducation,Éducation et culture,14 – Lanaudière,École secondaire Armand-Corbeil,Terrebonne,Agrandissement
375,École primaire du centre de services scolaire des Portages-de-l’Outaouais – Pontiac – Construction,,"Le projet consiste en la construction d’une école primaire à Pontiac, sur le territoire du centre de services scolaire des Portages-de-l’Outaouais. Quatre classes de maternelle 4 ans, quatre d’éducation préscolaire et vingt-quatre d’enseignement primaire sont prévues afin de réduire le déficit d’espace reconnu par le Ministère.",,,,,,En planification,"
",Ministre de l'Éducation,Centre de services scolaire des Portages-de-l'Outaouais,Centre de services scolaire des Portages-de-l'Outaouais,Éducation,Éducation et culture,07 – Outaouais,École primaire du centre de services scolaire des Portages-de-l’Outaouais,Pontiac,Construction
376,École secondaire le Carrefour du centre de services scolaire des Patriotes – Varennes – Agrandissement,,"Le projet consiste en l’agrandissement de l’école secondaire le Carrefour, à Varennes, sur le territoire du centre de services scolaire des Patriotes. Au total, 377 places-élèves sont prévues afin de réduire le déficit d’espace reconnu par le Ministère.",,,,,,En planification,"
",Ministre de l'Éducation,Centre de services scolaire des Patriotes,Centre de services scolaire des Patriotes,Éducation,Éducation et culture,16 – Montérégie,École secondaire le Carrefour du centre de services scolaire des Patriotes,Varennes,Agrandissement
377,École primaire du centre de services scolaire de Montréal (arrondissement Ville-Marie) – Construction,,"Le projet consiste en la construction d’une école primaire à Montréal, dans l’arrondissement de Ville-Marie, sur le territoire du centre de services scolaire de Montréal. Huit classes d’éducation préscolaire et vingt-et-une d’enseignement primaire sont prévues afin de réduire le déficit d’espace reconnu par le Ministère.",,,,,,En planification,"
",Ministre de l'Éducation,Centre de services scolaire de Montréal,Centre de services scolaire de Montréal,Éducation,Éducation et culture,06 – Montréal,École primaire du centre de services scolaire de Montréal (arrondissement Ville-Marie),Montréal,Construction
378,École secondaire du centre de services scolaire des Portages-de-l’Outaouais (secteur des Rapides-Deschênes) – Gatineau – Construction,,"Le projet consiste en la construction d’une école secondaire à Gatineau, dans le secteur des Rapides-Deschênes, sur le territoire du centre de services scolaire des Portages-de-l’Outaouais. Au total, 810 places-élèves sont prévues afin de réduire le déficit d’espace reconnu par le Ministère.",43300000,43300000,0,,2021-09-30,En réalisation,"
",Ministre de l'Éducation,Centre de services scolaire des Portages-de-l'Outaouais,Centre de services scolaire des Portages-de-l'Outaouais,Éducation,Éducation et culture,07 – Outaouais,École secondaire du centre de services scolaire des Portages-de-l’Outaouais (secteur des Rapides-Deschênes),Gatineau,Construction
379,École secondaire du centre de services scolaire des Portages-de-l’Outaouais (secteur de l’Amérique-française) – Gatineau – Construction,,"Le projet consiste en la construction d’une école secondaire à Gatineau, dans le secteur de l’Amérique-Française, sur le territoire du centre de services scolaire des Portages-de-l’Outaouais. Au total, 810 places-élèves sont prévues afin de réduire le déficit d’espace reconnu par le Ministère.",,,,,,En planification,"
",Ministre de l'Éducation,Centre de services scolaire des Portages-de-l'Outaouais,Centre de services scolaire des Portages-de-l'Outaouais,Éducation,Éducation et culture,07 – Outaouais,École secondaire du centre de services scolaire des Portages-de-l’Outaouais (secteur de l’Amérique-française),Gatineau,Construction
380,École primaire du centre de services scolaire de Laval – (secteur Val-Martin) – Construction,,"Le projet consiste en la construction d’une école primaire à Laval, dans le secteur de Val-Martin, sur le territoire du centre de services scolaire de Laval. Huit classes d’éducation préscolaire, vingt-quatre d’enseignement primaire et quatre spécialisées pour les élèves handicapés et en difficulté d’adaptation ou d’apprentissage sont prévues afin de réduire le déficit d’espace reconnu par le Ministère.",,,,,,En planification,"
",Ministre de l'Éducation,Centre de services scolaire de Laval,Centre de services scolaire de Laval,Éducation,Éducation et culture,13 – Laval,École primaire du centre de services scolaire de Laval (secteur Val-Martin),Laval,Construction
381,École primaire du centre de services scolaire de la Pointe-de-l’Île – Montréal (arrondissement Montréal-Nord) – Construction,,"Le projet consiste en la construction d’une école primaire à Montréal, dans l’arrondissement de Montréal-Nord, sur le territoire du centre de services scolaire de la Pointe-de-l’Île. Six classes d’éducation préscolaire et trente-six d’enseignement primaire sont prévues afin de réduire le déficit d’espace reconnu par le Ministère.",,,,,,En planification,"
",Ministre de l'Éducation,Centre de services scolaire de la Pointe-de-l'Île,Centre de services scolaire de la Pointe-de-l'Île,Éducation,Éducation et culture,06 – Montréal,École primaire du centre de services scolaire de la Pointe-de-l’Île – Montréal (arrondissement Montréal-Nord),Montréal,Construction
382,École primaire du centre de services scolaire de Montréal (arrondissement Mercier–Hochelaga-Maisonneuve) – Acquisition et réaménagement ,,"Le projet consiste en l'aquisition et au réaménagement de l’ancienne école Hochelaga, à Montréal, dans l’arrondissement de Mercier–Hochelaga-Maisonneuve, sur le territoire du centre de services scolaire de Montréal. Trois classes d’éducation préscolaire et dix-huit d’enseignement primaire sont prévues afin de réduire le déficit d’espace reconnu par le Ministère.",,,,,,En planification,"
",Ministre de l'Éducation,Centre de services scolaire de Montréal,Centre de services scolaire de Montréal,Éducation,Éducation et culture,06 – Montréal,École primaire du centre de services scolaire de Montréal (arrondissement Mercier-Hochelaga-Maisonneuve),Montréal,Acquisition et réaménagement
383,École primaire du centre de services scolaire des Affluents (secteur Jardins du Coteau) – Mascouche – Construction ,,"Le projet consiste en la construction d’une école primaire à Mascouche, dans le secteur Jardins du Coteau, sur le territoire du centre de services scolaire des Affluents. Quatre classes de maternelle 4 ans, six d’éducation préscolaire et vingt-six d’enseignement primaire sont prévues afin de réduire le déficit d’espace reconnu par le Ministère.",,,,,,En planification,"
",Ministre de l'Éducation,Centre de services scolaire des Affluents,Centre de services scolaire des Affluents,Éducation,Éducation et culture,14 – Lanaudière,École primaire du centre de services scolaire des Affluents (secteur Jardins du Coteau),Mascouche,Construction
384,École primaire du centre de services scolaire des Laurentides – Saint-Sauveur – Construction,,"Le projet consiste en la construction d’une école primaire à Saint-Sauveur, sur le territoire du centre de services scolaire des Laurentides. Quatre classes d’éducation préscolaire, vingt-quatre d’enseignement primaire et trois spécialisées pour les élèves handicapés et en difficulté d’adaptation ou d’apprentissage sont prévues afin de réduire le déficit d’espace reconnu par le Ministère.",,,,,,En planification,"
",Ministre de l'Éducation,Centre de services scolaire des Laurentides,Centre de services scolaire des Laurentides,Éducation,Éducation et culture,15 – Laurentides,École primaire du centre de services scolaire des Laurentides,Saint-Sauveur,Construction
385,École primaire du centre de services scolaire Marie-Victorin (secteur Sacré-Cœur) – Longueuil – Construction,,"Le projet consiste en la construction d’une école primaire à Longueuil, dans le secteur Sacré-Cœur, sur le territoire du centre de services scolaire Marie-Victorin. Deux classes de maternelle 4 ans, quatre d’éducation préscolaire et vingt-quatre d’enseignement primaire sont prévues afin de réduire le déficit d’espace reconnu par le Ministère.",20800000,20800000,0,,2021-05-31,En réalisation,"
",Ministre de l'Éducation,Centre de services scolaire Marie-Victorin,Centre de services scolaire Marie-Victorin,Éducation,Éducation et culture,16 – Montérégie,École primaire du centre de services scolaire Marie-Victorin (secteur Sacré-Cœur),Longueuil,Construction
386,École secondaire de la commission scolaire Kativik – Inukjuak – Construction,,"Le projet consiste à construire une école secondaire à Inukjuak, sur le territoire de la commission scolaire Kativik, comprenant 19 classes et 15 locaux spécialisés, afin de réduire le déficit d’espace reconnu par le Ministère et de répondre aux particularités que présente le Nunavik.",34800000,25900000,8900000,,2021-01-31,En réalisation,"
",Ministre de l'Éducation,Commission scolaire Kativik,Commission scolaire Kativik,Éducation,Éducation et culture,10 – Nord-du-Québec,École secondaire de la commission scolaire Kativik,Inukjuak ,Construction
387,École primaire et secondaire spécialisée Jean-Piaget du centre de services scolaire de Laval – Construction,,"Le projet consiste en la construction d’une école spécialisée à Laval, sur le territoire du centre de services scolaire de Laval. Ce nouvel établissement accueillera les élèves handicapés ou en difficulté d’adaptation d’apprentissage de l’école Jean-Piaget.",,,,,,En planification,"
",Ministre de l'Éducation,Centre de services scolaire de Laval,Centre de services scolaire de Laval,Éducation,Éducation et culture,13 – Laval,École primaire et secondaire spécialisée Jean-Piaget,Laval,Construction
388,École primaire-secondaire alternative du centre de services scolaire Marie-Victorin – Longueuil – Construction,,"Le projet consiste en la construction d’une école primaire-secondaire alternative à Longueuil, sur le territoire du centre de services scolaire Marie-Victorin. Au total, 28 classes sont prévues afin de combler le déficit d’espace reconnu par le Ministère.",28900000,28900000,0,,2021-06-30,En réalisation,"
",Ministre de l'Éducation,Centre de services scolaire Marie-Victorin,Centre de services scolaire Marie-Victorin,Éducation,Éducation et culture,16 – Montérégie,École primaire-secondaire alternative du centre de services scolaire Marie-Victorin,Longueuil,Construction
389,Aréna Raymond‐Bourque – Montréal – Réfection,,"Le projet de réfection de l’aréna Raymond-Bourque consiste notamment à des travaux de remplacement du système de réfrigération existant par un système qui utilise l’ammoniac comme réfrigérant, de remplacement des dalles réfrigérées des patinoires et de mise aux normes du bâtiment ainsi qu’à l’amélioration de la sécurité et à l’implantation de mesures d’économie d’énergie.",23200000,7500000,15700000,,2021-01-31,En réalisation,"
",Ministre de l'Éducation,Ville de Montréal,Centre de services scolaire de Saint-Hyacinthe,Développement du sport,Éducation et culture,06 – Montréal,Aréna Raymond-Bourque,Montréal,Réfection
390,École secondaire du centre de services scolaire de Saint-Hyacinthe – Construction,,"Le projet consiste en la construction d’une école secondaire à Saint-Hyacinthe, sur le territoire du centre de services scolaire de Saint-Hyacinthe. Au total, 900 places-élèves sont prévues afin de réduire le déficit d’espace reconnu par le Ministère.",,,,,,En planification,"
",Ministre de l'Éducation,Centre de services scolaire de Saint-Hyacinthe,Centre de services scolaire de Saint-Hyacinthe,Éducation,Éducation et culture,16 – Montérégie,École secondaire du centre de services scolaire de Saint-Hyacinthe,Saint-Hyacinthe,Construction
391,École secondaire du centre de services scolaire Marguerite-Bourgeoys – Dorval – Construction,,"Le projet consiste en la construction d’une école secondaire à Dorval, sur le territoire du centre de services scolaire Marguerite-Bourgeoys. Au total, 33 classes sont prévues afin de réduire le déficit d’espace reconnu par le Ministère",,,,,,En planification,"
",Ministre de l'Éducation,Centre de services scolaire Marguerite-Bourgeoys,Centre de services scolaire Marguerite-Bourgeoys,Éducation,Éducation et culture,06 – Montréal,École secondaire du centre de services scolaire Marguerite-Bourgeoys,Dorval,Construction
392,École primaire du centre de services scolaire de la Rivière-du-Nord (secteur 2) – Saint-Jérôme – Construction,,"Le projet consiste en la construction d’une école primaire à Saint-Jérôme, dans le secteur 2 du territoire du centre de services scolaire de la Rivière-du-Nord. Quatre classes d’éducation préscolaire et vingt-quatre d’enseignement primaire sont prévues afin de réduire le déficit d’espace reconnu par le Ministère.",,,,,,En planification,"
",Ministre de l'Éducation,Centre de services scolaire de la Rivière-du-Nord,Centre de services scolaire de la Rivière-du-Nord,Éducation,Éducation et culture,15 – Laurentides,École primaire du centre de services scolaire de la Rivière-du-Nord (secteur 2),Saint-Jérôme,Construction
393,École primaire du centre de services scolaire Marie-Victorin – Longueuil – Construction ,,"Le projet consiste en la construction d’une école primaire à Longueuil, sur le territoire du centre de services scolaire Marie-Victorin. Quatre classes de maternelle 4 ans, quatre d’éducation préscolaire et vingt-quatre d’enseignement primaire sont prévues afin de réduire le déficit d’espace reconnu par le Ministère.",,,,,,En planification,"
",Ministre de l'Éducation,Centre de services scolaire Marie-Victorin,Centre de services scolaire Marie-Victorin,Éducation,Éducation et culture,16 – Montérégie,École primaire du centre de services scolaire Marie-Victorin,Longueuil,Construction
394,École primaire du centre de services scolaire Marie-Victorin – Brossard – Construction ,,"Le projet consiste en la construction d’une école primaire à Brossard, sur le territoire du centre de services scolaire Marie-Victorin. Quatre classes de maternelle 4 ans, quatre d’éducation préscolaire et vingt-quatre d’enseignement primaire sont prévues afin de réduire le déficit d’espace reconnu par le Ministère.",,,,,,En planification,"
",Ministre de l'Éducation,Centre de services scolaire Marie-Victorin,Centre de services scolaire Marie-Victorin,Éducation,Éducation et culture,16 – Montérégie,École primaire du centre de services scolaire Marie-Victorin,Brossard,Construction
395,École primaire du centre de services scolaire des Grandes-Seigneuries – Léry – Construction,,"Le projet proposé par le centre de services scolaire des Grandes-Seigneuries à Léry vise à construire une école primaire pour accueillir six groupes d'éducation préscolaire, dix-huit groupes d'enseignement primaire et deux classes pour les élèves handicapés et en difficulté d’adaptation ou d’apprentissage.",,,,,,En planification,"
",Ministre de l'Éducation,Centre de services scolaire des Grandes-Seigneuries,Centre de services scolaire des Grandes-Seigneuries,Éducation,Éducation et culture,16 – Montérégie,École primaire spécialisée du centre de services scolaire des Grandes-Seigneuries,Léry,Construction
396,École primaire du centre de services scolaire de Montréal (secteur Griffintown) – Construction,,"Le projet consiste en la construction d’une école primaire à Montréal, dans le secteur Griffintown, sur le territoire du centre de services scolaire de Montréal. Trois classes d’éducation préscolaire et 18 classes d’enseignement primaire sont prévues au projet, afin de réduire le déficit d’espace reconnu par le Ministère.",,,,,,En planification,"
",Ministre de l'Éducation,Centre de services scolaire de Montréal,Centre de services scolaire de Montréal,Éducation,Éducation et culture,06 – Montréal,École primaire du centre de services scolaire de Montréal (secteur Griffintown),Montréal,Construction
397,École primaire du centre de services scolaire des Trois-Lacs – Vaudreuil-Dorion – Construction,,"Le projet consiste en la construction d’une école primaire à Vaudreuil-Dorion, sur le territoire du centre de services scolaire des Trois-Lacs. Trois classes de maternelle 4 ans, trois d’éducation préscolaire et dix-huit d’enseignement primaire sont prévues afin de réduire le déficit d’espace reconnu par le Ministère.",,,,,,En planification,"
",Ministre de l'Éducation,Centre de services scolaire des Trois-Lacs,Centre de services scolaire des Trois-Lacs,Éducation,Éducation et culture,16 – Montérégie,École primaire du centre de services scolaire des Trois-Lacs,Vaudreuil-Dorion,Construction
398,École primaire du centre de services scolaire des Patriotes – Carignan – Construction,,"Le projet consiste en la construction d’une école primaire à Carignan, sur le territoire du centre de services scolaire des Patriotes. Trois classes de maternelle, trois d’éducation préscolaire et dix-huit d’enseignement primaire sont prévues afin de réduire le déficit d’espace reconnu par le Ministère.",,,,,,En planification,"
",Ministre de l'Éducation,Centre de services scolaire des Patriotes,Centre de services scolaire des Patriotes,Éducation,Éducation et culture,16 – Montérégie,École primaire du centre de services scolaire des Patriotes,Carignan,Construction
399,École primaire du centre de services scolaire de Saint-Hyacinthe – Construction ,,"Le projet consiste en la construction d’une école primaire à Saint-Hyacinthe, sur le territoire du centre de services scolaire de Saint-Hyacinthe. Trois classes de maternelle 4 ans, trois d’éducation préscolaire et dix-huit d’enseignement primaire sont prévues afin de réduire le déficit d’espace reconnu par le Ministère.",,,,,,En planification,"
",Ministre de l'Éducation,Centre de services scolaire de Saint-Hyacinthe,Centre de services scolaire de Saint-Hyacinthe,Éducation,Éducation et culture,16 – Montérégie,École primaire du centre de services scolaire de Saint-Hyacinthe,Saint-Hyacinthe,Construction
400,Polyvalente de Saint-Georges du centre de services scolaire de la Beauce-Etchemin – Saint-Georges – Agrandissement,,"Le projet consiste en l’agrandissement de la polyvalente de Saint-Georges, à Saint-Georges, sur le territoire du centre de services scolaire de la Beauce-Etchemin, par l’ajout de quatre classes, d’un gymnase et d’une piscine. Il est réalisé en partenariat avec la Ville.",,,,,,En planification,"
",Ministre de l'Éducation,Centre de services scolaire de la Beauce-Etchemin,Centre de services scolaire de la Beauce-Etchemin,Éducation,Éducation et culture,12 – Chaudière-Appalaches,Polyvalente Saint-Georges,Saint-Georges,Agrandissement
401,École Le Tournesol du centre de services scolaire de la Pointe-de-l’Île – Montréal (arrondissement Rivière-des-Prairies–Pointe-aux-Trembles) – Agrandissement,,"Le projet consiste en l’agrandissement de l’école Le Tournesol, à Montréal, dans l’arrondissement de Rivière-des-Prairies–Pointe-aux-Trembles, sur le territoire du centre de services scolaire de la Pointe-de-l’Île. Au total, 23 classes sont prévues afin de réduire le déficit d’espace reconnu par le Ministère.",,,,,,En planification,"
",Ministre de l'Éducation,Centre de services scolaire de la Pointe-de-l'Île,Centre de services scolaire de la Pointe-de-l'Île,Éducation,Éducation et culture,06 – Montréal,École Le Tournesol ,Montréal,Agrandissement
402,École primaire du centre de services scolaire de Laval (secteur est) – Construction ,,"Le projet consiste en la construction d’une école primaire à Laval, dans le secteur est du territoire du centre de services scolaire de Laval. Quatre classes d’éducation préscolaire et dix-sept d’enseignement primaire sont prévues afin de réduire le déficit d’espace reconnu par le Ministère.",,,,,,En planification,"
",Ministre de l'Éducation,Centre de services scolaire de Laval,Centre de services scolaire de Laval,Éducation,Éducation et culture,13 – Laval,École primaire du centre de services scolaire de Laval (secteur est),Laval,Construction
403,École primaire du centre de services scolaire Marguerite-Bourgeoys – Mont-Royal – Construction ,,"Le projet consiste en la construction d’une école primaire à Mont-Royal, sur le territoire du centre de services scolaire Marguerite-Bourgeoys. Trois classes d’éducation préscolaire et 26 d’enseignement primaire sont prévues afin de réduire le déficit d’espace reconnu par le Ministère.",,,,,,En planification,"
",Ministre de l'Éducation,Centre de services scolaire Marguerite-Bourgeoys,Centre de services scolaire Marguerite-Bourgeoys,Éducation,Éducation et culture,06 – Montréal,École primaire du centre de services scolaire Marguerite-Bourgeoys,Mont-Royal,Construction
404,École primaire du centre de services scolaire de Montréal (arrondissement Saint-Laurent) – Construction,,"Le projet consiste en la construction d’une école primaire à Montréal, dans l’arrondissement de Saint-Laurent, sur le territoire du centre de services scolaire Marguerite-Bourgeoys. Trois classes de maternelle 4 ans, trois d’éducation préscolaire et dix-huit d’enseignement primaire sont prévues afin de réduire le déficit d’espace reconnu par le Ministère.",,,,,,En planification,"
",Ministre de l'Éducation,Centre de services scolaire Marguerite-Bourgeoys,Centre de services scolaire Marguerite-Bourgeoys,Éducation,Éducation et culture,06 – Montréal,École primaire du centre de services scolaire de Montréal (arrondissement Saint-Laurent),Saint-Laurent),Construction
405,École Les-Enfants-du-Monde du centre de services scolaire de Montréal (arrondissement de Côte-des-Neiges–Notre-Dame-de-Grâce) – Agrandissement,,"Le projet consiste en l’agrandissement de l’école primaire Les-Enfants-du-Monde, à Montréal, dans l’arrondissement de Côte-des-Neiges-Notre-Dame-de-Grâce, sur le territoire du centre de services scolaire de Montréal. Quatre classes d’éducation préscolaire et dix d’enseignement primaire sont prévues afin de réduire le déficit d’espace reconnu par le Ministère.",,,,,,En planification,"
",Ministre de l'Éducation,Centre de services scolaire de Montréal,Centre de services scolaire de Montréal,Éducation,Éducation et culture,06 – Montréal,École Les-Enfants-du-Monde,Côte-Des-Neiges–Notre-Dame-De-Grâce),Agrandissement
406,Complexe sportif Girardin– Drummondville – Construction,,"Le projet consiste en la construction d’un complexe sportif qui comprendra une patinoire, des salles multifonctionnelles, des locaux administratifs et de rangement ainsi que des gradins pour la patinoire et pour le terrain synthétique. Enfin, une mezzanine sera aménagée, entre autres pour un local de rangement et une salle de repos. Le projet prévoit aussi des travaux d’aménagement de l’emplacement qui comprendra un stationnement.",,,,,,En planification,"
",Ministre de l'Éducation,Ville de Drummondville,Ville de Drummondville,Développement du sport,Éducation et culture,17 – Centre-du-Québec,Complexe sportif Girardin,Drummondville,Construction
407,École Tukisiniarvik du centre de services scolaire Kativik – Akulivik – Agrandissement,,"Le projet consiste en l’agrandissement de l’école primaire et  secondaire Tukisiniarvik, à Akulivik, sur le territoire du centre de services scolaire Kativik. Au total,  14 classes sont prévues  afin de réduire le déficit d’espace reconnu par le Ministère et de  répondre aux particularités que présentent  les territoires du Nord.",,,,,,En planification,"
",Ministre de l'Éducation,Centre de services scolaire Kativik,Centre de services scolaire Kativik,Éducation,Éducation et culture,10 – Nord-du-Québec,École Tukisiniarvik,Akulivik,Agrandissement
409,Théâtre du Nouveau Monde – Montréal – Réfection et Agrandissement,,"Le projet vise un agrandissement et le réaménagement de plusieurs locaux du théâtre, le maintien de certains actifs ainsi que l’achat d’équipements spécialisés. Plus précisément, une salle de répétition et une salle d’affaires seront ajoutées. Le hall d’entrée et les locaux administratifs seront agrandis. Les foyers et la billetterie seront reconfigurés. Finalement, les équipements scéniques seront renouvelés.",,,,,,En planification,"
",Ministre de la Culture et des Communications,Théâtre du Nouveau Monde,Théâtre du Nouveau Monde,Culture,Éducation et culture,06 – Montréal,Théâtre du Nouveau Monde,Montréal,Réfection et Agrandissement
410,Barrage Mathieu-D’Amours – Matane – Reconstruction,,"Le projet vise une reconstruction complète du barrage Mathieu-D’Amours, situé au centre-ville de Matane.",,,,,,En planification,"
",Ministre de l'Environnement et de la Lutte contre les changements climatiques,Ministère de l'Environnement et de la Lutte contre les changements climatiques,Ministère de l'Environnement et de la Lutte contre les changements climatiques,Environnement,Économie et environnement,01 – Bas-Saint-Laurent,Barrage Mathieu-D’Amours,Matane,Reconstruction
411,Parc national d'Opémican – Laniel – Construction,Parc national – Abitibi-Témiscamingue – Construction,"Le parc national d'Opémican vise à protéger un territoire grandiose de 252 km2 bordé, de part et d'autre, par les lacs Témiscamingue et Kipawa. Situé à cinq heures de route de Gatineau et environ quatre heures de Toronto, le parc national d’Opémican deviendra une destination incontournable de nature et de culture.
En plus de mettre en valeur des milieux naturels exceptionnels, l’ampleur du patrimoine culturel du parc surprendra les visiteuses et visiteurs, que ce soit par l’entremise du site historique d’Opémican ou par la présence de la nation algonquine sur le territoire.
Les touristes pourront profiter de prêt-à-camper Étoile, de campings aménagés sous les grands pins, de pistes de randonnée familiale, d’activités nautiques sur des berges sablonneuses et d’une expérience patrimoniale unique dans les bâtiments historiques restaurés. Quant aux aventurières et aventuriers à la recherche de sensations fortes, ils pourront découvrir des sites de canot-camping isolés sur des îles, une rivière d’eau vive impétueuse, des sentiers de randonnée spectaculaires en arrière-pays et des prêt-à-camper juchés au-dessus des parois rocheuses.",36000000,36000000,0,2019-06-01,2023-06-01,En service,"
","Ministre des Forêts, de la Faune et des Parcs",Société des établissements de plein air du Québec,Société des établissements de plein air du Québec,Tourisme et activités récréatives,Économie et environnement,08 – Abitibi-Témiscamingue,Parc national d’Opémican,Laniel,Construction
412,École secondaire Du Coteau du centre de services scolaire des Affluents – Mascouche – Agrandissement,,"Le projet consiste en l’agrandissement de l’école secondaire du Coteau, à Mascouche, sur le territoire du centre de services scolaire des Affluents. Au total, 580 places-élèves sont prévues afin de réduire le déficit d’espace reconnu par le Ministère.",,,,,,En planification,"
",Ministre de l'Éducation,Centre de services scolaire des Affluents,Centre de services scolaire des Affluents,Éducation,Éducation et culture,14 – Lanaudière,École secondaire du Coteau du centre de services scolaire des Affluents,Mascouche,Agrandissement
413,"Université de Sherbrooke, pavillon de médecine personnalisée et de recherche translationnelle – Construction",Construction d'un pavillon de médecine personnalisée et de recherche transrationnelle à l'Université de Sherbrooke,"La Faculté de médecine et des sciences de la santé (FMSS) de l'Université de Sherbrooke présente un déficit d'espace dû à une croissance des activités de recherche de la faculté, au nombre de chercheurs, aux octrois de recherche et au nombre de chaires de recherche. Le projet vise la construction d'un nouveau pavillon de médecine personnalisée et de recherche translationnelle (PMPRT) de 5 973 m2 nets (9 635 m2 bruts), sur cinq étages. Ce pavillon, consacré à la recherche sur le campus de l'Université de Sherbrooke, permettra :

•	d'offrir un environnement de travail répondant aux normes et aux exigences réglementaires actuelles en matière de contrôle des paramètres      environnementaux, de santé et de sécurité du travail (SST), de sûreté nucléaire et de biosécurité (biosûreté);

•	de regrouper les activités de recherche de la FMSS de l'Université de Sherbrooke dans le nouveau pavillon;

•	de diminuer le déficit d'espace en recherche au Campus de la santé;

•	de réassigner, à des fins d'enseignement, 3 000 m2 nets d'espace dans l'aile IV du Centre hospitalier universitaire de Sherbrooke (CHUS) – Hôpital Fleurimont actuellement loués pour la recherche;

•	de rétrocéder un espace équivalent à 1 790 m2 nets au CIUSSS de l'Estrie-CHUS;

•	de regrouper les équipements spécialisés afin d'en optimiser l'utilisation par l'ensemble des équipes de recherche sur le campus.",39400000,35500000,3900000,,2022-12-01,En réalisation,"
",Ministre de l'Économie et de l'Innovation,Université de Sherbrooke,Université de Sherbrooke,Recherche,Économie et environnement,05 – Estrie,"Université de Sherbrooke, pavillon de médecine personnalisée et de recherche transrationnelle",Sherbrooke,Construction
414,"Université de Sherbrooke, équipements de recherche sur la prospérité numérique – Sherbrooke – Acquisition",Chaîne d'innovation intégrée pour la prospérité numérique à l'Université de Sherbrooke,"Le projet consiste en l'acquisition d'équipements de prototypage et d’outillage spécialisé en nanofabrication. Cette chaine d’innovation unique en micro-nanotechnologies est centrée sur l’électronique, la photonique et le domaine manufacturier innovant. Elle est un modèle exemplaire de collaboration université-industries, reconnu et financé par plusieurs partenaires internationaux.",28500000,20500000,8000000,,2021-03-01,En réalisation,"
",Ministre de l'Économie et de l'Innovation,Université de Sherbrooke,Université de Sherbrooke,Recherche,Économie et environnement,05 – Estrie,"Université de Sherbrooke, équipements de recherche sur la prospérité numérique",Sherbrooke,Acquisition
415,"École de technologie supérieure, pavillon principal – Montréal – Réaménagement",École de technologie supérieure - Rénovation du bâtiment principal pour créer des laboratoires de recherche,"L'École de technologie supérieure fait face à un défi important quant au soutien et à l'avancement de la recherche, en raison d’un déficit d’espace. Le projet vise la transformation de salles de classe et de locaux d’étudiants en 26 laboratoires de recherche. La conversion, notamment, des 29 salles de classe et de plus de 50 locaux et ateliers de clubs étudiants implique une superficie d’environ 7 400 m² bruts (approximativement 6 670 m² nets). Le projet contribuera à l’excellence de la recherche universitaire, à la formation de la relève, à la valorisation des résultats de recherche et à la qualité de l’enseignement universitaire.",36400000,21800000,14600000,2021-05-01,2021-09-01,En réalisation,"
",Ministre de l'Économie et de l'Innovation,École de technologie supérieure,École de technologie supérieure,Recherche,Économie et environnement,06 – Montréal,"École de technologie supérieur, pavillon principal",Montréal,Réaménagement
416,Installations d’accueil des croisiéristes internationaux – Québec – Construction et acquisition,,"Le projet consiste en la construction d’un terminal de croisières permanent au quai 30, dans secteur de l’Estuaire du port de Québec. Il permettra de doubler la capacité d’accueil, d’améliorer celle des navires de fort gabarit, d’accroitre l’expérience client, avec un deuxième terminal qui répondra aux standards d’accueil internationaux, de combler les besoins logistiques pour les activités d’embarquement et de débarquement ainsi que d’augmenter la capacité des infrastructures, pour accueillir 400 000 croisiéristes d’ici 2025.",30000000,15000000,15000000,,2021-07-31,En réalisation,"
",Ministre du Tourisme,Administration portuaire de Québec,Administration portuaire de Québec,Tourisme et activités récréatives,Économie et environnement,03 – Capitale-Nationale,Installations d’accueil des croisiéristes internationaux ,Québec,Construction et acquisition
417,Zoo de Granby – Construction et acquisition,,"Le projet vise l’amélioration et la modernisation des infrastructures du parc animalier, afin d’en faire une institution de conservation zoologique reconnue mondialement et une destination touristique incontournable dans l’est de l’Amérique du Nord, de poursuivre sa croissance et d’accroître son rayonnement et son incidence touristique et économique. 

Le projet consiste notamment au réaménagement des infrastructures zoologiques, à la modernisation et au réaménagement des infrastructures du parc récréotouristique ainsi qu'à l’amélioration du produit d’affaires et d’activités afin d’enrichir l’offre quatre saisons.",36000000,18000000,18000000,2018-03-01,2023-06-30,En service,"
",Ministre du Tourisme,Société zoologique de Granby inc.,Zoo de Granby,Tourisme et activités récréatives,Économie et environnement,16 – Montérégie,Zoo de Granby,Granby,Construction et acquisition
418,Bâtiment d’hébergement temporaire – Puvirnituq – Agrandissement,,"Le projet consiste à l’agrandissement du quartier cellulaire de Puvirnituq. Au terme des travaux, il permettra l’hébergement temporaire des personnes incarcérées, ce qui améliorera les conditions de détention. Douze cellules y seront construites, pour une capacité maximale d’occupation de 34 détenus. Une section pour les femmes est aussi prévue.",23000000,23000000,0,,2021-06-30,En réalisation,"
",Ministre de la Sécurité publique,Ministère de la Sécurité publique,Société québécoise des infrastructures,Administration gouvernementale,Gouverne et justice,10 – Nord-du-Québec,Bâtiment d’hébergement temporaire,Puvirnituq,Agrandissement
419,"Université McGill, pavillon Macdonald-Stewart – Montréal – Réfection",,"Le pavillon Macdonald-Stewart de l’Université McGill, qui abrite la bibliothèque, date de 1893. Il affiche un indice de vétusté préoccupant et présente un important déficit de maintien des actifs. 

Le projet vise à restaurer l’enveloppe du bâtiment de maçonnerie de l’immeuble et à profiter de l’occasion pour effectuer plusieurs mises aux normes et régler de nombreux éléments d’entretien différé.",26200000,26200000,0,,2022-12-01,En réalisation,"
",Ministre de l'Enseignement supérieur,Université McGill,Université McGill,Enseignement supérieur,Éducation et culture,06 – Montréal,"Université McGill, pavillon MacDonald-Stewart",Montréal,Réfection
420,"Université du Québec à Montréal, École des sciences de la gestion – Réaménagement",,"L’Université du Québec à Montréal désire relocaliser l’ensemble des unités administratives de l’École des sciences de la gestion ainsi que les formations des cycles supérieurs de type maîtrise en administration des affaires, maîtrise en gestion de projet et maîtrise en finance appliquée.  

Le projet comporte la rénovation majeure du bâtiment existant et son agrandissement de l’ordre de 1 800 mètres carrés nets. Une attention particulière sera portée à la conservation du patrimoine du bâtiment. Aussi, le projet vise une certification LEED.
",,,,,,En planification,"
",Ministre de l'Enseignement supérieur,Université du Québec à Montréal,Université du Québec à Montréal,Enseignement supérieur,Éducation et culture,06 – Montréal,"Université du Québec à Montréal, École des sciences de la gestion",Montréal,Réaménagement
421,"École de technologie supérieure, pavillon F – Montréal – Construction ",,"Le projet vise la construction d’un pavillon d’environ 13 000 mètres carrés bruts, sur le site du campus, afin de répondre à l’accroissement de l’effectif étudiant et enseignant de l’École de technologie supérieure. Le nouveau pavillon sera conçu avec la même signature architecturale que les derniers bâtiments de l’établissement, pour renforcer l’image de cohésion du campus.

Il accueillera principalement des salles de cours, des laboratoires légers et certains locaux administratifs.
",,,,,,En planification,"
",Ministre de l'Enseignement supérieur,École de technologie supérieure,École de technologie supérieure,Enseignement supérieur,Éducation et culture,06 – Montréal,"École de technologie supérieure, pavillon F",Montréal,Construction
422,Grand Théâtre de Québec – Réfection ,,"Le projet de réfection du revêtement extérieur du Grand Théâtre consiste à réaliser une enveloppe de verre qui englobera l’enveloppe existante. L’objectif est de corriger le problème de migration d’humidité dans les panneaux de béton préfabriqués d’origine et d’en solidifier les ancrages, ainsi que de réparer le béton dégradé. Il s’agit également de préserver intégralement l’œuvre de Jordi Bonnet, qui est fixée du côté intérieur des panneaux de béton de l’enveloppe.",29700000,29700000,0,2019-10-01,2020-12-31,En service,"
",Ministre de la Culture et des Communications,Grand Théâtre de Québec,Société québécoise des infrastructures,Culture,Éducation et culture,03 – Capitale-Nationale,Grand Théâtre de Québec,Québec,Réfection
423,Aéroport régional de Rouyn-Noranda – Agrandissement et réfection,Agrandissement et mise à niveau de l'aéroport régional de Rouyn-Noranda - Programme NFCCQ,"Le projet consiste à l'agrandissement et à la mise à niveau de l'aéroport, soit la construction d’une nouvelle aérogare, l’augmentation de la capacité du stationnement, le réaménagement des voies d’accès sur le terrain ainsi que la remise en état de l’aqueduc, des égouts, de la centrale électrique et d’un poste de carburant.",37200000,12400000,24800000,,2021-09-01,En réalisation,"
",Ministre des Affaires municipales et de l'Habitation,Ville de Rouyn-Noranda,Ville de Rouyn-Noranda,Municipalités,Économie et environnement,08 – Abitibi-Témiscamingue,Aéroport régional de Rouyn-Noranda,Rouyn-Noranda,Agrandissement et réfection
424,"Station de traitement des eaux usées, usine de production d'oxygène – Montréal – Construction",Construction d'une usine de production d'oxygène à la station de traitement des eaux usées à Montréal,"Le projet consiste en la construction d'une usine de production d'oxygène, qui servira à alimenter les ozoneurs utilisés pour désinfecter l’eau à la station de traitement des eaux usées Jean-R.-Marcotte de Montréal.",32100000,13700000,18400000,,2023-12-01,En réalisation,"
",Ministre des Affaires municipales et de l'Habitation,Ville de Montréal,Ville de Montréal,Municipalités,Économie et environnement,06 – Montréal,"Station de traitement des eaux usées, usine de production d’oxygène",Montréal,Construction
425,Réseau d'eaux pluviales – Saint-Lambert (rue Riverside) – Construction,Mise en place de conduites d'égouts sur la rue Riverside pour réduire les débordements d'eaux usées à Saint-Lambert,Le projet consiste en l'implantation d'un collecteur pluvial et en la séparation des réseaux combinés afin de diminuer les débordements d’eaux usées dans la voie maritime du Saint-Laurent.,32800000,21900000,10900000,,2021-08-01,En réalisation,"
",Ministre des Affaires municipales et de l'Habitation,Ville de Saint-Lambert,Ville de Saint-Lambert,Municipalités,Économie et environnement,16 – Montérégie,Réseau d’eaux pluviales,Saint-Lambert (rue Riverside),Construction
426,Réseau d'eau potable et d'eaux usées – Léry (secteur est) – Agrandissement et construction,Mise en place d'un réseau d'eau potable et d'eaux usées dans le secteur Est à Léry,"La Ville de Léry désire offrir à ses citoyennes et citoyens de la partie est les mêmes services qu'à ceux de la partie ouest. L'eau potable proviendra de Châteauguay, tandis que les eaux usées seront traitées dans la station existante après son agrandissement. Le projet prévoit la construction de conduites d’aqueduc et d’égout pour servir environ 375 résidences existantes. 

L’agrandissement de la station fait actuellement l’objet d’une demande de certificat d’autorisation auprès du ministère de l’Environnement et de la Lutte contre les changements climatiques (plans et devis à 90 %). Les réseaux sont en conception, et les plans et devis sont terminés à 70 %.

Il est ainsi prévu que la station de traitement de l’eau potable sera mise en service, dans un premier temps, et les réseaux, deux ans plus tard.",30400000,20300000,10100000,,2023-12-01,En réalisation,"
",Ministre des Affaires municipales et de l'Habitation,Ville de Léry,Ville de Léry,Municipalités,Économie et environnement,16 – Montérégie,Réseau d’eau potable et d’eaux usées,Léry (secteur est),Agrandissement et construction
427,"Zoo de Saint-Félicien, Centre de conservation de la biodiversité boréale (CCBB) inc.– Construction et acquisition",,"Le projet vise l’amélioration et la modernisation des infrastructures afin de rehausser la qualité de l’expérience touristique de ce parc animalier qui constitue l’un des principaux produits reconnus régionalement. Il s’inscrit en droite ligne avec le virage que le parc a entrepris en faveur de la boréalie, dans le but de faire vivre des émotions uniques aux visiteuses et visiteurs et d’accroître les retombées économiques et touristiques pour la région.

Le projet consiste notamment à réaménager les habitats des animaux afin de leur assurer de meilleures conditions de vie et d’offrir aux visiteuses et visiteurs du parc une expérience enrichissante. Il vise également le réaménagement et la construction de ses infrastructures publiques et récréatives.",32500000,26000000,6500000,2015-04-01,2021-12-31,En service,"
",Ministre du Tourisme,Centre de conservation de la biodiversité boréale (CCBB) inc.,Centre de conservation de la biodiversité boréale (CCBB) inc.,Tourisme et activités récréatives,Économie et environnement,02 – Saguenay–Lac-Saint-Jean,"Zoo de Saint-Félicien, Centre de conservation de la biodiversité boréale (CCBB) inc.",Saint-Félicien,Construction et acquisition
428,Parc Safari – Saint-Bernard-de-Lacolle – Construction et acquisition,,"Le projet vise l’amélioration et la modernisation des infrastructures du parc animalier afin d’en bonifier l’attractivité en renouvelant et en rehaussant la qualité de l’expérience touristique. Ces investissements vont renforcer l’importance du Parc comme attrait majeur de la région de la Montérégie, ce qui contribuera à accroître les retombées économiques et touristiques.

Le projet consiste notamment à moderniser, à réaménager et à construire des installations zoologiques, ainsi qu’à réaménager et à construire des infrastructures publiques et récréatives.
",24000000,12000000,12000000,2017-07-01,2022-12-31,En service,"
",Ministre du Tourisme,Fondation des amis du Parc Safari,Fondation des amis du Parc Safari,Tourisme et activités récréatives,Économie et environnement,16 – Montérégie,Parc Safari,Saint-Bernard-de-Lacolle,Construction et acquisition
429,"Université McGill, espaces et équipements de recherche – Montréal - Réaménagement et acquisition",,"Le projet vise l’aménagement intérieur du sous-sol du pavillon D de l’École de technologie supérieure afin de permettre le transfert des systèmes Beluga et MINI/CBRAIN ainsi que l’installation de la nouvelle capacité demandée par Innovation, Sciences et Développement économique Canada. La salle des serveurs offrira de la capacité d’expansion tant du point de vue de l’espace que pour l’aspect technique. Elle bénéficiera d’une capacité d’urgence en refroidissement et en génératrices. Elle disposera d’une puissance électrique, pour la phase initiale, de 2 MW, de laquelle 1 500 kW seront alloués aux calculateurs haute performance, et 500 kW aux systèmes à haute disponibilité (fonctionnement maintenu en cas de problème électrique).",41500000,20000000,21500000,,2021-04-30,En réalisation,"
",Ministre de l'Économie et de l'Innovation,Université McGill,Société québécoise des infrastructures,Recherche,Économie et environnement,06 – Montréal,"Université McGill, espaces et équipements de recherche",Montréal,Réaménagement et acquisition
432,"Hôpital de Gaspé, urgence et soins intensifs – Agrandissement",CISSS de la Côte-de-Gaspé - Urgence / Unité de soins intensifs et bloc opératoire - Phase I,"Le projet consiste en un agrandissement permettant de relocaliser, sur un seul niveau, tous les services de l'urgence et des soins intensifs. Les salles de mécanique et d'électricité seront aménagées au sous-sol qui occupera une partie de l’agrandissement. Un lien horizontal, sur trois niveaux, permettra de joindre fonctionnellement et techniquement l’agrandissement à trois des niveaux de l’hôpital, dont celui du bloc opératoire.",31700000,31700000,0,,2021-03-01,En réalisation,"
",Ministre de la Santé et des Services sociaux,Centre intégré de santé et de services sociaux de la Gaspésie,Société québécoise des infrastructures,Santé et services sociaux,Santé et Services sociaux,11 – Gaspésie–Îles-de-la-Madeleine,"Hôpital de Gaspé, urgence et soins intensifs",Gaspé,Agrandissement
434,"Villa Fraserville, centre jeunesse – Rivière-du-Loup – Agrandissement et réaménagement",37872 - Centre jeunesse du Bas-Saint-Laurent - Unités de vie de Rivière-du-Loup / Agrandissement et réaménagement de la Villa Fraserville - Phase II,"Le projet consiste en un réaménagement et une mise à niveau des unités existantes ainsi qu'un agrandissement du bâtiment pour adjoindre, d'une part, un gymnase pouvant être partagé avec la population et, d'autre part, l'ensemble des services psychosociaux requis dont ceux de protection de la jeunesse, présentement situés au Centre hospitalier régional du Grand-Portage.",21500000,21500000,0,,2020-11-30,En réalisation,"
",Ministre de la Santé et des Services sociaux,Centre intégré universitaire de santé et de services sociaux du Bas-Saint-Laurent,Société québécoise des infrastructures,Santé et services sociaux,Santé et Services sociaux,01 – Bas-Saint-Laurent,"Villa Fraserville, centre jeunesse",Rivière-du-Loup,Agrandissement et réaménagement
435,"Institut universitaire en santé mentale de Québec, centre de neurophotonique et animalerie – Réaménagement","38737 – CIUSSS de la Capitale-Nationale - Agrandissement du Centre de neurophotonique, animalerie (MEIE) – Institut universitaire en santé mentale de Québec (IUSMQ)","Le projet consiste en un déploiement d'une toute nouvelle plateforme de neuro-imagerie par résonance magnétique au Centre de recherche de l'IUSMQ. La phase A prévoit l'aménagement des laboratoires de la nouvelle Chaire d'excellence de recherche du Canada sur la neurophotonique dans le bâtiment principal et la phase B consiste en l'aménagement, dans le bâtiment S, d'une plateforme de neuro-imagerie chez l'humain et chez l'animal.",33700000,29500000,4200000,,2021-08-01,En réalisation,"
",Ministre de la Santé et des Services sociaux,Centre intégré universitaire de santé et de services sociaux de la Capitale-Nationale,Société québécoise des infrastructures,Santé et services sociaux,Santé et Services sociaux,03 – Capitale-Nationale,"Institut universitaire en santé mentale de Québec, centre de neurophotonique et animalerie",Québec,Réaménagement
437,Buanderie du CISSS de Lanaudière – Joliette – Construction,39664 – Projet autofinancé – CISSS de Lanaudière – Nouvelle buanderie,Le projet consiste en une construction neuve pour relocaliser la buanderie sur un terrain adjacent au Centre hospitalier régional de Lanaudière (CHRDL).,23600000,23600000,0,,2020-09-01,En réalisation,"
",Ministre de la Santé et des Services sociaux,Centre intégré de santé et de services sociaux de Lanaudière,Centre intégré de santé et de services sociaux de Lanaudière en association avec la Société québécoise des infrastructures,Santé et services sociaux,Santé et Services sociaux,14 – Lanaudière,Buanderie du CISSS de Lanaudière,Joliette,Construction
439,Centre d'hébergement et de soins de longue durée – Maniwaki – Construction,Construction d'un nouveau CHSLD à Maniwaki,"Le projet vise la construction d'un nouveau centre d'hébergement de soins de longue durée d'une capacité de 100 lits, inspiré du modèle de Maison des aînés, qui remplacera le Centre d'hébergement de Maniwaki. Aux 69 lits existants, s'ajoutent les 14 lits en provenance de l'Hôpital de Maniwaki et 17 nouveaux lits.",,,,,,En planification,"
",Ministre de la Santé et des Services sociaux,Centre intégré de santé et de services sociaux de l'Outaouais,Société québécoise des infrastructures,Santé et services sociaux,Santé et Services sociaux,07 – Outaouais,Centre d’hébergement et de soins de longue durée,Maniwaki,Construction
440,"Hôpital de Gatineau, unité de périnatalité – Réaménagement","Réaménagement de l'unité de périnatalité, salles de césarienne et cliniques ambulatoires - Hôpital de Gatineau",Le projet consiste en une reconfiguration complète du 3e étage de l'Hôpital de Gatineau afin d'y aménager une nouvelle unité des naissances comportant 32 chambres de type « TARP » (travail/accouchement/récupération/post-partum) ainsi que le réaménagement de la néonatalogie de 16 lits. Il inclut également l'aménagement de deux nouvelles salles de césarienne adjacentes au bloc opératoire actuel situé au 2e étage et l'aménagement de cliniques gynéco-obstétriques et « GARE » (grossesses à risques élevés) au 7e étage.,,,,,,En planification,"
",Ministre de la Santé et des Services sociaux,Centre intégré de santé et de services sociaux de l'Outaouais,Société québécoise des infrastructures,Santé et services sociaux,Santé et Services sociaux,07 – Outaouais,"Hôpital de Gatineau, unité de périnatalité",Gatineau,Réaménagement
441,"Hôpital du Sacré-Cœur de Montréal, médecine nucléaire et ajout d'un tomographe par émission de positons – Agrandissement",Relocalisation de la médecine nucléaire et ajout d'un TEP – Hôpital du Sacré-Cœur de Montréal,Ce projet consiste à agrandir l'hôpital du Sacré-Cœur de Montréal afin d'implanter un appareil de tomographie par émission de positons couplé à la tomodensitométrie (TEP-TDM) pour le territoire du Centre intégré universitaire de santé et de services sociaux du Nord-de-l'Île-de-Montréal (CIUSSS) ainsi que la relocalisation de la médecine nucléaire.,,,,,,En planification,"
",Ministre de la Santé et des Services sociaux,Centre intégré universitaire de santé et de services sociaux du Nord-de-l'Île-de-Montréal,Société québécoise des infrastructures,Santé et services sociaux,Santé et Services sociaux,06 – Montréal,"Hôpital du Sacré-Cœur de Montréal, médecine nucléaire et ajout d’un tomographe par émission de positons",Montréal,Agrandissement
442,Centre d'hébergement et de soins de longue durée – Lachute – Construction,Nouveau CHSLD de 132 lits à Lachute,Ce projet consiste en la construction d'un nouveau centre d'hébergement et de soins de longue durée de 132 lits dans la municipalité de Lachute inspiré du modèle de Maison des aînés. Il permettra de relocaliser les lits des deux unités de soins de longue durée du Centre multiservices de santé et de services sociaux d'Argenteuil qui sont inadéquats pour ce type de clientèle.,,,,,,En planification,"
",Ministre de la Santé et des Services sociaux,Centre intégré de santé et de services sociaux des Laurentides,Société québécoise des infrastructures,Santé et services sociaux,Santé et Services sociaux,15 – Laurentides,Centre d’hébergement et de soins de longue durée,Lachute,Construction
443,Centre d'hébergement Notre-Dame-de-la-Merci – Montréal – Réaménagement,Rénovation majeure des unités de vie du Centre d'hébergement Notre-Dame-de-la-Merci,"Le projet consiste en la rénovation majeure des unités de vie du Centre d'hébergement Notre-Dame-de-la-Merci, inspiré du modèle de Maison des aînés, ayant comme objectifs l'élimination des chambres à occupation multiple, l'amélioration des unités de vie par l'ajout de locaux communs, la modification des locaux de services et la mise aux normes électro-mécanique.",,,,,,En planification,"
",Ministre de la Santé et des Services sociaux,Centre intégré universitaire de santé et de services sociaux du Nord-de-l'Île-de-Montréal,Société québécoise des infrastructures,Santé et services sociaux,Santé et Services sociaux,06 – Montréal,Centre d’hébergement Notre-Dame-de-la-Merci,Montréal,Réaménagement
444,Laboratoire serveur Optilab – Laval – Construction ,,Le projet consiste en une construction pour abriter les laboratoires médicaux de la grappe Laval-Laurentides-Lanaudière.,,,,,,En planification,"
",Ministre de la Santé et des Services sociaux,Centre intégré de santé et de services sociaux de Laval,Société québécoise des infrastructures,Santé et Services Sociaux,Santé et Services sociaux,13 – Laval,Laboratoire serveur Optilab,Laval,Construction
445,Centre d’hébergement du Rocher-Percé – Chandler – Agrandissement et réaménagement,,"Le projet consiste en un agrandissement du centre d’hébergement du Rocher-Percé, inspiré des principes appliqués sur les maisons des ainés, afin d’aménager un total de 99 lits.
 
Le projet prévoit que 48 lits seront dorénavant disponibles dans l’agrandissement, alors qu’un nombre de 51 lits demeureront dans la partie existante.",,,,,,En planification,"
",Ministre de la Santé et des Services sociaux,Centre intégré de santé et de services sociaux de la Gaspésie,Société québécoise des infrastructures,Santé et Services Sociaux,Santé et Services sociaux,11 – Gaspésie–Îles-de-la-Madeleine,Centre d’hébergement et de soins de longue durée du Rocher-Percé,Chandler,Agrandissement et réaménagement
446,"Hôpital de Mont-Laurier, soins de courte durée – Agrandissement et réaménagement ",,"Le projet consiste en un agrandissement et en un réaménagement des unités de soins de courte durée (complexe mère-enfant, pédiatrie, gériatrie active, médecine et chirurgie ainsi que soins palliatifs) et de la pharmacie.",,,,,,En planification,"
",Ministre de la Santé et des Services sociaux,Centre intégré de santé et de services sociaux de Lanaudière,Société québécoise des infrastructures,Santé et Services Sociaux,Santé et Services sociaux,15 – Laurentides,"Hôpital de Mont-Laurier, soins de courte durée",Mont-Laurier,Agrandissement et réaménagement
447,Centre d'hébergement de Vallée-de-la-Lièvre – Gatineau – Agrandissement,Agrandissement du centre d'hébergement de Vallée-de-la-Lièvre,"Le projet consiste à l'agrandissement du centre d'hébergement existant de 80 lits, inspiré du modèle de Maison des aînés, auxquels s'ajouteront les 55 lits en provenance de l'unité de soins de longue durée de l'Hôpital de Papineau ainsi qu'un lit de répit.",,,,,,En planification,"
",Ministre de la Santé et des Services sociaux,Centre intégré de santé et de services sociaux de l'Outaouais,Société québécoise des infrastructures,Santé et services sociaux,Santé et Services sociaux,07 – Outaouais,Centre d’hébergement de Vallée-de-la-Lièvre,Gatineau,Agrandissement
448,Laboratoire serveur Optilab – Longueuil – Construction,Construction du laboratoire serveur Optilab en Montérégie,"Le projet immobilier prévoit la construction d'un bâtiment qui abritera le laboratoire de biologie médicale du centre serveur de la Montérégie. Le bâtiment aura une superficie estimée à 6 000 m2 bruts, sur un terrain vague situé à Saint-Bruno-de-Montarville.",,,,,,En planification,"
",Ministre de la Santé et des Services sociaux,Centre intégré de santé et de services sociaux de la Montérégie-Centre,Société québécoise des infrastructures,Santé et services sociaux,Santé et Services sociaux,16 – Montérégie,Laboratoire serveur Optilab,Longueuil,Construction
449,"Institut universitaire de cardiologie et de pneumologie de Québec, bloc opératoire – Agrandissement et réaménagement",INSTITUT UNIVERSITAIRE DE CARDIOLOGIE ET DE PNEUMOLOGIE DE QUEBEC – Phase 2 du projet d'agrandissement et de réaménagement du bloc opératoire,Le projet consiste en la réalisation de la phase 2 du projet d'agrandissement et de réaménagement du bloc opératoire par l'aménagement d'une salle multidisciplinaire et le transfert des activités des salles existantes nos 1 et 7 dans de nouveaux espaces situés dans la coquille prévue à cette fin lors de la phase 1.,20400000,20400000,0,,2022-09-01,En réalisation,"
",Ministre de la Santé et des Services sociaux,Institut universitaire de cardiologie et de pneumologie de Québec – Université Laval,Société québécoise des infrastructures,Santé et services sociaux,Santé et Services sociaux,03 – Capitale-Nationale,"Institut universitaire de cardiologie et de pneumologie de Québec, bloc opératoire",Québec,Agrandissement et réaménagement
450,Laboratoire serveur Optilab – Sherbrooke – Construction,,Le projet consiste en une construction d’une superficie brute de quelque  4 500 m2 et un réaménagement d’environ 1 600 m2 pour accueillir le laboratoire serveur de l’Estrie.,,,,,,En planification,"
",Ministre de la Santé et des Services sociaux,Centre intégré universitaire de santé et de services sociaux de l'Estrie - Centre hospitalier universitaire de Sherbrooke,Société québécoise des infrastructures,Santé et Services Sociaux,Santé et Services sociaux,05 – Estrie,Laboratoire serveur Optilab,Sherbrooke,Construction
451,"Hôtel-Dieu de Lévis, pavillon d'enseignement – Construction",CISSS Chaudière-Appalaches - Nouveau pavillon d'enseignement Hôtel-Dieu de Lévis,Le projet consiste en la construction d'un nouveau bâtiment à l'Hôtel-Dieu de Lévis pouvant accueillir les cohortes d'étudiants dans le cadre du projet de délocalisation partielle du programme de préexternat de la Faculté de médecine de l'Université Laval.,,,,,2022-09-01,En planification,"
",Ministre de la Santé et des Services sociaux,Centre intégré de santé et de services sociaux de Chaudière-Appalaches,Centre intégré de santé et de services sociaux de Chaudière-Appalaches,Santé et services sociaux,Santé et Services sociaux,12 – Chaudière-Appalaches,"Hôtel-Dieu de Lévis, pavillon d’enseignement",Lévis,Construction
452,"Hôpital régional de Rimouski, pavillon d'enseignement – Construction",,Le projet consiste en la construction d'un nouveau bâtiment à vocation pédagogique sur le site de l'Hôpital régional de Rimouski. Ce bâtiment pourra accueillir les cohortes d'étudiants dans le cadre du projet de délocalisation partielle du programme de préexternat de la Faculté de médecine de l'Université Laval.,,,,,2022-09-01,En planification,"
",Ministre de la Santé et des Services sociaux,Centre intégré de santé et de services sociaux du Bas-Saint-Laurent,Centre intégré de santé et de services sociaux du Bas-Saint-Laurent,Santé et services sociaux,Santé et Services sociaux,01 – Bas-Saint-Laurent,"Hôpital régional de Rimouski, pavillon d’enseignement",Rimouski,Construction
453,Centre Miyupimaatisiiun communautaire – Oujé-Bougoumou – Construction,CONSEIL CRI DE LA SANTÉ ET SERV. SOC. DE LA BAIE-JAMES - Centre Miyupimaatisiiun Communautaire d'Oujé-Bougoumou,"Le projet consiste en la construction d'un bâtiment. Il s'articule autour de trois secteurs clés : les services partagés, la protection de la jeunesse et l’intervention clinique.",,,,,,En planification,"
",Ministre de la Santé et des Services sociaux,Conseil cri de la santé et des services sociaux de la baie James,Conseil cri de la santé et des services sociaux de la Baie James,Santé et services sociaux,Santé et Services sociaux,10 – Nord-du-Québec,Centre Miyupimaatisiiun communautaire d’Oujé-Bougoumou,Eeyou Istchee Baie-James,Construction
454,Centre Miyupimaatisiiun communautaire – Waskaganish – Construction,CONSEIL CRI DE LA SANTÉ ET SERV. SOC. DE LA BAIE-JAMES - Centre Miyupimaatisiiun Communautaire de Waskaganish,"Le projet consiste en la construction d'un bâtiment. Il s'articule autour de trois secteurs clés : les services partagés, la protection de la jeunesse et l’intervention clinique.",,,,,,En planification,"
",Ministre de la Santé et des Services sociaux,Conseil cri de la santé et des services sociaux de la baie James,Conseil cri de la santé et des services sociaux de la Baie James,Santé et services sociaux,Santé et Services sociaux,10 – Nord-du-Québec,Centre Miyupimaatisiiun communautaire de Waskaganish,Baie-James,Construction
455,Nouvelles-Casernes – Québec – Réfection,,"Construites entre 1749 et 1752, les Nouvelles-Casernes sont un bâtiment classé historique. Celui-ci constitue un héritage majeur avec un intérêt patrimonial pour sa valeur tant historique qu’architecturale et archéologique. La Commission a divisé les travaux de consolidation en deux phases. Il s’agit d’un chantier patrimonial dont les travaux préparatoires et la planification rigoureuse sont essentiels, avec les différents partenaires. Certains travaux préparatoires ont été réalisés par la Commission, depuis l’été 2016, et la première phase s’est échelonnée du printemps 2018 à celui de 2020. La deuxième phase des travaux a débuté au printemps 2020.",20000000,20000000,0,,2022-12-31,En réalisation,"
",Ministre responsable de la région de la Capitale-Nationale,Commission de la capitale nationale du Québec,Commission de la capitale nationale du Québec,Tourisme et activités récréatives,Économie et environnement,03 – Capitale-Nationale,Nouvelles-Casernes,Québec,Réfection
456,École primaire du centre de services scolaire des Chênes – Drummondville – Construction,,"Le projet consiste en la construction d’une école primaire à Drummondville, sur le territoire du centre de services scolaire des Chênes. Trois classes de maternelle 4 ans, trois d’éducation préscolaire et dix-huit d’enseignement primaire sont prévues afin de réduire le déficit d’espace reconnu par le Ministère.",,,,,,En planification,"
",Ministre de l'Éducation,Centre de services scolaire des Chênes,Centre de services scolaire des Chênes,Éducation,Éducation et culture,17 – Centre-du-Québec,École primaire du centre de services scolaire des Chênes – Drummondville,Drummondville,Construction
457,École Saint-Eugène du centre de services scolaire des Hautes-Rivières – Saint-Jean-sur-Richelieu – Agrandissement et réaménagement,,"Le projet consiste en l’agrandissement et au réaménagement de l’école primaire Saint-Eugène, à Saint-Jean-sur-Richelieu, dans le secteur de Saint-Jean, sur le territoire du centre de services scolaire des Hautes-Rivières. Quatre classes d’éducation préscolaire et treize d’enseignement primaire sont prévues afin de réduire le déficit d’espace reconnu par le Ministère.",22800000,22800000,0,,2020-08-31,En réalisation,"
",Ministre de l'Éducation,Centre de services scolaire des Hautes-Rivières,Centre de services scolaire des Hautes-Rivières,Éducation,Éducation et culture,16 – Montérégie,École Saint-Eugène du centre de services scolaire des Hautes-Rivières,Saint-Jean-sur-Richelieu,Agrandissement et réaménagement
458,École primaire du centre de services scolaire des Phares – Rimouski – Construction,,"Le projet consiste en la construction d’une école primaire à Rimouski, sur le territoire du centre de services scolaire des Phares. Quatre classes de maternelle 4 ans, trois d’éducation préscolaire et dix-huit d’enseignement primaire sont prévues afin de réduire le déficit d’espace reconnu par le Ministère.",,,,,,En planification,"
",Ministre de l'Éducation,Centre de services scolaire des Phares,Centre de services scolaire des Phares,Éducation,Éducation et culture,01 – Bas-Saint-Laurent,École primaire du centre de services scolaire des Phares,Rimouski,Construction
459,"Stade olympique, tour du funiculaire – Montréal – Réfection ",,Le projet consiste au remplacement du funiculaire de la Tour de Montréal ainsi qu’à la mise à niveau de la gare inférieure.,,,,,,En planification,"
",Ministre du Tourisme,Régie des installations olympiques,Régie des installations olympiques en association avec la Société québécoise des infrastructures,Tourisme et activités récréatives,Économie et environnement,06 – Montréal,"Stade olympique, tour du funiculaire",Montréal,Réfection
460,Route entre Schefferville et Kawawachikamach – Réfection,,"Le projet propose une réfection majeure sur près de 14 km du chemin unique reliant la gare ferroviaire, la ville de Schefferville, l'aéroport, la communauté de Matimekush et la communauté de Kawawachikamach.

Les objectifs du projet sont d'assurer la mobilité durable des personnes et des marchandises par des systèmes de transport efficaces et sécuritaires qui contribuent au développement du Québec en améliorant la géométrie routière et le drainage routier, en atténuant les zones de vent et en favorisant le transport actif.",,,,,,En planification,"
",Ministre des Transports,Ministère des Transports,Ministère des Transports,Développement du territoire nordique,Économie et environnement,09 – Côte-Nord,Route entre Schefferville et Kawawachikamach,Schefferville et Kawawachikamach,Réfection
461,Maison des organisations internationales – Montréal – Acquisition et construction,,"Le projet consiste en la création d’un lieu qui permettra la consolidation et la croissance de l’écosystème des organisations internationales à Montréal. La Maison des organisations internationales sera un pôle de rencontre et de réseautage pour ces organisations. Elle regroupera, sous un même toit, des organisations internationales de petite ou moyenne envergure, en plus d’offrir certains services à l’ensemble de cet écosystème.",,,,,,En planification,"
",Ministre des Relations internationales et de la Francophonie,Ministère des Relations internationales et de la Francophonie,Société québécoise des infrastructures,Administration gouvernementale,Gouverne et justice,06 – Montréal,Maison des organisations internationales,Montréal,Acquisition et construction
462,Complexe culturel – Longueuil – Construction,,"Le projet soumis est la construction d’un bâtiment afin de relocaliser le Théâtre de la Ville, diffuseur pluridisciplinaire, le Centre d’exposition en art actuel Plein Sud, le Théâtre Motus et l’Orchestre symphonique de Longueuil.

Il comprendra, entre autres, une grande salle de type opéra (1 000 places), une petite salle «à l’italienne» (500 places), une galerie d’art, des studios ainsi que des bureaux administratifs.",,,,,,En planification,"
",Ministre de la Culture et des Communications,Ville de Longueuil,Ville de Longueuil,Culture,Éducation et culture,16 – Montérégie,Complexe culturel,Longueuil,Construction
463,Centre des collections et de conservation de Montréal – Construction,Centre des collections et de conservation de Montréal,"BAnQ, en collaboration avec le Musée d'art contemporain de Montréal et le Musée des beaux-arts de Montréal, planifie la réalisation d'un centre pour doter Montréal d'un pôle de conservation unique qui garantira la protection, la sauvegarde et la longévité de l'héritage et de la mémoire collective du Québec. Le projet commun fournira également l’espace requis par les deux musées pour répondre à leur mission de conservation de l’art québécois, et ce, jusqu’en 2025.",,,,,,En planification,"
",Ministre de la Culture et des Communications,Bibliothèque et Archives nationales du Québec,Société québécoise des infrastructures,Culture,Éducation et culture,06 – Montréal,Centre des collections et de conservation,Montréal,Construction
464,Centre régional de traitement des dépendances – Kuujjuaq – Construction,,Le Centre régional de rétablissement Isuarsivik souhaite procéder à la construction d'un centre de réadaptation à l'intérieur des limites municipales du village nordique de Kuujjuaq. Le projet est destiné à offrir à la population nunavikoise une infrastructure qui répondra à ses besoins en matière de services résidentiels de rétablissement pour les dépendances.,,,,,,En planification,"
",Ministre responsable des affaires Autochtones,Secrétariat aux affaires autochtones,Société du Plan Nord,Administration gouvernementale,Gouverne et justice,10 – Nord-du-Québec,Centre régional de traitement des dépendances,Isuarsivik,Construction
465,Complexe Desjardins – Montréal – Réaménagement,,"Le bail du complexe Desjardins a été renouvelé pour une période de 20 ans à partir d’avril 2020. Revenu Québec veut moderniser ses espaces occupés au complexe Desjardins qui sont devenus désuets et non adaptés aux réalités des nouvelles façons de travail en collaboration et de télétravail. Éventuellement, la modernisation permettra de regrouper des établissements du centre-ville de Montréal en fonction des baux arrivant à terme. 

Envergure du projet
• Rénovation des 22 étages de la tour nord du complexe Desjardins (45 683 m2) sur une période de 6 ans.
• Aménagement selon les principes en vigueur depuis 2017 avec les salles et bureaux fermés au noyau.
Chacune des phases de réalisation sera soumise à l’approbation du CA de Revenu Québec et sera suivie lors du dépôt annuel du plan d’investissement.",,,,,,En planification,"
",Ministre des Finances,Agence du Revenu du Québec,Société québécoise des infrastructures,Administration gouvernementale,Gouverne et justice,06 – Montréal,Complexe Desjardins,Montréal,Réaménagement
466,Centre d'hébergement et de soins de longue durée – Wendake – Construction,Construction d'un CHSLD à Wendake,"Le projet consiste à construire un  centre d’hébergement et de soins de longue durée  de 24 lits, sur le territoire de Wendake, inspiré de l’approche des  maisons  des ainés et destiné aux membres de la Nation  huronne-wendate.",,,,,,En planification,"
",Ministre de la Santé et des Services sociaux,Conseil de la Nation huronne-wendat,Conseil de la Nation huronne-wendat,Santé et services sociaux,Santé et Services sociaux,03 – Capitale-Nationale,Centre d’hébergement et de soins de longue durée,Wendake,Construction
468,Aérogare Kangiqsujuaq et garage – Kangiqsujuaq –  Réfection,,"Le projet consiste en la mise aux normes et en l’amélioration des bâtiments qui ne répondent plus aux exigences réglementaires ni aux besoins de la clientèle. L’analyse des options déterminera quelle est la meilleure solution entre la réfection et la reconstruction, et ce, pour chacun des deux bâtiments.",27300000,27300000,0,2025-12-31,2026-09-30,En réalisation,"
",Ministre des Transports,Ministère des Transports,Ministère des Transports,"Transport maritime, aérien, ferroviaire et autres",Économie et environnement,10 – Nord-du-Québec,Aérogare Kangiqsujuaq et garage,Kangiqsujuaq,Construction
469,Route 132 entre Pabos Mills et Newport – Réfection,,"Le projet consiste à la réfection et au réaménagement de la route 132 sur une longueur de 3,8 km pour améliorer la sécurité routière en zones rurale et urbaine du secteur. Ces zones comportent des déficiences géométriques majeures qui réduisent la visibilité à l'arrêt. La structure de la chaussée et le drainage sont déficients et des correctifs majeurs doivent y être apportés. Le pont au-dessus de la rivière de l'Anse aux Canards a été remplacé par une nouvelle structure pour améliorer la sécurité des usagers. Le projet a été scindé en deux phases (Phase 1 : pont et raccordement à la route 132; Phase 2 : construction d’une route à partir de la décharge du lac Blanc jusqu’à la baie Saint-Hubert, 2,1 km) qui serviront à contourner le quartier de Pabos Mills et à installer une caméra de circulation.",39200000,39100000,100000,,2022-10-01,En réalisation,"
",Ministre des Transports,Ministère des Transports,Ministère des Transports,Réseau routier,Économie et environnement,11 – Gaspésie–Îles-de-la-Madeleine,Route132,Pabos Mills et Newport,Réfection
470,Route 132 entre la voie ferrée et le cours d'eau Saint-Laurent – Val-Brillant – Réfection,,Le projet consiste à améliorer la géométrie de la route 132 aux approches de la traverse de la voie ferrée du CN par la conception d'une géométrie en plan et en profil répondant aux normes de conception routière pour une vitesse de conception de 100 km/h (affichée à 90 km/h). Le réaménagement de la route 132 et d'un pont d’étagement pour la voie ferrée du CN a été requis.,43100000,43100000,0,,2021-10-01,En réalisation,"
",Ministre des Transports,Ministère des Transports,Ministère des Transports,Réseau routier,Économie et environnement,01 – Bas-Saint-Laurent,Route 132,Val-Brillant,Réfection
471,Échangeur des Sources entre Pointe-Claire et Dorval – Réfection,,"Le projet vise la réfection des structures dans l'échangeur des Sources situé à l'intersection de l’autoroute 20 et du boulevard des Sources, à la limite de Dorval et de Pointe-Claire. Le projet permettra la réparation des colonnes, le renforcement des poutres, la réparation des glissières de sécurité et la réalisation de trappes d’accès pour accéder aux caissons des structures afin d’en faciliter l’inspection.",49200000,47300000,1900000,,2023-12-01,En réalisation,"
",Ministre des Transports,Ministère des Transports,Ministère des Transports,Réseau routier,Économie et environnement,06 – Montréal,Échangeur Des Sources,Pointe-Claire et Dorval,Réfection
472,Autoroute 20 – Saint-Janvier-de-Joly – Reconstruction,,Reconstruction d’une chaussée en béton sur l’autoroute 20 ouest à Saint-Janvier-de-Joly. Ce projet est la continuité du plan d’intervention de la reconstruction de la chaussée en béton de l’autoroute 20.,32000000,32000000,0,,2021-12-01,En réalisation,"
",Ministre des Transports,Ministère des Transports,Ministère des Transports,Réseau routier,Économie et environnement,12 – Chaudière-Appalaches,Autoroute 20,Saint-Janvier-de-Joly,Reconstruction
473,"Réseau routier, divers sites – Îles-de-la-Madeleine – Réfection",,"Le projet vise à construire des ouvrages de protection des berges dans divers secteurs de la route 199 lourdement affectés à la suite des tempêtes de novembre 2018 et de septembre 2019 (ouragan Dorian) aux Îles-de-la-Madeleine. Au total, les travaux consistent à construire ou reconstruire 6000 mètres d’empierrement et 500 mètres de rechargement de plage.",27700000,27700000,0,,2022-12-01,En réalisation,"
",Ministre des Transports,Ministère des Transports,Ministère des Transports,Réseau routier,Économie et environnement,11 – Gaspésie–Îles-de-la-Madeleine,Réseau routier des Îles-de-la-Madeleine,Îles-de-la-Madeleine,Réfection
474,Aérogare de Salluit et garage – Construction ,,"Le projet consiste principalement à la construction d’une nouvelle aérogare et d’un nouveau garage à l’aéroport de Salluit afin de répondre à un niveau de service acceptable en augmentant la superficie des bâtiments et de leur fonctionnalité, puis de répondre aux exigences réglementaires.",28100000,28100000,0,2019-12-01,2021-01-31,En service,"
",Ministre des Transports,Ministère des Transports,Ministère des Transports,"Transport maritime, aérien, ferroviaire et autres",Économie et environnement,10 – Nord-du-Québec,Aérogare de Salluit et garage,Salluit,Construction
475,"Parcs routiers, aire de service – Lavaltrie – Réfection",,"Le projet vise la reconstruction complète de l’aire de service du Point-du-Jour, à Lavaltrie.

Un bâtiment principal moderne, qui comprendra les services de base, sera érigé. De plus, des stationnements sécuritaires pour les automobiles, les véhicules récréatifs, les autocars et les véhicules lourds seront aménagés.

Dans une seconde phase, un bâtiment de services commerciaux sera construit en annexe au bâtiment principal.
",22100000,17100000,5000000,2021-07-01,2024-08-31,En réalisation,"
",Ministre des Transports,Ministère des Transports,Ministère des Transports,"Transport maritime, aérien, ferroviaire et autres",Économie et environnement,14 – Lanaudière,"Parcs routiers, aire de service",Lavaltrie,Réfection
476,Navire NM Joseph-Savard – Traverse L’Isle-aux-Coudres–Saint-Joseph-de-la-Rive – Réfection et réaménagement,,Le projet vise la modernisation du NM Joseph-Savard en vue d’en prolonger la vie utile et de l’adapter afin qu’il réponde aux besoins actuels et futurs de la Société des traversiers du Québec.,,,,,,En planification,"
",Ministre des Transports,Société des traversiers du Québec,Société des traversiers du Québec,"Transport maritime, aérien, ferroviaire et autres",Économie et environnement,03 – Capitale-Nationale,Navire NM Joseph-Savard,Traverse L’Isle-aux-Coudres–Saint-Joseph-de-la-Rive,Réfection et réaménagement
477,"Pont de Québec entre Québec et Lévis, tablier – Maintien",,"Les travaux visent à sécuriser le tablier du pont par la réparation des entretoises du tablier ainsi qu’à assurer la consolidation des glissières de sécurité du côté de la voie ferroviaire. Plusieurs travaux sont prévus, notamment le remplacement des joints de tablier, des systèmes de feux des voies, des lampadaires ainsi que la réparation et la peinture de l’ouvrage en acier.",44100000,44100000,0,,2023-10-01,En réalisation,"
",Ministre des Transports,Ministère des Transports,Ministère des Transports,Réseau routier,Économie et environnement,03 – Capitale-Nationale,Pont de Québec,Québec et Lévis,Maintien
478,Ponts d’étagement du chemin de Sainte-Anne-des-Lacs et du chemin du Moulin sur l’autoroute 15 – Sainte-Anne-des-Lacs et Piedmont  – Réfection,,Le projet consiste en la réfection des ponts d’étagement sur les chemins de Sainte-Anne-des-Lacs et du Moulin au-dessus de l’autoroute 15 à Sainte-Anne-des-Lacs et à Piedmont. Les travaux consistent en la démolition et la reconstruction complète des ponts d’étagement.,23200000,23200000,0,,2021-08-01,En réalisation,"
",Ministre des Transports,Ministère des Transports,Ministère des Transports,Réseau routier,Économie et environnement,15 – Laurentides,Pont d’étagement du chemin Sainte-Anne et du chemin du Moulin sur l’autoroute 15,Sainte-Anne-des-Lacs et Piedmont,Réfection
479,"Pont Dubuc entre Chicoutimi et Chicoutimi-Nord, éléments du tablier – Saguenay – Réfection",,"Le projet vise la réfection d’éléments du pont Dubuc et des structures aux approches. Le projet permettra également d’améliorer les approches nord et sud, notamment par l’ajout d’un accès au pont via la rue Montcalm, la correction et l’allongement de l’approche nord du pont et l’allongement de la voie de virage à gauche du boulevard Saint-Paul, en direction sud, pour l’accès au boulevard Jacques-Cartier.",42700000,42700000,0,,,En réalisation,"
",Ministre des Transports,Ministère des Transports,Ministère des Transports,Réseau routier,Économie et environnement,02 – Saguenay–Lac-Saint-Jean,"Pont Dubuc, éléments du tablier",Saguenay,Réfection
480,Pont Louis-Bisson entre Montréal et Laval – Réfection,,"Le projet vise la réfection des éléments structuraux du pont Louis-Bisson situé sur l’autoroute 13, au-dessus de la rivière des Prairies entre Montréal et Laval. Le projet permettra également d’améliorer l’éclairage, la chaussée et le terrassement aux approches nord et sud ainsi que la démolition d’une conduite de gaz désaffectée.",25000000,25000000,0,,2021-12-01,En réalisation,"
",Ministre des Transports,Ministère des Transports,Ministère des Transports,Réseau routier,Économie et environnement,06 – Montréal,Pont Louis-Bisson,Montréal et Laval,Réfection
481,"Centre de santé d'Inuulitsivik et centre de santé Tulattavik, 62 logements – Nunavik – Construction",RÉGIE RÉGIONALE DE LA SANTÉ ET DES SERVICES SOCIAUX DU NUNAVIK - Construction de 62 unités de logement,"Le projet doit couvrir les besoins de la région en matière d'hébergement pour le personnel qui travaille dans les communautés du Nunavik. Il consiste en la construction de 62 logements.

Les communautés visées sont : Salluit, Ivujivik, Akulivik, Puvirnituq, Inukjuak, Umiujaq, Kangirsuk, Kuujjuaq et Kangiqsualujjuaq.",,,,,,En planification,"
",Ministre de la Santé et des Services sociaux,Régie régionale de la santé et des services sociaux du Nunavik,Régie régionale de la santé et des services sociaux du Nunavik,Santé et services sociaux,Santé et Services sociaux,10 – Nord-du-Québec,"Centre de santé d’Inuulitsivik et centre de santé Tulattavik, 62 unités de logement",Nunavik,Construction
482,École primaire de la Mosaïque du centre de services scolaire de Laval (secteur Laval-des-Rapides) – Agrandissement,,"Le projet consiste en l’agrandissement de l’école primaire de la Mosaïque, à Laval, dans le secteur de Laval-des-Rapides, sur le territoire du centre de services scolaire de Laval. Dix classes d’éducation préscolaire et cinq d’enseignement primaire sont prévues afin de réduire le déficit d’espace reconnu par le Ministère.",,,,,,En planification,"
",Ministre de l'Éducation,Centre de services scolaire de Laval,Centre de services scolaire de Laval,Éducation,Éducation et culture,13 – Laval,École de la Mosaïque,Laval,Agrandissement
483,École primaire-secondaire du centre de services scolaire Kativik – Salluit – Agrandissement ,,"Le projet consiste à l’agrandissement de l’école primaire-secondaire à Salluit, sur le territoire du centre de services scolaire Kativik, afin de réduire le déficit d’espace reconnu par le Ministère et de répondre aux particularités que présentent les territoires du Nord.",,,,,,En planification,"
",Ministre de l'Éducation,Centre de services scolaire Kativik,Centre de services scolaire Kativik,Éducation,Éducation et culture,10 – Nord-du-Québec,École primaire-secondaire du centre de services scolaire de Kativik,Salluit,Agrandissement
484,Centre sportif et communautaire – Mont-Royal – Construction,,"Le projet consiste à construire un complexe qui comprendra une piscine et un gymnase, ainsi qu’à rénover le complexe existant. Les deux composantes seront reliées.",30100000,3000000,27100000,,2021-11-30,En réalisation,"
",Ministre de l'Éducation,Ville de Mont-Royal,Ville de Mont-Royal,Développement du sport,Éducation et culture,06 – Montréal,Centre sportif et communautaire,Mont-Royal,Construction
485,Complexe sportif multifonctionnel – Saint-Jérôme – Construction,,"Le projet consiste à la construction d’un complexe sportif multifonctionnel qui regroupera, sous un même bâtiment, deux plateaux spécialisés, soit des terrains de soccer intérieurs et une palestre de gymnastique, des salles multifonctionnelles et un gymnase multisport.",,,,,,En planification,"
",Ministre de l'Éducation,Ville de Saint-Jérôme,Ville de Saint-Jérôme,Développement du sport,Éducation et culture,15 – Laurentides,Complexe sportif multifonctionnel,Saint-Jérôme,Construction
486,Complexe aquatique et récréatif – Montréal (arrondissement Pierrefonds-Roxboro) – Construction,,"Le projet consiste à construire un complexe aquatique et récréatif de trois bassins, dont le principal sera de dimension semi-olympique, sur le boulevard Pierrefonds, à Montréal.",,,,,,En planification,"
",Ministre de l'Éducation,Ville de Montréal,Ville de Montréal,Développement du sport,Éducation et culture,06 – Montréal,Complexe aquatique et récréatif,Montréal,Construction
487,Centre multisport – Saguenay – Construction,,"Le projet consiste à la construction d’un complexe sportif d’environ 9 900 m2, fonctionnel 12 mois par année. Il réunira, sous un même toit, un terrain de soccer à onze joueurs (divisible en trois terrains de mini-soccer), des salles d’entraînement pour le baseball, des terrains de volleyball et de handball ainsi qu’une piste d’athlétisme. À court terme, ces plateaux de jeux pourront également servir pour d’autres sports tels que le disque volant et le football.",20800000,7500000,13300000,,2022-04-01,En réalisation,"
",Ministre de l'Éducation,Ville de Saguenay,Ville de Saguenay,Développement du sport,Éducation et culture,02 – Saguenay–Lac-Saint-Jean,Centre multisport,Saguenay,Construction
488,Complexe multisport – Sainte-Catherine – Construction,,"Le projet consiste à l’aménagement d’un complexe de soccer intérieur avec un terrain synthétique d’une dimension de 132,25 m de longueur par 62,35 m de largeur. Ce terrain pourra se subdiviser, selon les besoins, en un terrain pleine grandeur pour une partie à onze joueurs, en deux terrains pour neuf joueurs ou en quatre mini-terrains pour sept joueurs. Le complexe comprendra également un bloc de services qui renfermera des bureaux, des salles multifonctionnelles ainsi que des aires administratives et de soutien aux jeux.",,,,,,En planification,"
",Ministre de l'Éducation,Ville de Sainte-Catherine,Ville de Sainte-Catherine,Développement du sport,Éducation et culture,16 – Montérégie,Complexe multisport,Sainte-Catherine,Construction
489,Musée d’art contemporain de Montréal – Réaménagement,,"Le projet de transformation du Musée d’art contemporain de Montréal vise à doubler la superficie consacrée à l’exposition d’œuvres et à augmenter celle de l’espace jeunesse, tout en facilitant l’accès et en bonifiant l’expérience muséale par l’amélioration et le repositionnement des services connexes.",57000000,30000000,27000000,,2024-10-31,En réalisation,"Mars 2020
Le gouvernement a autorisé le projet à l’étape « En réalisation ».",Ministre de la Culture et des Communications,Musée d'art contemporain de Montréal conjointement avec la Société de la Place des arts de Montréal,Société québécoise des infrastructures,Culture,Éducation et culture,06 – Montréal,Musée d’art contemporain de Montréal ,Montréal,Réaménagement
490,Digue – Sainte-Marthe-sur-le-Lac – Réfection et construction,"Travaux de réfection, renforcement, rehaussement, imperméabilisation de la digue de la ville de Sainte-Marthe-sur-le-Lac","À la suite de l'inondation survenue au printemps 2019, la Ville de Sainte-Marthe-sur-le-Lac devait mettre aux normes sa digue de rétention afin d'assurer la sécurité et la protection des biens de sa population en cas d'érosion et d’inondations.

Le projet consiste à réaliser la réfection et la construction d’une digue de 5 km avec une crête de 26,5 mètres d’élévation. Les travaux visent à mettre en place un rideau de palplanches et à aménager un empierrement dans le but de le stabiliser et d’atténuer l’impact des vagues, pour ainsi contrôler l’érosion. 

L'élévation de la crête permettra de protéger la ville pour une crue de récurrence 1:1500 ans, combinée à des vagues de récurrence annuelle de 0,7 mètre.",,,,,,En planification,"
",Ministre des Affaires municipales et de l'Habitation,Ville de Sainte-Marthe-sur-le-Lac,Ville de Sainte-Marthe-sur-le-Lac,Municipalités,Économie et environnement,15 – Laurentides,Digue,Sainte-Marthe-sur-le-Lac,Réfection et construction 
491,Ouvrage de protection contre les inondations – Lac des Deux Montagnes – Construction,,Le projet consiste en la construction d’infrastructures qui permettront une meilleure résilience des municipalités visées lors des inondations et des pluies diluviennes.,,,,,,En planification,"
",Ministre des Affaires municipales et de l'Habitation,"Municipalités de Deux-Montagnes, Pointe-Calumet, Oka et Saint-Joseph-du-lac","Municipalités de Deux-Montagnes, Pointe-Calumet, Oka et Saint-Joseph-du-lac",Municipalités,Économie et environnement,06 – Montréal,Ouvrage de protection contre les inondations,Lac des Deux Montagnes,Construction
492,Ouvrage de protection contre les inondations – Rivière des Mille Îles – Construction,,Le projet consiste en la construction d’infrastructures qui permettront une meilleure résilience des municipalités visées lors des inondations et des pluies diluviennes.,,,,,,En planification,"
",Ministre des Affaires municipales et de l'Habitation,"Municipalités de Deux-Montagnes, Saint-Eustache, Boisbriand et Rosemère","Municipalités de Deux-Montagnes, Saint-Eustache, Boisbriand et Rosemère",Municipalités,Économie et environnement,06 – Montréal,Ouvrage de protection contre les inondations,Rivière-des-Mille-Îles,Construction
493,"Incinérateur de Québec, valorisation des vapeurs – Construction",,Le projet conjoint entre la ville de Québec et le CHU de Québec consiste en la construction d'une centrale d'énergie trigénération sur le site de l'Hôpital de l'Enfant-Jésus ainsi que d'un réseau de distribution de vapeur.,,,,,,En planification,"
",Ministre de la Santé et des Services sociaux,Ministère de la Santé et des Services sociaux,Ville de Québec,Environnement,Économie et environnement,03 – Capitale-Nationale,"Incinérateur de Québec, valorisation des vapeurs",Québec,Construction
495,École de formation professionnelle de Châteauguay du centre de services scolaire des Grandes-Seigneuries – Construction,,"Le projet consiste à construire une nouvelle école de formation professionnelle à Châteauguay afin de répondre aux problèmes de vétusté et de superficie restreinte du complexe Louis-Philippe-Paré au sein duquel elle loge actuellement (voir projet 253).

Le nouveau bâtiment aura la capacité d'accueillir les étudiants de tous les programmes d'études reconnus par le Ministère.",,,,,,En planification,"Juillet 2020
Le gouvernement a autorisé que le projet «Complexe Louis-Philippe-Paré du centre de services scolaire des Grandes-Seigneuries – Châteauguay – Agrandissement et réaménagement» soit scindé en deux projets distincts, soit la construction d’une nouvelle école secondaire Louis-Philippe-Paré et la construction de l’École de formation professionnelle de Châteauguay.

Les deux projets sont autorisés à l’étape « En planification ».",Ministre de l'Éducation,Centre de services scolaire des Grandes-Seigneuries,Société québécoise des infrastructures,Éducation,Éducation et culture,16 – Montérégie,École de formation professionnelle de Châteauguay du centre de services scolaire des Grandes-Seigneuries,Chateauguay,Construction
