no_projet,nom_projet,description,cout_total,contribution_quebec,contribution_partenaires,date_debut_mise_en_service,date_fin_mise_en_service,etat_avancement,suivi_modifications,ministre,organisme,gestionnaire,secteur_activite,mission,region,nom_infrastructure,localisation,nature_travaux
2,"Centre hospitalier de l’Université de Montréal, complexe hospitalier – Construction","Le projet consistait à regrouper en un seul site les spécialités médicales qui étaient réparties dans trois hôpitaux, soit l’hôtel-Dieu de Montréal, l’hôpital Notre-Dame et l’hôpital Saint-Luc. Cette construction, localisée au centre-ville de Montréal, est pourvue de 772 chambres individuelles. Des soins spécialisés (tertiaires et quaternaires), de l’enseignement, de la recherche ainsi que des activités de soins cliniques primaires et secondaires y sont offerts. Le projet se divise en deux phases. La première prévoit la livraison d’un centre hospitalier fonctionnel et la seconde inclut trois bâtiments qui comprendront les soins ambulatoires, l’amphithéâtre et les bureaux. Le projet prévoyait aussi la construction d’un centre de recherche sur le même site. 
L’envergure des travaux est de 344 000 m² en superficie brute totale, soit 236 000 m² pour le centre hospitalier (les bâtiments de la phase 1), 40 000 m² pour les bâtiments de la phase 2 et 68 000 m² pour le centre de recherche.
À ce jour, le centre de recherche et la phase 1 du nouveau CHUM ont été livrés et les activités régulières s’y déroulent. Les travaux de la phase 2 ont débuté et la réception provisoire des bâtiments a été faite en avril 2021.",3691600000,3449200000,242400000,2014-01-01,2021-09-01,En service,"Janvier 2021
Une hausse de 60,7 M$ au coût du projet a été autorisée. Initialement prévu à 3 630,9 M$, le coût est maintenant de 3 691,6 M$.
Mars 2020
La mise en service de l’infrastructure a été autorisée.",Ministre de la Santé et des Services sociaux,Centre hospitalier de l’Université de Montréal,Centre hospitalier de l’Université de Montréal,Santé et Services sociaux,Santé et Services sociaux,06 – Montréal,Centre hospitalier de l’Université de Montréal,Montréal,Construction
4,"Centre hospitalier universitaire Sainte-Justine, unités spécialisées et recherche – Montréal – Agrandissement et réaménagement","Le projet consistait à construire un pavillon de soins spécialisés qui comprendra 261 lits, un centre de recherche et un stationnement souterrain. Il incluait également la modernisation des bâtiments existants. Il a permis de doter le Centre hospitalier universitaire Sainte-Justine des infrastructures nécessaires pour répondre aux besoins des mères et des enfants dans tous les volets de la mission de l’institution. L’objectif du projet était d’offrir aux patients et à leur famille, au personnel soignant, aux étudiants, aux enseignants ainsi qu’aux chercheurs un milieu de vie, d’hospitalisation et de travail moderne adapté à leurs besoins, et ce, en tenant compte des répercussions sur l’environnement et la communauté.
L’envergure des travaux réalisés représente une augmentation de 65 % de la superficie des bâtiments existants. La superficie brute totale du nouveau bâtiment est de 81 000 m². Quant aux travaux de réaménagement, ils représentent une superficie d’environ 11 000 m².
Le bâtiment des unités spécialisées et celui du centre de recherche sont occupés depuis décembre 2016. Cette phase du projet Grandir en santé est close. 
Les travaux de réaménagement du bâtiment existant sont en cours de construction, selon les secteurs. Ils doivent se terminer au printemps 2021.",939600000,861900000,77700000,2016-12-01,2021-06-30,En service,"Mars 2021
Une modification à la stratégie de financement a été autorisée. Ainsi, la contribution du Québec passe de 807,1 M$ à 861,9 M$, et celle des partenaires, de 132,5 M$ à 77,7 M$.
Mars 2020
La mise en service de l’infrastructure a été autorisée.
De plus, la modification de la date de la mise en service complète a été autorisée. Initialement prévue en octobre 2020, elle est reportée à juin 2021.",Ministre de la Santé et des Services sociaux,Centre hospitalier universitaire Sainte-Justine,Centre hospitalier universitaire Sainte-Justine,Santé et Services sociaux,Santé et Services sociaux,06 – Montréal,Centre hospitalier universitaire Sainte-Justine,Montréal,Agrandissement et réaménagement
5,"Métro de Montréal, voitures de métro AZUR – Remplacement",Le projet vise l’acquisition de 468 nouvelles voitures pour le métro de Montréal ainsi que la mise à niveau de certaines infrastructures pour permettre l’exploitation et l’entretien des nouvelles voitures.,2033600000,1525800000,507800000,2016-02-01,2019-06-01,En service,"Mars 2021
Une baisse de 88,8 M$ au coût du projet a été autorisée. Initialement prévu à 2 122,4 M$, le coût est maintenant de 2 033,6 M$. Ainsi, la contribution du Québec passe de 1 592,4 M$ à 1 525,8 M$, et celle des partenaires, de 530,0 M$ à 507,8 M$.
Mars 2020
La mise en service de l’infrastructure a été autorisée.
De plus, la modification de la date de la mise en service complète a été autorisée. Initialement prévue en mars 2021, elle est devancée à juin 2019.
Mars 2019
La modification de la date de la mise en service complète a été autorisée. Initialement prévue en janvier 2019, elle est reportée à mars 2021. 
De plus, une modification à la stratégie de financement a été autorisée. Ainsi, la contribution du Québec passe de 1 591,8 M$ à 1 592,4 M$ et celle des partenaires de 530,6 M$ à 530,0 M$.
Novembre 2018
Une baisse de 69,3 M$ au coût du projet. Initialement prévu à 2 191,7 M$, le coût est maintenant de 2 122,4 M$. Ainsi, la contribution du Québec passe de 1 860,0 M$ à 1 591,8 M$ et celle des partenaires de 331,7 M$ à 530,6 M$.",Ministre des Transports,Société de transport de Montréal,Société de transport de Montréal,Transport collectif,Économie et environnement,06 – Montréal,Métro de Montréal,Montréal,Remplacement
10,Échangeur Dorval – Montréal – Réaménagement,"Le projet vise à séparer la circulation locale, de transit et autoroutière destinée à l’aéroport international Pierre-Elliott-Trudeau de Montréal. Les travaux permettront la création de liens directs entre l’autoroute 20, l’autoroute 520 et l’aéroport, ainsi que l’amélioration de la fluidité de la circulation et l’accessibilité du secteur.",334200000,230600000,103600000,2010-11-01,2021-09-30,En service,"Mars 2021
Une baisse de 10,0 M$ au coût du projet a été autorisée. Initialement prévu à 344,2 M$, le coût est maintenant de 334,2 M$. Ainsi, la contribution du Québec passe de 240,6 M$ à 230,6 M$ et celle des partenaires demeure à 103,6 M$.

De plus, la modification de la date de la mise en service complète a été autorisée. Prévue en septembre 2020, elle est reportée à septembre 2021.


Mars 2020
La mise en service de l’infrastructure a été autorisée.
De plus, la modification de la date de la mise en service complète a été autorisée. Initialement prévue en octobre 2019, elle est reportée à septembre 2020.",Ministre des Transports,Ministère des Transports,Ministère des Transports en association avec la Société québécoise des infrastructures,Réseau routier,Économie et environnement,06 – Montréal,Échangeur Dorval,Montréal,Réaménagement
18,Palais de justice de Rimouski – Réfection et réaménagement,"Le projet comprend le réaménagement complet du bâtiment existant, incluant l’aile de l’ancienne prison, et un agrandissement qui correspond à 60 % de la superficie actuelle, de manière à faciliter l’accessibilité de la population aux services judiciaires. Le caractère architectural du palais sera conservé. 
En avril 2017, les activités du palais de justice ont été temporairement relocalisées dans un autre édifice de la Société québécoise des infrastructures, et ce, pour permettre la réalisation des travaux.
Le projet vise à pallier aux problèmes de mise aux normes, de besoins d’espaces supplémentaires et les nombreuses lacunes fonctionnelles. 
Ces problèmes ont été établis par les principaux occupants de l’édifice, qui sont le ministère de la Justice, le ministère de la Sécurité publique et le Directeur des poursuites criminelles et pénales.",68200000,68200000,0,,2020-08-30,En service,"Mars 2021
La mise en service de l’infrastructure a été autorisée. La modification de la date du début de la mise en service a été autorisée. Prévue en mars 2020, elle a été reportée à août 2020.
Mars 2020
La modification de la date de la mise en service a été autorisée. Initialement prévue en septembre 2019, elle est reportée à mars 2020.",Ministre responsable de l’Administration gouvernementale,Ministère de la Justice,Société québécoise des infrastructures,Administration gouvernementale,Gouverne et justice,01 – Bas-Saint-Laurent,Palais de justice de Rimouski,Rimouski,Réfection et réaménagement
19,Complexe Turcot – Montréal – Reconstruction,"Le projet vise la reconstruction de l’échangeur Turcot. Après près de 50 ans de service, l’échangeur Turcot, qui est l’un des plus importants du Québec et sur lequel circulent quotidiennement plus de 300 000 véhicules, doit être reconstruit tout comme les échangeurs Angrignon, De La Vérendrye et Montréal-Ouest, ainsi que des tronçons adjacents des autoroutes 15, 20 et 720. Le projet prévoit également l’ajout de 17 km de voies réservées au transport collectif, de 6,7 km de voies cyclables et de pistes polyvalentes ainsi que l’aménagement de liens plus conviviaux pour les piétons.",3673300000,3673300000,0,2017-12-01,2020-10-30,En service,"Mars 2021
La modification de la date de la mise en service complète a été autorisée. Initialement prévue en décembre 2020, elle a été devancée à octobre 2020.
Septembre 2017
Début de la mise en service progressive des voies de circulation.",Ministre des Transports,Ministère des Transports,Ministère des Transports en association avec la Société québécoise des infrastructures,Réseau routier,Économie et environnement,06 – Montréal,Échangeur Turcot,Montréal,Reconstruction
22,Quartier des spectacles – Montréal – Réaménagement,"Le projet consiste principalement en l’aménagement de nouveaux espaces publics permanents permettant la tenue d’événements culturels. Le projet se divise en quatre phases : la place des Festivals et la rue Jeanne-Mance (phase 1), le parterre et la promenade des Artistes (phase 2), la rue Sainte-Catherine (phase 3), et finalement l’esplanade Clark et la rue Saint-Urbain (phase 4).

La Ville de Montréal réalise actuellement les derniers travaux de la phase 4 qui consiste à aménager une place publique qui se transformera en patinoire réfrigérée l’hiver. Un pavillon multifonctionnel permettant d’offrir tous les services requis pour les activités sera également construit.",120000000,40000000,80000000,2009-09-01,2021-12-01,En service,"Mars 2021
Un addenda au protocole d’entente, intervenu entre les parties, a été signé reportant la date de la mise en service complète initialement prévue en décembre 2020 à décembre 2021.
Janvier 2020
Un addenda au protocole d’entente, intervenu entre les parties, a été signé reportant la date de la mise en service complète initialement prévue en décembre 2019, à décembre 2020.",Ministre des Affaires municipales et de l’Habitation,Ville de Montréal,Ville de Montréal,Municipalités,Économie et environnement,06 – Montréal,Quartier des spectacles,Montréal,Réaménagement
23,Gare de triage d’Outremont – Montréal – Réaménagement,"Le projet vise à réaménager une vaste friche industrielle située au cœur de l’île de Montréal en un nouvel espace de vie mixte, durable et intégré aux milieux environnants. Le projet repose sur un partenariat entre la Ville et l’Université de Montréal. Il comporte notamment la démolition de l’ancienne cour de voirie municipale, la construction d’un viaduc ferroviaire dans la partie est du site, la construction des infrastructures urbaines de base (aqueduc, égouts, voirie, canalisations souterraines), la mise en place et l’aménagement des bassins de rétention pour les besoins de l’arrondissement, ainsi que la réhabilitation des terrains municipaux et l’aménagement de parcs.",120000000,30000000,90000000,2019-09-01,2021-12-01,En service,"Mars 2021
La mise en service de l’infrastructure a été autorisée.",Ministre des Affaires municipales et de l’Habitation,Ville de Montréal conjointement avec l’Université de Montréal,Ville de Montréal conjointement avec l’Université de Montréal,Municipalités,Économie et environnement,06 – Montréal,Gare de triage d’Outremont,Montréal,Réaménagement
26,Autoroute 5 entre le chemin de la Rivière et la route 105 – La Pêche – Prolongement,"Le projet consiste à concevoir un axe majeur nord-sud, formé par l’autoroute 5 et la route 105. Ces deux routes sont considérées comme stratégiques pour le commerce extérieur. Or, la route 105, dans le secteur La Pêche, peut difficilement jouer son rôle en raison de ses caractéristiques géométriques. La réalisation du projet permettra d’assurer un lien plus fluide et sécuritaire avec la route 105.",178300000,102200000,76100000,2009-12-01,2024-11-30,En service,"Mars 2021
La mise en service de l’infrastructure a été autorisée.
Mars 2020
Une hausse de 9,4 M$ au coût du projet a été autorisée. Initialement prévu à 168,9 M$, le coût est maintenant de 178,3 M$. Ainsi, la contribution du Québec passe de 90,9 M$ à 102,2 M$, et celle des partenaires, de 78 M$ à 76,1 M$.
De plus, la modification de la date de la mise en service complète a été autorisée. Initialement prévue en décembre 2022, elle est reportée à novembre 2024.",Ministre des Transports,Ministère des Transports,Ministère des Transports,Réseau routier,Économie et environnement,07 – Outaouais,Autoroute 5,La Pêche,Prolongement
28,Stations de traitement d’eau potable – Shawinigan – Construction,"Le projet consiste à construire deux usines pour traiter les eaux du lac à la Pêche et du lac des Piles, dans le cadre de la mise aux normes des installations d’approvisionnement en eau potable de la Ville de Shawinigan. Ainsi, l’usine du lac à la Pêche pourra traiter 34 950 m³ d’eau par jour, et celle du lac des Piles en traitera 11 290 m³. Les usagers de la ville de Shawinigan recevront alors une eau traitée selon les exigences définies par la réglementation en vigueur.",64100000,24000000,40100000,,2020-01-30,En service,"Mars 2021
La modification de la date de la mise en service a été autorisée. Initialement prévue en décembre 2020, elle a été devancée à janvier 2020. La mise en service complète de l’infrastructure a été autorisée. Le projet sera retiré du tableau de bord lors de la prochaine mise à jour annuelle.",Ministre des Affaires municipales et de l’Habitation,Ville de Shawinigan,Ville de Shawinigan,Municipalités,Économie et environnement,04 – Mauricie,Station de traitement d’eau potable,Shawinigan,Construction
30,"Station d’épuration des eaux usées Jean-R.-Marcotte, unité de désinfection – Montréal – Construction","Le projet consiste en la construction d’une unité de désinfection des eaux usées par ozonation à la station d’épuration Jean-R.- Marcotte de Montréal.
La désinfection des eaux usées à l’ozone complétera la chaîne de traitement prévue lors de la conception de la station d’épuration des eaux usées.
Les objectifs de ce projet sont de diminuer les risques pour la santé humaine et de protéger la faune et la flore aquatiques du fleuve Saint-Laurent.
Ainsi, lorsque le projet sera terminé, la qualité de l’eau du fleuve sera nettement améliorée au bénéfice des collectivités.",150000000,63800000,86200000,,2023-12-31,En réalisation,"Mars 2021
Un addenda au protocole d’entente, intervenu entre les parties, a été signé reportant la date de la mise en service initialement prévue en décembre 2021 à décembre 2023.",Ministre des Affaires municipales et de l’Habitation,Ville de Montréal,Ville de Montréal,Municipalités,Économie et environnement,06 – Montréal,Station d’épuration des eaux usées Jean-R.- Marcotte,Montréal,Construction
31,"Bassins de rétention des eaux usées Rockfield, Lavigne, Leduc et William – Montréal – Construction","Le projet consiste en la construction de quatre bassins de rétention des eaux usées afin de diminuer les déversements des réseaux d’égouts dans l’environnement.Le bassin Rockfield rejette ses surplus d’eaux dans le canal Lachine, les bassins Lavigne et Leduc le font dans la rivière des Prairies, tandis que le bassin William rejette ses surplus d’eaux dans le fleuve Saint-Laurent.La construction de ces ouvrages de rétention des eaux usées permettra de réduire le volume d’eaux usées non traitées déversées dans les cours d’eau.",148000000,49300000,98700000,2021-11-01,2021-12-01,En réalisation,"Mars 2021
Un addenda au protocole d’entente, intervenu entre les parties, a été signé reportant la date de la mise en service initialement prévue en mars 2019 à décembre 2021.
Novembre 2018
Un addenda au protocole d’entente, intervenu entre les parties, a été signé reportant la date de la mise en service initialement prévue en mars 2019 à décembre 2021.",Ministre des Affaires municipales et de l’Habitation,Ville de Montréal,Ville de Montréal,Municipalités,Économie et environnement,06 – Montréal,Bassins de rétention des eaux usées,Montréal,Construction
37,"Métro de Montréal, programme Réno-Systèmes (phase III) – Maintien et bonification","Le programme Réno-Systèmes vise le remplacement, la construction ou la remise à neuf d’équipements fixes directement liés à l’exploitation du métro. Les catégories concernées sont les installations motorisées (escaliers mécaniques, ventilation, ascenseurs), les équipements de voie, l’équipement d’énergie d’exploitation et de contrôle des trains ainsi que les systèmes de télécommunication et de contrôle des procédés d’exploitation.",500000000,262700000,237300000,2013-05-01,2021-12-31,En service,"Mars 2021
La mise en service de l’infrastructure remonte à mai 2013.
Mars 2020
La modification de la date de la mise en service complète a été autorisée. Initialement prévue en décembre 2019, elle est reportée à décembre 2021.",Ministre des Transports,Société de transport de Montréal,Société de transport de Montréal,Transport collectif,Économie et environnement,06 – Montréal,Métro de Montréal,Montréal,Maintien et bonification
39,"Métro de Montréal, ligne bleue de la station Saint-Michel à Anjou – Prolongement","Le projet vise le prolongement de la ligne bleue du métro de Montréal par l’ajout de cinq stations, sur le territoire, pour une longueur totale de 5,8 km, soit de la station Saint-Michel à Anjou. L’objectif est d’améliorer la mobilité dans la région de Montréal, à favoriser la mobilité durable, à appuyer le développement urbain et économique ainsi qu’à consolider le réseau de transport collectif.",,,,,,En planification,,Ministre des Transports,Autorité régionale de transport métropolitain conjointement avec la Société de transport de Montréal,Société de transport de Montréal en association avec la Société québécoise des infrastructures,Transport collectif,Économie et environnement,06 – Montréal,Métro de Montréal,Montréal,Prolongement
40,Autoroute 73 (Henri-IV) entre l’autoroute 40 et l’autoroute 440 – Québec – Élargissement,"Le projet vise l’élargissement et la réfection de l’autoroute 73 (Henri-IV) qui permettront d’améliorer la sécurité et l’efficacité de cet axe stratégique où circulent plus de 100 000 véhicules chaque jour. Les travaux majeurs contribueront à assurer la pérennité des infrastructures. Le projet vise l’élargissement de l’autoroute 73 (Henri-IV) à trois voies, dans les deux directions, entre les autoroutes 440 (Charest) et 40 (Félix-Leclerc). Un élargissement à trois voies en direction nord sera aussi effectué pour la portion entre l’autoroute 40 (Félix-Leclerc) et l’avenue Chauveau, aux limites de la ville de L’Ancienne-Lorette.",291200000,162600000,128600000,2020-11-01,2023-07-31,En service,"Mars 2021
La modification de la date du début de la mise en service a été autorisée. Initialement prévue en juillet 2020, elle a été reportée à novembre 2020. La mise en service a ainsi été autorisée.",Ministre des Transports,Ministère des Transports,Ministère des Transports,Réseau routier,Économie et environnement,03 – Capitale-Nationale,Autoroute 73 (Henri IV),Québec,Élargissement
41,HEC Montréal (arrondissement de Ville-Marie) – Construction,"Le projet consiste en la construction d’un pavillon au centre-ville de Montréal, sur le site de la basilique Saint-Patrick, afin de diminuer le déficit d’espace de HEC Montréal. 

Il s’agit de créer un complexe intégré d’enseignement et de recherche qui offrira un environnement interdisciplinaire et d’échange unique entre la communauté universitaire, les travailleuses et travailleurs et le milieu des affaires, ce qui assurera le développement stratégique de HEC Montréal.
L’envergure du nouveau bâtiment sera d’environ 28 400 m² bruts, incluant deux niveaux de stationnement en sous-sol.",235200000,108500000,126700000,,2022-03-31,En réalisation,"Juillet 2019
Une hausse de 52,1 M$ au coût du projet a été autorisée. Initialement prévu à 183,1 M$, le coût est maintenant de 235,2 M$. Ainsi, la contribution du Québec passe de 93,5 M$ à 108,5 M$ et celle des partenaires de 89,6 M$ à 126,7 M$.
De plus, la modification de la date de la mise en service a été autorisée. Initialement prévue en août 2021, elle est reportée à mars 2022.",Ministre de l’Enseignement supérieur; Ministre de l’Économie et de l’Innovation,HEC Montréal,HEC Montréal en association avec la Société québécoise des infrastructures,Enseignement supérieur,Éducation et culture,06 – Montréal,HEC Montréal,Montréal (arrondissement de Ville-Marie),Construction
43,"Hôpital du Haut-Richelieu, urgence et bloc opératoire – Saint-Jean-sur-Richelieu – Agrandissement et réaménagement","Le projet consistait à agrandir les secteurs de l’urgence, des soins intensifs et du bloc opératoire. Il a permis également le réaménagement des services d’inhalothérapie, de la zone de débarcadère et de l’approvisionnement.
 
Le projet a permis de résoudre les problèmes qui résultent de la désuétude des lieux et ceux qui sont liés à l’augmentation du volume d’activités, due à une population en constante croissance.
",102300000,102300000,0,,2017-06-30,En service,"Mars 2020
La mise en service de l’infrastructure a été autorisée.
Avril 2019
La modification de la portée du projet a été autorisée en acceptant le retrait du laboratoire de biologie médicale.
Par conséquent, une baisse du coût du projet a été autorisée. Initialement prévu à 109,6 M$, il est maintenant de 102,3 M$. La contribution du Québec passe de 108,4 M$ à 102,3 M$, et celle des partenaires, prévue à 1,2 M$, est annulée. Depuis octobre 2018, tous les secteurs de l’hôpital sont opérationnels.",Ministre de la Santé et des Services sociaux,Centre intégré de santé et de services sociaux de la Montérégie-Centre,Société québécoise des infrastructures,Santé et Services sociaux,Santé et Services sociaux,16 – Montérégie,Hôpital du Haut-Richelieu,Saint-Jean-sur-Richelieu,Agrandissement et réaménagement
44,Hôpital de Baie-Saint-Paul – Reconstruction et réaménagement,"Le projet a consisté en la construction d’un hôpital de 47 lits et d’un centre d’hébergement de soins de longue durée (CHSLD) de 103 lits, à Baie-Saint-Paul, en remplacement de l’hôpital existant, qui présentait une précarité qualifiée d’extrême, liée à sa résistance à un éventuel séisme majeur.
D’une superficie brute de 34 750 m², le nouvel hôpital est actuellement en service.
Le projet comprenait également l’agrandissement et le réaménagement du centre d’hébergement Pierre-Dupré pour qu’y soient accueillis des services de première ligne et un centre de jour. Le centre d’hébergement, d’une superficie de 3 410 m², a été réaménagé et agrandi de 229 m².",232300000,232300000,0,2017-04-01,2018-09-23,En service,"Février 2020
Une baisse de 34,0 M$ au coût du projet a été autorisée. Prévu à 266,3 M$, le coût est maintenant de 232,3 M$.
Août 2019
La mise en service de l’infrastructure a été autorisée.
Janvier 2019
Une baisse de 60,0 M$ au coût du projet a été autorisée étant donné que le projet s’est réalisé notamment sans l’utilisation des réserves pour risques. Initialement prévu à 326,3 M$, le coût est maintenant de 266,3$.
Le CHSLD a été mis en service en juillet 2017 et l’hôpital en septembre 2018. La démolition de l’ancien hôpital sera réalisée au cours des prochains mois.",Ministre de la Santé et des Services sociaux,Centre intégré universitaire de santé et de services sociaux de la Capitale-Nationale,Société québécoise des infrastructures,Santé et Services sociaux,Santé et Services sociaux,03 – Capitale-Nationale,Hôpital de Baie-Saint-Paul,Baie-Saint-Paul,Reconstruction et réaménagement
45,"Centre hospitalier régional de Trois-Rivières, unités de soins du pavillon Sainte-Marie (phase II) – Agrandissement et réaménagement","Le projet a consisté à construire une aile de quatre étages adjacente à un bâtiment existant ainsi qu’à réaménager divers secteurs de ce bâtiment. Il s’agit de la seconde phase d’un projet amorcé en 1997, qui vise à offrir une gamme de services complets à la population de la région de la Mauricie. 
Les objectifs de ce projet sont, entre autres, d’adapter la capacité d’hospitalisation aux besoins de la population ainsi que de permettre la réorganisation du programme de santé mentale et l’actualisation du programme de pneumologie. 
L’envergure des travaux est d’environ 16 000 m² en superficie brute totale, soit un agrandissement de près de 13 000 m² et un réaménagement d’un peu plus de 3 000 m². La ministre de la Santé et des Services sociaux a autorisé que la nouvelle aile de l’hôpital soit mise en service en mai 2018. 
La section réaménagée a été mise en service en mai 2019.",57000000,57000000,0,2018-05-08,2019-05-31,En service,"Décembre 2020
Une baisse de 2,8 M$ au coût du projet a été autorisée. Initialement prévu à 59,8 M$, le coût est maintenant de 57,0 M$. De plus, la modification de la date de la mise en service complète a été autorisée. Initialement prévue en avril 2019, elle a été reportée en mai 2019.
Mars 2020
La mise en service de l’infrastructure a été autorisée.",Ministre de la Santé et des Services sociaux,Centre intégré universitaire de santé et de services sociaux de la Mauricie-et-du-Centre-du-Québec,Société québécoise des infrastructures,Santé et Services sociaux,Santé et Services sociaux,04 – Mauricie,Centre hospitalier régional de Trois-Rivières,Trois-Rivières,Agrandissement et réaménagement
46,"Hôpital régional de Saint-Jérôme, santé mentale – Construction","Le projet consiste à construire un pavillon de santé mentale afin de remplacer le pavillon actuel, considéré comme très vétuste. 
Le nouveau pavillon permettra notamment d’améliorer la capacité d’accueil, en passant de 85 à 97 lits, de fournir des chambres de taille convenable et d’assurer les liens fonctionnels avec les autres secteurs de l’hôpital régional de Saint-Jérôme.
D’une hauteur de quatre étages, la superficie totale brute du pavillon projeté est de 16 000 m², soit 11 000 m² de plus que le bâtiment existant.
À la suite de la mise en service complète du nouveau pavillon, l’ancien bâtiment sera démoli.",110400000,110400000,0,2021-09-30,2022-06-30,En réalisation,"Mars 2021
La date de début de mise en service de l’infrastructure a été modidifée, prévue en septembre 2021, elle est reportée en novembre 2021.
Décembre 2020
Une modification quant à la mise en service a été autorisée. La mise en service sera progressive. Ainsi, les dates de début et de fin de la mise en service sont respectivement septembre 2021 et juin 2022.
Mars 2020
Une modification à la stratégie de financement a été autorisée. Ainsi, la contribution du Québec passe de 110,0 M$ à 110,4 M$. Il n’y a plus de contribution des partenaires.",Ministre de la Santé et des Services sociaux,Centre intégré de santé et de services sociaux des Laurentides,Société québécoise des infrastructures,Santé et Services sociaux,Santé et Services sociaux,15 – Laurentides,Hôpital régional de Saint-Jérôme,Saint-Jérôme,Construction
47,Centre d’hébergement et de soins de longue durée – Saint-Jérôme – Construction,"Le projet regroupe, en un seul lieu, des résidentes et résidents en provenance du centre d’hébergement d’Youville et de l’Auberge Saint-Jérôme, deux infrastructures jugées désuètes. Il a permis d’améliorer la qualité de vie des résidents, tout en prévoyant des chambres individuelles et en facilitant le travail du personnel. La nouvelle construction a quatre étages, excluant le sous-sol. Sa superficie brute est de 14 373 m². Les services alimentaires de l’hôpital régional de Saint-Jérôme ont été agrandis et réaménagés afin de permettre la production des repas du nouveau CHSLD.",53600000,53500000,100000,,2018-05-01,En service,"Mars 2021
Une baisse de 9,2 M$ au coût du projet a été autorisée. Initialement prévu à 62,8 M$, le coût est maintenant de 53,6 M$. Ainsi, la contribution du Québec passe de 62,7 M$ à 53,5 M$ et celle des partenaires demeure à 0,1 M$.
Mars 2020
La mise en service de l’infrastructure a été autorisée.",Ministre de la Santé et des Services sociaux,Centre intégré de santé et de services sociaux des Laurentides,Société québécoise des infrastructures,Santé et Services sociaux,Santé et Services sociaux,15 – Laurentides,Centre d’hébergement et de soins de longue durée,Saint-Jérôme,Construction
48,"Métro de Montréal, programme Réno-Infrastructures (phase I) – Maintien et bonification","Le programme Réno-Infrastructures concerne le remplacement ou la réfection d’infrastructures du métro en fin de vie utile. Ce programme vise à maintenir la fiabilité, l’état, la disponibilité et la sécurité du réseau du métro tout en réduisant le déficit de maintien d’actifs.",250000000,177200000,72800000,2013-06-01,2020-06-01,En service,"Mars 2021
La mise en service de l’infrastructure a été autorisée.
Mars 2020
La modification de la date de la mise en service complète a été autorisée. Initialement prévue en décembre 2020, elle est devancée à juin 2020.
Mars 2019
Une hausse de 9,4 M$ au coût du projet a été autorisée. Initialement prévu à 240,6 M$, le coût est maintenant de 250,0 M$. Ainsi, la contribution du Québec passe de 180,5 M$ à 177,2 M$ et celle des partenaires de 60,1 M$ à 72,8 M$.",Ministre des Transports,Société de transport de Montréal,Société de transport de Montréal,Transport collectif,Économie et environnement,06 – Montréal,Métro de Montréal,Montréal,Maintien et bonification
50,Pont Honoré-Mercier entre Montréal et Kahnawake – Maintien,La portion du pont Honoré-Mercier au nord de la voie maritime du Saint-Laurent est composée de deux structures distinctes : une construite au début des années 30 (vers la Rive-Sud) et une érigée dans les années 60 (vers Montréal). La plus vieille des deux structures fait l’objet d’un projet majeur de reconstruction. Les travaux visent à maintenir les deux structures en service et sécuritaires jusqu’à la réalisation du projet majeur (voir projet 95).,284700000,284700000,0,,,En réalisation,"Mars 2021
Une hausse de 4,2 M$ au coût du projet a été autorisée. Prévu à 280,5 M$, le coût est maintenant de 284,7 M$.

Mars 2020
Une hausse de 15,8 M$ au coût du projet a été autorisée. Prévu à 264,7 M$ en 2019, le coût est maintenant de 280,5 M$.
Mars 2019
Une hausse de 55,1 M$ du coût du projet a été autorisée. Initialement prévu à 209,6 M$, le coût est maintenant de 264,7 M$.",Ministre des Transports,Ministère des Transports,Ministère des Transports,Réseau routier,Économie et environnement,06 – Montréal; 16 – Montérégie,Pont Honoré-Mercier,De Montréal à Kahnawake,Maintien
52,Échangeur Saint-Pierre – Montréal – Maintien,"L’échangeur Saint-Pierre constitue le lien routier entre l’autoroute 20 et la route 138, laquelle mène à la Rive-Sud de Montréal via le pont Honoré-Mercier. Construit en 1966, l’échangeur nécessitera des travaux d’envergure au cours des prochaines années. Les travaux visent à maintenir l’infrastructure en service et sécuritaire jusqu’à la réalisation du projet majeur (voir projet 98).",195300000,195300000,0,,,En réalisation,"Mars 2021
Une hausse de 12,3 M$ au coût du projet a été autorisée. Prévu à 183,0, M$, le coût est maintenant de 195,3 M$.
Mars 2019
Une hausse de 24,6 M$ au coût du projet a été autorisée. Initialement prévu à 158,4 M$, le coût est maintenant de 183,0 M$.",Ministre des Transports,Ministère des Transports,Ministère des Transports,Réseau routier,Économie et environnement,06 – Montréal,Échangeur Saint-Pierre,Montréal,Maintien
53,"Stade olympique, toiture – Montréal – Reconstruction","Le projet consiste à remplacer la toiture du Stade olympique de Montréal, qui a atteint sa fin de vie utile et qui accuse plusieurs problèmes de désuétude. À la suite des travaux, le stade pourra remplir sa pleine vocation par la tenue d’activités toute l’année. Ainsi, l’ajout d’activités devrait générer des retombées économiques supplémentaires.",,,,,,En planification,,Ministre du Tourisme,Parc olympique,Parc olympique en association avec la Société québécoise des infrastructures,Tourisme et activités récréatives,Économie et environnement,06 – Montréal,Stade olympique,Montréal,Reconstruction
55,Pont Pie-IX (route 125) entre Montréal et Laval – Réfection,"Le projet vise à maintenir un lien sécuritaire entre Montréal et Laval, dans l’axe de la route 125, et à contribuer à l’amélioration de l’offre en transport collectif et actif. Il comprend l’aménagement d’une voie réservée aux autobus, sur le pont, pour le SRB Pie-IX (service rapide par bus), ainsi qu’une piste polyvalente pour les piétons et les cyclistes, du côté est, et un trottoir du côté ouest.

",198600000,115700000,82900000,,2022-10-31,En réalisation,"Mars 2020
Suivant la confirmation d’une participation financière fédérale au projet, une modification à la stratégie de financement a été autorisée. Ainsi, la contribution du Québec passe de 194,5 M$ à 115,7 M$, et celle des partenaires, de 4,1 M$ à 82,9 M$.
Mars 2019
Le projet a été autorisé à l’étape « En réalisation ».",Ministre des Transports,Ministère des Transports,Ministère des Transports,Réseau routier,Économie et environnement,06 – Montréal; 13 – Laval,Pont Pie-IX,De Montréal à Laval,Réfection
58,Autoroute 40 (Métropolitaine) – Montréal – Maintien,"L’autoroute 40 (Métropolitaine), dans sa portion surélevée, requiert une intervention majeure. Les travaux visent à maintenir l’infrastructure en service et sécuritaire jusqu’à la réalisation des projets majeurs (voir projets 113 et 323).",232200000,232200000,0,,,En réalisation,"Mars 2021
Une baisse de 10,0 M$ au coût du projet a été autorisée.  Prévu à 242,2 M$, le coût est maintenant de 232,2 M$.
Mars 2020
Une hausse de 65,6 M$ au coût du projet a été autorisée. Initialement prévu à 176,6 M$, le coût est maintenant de 242,2 M$. Ainsi, la contribution du Québec passe de 176,6 M $ à 242,2 M$.",Ministre des Transports,Ministère des Transports,Ministère des Transports,Réseau routier,Économie et environnement,06 – Montréal,Autoroute 40 (Métropolitaine),Montréal,Maintien
59,Tunnels Ville-Marie et Viger – Montréal – Maintien,"Les tunnels Ville-Marie et Viger, situés en plein cœur du centre-ville de Montréal, feront l’objet d’un projet de réfection majeur. Les travaux visent à maintenir les infrastructures en service et sécuritaires jusqu’à la réalisation du projet de réfection majeure (voir projet 100).",120700000,112300000,8400000,,,En réalisation,"Mars 2021
Une baisse de 11,1 M$ au coût du projet a été autorisée.  Prévu à 131,8 M$, le coût est maintenant de 120,7 M$. Ainsi, la contribution du Québec passe de 123,4 M$ à 112,3 M$, et celle des partenaires demeure à 8,4 M$.
Mars 2019
Une hausse du coût du projet a été autorisée. Initialement prévu à 130,8 M$, le coût est maintenant de 131,8 M$. Ainsi, la contribution du Québec passe de 122,4 M$ à 123,4 M$.",Ministre des Transports,Ministère des Transports,Ministère des Transports,Réseau routier,Économie et environnement,06 – Montréal,"Tunnels Ville-Marie et Viger
Tunnel Viger",Montréal,Maintien
63,Route 112 entre Thetford Mines et Saint-Joseph-de-Coleraine – Reconstruction,"La route 112 a été relocalisée entre Thetford Mines et Saint-Joseph-de-Coleraine à la suite d’un important glissement de terrain survenu en 2009. Le nouveau tronçon de route, d’une longueur de 10,3 km, incluant une voie de dépassement d’environ 2 km dans chaque direction ainsi qu’un pont au-dessus de la rivière Bécancour, a été mis en service en octobre 2015.",76000000,76000000,0,,2015-10-01,En service,"Mars 2021
Une baisse de 3,7 M$ au coût du projet a été autorisée. Prévu à 79,7 M$, le coût est maintenant de 76,0 M$.
Mars 2020
Une baisse de 30,2 M$ au coût du projet a été autorisée. Initialement prévu à 109,9 M$, le coût est maintenant de 79,7 M$.",Ministre des Transports,Ministère des Transports,Ministère des Transports,Réseau routier,Économie et environnement,12 – Chaudière-Appalaches,Route 112,Thetford Mines,Reconstruction
64,"Route 117, voie de contournement – Rouyn-Noranda – Construction","Le tracé de la route 117 traversait le secteur urbain de la ville de Rouyn-Noranda, notamment son centre-ville commercial. La présence du trafic lourd en zone commerciale et résidentielle est incompatible avec les activités qu’on y retrouve. Le projet de contournement vise à améliorer la sécurité, à diminuer la circulation de transit dans Rouyn-Noranda et par conséquent, à améliorer la qualité de vie des résidents. Il consiste en l’aménagement d’un nouveau tronçon de route de 7,7 km qui permet de contourner le noyau urbain de Rouyn-Noranda.",107000000,106600000,400000,,2019-10-31,En service,"Mars 2021
Une baisse de 10,0 M$ au coût du projet a été autorisée. Prévu à 117,0 M$, le coût est maintenant de 107,0 M$. Ainsi, la contribution du Québec passe de 116,6 M$ à 106,6 M$ et celle des partenaires demeure à 0,4 M$.


Mars 2020
La mise en service de l’infrastructure a été autorisée.
Mars 2019
Une hausse de  11,8 M$ au coût du projet a été autorisée. Initialement prévu à 95,2 M$, le coût est maintenant de 117,0 M$. Ainsi, la contribution du Québec passe de 94,8 M$ à 116,6 M$ et celle des partenaires demeure à 0,4 M$.
De plus, la modification à la date de la mise en service a été autorisée. Initialement prévue en décembre 2018 elle est reportée à octobre 2019.",Ministre des Transports,Ministère des Transports,Ministère des Transports,Réseau routier,Économie et environnement,08 – Abitibi-Témiscamingue,Route 117,Rouyn-Noranda,Construction
66,"Hôtel-Dieu de Lévis, cancérologie – Construction","Le projet a permis la construction d’un centre régional intégré de cancérologie (CRIC) sur le site de l’Hôtel-Dieu de Lévis. Le centre regroupe les principaux services spécialisés offerts en cancérologie, notamment en prévention et en dépistage, et les soins spécialisés dans les domaines de la chirurgie oncologique, de la chimiothérapie, de la pharmacie oncologique et de la radiothérapie. De plus, un service de tomographe par émission de positrons (TEP scan) a été construit à proximité du secteur de l’imagerie médicale. Le projet permettra de rapprocher les services de radio-oncologie de la population de la région de Chaudière-Appalaches, d’augmenter la capacité du réseau afin de répondre aux besoins actuels et projetés de cette région, dus notamment au vieillissement de sa population, et de consolider les services régionaux en cancérologie. 
L’envergure des travaux réalisés est de 13 000 m² en superficie brute totale, soit 12 238m² pour le nouveau bâtiment du CRIC et 942 m² pour l’agrandissement du TEP scan.
Les travaux sont terminés.",129000000,129000000,0,2019-04-01,2020-10-31,En service,"Mars 2021
Une baisse de 28,7 M$ au coût du projet a été autorisée. Initialement prévu à 157,7 M$, le coût est maintenant de 129,0 M$. De plus, une modification quant à la mise en service a été autorisée. La mise en service a été progressive. Ainsi, les dates de début et de fin de la mise en service ont été respectivement avril 2019 et octobre 2020.
Mars 2020
La mise en service de l’infrastructure a été autorisée.",Ministre de la Santé et des Services sociaux,Centre intégré de santé et de services sociaux de Chaudière-Appalaches,Société québécoise des infrastructures,Santé et Services sociaux,Santé et Services sociaux,12 – Chaudière-Appalaches,Hôtel-Dieu de Lévis,Lévis,Construction
67,"Hôpital Pierre-Le Gardeur, unité de soins – Terrebonne – Agrandissement et réaménagement","Le projet consiste à ajouter des lits de courte durée à l’hôpital Pierre-Le Gardeur. La capacité actuelle de l’hôpital est insuffisante pour répondre à la demande en raison du développement de la région. Il est prévu d’ériger une construction neuve sur le site de l’hôpital, de réaménager certains secteurs dans le bâtiment existant et d’agrandir le stationnement et de mettre en place des unités de soins de transition.",,,,,,En planification,,Ministre de la Santé et des Services sociaux,Centre intégré de santé et de services sociaux de Lanaudière,Société québécoise des infrastructures,Santé et Services sociaux,Santé et Services sociaux,14 – Lanaudière,Hôpital Pierre-Le Gardeur,Terrebonne,Agrandissement et réaménagement
70,Usine de biométhanisation – Laval – Construction,"Le projet consiste en la mise en place d’installations de biométhanisation qui traiteront les résidus organiques putrescibles générés par la population, les industries, les commerces et les institutions ainsi que les boues des trois stations d’épuration lavalloises.
Les produits qui résultent de la biométhanisation, un traitement par digestion anaérobie, sont le biogaz, un carburant renouvelable qui se substituera au carburant ou au combustible fossile, et le digestat, qui pourra être épandu dans les champs comme fertilisant.
Le projet vise à diminuer la quantité de matières organiques destinées à l’élimination afin de favoriser la réalisation des objectifs environnementaux prévus dans la Politique québécoise de gestion des matières résiduelles et à réduire les émissions de gaz à effet de serre en vue de contribuer à l’atteinte des objectifs québécois de lutte contre les changements climatiques.
",,,,,,En planification,,Ministre de l’Environnement et de la Lutte contre les changements climatiques,Ville de Laval,Ville de Laval,Environnement,Économie et environnement,13 – Laval,Usine de biométhanisation,Laval,Construction
71,"Hôpital Maisonneuve-Rosemont, hémodialyse – Montréal – Construction","Le projet consistait à construire un pavillon qui regrouperait le service d’hémodialyse de l’hôpital Maisonneuve-Rosemont, anciennement situé dans des bâtiments temporaires.
Il permet ainsi de répondre à une augmentation de la demande de services. La capacité d’accueil est passée de 66 à 74 postes de traitement. 
L’envergure des travaux est d’environ 7 664 m² en superficie brute, qui se déploie sur trois niveaux. La nouvelle construction est située au nord-ouest du centre ambulatoire de l’hôpital.",53500000,53500000,0,,2019-06-30,En service,"Mars 2020
La mise en service de l’infrastructure a été autorisée.
De plus, la modification à la date de la  mise en service a été autorisée. Initialement prévue en décembre 2018, elle est reportée à juin 2019.",Ministre de la Santé et des Services sociaux,Centre intégré universitaire de santé et de services sociaux de l’Est-de-l’Île-de-Montréal,Société québécoise des infrastructures,Santé et Services sociaux,Santé et Services sociaux,06 – Montréal,Hôpital Maisonneuve-Rosemont,Montréal,Construction
73,Usine de biométhanisation – Montréal – Construction,"Le projet consiste en la mise en place de deux installations, une de biométhanisation et une de compostage, à implanter à proximité du lieu où sont générées les matières, afin d’en limiter le transport. Des réflexions sont en cours en ce qui concerne le déploiement d’une troisième installation de traitement des matières organiques lors d’une seconde phase d’implantation. Ces installations serviront une partie de la population ainsi que plusieurs industries, commerces et institutions de l’agglomération de Montréal.
Les produits qui résultent de la biométhanisation, un traitement par digestion anaérobie, sont le biogaz, un carburant renouvelable qui se substituera au carburant ou au combustible fossile, et le digestat. Celui-ci pourra être épandu directement dans les champs comme fertilisant ou acheminé vers une plateforme de compostage le temps qu’il arrive à maturation pour qu’on en produise du compost.
Le projet vise à diminuer la quantité de matières organiques destinées à l’élimination afin de favoriser la réalisation des objectifs environnementaux prévus dans la Politique québécoise de gestion des matières résiduelles et à réduire les émissions de gaz à effet de serre en vue de contribuer à l’atteinte des objectifs québécois de lutte contre les changements climatiques.
",,,,,,En planification,,Ministre de l’Environnement et de la Lutte contre les changements climatiques,Ville de Montréal,Ville de Montréal,Environnement,Économie et environnement,06 – Montréal,Usine de biométhanisation,Montréal,Construction
74,Usine de biométhanisation – Québec – Construction,"Le projet consiste en la mise en place d’installations de biométhanisation qui serviront 26 municipalités de la Communauté métropolitaine de Québec. Le centre de biométhanisation recevra et traitera les résidus organiques putrescibles générés par les résidences, les industries, les commerces et les institutions ainsi que les boues des stations d’épuration des eaux usées.Les produits qui résultent de la biométhanisation, un traitement par digestion anaérobie, sont le biogaz, un carburant renouvelable qui se substituera au carburant ou au combustible fossile, et le digestat, qui pourra être épandu directement dans les champs comme fertilisant.
Le projet vise à diminuer la quantité de matières organiques destinées à l’élimination afin de favoriser la réalisation des objectifs environnementaux prévus dans la Politique québécoise de gestion des matières résiduelles et à réduire les émissions de gaz à effet de serre en vue de contribuer à l’atteinte des objectifs québécois de lutte contre les changements climatiques.",217900000,43600000,174200000,,2021-12-01,En réalisation,"Mars 2021
Le projet a été autorisé à l’étape « En réalisation ».",Ministre de l’Environnement et de la Lutte contre les changements climatiques,Ville de Québec,Ville de Québec,Environnement,Économie et environnement,03 – Capitale-Nationale,Usine de biométhanisation,Québec,Construction
76,Pont Gédéon-Ouimet (autoroute 15) entre Laval et Boisbriand – Reconstruction,"Le pont Gédéon-Ouimet enjambe la rivière des Mille Îles et relie Laval à la couronne nord, dans l’axe de l’autoroute 15. L’état du pont requiert des travaux afin que son maintien en bon état soit assuré. Le projet sera arrimé avec celui de la chaussée et des voies réservées sur l’autoroute 15, à Laval et sur la couronne nord.",,,,,,En planification,"Décembre 2020
Le projet a été autorisé à l’étape « En planification ».",Ministre des Transports,Ministère des Transports,Ministère des Transports,Réseau routier,Économie et environnement,13 – Laval; 15 – Laurentides,Pont Gédéon-Ouimet,Laval et Boisbriand,Reconstruction
77,"Hôpital de l’Enfant-Jésus, complexe hospitalier – Québec – Construction et réaménagement","Le nouveau complexe hospitalier (NCH) vise à regrouper les services cliniques offerts actuellement à L’Hôtel-Dieu de Québec et à l’hôpital de l’Enfant-Jésus. Le projet consiste à construire de nouveaux bâtiments sur le site de l’hôpital de l’Enfant-Jésus et à réaménager certains espaces existants.
L’objectif est d’assurer un service adéquat dans un cadre physique adapté aux soins.
Ainsi, les services de radio-oncologie seront déménagés du site de L’Hôtel-Dieu de Québec vers le site de l’hôpital de l’Enfant-Jésus où un Centre intégré de cancérologie sera construit. Les autres services de L’Hôtel-Dieu seront intégrés dans le nouveau pavillon des soins critiques du NCH ainsi que dans les espaces réaménagés de l’hôpital de l’Enfant-Jésus. Le projet vise également la création d’une plateforme clinico-logistique hors site d’une superficie brute de 8 128 m² desservant l’ensemble des hôpitaux du CHU de Québec – Université Laval.
Le NCH comptera 700 lits d’hospitalisation incluant 105 lits de soins critiques, 30 salles d’opération ainsi que 60 civières à l’urgence.
La superficie brute totale des nouvelles constructions sera de 176 000 m², auxquels s’ajouteront 32 000 m² de réaménagement. Le projet prévoit également environ 2 600 cases de stationnement ainsi que 23 000 m² en superficie pour les bâtiments à démolir.",1967500000,1889500000,78000000,2020-06-01,2025-12-01,En service,"Mars 2021
La mise en service de l’infrastructure a été autorisée.
Mars 2020
Une modification à la stratégie de financement a été autorisée. Ainsi, la contribution du Québec passe de 1 780,2 M$ à 1 889,5 M$, et celle des partenaires, de 187,3 M$ à 78,0 M$.",Ministre de la Santé et des Services sociaux,CHU de Québec - Université Laval,Société québécoise des infrastructures,Santé et Services sociaux,Santé et Services sociaux,03 – Capitale-Nationale,Hôpital de l’Enfant-Jésus,Québec,Construction et réaménagement
78,Pont Gouin entre Saint-Jean-sur-Richelieu et Iberville – Reconstruction,"Le projet consistait à construire, au-dessus de la rivière Richelieu, un pont, à Saint-Jean-sur-Richelieu, en remplacement de l’ancien pont Gouin. Le nouveau pont comporte une partie mobile permettant le passage des bateaux de plaisance qui empruntent le canal de Chambly. En plus de permettre aux usagers du transport actif d’y circuler de façon sécuritaire, en offrant des trottoirs et une piste cyclable, le pont comprend quatre belvédères et un éclairage, conçus pour le mettre en valeur. Enfin, le projet vise également le réaménagement des approches du réseau routier municipal et la démolition de l’ancien pont Gouin. Le nouveau pont a été mis en service le 26 octobre 2019, et les travaux de finition ainsi que de démolition de l’ancien pont se poursuivent.",126300000,94300000,32000000,,2019-09-30,En service,"Octobre 2019
La mise en service de l’infrastructure a été autorisée.
Mars 2019
La modification de la date de la mise en service a été autorisée. Initialement prévue en mars 2019, elle est reportée à septembre 2019.",Ministre des Transports,Ministère des Transports,Ministère des Transports,Réseau routier,Économie et environnement,16 – Montérégie,Pont Gouin,De Saint-Jean-sur-Richelieu à Iberville,Reconstruction
84,Aréna et glaces communautaires – Gatineau – Construction,"Le projet consiste en la construction d’un amphithéâtre à Gatineau afin de remplacer l’aréna actuel qui est désuet. Le nouveau bâtiment comportera une glace répondant aux normes de la Ligue de hockey junior majeur du Québec dont l’espace comprendra 4 000 places, ainsi que trois glaces communautaires. Le site retenu se trouve à la place de la Cité.
Le projet entraînera des répercussions directes sur les services offerts aux citoyens de Gatineau, en plus d’avoir une influence positive sur l’économie locale et sur la pratique d’activités sportives.
",53000000,26500000,26500000,2021-01-09,2021-09-30,En service,"Mars 2021
La modification pour une mise en service progressive a été autorisée. Ainsi, la date de début de la mise en service est janvier 2021 et la date de mise en service complète est septembre 2021.
Janvier 2019
Un addenda au protocole d’entente, intervenu entre les parties, a été signé reportant la date de la mise en service initialement prévue en juin 2021 à mai 2021.",Ministre des Affaires municipales et de l’Habitation,Ville de Gatineau,Ville de Gatineau,Municipalités,Économie et environnement,07 – Outaouais,Centre Robert-Guertin,Gatineau,Construction
85,"Édifice Marie-Guyart, stationnement – Québec – Réfection","Le projet consiste en la réfection du stationnement de l’édifice Marie-Guyart. Situé sur la colline Parlementaire, à Québec, le stationnement intérieur comporte quelque 1 470 places.
Après 40 ans d’utilisation, malgré l’entretien régulier, l’ajout de membranes d’étanchéité et les réparations réalisées, le sel transporté par les véhicules a affecté certains éléments de béton armé de ce stationnement intérieur.
Ce projet majeur de réfection d’infrastructure a été réalisé par phases, depuis 2012, afin que le stationnement demeure ouvert et pleinement sécuritaire pendant toute la durée des travaux. 
La majorité des travaux ont été réalisés. Toutefois, certaines interventions sont en cours afin de terminer le projet et de redonner au stationnement une durée de vie utile de plusieurs décennies.",54000000,54000000,0,2013-01-01,2021-10-01,En service,"Mars 2021
La mise en service de l’infrastructure a été autorisée.
Août 2020
Une baisse de 5,0 M$ au coût du projet a été autorisée. Initialement prévu à 59,0 M$, le coût est maintenant de 54,0 M$.

De plus, la modification de la date de fin la mise en service a été autorisée. Initialement prévue en juillet 2018, elle est reportée à octobre 2021.",Ministre responsable de l’Administration gouvernementale,Société québécoise des infrastructures,Société québécoise des infrastructures,Administration gouvernementale,Gouverne et justice,03 – Capitale-Nationale,Édifice Marie-Guyart,Québec,Réfection
87,"Autoroute 410, voie de contournement (phase II) – Sherbrooke – Construction","Le projet de construction d’une voie de contournement entre la fin de l’autoroute 410 actuelle, à l’ouest, et la route 108, à l’est, vise à résoudre des problèmes de sécurité, de déplacement et de fluidité observés en périphérie sud de Sherbrooke, particulièrement au centre de l’arrondissement de Lennoxville, où circulent bon nombre de véhicules lourds.",85200000,48000000,37200000,2018-11-01,2020-12-01,En service,"Août 2018
Une baisse de 6,6 M$ au coût du projet a été autorisée. Initialement prévu à 91,8 M$, le coût est maintenant de 85,2 M$. Ainsi, la contribution du Québec passe de 53,0 M$ à 48,0 M$ et celle des partenaires de 38,8 M$ à 37,2 M$.",Ministre des Transports,Ministère des Transports,Ministère des Transports,Réseau routier,Économie et environnement,05 – Estrie,Autoroute 410,Sherbrooke,Construction
88,"Hôpital régional de Rimouski, bloc opératoire et santé mentale – Maintien et bonification",Le projet consiste à construire un complexe chirurgical (bloc opératoire) et à effectuer la mise aux normes de l’urgence. Le secteur de la santé mentale doit également faire l’objet d’une modernisation.,,,,,,À l’étude,,Ministre de la Santé et des Services sociaux,Centre intégré de santé et de services sociaux du Bas-Saint-Laurent,Société québécoise des infrastructures,Santé et Services sociaux,Santé et Services sociaux,01 – Bas-Saint-Laurent,Hôpital régional de Rimouski,Rimouski,Maintien et bonification
89,"Institut de cardiologie de Montréal, urgence, soins ambulatoires et centre de formation – Agrandissement et réaménagement","Le projet consiste à agrandir et à réaménager l’urgence, à moderniser les unités de soins critiques et à regrouper les activités ambulatoires. Il vise également à construire un centre de formation en santé cardiovasculaire ainsi qu’à regrouper les secteurs administratifs. 
Il permettra à l’Institut de mieux assumer sa mission de soins en améliorant l’accessibilité générale, tant à l’urgence que dans les secteurs tertiaires et quaternaires, et d’optimiser le potentiel de formation et de transmission auprès des étudiantes et étudiants.
Il comprend un agrandissement, des réaménagements et la construction de stationnements.
",257900000,228300000,29600000,2021-07-01,2022-07-31,En réalisation,"Décembre 2020
Une hausse de 32,3 M$ au coût du projet a été autorisée. Initialement prévu à 225,6 M$, le coût est maintenant de 257,9 M$. Ainsi, la contribution du Québec passe de 201,6 M$ à 228,3 M$, et celle des partenaires, de 24,0 M$ à 29,6 M$.
De plus, la modification des dates de début et de fin de la mise en service a été autorisée.  Initialement, elles étaient respectivement prévues en mai 2020 et en mai 2021. Elles sont reportées en juillet 2021 et juillet 2022.
Mars 2020
Une modification à la stratégie de financement a été autorisée. Ainsi, la contribution du Québec passe de 168,5 M$ à 201,6 M$, et celle des partenaires, de 57,1 M$ à 24,0 M$.",Ministre de la Santé et des Services sociaux,Institut de cardiologie de Montréal,Société québécoise des infrastructures,Santé et Services sociaux,Santé et Services sociaux,06 – Montréal,Institut de cardiologie de Montréal,Montréal,Agrandissement et réaménagement
90,"Hôpital du Sacré-Cœur de Montréal, traumatologie et unité mère-enfant – Agrandissement et réaménagement","Le projet consiste en un agrandissement de 14 520 m² au-dessus de l’urgence actuelle afin de loger le centre intégré en traumatologie, l’unité mère-enfant et le service d’endoscopie et de répondre aux besoins de ces secteurs.",155100000,142700000,12400000,2021-06-30,2022-05-31,En réalisation,"Mars 2021
La date de début de mise en service de l’infrastructure a été modifiée, prévue en mars 2021, elle est reportée en juin 2021.
Décembre 2020
Une modification quant à la mise en service a été autorisée. La mise en service sera progressive. Ainsi, les dates de début et de fin de la mise en service sont respectivement mars 2021 et mai 2022.
Août 2018
L’ajout d’une salle de césarienne a été autorisé.
Une hausse de 6,7 M$ au coût du projet  a été autorisée. Ainsi, la contribution du Québec passe de 136,0 M$ à 142,7 M$ et celle des partenaires demeure à 12,4 M$.",Ministre de la Santé et des Services sociaux,Centre intégré universitaire de santé et de services sociaux du Nord-de-l’Île-de-Montréal,Société québécoise des infrastructures,Santé et Services sociaux,Santé et Services sociaux,06 – Montréal,Hôpital du Sacré-Cœur de Montréal,Montréal,Agrandissement et réaménagement
91,Centre de réadaptation pour jeunes en difficulté – Sainte-Thérèse – Construction,"Le projet vise la construction d’un centre de réadaptation pour jeunes en difficulté sur un nouvel emplacement, à Sainte-Thérèse, composé de 90 places et le maintien de 60 places sur le site d’Huberdeau, pour un total de 150 places. Cela permettra au Centre jeunesse des Laurentides de concentrer ses services sur deux sites, plutôt que sur les trois actuels, qui comptent 144 places (Huberdeau, Sainte-Sophie et Saint-Jérôme). L’infrastructure immobilière, qui consiste en un bâtiment d’une superficie de 12 500 m² bruts, abritera neuf locaux de réadaptation pour 90 jeunes et 9 700 m² en aménagement d’espace extérieur.",150500000,150500000,0,,2024-07-01,En réalisation,"Juillet 2021
Le projet a été autorisé à l’étape « En réalisation ».
Août 2018
Le projet a été autorisé à l’étape « En planification ».",Ministre de la Santé et des Services sociaux,Centre intégré de santé et de services sociaux des Laurentides,Société québécoise des infrastructures,Santé et Services sociaux,Santé et Services sociaux,15 – Laurentides,Centre de réadaptation pour jeunes en difficulté,Sainte-Thérèse,Construction
92,"Centre hospitalier de Vaudreuil-Soulanges, complexe hospitalier – Construction",Le projet consiste à construire un hôpital à Vaudreuil-Soulanges.,,,,,,En planification,,Ministre de la Santé et des Services sociaux,Centre intégré de santé et de services sociaux de la Montérégie-Ouest,Société québécoise des infrastructures,Santé et Services sociaux,Santé et Services sociaux,16 – Montérégie,Centre hospitalier,Vaudreuil-Soulanges,Construction
94,"Hôpital de La Malbaie, urgence et unités de soins – Agrandissement","Le projet vise à résoudre les problèmes de vétusté fonctionnelle et à bonifier les infrastructures de l’hôpital, notamment dans les secteurs de l’urgence, des unités de soins et des consultations externes.",,,,,,En planification,"Décembre 2019
Le projet a été autorisé à l’étape « En planification ».",Ministre de la Santé et des Services sociaux,Centre intégré universitaire de santé et de services sociaux de la Capitale-Nationale,Société québécoise des infrastructures,Santé et Services sociaux,Santé et Services sociaux,03 – Capitale-Nationale,Hôpital de La Malbaie,La Malbaie,Agrandissement
95,Pont Honoré-Mercier entre Montréal et Kahnawake – Reconstruction,Le projet vise à maintenir le lien interrives entre l’île de Montréal et l’ouest de la région de la Montérégie dans l’axe de la route 138. Le projet consiste à remplacer la structure qui accueille les voies de circulation en direction de la Rive-Sud. Cette structure a été mise en service en 1934 et a atteint sa durée de vie utile. Le remplacement permettra notamment de recouvrer la pleine fonctionnalité du pont et du trottoir en plus d’assurer le raccordement de la piste multifonctionnelle de part et d’autre de la structure.,,,,,,En planification,,Ministre des Transports,Ministère des Transports,Ministère des Transports,Réseau routier,Économie et environnement,06 – Montréal; 16 – Montérégie,Pont Honoré-Mercier,Kahnawake,Reconstruction
96,Pont de l’Île-d’Orléans entre Québec et L’Île-d’Orléans – Reconstruction,La construction d’un pont à haubans est la solution qui a été retenue pour assurer une desserte en transport fonctionnelle et sécuritaire entre l’Île-d’Orléans et la rive nord du fleuve Saint-Laurent. Le remplacement du pont permettra également d’assurer la mise aux normes du lien interrives et favorisera les déplacements à vélo et à pied.,,,,,,En planification,,Ministre des Transports,Ministère des Transports,Ministère des Transports,Réseau routier,Économie et environnement,03 – Capitale-Nationale,Pont de l’Île-d’Orléans,De Québec à Île-d’Orléans,Reconstruction
97,Échangeurs au nord des ponts Pierre-Laporte et de Québec intégrant des mesures pour le transport collectif – Maintien et bonification,"Le projet vise à assurer la pérennité des infrastructures et à réaménager le réseau routier au nord des ponts de Québec et Pierre-Laporte. Il a pour objectif d’améliorer la fonctionnalité et la sécurité du réseau routier. De plus, le projet intégrera des mesures afin d’optimiser l’interconnexion des réseaux de transport en commun qui permettront de fiabiliser le service interrives pour les usagers en provenance de Lévis, en assurant une correspondance efficace avec le futur Réseau structurant de transport en commun de la Ville de Québec.",,,,,,À l’étude,,Ministre des Transports,Ministère des Transports,Ministère des Transports,Réseau routier,Économie et environnement,03 – Capitale-Nationale,Échangeurs au nord des ponts de Québec et Pierre-Laporte ,Québec,Maintien et bonification
98,Échangeur Saint-Pierre – Montréal – Maintien,"L’échangeur Saint-Pierre constitue le lien entre l’autoroute 20 et la route 138, laquelle mène à la rive sud de Montréal via le pont Honoré-Mercier. Construit en 1966, il nécessitera des travaux d’envergure au cours des prochaines années. Le projet majeur de l’échangeur Saint-Pierre vise notamment à assurer la pérennité des infrastructures et à améliorer la circulation dans ce secteur.",,,,,,À l’étude,,Ministre des Transports,Ministère des Transports,Ministère des Transports,Réseau routier,Économie et environnement,06 – Montréal,Échangeur Saint-Pierre,Montréal,Maintien
99,Pont de l’Île-aux-Tourtes entre Vaudreuil-Dorion et Senneville – Reconstruction ,"Construit en 1965, le pont de l’Île-aux-Tourtes permet de faire le lien, dans l’axe de l’autoroute 40 (Félix-Leclerc), entre l’île de Montréal et la ville de Vaudreuil-Dorion en franchissant le lac des Deux Montagnes. Avec l’autoroute 20, il constitue l’un des deux seuls axes permettant de rejoindre l’île de Montréal par l’ouest. La reconstruction du pont permettra d’assurer le lien interrives et la mobilité de quelque 83 000 usagers journaliers.",,,,,,En planification,"Août 2018
Le projet a été autorisé à l’étape « En planification ».",Ministre des Transports,Ministère des Transports,Ministère des Transports en association avec la Société québécoise des infrastructures,Réseau routier,Économie et environnement,06 – Montréal; 16 – Montérégie,Pont de l’Île-aux-Tourtes,De Vaudreuil-Dorion à Senneville,Reconstruction
100,Tunnels Ville-Marie et Viger – Montréal – Réfection,"Le projet vise à assurer la pérennité et le caractère sécuritaire des infrastructures des tunnels Ville-Marie et Viger ainsi qu’à mettre à niveau certains systèmes (mécaniques, électriques, etc.) en fonction des normes actuelles. Il consiste en des travaux de réfection de ces deux tunnels situés entre la rue Guy et l’avenue Papineau, au centre-ville de Montréal.",2050900000,2050900000,0,2023-09-01,2030-03-31,En réalisation,"Décembre 2019
Le projet a été autorisé à l’étape « En réalisation ».
Janvier 2019
Le projet a été autorisé à l’étape « En planification ».",Ministre des Transports,Ministère des Transports,Ministère des Transports,Réseau routier,Économie et environnement,06 – Montréal,"Tunnel Ville-Marie
Tunnel Viger",Montréal,Réfection
104,Autoroute 35 entre Saint-Armand et la frontière américaine (phase IV) – Construction,"Le prolongement de l’autoroute 35 vise à compléter le lien entre Montréal et Boston, pour accroître les échanges commerciaux et touristiques avec la Nouvelle-Angleterre. Ce projet améliorera la sécurité routière et la qualité de vie des personnes qui résident en bordure de la route 133 en y diminuant la circulation de transit. Il consiste à construire une autoroute à deux voies par direction sur chaussées séparées. La phase IV de ce projet est la dernière et elle complétera le lien entre Saint-Armand et la frontière américaine, sur 4,5 km. Les deux premières phases du projet ont été mises en service en 2014, tandis que la phase III est en réalisation.",,,,,,En planification,"Août 2019
Le gouvernement a autorisé que le projet « Prolongement de l’autoroute 35 jusqu’à la frontière américaine – Phases III et IV » soit scindé en deux projets distincts. Ainsi, le projet « Prolongement de l’autoroute 35 (phase IV) de Saint-Armand jusqu’à la frontière américaine » demeure « En planification ».
De plus, le projet « Prolongement de l’autoroute 35 (phase III) de Saint-Sébastien à Saint-Armand » est maintenant « En réalisation ».
",Ministre des Transports,Ministère des Transports,Ministère des Transports,Réseau routier,Économie et environnement,16 – Montérégie,Autoroute 35,"Saint-Armand
",Construction
109,"Hôpital de Verdun, unités de soins et soins ambulatoires – Montréal – Agrandissement et réaménagement","Le projet consiste en la construction d’un agrandissement de cinq étages à l’hôpital de Verdun, surmontée d’un appentis en toiture relié au reste du bâtiment par une passerelle à chaque niveau. Il prévoit la création d’un atrium et l’agrandissement de la zone logistique des quais, ainsi que la rénovation ponctuelle de certains blocs existants.",264900000,264900000,0,2024-02-01,2024-12-01,En réalisation,"Juillet 2020
Le projet a été autorisé à l’étape « En réalisation ».
Juillet 2018
Le projet a été autorisé à l’étape « En planification ».",Ministre de la Santé et des Services sociaux,Centre intégré universitaire de santé et de services sociaux du Centre-Sud-de-l’Île-de-Montréal,Société québécoise des infrastructures,Santé et Services sociaux,Santé et Services sociaux,06 – Montréal,Hôpital de Verdun,Montréal,Agrandissement et réaménagement
110,Université McGill sur une partie du site de l’ancien hôpital Royal Victoria – Montréal – Réaménagement et construction,"Le projet vise à combler de manière considérable un déficit d’espace à l’Université McGill. À la suite du transfert des activités de l’hôpital Royal Victoria, en 2015, au site Glen du Centre universitaire de santé McGill, d’importantes surfaces ont été libérées. L’Université accusant un déficit d’espace, reconnu par le Ministère, et son campus se trouvant à proximité du site de l’hôpital Royal Victoria, il est envisagé d’utiliser une partie des bâtiments libérés de ce site pour répondre à ce besoin.",,,,,,En planification,"Mai 2021
Le projet a été autorisé à l’étape « En planification ».",Ministre de l’Enseignement supérieur,Université McGill,Université McGill en association avec la Société québécoise des infrastructures,Enseignement supérieur,Éducation et culture,06 – Montréal,Université McGill,Montréal,Réaménagement et construction
113,"Autoroute 40 (Métropolitaine) secteur ouest, entre le boulevard Saint-Laurent et l’autoroute 520 – Montréal – Maintien",La réfection majeure du secteur ouest de l’autoroute Métropolitaine consiste à mettre à niveau les structures afin de freiner leur dégradation et d’assurer leur pérennité.,,,,,,À l’étude,"Septembre 2019
Le projet « Réfection majeure de l’autoroute Métropolitaine à Montréal » a été scindé en deux projets distincts. Ainsi, le présent projet 113 - « Autoroute 40 (Métropolitaine) secteur ouest, entre le boulevard Saint-Laurent et l’autoroute 520 – Montréal – Maintien » demeure « À l’étude ». Le projet 323 - « Autoroute 40 (Métropolitaine) secteur est, entre les boulevards Provencher et Saint-Laurent – Montréal – Réfection » est maintenant « En planification ».",Ministre des Transports,Ministère des Transports,Ministère des Transports,Réseau routier,Économie et environnement,06 – Montréal,Autoroute 40 (Métropolitaine),Montréal,"Maintien
"
114,Tunnel Louis-Hippolyte-La Fontaine entre Montréal et Longueuil – Réfection,"Le projet vise à assurer la pérennité du lien interrives stratégique qu’est le tunnel Louis-Hippolyte-La Fontaine. Plus particulièrement, il consiste en une réfection majeure de la chape de béton (sous la surface de roulement) et des éléments structuraux, au remplacement des systèmes (électriques, mécaniques, de ventilation, d’éclairage, de signalisation, etc.) et à l’ajout d’un système de protection contre les incendies de grande puissance. Les travaux comprennent la reconstruction de la chaussée de béton de part et d’autre du tunnel.",1425800000,994000000,431800000,,2024-12-01,En réalisation,"Juin 2020
Une hausse de 171,6 M$ au coût du projet a été autorisée. Initialement prévu à 1 254,2 M$, le coût est maintenant de 1 425,8 M$. Ainsi, la contribution du Québec passe de 822,4 M$ à 994,0 M$, et celle des partenaires demeure à 431,8 M$.

De plus, la modification de la date de la mise en service a été autorisée. Initialement prévue en novembre 2024, elle est reportée à décembre 2024.
Décembre 2019
Le projet a été autorisé à l’étape « En réalisation ».",Ministre des Transports,Ministère des Transports,Ministère des Transports en association avec la Société québécoise des infrastructures,Réseau routier,Économie et environnement,06 – Montréal; 16 – Montérégie,Tunnel Louis-Hippolyte-La Fontaine,De Montréal à Longueuil,Réfection
115,Boulevard Cavendish entre l’autoroute 13 et l’autoroute 15 – Montréal – Bonification,"Le projet de la Ville de Montréal vise à construire le lien manquant de 1,5 km entre les deux tronçons actuels du boulevard Cavendish, en permettant une traversée de la gare de triage Saint-Luc du CP et de la gare Taschereau du CN.

Le projet municipal créera un lien dans l’axe nord-sud, entre les autoroutes 13 et 15. En appui aux multiples projets immobiliers dans le secteur, le nouveau lien routier facilitera les déplacements locaux et permettra une amélioration de la desserte en transport collectif.",,,,,,À l’étude,,Ministre des Transports,Ville de Montréal,Ville de Montréal,Réseau routier,Économie et environnement,06 – Montréal,Boulevard Cavendish,Montréal,Bonification
117,Pôle logistique – Vaudreuil-Soulanges – Bonification,"Le projet vise à implanter un grand parc logistique multimodal capable d’attirer les centres de distribution de grandes entreprises et à favoriser le transport des marchandises, et ce, afin de mieux positionner le Québec dans l’axe du corridor de commerce Québec-Ontario et du Mid-Ouest américain.",,,,,,À l’étude,,Ministre des Transports,Ministère des Transports,Ministère des Transports,"Transport maritime, aérien, ferroviaire et autres",Économie et environnement,16 – Montérégie,Pôle logistique,Vaudreuil-Soulanges,Bonification
119,Édicule et passerelle piétonnière au pôle multimodal Vendôme – Montréal – Construction,Le projet consiste en la construction d’un édicule universellement accessible à la station de métro Vendôme et d’un lien piétonnier jusqu’au Centre universitaire de santé McGill.,110300000,110300000,0,,2021-04-30,En réalisation,"Mars 2021
La modification de la date de la mise en service a été autorisée. Prévue en novembre 2020, elle est reportée à avril 2021.
Mars 2020
La modification de la date de la mise en service a été autorisée. Initialement prévue en octobre 2020, elle est reportée à novembre 2020.
Avril 2019
Une hausse de 38,7 M$ au coût du projet a été autorisée. Initialement prévu à 76,5 M$, le coût est maintenant de 110,3 M$.
De plus, la modification de la date de la mise en service a été autorisée. Initialement prévue en février 2020, elle est reportée à octobre 2020.",Ministre des Transports,Société de transport de Montréal,Société de transport de Montréal,Transport collectif,Économie et environnement,06 – Montréal,Pôle multimodal Vendôme,Montréal,Construction
120,Centre de glaces – Québec – Construction,"Le projet consiste en la construction d’une infrastructure couverte qui comprendra un anneau de glace ceinturé d’une piste de course, au centre duquel se trouveront deux surfaces glacées, soit une pour le patinage de vitesse courte piste et le patinage artistique, et l’autre pour un usage polyvalent (ex. : hockey, patinage libre). Les travaux prévoient aussi l’installation de gradins pouvant accueillir environ 2 000 personnes. 
Le Centre de glaces concentrera les sports de glace dans un site central et facile d’accès, en complémentarité avec le Centre sportif de Sainte-Foy. L’anneau de glace permettra d’accueillir des compétitions d’envergure nationale et internationale, en plus d’héberger le centre d’entraînement national Gaétan Boucher.",68000000,22900000,45100000,,2021-05-31,En réalisation,"Mars 2021
Un addenda au protocole d’entente, intervenu entre la ministre des Affaires municipales et de l’Habitation et la Ville de Québec a été signé reportant la date de la mise en service prévue en décembre 2021 à mai 2021.
Janvier 2020
Un addenda au protocole d’entente, intervenu entre les parties, a été signé en juin 2020 et prévoit la date de fin des travaux en décembre 2021.",Ministre des Affaires municipales et de l’Habitation,Ville de Québec,Ville de Québec,Municipalités,Économie et environnement,03 – Capitale-Nationale,Centre de glaces,Québec,Construction
121,"Réseau ferroviaire, voie de contournement – Lac-Mégantic – Construction","Le projet vise la construction d’une voie ferrée contournant le centre-ville de Lac-Mégantic dans les municipalités de Nantes, de Lac-Mégantic et de Frontenac.",,,,,,En planification,,Ministre des Transports,Transports Canada,Transports Canada,"Transport maritime, aérien, ferroviaire et autres",Économie et environnement,05 – Estrie,Réseau ferroviaire,Lac-Mégantic,Construction
122,Station d’épuration des eaux usées – Gatineau – Construction et reconstruction,"Le projet consiste en la réfection de la station d’épuration des eaux usées du secteur Gatineau et de ses équipements. La modernisation des systèmes de contrôle, des décanteurs existants et des moteurs de la station de pompage permettra une meilleure opération de la station. 

La construction d’équipement tel un décanteur et un digesteur aura pour effet d’améliorer la qualité de l’eau rejetée dans l’environnement.

Le projet inclut aussi la reconstruction de deux postes de pompage sur le réseau d’eaux usées de la ville.",26200000,17500000,8700000,,2020-10-31,En service,"Mars 2021
Un addenda au protocole d’entente, intervenu entre les parties, a été signé diminuant la portée du projet, réduisant les coûts et devançant que la date de mise en service. Prévue en mars 2025, elle a été devancée en octobre 2020. Une baisse de 53,4 M$ a été autorisée, initialement prévu à 79,6 M$, le coût est maintenant de 26,2 M$. Ainsi, la contribution du Québec passe de 53,1 M$ à 17,5 M$, et celle des partenaires, de 26,5 M$ à 8,7 M$.
La mise en service complète de l’infrastructure a été autorisée. Le projet sera retiré du tableau de bord lors de la prochaine mise à jour annuelle.
Janvier 2020
Un addenda au protocole d’entente, intervenu entre les parties, a été signé reportant la date de la mise en service initialement prévue en mars 2020 à mars 2025.",Ministre des Affaires municipales et de l’Habitation,Ville de Gatineau,Ville de Gatineau,Municipalités,Économie et environnement,07 – Outaouais,Station d’épuration des eaux usées,Gatineau,Construction et reconstruction
125,Palais de justice de Saint-Hyacinthe – Réaménagement,"Le projet consiste en un réaménagement majeur du palais de justice de Saint-Hyacinthe, qui facilitera l’accessibilité de la population aux services judiciaires.
Il vise à répondre aux problèmes de mise aux normes, aux besoins d’espace supplémentaire et aux nombreuses lacunes fonctionnelles.
Les principaux occupants de l’édifice sont le ministère de la Justice, le ministère de la Sécurité publique et le Directeur des poursuites criminelles et pénales.",122000000,122000000,0,,2023-05-31,En réalisation,"Décembre 2020
Le projet a été autorisé à l’étape « En réalisation ».",Ministre responsable de l’Administration gouvernementale,Ministère de la Justice,Société québécoise des infrastructures,Administration gouvernementale,Gouverne et justice,16 – Montérégie,Palais de justice de Saint-Hyacinthe,Saint-Hyacinthe,Réaménagement
127,Route 389 (A) entre Fire Lake et Fermont – Reconstruction,"Le projet s’inscrit dans un vaste programme d’amélioration de la route 389, entre Baie-Comeau et Fermont, qui vise à réaliser les correctifs essentiels à l’optimisation de la sécurité et du confort des usagères et usagers ainsi qu’à faciliter l’accès aux ressources et au Nord-du-Québec. Pour le segment de près de 70 kilomètres, entre Fire Lake et Fermont, il s’agit de construire un nouveau tracé d’environ 60 km et de faire une réfection majeure, sur 10,5 km, de la route existante. Ces travaux réduiront le trajet actuel de 19 km.",280200000,162700000,117500000,2023-10-31,2025-07-31,En réalisation,"Juin 2021
Le projet a été autorisé à l’étape « En réalisation ».",Ministre des Transports,Ministère des Transports,Ministère des Transports,Réseau routier,Économie et environnement,09 – Côte-Nord,Route 389,De Fire Lake à Fermont,Reconstruction
130,Centre d’entretien Pointe-Saint-Charles d’exo – Montréal – Construction,Le projet vise à assurer l’entretien du matériel roulant de la ligne de trains de banlieue de Mont-Saint-Hilaire et de Mascouche. Il est devenu nécessaire après que le CN a annoncé qu’il mettrait fin à ce service.,311700000,209100000,102600000,,2021-12-31,En réalisation,"Janvier 2020
La modification de la portée du projet a été revue à la baisse par la diminution des besoins d’entretien requis suite la mise en œuvre du projet de Réseau express métropolitain (REM). Par conséquent, une baisse de 9,0 M$ au coût du projet a été autorisée. Initialement prévu à 320,7 M$, le coût est maintenant de 311,7 M$. Ainsi, la contribution du Québec passe de 207,7 M$ à 209,1 M$, et celle des partenaires, de 113 M$ à 102,6 M$.
De plus, la modification de la date de la mise en service complète a été autorisée. Initialement prévue en décembre 2017, elle est reportée à décembre 2021.",Ministre des Transports,Exo,Exo en association avec la Société québécoise des infrastructures,Transport collectif,Économie et environnement,06 – Montréal,Centre d’entretien Pointe-Saint-Charles d’exo,Montréal,Construction
132,"Université de Montréal, complexe des sciences – Montréal – Construction","Le projet consiste en la construction d’un pavillon de deux ailes (une pour l’enseignement et une pour la recherche) sur le site de la gare d’Outremont. 
Cette nouvelle installation, qui vise la certification Or de la norme LEED, abritera divers départements de recherche, notamment pour la chimie, la physique, la géographie et les sciences biologiques. La pluralité des disciplines réunies sous un même toit favorisera les interactions transversales, dans un contexte où l’innovation découle souvent du croisement qui se produit entre de nombreux champs d’études. L’envergure des travaux autorisés est de près de 55 000 m² bruts.",348300000,145000000,203300000,2019-09-01,2020-05-01,En service,"Mars 2020
La modification de la date de la mise en service a été autorisée. Initialement prévue en mai 2019, elle est reportée à septembre 2019 pour la partie enseignement du complexe et de février 2020 à mai 2020 pour la partie recherche. L’aile destinée à l’enseignement a ainsi été mise en service en septembre 2019.",Ministre de l’Enseignement supérieur; Ministre de l’Économie et de l’Innovation,Université de Montréal,Université de Montréal en association avec la Société québécoise des infrastructures,Enseignement supérieur,Éducation et culture,06 – Montréal,Complexe des sciences de l’Université de Montréal,Montréal,Construction
133,Service rapide par bus intégré sur le boulevard Pie-IX entre Montréal et Laval – Aménagement et construction,"Le projet de service rapide par bus, dans l’axe du boulevard Pie-IX, vise à permettre à près de 40 000 usagers quotidiens de profiter d’aménagements sécuritaires, efficaces et agréables. Traversant Montréal du nord au sud et reliant l’île à l’est de Laval, le boulevard Pie-IX est l’une des artères les plus achalandées de la métropole. Le projet comprend la construction de près de 13 km de voie réservée (environ 11 km à Montréal et 2 à Laval), d’un stationnement incitatif de 750 places, à Laval, et de 20 stations accessibles aux personnes à mobilité réduite. Il prévoit aussi l’acquisition d’autobus articulés électriques, le tout afin d’offrir un haut niveau de service en transport collectif dans cet axe.",472500000,345000000,127500000,2022-12-01,2023-12-31,En réalisation,"Mars 2020
Une hausse de 78,7 M$ au coût du projet a été autorisée. Initialement prévu à 393,8 M$, le coût est maintenant de 472,5 M$. Ainsi, la contribution du Québec passe de 286,0 M$ à 345,0 M$, et celle des partenaires, de 107,8 M$ à 127,5 M$.
Décembre 2019
La modification de la portée du projet a été autorisée en acceptant le prolongement du tracé, sur environ 1,7 km entre l’avenue Pierre-De Coubertin et la rue Notre-Dame, de même que la construction de trois stations.
De plus, la modification de la date de la mise en service a été autorisée. Initialement prévue en décembre 2022, elle est reportée à décembre 2023.
Une hausse de 80,9 M$ au coût du projet a été autorisée. Initialement prévu à 393,8 M$, le coût est maintenant de 474,7 M$. Ainsi, la contribution du Québec passe de 286,0 M$ à 346,4 M$, et celle des partenaires, de 107,8 M$ à 128,2 M$.
Juin 2019
L’acquisition d’autobus articulés électriques a été autorisée. De plus, suivant la confirmation d’une participation financière fédérale au projet, une modification à la stratégie de financement a été autorisée. Ainsi, la contribution du Québec passe de 288,4 M$ à 286,0 M$, et celle des partenaires, de 105,4 M$ à 107,8 M$.",Ministre des Transports,Autorité régionale de transport métropolitain,Société de transport de Montréal en association avec la Société québécoise des infrastructures,Transport collectif,Économie et environnement,06 – Montréal; 13 – Laval,Boulevard Pie-IX,De Montréal à Laval,Aménagement et construction
134,Barrage des Quinze – Laverlochère-Angliers – Maintien,"Le projet visait à améliorer l’état de la structure du barrage des Quinze et de la route 391, qui passe sur le barrage, et à les moderniser. Il consistait en une réfection majeure du barrage et au remplacement du tablier de la route 391.",110000000,83400000,26600000,,2018-11-01,En service,"Février 2019
Suite à des travaux imprévus qui ont entraîné des dépenses supplémentaires et une prolongation de la durée des travaux. Une hausse de 9,0 M$ au coût du projet a été autorisée. Initialement prévu à 101 M$, le coût est maintenant de 110 M$. De plus, la modification de la date de la mise en service a été autorisée. Initialement prévue en octobre 2018 elle a été reportée à novembre 2018.",Ministre de l’Environnement et de la Lutte contre les changements climatiques,Ministère de l’Environnement et de la Lutte contre les changements climatiques conjointement avec le ministère des Transports,Ministère de l’Environnement et de la Lutte contre les changements climatiques en association avec la Société québécoise des infrastructures,Environnement,Économie et environnement,08 – Abitibi-Témiscamingue,Barrage des Quinze,Angliers,Maintien
136,Autoroute 85 (Claude-Béchard) entre Saint-Antonin et Saint-Louis-du-Ha! Ha! (phase III) – Construction,"Le réaménagement de la route 185 en autoroute 85 vise à en améliorer la sécurité et la circulation et à favoriser le tourisme, l’industrie et les échanges commerciaux avec les provinces maritimes. Les travaux en cours permettront d’achever la transformation de la route 185 en une autoroute à quatre voies sur deux chaussées séparées, dont les deux premières phases ont été réalisées en 2011 et en 2015. La phase III concerne le dernier tronçon de près de 40 km, entre Saint-Antonin et Saint-Louis-du-Ha! Ha!, dont les travaux ont commencé à l’automne 2018.",942900000,553200000,389700000,2021-11-01,2025-11-01,En réalisation,,Ministre des Transports,Ministère des Transports,Ministère des Transports,Réseau routier,Économie et environnement,01 – Bas-Saint-Laurent,Autoroute 85 (Claude-Béchard),De Saint-Antonin à Saint-Louis-du-Ha! Ha!,Construction
137,"Réseau de train de banlieue d’exo, voitures passagers (type 2000) – Région métropolitaine de Montréal – Remplacement",Le projet vise à acquérir 24 nouvelles voitures pour les trains de banlieue d’exo.,103200000,74400000,28800000,2021-04-30,2021-10-31,En réalisation,"Mars 2020
La modification des dates de début et de fin de la mise en service a été autorisée. Initialement prévue en septembre 2020, la date du début de la mise en service est reportée à avril 2021. Initialement prévue en novembre 2020, la date de la mise en service complète est reportée à octobre 2021.",Ministre des Transports,Exo,Exo,Transport collectif,Économie et environnement,06 – Montréal,Réseau de train de banlieue d’exo,Montréal,Remplacement
138,Établissement de détention – Montréal – Agrandissement et réaménagement,"Le projet vise à répondre au besoin relatif à l’hébergement de la population carcérale féminine au Québec, tout en assurant à ces personnes des conditions de détention sécuritaires et conformes aux normes actuelles du ministère de la Sécurité publique. 
Le processus consiste à revoir en profondeur les méthodes d’incarcération des contrevenantes du Québec. Une fois ces réflexions terminées, quelques scénarios immobiliers seront étudiés. Ceux-ci pourraient donner lieu à la mise aux normes de l’établissement actuel, jusqu’à la construction d’un autre établissement de détention.
",,,,,,En planification,,Ministre responsable de l’Administration gouvernementale,Ministère de la Sécurité publique,Société québécoise des infrastructures,Administration gouvernementale,Gouverne et justice,06 – Montréal,Établissement de détention Maison Tanguay,Montréal,Agrandissement et réaménagement
143,Autoroute 19 entre Laval et Bois-des-Filion – Construction,"Le projet vise à compléter l’autoroute 19 entre les autoroutes 440, à Laval, et 640, à Bois-des-Filion, afin d’améliorer les conditions de déplacement et la sécurité routière, tout en offrant des aménagements performants en transport collectif. Le prolongement de l’autoroute 19 à trois voies par direction, incluant des voies réservées aux autobus, au covoiturage et aux véhicules électriques, comprend notamment un stationnement incitatif et quatre échangeurs.",,,,,,En planification,,Ministre des Transports,Ministère des Transports,Ministère des Transports,Réseau routier,Économie et environnement,13 – Laval; 15 – Laurentides,Autoroute 19,De Laval à Bois-des-Filion,Construction
144,"Université McGill, pavillon Wilson – Montréal – Réfection et réaménagement","Le projet consiste à réaménager l’espace du pavillon Wilson, construit en 1914, afin de le rendre plus fonctionnel et mieux adapté aux besoins de l’École de service social et des autres départements de la faculté qui l’utiliseront. Il vise aussi à combler un déficit d’espace, par l’agrandissement de l’immeuble.",45100000,45100000,0,,2024-03-31,En réalisation,"Décembre 2020
Le projet a été autorisé à l’étape « En réalisation ».",Ministre de l’Enseignement supérieur,Université McGill,Université McGill en association avec la Société québécoise des infrastructures,Enseignement supérieur,Éducation et culture,06 – Montréal,Pavillon Wilson de l’Université McGill,Montréal,Réfection et réaménagement
145,"Hôpital Fleurimont, centre mère-enfant et service d’urgence – Sherbrooke – Construction","Le projet consiste à regrouper dans une nouvelle construction, sur le site de l’hôpital Fleurimont, l’ensemble des secteurs qui offrent des soins aux mères et aux enfants ainsi que les services d’urgence. 
Il viendra répondre à une augmentation importante de la clientèle, à une complexification des pathologies ainsi qu’à l’introduction de technologies médicales, notamment en pédiatrie et en néonatologie. Il répond aussi à un besoin de mise aux normes cliniques et architecturales et à un manque important d’espace sur le site de l’hôpital Fleurimont. 
L’envergure des travaux autorisés est de 33 635 m² en superficie brute totale. Elle vise un centre mère-enfant et une nouvelle urgence attenante à l’hôpital existant, ainsi qu’un stationnement intérieur et un bâtiment pour les génératrices.",344300000,332300000,12000000,,2024-06-01,En réalisation,"Mars 2021
Une hausse de 15,5 M$ au coût du projet a été autorisée. Prévu à 328,8 M$, le coût est maintenant de 344,3 M$. Ainsi, la contribution du Québec passe de 316,8 M$ à 332,3 M$ et celle des partenaires demeure à 12,0 M$.
Août 2020
Une hausse de 131,1 M$ au coût du projet a été autorisée. Initialement prévu à 197,7 M$, le coût est maintenant de 328,8 M$. Ainsi, la contribution du Québec passe de 179,4 M$ à 316,8 M$ et celle des partenaires demeure à 12,0 M$.
De plus, la modification de la portée du projet a été autorisée en acceptant la hausse de 93 m². Ainsi, la superficie totale de 33 542 m² initialement prévue est augmentée à 33 635 m².
Finalement, la date de la réception avec réserves, initialement prévue en décembre 2020 est reportée à décembre 2023. La modification de la date de la mise en service complète a été autorisée. Initialement prévue en mai 2021, elle est reportée à juin 2024.",Ministre de la Santé et des Services sociaux,Centre intégré universitaire de santé et de services sociaux de l’Estrie – Centre hospitalier universitaire de Sherbrooke,Société québécoise des infrastructures,Santé et Services sociaux,Santé et Services sociaux,05 – Estrie,Hôpital de Fleurimont,Sherbrooke,Construction
146,"Route 138, côte Arsène Gagnon – Les Bergeronnes – Reconstruction","Le projet vise à améliorer la sécurité des usagers et la fluidité de la circulation sur ce tronçon de route où l’achalandage de véhicules lourds est de plus en plus important. Le réaménagement, sur une distance totale d’un peu plus de 5 km, consiste à corriger les courbes sous-standards par une géométrie améliorée et à rendre ce tronçon de route conforme aux normes de sécurité actuelles. Il prévoit également une voie auxiliaire pour véhicules lents en direction ouest sur une distance d’environ 2,7 km et une voie d’évitement en direction est, à l’intersection de la route 138 et du chemin du Lac-des-Sables.",83400000,83400000,0,,2024-12-01,En réalisation,,Ministre des Transports,Ministère des Transports,Ministère des Transports,Réseau routier,Économie et environnement,09 – Côte-Nord,Route 138,Les Bergeronnes,Reconstruction
147,"Route 169, voie de contournement des quartiers de L’Isle-Maligne et de Delisle – Alma – Construction","L’aménagement d’une route de contournement du secteur de l’entrée nord de la ville d’Alma est devenu nécessaire à la suite de nombreux inconvénients causés par la route 169, qui traverse les quartiers résidentiels de Delisle et de L’Isle-Maligne. Ce nouvel aménagement améliorera la sécurité, la fluidité et la qualité de vie des citoyens par la diminution du volume de circulation, du bruit, des vibrations et de la poussière. Le projet vise la construction d’une route de contournement dans un nouveau corridor sur environ 4,8 km.",61100000,61000000,100000,,2020-12-01,En service,"Mars 2021
La mise en service de l’infrastructure a été autorisée.",Ministre des Transports,Ministère des Transports,Ministère des Transports,Réseau routier,Économie et environnement,02 – Saguenay–Lac-Saint-Jean,Voie de contournement,Alma,Construction
148,Route Billy-Diamond (Route de la Baie-James) (phase I) – Nord-du-Québec – Réfection,"Le projet a pour but d’améliorer la sécurité des usagers et d’assurer la pérennité de la route Billy-Diamond. Il consiste principalement à :
– mettre en place une signalisation et des glissières de sécurité conformes aux normes en vigueur afin de favoriser une meilleure visibilité en réduisant la densité de la végétation le long de la route;
– améliorer la surface de roulement pour assurer une conduite plus stable et réduire les risques d’effondrement des ponceaux déficients;
– rehausser la qualité de l’infrastructure routière pour en prolonger la durée de vie;
– remplacer des équipements sur les ponts afin d’assurer une meilleure pérennité des structures.

À terme, les travaux permettront la conservation des liens avec les autres routes de la région, notamment celles qui mènent aux différents sites d’activité économique (centrales hydroélectriques, sites miniers et autres) ainsi qu’aux diverses localités. Grâce à ces travaux, le lien intermodal sera également maintenu, de même que le transport des marchandises dans le Grand Nord ainsi que le seul lien routier qui mène à la baie James.

En vue du respect des nouvelles normes environnementales en vigueur, des ouvrages hydrauliques intermédiaires devront être effectués sur 18 sites de ponceaux multiples qui abritent 51 ponceaux complexes, ce qui a conduit à une hausse de coûts et un report de la fin de la mise en service.",333900000,222700000,111200000,,2026-11-01,En réalisation,"Juin 2020
Une hausse de 69,2 M$ au coût du projet a été autorisée. Initialement prévu à 264,7 M$, le coût est maintenant de 333,9 M$. Ainsi, la contribution du Québec passe de 153,5 M$ à 222,7 M$ et celle des partenaires demeure à 111,2 M$.

De plus, la modification de la date de la mise en service a été autorisée. Initialement prévue en novembre 2021, elle est reportée à novembre 2026.
Février 2020
Suivant la confirmation d’une participation financière fédérale au projet, une modification à la stratégie de financement a été autorisée. Ainsi, la contribution du Québec passe de 156,4 M$ à 153,5 M$, et celle des partenaires, de 108,3 M$ à 111,2 M$.
Août 2018
Un baisse de 0,3 M$ au coût du projet ainsi que la modification à la stratégie de financement ont été autorisées. Le coût initial de 265,0 M$ est maintenant de 264,7 M$. Ainsi, la contribution du Québec passe de 165,0 M$ à 156,4 M$ et celle des partenaires de 100,0 M$ à 108,3 M$.",Ministre de l’Énergie et des Ressources naturelles,Société de développement de la Baie James,Société de développement de la Baie James,Développement du territoire nordique,Économie et environnement,10 – Nord-du-Québec,Route Billy-Diamond,Nord-du-Québec,Réfection
151,Hôpital de Lachine – Montréal – Agrandissement et réaménagement,"Le projet vise la modernisation des secteurs ambulatoires (consultation externe, médecine de jour, centre de prélèvements et endoscopie) et critiques (bloc opératoire, urgence et unités de soins intensifs) ainsi que l’hospitalisation (unités de soins médicaux, de chirurgie et de soins palliatifs).
L’option immobilière proposée comporte principalement la construction d’un pavillon et la rénovation ponctuelle de certains locaux du bâtiment existant.
",95000000,95000000,0,,2023-04-30,En réalisation,,Ministre de la Santé et des Services sociaux,Centre universitaire de santé McGill,Société québécoise des infrastructures,Santé et Services sociaux,Santé et Services sociaux,06 – Montréal,Hôpital de Lachine,Montréal,Agrandissement et réaménagement
152,"Pont de Québec entre Québec et Lévis, tablier – Reconstruction",Le projet consiste au remplacement du tablier du pont. Ces travaux permettront de maintenir la pleine fonctionnalité de ce lien interrives emprunté par environ 30 000 véhicules quotidiennement.,,,,,,En planification,"Juin 2019
Le projet a été autorisé à l’étape « En planification ».",Ministre des Transports,Ministère des Transports,Ministère des Transports,Réseau routier,Économie et environnement,03 – Capitale-Nationale; 12 – Chaudière-Appalaches,Tablier du Pont de Québec,De Québec à Lévis,Reconstruction
154,Gare maritime et jetée Alexandra – Montréal – Agrandissement et réfection,"Le projet consiste en la construction d’une nouvelle gare maritime, d’une tour d’observation, d’un centre d’interprétation en plus de l’aménagement de terrasses vertes et d’une esplanade.
Le projet vise à réhabiliter, à des fins touristiques, les infrastructures d’accueil existantes des croisières internationales situées dans le secteur du Vieux-Port de Montréal, zone touristique par laquelle transitent annuellement des dizaines de millions de visiteurs. 
La majorité des travaux ont été effectués. Le volet « Gare maritime » a été complété pour des investissements totaux de 63 M$. Le volet « Tour d’observation » est en cours de réalisation pour des investissements de 15 M$.",78000000,20000000,58000000,2017-05-01,2022-03-31,En service,"Mars 2021
La mise en service de l’infrastructure a été autorisée. La modification de la date de la mise en service complète a été autorisée. Initialement prévue en mars 2021, elle est reportée à mars 2022.",Ministre du Tourisme,Administration portuaire de Montréal,Administration portuaire de Montréal,Tourisme et activités récréatives,Économie et environnement,06 – Montréal,Vieux-Port de Montréal,Montréal,Agrandissement et réfection
155,Route 138 entre Kegaska et La Romaine – Construction,"La construction du prolongement de la route 138 vise à relier les communautés du Golfe-du-Saint-Laurent entre elles et avec le reste du Québec. Avec le désenclavement des communautés par voie routière, la population aura un meilleur accès aux services et aux commerces. Grâce à l’achèvement des 40 kilomètres de voie de circulation, entre Kegaska et La Romaine, celle-ci sera désormais reliée à l’ensemble du réseau routier québécois.",513600000,373600000,140000000,,2025-10-31,En réalisation,"Mars 2021
Le projet a été autorisé à l’étape « En réalisation ».
Août 2018
Le projet a été autorisé à l’étape « En planification ».",Ministre des Transports,Ministère des Transports,Ministère des Transports,Réseau routier,Économie et environnement,09 – Côte-Nord,Route 138,De Kegaska à La Romaine,Construction
156,Route 138 entre Tête-à-la-Baleine et La Tabatière – Construction,"La construction du prolongement de la route 138 vise à relier les communautés du Golfe-du-Saint-Laurent entre elles et avec le reste du Québec. Le projet consiste à poursuivre la construction du tronçon, déjà amorcée, entre Tête-à-la-Baleine et La Tabatière.
Avec le désenclavement des communautés par voie routière, la population aura un meilleur accès aux services et aux commerces. Grâce à la construction d’environ 30 kilomètres de voie de circulation et d’un pont au-dessus de la rivière du Gros Mécatina, la route 138 reliera les communautés de Tête-à-la-Baleine et de La Tabatière.",181900000,137100000,44800000,,2025-10-31,En réalisation,"Mars 2021
Le projet a été autorisé à l’étape « En réalisation ».
Août 2018
Le projet a été autorisé à l’étape « En planification ».",Ministre des Transports,Ministère des Transports,Ministère des Transports,Réseau routier,Économie et environnement,09 – Côte-Nord,Route 138,De Tête-à-la-Baleine à La Tabatière,Construction
157,Palais des congrès de Montréal – Bonification,"Le projet consiste en un recouvrement partiel de l’autoroute Ville-Marie en vue d’un agrandissement du Palais des congrès de Montréal. Il s’agit d’augmenter la superficie d’exposition contigüe sur un même étage, qui passerait de 19 000 m² à 30 000 m². La superficie totale du bâtiment passerait ainsi d’un peu moins de 31 000 m² à un peu plus de 49 000 m². Avec cet agrandissement, l’établissement se hissera du troisième au premier rang canadien en espace contigu d’exposition, ce qui permettra à la Société du Palais des congrès de Montréal de demeurer compétitive et de continuer sa croissance dans un marché hautement concurrentiel.",,,,,,À l’étude,,Ministre du Tourisme,Société du Palais des congrès de Montréal,Société québécoise des infrastructures,Tourisme et activités récréatives,Économie et environnement,06 – Montréal,Palais des congrès de Montréal,Montréal,Bonification
162,Pont de l’Île-aux-Tourtes entre Vaudreuil-Dorion et Senneville – Maintien,"Construit en 1965, le pont de l’Île-aux-Tourtes permet de faire le lien, dans l’axe de l’autoroute Félix-Leclerc (autoroute 40), entre l’île de Montréal et la ville de Vaudreuil-Dorion en franchissant le lac des Deux-Montagnes. Le pont requiert une intervention majeure. Les travaux visent à maintenir l’infrastructure en service et sécuritaire jusqu’à la réalisation du projet majeur (voir projet 99).",282700000,282700000,0,,,En réalisation,"Mars 2021
Une hausse de 18,5 M$ au coût du projet a été autorisée. Prévu à 264,2 M$, le coût est maintenant de 282,7 M$. 
Mars 2020
Une hausse de 129,9 M$ au coût du projet a été autorisée. Initialement prévu à 134,3 M$, le coût est maintenant de 264,2 M$.",Ministre des Transports,Ministère des Transports,Ministère des Transports,Réseau routier,Économie et environnement,06 – Montréal; 16 – Montérégie,Pont de l’Île-aux-Tourtes,De Vaudreuil-Dorion à Montréal,Maintien
164,Oratoire Saint-Joseph – Montréal – Construction et réaménagement,"Le projet consiste en la construction d’un pavillon d’accueil, la restauration du carillon et l’aménagement de la Place de la Sainte-Famille, la reconfiguration du jardin monumental et la remise en lumière du site ainsi qu’en la rénovation du musée et l’aménagement d’un centre d’interprétation dans l’entre-dôme de la basilique.

Le projet vise à rendre les structures d’accueil et de services aux visiteurs de l’Oratoire Saint-Joseph du Mont-Royal plus fonctionnels et plus sécuritaires, tout en lui permettant de développer son plein potentiel touristique.

Le projet est un des legs du gouvernement du Québec pour le 375e anniversaire de la Ville de Montréal.",79200000,30800000,48400000,2021-12-01,2022-12-31,En réalisation,"Mars 2021
La modification de la date de début de la mise en service a été autorisée. Initialement prévue en décembre 2020, elle est reportée à décembre 2021.",Ministre des Affaires municipales et de l’Habitation,Oratoire Saint-Joseph du Mont-Royal,Oratoire Saint-Joseph du Mont-Royal,Municipalités,Économie et environnement,06 – Montréal,Oratoire Saint-Joseph,Montréal,Construction et réaménagement
165,Promenade Samuel-De Champlain (phase III) – Québec – Construction,"Le projet consiste au prolongement, sur une distance d’environ 2,5 km, de la promenade Samuel-De Champlain, soit de la côte de Sillery jusqu’à la côte Gilmour. Il inclut notamment le réaménagement complet du boulevard Champlain, le déplacement du corridor ferroviaire en bordure de la falaise, ainsi que la démolition puis la reconstruction d’un pont d’étagement. La station de la Plage sera au cœur du projet et comprendra une plage, un bassin de baignade et un miroir d’eau.",193300000,181700000,11600000,2022-12-31,2023-06-30,En réalisation,"Avril 2020
Une hausse de 22,2 M$ au coût du projet a été autorisée. Initialement prévu à 171,1 M$, le coût est maintenant de 193,3 M$. Ainsi, la contribution du Québec passe de 159,5 M$ à 181,7 M$ et celle des partenaires demeure à 11,6 M$. 

De plus, la modification pour une mise en service progressive a été autorisée. Ainsi, la date de début de la mise en service est décembre 2022 et la date de mise en service complète est juin 2023.
Juillet 2018
La Commission de la capitale nationale du Québec a mandaté la Société québécoise des infrastructures à titre de gestionnaire de projet.",Ministre responsable de la région de la Capitale-Nationale,Commission de la capitale nationale du Québec,Société québécoise des infrastructures,Tourisme et activités récréatives,Économie et environnement,03 – Capitale-Nationale,Promenade Samuel-De Champlain,Québec,Construction
166,Pont de la route 138 au-dessus de la rivière Batiscan – Batiscan – Reconstruction,"Construit en 1921, le pont de la route 138 au-dessus de la rivière Batiscan, à Batiscan, a atteint sa durée de vie utile. Le projet consiste en la reconstruction complète de la structure.",,,,,,En planification,,Ministre des Transports,Ministère des Transports,Ministère des Transports,Réseau routier,Économie et environnement,04 – Mauricie,Pont de la route 138,Batiscan,Reconstruction
168,Pont Pierre-Laporte entre Québec et Lévis – Réfection,"Le projet vise à remettre à niveau le revêtement de protection des éléments en acier du tablier et ainsi assurer la pérennité du pont, construit en 1970. Le pont Pierre-Laporte est situé dans un secteur névralgique de la Capitale-Nationale.",99500000,99500000,0,,2024-03-31,En réalisation,"Mars 2021
Une hausse de 20,5 M$ au coût du projet a été autorisée. Initialement prévu à 79,0 M$, le coût est maintenant de 99,5 M$.
Mars 2020
Le projet a été autorisé à l’étape « En réalisation ».",Ministre des Transports,Ministère des Transports,Ministère des Transports,Réseau routier,Économie et environnement,03 – Capitale-Nationale; 12 – Chaudière-Appalaches,Pont Pierre-Laporte ,De Québec à Lévis,Réfection
169,"Pont Laviolette entre Trois-Rivières et Bécancour, dalle – Réfection",Le projet consiste au remplacement de la dalle de la partie centrale du pont Laviolette par des éléments préfabriqués. Ces travaux permettront de maintenir la pleine fonctionnalité du pont qui enjambe le fleuve Saint-Laurent à la hauteur des villes de Trois-Rivières et de Bécancour.,,,,,,En planification,"Mars 2019
Le projet a été autorisé à l’étape « En planification ».",Ministre des Transports,Ministère des Transports,Ministère des Transports,Réseau routier,Économie et environnement,04 – Mauricie; 17 – Centre-du-Québec,Pont Laviolette,De Trois-Rivières à Bécancour,Réfection
170,Complexe scientifique de l’Institut nordique du Québec – Québec – Construction,"Le projet consiste en la construction de quatre composantes, dont un pavillon principal de recherche sur le campus de l’Université Laval, d’une superficie approximative de 11 000 m². Ce bâtiment constituera un carrefour pour plusieurs centres québécois d’excellence nordique. Il hébergera différentes équipes permanentes de recherche rassemblant ainsi une grande variété de disciplines scientifiques incluant les sciences naturelles, de la santé et du génie ainsi que les sciences sociales et humaines.
Le complexe comprendra des installations spécialisées, telles que des laboratoires, des entrepôts et des ateliers d’innovation technologique et de préparation des missions nordiques en milieux terrestres et marins.",,,,,,En planification,,Ministre de l’Énergie et des Ressources naturelles; Ministre de l’Enseignement supérieur,Université Laval,Université Laval en association avec la Société québécoise des infrastructures,Développement du territoire nordique,Économie et environnement,03 – Capitale-Nationale; 06 – Montréal; 10 – Nord-du-Québec,Complexe scientifique de l’Institut nordique du Québec,Québec,Construction
171,"Métro de Montréal, programme Réno-Systèmes (phase V) – Maintien et bonification","Le programme Réno-Systèmes vise le remplacement, la construction ou la remise à neuf d’équipements fixes directement liés à l’exploitation. Les catégories concernées sont les installations motorisées (ventilation, ascenseurs), les équipements de voie, l’équipement d’énergie d’exploitation et de contrôle des trains ainsi que les systèmes de télécommunication et de contrôle des procédés d’exploitation.",,,,,,En planification,,Ministre des Transports,Société de transport de Montréal,Société de transport de Montréal,Transport collectif,Économie et environnement,06 – Montréal,Métro de Montréal,Montréal,Maintien et bonification
172,"Métro de Montréal, programme Réno-Systèmes (phase IV) – Maintien et bonification","Le programme Réno-Systèmes vise le remplacement, la construction ou la remise à neuf d’équipements fixes directement liés à l’exploitation du métro. Les catégories concernées sont les installations motorisées (ventilation et ascenseurs), les équipements de voie, l’équipement d’énergie d’exploitation et de contrôle des trains ainsi que les systèmes de télécommunication et de contrôle des procédés d’exploitation.",570000000,394100000,175900000,2018-02-01,2024-10-31,En service,"Mars 2021
Le début de la mise en service de l’infrastructure a été effectué en février 2018.
Mars 2020
La modification de la date de la mise en service complète a été autorisée. Initialement prévue en décembre 2022, elle est reportée à octobre 2024.",Ministre des Transports,Société de transport de Montréal,Société de transport de Montréal,Transport collectif,Économie et environnement,06 – Montréal,Métro de Montréal,Montréal,Maintien et bonification
173,"Métro de Montréal, programme Réno-Infrastructures (phase III) – Maintien et bonification","Le programme Réno-Infrastructures concerne le remplacement ou la réfection d’infrastructures du métro en fin de vie utile. Ce programme vise à maintenir la fiabilité, l’état, la disponibilité et la sécurité du réseau du métro tout en réduisant le déficit de maintien d’actifs.",,,,,,En planification,,Ministre des Transports,Société de transport de Montréal,Société de transport de Montréal,Transport collectif,Économie et environnement,06 – Montréal,Métro de Montréal,Montréal,Maintien et bonification
174,"Métro de Montréal, programme Réno-Infrastructures (phase II) – Maintien et bonification","Le programme Réno-Infrastructures concerne le remplacement ou la réfection d’infrastructures du métro en fin de vie utile. Ce programme vise à maintenir la fiabilité, l’état, la disponibilité et la sécurité du réseau du métro tout en réduisant le déficit de maintien d’actifs.",300000000,211800000,88200000,2017-11-01,2023-12-01,En service,"Mars 2021
La mise en service de l’infrastructure remonte à novembre 2017.",Ministre des Transports,Société de transport de Montréal,Société de transport de Montréal,Transport collectif,Économie et environnement,06 – Montréal,Métro de Montréal,Montréal,Maintien et bonification
175,Garage Côte-Vertu de la STM – Montréal – Construction,"Le projet consiste en la construction d’un garage souterrain et d’un tunnel de raccordement à l’arrière-gare de la station Côte-Vertu, ce qui permettra l’hébergement de dix trains supplémentaires, sur le réseau du métro, et l’amélioration de l’exploitation de la ligne orange.",521100000,327300000,193800000,,2022-03-01,En réalisation,"Septembre 2020
Une hausse de 81,8 M$ au coût du projet a été autorisée. Initialement prévu à 439,3 M$, le coût est maintenant de 521,1 M$. Ainsi, la contribution du Québec passe de 260,7 M$ à 327,3 M$, et celle des partenaires, de 178,6 M$ à 193,8 M$.

De plus, la modification de la date de la mise en service a été autorisée. Initialement prévue en septembre 2020, elle est reportée à mars 2022.
Mars 2019
Une modification à la stratégie de financement a été autorisée. Ainsi, la contribution du Québec passe de 267,4 M$ à 260,7 M$, et celle des partenaires, de 171,9 M$ à 178,6 M$.",Ministre des Transports,Société de transport de Montréal,Société de transport de Montréal,Transport collectif,Économie et environnement,06 – Montréal,Métro de Montréal,Montréal,Construction
176,"Métro de Montréal, voitures de métro MR-73 – Maintien et bonification",Le projet consiste à prolonger la vie utile des voitures de métro MR-73 jusqu’à 60 ans tout en assurant la fiabilité et la disponibilité des équipements.,69000000,50200000,18800000,2013-09-01,2022-12-01,En service,"Mars 2020
La modification de la date de la mise en service complète a été autorisée. Initialement prévue en décembre 2020, elle est reportée à décembre 2022.
Mars 2019
Une modification à la stratégie de financement a été autorisée. Ainsi, la contribution du Québec passe de 48,5 M$ à 50,2 M$ et celle des partenaires de 20,5 M$ à 18,8 M$.",Ministre des Transports,Société de transport de Montréal,Société de transport de Montréal,Transport collectif,Économie et environnement,06 – Montréal,Métro de Montréal,Montréal,Maintien et bonification
177,"Hôpital de Rouyn-Noranda, radiothérapie – Agrandissement","Le projet consiste à déployer un centre intégré de cancérologie au pavillon Lemay-Juteau de l’hôpital de Rouyn-Noranda. Ce centre aura une superficie brute totale d’environ 3 400 m².
Il comprendra, entre autres, un accélérateur linéaire, deux voûtes, un tomodensitomètre ainsi que tous les services reliés au traitement du cancer.",49900000,49900000,0,2021-06-30,2022-02-28,En réalisation,"Mars 2021
La modification des dates de début et de fin de la mise en service a été autorisée. Respectivement prévues en avril 2021 et juin 2021, elles sont maintenant prévues en juin 2021 et février 2022.
Mars 2020
Le projet a été autorisé à l’étape « En réalisation ».",Ministre de la Santé et des Services sociaux,Centre intégré de santé et de services sociaux de l’Abitibi-Témiscamingue,Société québécoise des infrastructures,Santé et Services sociaux,Santé et Services sociaux,08 – Abitibi-Témiscamingue,Hôpital de Rouyn-Noranda,Rouyn-Noranda,Agrandissement
178,Échangeur de l’autoroute 20 et de la route 171 – Lévis – Réaménagement,"Le projet de réaménagement de l’échangeur 305 (route 171 – route Lagueux) de l’autoroute 20, à Lévis, consiste essentiellement en l’élargissement de la route 171 (route Lagueux) sur environ 1,5 km. Il inclut également la reconstruction de structures, le réaménagement de bretelles et l’élargissement du chemin Olivier. Le projet vise à améliorer la sécurité des usagers et la fluidité de la circulation.",49100000,49100000,0,2019-12-01,2020-09-01,En service,"Mars 2021
La mise en service de l’infrastructure a été autorisée",Ministre des Transports,Ministère des Transports,Ministère des Transports,Réseau routier,Économie et environnement,12 – Chaudière-Appalaches,Échangeur de l’autoroute 20 et de la route 171 (route Lagueux),Lévis,Réaménagement
179,Échangeur de l’autoroute 20 et de la route 173 – Lévis – Réfection et réaménagement,Le projet vise la reconfiguration de l’échangeur de l’autoroute 20 et de la route 173 afin d’augmenter sa capacité et d’éliminer les files d’attente sur l’autoroute 20. Les interventions ont comme objectif l’amélioration de la fluidité et de la sécurité dans le secteur.,,,,,,En planification,"Mars 2020
Le projet a été autorisé à l’étape « En planification ».",Ministre des Transports,Ministère des Transports,Ministère des Transports,Réseau routier,Économie et environnement,12 – Chaudière-Appalaches,Échangeur de l’autoroute 20 et de la route 173,Lévis,Réfection et réaménagement
181,Réseau structurant de transport en commun de la Ville de Québec – Construction,"Le projet de réseau structurant de transport en commun de la Ville de Québec vise à mettre en place un réseau qui favorisera une mobilité durable des citoyennes et citoyens, qui encouragera le transfert modal, qui répondra à la demande à long terme et qui pourra s’insérer dans le milieu urbain. Les grandes composantes du réseau structurant sont le tramway, le trambus et des infrastructures spécialisées.",,,,,,En planification,,Ministre des Transports,Ville de Québec,Ville de Québec,Transport collectif,Économie et environnement,03 – Capitale-Nationale,Réseau structurant de transport en commun,Québec,Construction
182,Centre d’exploitation de Saint-Hubert du RTL – Longueuil – Réfection,"Le projet vise à assurer le maintien du service, à moderniser et à optimiser le centre d’exploitation du Réseau de transport de Longueuil. La première phase du projet a pour objectif de corriger des déficiences urgentes, tandis que la deuxième phase vise à moderniser le centre d’exploitation.",,,,,,En planification,,Ministre des Transports,Réseau de transport de Longueuil,Réseau de transport de Longueuil,Transport collectif,Économie et environnement,16 – Montérégie,Centre d’exploitation du Réseau de transport de Longueuil,Longueuil,Réfection
183,Complexe Crémazie de la STM – Montréal – Reconstruction,"Le projet vise la construction d’un édifice en remplacement du complexe Crémazie existant. Ce nouveau bâtiment comprend un atelier destiné principalement aux activités d’entretien mécanique majeur, de fabrication, de réusinage de pièces et de formation.",254500000,90700000,163800000,2019-04-30,2021-12-31,En service,"Mars 2021
Une baisse de 2,1 M$ au coût du projet a été autorisée. Initialement prévu à 256,6 M$, le coût est maintenant de 254,5 M$. Ainsi, la contribution du Québec passe de 91,3 M$ à 90,7 M$, et celle des partenaires, de 165,3 M$ à 163,8 M$. La modification de la date de la mise en service complète a été autorisée. Initialement prévue en décembre 2022, elle est devancée à décembre 2021.
Mars 2020
La mise en service de l’infrastructure a été autorisée.
Mars 2019
Le projet a été autorisé à l’étape « En réalisation ».",Ministre des Transports,Société de transport de Montréal,Société de transport de Montréal,Transport collectif,Économie et environnement,06 – Montréal,Complexe Crémazie de la Société de transport de Montréal,Montréal,Reconstruction
184,Avenue Souligny entre les rues Dickson et Notre-Dame (port de Montréal) – Réfection ,"Le projet vise à raccorder l’extrémité ouest de l’avenue Souligny à un nouvel accès au port de Montréal, situé à proximité de la rue Notre-Dame, afin de faciliter le transport des marchandises en reliant plus directement le port au réseau routier supérieur (autoroute 25), pour ainsi diminuer le transit de camions sur la rue Notre-Dame. Il permettra également de désenclaver plusieurs terrains à vocation industrielle.",,,,,,En planification,,Ministre des Transports,Ministère des Transports,Ministère des Transports,Réseau routier,Économie et environnement,06 – Montréal,Boulevard de l’Assomption,Montréal,Réfection
186,"Université Concordia, pavillon des sciences appliquées du campus Loyola – Montréal – Agrandissement","Le projet d’incubateur des sciences appliquées consiste à agrandir le pavillon des sciences de l’Université Concordia pour y établir un espace qui sera réservé aux infrastructures de recherche liées à des activités ayant un fort potentiel commercial pour des partenaires industriels actuels et futurs.
Cela répond aussi à une demande émergente pour des activités de recherche à la croisée de nombreuses disciplines de pointe telles que l’étude et l’exploitation des nanomatériaux, la biologie de synthèse, la biotransformation et la chimie environnementale. 
La nouvelle construction se dressera sur quatre étages et deux niveaux de sous-sol et sera reliée au pavillon des sciences par un passage souterrain et des passerelles aux 3e et 4e étages. L’envergure des travaux est d’un peu moins de 9 000 m² bruts.
",63100000,16100000,47000000,,2020-04-30,En service,"Mars 2021
Une hausse de 0,5 M$ au coût du projet a été autorisée. Initialement prévu à 62,6 M$, le coût est maintenant de 63,1 M$. Ainsi, la contribution du Québec demeure à 16,1 M$ et celle des partenaires passe de 46,5 M$ à 47,0 M$. La mise en service complète de l’infrastructure a été autorisée. Le projet sera retiré du tableau de bord lors de la prochaine mise à jour annuelle.
Janvier 2020
La modification de la date de la mise en service a été autorisée. Initialement prévue en janvier 2020, elle est reportée à avril 2020.
Novembre 2019
Une hausse de 2,7 M$ au coût du projet a été autorisée. Prévu à 59,9 M$, le coût est maintenant de 62,6 M$. La contribution du Québec demeure à 16,1 M$, et celle des partenaires passe de 43,8 M$ à 46,5 M$.
De plus, la modification de la date de la mise en service a été autorisée, prévue en septembre 2019, elle est reportée à janvier 2020.
Juin 2019
Une hausse de 7,1 M$ au coût du projet a été autorisée. Initialement prévu à 52,8 M$, le coût est maintenant de 59,9 M$. Ainsi, la contribution du Québec demeure à 16,1 M$, et celle des partenaires passe de 36,7 M$ à 43,8 M$.
Mars 2019
La modification de la date de la mise en service a été autorisée. Initialement prévue en mai 2018, elle est reportée à septembre 2019.",Ministre de l’Enseignement supérieur,Université Concordia,Université Concordia,Enseignement supérieur,Éducation et culture,06 – Montréal,Pavillon des sciences appliquées du campus Loyola de l’Université Concordia,Montréal,Agrandissement
187,"Échangeur de l’autoroute 13 et de l’autoroute 40, diverses structures – Montréal – Réfection et reconstruction",Le projet vise à maintenir les infrastructures en bon état. Le projet consiste en la reconstruction d’un pont d’étagement et au maintien d’actifs de structures à proximité de l’échangeur.,89400000,89400000,0,,2021-12-01,En réalisation,"Mars 2021
Une hausse de 2,7 M$ au coût du projet a été autorisée. Prévu à 86,7 M$, le coût est maintenant de 89,4 M$.

Mars 2020
Une hausse de 19,4 M$ au coût du projet a été autorisée. Initialement prévu à 67,3 M$, le coût est maintenant de 86,7 M$. Ainsi, la contribution du Québec passe de 67,3 M$ à 86,7 M$.",Ministre des Transports,Ministère des Transports,Ministère des Transports,Réseau routier,Économie et environnement,06 – Montréal,Échangeur entre les autoroutes 13 et 40,Montréal,Réfection et reconstruction
189,Pont Vachon (autoroute 13) entre Laval et Boisbriand – Réfection,"Construit en 1972, le pont est en bon état, mais la dalle montre des signes de dégradation et une intervention devra être réalisée pour corriger la situation. ",,,,,,En planification,,Ministre des Transports,Ministère des Transports,Ministère des Transports,Réseau routier,Économie et environnement,13 – Laval; 15 – Laurentides,Pont Vachon,De Laval à Boisbriand,Réfection
190,"Usine Atwater, prise d’eau potable – Montréal – Reconstruction","Le projet consiste en la construction d’une canalisation en tunnel pour alimenter l’usine de production d’eau potable Atwater, afin d’éviter les risques de contamination de la source d’eau. Il s’agit de remplacer le tronçon à ciel ouvert du canal de l’aqueduc par une canalisation souterraine de grand diamètre sur environ 900 mètres de longueur.
Au terme de ces travaux, la source d’eau de l’usine Atwater sera protégée de façon permanente.",72100000,59800000,12300000,,2020-12-31,En service,"Mars 2021
La mise en service complète de l’infrastructure a été autorisée. Le projet sera retiré du tableau de bord lors de la prochaine mise à jour annuelle.
Janvier 2020
Un addenda au protocole d’entente, intervenu entre les parties, a été signé reportant la date de la mise en service initialement prévue en décembre 2019 à décembre 2020.
Novembre 2018
Un addenda au protocole d’entente, intervenu entre les parties, a été signé reportant la date de la mise en service initialement prévue en septembre 2018 à décembre 2019.",Ministre des Affaires municipales et de l’Habitation,Ville de Montréal,Ville de Montréal,Municipalités,Économie et environnement,06 – Montréal,Usine Atwater,Montréal,Reconstruction
191,"Métro de Montréal, programme Accessibilité des stations (phase I) – Bonification",Le programme vise l’amélioration de l’accessibilité des stations de métro grâce à la construction des ascenseurs.,359100000,262900000,96200000,2019-11-01,2023-12-01,En service,"Mars 2021
Une hausse de 80,1 M$ au coût du projet a été autorisée. Pévu à 279,0 M$, le coût est maintenant de 359,1 M$. Ainsi, la contribution du Québec passe de 205,0 M$ à 262,9 M$, et celle des partenaires, de 74,0 M$ à 96,2 M$.
Mars 2020
Une hausse de 69,3 M$ au coût du projet a été autorisée. Initialement prévu à 209,7 M$, le coût est maintenant de 279,0 M$. Ainsi, la contribution du Québec passe de 153,0 M$ à 205,0 et celle des partenaires de 56,7 M $ à 74,0 M$.

De plus, la modification des dates de début et de fin de la mise en service a été autorisée. Initialement prévue en juin 2019, la date du début de la mise en service est reportée à novembre 2019 et la date de mise en service complète, initialement prévue en décembre 2022, est reportée à décembre 2023.",Ministre des Transports,Société de transport de Montréal,Société de transport de Montréal,Transport collectif,Économie et environnement,06 – Montréal,Métro de Montréal,Montréal,Bonification
192,Projet structurant de transport collectif électrique entre l’ouest de Gatineau et le centre-ville d’Ottawa – Bonification,"Le projet vise à mettre en place un service de transport collectif électrique structurant dans le secteur ouest de la ville de Gatineau. Il favorisera la mobilité durable ainsi qu’un arrimage optimal des réseaux de transport collectif de la région métropolitaine Gatineau–Ottawa. Le projet permettra de répondre aux besoins présents et futurs des citoyens, tout en offrant un service fiable, performant et concurrentiel.",,,,,,À l’étude,,Ministre des Transports,Société de transport de l’Outaouais,Société de transport de l’Outaouais,Transport collectif,Économie et environnement,07 – Outaouais,Réseau structurant de transport collectif électrique,Gatineau,Bonification
193,Tunnel Dorval (autoroute 13) entre Montréal et Dorval – Réfection,"Le projet consiste notamment à l’enlèvement d’une partie des paralumes, à la modification de l’éclairage aux entrée et sortie du tunnel et au recouvrement d’une section de l’autoroute.",,,,,,En planification,,Ministre des Transports,Ministère des Transports,Ministère des Transports,Réseau routier,Économie et environnement,06 – Montréal,Tunnel Dorval,De Montréal à Dorval,Réfection
195,"Route 138, diverses sections entre Baie-Comeau et Port-Cartier – Reconstruction","La route 138 entre Baie-Comeau et Port-Cartier présente une géométrie particulière propre aux routes côtières. Afin d’améliorer la sécurité et la fluidité de la circulation, plusieurs interventions seront réalisées dans le secteur, dont l’ajout de voies auxiliaires de dépassement, la correction de courbes et la reconstruction de segments de la route.",30300000,30300000,0,,2022-03-31,En réalisation,"Mars 2020
Une baisse de 23,7 M$ au coût du projet a été autorisée. Initialement prévu à 54,0 M$, le coût est maintenant de 30,3 M$.
Mars 2019
Le projet a été autorisé à l’étape « En réalisation ».",Ministre des Transports,Ministère des Transports,Ministère des Transports,Réseau routier,Économie et environnement,09 – Côte-Nord,Route 138,De Baie-Comeau à Port-Cartier,Reconstruction
196,Route 173 et route 277 – Saint-Henri – Réaménagement,"Le projet vise à renforcer la sécurité routière en plus d’améliorer la fluidité de la circulation de cet axe routier. Le projet consiste au réaménagement de l’axe routier 173/277 sur une longueur de 8,3 km et comportera une section à 4 voies en milieu rural et une section à 2 voies incluant une voie de virage à gauche en milieu urbain.",85200000,85200000,0,,2021-11-30,En réalisation,"Mars 2020
La modification de la date de la mise en service a été autorisée. Initialement prévue en mars 2021, elle est reportée à novembre 2021.
Mars 2019
Le projet a été autorisé à l’étape « En réalisation ».",Ministre des Transports,Ministère des Transports,Ministère des Transports,Réseau routier,Économie et environnement,12 – Chaudière-Appalaches,Routes 173 et 277,Saint-Henri,Réaménagement
197,Autoroute 20 entre Mont-Saint-Hilaire et Saint-Hyacinthe – Réfection,"Une intervention de réfection majeure en béton est nécessaire sur une portion de l’autoroute 20 entre Mont-Saint-Hilaire et Saint-Hyacinthe. La chaussée, construite entre 1962 et 1964, a atteint sa durée de vie utile. Le présent projet a pour but de rétablir l’état de la chaussée pour assurer la sécurité et le confort des usagers.",,,,,,En planification,,Ministre des Transports,Ministère des Transports,Ministère des Transports,Réseau routier,Économie et environnement,16 – Montérégie,Autoroute 20,Du Mont-Saint-Hilaire à Saint-Hyacinthe,Réfection
198,Pont Maurice-Martel (autoroute 30) – Sorel-Tracy – Réfection,Le projet prévoit les travaux de reconstruction de la dalle du pont Maurice-Martel à Sorel-Tracy. Ce pont a été construit à la fin des années 60. La dalle du pont approche sa fin de vie utile. Une analyse permettra de déterminer l’ensemble des interventions à entreprendre.,,,,,,En planification,,Ministre des Transports,Ministère des Transports,Ministère des Transports,Réseau routier,Économie et environnement,16 – Montérégie,Pont Maurice-Martel,Sorel-Tracy,Réfection
199,Autoroute 55 entre Bécancour et Sainte-Eulalie – Élargissement et réaménagement,Le projet vise le doublement des voies de l’autoroute 55 entre l’échangeur des Acadiens et l’autoroute 20. Il a pour objectif d’améliorer la sécurité routière et la fluidité de ce lien qui possède un débit journalier élevé.,,,,,,En planification,"Décembre 2020
Le projet a été autorisé à l’étape « En planification ».",Ministre des Transports,Ministère des Transports,Ministère des Transports,Réseau routier,Économie et environnement,17 – Centre-du-Québec,Autoroute 55,De Bécancour à Sainte-Eulalie,Élargissement et réaménagement
200,Route 170 à Saint-Bruno et route 169 vers Alma – Construction,Le projet constitue la cinquième et dernière étape du grand projet de lien rapide entre Alma et La Baie. Le réaménagement de la route 170 à Saint-Bruno et de la route 169 vers Alma permet de compléter l’extrémité ouest de l’autoroute 70 en construction.,,,,,,En planification,"Décembre 2020
Le projet a été autorisé à l’étape « En planification ».",Ministre des Transports,Ministère des Transports,Ministère des Transports,Réseau routier,Économie et environnement,02 – Saguenay–Lac-Saint-Jean,Routes 169 et 170,De Saint-Bruno à Alma,Construction
201,"Université de Montréal, pavillons Roger-Gaudry, Marie-Victorin, J.-A.-DeSève et Lionel-Groulx – Réaménagement","Le projet consiste à réaménager les espaces qui seront laissés vacants sur le site de la montagne suite au déménagement de plusieurs départements dans le nouveau complexe des sciences sur le Campus du MIL, sur le site de l’ancienne gare de triage d’Outremont. Les pavillons Roger-Gaudry, Marie-Victorin, J.-A. DeSève et Lionel-Groulx feront ainsi l’objet de travaux afin de les rendre fonctionnels et adaptés aux besoins des départements qui y seront transférés. Les travaux permettront aussi de réduire l’utilisation d’espaces locatifs.",,,,,,En planification,"Janvier 2019
Le projet a été autorisé à l’étape « En planification ».",Ministre de l’Enseignement supérieur,Université de Montréal,Université de Montréal en association avec la Société québécoise des infrastructures,Enseignement supérieur,Éducation et culture,06 – Montréal,"Université de Montréal, pavillons Roger-Gaudry, Marie-Victorin, J.-A.-DeSève et Lionel-Groulx",Montréal,Réaménagement
202,Autoroute 30 entre Brossard et Boucherville – Élargissement,"Le projet vise à améliorer la fonctionnalité et les conditions de circulation sur l’autoroute 30 entre les autoroutes 10, à Brossard, et 20, à Boucherville. Des interventions sont requises dans cet axe pour assurer la mobilité des personnes et des marchandises en lien avec le déploiement d’importants projets comme le Réseau express métropolitain ainsi que les pôles logistiques et les zones industrialo-portuaires découlant de la Stratégie maritime.",,,,,,En planification,"Décembre 2020
Le projet a été autorisé à l’étape « En planification ».",Ministre des Transports,Ministère des Transports,Ministère des Transports,Réseau routier,Économie et environnement,16 – Montérégie,Autoroute 30 ,De Brossard à Boucherville,Élargissement
203,Place Charles-Le Moyne – Longueuil – Bonification,"Le projet vise à améliorer l’accès au secteur de la place Charles-Le Moyne, qui comprend notamment la station de métro Longueuil–Université-de-Sherbrooke, à diminuer la congestion routière et à faciliter l’accès au pont Jacques-Cartier.",,,,,,À l’étude,,Ministre des Transports,Ministère des Transports,Ministère des Transports,Réseau routier,Économie et environnement,16 – Montérégie,Place Charles-Le Moyne,Longueuil,Bonification
204,Voies réservées du Rapibus de la STO (phase III) – Gatineau – Prolongement,"Le projet consiste au prolongement du Rapibus (système rapide par bus en site propre), du boulevard Lorrain au boulevard de l’Aéroport. Le projet a pour objectif d’assurer une desserte en transport collectif fiable et performante entre le centre-ville et l’est de la ville.",,,,,,En planification,,Ministre des Transports,Société de transport de l’Outaouais,Société de transport de l’Outaouais,Transport collectif,Économie et environnement,07 – Outaouais,Rapibus ,Gatineau,Prolongement
205,"Hôtel-Dieu d’Arthabaska, urgence et bloc opératoire – Victoriaville – Agrandissement et réaménagement","Le projet vise la modernisation des secteurs critiques et ambulatoires, incluant le bloc opératoire, de l’Hôtel-Dieu d’Arthabaska afin de résoudre les problèmes de vétusté fonctionnelle et de bonifier les infrastructures.",,,,,,En planification,"Décembre 2019
Le projet a été autorisé à l’étape « En planification ».",Ministre de la Santé et des Services sociaux,Centre intégré universitaire de santé et de services sociaux de la Mauricie-et-du-Centre-du-Québec,Société québécoise des infrastructures,Santé et Services sociaux,Santé et Services sociaux,17 – Centre-du-Québec,Hôtel-Dieu d’Arthabaska,Arthabaska,Agrandissement et réaménagement
206,Palais de justice de Roberval – Réfection et agrandissement,"Le projet comprend la rénovation et l’agrandissement du bâtiment actuel ainsi que la démolition de l’ancien établissement de détention. Cela permettra de faciliter l’accessibilité pour la population aux services judiciaires. 
Le projet vise à mettre aux normes le bâtiment et à ajouter des locaux grâce à un agrandissement. 
Les principaux occupants de l’édifice sont le ministère de la Justice, le ministère de la Sécurité publique et le Directeur des poursuites criminelles et pénales.",66200000,66200000,0,2022-06-01,2023-12-31,En réalisation,"Mars 2021
La modification des dates de début et de fin de la mise en service a été autorisée.  Initialement, elles étaient respectivement prévues en novembre 2021 et en février 2023. Elles sont reportées en juin 2022 et en décembre 2023.",Ministre responsable de l’Administration gouvernementale,Ministère de la Justice,Société québécoise des infrastructures,Administration gouvernementale,Gouverne et justice,02 – Saguenay–Lac-Saint-Jean,Palais de justice de Roberval,Roberval,Réfection et agrandissement
207,Infrastructures portuaires – Traverse Sorel-Tracy–Saint-Ignace-de-Loyola – Bonification,"Les investissements prévus à ce projet majeur de modernisation permettront à la traverse Sorel-Tracy–Saint-Ignace-de-Loyola, qui connaît déjà une forte affluence, de s’inscrire davantage comme un axe de transport maritime structurant situé dans la proche banlieue métropolitaine.
Le projet vise entre autres à rénover les infrastructures portuaires existantes à Sorel-Tracy et à Saint-Ignace-de-Loyola.
Aussi, il est requis d’augmenter la capacité de la traverse afin de répondre à la demande actuelle et future.",,,,,,À l’étude,,Ministre des Transports,Société des traversiers du Québec,Société québécoise des infrastructures,"Transport maritime, aérien, ferroviaire et autres",Économie et environnement,14 – Lanaudière; 16 – Montérégie,Infrastructures portuaires,Sorel-Tracy et Saint-Ignace-de-Loyola,Bonification
208,Autoroute 50 entre L’Ange-Gardien et Mirabel – Élargissement et réaménagement,"Le projet vise à améliorer la fluidité et la sécurité de cet axe autoroutier sur l’ensemble du tronçon, entre L’Ange-Gardien et Mirabel. Ce projet de bonification comprend la séparation des chaussées, le doublement des voies, pour les sections à chaussée unique, ainsi que la construction d’une nouvelle chaussée au nord de la chaussée existante.",,,,,,En planification,"Décembre 2020
Le projet a été autorisé à l’étape « En planification ».


Septembre 2019
Le gouvernement a autorisé que le projet « Amélioration de l’autoroute 50 entre Gatineau et Mirabel » soit scindé en deux projets distincts. Ainsi, le projet renommé « Amélioration de l’autoroute 50 entre L’Ange-Gardien et Mirabel » demeure « À l’étude ».
De plus, le projet « Amélioration de l’autoroute 50 entre Gatineau et L’Ange-Gardien » est maintenant « En planification ».
",Ministre des Transports,Ministère des Transports,Ministère des Transports,Réseau routier,Économie et environnement,07 – Outaouais; 15 – Laurentides,Autoroute 50,De L’Ange-Gardien à Mirabel,Élargissement et réaménagement
209,Tunnel entre Québec et Lévis – Construction,"Le projet d’implantation d’un nouveau lien routier entre les villes de Québec et de Lévis a pour objectif d’optimiser les déplacements entre les deux rives en réduisant la congestion aux heures de pointe, en maximisant le transport des marchandises et en favorisant l’utilisation du transport collectif.",,,,,,En planification,"Mars 2019
Le projet a été autorisé à l’étape « En planification ».",Ministre des Transports,Ministère des Transports,Ministère des Transports,Réseau routier,Économie et environnement,03 – Capitale-Nationale; 12 – Chaudière-Appalaches,Tunnel,De Québec à Lévis,Construction
210,Autoroute 973 entre la sortie Lebourgneuf et la rue de la Croix-Rouge – Québec – Bonification,"Le projet vise à améliorer la circulation, sur l’autoroute 973 (Laurentienne), et à remettre en état certaines infrastructures telles que l’éclairage, le drainage et la chaussée.",,,,,,À l’étude,,Ministre des Transports,Ministère des Transports,Ministère des Transports,Réseau routier,Économie et environnement,03 – Capitale-Nationale,Autoroute 973,Québec,Bonification
211,Autoroute 70 entre Grande-Anse et La Baie – Construction,"Le projet concerne la phase II du parachèvement de l’autoroute 70 entre Chicoutimi et La Baie. Globalement, ce projet s’intègre au grand projet de lien routier entre Alma et La Baie qui vise à assurer des déplacements plus efficaces et sécuritaires. La phase II concerne un tronçon de 6,9 km entre le chemin de la Grande-Anse et La Baie.",,,,,,En planification,,Ministre des Transports,Ministère des Transports,Ministère des Transports,Réseau routier,Économie et environnement,02 – Saguenay–Lac-Saint-Jean,Autoroute 70,De Grande-Anse à La Baie,Construction
216,Pont entre Tadoussac et Baie-Sainte-Catherine – Bonification,"La route 138 et la traverse de Tadoussac–Baie-Sainte-Catherine, exploitée par la Société des traversiers du Québec (STQ), constituent le principal lien de transport routier entre la région de la Côte-Nord et le reste du Québec. La création d’un lien routier continu qui permet d’enjamber la rivière Saguenay entre Baie-Sainte-Catherine et Tadoussac fait actuellement l’objet d’études.",,,,,,À l’étude,,Ministre des Transports,Ministère des Transports,Ministère des Transports,Réseau routier,Économie et environnement,03 – Capitale-Nationale; 09 – Côte-Nord,Pont entre Tadoussac et Baie-Sainte-Catherine,De Tadoussac à Baie-Sainte-Catherine,Bonification
217,"Autoroute 15, chaussée et voies réservées – Laval et Boisbriand – Réfection et aménagement ","Le projet a pour objectif d’améliorer la mobilité dans la grande région montréalaise. Il consiste à refaire la chaussée de la portion lavalloise de l’autoroute 15 et à mettre en place des voies réservées à Laval et sur la couronne nord pour améliorer la desserte en transport collectif. Le projet sera arrimé à celui de la réfection majeure du pont Gédéon-Ouimet, également situé dans l’axe de l’autoroute 15, entre Laval et Boisbriand.",,,,,,En planification,"Décembre 2020
Le projet a été autorisé à l’étape « En planification ».",Ministre des Transports,Ministère des Transports,Ministère des Transports,Réseau routier,Économie et environnement,13 – Laval; 15 – Laurentides,Autoroute 15,De Laval à Boisbriand,Réfection et aménagement
218,Route 117 entre Labelle et Rivière-Rouge – Élargissement,"Le projet a pour objectif d’améliorer la fluidité et la sécurité de la route 117 dans les Laurentides, entre Labelle et Rivière-Rouge. Le projet vise l’élargissement à quatre voies de la route 117 actuelle. Cette route nationale relie plusieurs régions administratives québécoises et constitue un axe majeur vers le nord-ouest de la province.",,,,,,En planification,"Décembre 2020
Le projet a été autorisé à l’étape « En planification ».",Ministre des Transports,Ministère des Transports,Ministère des Transports,Réseau routier,Économie et environnement,15 – Laurentides,Route 117,De Labelle à Rivière-Rouge,Élargissement
220,"Métro de Montréal, programme Accessibilité des stations (phase II) – Bonification",Le programme vise l’amélioration de l’accessibilité des stations de métro grâce à la construction des ascenseurs.,,,,,,En planification,,Ministre des Transports,Société de transport de Montréal,Société de transport de Montréal,Transport collectif,Économie et environnement,06 – Montréal,Métro de Montréal,Montréal,Bonification
221,Mesures prioritaires pour le transport collectif sur le boulevard Guillaume-Couture – Lévis – Aménagement,"Le projet vise l’implantation de mesures prioritaires pour le transport en commun sur le boulevard Guillaume-Couture, une artère importante de Lévis. Il a pour objectif de favoriser une mobilité durable et d’améliorer la fluidité de la circulation.",,,,,,En planification,,Ministre des Transports,Société de transport de Lévis,Société de transport de Lévis,Transport collectif,Économie et environnement,12 – Chaudière-Appalaches,Boulevard Guillaume-Couture,Lévis,Aménagement
224,Centre de transport Bellechasse de la STM – Montréal – Construction,"Le projet vise à construire un centre de transport qui remplacera l’actuel centre de transport Saint-Denis, qui est en fin de vie utile. Ce nouveau bâtiment permettra à la Société de transport de Montréal de mieux répondre à ses besoins opérationnels actuels et futurs, et ce, dans l’optique d’améliorer le service offert à sa clientèle.",370300000,259400000,110900000,,2022-01-31,En réalisation,"Mars 2021
Le projet a été autorisé à l’étape « En réalisation ».
Mars 2019
Le projet a été autorisé à l’étape « En planification ».",Ministre des Transports,Société de transport de Montréal,Société de transport de Montréal,Transport collectif,Économie et environnement,06 – Montréal,Centre de transport Bellechasse de la Société de transport de Montréal,Montréal,Construction
225,Hôpital Royal Victoria – Montréal – Maintien,"Le projet consiste à analyser différents scénarios de mise en valeur et de requalification des bâtiments de l’ancien hôpital Royal Victoria, qui se trouve dans le site patrimonial du Mont-Royal. Le plan de rénovation doit notamment prévoir qu’une partie de l’espace sera utilisée pour combler les besoins de l’Université McGill, dont le campus est situé à proximité.",,,,,,À l’étude,,Ministre responsable de l’Administration gouvernementale,Société québécoise des infrastructures,Société québécoise des infrastructures,Administration gouvernementale,Gouverne et justice,06 – Montréal,Hôpital Royal Victoria,Montréal,Maintien
226,Garage de la STL (phase IV) – Laval – Construction,"Le projet consiste en la construction d’un garage conçu en fonction de l’introduction de différents types d’autobus ce qui en permettra l’entretien. La conception de la construction sera faite en fonction de l’occupation de toute la surface du terrain. Ainsi, les espaces de stationnement, de circulation, de ravitaillement, d’entreposage et d’entretien des autobus seront optimisés afin de ne pas affecter les futurs développements alors qu’à terme, le terrain sera utilisé à son plein potentiel.",,,,,,En planification,"Mars 2019
Le projet a été autorisé à l’étape « En planification ».",Ministre des Transports,Société de transport de Laval,Société de transport de Laval,Transport collectif,Économie et environnement,13 – Laval,Garage de la Société de transport de Laval,Laval,Construction
227,Réseau ferroviaire de la Gaspésie entre Matapédia et Caplan – Réfection et reconstruction,"Le projet vise principalement à reconstruire les deux structures qui surplombent la rivière Cascapédia, afin de permettre le transport ferroviaire sans limites de charge.",54500000,54500000,0,,2020-12-30,En service,"Mars 2021
La modification de la date de la mise en service complète a été autorisée. Initialement prévue en novembre 2021, elle a été devancée à décembre 2020. La mise en service de l’infrastructure a été autorisée.
Mars 2019
Le projet a été autorisé à l’étape « En réalisation ».",Ministre des Transports,Ministère des Transports,Ministère des Transports,"Transport maritime, aérien, ferroviaire et autres",Économie et environnement,11 – Gaspésie–Îles-de-la-Madeleine,Réseau ferroviaire de la Gaspésie,De Matapédia à Caplan,Réfection et reconstruction
228,Réseau ferroviaire de la Gaspésie entre Caplan et Port-Daniel–Gascons – Réfection et reconstruction,Le projet vise principalement à réhabiliter ou à reconstruire 13 infrastructures afin de permettre la reprise du transport ferroviaire des marchandises et des personnes.,98900000,96900000,2000000,,2022-11-30,En réalisation,"Décembre 2019
Le projet a été autorisé à l’étape « En réalisation ».",Ministre des Transports,Ministère des Transports,Ministère des Transports,"Transport maritime, aérien, ferroviaire et autres",Économie et environnement,11 – Gaspésie–Îles-de-la-Madeleine,Réseau ferroviaire de la Gaspésie,De Caplan à Port-Daniel–Gascons,Réfection et reconstruction
229,Réseau ferroviaire de la Gaspésie entre Port-Daniel–Gascons et Gaspé – Réfection et reconstruction,"Le projet vise principalement à réhabiliter ou à reconstruire 21 infrastructures et à réaliser des travaux sur deux sites avec des enjeux géotechniques, afin de permettre la reprise du transport ferroviaire des marchandises et des personnes.",,,,,,En planification,"Décembre 2019
Le gouvernement a autorisé le projet à l’étape « En planification ».",Ministre des Transports,Ministère des Transports,Ministère des Transports,"Transport maritime, aérien, ferroviaire et autres",Économie et environnement,11 – Gaspésie–Îles-de-la-Madeleine,Réseau ferroviaire de la Gaspésie,De Port-Daniel–Gascons à Gaspé,Réfection et reconstruction
230,Hôtel-Dieu de Québec – Maintien et bonification,"En septembre 2013, le gouvernement du Québec a autorisé l’implantation d’un nouveau complexe hospitalier (NCH) sur le site de l’hôpital de l’Enfant-Jésus (HEJ) afin de solutionner les problématiques de vétusté des installations de L’Hôtel-Dieu de Québec. À la suite des mises en service successives des composantes du projet de NCH prévues à la fin 2020 jusqu’en 2026, toutes les activités cliniques actuellement situées sur le site de I’HDQ seront transférées vers le site de l’HEJ.
Le projet vise donc à déterminer la meilleure option immobilière pour les bâtiments libérés à savoir une réutilisation ou une disposition de ceux-ci. Le maintien d’un grand nombre de travailleurs dans le secteur du Vieux-Québec afin de conserver l’activité économique et sociale de cet arrondissement demeure une priorité du ministère.",,,,,,À l’étude,,Ministre de la Santé et des Services sociaux,Centre intégré universitaire de santé et de services sociaux de la Capitale-Nationale,Société québécoise des infrastructures,Santé et Services sociaux,Santé et Services sociaux,03 – Capitale-Nationale,Hôtel-Dieu de Québec,Québec,Maintien et bonification
232,"Hôpital de Chicoutimi, bloc opératoire – Saguenay – Maintien et bonification","Le projet consiste principalement à moderniser le bloc opératoire, la chirurgie d’un jour et l’unité de retraitement des dispositifs médicaux. Ce projet permettra de confirmer le rôle majeur de l’hôpital de Chicoutimi au niveau régional et suprarégional. La nouvelle infrastructure permettra aux cliniciens de travailler dans un environnement moderne, fonctionnel, adapté aux normes du XXIe siècle. Pour les patients de la région, le projet améliorera l’accessibilité à la chirurgie, tout en offrant un meilleur confort pré et postopératoire.",,,,,,À l’étude,,Ministre de la Santé et des Services sociaux,Centre intégré universitaire de santé et de services sociaux du Saguenay–Lac-Saint-Jean,Société québécoise des infrastructures,Santé et Services sociaux,Santé et Services sociaux,02 – Saguenay–Lac-Saint-Jean,Hôpital de Chicoutimi,Chicoutimi,Maintien et bonification
233,"Hôpital du Centre-de-la-Mauricie, urgence – Shawinigan – Maintien et bonification","Le projet consiste à réaliser des travaux majeurs d’immobilisation, soit l’agrandissement et le réaménagement de l’urgence, incluant l’ajout d’une unité de soins intensifs.
Le projet vise à optimiser le fonctionnement de l’urgence, à disposer de locaux conformes favorisant la sécurité des patients et du personnel ainsi que les bonnes pratiques en matière de prévention et de contrôle des infections nosocomiales.",,,,,,À l’étude,,Ministre de la Santé et des Services sociaux,Centre intégré universitaire de santé et de services sociaux de la Mauricie-et-du-Centre-du-Québec,Société québécoise des infrastructures,Santé et Services sociaux,Santé et Services sociaux,04 – Mauricie,Hôpital du Centre-de-la-Mauricie,Shawinigan,Maintien et bonification
234,"Hôpital Maisonneuve-Rosemont – Montréal – Construction, agrandissement et réaménagement","Le projet vise principalement la modernisation des installations de l’hôpital Maisonneuve-Rosemont, qui présente, dans plusieurs de ses bâtiments, des problèmes importants de vétusté fonctionnelle et physique.

Il vise aussi à augmenter la capacité d’accueil en fonction des besoins cliniques reconnus par le ministère de la Santé et des Services sociaux.",,,,,,En planification,"Août 2021
Le projet a été autorisé à l’étape « En planification ».",Ministre de la Santé et des Services sociaux,Centre intégré universitaire de santé et de services sociaux de l’Est-de-l’Île-de-Montréal,Société québécoise des infrastructures,Santé et Services sociaux,Santé et Services sociaux,06 – Montréal,Hôpital Maisonneuve-Rosemont,Montréal,"Construction, agrandissement et réaménagement"
235,"Hôpital général du Lakeshore, urgence – Pointe-Claire – Maintien et bonification",Le projet vise la construction d’une nouvelle urgence sur le site actuel de l’hôpital du Lakeshore afin d’y déplacer les services d’urgence actuellement aménagés dans un bâtiment temporaire.,,,,,,À l’étude,,Ministre de la Santé et des Services sociaux,Centre intégré universitaire de santé et de services sociaux de l’Ouest-de-l’Île-de-Montréal,Société québécoise des infrastructures,Santé et Services sociaux,Santé et Services sociaux,06 – Montréal,Hôpital général du Lakeshore,Pointe-Claire,Maintien et bonification
236,Hôpital général juif (phase IV) – Montréal – Réaménagement,"Le projet vise le réaménagement des locaux existants de l’hôpital général juif, particulièrement ceux qui ont été laissés vacants dans les pavillons B, C, E et G à la suite du déménagement des activités dans le nouveau pavillon K. Il consiste en un maintien des infrastructures et ne prévoit aucun ajout.",,,,,,En planification,"Août 2020
Le projet a été autorisé à l’étape « En planification ».
Juillet 2018
Le Centre intégré universitaire de santé et de services sociaux du Centre-Ouest-de-l’Île-de-Montréal a été autorisé à demeurer gestionnaire de son projet, et ce, en association avec la Société québécoise des infrastructures.
",Ministre de la Santé et des Services sociaux,Centre intégré universitaire de santé et de services sociaux du Centre-Ouest-de-l’Île-de-Montréal,Centre intégré universitaire de santé et de services sociaux du Centre-Ouest-de-l’Île-de-Montréal en association avec la Société québécoise des infrastructures,Santé et Services sociaux,Santé et Services sociaux,06 – Montréal,Hôpital général juif,Montréal,Réaménagement
237,"Centre hospitalier de St. Mary, unités de soins – Montréal – Maintien et bonification","Le projet du centre hospitalier de St. Mary a pour objectif d’augmenter la proportion de chambres individuelles. En effet, les unités de soins sont actuellement dotées de chambres à occupation double, triple, voire quadruple.
Le projet consiste à agrandir l’espace pour permettre de loger deux unités de soins de médecine et de chirurgie.",,,,,,À l’étude,,Ministre de la Santé et des Services sociaux,Centre hospitalier de St. Mary,Société québécoise des infrastructures,Santé et Services sociaux,Santé et Services sociaux,06 – Montréal,Centre hospitalier de St. Mary,Montréal,Maintien et bonification
238,Hôpital de la Cité-de-la-Santé – Laval – Maintien et bonification,"Le projet a pour objectif de moderniser plusieurs secteurs de l’hôpital de la Cité-de-la-santé de Laval, tels que les soins critiques, l’hospitalisation, la santé mentale, les services ambulatoires, les cliniques externes, la médecine de jour, l’unité mère-enfant ainsi que l’unité de pédiatrie.",,,,,,À l’étude,,Ministre de la Santé et des Services sociaux,Centre intégré de santé et de services sociaux de Laval,Société québécoise des infrastructures,Santé et Services sociaux,Santé et Services sociaux,13 – Laval,Hôpital de la Cité-de-la-santé,Laval,Maintien et bonification
239,"Hôpital Charles-Le Moyne, bloc opératoire et chirurgie d’un jour – Longueuil – Agrandissement et réaménagement","Le projet consiste en un agrandissement qui permettra d’accueillir une nouvelle unité de bloc opératoire de seize salles d’opération (huit salles de chirurgie générale, six salles de chirurgie spécialité, une salle hybride pour les chirurgies vasculaires et une salle pour les urgences) et un bloc opératoire de deux salles de chirurgie mineure. L’aménagement d’une nouvelle unité de retraitement des dispositifs médicaux et d’une nouvelle unité de soins intensifs est aussi prévu. 

De plus, une unité d’intervention brève en santé mentale ainsi qu’une unité d’hospitalisation brève sont intégrées au projet. Celui-ci inclut aussi l’acquisition et l’aménagement d’un tomographe à émission de positrons, l’ajout d’un nouvel appareil d’IRM et la relocalisation de la médecine nucléaire. Un laboratoire associé sera également implanté dans cet hôpital.

Le projet vise à résoudre des problèmes liés à l’exiguïté des locaux actuels et à leur vétusté importante.",,,,,,En planification,"Décembre 2020
Le projet a été autorisé à l’étape « En planification ».",Ministre de la Santé et des Services sociaux,Centre intégré de santé et de services sociaux de la Montérégie-Centre,Société québécoise des infrastructures,Santé et Services sociaux,Santé et Services sociaux,16 – Montérégie,Hôpital Charles-Le Moyne,Longueuil,Agrandissement et réaménagement
240,"Hôpital Pierre-Boucher, urgence et unités de soins – Longueuil – Maintien et bonification","Ces travaux doteront l’hôpital d’une nouvelle urgence. Les soins en santé mentale seront réorganisés et bonifiés. On y trouvera, dans le même secteur, les consultations externes en psychiatrie, les lits d’intervention brève en psychiatrie et les lits en santé mentale. Par ailleurs, l’unité d’hospitalisation brève sera aménagée dans les locaux neufs. Les secteurs de pédiatrie et de périnatalité font également partie du projet.
L’ajout de lits d’hospitalisation est aussi nécessaire, compte tenu, entre autres, de l’accroissement constant de la population desservie par l’hôpital Pierre-Boucher.",,,,,,À l’étude,,Ministre de la Santé et des Services sociaux,Centre intégré de santé et de services sociaux de la Montérégie-Est,Société québécoise des infrastructures,Santé et Services sociaux,Santé et Services sociaux,16 – Montérégie,Hôpital Pierre-Boucher,Longueuil,Maintien et bonification
241,"Aquarium du Québec, pavillon des prédateurs – Québec – Bonification","Le projet vise à positionner l’Aquarium du Québec au rang de grands aquariums internationaux et de devenir un produit d’appel fort pour la grande région de Québec, la Sépaq construira un pavillon consacré à des espèces marines reconnues pour leur stratégie de prédation singulière. Ce pavillon deviendra la neuvième exposition permanente de l’Aquarium et proposera aux visiteurs une douzaine de tableaux consacrés, entre autres, aux grands requins, piranhas, barracudas et alligators.
La construction de ce nouveau pavillon vise à soutenir et faire croître l’achalandage de l’établissement et s’inscrit dans la stratégie de mise en valeur du Saint-Laurent touristique du gouvernement du Québec. Elle permettra également, en appui au plan de développement de l’industrie touristique, de consolider la porte d’entrée de Québec.
",,,,,,À l’étude,,"Ministre des Forêts, de la Faune et des Parcs",Société des établissements de plein air du Québec,Société québécoise des infrastructures,Tourisme et activités récréatives,Économie et environnement,03 – Capitale-Nationale,Pavillon des prédateurs à l’Aquarium du Québec,Québec,Bonification
246,Édifice pour la délégation générale du Québec à Paris – Réfection et réaménagement,"Le projet consiste en la rénovation et au réaménagement de l’immeuble actuel de la délégation générale du Québec à Paris, situé au 66, rue Pergolèse, à Paris.
Les travaux de rénovation et de mise aux normes du bâtiment, dans le respect du patrimoine architectural français, visent à pourvoir la Délégation générale de toutes les commodités requises pour la tenue d’activités de mise en valeur de l’image d’un Québec innovant, créatif et prospectif.",,,,,,En planification,"Mars 2021
Le projet a été autorisé à l’étape « En planification ».",Ministre des Relations internationales et de la Francophonie,Ministère des Relations internationales et de la Francophonie,Ministère des Relations internationales et de la Francophonie,Administration gouvernementale,Gouverne et justice,18 – Hors Québec,Édifice pour la Délégation générale du Québec,Paris,Réfection et réaménagement
247,"Hôtel-Dieu de Lévis, blocs endoscopique et opératoire et services logistiques – Agrandissement et réaménagement","Le projet vise à répondre aux problèmes de manque d’espace et de vétusté du bloc opératoire, de l’unité d’endoscopie et de l’unité de retraitement des dispositifs médicaux de l’Hôtel-Dieu de Lévis. L’agrandissement prévu consiste en :  – 	un nouveau pavillon clinique de quatre étages qui accueillera le bloc opératoire, l’unité d’endoscopie et l’unité de retraitement des dispositifs médicaux; – 	un nouveau pôle logistique pour les services de réapprovisionnement, de réception décentralisée des échantillons, de gestion des déchets, de buanderie et de lingerie ainsi que pour la morgue.",,,,,,En planification,"Juin 2021
Le projet a été autorisé à l’étape « En planification »",Ministre de la Santé et des Services sociaux,Centre intégré de santé et de services sociaux de Chaudière-Appalaches,Société québécoise des infrastructures,Santé et Services sociaux,Santé et Services sociaux,12 – Chaudière-Appalaches,Hôtel-Dieu de Lévis,Lévis,Agrandissement et réaménagement
248,"École de technologie supérieure, complexe Dow – Montréal – Bonification","Le projet vise à répondre à l’accroissement de la clientèle qui fréquente l’École de technologie supérieure et à résorber son déficit d’espace à long terme reconnu par le Ministère. La réhabilitation du complexe Dow, dont l’École de technologie supérieure est propriétaire, contribuera à cet objectif.",,,,,,À l’étude,"Juin 2018
Le projet a été autorisé à l’étape « À l’étude ».",Ministre de l’Enseignement supérieur,École de technologie supérieure,Société québécoise des infrastructures,Enseignement supérieur,Éducation et culture,06 – Montréal,Complexe Dow de l’École de technologie supérieure,Montréal,Bonification
249,"Hôpital général de Montréal, bloc opératoire et urgence – Maintien et bonification","Suite à la construction du Centre universitaire de santé McGill, ses activités ont été regroupées sur deux sites : le campus hospitalier Glen et l’hôpital général de Montréal. Ainsi, la consolidation des activités de l’hôpital général nécessite des rénovations importantes de ce dernier afin de le rendre conforme aux normes actuelles. Le projet vise prioritairement à moderniser le bloc opératoire, l’unité de retraitement des dispositifs médicaux et l’urgence. Le projet devrait aussi permettre l’amélioration des services ambulatoires, des services généraux ainsi que des unités de soins qui sont dotés d’une grande proportion de chambres à occupation multiple.",,,,,,À l’étude,"Juillet 2018
Le projet a été autorisé à l’étape « À l’étude ».",Ministre de la Santé et des Services sociaux,Centre universitaire de santé McGill,Société québécoise des infrastructures,Santé et Services sociaux,Santé et Services sociaux,06 – Montréal,Hôpital général de Montréal,Montréal,Maintien et bonification
250,"Hôpital régional de Saint-Jérôme, plateau technique chirurgical – Construction, agrandissement et réaménagement","Le projet vise la modernisation du plateau technique chirurgical de l’hôpital régional de Saint-Jérôme, à savoir notamment le bloc opératoire, les soins intensifs et l’unité de retraitement des dispositifs médicaux afin de garantir le maintien de la qualité et de la sécurité des services. La solution immobilière sera érigée sur le site actuel de l’hôpital.",,,,,,En planification,"Juillet 2021
Le projet a été autorisé à l’étape « En planification »
Juillet 2018
Le projet a été autorisé à l’étape « À l’étude ».",Ministre de la Santé et des Services sociaux,Centre intégré de santé et de services sociaux des Laurentides,Société québécoise des infrastructures,Santé et Services sociaux,Santé et Services sociaux,15 – Laurentides,Hôpital régional de Saint-Jérôme,Saint-Jérôme,"Construction, agrandissement et réaménagement"
251,"Hôpital du Sacré-Cœur de Montréal, bloc opératoire et unités de soins (phase III) – Maintien et bonification","Le projet consiste en la troisième phase du plan directeur immobilier. Il vise la mise aux normes, tant fonctionnelle que technique, du corps principal de l’hôpital du Sacré-Cœur de Montréal, afin de répondre aux exigences en vigueur pour le bâtiment ainsi qu’en matière de prestation de soins et de services de santé. Il s’agit de corriger des problèmes du bloc opératoire, de la chirurgie d’un jour, des unités de soins de santé cardiovasculaire et de l’unité de retraitement des dispositifs médicaux.",,,,,,À l’étude,"Juillet 2018
Le projet a été autorisé à l’étape « À l’étude ».",Ministre de la Santé et des Services sociaux,Centre intégré universitaire de santé et de services sociaux du Nord-de-l’Île-de-Montréal,Société québécoise des infrastructures,Santé et Services sociaux,Santé et Services sociaux,06 – Montréal,Hôpital du Sacré-Cœur de Montréal,Montréal,Maintien et bonification
253,École secondaire Louis-Philippe-Paré du centre de services scolaire des Grandes-Seigneuries – Châteauguay – Construction,"Le complexe Louis-Philippe-Paré regroupe actuellement l’école secondaire Louis-Philippe-Paré et le centre de formation professionnelle de Châteauguay.
La construction de l’école secondaire Louis-Philippe-Paré vise à remplacer l’école actuelle qui sera démolie en raison de problèmes de vétusté. Le nouveau bâtiment de 2 512 places-élèves, incluant 750 nouvelles places-élèves, répondra au manque d’espace observé.
Pour sa part, l’école de formation professionnelle de Châteauguay sera sous peu, elle aussi, déménagée dans un nouveau bâtiment à construire (voir projet 495).",343600000,337100000,6500000,,2024-09-30,En réalisation,"Mars 2021
Le projet a été autorisé à l’étape « En réalisation ».
Juillet 2020
Le projet « Complexe Louis-Philippe-Paré du centre de services scolaire des Grandes-Seigneuries – Châteauguay – Agrandissement et réaménagement » a été scindé en deux projets distincts. Les nouveaux projets 253 : « École secondaire Louis-Philippe-Paré du centre de services scolaire des Grandes-Seigneuries – Châteauguay – Construction » et 495 : « École de formation professionnelle de Châteauguay du centre de services scolaire des Grandes-Seigneuries – Construction » sont autorisés à l’étape « En planification ».
Décembre 2019
Le projet a été autorisé à l’étape « En planification ».
Août 2018
Le projet a été autorisé à l’étape « À l’étude ».",Ministre de l’Éducation,Centre de services scolaire des Grandes-Seigneuries,Société québécoise des infrastructures,Éducation,Éducation et culture,16 – Montérégie,École secondaire Louis-Philippe-Paré,Châteauguay,Construction
254,École primaire du centre de services scolaire de Montréal (site du Grand-Séminaire) – Construction,"Le projet consiste en la construction d’une école primaire, à Montréal, sur le site du Grand-Séminaire, dans l’arrondissement Ville-Marie, soit sur le territoire du centre de services scolaire de Montréal. Quatre classes de maternelle 4 ans, quatre d’éducation préscolaire et vingt-et-une d’enseignement primaire sont prévues au projet afin de réduire le déficit d’espace reconnu par le Ministère.",,,,,,En planification,"Novembre 2021
Le centre de services scolaire de Montréal a été autorisé à demeurer gestionnaire du projet, et ce, en association avec la Société québécoise des infrastructures.
Août 2018
Le projet a été autorisé à l’étape « En planification ».",Ministre de l’Éducation,Centre de services scolaire de Montréal,Centre de services scolaire de Montréal en association avec la Société québécoise des infrastructures,Éducation,Éducation et culture,06 – Montréal,École primaire,Montréal,Construction
255,Collège Dawson – Montréal – Bonification,"Le projet vise à résorber le déficit d’espace reconnu par le Ministère et à cesser l’utilisation d’espaces en location à l’extérieur du campus. Plus spécifiquement, les programmes d’études techniques liés au domaine de la santé et des services sociaux et une clinique-école seront regroupés en un seul lieu et deux nouveaux programmes seront ajoutés.",,,,,,À l’étude,"Août 2018
Le projet a été autorisé à l’étape « À l’étude ».",Ministre de l’Enseignement supérieur,Collège Dawson,Société québécoise des infrastructures,Enseignement supérieur,Éducation et culture,06 – Montréal,Collège Dawson,Montréal,Bonification
256,Polytechnique Montréal – Maintien et bonification,"Le projet consiste à acquérir la partie de l’Université de Montréal du pavillon J.-Armand-Bombardier et à réaménager ces locaux pour les équipes de Polytechnique, à agrandir le pavillon J.-Armand-Bombardier et à rénover des secteurs très vétustes du pavillon principal de Polytechnique.",,,,,,À l’étude,"Août 2018
Le projet a été autorisé à l’étape « À l’étude ».",Ministre de l’Enseignement supérieur,Polytechnique Montréal,Polytechnique Montréal en association avec la Société québécoise des infrastructures,Enseignement supérieur,Éducation et culture,06 – Montréal,Polytechnique Montréal,Montréal,Maintien et bonification
257,"Université du Québec en Outaouais, campus de Gatineau – Bonification","Le projet vise à réunifier les activités d’enseignement et de recherche afin de renforcer le volet recherche de l’Université, à bonifier l’offre de formation, à accroître la capacité d’accueil pour de nouveaux étudiants et étudiantes et à diminuer les coûts d’exploitation et de fonctionnement des installations.",,,,,,À l’étude,"Août 2018
Le projet a été autorisé à l’étape « À l’étude ».",Ministre de l’Enseignement supérieur,Université du Québec en Outaouais,Société québécoise des infrastructures,Enseignement supérieur,Éducation et culture,07 – Outaouais,Université du Québec en Outaouais,Gatineau,Bonification
258,"Métro de Montréal, voitures de métro AZUR additionnelles – Acquisition",Le projet vise l’acquisition de 153 voitures AZUR ainsi que des pièces de rechange et de l’outillage spécialisé additionnel.,580700000,300900000,279800000,2020-06-01,2021-10-01,En service,"Mars 2021
La modification de la date de début de la mise en service a été autorisée. Initialement prévue en mai 2020, elle a été reportée à juin 2020.
Novembre 2018
L’acquisition de 153 voitures AZUR additionnelles pour le métro de Montréal a été autorisée.",Ministre des Transports,Société de transport de Montréal,Société de transport de Montréal,Transport collectif,Économie et environnement,06 – Montréal,Métro de Montréal,Montréal,Acquisition
259,Édifice Gérard-D.-Levesque – Québec – Réfection,"Le projet vise à réaliser des travaux de restauration, de mise aux normes et de réaménagement pour optimiser l’occupation de l’espace de l’immeuble.",,,,,,En planification,"Janvier 2021
Le projet a été autorisé à l’étape « En planification ».
Décembre 2018
Le projet a été autorisé à l’étape « À l’étude ».",Ministre responsable de l’Administration gouvernementale,Société québécoise des infrastructures,Société québécoise des infrastructures,Administration gouvernementale,Gouverne et justice,03 – Capitale-Nationale,Édifice Gérard-D.-Levesque,Québec,Réfection
260,Centre de formation professionnelle 24-Juin du centre de services scolaire de la Région-de-Sherbrooke – Bonification,Le projet consiste principalement en l’agrandissement et au réaménagement du bâtiment principal du Centre de formation professionnelle 24-Juin. Les travaux permettront d’avoir la capacité d’accueillir les étudiants de tous les programmes d’études offerts.,,,,,,À l’étude,"Janvier 2019
Le projet a été autorisé à l’étape « À l’étude ».",Ministre de l’Éducation,Centre de services scolaire de la Région-de-Sherbrooke,Société québécoise des infrastructures,Éducation,Éducation et culture,05 – Estrie,Centre de formation professionnelle 24-Juin,Sherbrooke,Bonification
261,École FACE du centre de services scolaire de Montréal – Réfection et réaménagement,"Le projet consiste à effectuer des travaux de réhabilitation majeure et de mise en conformité sur le bâtiment, nécessitant la relocalisation temporaire des élèves.
Ces travaux permettront d’assurer la sécurité des installations.",,,,,,En planification,"Janvier 2019
Le projet a été autorisé à l’étape « En planification ».",Ministre de l’Éducation,Centre de services scolaire de Montréal,Société québécoise des infrastructures,Éducation,Éducation et culture,06 – Montréal,École FACE,Montréal,Réfection et réaménagement
262,École secondaire de la Magdeleine du centre de services scolaire des Grandes-Seigneuries – La Prairie – Agrandissement et réaménagement,"Le projet consiste en l’agrandissement et au réaménagement de l’école afin que celle-ci puisse accueillir l’effectif scolaire croissant. De plus, des travaux sont nécessaires dans plusieurs locaux pour améliorer la fonctionnalité de l’école ainsi que pour en réduire la vétusté.",,,,,,En planification,"Décembre 2019
Le projet a été autorisé à l’étape « En planification ».
Janvier 2019
Le projet a été autorisé à l’étape « À l’étude ».",Ministre de l’Éducation,Centre de services scolaire des Grandes-Seigneuries,Société québécoise des infrastructures,Éducation,Éducation et culture,16 – Montérégie,École secondaire de la Magdeleine,La Prairie,Agrandissement et réaménagement
263,École primaire et secondaire du centre de services scolaire Marguerite-Bourgeoys – Montréal (arrondissement de Verdun) – Construction,"Le projet consiste en la construction d’une école primaire-secondaire à L’Île-des-Sœurs. Cette construction permettra à plusieurs élèves de l’île de fréquenter une école dans leur quartier, puisqu’il n’y en a aucune, actuellement.",,,,,,En planification,"Janvier 2019
Le projet a été autorisé à l’étape « En planification ».",Ministre de l’Éducation,Centre de services scolaire Marguerite-Bourgeoys,Société québécoise des infrastructures,Éducation,Éducation et culture,06 – Montréal,École primaire et secondaire du centre de services scolaire Marguerite-Bourgeoys,Montréal (arrondissement de Verdun),Construction
264,"Hôpital de Saint-Eustache, urgence et unités de soins – Maintien et bonification","Le projet vise la modernisation de l’urgence, ce qui inclut l’ajout de civières, la conversion de chambres multiples en chambres individuelles et l’ajout de lits d’hospitalisation.",,,,,,À l’étude,"Janvier 2019
Le projet a été autorisé à l’étape « À l’étude ».",Ministre de la Santé et des Services sociaux,Centre intégré de santé et de services sociaux de Lanaudière,Société québécoise des infrastructures,Santé et Services sociaux,Santé et Services sociaux,15 – Laurentides,Hôpital de Saint-Eustache,Saint-Eustache,Maintien et bonification
265,Centre de santé régional Eeyou-Eenou – Chisasibi – Construction,"Le projet consiste en une construction neuve sur le site de l’actuelle école James Bay Eeyou qui sera démolie. Ce nouvel hôpital répondant aux plus récentes normes en vigueur, permettra d’offrir à la population les services requis dans un environnement adéquat et sécuritaire, favorisant une architecture en harmonie avec les valeurs cries. Les nouveaux espaces permettront de développer les services reconnus par le Conseil cri de la santé et des services sociaux de la Baie James.",,,,,,En planification,"Juin 2021
Le projet a été autorisé à l’étape « En planification ».
Janvier 2019
Le projet a été autorisé à l’étape « À l’étude ».",Ministre de la Santé et des Services sociaux,Conseil cri de la santé et des services sociaux de la Baie James ,Conseil cri de la santé et des services sociaux de la Baie James en association avec la Société québécoise des infrastructures,Santé et Services sociaux,Santé et Services sociaux,10 – Nord-du-Québec,Centre hospitalier régional Eeyou-Eenou,Chisasibi,Bonification
266,Route 138 – Traverse Tadoussac-Baie-Sainte-Catherine – Réaménagement,Le projet prévoit un réaménagement des voies de circulation pour un nouveau traversier reliant Tadoussac et Baie-Sainte-Catherine.,,,,,,En planification,"Mars 2019
Le projet a été autorisé à l’étape « En planification ».",Ministre des Transports,Ministère des Transports,Ministère des Transports,Réseau routier,Économie et environnement,09 – Côte-Nord,Route 138,Tadoussac et  Baie-Sainte-Catherine,Réaménagement
268,"Autoroute 40 (Félix-Leclerc), direction est, entre Kirkland et Baie-d’Urfé – Reconstruction","Le projet vise à maintenir le niveau de service des infrastructures routières de l’autoroute 40 en direction est, du boulevard des Anciens-Combattants au boulevard Saint-Charles, à Senneville, Sainte-Anne-de-Bellevue, Baie-d’Urfé et Kirkland. Les dalles de béton existantes ont atteint leur durée de vie utile. Le projet consiste à les reconstruire et à assurer une qualité de roulement aux usagers de la route.",,,,,,En planification,"Mars 2019
Le projet a été autorisé à l’étape « En planification ».",Ministre des Transports,Ministère des Transports,Ministère des Transports,Réseau routier,Économie et environnement,06 – Montréal,Autoroute 40,De Kirkland à Baie-d’Urfé,Reconstruction
269,Pont de l’Île-d’Orléans entre Québec et l’Île-d’Orléans – Maintien,Le projet vise à effectuer divers travaux de réparations importantes afin de maintenir la circulation sur le pont d’ici la mise en service du nouveau pont vers l’Île-d’Orléans (voir projet 96).,58500000,58500000,0,,,En réalisation,"Mars 2019
Le projet a été autorisé à l’étape « En réalisation ».",Ministre des Transports,Ministère des Transports,Ministère des Transports,Réseau routier,Économie et environnement,03 – Capitale-Nationale,Pont de l’Île-d’Orléans,De Québec à l’île-d’Orléans,Maintien
271,Pont d’étagement du chemin des Quatre-Bourgeois au-dessus de l’autoroute 73 – Québec – Reconstruction,"Le projet consiste en la reconstruction complète des structures situées sur le chemin des Quatre-Bourgeois, puisqu’elles ont atteint leur durée de vie utile. Cela permettra de mettre aux normes le dégagement de ces structures, ce qui autorisera le transport hors norme sur l’autoroute Henri-IV, et d’y inclure l’aménagement nécessaire au réseau structurant du transport en commun prévu par la Ville de Québec.",84500000,77700000,6800000,2021-12-31,2023-09-30,En réalisation,"Mars 2021
Le projet a été autorisé à l’étape « En réalisation ».


Mars 2019
Le projet a été autorisé à l’étape « En planification ».",Ministre des Transports,Ministère des Transports,Ministère des Transports,Réseau routier,Économie et environnement,03 – Capitale-Nationale, Pont d’étagement du chemin des Quatre-Bourgeois,Québec,Reconstruction
273,Route d’Obedjiwan entre La Tuque et Lac-Ashuapmushuan – Réaménagement,"Le projet vise à améliorer la qualité et la sécurité de la route d’accès à la communauté autochtone d’Obedjiwan, qui débute sur la route 167. Il est issu d’un plan d’intervention qui vise à corriger la géométrie de cinq secteurs déficients et à élargir à deux voies les huit ponts existants afin de permettre la circulation dans les deux sens sur toute la route. Au terme du projet, dix ponts seront construits, dont quatre seront situés à l’intérieur de deux nouveaux tracés.",77200000,77200000,0,2016-04-30,2024-12-31,En service,"Mars 2020
La modification de la date de la mise en service complète a été autorisée. Initialement prévue en décembre 2022, elle est reportée à décembre 2024.
Mars 2019
Le projet a été autorisé à l’étape « En réalisation ».",Ministre des Transports,Ministère des Transports,Ministère des Transports,Réseau routier,Économie et environnement,02 – Saguenay–Lac-Saint-Jean; 04 – Mauricie,Route Obedjiwan,De La Tuque au Lac-Ashuapmushuan,Réaménagement
274,Autoroute 13 entre Saint-Eustache et Mirabel – Bonification,Le projet vise la mise en œuvre d’une solution de transport dans le secteur situé dans le prolongement de l’autoroute 13 afin d’améliorer les déplacements au nord de l’autoroute 640.,,,,,,À l’étude,"Mars 2019
Le projet a été autorisé à l’étape « À l’étude ».",Ministre des Transports,Ministère des Transports,Ministère des Transports,Réseau routier,Économie et environnement,15 – Laurentides,Autoroute 13,De Saint-Eustache à Mirabel,Bonification
276,"Voies réservées sur les autoroutes 13, 20, 25, 440, 640 et la route 116 – Région métropolitaine de Montréal – Bonification","Le projet vise à implanter un réseau métropolitain de voies réservées accueillant des autobus, du covoiturage et des véhicules collectifs à guidage autonome et ainsi faciliter l’accès aux modes lourds et l’optimisation de la desserte en transport collectif des pôles d’activités en périphérie.",,,,,,À l’étude,"Mars 2019
Le projet a été autorisé à l’étape « À l’étude ».",Ministre des Transports,Ministère des Transports,Ministère des Transports,Réseau routier,Économie et environnement,05 – Estrie; 13 – Laval; 15 – Laurentides; 16 – Montérégie,"Voies réservées sur les autoroutes 13, 20, 25, 440, 640 et la route 116",Région de Montréal,Bonification
277,Route 132 entre Delson et Sainte-Catherine – Saint-Constant – Bonification,"Le projet consiste au réaménagement d’un tronçon de la route 132 et vise notamment à améliorer l’offre de transport collectif et actif, afin d’appuyer le redéveloppement urbain en bordure du corridor routier.",,,,,,À l’étude,"Mars 2019
Le projet a été autorisé à l’étape « À l’étude ».",Ministre des Transports,Ministère des Transports,Ministère des Transports,Réseau routier,Économie et environnement,16 – Montérégie,Route 132,De Delson à Sainte-Catherine,Bonification
278,Projets structurants de transport collectif électrique dans les axes du boulevard Taschereau et du prolongement de la ligne jaune du réseau de métro – Bonification,"Le projet vise l’implantation d’un mode structurant de transport collectif dans l’axe du boulevard Taschereau et dans l’axe du prolongement de la ligne jaune permettant de répondre aux besoins de mobilité de l’agglomération de la ville de Longueuil et de la couronne sud, dans l’optique d’offrir une alternative concurrentielle à l’utilisation de l’automobile.",,,,,,À l’étude,"Mars 2019
Le projet a été autorisé à l’étape « À l’étude ».",Ministre des Transports,Réseau de transport de Longueuil,Réseau de transport de Longueuil,Transport collectif,Économie et environnement,16 – Montérégie,Transport collectif électrique,Longueuil,Bonification
279,Projet structurant de transport collectif électrique pour relier le Sud-Ouest de Montréal au centre-ville – Bonification,Le projet vise l’implantation d’un mode structurant de transport collectif qui desservira le sud-ouest jusqu’au centre-ville de Montréal.,,,,,,À l’étude,"Mars 2021
Une modification à la portée du projet a été autorisée.  En effet, les tronçons pour relier l’Est et le Nord-Est de Montréal au centre-ville, initialement inclus au présent projet, sont retirés puisque le gouvernement en confiera la gestion à CDPQ Infra.  Ainsi, seul le tronçon reliant le sud-ouest au centre-ville fait dorénavant partie du présent projet.
Mars 2020
Le projet de transport collectif structurant dans l’est de Montréal qui incluait la branche Nord-Est et qui était déjà à l’étude a été fusionné avec celui nouvellement mis l’étude, soit l’ajout de la branche reliant le Sud-Ouest au centre-ville de Montréal.
Mars 2019
Le projet a été autorisé à l’étape « À l’étude ».",Ministre des Transports,Autorité régionale de transport métropolitain ,Autorité régionale de transport métropolitain,Transport collectif,Économie et environnement,06 – Montréal,Réseau structurant de transport collectif électrique,Montréal,Bonification
281,Centre d’attachement Viau de la STM – Montréal – Agrandissement,Le projet vise à améliorer la capacité du centre d’attachement et le parc de convois de véhicules de travaux de la Société de transport de Montréal afin de faire face à l’augmentation des projets réalisés dans le cadre des programmes Réno-Infrastructures et Réno-Systèmes.,71300000,23900000,47400000,,2021-08-01,En réalisation,"Mars 2021
Le projet a été autorisé à l’étape « En réalisation ».
Avril 2019
Le projet a été autorisé à l’étape « En planification ».",Ministre des Transports,Société de transport de Montréal,Société de transport de Montréal,Transport collectif,Économie et environnement,06 – Montréal,Centre d’attachement Viau de la Société de transport de Montréal,Montréal,Agrandissement
282,Centre de transport Anjou de la STM – Montréal – Agrandissement,"Le projet vise l’agrandissement du centre de transport Anjou de la Société de transport de Montréal, afin qu’il soit en mesure de gérer des autobus supplémentaires. Cet agrandissement sera également conçu avec l’intégration des requis nécessaires à la recharge des autobus électriques, en prévision de la mise en œuvre de l’électrification du réseau d’autobus.",79000000,58200000,20800000,2020-03-31,2021-12-31,En service,"Mars 2021
La mise en service de l’infrastructure a été autorisée.
Mars 2020
Le projet « Agrandissement de trois des centres de transport pour les autobus de la Société de transport de Montréal (Anjou, Legendre et Saint-Laurent) » soit scindé en trois projets distincts.
Les projets « Centre de transport Legendre de la STM – Montréal – Agrandissement » et « Centre de transport Saint-Laurent de la STM – Montréal – Agrandissement » sont également diffusés à l’étape « En planification ».
Mars 2019
Le projet a été autorisé à l’étape « En planification ».",Ministre des Transports,Société de transport de Montréal,Société de transport de Montréal,Transport collectif,Économie et environnement,06 – Montréal,Centres de transport Anjou de la Société de transport de Montréal ,Montréal,Agrandissement
283,Centre de transport de l’Est de la STM – Montréal – Construction,Le projet consiste à construire un centre de transport pouvant accueillir 250 autobus et intégrant toutes les fonctionnalités requises pour l’exploitation d’un réseau de transport en commun et l’entretien des autobus.,,,,,,En planification,"Mars 2019
Le projet a été autorisé à l’étape « En planification ».",Ministre des Transports,Société de transport de Montréal,Société de transport de Montréal,Transport collectif,Économie et environnement,06 – Montréal,Centre de transport de l’Est de la Société de transport de Montréal,Montréal,Construction
284,"Réseau de train de banlieue d’exo, locomotives diesel – Région métropolitaine de Montréal – Remplacement","Le projet consiste à remplacer, dans une première phase, 10 locomotives F59PH âgées de 30 ans, et dans une seconde, 11 locomotives F59PHI qui atteindront leur fin de vie utile d’ici 2028. Les nouvelles locomotives permettront d’augmenter le nombre de voitures par train tout en respectant les normes environnementales EPA Tier 4.",,,,,,En planification,"Avril 2019
Le projet a été autorisé à l’étape « En planification ».",Ministre des Transports,Exo,Exo,Transport collectif,Économie et environnement,06 – Montréal,Réseau de train de banlieue d’exo,Montréal,Remplacement
285,"Réseau de train de banlieue d’exo, voitures passagers (type 2000) – Région métropolitaine de Montréal – Acquisition",Le projet vise à acquérir de nouvelles voitures pour les trains de banlieue d’exo afin de rétablir la réserve opérationnelle de l’ensemble du réseau et soutenir le programme de maintien des actifs des voitures de série 2000 et 3000.,65600000,49200000,16400000,,2023-03-31,En réalisation,"Mars 2021
Le projet a été autorisé à l’étape « En réalisation ».
Avril 2019
Le projet a été autorisé à l’étape « En planification ».",Ministre des Transports,Exo,Exo,Transport collectif,Économie et environnement,06 – Montréal,Réseau de train de banlieue d’exo,Montréal,Acquisition
286,Autoroute 20 entre la route du Président-Kennedy et l’accès au pont Pierre-Laporte – Lévis – Élargissement,"Le projet consiste en l’ajout d’une 3e voie de circulation sur l’autoroute 20, dans les deux directions, pour améliorer la sécurité et la fluidité entre l’échangeur 325 (Président-Kennedy) et les accès sud aux ponts Pierre-Laporte et de Québec. Cet ajout est préconisé afin de limiter la densité de trafic qui est très élevée aux heures de pointe du matin et du soir.",,,,,,En planification,"Mars 2019
Le projet a été autorisé à l’étape « En planification ».",Ministre des Transports,Ministère des Transports,Ministère des Transports,Réseau routier,Économie et environnement,12 – Chaudière-Appalaches,Autoroute 20,Lévis,Élargissement
287,"Centre hospitalier de l’Outaouais, complexe hospitalier – Bonification","Les hôpitaux de la région de l’Outaouais sont confrontés depuis plusieurs années à d’importantes limitations physiques qui entravent leur capacité à répondre à une demande accrue de services. Les deux hôpitaux actuels soit l’hôpital de Hull et l’hôpital de Gatineau sont occupés au maximum de leur capacité et ne peuvent répondre à la demande sans cesse croissante. 
Dans un souci d’offrir à sa population l’ensemble des services médicaux, il est envisagé de bonifier et d’ajouter plusieurs services sur le territoire, notamment en augmentant le nombre de lits de courte durée. Cette nouvelle infrastructure permettra de désengorger les deux hôpitaux existants.",,,,,,À l’étude,"Mars 2019
Le projet a été autorisé à l’étape « À l’étude ».",Ministre de la Santé et des Services sociaux,Centre intégré de santé et de services sociaux de l’Outaouais,Société québécoise des infrastructures,Santé et Services sociaux,Santé et Services sociaux,07 – Outaouais,Centre hospitalier de l’Outaouais,Gatineau,Bonification
288,"Métro de Montréal, postes abaisseurs pour l’alimentation électrique (phase I) – Réfection","Le projet de la Société de transport de Montréal vise à convertir ses postes de distribution de 12 kV à 25 kV, à la suite de la nouvelle réglementation d’Hydro-Québec concernant l’approvisionnement en électricité. Elle devra construire des postes qui hébergeront des transformateurs afin de maintenir le service du métro.",,,,,,En planification,"Mars 2019
Le projet a été autorisé à l’étape « En planification ».",Ministre des Transports,Société de transport de Montréal,Société de transport de Montréal,Transport collectif,Économie et environnement,06 – Montréal,Postes abaisseurs du réseau de métro de Montréal,Montréal,Réfection
289,Centre d’exploitation du Vieux-Longueuil du RTL (phase I) – Longueuil – Réfection,Le projet vise l’électrification des infrastructures d’entretien des garages du Réseau de transport de Longueuil nécessaire à l’entretien des autobus électriques. Il vise également la préparation aux changements occasionnés par le virage technologique des autobus électriques.,,,,,,En planification,"Mars 2019
Le projet a été autorisé à l’étape « En planification ».",Ministre des Transports,Réseau de transport de Longueuil,Réseau de transport de Longueuil,Transport collectif,Économie et environnement,16 – Montérégie,Centre d’exploitation du Réseau de transport de Longueuil,Longueuil,Réfection
290,Pavillon Sainte-Famille – Ville-Marie – Agrandissement et réaménagement,"Le projet consiste à agrandir et à réaménager le pavillon Sainte-Famille, à Ville-Marie, afin de répondre aux besoins des secteurs suivants : l’unité d’urgence, l’unité de soins intensifs, le bloc opératoire, l’unité de retraitement des dispositifs médicaux, les consultations externes et la clinique d’oncologie. 
Les travaux comprendront un agrandissement d’une superficie de 3 621 m² et un réaménagement de 1 034 m².",56400000,56400000,0,2021-08-31,2022-08-31,En réalisation,"Mars 2021
La modification des dates de début et de fin de la mise en service a été autorisée. Respectivement prévues en janvier 2021 et novembre 2021, elles sont maintenant prévues en août 2021 et août 2022.
Avril 2019
Le projet a été autorisé à l’étape « En réalisation ».",Ministre de la Santé et des Services sociaux,Centre intégré de santé et de services sociaux de l’Abitibi-Témiscamingue,Société québécoise des infrastructures,Santé et Services sociaux,Santé et Services sociaux,08 – Abitibi-Témiscamingue,Pavillon Sainte-Famille,Montréal (arrondissement de Ville-Marie),Agrandissement et réaménagement
291,"Hôpital Fleury, urgence – Montréal – Agrandissement et réaménagement","Le projet consiste à agrandir et à moderniser l’unité d’urgence afin de résoudre plusieurs problèmes connus, soit des locaux et espaces hors-normes et mal adaptés aux nouveaux modes de prestation de soins et aux technologies médicales. Il s’articule principalement sur 2 objectifs, soit, l’agrandissement de l’aile A et la démolition de l’aile E.",,,,,,En planification,"Décembre 2020
Le projet a été autorisé à l’étape « En planification ».
Mai 2019
Le projet a été autorisé à l’étape « À l’étude ».",Ministre de la Santé et des Services sociaux,Centre intégré universitaire de santé et de services sociaux du Nord-de-l’Île-de-Montréal,Société québécoise des infrastructures,Santé et Services sociaux,Santé et Services sociaux,06 – Montréal,Hôpital Fleury,Montréal,Agrandissement et réaménagement
292,École secondaire du centre de services scolaire de Marguerite-Bourgeoys – Montréal (arrondissement de Saint-Laurent) – Construction,"Le projet consiste à aménager des bâtiments existants acquis de la congrégation des Sœurs de Sainte-Croix situés à Montréal, dans l’arrondissement de Saint-Laurent. L’objectif est de réduire le déficit d’espace reconnu en fonction des places élèves du centre de services scolaire Marguerite-Bourgeoys à Montréal.",,,,,,En planification,"Juin 2019
Le projet a été autorisé à l’étape « En planification ».",Ministre de l’Éducation,Centre de services scolaire Marguerite-Bourgeoys,Société québécoise des infrastructures,Éducation,Éducation et culture,06 – Montréal,École secondaire du centre de services scolaire de Marguerite-Bourgeoys,Montréal (arrondissement de Saint-Laurent),Construction
293,École secondaire du centre de services scolaire des Premières-Seigneuries – Québec (arrondissement de Charlesbourg) – Construction,"Le projet consiste en la construction d’une école secondaire de 1 256 places-élèves sur le territoire du centre de services scolaire des Premières-Seigneuries à Québec, dans l’arrondissement de Charlesbourg. L’objectif est de réduire le déficit d’espace reconnu en fonction des places-élèves du centre de services scolaire.",166300000,166300000,0,,2024-09-30,En réalisation,"Mars 2021
Le projet a été autorisé à l’étape « En réalisation ».
Décembre 2019
Le projet a été autorisé à l’étape « En planification ».
Juin 2019
Le projet a été autorisé à l’étape « À l’étude ».",Ministre de l’Éducation,Centre de services scolaire des Premières-Seigneuries,Société québécoise des infrastructures,Éducation,Éducation et culture,03 – Capitale-Nationale,École secondaire du centre de services scolaire des Premières-Seigneuries,Québec (arrondissement de Charlesbourg),Construction
294,École secondaire du centre de services scolaire Marguerite-Bourgeoys – Montréal (arrondissement de LaSalle) – Construction,"Le projet consiste en la construction d’une école secondaire d’une capacité d’accueil de 1 024 places-élèves à Montréal, dans l’arrondissement de LaSalle. L’objectif est de réduire le déficit d’espace reconnu en fonction des places-élèves du centre de services scolaire.",150800000,150800000,0,,2022-09-01,En réalisation,"Juin 2020
Le projet a été autorisé à l’étape « En réalisation ».
Juin 2019
Le projet a été autorisé à l’étape « En planification ».",Ministre de l’Éducation,Centre de services scolaire Marguerite-Bourgeoys,Société québécoise des infrastructures,Éducation,Éducation et culture,06 – Montréal,École secondaire du centre de services scolaire Marguerite-Bourgeoys,Montréal (arrondissement de LaSalle),Construction
295,École secondaire du centre de services scolaire Marguerite-Bourgeoys – Montréal (arrondissement de L’Île-Bizard–Sainte-Geneviève) – Construction,"Le projet consiste en la construction d’une école secondaire sur le territoire du centre de services scolaire Marguerite-Bourgeoys dans l’arrondissement de L’Île-Bizard–Sainte-Geneviève, afin de réduire le déficit d’espace reconnu en fonction des places-élèves du centre de services scolaire.",,,,,,En planification,"Juin 2019
Le projet a été autorisé à l’étape « En planification ».",Ministre de l’Éducation,Centre de services scolaire Marguerite-Bourgeoys,Société québécoise des infrastructures,Éducation,Éducation et culture,06 – Montréal,École secondaire du centre de services scolaire Marguerite-Bourgeoys,Montréal (arrondissement de L’Île-Bizard–Sainte–Geneviève),Construction
296,École secondaire (A) du centre de services scolaire de la Pointe-de-l’Île – Montréal (arrondissement d’Anjou) – Construction,"Le projet consiste en la construction d’une des deux écoles secondaires prévues sur le territoire du centre de services scolaire de la Pointe-de-l’Île à Montréal, dans l’arrondissement d’Anjou. L’objectif est de réduire le déficit d’espace reconnu en fonction des places-élèves du centre de services scolaire. Cette école secondaire aura une capacité de 1 863 places-élèves.",226500000,226500000,0,,2024-09-30,En réalisation,"Mars 2021
Le projet a été autorisé à l’étape « En réalisation ».
Décembre 2019
Le projet a été autorisé à l’étape « En planification ».
Juin 2019
Le projet a été autorisé à l’étape « À l’étude ».",Ministre de l’Éducation,Centre de services scolaire de la Pointe-de-l’Île,Société québécoise des infrastructures,Éducation,Éducation et culture,06 – Montréal,École secondaire,Montréal (arrondissement d’Anjou),Construction
297,École secondaire (B) du centre de services scolaire de la Pointe-de-l’Île – Montréal (arrondissement de Montréal-Nord) – Construction,"Le projet consiste en la construction d’une des deux écoles secondaires prévues sur le territoire du centre de services scolaire de la Pointe-de-l’Île à Montréal, dans l’arrondissement de Montréal-Nord. L’objectif est de réduire le déficit d’espace reconnu en fonction des places-élèves du centre de services scolaire. Cette école secondaire aura une capacité de 1 706 places-élèves.",250200000,250200000,0,,2024-09-30,En réalisation,"Mars 2021
Le projet a été autorisé à l’étape « En réalisation ».
Décembre 2019
Le projet a été autorisé à l’étape « En planification ».
Juin 2019
Le projet a été autorisé à l’étape « À l’étude ».",Ministre de l’Éducation,Centre de services scolaire de la Pointe-de-l’Île,Société québécoise des infrastructures,Éducation,Éducation et culture,06 – Montréal,École secondaire du centre de services scolaire de la Pointe-de-l’Île,Montréal (arrondissement de Montréal-Nord),Construction
299,École secondaire du centre de services scolaire des Trois-Lacs – Saint-Zotique – Construction,"Le projet consiste en la construction d’une école secondaire de 1 256 places-élèves sur le territoire du centre de services scolaire des Trois-Lacs, à Saint-Zotique, afin de réduire le déficit d’espace reconnu en fonction des places-élèves du centre de services scolaire.",174300000,174000000,300000,,2023-06-30,En réalisation,"Mars 2021
Le projet a été autorisé à l’étape « En réalisation ».
Juin 2019
Le projet a été autorisé à l’étape « En planification ».",Ministre de l’Éducation,Centre de services scolaire des Trois-Lacs,Société québécoise des infrastructures,Éducation,Éducation et culture,16 – Montérégie,École secondaire du centre de services scolaire des Trois-Lacs,Saint-Zotique,Construction
300,École secondaire du centre de services scolaire des Trois-Lacs – Vaudreuil-Dorion – Construction,"Le projet consiste en la construction d’une école secondaire de 1 256 places-élèves sur le territoire du centre de services scolaire des Trois-Lacs, à Vaudreuil-Dorion, afin de réduire le déficit d’espace reconnu en fonction des places-élèves du centre de services scolaire.",168300000,167500000,800000,,2023-06-30,En réalisation,"Mars 2021
Le projet a été autorisé à l’étape « En réalisation ».
Juin 2019
Le projet a été autorisé à l’étape « En planification ».",Ministre de l’Éducation,Centre de services scolaire des Trois-Lacs,Société québécoise des infrastructures,Éducation,Éducation et culture,16 – Montérégie,École secondaire du centre de services scolaire des Trois-Lacs,Vaudreuil-Dorion,Construction
301,École secondaire du centre de services scolaire de la Seigneurie-des-Mille-Îles – Mirabel – Construction,"Le projet consiste en la construction d’une école secondaire d’une capacité d’accueil de 1 280 places-élèves à Mirabel, dans le secteur de Saint-Augustin, afin de réduire le déficit d’espace reconnu du centre de services scolaire.",150000000,148600000,1400000,,2022-09-01,En réalisation,"Juin 2020
Le projet a été autorisé à l’étape « En réalisation ».
Juin 2019
Le projet a été autorisé à l’étape « En planification ».",Ministre de l’Éducation,Centre de services scolaire de la Seigneurie-des-Mille-Îles,Société québécoise des infrastructures,Éducation,Éducation et culture,15 – Laurentides,École secondaire du centre de services scolaire de la Seigneurie-des-Mille-Îles,Mirabel,Construction
302,École secondaire du centre de services scolaire de la Rivière-du-Nord – Saint-Jérôme – Construction,"Le projet consiste en la construction d’une école secondaire de 1 256 places-élèves sur le territoire du centre de services scolaire de la Rivière-du-Nord, à Saint-Jérôme, afin de réduire le déficit d’espace reconnu en fonction des places-élèves du centre de services scolaire.",171800000,171800000,0,,2023-06-30,En réalisation,"Mars 2021
Le projet a été autorisé à l’étape « En réalisation ».
Juin 2019
Le projet a été autorisé à l’étape « En planification ».",Ministre de l’Éducation,Centre de services scolaire de la Rivière-du-Nord,Société québécoise des infrastructures,Éducation,Éducation et culture,15 – Laurentides,École secondaire du centre de services scolaire de la Rivière-du-Nord,Saint-Jérôme,Construction
303,École secondaire du centre de services scolaire des Affluents – Terrebonne – Construction,"Le projet consiste en la construction d’une école secondaire de 1 256 places-élèves sur le territoire du centre de services scolaire des Affluents, à Terrebonne, afin de réduire le déficit d’espace reconnu en fonction des places-élèves du centre de services scolaire.",164400000,163800000,600000,,2023-06-30,En réalisation,"Mars 2021
Le projet a été autorisé à l’étape « En réalisation ».
Juin 2019
Le projet a été autorisé à l’étape « En planification ».",Ministre de l’Éducation,Centre de services scolaire des Affluents,Société québécoise des infrastructures,Éducation,Éducation et culture,14 – Lanaudière,École secondaire du centre de services scolaire des Affluents,Terrebonne,Construction
304,École secondaire du centre de services scolaire des Chênes – Drummondville – Construction,"Le projet consiste en la construction d’une école secondaire de 1 256 places-élèves sur le territoire du centre de services scolaire des Chênes, dans le secteur de Saint-Nicéphore, à Drummondville. L’objectif est de réduire le déficit d’espace reconnu en fonction des places-élèves du centre de services scolaire.",143700000,143700000,0,,2024-09-30,En réalisation,"Mars 2021
Le projet a été autorisé à l’étape « En réalisation ».
Décembre 2019
Le projet a été autorisé à l’étape « En planification ».
Juin 2019
Le projet a été autorisé à l’étape  « À l’étude ».",Ministre de l’Éducation,Centre de services scolaire des Chênes,Société québécoise des infrastructures,Éducation,Éducation et culture,17 – Centre-du-Québec,École secondaire du centre de services scolaire des Chênes,Drummondville,Construction
305,École secondaire de Chambly du centre de services scolaire des Patriotes – Agrandissement,"Le projet consiste en l’agrandissement de l’école secondaire de Chambly par la construction d’un bâtiment d’une capacité d’accueil de 1 365 places-élèves sur le site actuel de l’école, afin de réduire le déficit d’espace reconnu du centre de services scolaire.",158400000,158400000,0,,2022-09-01,En réalisation,"Juin 2020
Le projet a été autorisé à l’étape « En réalisation ».
Juin 2019
Le projet a été autorisé à l’étape « En planification ».",Ministre de l’Éducation,Centre de services scolaire des Patriotes,Société québécoise des infrastructures,Éducation,Éducation et culture,16 – Montérégie,École secondaire de Chambly,Chambly,Agrandissement
306,Route 389 (B) entre Baie-Comeau et la centrale Jean-Lesage (Manic-2) – Reconstruction,"Ce projet s’inscrit dans un vaste programme d’amélioration de la route 389, entre Baie-Comeau et Fermont, qui vise à réaliser les correctifs essentiels à l’optimisation de la sécurité et du confort des usagers ainsi qu’à faciliter l’accès aux ressources et au Nord-du-Québec. Dans le secteur de près de 22 kilomètres, entre Baie-Comeau et la centrale hydroélectrique Jean-Lesage (Manic-2), les travaux de relocalisation des quatre premiers kilomètres, à partir de la route 138, sont terminés. La réfection complète de la route, entre les kilomètres 4 et 22, débutera en 2020.",121800000,75100000,46700000,,2022-11-30,En réalisation,"Mars 2020
Une hausse de 9,5 M$ au coût du projet a été autorisée. Initialement prévu à 112,3 M$, le coût est maintenant de 121,8 M$. Ainsi, la contribution du Québec passe de 65,6 M$ à 75,1 M$, et celle des partenaires demeure à 46,7 M$.
Avril 2019
Le projet a été autorisé à l’étape « En réalisation ».",Ministre des Transports,Ministère des Transports,Ministère des Transports,Réseau routier,Économie et environnement,09 – Côte-Nord,Route 389,De Baie-Comeau à la centrale Jean-Lesage (Manic-2),Reconstruction
307,École secondaire du centre de services scolaire de Laval (secteur de Pont-Viau) – Construction,"Le projet consiste en la construction d’une école secondaire d’une capacité d’accueil de 2 150 places-élèves à Laval, dans le secteur de Pont-Viau, afin de réduire le déficit d’espace reconnu du centre de services scolaire.",233200000,233200000,0,,2022-09-01,En réalisation,"Juin 2020
Le projet a été autorisé à l’étape « En réalisation ».
Décembre 2019
Le projet a été autorisé à l’étape « En planification ».
Juin 2019
Le projet a été autorisé à l’étape « À l’étude ».",Ministre de l’Éducation,Centre de services scolaire de Laval,Société québécoise des infrastructures,Éducation,Éducation et culture,13 – Laval,École secondaire du centre de services scolaire de Laval,Laval (secteur de Pont-Viau),Construction
308,Centre d’hébergement Saint-Augustin – Québec – Reconstruction,"Le projet consiste en la construction d’un bâtiment de 216 lits inspiré du concept de maison des aînés sur le territoire du Centre intégré universitaire de santé et de services sociaux (CIUSSS) de la Capitale-Nationale pour héberger la clientèle provenant du bâtiment actuel. Le besoin est généré principalement par l’état de vétusté fonctionnelle et physique du bâtiment (démolition de l’ancien immeuble). 

Ce projet permettra de desservir la clientèle âgée grandissante, à proximité, dans des milieux adaptés à leur condition, favorisant un service axé sur les meilleures pratiques selon la vision du CIUSSS et les orientations ministérielles en soins de longue durée.",,,,,,En planification,"Décembre 2020
Le projet a été autorisé à l’étape « En planification ».
Juin 2019
Le projet a été autorisé à l’étape « À l’étude ».",Ministre de la Santé et des Services sociaux,Centre intégré universitaire de santé et de services sociaux de la Capitale-Nationale,Société québécoise des infrastructures,Santé et Services sociaux,Santé et Services sociaux,03 – Capitale-Nationale,Centre d’hébergement Saint-Augustin,Québec,Reconstruction
309,"Hôpital Honoré-Mercier, urgence – Saint-Hyacinthe – Agrandissement et réaménagement","Le projet consiste en l’agrandissement et le réaménagement de l’urgence de l’Hôpital Honoré-Mercier et a une portée globale estimée à 7 861 m² bruts, dont notamment 5 919,7 m² en agrandissement et 1 401 m² en réaménagement. Il consiste en un agrandissement sur deux niveaux (sous-sol et rez-de-chaussée) destinés à accueillir la nouvelle urgence et l’abri des ambulances de quatre places .
La trame structurale permettra d’ajouter éventuellement un étage au-dessus de l’agrandissement. Le sous-sol comportera les salles mécaniques, le lien de jonction et divers espaces de rangement. Par ailleurs, les réaménagements toucheront principalement l’aire clinico-administrative, l’unité de médecine de jour et les aires de soutien.",69100000,69100000,0,,2023-03-31,En réalisation,"Mars 2021
La modification de la date de la mise en service a été autorisée. Initialement prévue en novembre 2021, elle est reportée à mars 2023.
Juin 2019
Le projet a été autorisé à l’étape « En réalisation ».",Ministre de la Santé et des Services sociaux,Centre intégré de santé et de services sociaux de la Montérégie-Est,Société québécoise des infrastructures,Santé et Services sociaux,Santé et Services sociaux,16 – Montérégie,Hôpital Honoré-Mercier,Saint-Hyacinthe,Agrandissement et réaménagement
310,"Hôpital de Sept-Îles, urgence et bloc opératoire – Agrandissement et réaménagement","Le besoin de l’hôpital de Sept-Îles est généré principalement par l’état de vétusté fonctionnelle du bâtiment. Le projet vise donc à régler ce problème dans les secteurs suivants : l’urgence, le bloc opératoire, l’endoscopie, la chirurgie d’un jour, la santé mentale et l’unité de retraitement des dispositifs médicaux.

Il consiste en un agrandissement, sur trois étages, à l’emplacement du stationnement actuel du personnel de l’hôpital, ainsi qu’en des réaménagements.",,,,,,En planification,"Août 2021
Le projet a été autorisé à l’étape « En planification ».
Juin 2019
Le projet a été autorisé à l’étape « À l’étude ».",Ministre de la Santé et des Services sociaux,Centre intégré de santé et de services sociaux de la Côte-Nord,Société québécoise des infrastructures,Santé et Services sociaux,Santé et Services sociaux,09 – Côte-Nord,Hôpital de Sept-Îles,Sept-Îles,Agrandissement et réaménagement
311,"Hôpital Santa Cabrini, bloc opératoire – Montréal – Agrandissement et réaménagement","Le projet consiste à moderniser le bloc opératoire et l’unité de retraitement des dispositifs médicaux de l’hôpital Santa Cabrini, afin de répondre aux problèmes cliniques et fonctionnels de ces secteurs et d’améliorer les infrastructures .

Il prévoit l’ajout de deux salles d’opération, pour un total de huit, et la mise aux normes de l’unité de retraitement des dispositifs médicaux.",96300000,86300000,10000000,,2025-06-30,En réalisation,"Décembre 2020
Le projet a été autorisé à l’étape « En réalisation ».
Août 2020
Le projet a été autorisé à l’étape « En planification ».
Juillet 2019
Le projet a été autorisé à l’étape « À l’étude ».",Ministre de la Santé et des Services sociaux,Centre intégré universitaire de santé et de services sociaux de l’Est-de-l’Île-de-Montréal,Société québécoise des infrastructures,Santé et Services sociaux,Santé et Services sociaux,06 – Montréal,Hôpital Santa Cabrini,Montréal,Agrandissement et réaménagement
312,Collège Ahuntsic – Montréal – Bonification,Le projet consiste en l’ajout d’espace ainsi qu’à un réaménagement afin de combler le déficit d’espace d’enseignement du collège Ahuntsic.,,,,,,À l’étude,"Juillet 2019
Le projet a été autorisé à l’étape « À l’étude ».",Ministre de l’Enseignement supérieur,Collège Ahuntsic,Société québécoise des infrastructures,Enseignement supérieur,Éducation et culture,06 – Montréal,Collège Ahuntsic,Montréal,Bonification
313,"Université de Montréal, pavillon principal et complexe des sciences – Maintien et bonification","Le projet consiste en l’expansion de la première phase du complexe des sciences par l’ajout d’espace. Il vise à accueillir la totalité ou une partie des départements des sciences des données. L’espace libéré au pavillon André-Aisenstadt, situé au campus de la montagne, serait réaménagé afin que des activités de l’École de santé publique de l’Université de Montréal et de certains départements de la Faculté des arts et des sciences y soient relocalisées.",,,,,,À l’étude,"Juillet 2019
Le projet a été autorisé à l’étape « À l’étude ».",Ministre de l’Enseignement supérieur,Université de Montréal,Université de Montréal en association avec la Société québécoise des infrastructures,Enseignement supérieur,Éducation et culture,06 – Montréal,Université de Montréal,Montréal,Maintien et bonification
314,"Cégep Édouard-Montpetit, cliniques-écoles – Longueuil – Maintien et bonification",Le projet consiste en l’ajout d’espace ainsi qu’à un réaménagement afin de combler le déficit d’espace d’enseignement du cégep Édouard-Montpetit.,,,,,,À l’étude,"Juillet 2019
Le projet a été autorisé à l’étape « À l’étude ».",Ministre de l’Enseignement supérieur,Cégep Édouard-Montpetit,Société québécoise des infrastructures,Enseignement supérieur,Éducation et culture,16 – Montérégie,Cliniques-écoles du cégep Édouard-Montpetit,Longueuil,Maintien et bonification
315,Institut national de psychiatrie légale Philippe-Pinel – Montréal – Maintien et bonification,"Le projet vise la modernisation de l’Institut, principalement par un agrandissement majeur, afin de réorganiser le secteur des services aux patients. De plus, il répond à une série de recommandations, comme l’ajout de lits d’hospitalisation ainsi que de ressources cliniques, professionnelles et de soutien, le renforcement de la mission d’enseignement et le maintien du programme de réinsertion sociale.",,,,,,À l’étude,"Août 2019
Le projet a été autorisé à l’étape « À l’étude ».",Ministre de la Santé et des Services sociaux,Institut national de psychiatrie légale Philippe-Pinel,Société québécoise des infrastructures,Santé et Services sociaux,Santé et Services sociaux,06 – Montréal,Institut national de psychiatrie légale Philippe-Pinel,Montréal,Maintien et bonification
316,Centre d’attachement nord-ouest de la STM – Montréal – Construction,"Le projet vise la construction d’un atelier souterrain, communément appelé centre d’attachement, qui comportera douze places de stationnement de convois d’entretien, dans le quadrant nord-ouest du réseau de métro, afin de soutenir la croissance du programme de maintien d’actifs de la Société de transport de Montréal.",,,,,,En planification,"Juin 2019
Le projet a été autorisé à l’étape « En planification ».",Ministre des Transports,Autorité régionale de transport métropolitain conjointement avec la Société de transport de Montréal,Société de transport de Montréal en association avec la Société québécoise des infrastructures,Transport collectif,Économie et environnement,06 – Montréal,Centre d’attachement nord-ouest du métro de Montréal,Montréal,Construction
317,"Métro de Montréal, système de contrôle des trains sur la ligne bleue – Remplacement",Le projet vise l’implantation d’une nouvelle technologie de contrôle de train sur la ligne bleue.,,,,,,En planification,"Juin 2019
Le projet a été autorisé à l’étape « En planification ».",Ministre des Transports,Autorité régionale de transport métropolitain conjointement avec la Société de transport de Montréal,Société de transport de Montréal en association avec la Société québécoise des infrastructures,Transport collectif,Économie et environnement,06 – Montréal,Métro de Montréal,Montréal,Remplacement
318,Autoroute 35 entre Saint-Sébastien et Saint-Armand (phase III) – Construction,"Le prolongement de l’autoroute 35 vise à compléter le lien entre Montréal et Boston pour accroître les échanges commerciaux et touristiques avec la Nouvelle-Angleterre. Ce projet améliorera la sécurité routière et la qualité de vie des résidents en bordure de la route 133 en y diminuant la circulation de transit. Le projet consiste à construire une autoroute à deux voies par direction sur chaussées séparées. La phase III de ce projet vise à compléter le lien entre Saint-Sébastien et Saint-Armand, sur 8,9 km. Les deux premières phases du projet ont été mises en service en 2014, tandis que la phase IV est en planification.",222900000,140800000,82100000,,2023-09-30,En réalisation,"Mars 2020
Une hausse de 20,7 M$ au coût du projet a été autorisée. Initialement prévu à 202,2 M$, le coût est maintenant de 222,9 M$. Ainsi, la contribution du Québec passe de 120,1 M$ à 140,8 M$ et celle des partenaires demeure à 82,1 M$.
Août 2019
Le projet a été autorisé à l’étape « En réalisation ».

Le projet « Prolongement de l’autoroute 35 jusqu’à la frontière américaine – Phases III et IV » a été scindé en deux projets distincts. Le projet « Prolongement de l’autoroute 35 (phase IV) de Saint-Armand jusqu’à la frontière américaine » demeure « En planification ». Le projet « Prolongement de l’autoroute 35 (phase III) de Saint-Sébastien à Saint-Armand » est maintenant « En réalisation ».",Ministre des Transports,Ministère des Transports,Ministère des Transports,Réseau routier,Économie et environnement,16 – Montérégie,Autoroute 35,De Saint-Sébastien à Saint-Armand,Construction
319,Autoroute 50 entre Gatineau et L’Ange-Gardien – Élargissement,"Le projet d’amélioration de l’autoroute 50, entre Gatineau et L’Ange-Gardien, consiste en la réalisation de travaux qui permettront de rehausser la sécurité de cette autoroute. Les travaux, sur ce tronçon de 7,8 km, ont été priorisés parmi les autres secteurs de l’autoroute, qui sont encore en voies contiguës.",,,,,,En planification,"Septembre 2019
Le projet a été autorisé à l’étape « En planification ».

Le projet « Amélioration de l’autoroute 50 entre Gatineau et Mirabel » a été scindé en deux projets distincts. Le projet renommé « Amélioration de l’autoroute 50 entre L’Ange-Gardien et Mirabel » demeure « À l’étude ». Le projet « Amélioration de l’autoroute 50 entre Gatineau et L’Ange-Gardien » est maintenant « En planification ».",Ministre des Transports,Ministère des Transports,Ministère des Transports,Réseau routier,Économie et environnement,07 – Outaouais,Autoroute 50,De Gatineau à L’Ange-Gardien,Élargissement
321,"Métro de Montréal, portes palières sur la ligne orange (phase I) – Acquisition",Le projet vise l’installation de portes automatiques sur les quais de treize stations de la ligne orange du métro de Montréal.,,,,,,En planification,"Mars 2020
Le projet a été autorisé à l’étape « En planification ».",Ministre des Transports,Société de transport de Montréal,Société de transport de Montréal,Transport collectif,Économie et environnement,06 – Montréal,Métro de Montréal,Montréal,Acquisition
322,"Autoroute 15, direction nord, entre Boisbriand et Mirabel, voie réservée – Aménagement","Le projet vise la construction d’une voie réservée sur l’autoroute 15, en direction nord, entre l’autoroute 640 et l’autoroute 50, soit entre Boisbriand et Mirabel. Cet aménagement permettra d’améliorer les conditions de circulation aux heures de pointe.",,,,,,En planification,"Décembre 2020
Le projet a été autorisé à l’étape « En planification ».",Ministre des Transports,Ministère des Transports,Ministère des Transports,Réseau routier,Économie et environnement,15 – Laurentides,Autoroute 15 (des Laurentides),De Boisbriand à Mirabel,Aménagement
323,"Autoroute 40 (Métropolitaine) secteur est, entre les boulevards Provencher et Saint-Laurent – Montréal – Réfection","Le projet du secteur est de l’autoroute 40 (Métropolitaine) consiste en une réfection majeure avec une reconstruction des côtés extérieurs des dalles et des glissières latérales, dans l’objectif d’éviter toute intervention importante pour une période de 25 ans. La réfection majeure du secteur est de l’autoroute Métropolitaine consiste à mettre à niveau les structures afin de freiner leur dégradation et d’assurer leur pérennité.",,,,,,En planification,"Septembre 2019
Le projet « Réfection majeure de l’autoroute Métropolitaine à Montréal » a été scindé en deux projets distincts. Ainsi, le projet 113 - « Autoroute 40 (Métropolitaine) secteur ouest, entre le boulevard Saint-Laurent et l’autoroute 520 – Montréal – Réfection » demeure « À l’étude ». Le présent projet 323 - « Autoroute 40 (Métropolitaine) secteur est, entre les boulevards Provencher et Saint-Laurent – Montréal – Maintien » est maintenant « En planification ».",Ministre des Transports,Ministère des Transports,Ministère des Transports,Réseau routier,Économie et environnement,06 – Montréal,Autoroute 40 (Métropolitaine),Montréal,Réfection
324,École secondaire de la commission scolaire Central Québec – Québec (arrondissement de Sainte-Foy–Sillery–Cap-Rouge) – Maintien et bonification,"Le projet consiste en la construction d’une école secondaire à Québec, sur le territoire de la commission scolaire Central Québec dans l’arrondissement de Sainte-Foy–Sillery–Cap-Rouge, afin de remplacer deux installations devenues vétustes, soit les écoles secondaires Saint-Patrick (St. Patrick’s High School) et Q.H.S. (Quebec High School).",,,,,,À l’étude,"Novembre 2019
Le projet a été autorisé à l’étape « À l’étude ».",Ministre de l’Éducation,Commission scolaire Central Québec,Société québécoise des infrastructures,Éducation,Éducation et culture,03 – Capitale-Nationale,École secondaire de la commission scolaire Central Québec,Québec (arrondissement de Sainte-Foy–Sillery–Cap-Rouge),Maintien et bonification
325,"Édifice du 1000, rue Fullum, bloc C – Montréal – Réfection et réaménagement","Le bâtiment sis au 1000 rue Fullum à Montréal est un immeuble de bureaux d’une superficie utilisable d’environ 24 100 m². À l’été 2018, la Société est devenue propriétaire du bâtiment qui est divisé en trois blocs interdépendants, A, B et C. Le projet consiste à réaliser des travaux de maintien d’actif et de réaménagement du bloc C afin de satisfaire les besoins de la clientèle et de rendre le bloc C indépendant.",75900000,75900000,0,,2023-12-31,En réalisation,"Septembre 2021
Une modification de la portée du projet a été autorisée afin d’annuler les travaux prévus aux blocs A et B et ajouter certains travaux au bloc C, et ce, en conservant le coût et l’échéancier initialement approuvés.
Décembre 2020
Le projet a été autorisé à l’étape « En réalisation ».
Juillet 2020
Le projet a été autorisé à l’étape « En planification ».",Ministre responsable de l’Administration gouvernementale,Société québécoise des infrastructures,Société québécoise des infrastructures,Administration gouvernementale,Gouverne et justice,06 – Montréal,Édifice du 1000 rue Fullum,Montréal,Réfection et réaménagement
326,École secondaire Pierre-Bédard du centre de services scolaire des Grandes-Seigneuries – Saint-Rémi – Agrandissement et réaménagement,"Le projet consiste en l’agrandissement et au réaménagement de l’école secondaire Pierre-Bédard du centre de services scolaire des Grandes-Seigneuries, à Saint-Rémi, afin de réduire le déficit d’espace reconnu en fonction des places-élèves du centre de services scolaire.",,,,,,En planification,"Octobre 2019
Le projet a été autorisé à l’étape « En planification ».",Ministre de l’Éducation,Centre de services scolaire des Grandes-Seigneuries,Société québécoise des infrastructures,Éducation,Éducation et culture,16 – Montérégie,École secondaire Pierre-Bédard,Saint-Rémi,Agrandissement et réaménagement
327,École secondaire Jacques-Leber du centre de services scolaire des Grandes-Seigneuries – Saint-Constant – Agrandissement et réaménagement,"Le projet consiste en l’agrandissement et au réaménagement de l’école secondaire Jacques-Leber, du centre de services scolaire des Grandes-Seigneuries, à Saint-Constant, afin de réduire le déficit d’espace reconnu en fonction des places-élèves du centre de services scolaire.",,,,,,En planification,"Octobre 2019
Le projet a été autorisé à l’étape « En planification ».",Ministre de l’Éducation,Centre de services scolaire des Grandes-Seigneuries,Société québécoise des infrastructures,Éducation,Éducation et culture,16 – Montérégie,École secondaire Jacques-Leber,Saint-Constant,Agrandissement et réaménagement
328,Installations de la Société ferroviaire et portuaire de Pointe-Noire – Réaménagement et construction,"Le projet a pour but d’accroître la capacité des installations de la Société ferroviaire et portuaire de Pointe-Noire et de réaliser des travaux relatifs à la conformité environnementale de son site, dans un contexte de croissance de ses activités.",180000000,80000000,100000000,2019-06-01,2022-12-31,En service,"Mars 2021
La mise en service de l’infrastructure a été autorisée.
Juin 2019
Le projet a été autorisé à l’étape « En réalisation ».",Ministre de l’Énergie et des Ressources naturelles,Société du Plan Nord,Société ferroviaire et portuaire de Pointe-Noire s.e.c.,Développement du territoire nordique,Économie et environnement,09 – Côte-Nord,Réseau ferroviaire et portuaire de Pointe-Noire,Sept-Îles,Réaménagement et construction
329,Centre de transport Legendre de la STM – Montréal – Agrandissement,"Le projet vise l’agrandissement du centre de transport Legendre, de la Société de transport de Montréal, afin qu’il soit en mesure de gérer des autobus supplémentaires. Cet agrandissement sera également conçu avec l’intégration des requis nécessaires à la recharge des autobus électriques, en prévision de la mise en œuvre de l’électrification du réseau d’autobus.",74600000,54900000,19700000,2020-09-01,2021-10-01,En service,"Mars 2021
La mise en service de l’infrastructure a été autorisée.
Mars 2020
Le projet « Agrandissement de trois des centres de transport pour les autobus de la Société de transport de Montréal (Anjou, Legendre et Saint-Laurent) » a été scindé en trois projets distincts.
Les projets « Centre de transport Anjou de la STM – Montréal – Agrandissement » et « Centre de transport Saint-Laurent de la STM – Montréal – Agrandissement » sont autorisés à l’étape « En planification ».
Mars 2019
Le projet a été autorisé à l’étape « En planification ».",Ministre des Transports,Société de transport de Montréal,Société de transport de Montréal,Transport collectif,Économie et environnement,06 – Montréal,Centre de transport Legendre de la Société de transport de Montréal,Montréal,Agrandissement
330,Institut universitaire en santé mentale Douglas – Montréal – Maintien,"Le projet prévoit un renouvellement des infrastructures de l’Institut universitaire en santé mentale Douglas. Il vise ainsi la mise aux normes fonctionnelles des bâtiments, l’augmentation de la capacité d’accueil pour la clientèle en services ambulatoires ainsi que l’extension de la mission d’enseignement et de recherche de l’Institut.",,,,,,À l’étude,"Décembre 2019
Le projet a été autorisé à l’étape « À l’étude ».",Ministre de la Santé et des Services sociaux,Centre intégré universitaire de santé et de services sociaux de l’Ouest-de-l’Île-de-Montréal,Société québécoise des infrastructures,Santé et Services sociaux,Santé et Services sociaux,06 – Montréal,Centre de santé mentale Douglas,Montréal,Maintien
332,Centre de transport Saint-Laurent de la STM – Montréal – Agrandissement,"Le projet vise l’agrandissement du centre de transport Saint-Laurent, de la Société de transport de Montréal, afin qu’il soit en mesure de gérer des autobus supplémentaires. Cet agrandissement sera également conçu avec l’intégration des requis nécessaires à la recharge des autobus électriques, en prévision de la mise en œuvre de l’électrification du réseau d’autobus.",65800000,48500000,17300000,2021-01-31,2021-12-31,En service,"Mars 2021
La mise en service de l’infrastructure a été autorisée.
Mars 2020
Le projet « Agrandissement de trois des centres de transport pour les autobus de la Société de transport de Montréal (Anjou, Legendre et Saint-Laurent) » a été scindé en trois projets distincts.
Les projets « Centre de transport Anjou de la STM – Montréal – Agrandissement » et « Centre de transport Legendre de la STM – Montréal – Agrandissement » sont autorisés à l’étape « En planification ».
Mars 2019
Le projet a été autorisé à l’étape « En planification ».",Ministre des Transports,Société de transport de Montréal,Société de transport de Montréal,Transport collectif,Économie et environnement,06 – Montréal,Centre de transport Saint-Laurent de la Société de transport de Montréal ,Montréal,Agrandissement
335,Centre Métrobus du RTC – Québec – Bonification,"Le projet vise des modifications et un agrandissement du Centre Métrobus afin de répondre à une partie des problèmes liés à l’électrification de la flotte du RTC, tels que les équipements inadéquats pour l’entretien et l’exploitation des autobus électriques et le manque d’espace pour accueillir l’ensemble des véhicules.",,,,,,À l’étude,"Mars 2020
Le projet a été autorisé à l’étape « À l’étude ».",Ministre des Transports,Réseau de transport de la Capitale,Réseau de transport de la Capitale,Transport collectif,Économie et environnement,03 – Capitale-Nationale,Centre Métrobus du Réseau de transport de la Capitale,Québec,Bonification
336,Centre d’exploitation du RTC – Québec – Bonification,"Le projet vise la construction d’un troisième centre d’exploitation, au milieu du réseau de transport collectif actuel, en vue d’améliorer l’efficacité et la fonctionnalité des activités avec des véhicules électriques. L’ajout d’un troisième centre d’exploitation permettra, en complémentarité avec le Centre Métrobus modifié et le Centre Lebourgneuf, de disposer de suffisamment d’espace pour la totalité de la flotte du RTC, sans en affecter les activités quotidiennes.",,,,,,À l’étude,"Mars 2020
Le projet a été autorisé à l’étape « À l’étude ».",Ministre des Transports,Réseau de transport de la Capitale,Réseau de transport de la Capitale,Transport collectif,Économie et environnement,03 – Capitale-Nationale,Centre d’exploitation du Réseau de transport de la Capitale,Québec,Bonification
339,"Écoquartier, îlot central du technopôle Angus – Montréal – Construction","La Société du patrimoine Angus implante un écoquartier à vocation mixte, sur une friche industrielle contaminée d’une superficie de 37 000 m², soit l’îlot central du technopôle Angus, situé dans l’arrondissement de Rosemont–La Petite-Patrie, à Montréal. Le projet prévoit plus de 360 unités résidentielles, dont la majorité à des fins de logements sociaux et abordables, des salles de bureau, des locaux commerciaux et divers aménagements publics.
La Ville de Montréal a reçu, en vertu du décret numéro 315-2018 du 21 mars 2018, une aide financière gouvernementale de 20,5 M$ pour soutenir la réalisation des infrastructures vertes de l’écoquartier (gestion des sols contaminés, infrastructures de gestion de l’eau, lieux publics, boucle énergétique).",250000000,20500000,229500000,,2029-03-31,En réalisation,"Mars 2021
Le projet a été autorisé à l’étape « En réalisation ».
Mars 2020
Le projet a été autorisé à l’étape « En planification ».",Ministre responsable de la Métropole et de la région de Montréal,Ville de Montréal,Société du patrimoine Angus,Municipalités,Économie et environnement,06 – Montréal,Îlot central du technopôle Angus ,Montréal,Construction
340,Projet structurant de transport collectif de type service rapide par bus dans l’axe des boulevards Notre-Dame et de la Concorde – Laval – Bonification,"Le projet vise l’implantation d’un mode structurant de transport collectif dans l’axe des boulevards Notre-Dame et de la Concorde, sur le territoire de Laval, qui permettrait de répondre à certains enjeux de mobilité pressants.",,,,,,À l’étude,"Mars 2020
Le projet a été autorisé à l’étape « À l’étude ».",Ministre des Transports,Autorité régionale de transport métropolitain,Autorité régionale de transport métropolitain en association avec le ministère des Transports,Transport collectif,Économie et environnement,13 – Laval,Transport collectif,Laval,Bonification
341,"Bromont, montagne d’expériences – Construction et acquisition","Le projet vise à attirer davantage de touristes d’ici et d’ailleurs pour les inciter à prolonger leur séjour dans la région afin d’accroître les retombées économiques.
Il consiste notamment à l’agrandissement et à la modernisation des infrastructures d’accueil et d’accès à la montagne, à la mise en valeur de la montagne, à l’ajout d’activités et à la mise en place d’hébergements adaptés qui permettront d’enrichir l’offre durant les quatre saisons.",75700000,9600000,66100000,2017-01-01,2023-05-31,En service,"Mars 2021
La mise en service de l’infrastructure a été autorisée. De plus, la modification de la date de la mise en service complète a été autorisée, initialement prévue en mai 2025, elle est devancée à mai 2023.
Mars 2020
Le projet a été autorisé à l’étape « En réalisation ».",Ministre du Tourisme,"Bromont, montagne d’expériences","Bromont, montagne d’expériences",Tourisme et activités récréatives,Économie et environnement,16 – Montérégie,Station touristique de Bromont,Bromont,Construction et acquisition
342,Station touristique Owl’s Head – Mansonville – Construction et acquisition,"Le projet vise à attirer davantage de touristes d’ici et d’ailleurs pour les inciter à prolonger leur séjour dans la région afin d’accroître les retombées économiques.
Il consiste notamment à la modernisation des infrastructures actuelles et à l’ajout d’installations récréotouristiques en vue d’une pratique multiactivités, de même qu’à la mise en place d’hébergements intégrés et adaptés qui permettront d’enrichir l’offre durant les quatre saisons.",161900000,20400000,141500000,2018-01-01,2025-04-30,En service,"Mars 2021
La mise en service de l’infrastructure a été autorisée.
Mars 2020
Le projet a été autorisé à l’étape « En réalisation ».",Ministre du Tourisme,Destination Owl’s Head inc.,Destination Owl’s Head inc.,Tourisme et activités récréatives,Économie et environnement,05 – Estrie,Station touristique Owl’s Head ,Mansonville,Construction et acquisition
343,Pont Alonzo-Wright et approches est et ouest – Gatineau – Construction et réaménagement,"Le projet consiste en l’élargissement du pont Alonzo-Wright, de deux à quatre, ce qui inclut le réaménagement du carrefour des côtés est (avenue du pont et route 307) et ouest (chemin Alonzo Wright et route 105). Les voies ainsi ajoutées seront dédiées au transport collectif et au covoiturage. Le projet permettra d’améliorer la fonctionnalité, le bilan de sécurité et le niveau de service. Il assurera également la cohabitation entre les divers usagers (piétons, cyclistes, voitures et transport en commun).",,,,,,En planification,"Mars 2020
Le projet a été autorisé à l’étape « En planification ».",Ministre des Transports,Ministère des Transports,Ministère des Transports,Réseau routier,Économie et environnement,07 – Outaouais,Pont Alonzo Wright,Gatineau,Construction et réaménagement
344,Route 158 entre Saint-Alexis et Joliette – Réaménagement,"Le projet vise à renforcer la sécurité routière en plus d’améliorer la fluidité de la circulation de cet axe routier entre Saint-Alexis et Joliette. Il consiste au réaménagement de cette portion de la route 158, qui comportera quatre voies avec un séparateur physique ainsi qu’un échangeur, à l’intersection de la route 343, à Saint-Paul, et une bretelle d’accès de la route 158 est à partir du chemin Archambault, à Crabtree.",,,,,,En planification,"Mars 2020
Le ministre des Transports a autorisé le projet à l’étape « En planification ».",Ministre des Transports,Ministère des Transports,Ministère des Transports,Réseau routier,Économie et environnement,14 – Lanaudière,Route 158,Saint-Alexis et Joliette,Réaménagement
345,Rue Notre-Dame Ouest entre le boulevard Angrignon et la rue De Courcelle (secteur de Turcot) – Montréal – Réaménagement,"Le projet vise l’amélioration de l’axe Notre-Dame Ouest, dans le secteur de l’échangeur Turcot, pour ainsi favoriser la connectivité entre les différents secteurs de la ville de Montréal, via un réseau routier local plus performant.",,,,,,En planification,"Mars 2020
Le projet a été autorisé à l’étape « En planification ».",Ministre des Transports,Ministère des Transports,Ville de Montréal,Réseau routier,Économie et environnement,06 – Montréal,Rue Notre-Dame,Montréal,Réaménagement
346,Route 139 – Granby – Réfection et construction,"Le plan d’intervention sur la route 139 se situe entre l’autoroute 10 et la rue Dufferin. Il vise à améliorer la fluidité et la sécurité des usagers sur ce tronçon de la route 139. Il comporte trois interventions, soit le réaménagement de l’échangeur 68, la construction d’un échangeur, à l’intersection de la route 112, et le réaménagement de la route 139 entre la route 112 et la rue Dufferin, à Granby.",,,,,,En planification,"Mars 2020
Le projet a été autorisé à l’étape « En planification ».",Ministre des Transports,Ministère des Transports,Ministère des Transports,Réseau routier,Économie et environnement,16 – Montérégie,Route 139,Granby,Réfection et construction
347,Résidence Plaisance des Îles – Cap-aux-Meules – Construction,"Le projet consiste à construire un édifice pour accueillir la Résidence Plaisance des Îles, qui sera évolutive et destinée à une clientèle multiple, sur le site de l’ancien CHSLD Villa Plaisance.",,,,,,En planification,"Mars 2020
Le projet a été autorisé à l’étape « En planification ».",Ministre de la Santé et des Services sociaux,Résidence Plaisance des Îles,Résidence Plaisance des Îles,Santé et Services sociaux,Santé et Services sociaux,11 – Gaspésie–Îles-de-la-Madeleine,Résidence Plaisance des Îles,Cap-aux-Meules,Construction
348,Structures de l’autoroute 720 – Montréal (arrondissement de Ville-Marie) – Réfection,"Le projet concerne la portion de l’autoroute 720 dans l’arrondissement de Ville-Marie à Montréal , entre l’avenue Greene et le tunnel Ville-Marie, qui n’a pas été reconstruite lors du projet de l’échangeur Turcot. Il vise à assurer la sécurité des usagers et la pérennité des infrastructures.",92800000,92800000,0,2021-12-31,2031-12-31,En réalisation,"Mars 2021
Le projet a été autorisé à l’étape « En réalisation ».


Mars 2020
Le projet a été autorisé à l’étape « En planification ».",Ministre des Transports,Ministère des Transports,Ministère des Transports,Réseau routier,Économie et environnement,06 – Montréal,Autoroute 720,Montréal,Réfection
350,Équipement avionique des avions CL415 – Régions administratives du Québec – Modernisation,Le projet consiste en la modernisation majeure des systèmes avioniques (électriques et électroniques) utilisés notamment pour la navigation des avions-citernes.,56200000,56200000,0,2022-02-01,2024-05-31,En réalisation,"Mars 2021
La modification de la date du début de la mise en service a été autorisée. Initialement prévue en mai 2020, elle est reportée à février 2022.
Mars 2020
Le projet a été autorisé à l’étape « En réalisation ».",Ministre des Transports,Ministère des Transports,Ministère des Transports,"Transport maritime, aérien, ferroviaire et autres",Économie et environnement,Plusieurs régions du Québec,Avion CL-415,Québec,Modernisation
351,Navires – Traverses du centre du Québec – Acquisition,"Le projet consiste à ajouter un navire de relève pour certaines traverses du centre et de l’ouest du Québec (Tadoussac–Baie-Sainte-Catherine, Saint-Joseph-de-la-Rive–Île-aux-Coudres et Sorel-Tracy–Saint-Ignace-de-Loyola).",,,,,,En planification,"Mars 2020
Le projet a été autorisé à l’étape « En planification ».",Ministre des Transports,Société des traversiers du Québec,Société des traversiers du Québec,"Transport maritime, aérien, ferroviaire et autres",Économie et environnement,03 – Capitale-Nationale; 09 – Côte-Nord; 12 – Chaudière-Appalaches; 14 – Lanaudière; 16 – Montérégie,Navires,Centre et ouest du Québec,Acquisition
352,Réseau de télécommunication – Nunavik – Construction,"Le projet permettra d’améliorer la capacité à large bande dans 5 collectivités au Nunavik, au moyen de fibre optique sous-marine et de technologie microondes. Ce projet fournira un accès à un service à large bande dédié à 18 institutions publiques (éducation, sécurité publique, santé et services sociaux, etc.).",125700000,62600000,63100000,2022-03-01,2023-03-31,En réalisation,"Mars 2020
Le projet a été autorisé à l’étape « En réalisation ».",Ministre de l’Économie et de l’Innovation,Société du Plan Nord,Administration régionale Kativik,Développement du territoire nordique,Économie et environnement,10 – Nord-du-Québec,Réseau de télécommunication,Nunavik,Construction
353,Infrastructures numériques – MRC d’Antoine-Labelle – Construction,Le projet présenté consiste à connecter 16 478 logements et commerces répartis dans l’ensemble des 17 municipalités du territoire de la MRC par un réseau de fibres optiques.,50200000,13400000,36800000,2019-11-01,2022-12-01,En service,"Mars 2021
La mise en service de l’infrastructure a été autorisée.
Mars 2020
Le projet a été autorisé à l’étape « En réalisation ».",Ministre de l’Économie et de l’Innovation,MRC d’Antoine-Labelle,MRC d’Antoine-Labelle,"Agriculture, forêts, faune et autres",Économie et environnement,15 – Laurentides,Infrastructures numériques,MRC d’Antoine-Labelle,Construction
354,Autobus hybrides de douze mètres de la STM – Montréal – Remplacement,"Le projet vise à acquérir 61 autobus hybrides, selon le plan de gestion du parc d’autobus.",53700000,21500000,32200000,2019-04-30,2020-04-30,En service,"Mars 2021
Une baisse de  6,9 M$ au coût du projet a été réalisée. Initialement prévu à 60,6 M$, le coût est maintenant de 53,7 M$. Ainsi, la contribution du Québec passe de 24,2 M$ à 21,5 M$, et celle des partenaires, de 36,4 M$ à 32,2 M$. La mise en service complète de l’infrastructure a été autorisée. Le projet sera retiré du tableau de bord lors de la prochaine mise à jour annuelle.
Mars 2020
Le projet a été autorisé à l’étape « En réalisation ».",Ministre des Transports,Société de transport de Montréal,Société de transport de Montréal,Transport collectif,Économie et environnement,06 – Montréal,Autobus hybrides de 12 mètres de la Société de transport de Montréal,Montréal,Remplacement
357,"Hôpital Charles-Le Moyne, santé mentale – Longueuil – Maintien et bonification","Le projet consiste à déployer un centre intégré en santé mentale pour jeunes et adultes, à l’hôpital Charles-Le Moyne, afin de regrouper divers services existants et aussi d’augmenter les services.",,,,,,À l’étude,"Mars 2020
Le projet a été autorisé à l’étape « À l’étude ».",Ministre de la Santé et des Services sociaux,Centre intégré de santé et de services sociaux de la Montérégie-Centre,Société québécoise des infrastructures,Santé et Services sociaux,Santé et Services sociaux,16 – Montérégie,Hôpital Charles-Le Moyne,Longueuil,Maintien et bonification
358,"Autoroute 20, direction est, entre Beloeil et Sainte-Julie, voie réservée – Aménagement",Le projet consiste en l’élargissement de l’autoroute 20 est de Sainte-Julie à Beloeil sur un tronçon d’environ 13 km à l’intérieure de l’emprise existante. Ce projet vise à résoudre un problème de congestion par l’aménagement d’une voie réservée sur l’autoroute 20 est entre l’autoroute 30 et la rivière Richelieu.,,,,,,En planification,"Mars 2020
Le projet a été autorisé à l’étape « En planification ».",Ministre des Transports,Ministère des Transports,Ministère des Transports,Réseau routier,Économie et environnement,16 – Montérégie,Autoroute 20,De Beloeil à Sainte-Julie,Aménagement
360,Structures de l’autoroute 520 (Côte-de-Liesse) entre l’autoroute 20 et l’autoroute 40 – Montréal et Dorval – Reconstruction,"Les projets visent la reconstruction de six ponts de l’autoroute 520 (Côte-de-Liesse) au-dessus du boulevard Cavendish, de la rue Hickmore, de la montée de Liesse, de l’autoroute 13, de la 43e Avenue et de la 55e Avenue. Ces structures sont situées entre l’autoroute 20 et l’autoroute 40 à Montréal et à Dorval. L’objectif est d’avoir de nouveaux ponts d’une durée de vie utile de 75 ans, ainsi que de séparer les structures de compétence municipale de celle sous la responsabilité du MTQ.",68700000,67600000,1100000,2015-03-01,2026-03-01,En service,"Mars 2021
Une hausse de 1,1 M$ au coût du projet a été autorisée. Initialement prévu à 67,6 M$, le coût est de 68,7 M$ à la suite de l’ajout de la contribution des partenaires qui s’élève à 1,1 M$.
Mars 2020
Le projet a été autorisé à l’étape « En réalisation ».",Ministre des Transports,Ministère des Transports,Ministère des Transports,Réseau routier,Économie et environnement,06 – Montréal,Autoroute 520,"Montréal
Dorval",Reconstruction
361,Route 138 entre La Romaine et Tête-à-la-Baleine – Bonification,"Le prolongement de la route 138, entre Kegaska et Vieux-Fort (environ 400 km), vise à relier les communautés du Golfe-du-Saint-Laurent entre elles et avec le reste du Québec et, ainsi, à désenclaver cette population qui n’a pas d’accès direct au réseau routier québécois. Plus particulièrement, le parachèvement de la route 138, entre La Romaine et Tête-à-la-Baleine, représente un segment d’environ 150 kilomètres qui permettra d’améliorer la mobilité des personnes et des marchandises ainsi que l’accès aux services et aux commerces.",,,,,,À l’étude,"Mars 2020
Le projet a été autorisé à l’étape « À l’étude ».",Ministre des Transports,Ministère des Transports,Ministère des Transports,Réseau routier,Économie et environnement,09 – Côte-Nord,Route 138,Côte-Nord,Bonification
362,Route 138 entre La Tabatière et Vieux-Fort – Bonification,"Le prolongement de la route 138, entre Kegaska et Vieux-Fort (environ 400 km), vise à relier les communautés du Golfe-du-Saint-Laurent entre elles et avec le reste du Québec et, ainsi, à désenclaver cette population qui n’a pas d’accès direct au réseau routier québécois. Plus particulièrement, le parachèvement de la route 138, entre La Tabatière et Vieux-Fort, représente un segment d’environ 150 kilomètres qui permettra d’améliorer la mobilité des personnes et des marchandises ainsi que l’accès aux services et aux commerces.",,,,,,À l’étude,"Mars 2020
Le projet a été autorisé à l’étape « À l’étude ».",Ministre des Transports,Ministère des Transports,Ministère des Transports,Réseau routier,Économie et environnement,09 – Côte-Nord,Route 138,Côte-Nord,Bonification
364,Projets structurants de transport collectif électrique pour prolonger le REM vers le centre de Laval et relier l’Est et l’Ouest de Laval – Bonification,"Ces projets visent l’amélioration de la mobilité de la couronne nord, en s’appuyant notamment sur l’interconnexion avec le REM et sur une branche est-ouest dans l’axe de l’autoroute 440. L’implantation d’un mode structurant de transport collectif dans ce secteur permettra de réduire la congestion routière et de soulager la branche est de ligne orange du métro de Montréal. CDPQ infra étudie ces projets.",,,,,,À l’étude,"Mars 2020
Le projet a été autorisé à l’étape « À l’étude ».",Ministre des Transports,À déterminer,À déterminer,Transport collectif,Économie et environnement,06 – Montréal; 13 – Laval,Transport collectif,Laval,Bonification
365,NM Saaremaa I – Traverses de l’est du Québec – Acquisition et réfection,"Le projet vise l’acquisition du NM Saaremaa 1 et sa réfection, afin que le navire réponde aux normes canadiennes et aux standards de la Société des traversiers du Québec ainsi que pour l’adapter, au besoin, aux infrastructures terrestres (quais, embarcadères, passerelles, etc.).",48800000,48800000,0,2019-07-31,2022-02-28,En service,,Ministre des Transports,Société des traversiers du Québec,Société des traversiers du Québec,"Transport maritime, aérien, ferroviaire et autres",Économie et environnement,01 – Bas-Saint-Laurent;03 – Capitale-Nationale,NM Saaremaa I,Rivière-du-Loup et Saint-Siméon,Acquisition et réfection
366,École primaire Domaine-Vert Nord du centre de services scolaire de la Seigneurie-des-Mille-Îles – Mirabel – Construction,"Le projet a consisté en la construction d’une école primaire à Mirabel, sur le territoire du centre de services scolaire de la Seigneurie-des-Mille-Îles. Quatre classes d’éducation préscolaire et vingt-quatre d’enseignement primaire ont été construites afin de réduire le déficit d’espace reconnu par le Ministère.",26600000,25300000,1300000,,2020-10-31,En service,"Mars 2021
La modification de la date de la mise en service a été autorisée. Initialement prévue en août 2020 elle a été reportée à octobre 2020.  La mise en service complète de l’infrastructure a été autorisée. Le projet sera retiré du tableau de bord lors de la prochaine mise à jour annuelle.",Ministre de l’Éducation,Centre de services scolaire de la Seigneurie-des-Mille-Îles,Centre de services scolaire de la Seigneurie-des-Mille-Îles,Éducation,Éducation et culture,15 – Laurentides,École primaire Domaine-Vert Nord,Mirabel,Construction
367,École primaire du centre de services scolaire de la Rivière-du-Nord (secteur 3) – Saint-Jérôme – Construction,"Le projet consiste en la construction d’une école primaire à Saint-Jérôme, dans le secteur 3 du territoire du centre de services scolaire de la Rivière-du-Nord. Afin de réduire le déficit d’espace reconnu par le Ministère, deux classes de maternelle 4 ans, quatre classes d’éducation préscolaire et vingt-quatre d’enseignement primaire sont prévues.",,,,,,En planification,,Ministre de l’Éducation,Centre de services scolaire de la Rivière-du-Nord,Centre de services scolaire de la Rivière-du-Nord,Éducation,Éducation et culture,15 – Laurentides,École primaire du centre de services scolaire de la Rivière-du-Nord (secteur 3) ,Saint-Jérôme,Construction
368,École secondaire Académie Dunton du centre de services scolaire de Montréal (arrondissement de Mercier–Hochelaga-Maisonneuve) – Agrandissement,"Le projet consiste en l’agrandissement de l’école secondaire Académie Dunton, à Montréal, dans l’arrondissement de Mercier–Hochelaga-Maisonneuve, sur le territoire du centre de services scolaire de Montréal. Au total, 554 places-élèves sont prévues afin de réduire le déficit d’espace reconnu par le Ministère.",,,,,,En planification,,Ministre de l’Éducation,Centre de services scolaire de Montréal,Centre de services scolaire de Montréal,Éducation,Éducation et culture,06 – Montréal,École secondaire Académie Dunton,Montréal (arrondissement de Mercier–Hochelaga-Maisonneuve),Agrandissement
369,École secondaire Jean-Baptiste-Meilleur du centre de services scolaire des Affluents – Repentigny – Agrandissement,"Le projet consiste en l’agrandissement de l’école secondaire Jean-Baptiste-Meilleur, à Repentigny, sur le territoire du centre de services scolaire des Affluents. Au total, 667 places-élèves sont prévues afin de réduire le déficit d’espace reconnu par le Ministère.",,,,,,En planification,,Ministre de l’Éducation,Centre de services scolaire des Affluents,Centre de services scolaire des Affluents,Éducation,Éducation et culture,14 – Lanaudière,École secondaire Jean-Baptiste-Meilleur,Repentigny,Agrandissement
370,École secondaire spécialisée Irénée-Lussier du centre de services scolaire de Montréal – Construction,"Le projet consiste en la construction d’un établissement spécialisé pour des élèves handicapés ou en difficulté d’adaptation ou d’apprentissage, soit l’école Irénée-Lussier du centre de services scolaire de Montréal, répartie actuellement sur trois sites. La nouvelle école regroupera les services en offrant 250 places-élèves.",77100000,77100000,0,,2023-06-01,En réalisation,"Décembre 2020
Le projet a été autorisé à l’étape « En réalisation ».
Mars 2020
Le projet a été autorisé à l’étape « En planification ».",Ministre de l’Éducation,Centre de services scolaire de Montréal,Centre de services scolaire de Montréal en association avec la Société québécoise des infrastructures,Éducation,Éducation et culture,06 – Montréal,École secondaire spécialisée Irénée-Lussier,Montréal,Construction
371,École Allancroft du centre de services scolaire Lester-B.-Pearson – Beaconsfield – Agrandissement et réaménagement ,"Le projet consiste en l’acquisition, en l’agrandissement et au réaménagement de l’école Allancroft, à Beaconsfield, sur le territoire du centre de services scolaires Lester-B.-Pearson, par le centre de services scolaire Marguerite-Bourgeoys. Celle-ci souhaite rapatrier les élèves de l’école John-F.-Kennedy à mandat régional de scolarisation, les élèves handicapés et les élèves en difficulté d’adaptation ou d’apprentissage.",,,,,,En planification,,Ministre de l’Éducation,Centre de services scolaire Lester-B.-Pearson,Centre de services scolaire Lester-B.-Pearson,Éducation,Éducation et culture,06 – Montréal,École Allancroft,Beaconsfield,Agrandissement et réaménagement
372,École spécialisée du centre de services scolaire de Laval (secteur Laval-des-Rapides) – Construction,"Le projet consiste en la construction d’une école spécialisée à Laval, dans le secteur de Laval-des-Rapides, sur le territoire du centre de services scolaire de Laval. Ce nouvel établissement accueillera les élèves handicapés de l’école Alphonse-Desjardins.",,,,,,En planification,,Ministre de l’Éducation,Centre de services scolaire de Laval,Centre de services scolaire de Laval,Éducation,Éducation et culture,13 – Laval,École spécialisée du centre de services scolaire de Laval (secteur Laval-des-Rapides,Laval (secteur Laval-des-Rapides),Construction
373,École secondaire Antoine-Brossard du centre de services scolaire Marie-Victorin – Brossard – Agrandissement,"Le projet consiste en l’agrandissement de l’école secondaire Antoine-Brossard à Brossard, sur le territoire du centre de services scolaire Marie-Victorin. 696 places-élèves sont prévues au projet, afin de réduire le déficit d’espace reconnu par le Ministère.",,,,,,En planification,,Ministre de l’Éducation,Centre de services scolaire Marie-Victorin,Centre de services scolaire Marie-Victorin,Éducation,Éducation et culture,16 – Montérégie,École secondaire Antoine-Brossard,Brossard,Agrandissement
374,École secondaire Armand-Corbeil du centre de services scolaire des Affluents – Terrebonne – Agrandissement,"Le projet consiste en l’agrandissement de l’école secondaire Armand-Corbeil, à Terrebonne, sur le territoire du centre de services scolaire des Affluents. Au total, 416 places-élèves sont prévues afin de réduire le déficit d’espace reconnu par le Ministère.",,,,,,En planification,,Ministre de l’Éducation,Centre de services scolaire des Affluents,Centre de services scolaire des Affluents,Éducation,Éducation et culture,14 – Lanaudière,École secondaire Armand-Corbeil,Terrebonne,Agrandissement
375,École primaire du centre de services scolaire des Portages-de-l’Outaouais – Pontiac – Construction,"Le projet consiste en la construction d’une école primaire à Pontiac, sur le territoire du centre de services scolaire des Portages-de-l’Outaouais. Quatre classes de maternelle 4 ans, quatre d’éducation préscolaire et vingt-quatre d’enseignement primaire sont prévues afin de réduire le déficit d’espace reconnu par le Ministère.",,,,,,En planification,,Ministre de l’Éducation,Centre de services scolaire des Portages-de-l’Outaouais,Centre de services scolaire des Portages-de-l’Outaouais,Éducation,Éducation et culture,07 – Outaouais,École primaire du centre de services scolaire des Portages-de-l’Outaouais,Pontiac,Construction
376,École secondaire le Carrefour du centre de services scolaire des Patriotes – Varennes – Agrandissement,"Le projet consiste en l’agrandissement de l’école secondaire le Carrefour, à Varennes, sur le territoire du centre de services scolaire des Patriotes. Au total, 377 places-élèves sont prévues afin de réduire le déficit d’espace reconnu par le Ministère.",,,,,,En planification,,Ministre de l’Éducation,Centre de services scolaire des Patriotes,Centre de services scolaire des Patriotes,Éducation,Éducation et culture,16 – Montérégie,École secondaire le Carrefour du centre de services scolaire des Patriotes,Varennes,Agrandissement
378,École secondaire du centre de services scolaire des Portages-de-l’Outaouais (secteur des Rapides-Deschênes) – Gatineau – Construction,"Le projet consiste en la construction d’une école secondaire à Gatineau, dans le secteur des Rapides-Deschênes, sur le territoire du centre de services scolaire des Portages-de-l’Outaouais. Au total, 810 places-élèves sont prévues afin de réduire le déficit d’espace reconnu par le Ministère.",28800000,28600000,200000,,2021-09-30,En réalisation,,Ministre de l’Éducation,Centre de services scolaire des Portages-de-l’Outaouais,Centre de services scolaire des Portages-de-l’Outaouais,Éducation,Éducation et culture,07 – Outaouais,École secondaire du centre de services scolaire des Portages-de-l’Outaouais (secteur des Rapides-Deschênes),Gatineau,Construction
379,École secondaire du centre de services scolaire des Portages-de-l’Outaouais (secteur de l’Amérique-française) – Gatineau – Construction,"Le projet consiste en la construction d’une école secondaire à Gatineau, dans le secteur de l’Amérique-Française, sur le territoire du centre de services scolaire des Portages-de-l’Outaouais. Au total, 810 places-élèves sont prévues afin de réduire le déficit d’espace reconnu par le Ministère.",,,,,,En planification,,Ministre de l’Éducation,Centre de services scolaire des Portages-de-l’Outaouais,Centre de services scolaire des Portages-de-l’Outaouais,Éducation,Éducation et culture,07 – Outaouais,École secondaire du centre de services scolaire des Portages-de-l’Outaouais (secteur de l’Amérique-française),Gatineau,Construction
380,École primaire et secondaire du centre de services scolaire de Laval (secteur Val-Martin) – Construction,"Le projet consiste en la construction d’une école primaire à Laval, dans le secteur de Val-Martin, sur le territoire du centre de services scolaire de Laval. Huit classes d’éducation préscolaire, vingt-quatre d’enseignement primaire et quatre spécialisées pour les élèves handicapés et en difficulté d’adaptation ou d’apprentissage sont prévues afin de réduire le déficit d’espace reconnu par le Ministère.",,,,,,En planification,,Ministre de l’Éducation,Centre de services scolaire de Laval,Centre de services scolaire de Laval,Éducation,Éducation et culture,13 – Laval,École primaire-secondaire du centre de services scolaire de Laval (secteur Val-Martin),Laval (secteur Val-Martin),Construction
381,École primaire du centre de services scolaire de la Pointe-de-l’Île – Montréal (arrondissement de Montréal-Nord) – Construction,"Le projet consiste en la construction d’une école primaire à Montréal, dans l’arrondissement de Montréal-Nord, sur le territoire du centre de services scolaire de la Pointe-de-l’Île. Six classes d’éducation préscolaire et trente-six d’enseignement primaire sont prévues afin de réduire le déficit d’espace reconnu par le Ministère.",,,,,,En planification,,Ministre de l’Éducation,Centre de services scolaire de la Pointe-de-l’Île,Société québécoise des infrastructures,Éducation,Éducation et culture,06 – Montréal,École primaire du centre de services scolaire de la Pointe-de-l’Île – Montréal (arrondissement Montréal-Nord),Montréal (arrondissement de Montréal-Nord),Construction
382,École primaire du centre de services scolaire de Montréal (arrondissement de Mercier–Hochelaga-Maisonneuve) – Acquisition et réaménagement ,"Le projet consiste en l’acquisition et au réaménagement de l’ancienne école Hochelaga, à Montréal, dans l’arrondissement de Mercier–Hochelaga-Maisonneuve, sur le territoire du centre de services scolaire de Montréal. Trois classes d’éducation préscolaire et dix-huit d’enseignement primaire sont prévues afin de réduire le déficit d’espace reconnu par le Ministère.",,,,,,En planification,,Ministre de l’Éducation,Centre de services scolaire de Montréal,Société québécoise des infrastructures,Éducation,Éducation et culture,06 – Montréal,École primaire du centre de services scolaire de Montréal (arrondissement Mercier-Hochelaga-Maisonneuve),Montréal (arrondissement de Mercier–Hochelaga-Maisonneuve),Acquisition et réaménagement
383,École primaire du centre de services scolaire des Affluents (secteur Jardins du Coteau) – Mascouche – Construction ,"Le projet consiste en la construction d’une école primaire à Mascouche, dans le secteur Jardins du Coteau, sur le territoire du centre de services scolaire des Affluents. Quatre classes de maternelle 4 ans, six d’éducation préscolaire et vingt-six d’enseignement primaire sont prévues afin de réduire le déficit d’espace reconnu par le Ministère.",,,,,,En planification,,Ministre de l’Éducation,Centre de services scolaire des Affluents,Centre de services scolaire des Affluents,Éducation,Éducation et culture,14 – Lanaudière,École primaire du centre de services scolaire des Affluents (secteur Jardins du Coteau),Mascouche,Construction
384,École primaire du centre de services scolaire des Laurentides – Saint-Sauveur – Construction,"Le projet consiste en la construction d’une école primaire à Saint-Sauveur, sur le territoire du centre de services scolaire des Laurentides. Quatre classes d’éducation préscolaire, vingt-quatre d’enseignement primaire et trois spécialisées pour les élèves handicapés et en difficulté d’adaptation ou d’apprentissage sont prévues afin de réduire le déficit d’espace reconnu par le Ministère.",,,,,,En planification,,Ministre de l’Éducation,Centre de services scolaire des Laurentides,Centre de services scolaire des Laurentides,Éducation,Éducation et culture,15 – Laurentides,École primaire du centre de services scolaire des Laurentides,Saint-Sauveur,Construction
385,École primaire du centre de services scolaire Marie-Victorin (secteur Sacré-Cœur) – Longueuil – Construction,"Le projet consiste en la construction d’une école primaire à Longueuil, dans le secteur Sacré-Cœur, sur le territoire du centre de services scolaire Marie-Victorin. Deux classes de maternelle 4 ans, quatre d’éducation préscolaire et vingt-quatre d’enseignement primaire sont prévues afin de réduire le déficit d’espace reconnu par le Ministère.",20800000,20800000,0,,2021-05-31,En réalisation,,Ministre de l’Éducation,Centre de services scolaire Marie-Victorin,Centre de services scolaire Marie-Victorin,Éducation,Éducation et culture,16 – Montérégie,École primaire du centre de services scolaire Marie-Victorin (secteur Sacré-Cœur),Longueuil,Construction
386,École secondaire de la commission scolaire Kativik – Inukjuak – Construction ,"Le projet consiste en la construction d’une école secondaire à Inukjuak, sur le territoire de la commission scolaire Kativik, afin de réduire le déficit d’espace reconnu par le Ministère et de répondre aux particularités du Nunavik",34500000,25900000,8600000,,2021-09-30,En réalisation,"Mars 2021
La modification de la date de la mise en service de l’infrastructure a été autorisée. Initialement prévue en janvier 2021, elle est reportée à septembre 2021.",Ministre de l’Éducation,Commission scolaire Kativik,Commission scolaire Kativik,Éducation,Éducation et culture,10 – Nord-du-Québec,École secondaire de la commission scolaire de Kativik,Inukjuak ,Construction
387,École primaire et secondaire spécialisée Jean-Piaget du centre de services scolaire de Laval – Construction,"Le projet consiste en la construction d’une école spécialisée à Laval, sur le territoire du centre de services scolaire de Laval. Ce nouvel établissement accueillera les élèves handicapés ou en difficulté d’adaptation d’apprentissage de l’école Jean-Piaget.",,,,,,En planification,,Ministre de l’Éducation,Centre de services scolaire de Laval,Centre de services scolaire de Laval,Éducation,Éducation et culture,13 – Laval,École primaire et secondaire spécialisée Jean-Piaget,Laval,Construction
388,École primaire et secondaire alternative du centre de services scolaire Marie-Victorin – Longueuil – Construction,"Le projet consiste en la construction d’une école primaire-secondaire alternative à Longueuil, sur le territoire du centre de services scolaire Marie-Victorin. Au total, 28 classes sont prévues afin de combler le déficit d’espace reconnu par le Ministère.",26100000,26100000,0,,2021-06-30,En réalisation,"Mars 2021
Une baisse de 2,8 M$ au coût du projet a été autorisée. Initialement prévu à 28,9 M$, le coût est maintenant de 26,1 M$.",Ministre de l’Éducation,Centre de services scolaire Marie-Victorin,Centre de services scolaire Marie-Victorin,Éducation,Éducation et culture,16 – Montérégie,École primaire-secondaire alternative du centre de services scolaire Marie-Victorin,Longueuil,Construction
389,Aréna Raymond‐Bourque – Montréal – Réfection,"Le projet de réfection de l’aréna Raymond-Bourque consiste notamment en des travaux de remplacement du système de réfrigération existant par un système qui utilise l’ammoniac comme réfrigérant, de remplacement des dalles réfrigérées des patinoires et de mise aux normes du bâtiment ainsi qu’à l’amélioration de la sécurité et à l’implantation de mesures d’économie d’énergie.",23200000,7500000,15700000,,2021-03-01,En service,"Mars 2021
La mise en service complète de l’infrastructure a été autorisée. Le projet sera retiré du tableau de bord lors de la prochaine mise à jour annuelle.",Ministre de l’Éducation,Ville de Montréal,Ville de Montréal,Développement du sport,Éducation et culture,06 – Montréal,Aréna Raymond-Bourque,Montréal,Réfection
390,Écoles secondaires Casavant et Fadette du centre de services scolaire de Saint-Hyacinthe – Agrandissement,"Le projet consiste en la construction d’une école secondaire à Saint-Hyacinthe, sur le territoire du centre de services scolaire de Saint-Hyacinthe. Au total, 900 places-élèves sont prévues afin de réduire le déficit d’espace reconnu par le Ministère.",,,,,,En planification,,Ministre de l’Éducation,Centre de services scolaire de Saint-Hyacinthe,Centre de services scolaire de Saint-Hyacinthe,Éducation,Éducation et culture,16 – Montérégie,École secondaire du centre de services scolaire de Saint-Hyacinthe,Saint-Hyacinthe,Construction
391,École secondaire du centre de services scolaire Marguerite-Bourgeoys – Dorval – Construction,"Le projet consiste en la construction d’une école secondaire à Dorval, sur le territoire du centre de services scolaire Marguerite-Bourgeoys. Au total, 33 classes sont prévues afin de réduire le déficit d’espace reconnu par le Ministère.",,,,,,En planification,,Ministre de l’Éducation,Centre de services scolaire Marguerite-Bourgeoys,Centre de services scolaire Marguerite-Bourgeoys,Éducation,Éducation et culture,06 – Montréal,École secondaire du centre de services scolaire Marguerite-Bourgeoys,Dorval,Construction
392,École primaire du centre de services scolaire de la Rivière-du-Nord (secteur 2) – Saint-Jérôme – Construction,"Le projet consiste en la construction d’une école primaire à Saint-Jérôme, dans le secteur 2 du territoire du centre de services scolaire de la Rivière-du-Nord. Deux classes de maternelle 4 ans, quatre classes d’éducation préscolaire et vingt-quatre d’enseignement primaire sont prévues afin de réduire le déficit d’espace reconnu par le Ministère.",,,,,,En planification,,Ministre de l’Éducation,Centre de services scolaire de la Rivière-du-Nord,Centre de services scolaire de la Rivière-du-Nord,Éducation,Éducation et culture,15 – Laurentides,École primaire du centre de services scolaire de la Rivière-du-Nord (secteur 2),Saint-Jérôme,Construction
393,École primaire du centre de services scolaire Marie-Victorin (secteur Saint-Lambert) – Longueuil – Construction,"Le projet consiste en la construction d’une école primaire à Longueuil (secteur Saint-Lambert), sur le territoire du centre de services scolaire Marie-Victorin. Quatre classes de maternelle 4 ans, quatre d’éducation préscolaire et vingt-quatre d’enseignement primaire sont prévues afin de réduire le déficit d’espace reconnu par le Ministère.",,,,,,En planification,,Ministre de l’Éducation,Centre de services scolaire Marie-Victorin,Centre de services scolaire Marie-Victorin,Éducation,Éducation et culture,16 – Montérégie,École primaire du centre de services scolaire Marie-Victorin,Longueuil,Construction
394,École primaire (A) du centre de services scolaire Marie-Victorin – Brossard – Construction,"Le projet consiste en la construction d’une école primaire à Brossard, sur le territoire du centre de services scolaire Marie-Victorin. Quatre classes de maternelle 4 ans, quatre d’éducation préscolaire et vingt-quatre d’enseignement primaire sont prévues afin de réduire le déficit d’espace reconnu par le Ministère.",,,,,,En planification,,Ministre de l’Éducation,Centre de services scolaire Marie-Victorin,Centre de services scolaire Marie-Victorin,Éducation,Éducation et culture,16 – Montérégie,École primaire du centre de services scolaire Marie-Victorin,Brossard,Construction
395,École primaire du centre de services scolaire des Grandes-Seigneuries – Léry – Construction,"Le projet proposé par le centre de services scolaire vise à construire une école pour accueillir six groupes d’éducation préscolaire, dix-huit groupes d’enseignement primaire et deux classes pour les élèves handicapés et en difficulté d’adaptation ou d’apprentissage.",,,,,,En planification,,Ministre de l’Éducation,Centre de services scolaire des Grandes-Seigneuries,Centre de services scolaire des Grandes-Seigneuries,Éducation,Éducation et culture,16 – Montérégie,École primaire spécialisée du centre de services scolaire des Grandes-Seigneuries,Léry,Construction
396,École primaire du centre de services scolaire de Montréal (secteur Griffintown) – Construction,"Le projet consiste en la construction d’une école primaire à Montréal, dans le secteur Griffintown, sur le territoire du centre de services scolaire de Montréal. Trois classes d’éducation préscolaire et 18 classes d’enseignement primaire sont prévues au projet, afin de réduire le déficit d’espace reconnu par le Ministère.",,,,,,En planification,,Ministre de l’Éducation,Centre de services scolaire de Montréal,Centre de services scolaire de Montréal,Éducation,Éducation et culture,06 – Montréal,École primaire du centre de services scolaire de Montréal (secteur Griffintown),Montréal (secteur Griffintown),Construction
397,École primaire du centre de services scolaire des Trois-Lacs – Vaudreuil-Dorion – Construction,"Le projet consiste en la construction d’une école primaire à Vaudreuil-Dorion, sur le territoire du centre de services scolaire des Trois-Lacs. Trois classes de maternelle 4 ans, trois d’éducation préscolaire et dix-huit d’enseignement primaire sont prévues afin de réduire le déficit d’espace reconnu par le Ministère.",,,,,,En planification,,Ministre de l’Éducation,Centre de services scolaire des Trois-Lacs,Centre de services scolaire des Trois-Lacs,Éducation,Éducation et culture,16 – Montérégie,École primaire du centre de services scolaire des Trois-Lacs,Vaudreuil-Dorion,Construction
398,École primaire du centre de services scolaire des Patriotes – Carignan – Construction,"Le projet consiste en la construction d’une école primaire à Carignan, sur le territoire du centre de services scolaire des Patriotes. Quatre classes de maternelle, quatre d’éducation préscolaire et vingt-quatre d’enseignement primaire sont prévues afin de réduire le déficit d’espace reconnu par le Ministère.",,,,,,En planification,,Ministre de l’Éducation,Centre de services scolaire des Patriotes,Centre de services scolaire des Patriotes,Éducation,Éducation et culture,16 – Montérégie,École primaire du centre de services scolaire des Patriotes,Carignan,Construction
399,École primaire du centre de services scolaire de Saint-Hyacinthe – Construction ,"Le projet consiste en la construction d’une école primaire à Saint-Hyacinthe, sur le territoire du centre de services scolaire de Saint-Hyacinthe. Trois classes de maternelle 4 ans, trois d’éducation préscolaire et dix-huit d’enseignement primaire sont prévues afin de réduire le déficit d’espace reconnu par le Ministère.",,,,,,En planification,,Ministre de l’Éducation,Centre de services scolaire de Saint-Hyacinthe,Centre de services scolaire de Saint-Hyacinthe,Éducation,Éducation et culture,16 – Montérégie,École primaire du centre de services scolaire de Saint-Hyacinthe,Saint-Hyacinthe,Construction
400,Polyvalente de Saint-Georges du centre de services scolaire de la Beauce-Etchemin – Saint-Georges – Agrandissement,"Le projet consiste en l’agrandissement de la polyvalente de Saint-Georges sur le territoire du centre de services scolaire de la Beauce-Etchemin, par l’ajout de quatre classes, d’un gymnase et d’une piscine. Il est réalisé en partenariat avec la ville.",,,,,,En planification,,Ministre de l’Éducation,Centre de services scolaire de la Beauce-Etchemin,Centre de services scolaire de la Beauce-Etchemin,Éducation,Éducation et culture,12 – Chaudière-Appalaches,Polyvalente Saint-Georges,Saint-Georges,Agrandissement
401,École Le Tournesol du centre de services scolaire de la Pointe-de-l’Île – Montréal – Agrandissement,"Le projet consiste en l’agrandissement de l’école Le Tournesol, à Montréal, dans l’arrondissement de Rivière-des-Prairies–Pointe-aux-Trembles, sur le territoire du centre de services scolaire de la Pointe-de-l’Île. Au total, 23 classes sont prévues afin de réduire le déficit d’espace reconnu par le Ministère.",,,,,,En planification,,Ministre de l’Éducation,Centre de services scolaire de la Pointe-de-l’Île,Centre de services scolaire de la Pointe-de-l’Île,Éducation,Éducation et culture,06 – Montréal,École Le Tournesol ,Montréal,Agrandissement
402,École primaire du centre de services scolaire de Laval (secteur est) – Construction ,"Le projet consiste en la construction d’une école primaire à Laval, dans le secteur est, du territoire du centre de services scolaire de Laval. Quatre classes d’éducation préscolaire et dix-sept d’enseignement primaire sont prévues afin de réduire le déficit d’espace reconnu par le Ministère.",,,,,,En planification,,Ministre de l’Éducation,Centre de services scolaire de Laval,Centre de services scolaire de Laval,Éducation,Éducation et culture,13 – Laval,École primaire du centre de services scolaire de Laval (secteur est),Laval (secteur est),Construction
403,École primaire du centre de services scolaire Marguerite-Bourgeoys – Mont-Royal – Construction ,"Le projet consiste en la construction d’une école primaire à Mont-Royal, sur le territoire du centre de services scolaire Marguerite-Bourgeoys. Trois classes d’éducation préscolaire et 26 d’enseignement primaire sont prévues afin de réduire le déficit d’espace reconnu par le Ministère.",,,,,,En planification,,Ministre de l’Éducation,Centre de services scolaire Marguerite-Bourgeoys,Centre de services scolaire Marguerite-Bourgeoys,Éducation,Éducation et culture,06 – Montréal,École primaire du centre de services scolaire Marguerite-Bourgeoys,Mont-Royal,Construction
404,École primaire (A) du centre de services scolaire Marguerite-Bourgeoys – Montréal (arrondissement de Saint-Laurent) – Construction,"Le projet consiste en la construction d’une école primaire à Montréal, dans l’arrondissement de Saint-Laurent, sur le territoire du centre de services scolaire Marguerite-Bourgeoys. Trois classes de maternelle 4 ans, trois d’éducation préscolaire et dix-huit d’enseignement primaire sont prévues afin de réduire le déficit d’espace reconnu par le Ministère.",,,,,,En planification,,Ministre de l’Éducation,Centre de services scolaire Marguerite-Bourgeoys,Centre de services scolaire Marguerite-Bourgeoys,Éducation,Éducation et culture,06 – Montréal,École primaire (A) du centre de services scolaire Marguerite-Bourgeoys,Montréal (arrondissement de Saint-Laurent),Construction
405,École Les-Enfants-du-Monde du centre de services scolaire de Montréal (arrondissement de Côte-des-Neiges–Notre-Dame-de-Grâce) – Agrandissement,"Le projet consiste en l’agrandissement de l’école primaire Les-Enfants-du-Monde, à Montréal, dans l’arrondissement de Côte-des-Neiges–Notre-Dame-de-Grâce, sur le territoire du centre de services scolaire de Montréal. Quatre classes d’éducation préscolaire et dix d’enseignement primaire sont prévues afin de réduire le déficit d’espace reconnu par le Ministère.",,,,,,En planification,,Ministre de l’Éducation,Centre de services scolaire de Montréal,Centre de services scolaire de Montréal,Éducation,Éducation et culture,06 – Montréal,École Les-Enfants-du-Monde,Montréal (arrondissement de Côte-des-Neiges–Notre-Dame-de-Grâce),Agrandissement
406,Complexe sportif Girardin– Drummondville – Construction,"Le projet consiste en la construction d’un complexe sportif qui comprendra une patinoire, des salles multifonctionnelles, des locaux administratifs et de rangement ainsi que des gradins pour la patinoire et pour le terrain synthétique. Enfin, une mezzanine sera aménagée, entre autres pour un local de rangement et une salle de repos. Le projet prévoit aussi des travaux d’aménagement de l’emplacement qui comprendra un stationnement.",,,,,,En planification,,Ministre de l’Éducation,Ville de Drummondville,Ville de Drummondville,Développement du sport,Éducation et culture,17 – Centre-du-Québec,Complexe sportif Girardin,Drummondville,Construction
407,École Tukisiniarvik de la commission scolaire Kativik – Akulivik – Agrandissement,"Le projet consiste en l’agrandissement de l’école primaire et secondaire d’Akulivik, sur le territoire de la commission scolaire Kativik, afin de réduire le déficit d’espace reconnu par le Ministère et de répondre aux particularités du Nunavik.",,,,,,En planification,,Ministre de l’Éducation,Commission scolaire Kativik,Commission scolaire Kativik,Éducation,Éducation et culture,10 – Nord-du-Québec,École Tukisiniarvik,Akulivik,Agrandissement
409,Théâtre du Nouveau Monde – Montréal – Réfection et Agrandissement,"Le projet vise un agrandissement et le réaménagement de plusieurs locaux du théâtre, le maintien de certains actifs ainsi que l’achat d’équipements spécialisés. Plus précisément, une salle de répétition et une salle d’affaires seront ajoutées. Le hall d’entrée et les locaux administratifs seront agrandis. Les foyers et la billetterie seront reconfigurés. Finalement, les équipements scéniques seront renouvelés.",,,,,,En planification,,Ministre de la Culture et des Communications,Théâtre du Nouveau Monde,Théâtre du Nouveau Monde,Culture,Éducation et culture,06 – Montréal,Théâtre du Nouveau Monde,Montréal,Réfection et agrandissement
410,Barrage Mathieu-D’Amours – Matane – Reconstruction,"Le projet vise une reconstruction complète du barrage Mathieu-D’Amours, situé au centre-ville de Matane.",,,,,,En planification,,Ministre de l’Environnement et de la Lutte contre les changements climatiques,Ministère de l’Environnement et de la Lutte contre les changements climatiques,Ministère de l’Environnement et de la Lutte contre les changements climatiques,Environnement,Économie et environnement,01 – Bas-Saint-Laurent,Barrage Mathieu-D’Amours,Matane,Reconstruction
411,Parc national d’Opémican – Laniel – Construction,"Le parc national d’Opémican vise à protéger un territoire grandiose de 252 km² bordé, de part et d’autre, par les lacs Témiscamingue et Kipawa. Situé à cinq heures de route de Gatineau et environ quatre heures de Toronto, le parc national d’Opémican deviendra une destination incontournable de nature et de culture.
En plus de mettre en valeur des milieux naturels exceptionnels, l’ampleur du patrimoine culturel du parc surprendra les visiteuses et visiteurs, que ce soit par l’entremise du site historique d’Opémican ou par la présence de la nation algonquine sur le territoire.
Les touristes pourront profiter de prêt-à-camper Étoile, de campings aménagés sous les grands pins, de pistes de randonnée familiale, d’activités nautiques sur des berges sablonneuses et d’une expérience patrimoniale unique dans les bâtiments historiques restaurés. Quant aux aventurières et aventuriers à la recherche de sensations fortes, ils pourront découvrir des sites de canot-camping isolés sur des îles, une rivière d’eau vive impétueuse, des sentiers de randonnée spectaculaires en arrière-pays et des prêt-à-camper juchés au-dessus des parois rocheuses.",36000000,36000000,0,2019-06-01,2024-06-01,En service,"Mars 2021
La modification de la date de la mise en service complète a été autorisée. Initialement prévue en juin 2023, elle est reportée à juin 2024.","Ministre des Forêts, de la Faune et des Parcs",Société des établissements de plein air du Québec,Société des établissements de plein air du Québec,Tourisme et activités récréatives,Économie et environnement,08 – Abitibi-Témiscamingue,Parc national d’Opémican,Laniel,Construction
412,École secondaire Du Coteau du centre de services scolaire des Affluents – Mascouche – Agrandissement,"Le projet consiste en l’agrandissement de l’école secondaire du Coteau, à Mascouche, sur le territoire du centre de services scolaire des Affluents. Au total, 580 places-élèves sont prévues afin de réduire le déficit d’espace reconnu par le Ministère.",,,,,,En planification,,Ministre de l’Éducation,Centre de services scolaire des Affluents,Centre de services scolaire des Affluents,Éducation,Éducation et culture,14 – Lanaudière,École secondaire du Coteau du centre de services scolaire des Affluents,Mascouche,Agrandissement
413,"Université de Sherbrooke, pavillon de médecine personnalisée et de recherche translationnelle – Construction","La Faculté de médecine et des sciences de la santé (FMSS) de l’Université de Sherbrooke présente un déficit d’espace dû à une croissance des activités de recherche de la faculté, au nombre de chercheurs, aux octrois de recherche et au nombre de chaires de recherche. Le projet vise la construction d’un pavillon de médecine personnalisée et de recherche translationnelle (PMPRT) de 5 973 m² nets (9 635 m² bruts), sur cinq étages. Ce nouveau pavillon, consacré à la recherche sur le campus de l’Université de Sherbrooke, permettra :
•d’offrir un environnement de travail répondant aux normes et aux exigences réglementaires actuelles en matière de contrôle de paramètres environnementaux, de santé et de sécurité du travail (SST), de sûreté nucléaire et de biosécurité (biosûreté);
•	de regrouper les activités de recherche de la FMSS de l’Université de Sherbrooke dans le nouveau pavillo;
•	de diminuer le déficit d’espace en recherche au Campus de la sant;
•de réassigner, à des fins d’enseignement, 3 000 m² nets d’espace dans l’aile IV du Centre hospitalier universitaire de Sherbrooke (CHUS) – Hôpital Fleurimont actuellement loués pour la recherche;
•de rétrocéder un espace équivalent à 1 790 m² nets au CIUSSS de l’Estrie-CHUS;
• de regrouper les équipements spécialisés afin d’en optimiser l’utilisation par l’ensemble des équipes de recherche sur le campus.",39400000,35500000,3900000,,2023-04-01,En réalisation,"Mars 2021
La modification de la date de la mise en service a été autorisée, initialement prévue en décembre 2022, elle est reportée à avril 2023.",Ministre de l’Économie et de l’Innovation,Université de Sherbrooke,Université de Sherbrooke,Recherche,Économie et environnement,05 – Estrie,"Université de Sherbrooke, pavillon de médecine personnalisée et de recherche transrationnelle",Sherbrooke,Construction
415,"École de technologie supérieure, pavillon principal – Montréal – Réaménagement","L’École de technologie supérieure fait face à un défi important quant au soutien et à l’avancement de la recherche, en raison d’un déficit d’espace. Le projet vise la transformation de salles de classe et de locaux d’étudiants en 26 laboratoires de recherche. La conversion, notamment, des 29 salles de classe et de plus de 50 locaux et ateliers de clubs étudiants implique une superficie d’environ 7 400 m² bruts (approximativement 6 670 m² nets). Le projet contribuera à l’excellence de la recherche universitaire, à la formation de la relève, à la valorisation des résultats de recherche et à la qualité de l’enseignement universitaire.",36400000,21800000,14600000,2021-08-31,2021-12-31,En réalisation,"Mars 2021
La modification des dates de début et de fin de la mise en service a été autorisée. Initialement prévue en mai 2021, la date du début de la mise en service est reportée à août 2021 et la date de la mise en service complète, initialement prévue en septembre 2021, est reportée à décembre 2021.",Ministre de l’Économie et de l’Innovation,École de technologie supérieure,École de technologie supérieure,Recherche,Économie et environnement,06 – Montréal,"École de technologie supérieur, pavillon principal",Montréal,Réaménagement
416,Installations d’accueil des croisiéristes internationaux – Québec – Construction et acquisition,"Le projet consiste en la construction d’un terminal de croisières permanent au quai 30, dans le secteur de l’Estuaire du port de Québec. Il permettra de doubler la capacité d’accueil, d’améliorer celle des navires de fort gabarit, d’accroître l’expérience client, avec un deuxième terminal qui répondra aux standards d’accueil internationaux, de combler les besoins logistiques pour les activités d’embarquement et de débarquement ainsi que d’augmenter la capacité des infrastructures, pour accueillir 400 000 croisiéristes d’ici 2025.",30000000,15000000,15000000,,2021-07-31,En réalisation,,Ministre du Tourisme,Administration portuaire de Québec,Administration portuaire de Québec,Tourisme et activités récréatives,Économie et environnement,03 – Capitale-Nationale,Installations d’accueil des croisiéristes internationaux ,Québec,Construction et acquisition
417,Zoo de Granby – Construction et acquisition,"Le projet vise l’amélioration et la modernisation des infrastructures du parc animalier, afin d’en faire une institution de conservation zoologique reconnue mondialement et une destination touristique incontournable dans l’est de l’Amérique du Nord, de poursuivre sa croissance et d’accroître son rayonnement et son incidence touristique et économique.
Le projet consiste notamment au réaménagement des infrastructures zoologiques, à la modernisation et au réaménagement des infrastructures du parc récréotouristique ainsi qu’à l’amélioration du produit d’affaires et d’activités afin d’enrichir l’offre quatre saisons.",36000000,18000000,18000000,2018-03-01,2023-06-30,En service,,Ministre du Tourisme,Société zoologique de Granby inc.,Zoo de Granby,Tourisme et activités récréatives,Économie et environnement,16 – Montérégie,Zoo de Granby,Granby,Construction et acquisition
418,Bâtiment d’hébergement temporaire – Puvirnituq – Agrandissement,"Le projet consiste en l’agrandissement du quartier cellulaire de Puvirnituq. Au terme des travaux, il permettra l’hébergement temporaire des personnes incarcérées, ce qui améliorera les conditions de détention. Douze cellules y seront construites, pour une capacité maximale d’occupation de 34 détenus. Une section pour les femmes est aussi prévue.",23000000,23000000,0,,2021-06-30,En réalisation,,Ministre responsable de l’Administration gouvernementale,Ministère de la Sécurité publique,Société québécoise des infrastructures,Administration gouvernementale,Gouverne et justice,10 – Nord-du-Québec,Bâtiment d’hébergement temporaire,Puvirnituq,Agrandissement
419,"Université McGill, pavillon Macdonald-Stewart – Montréal – Réfection","Le pavillon Macdonald-Stewart de l’Université McGill, qui abrite la bibliothèque, date de 1893. Il affiche un indice de vétusté préoccupant et présente un important déficit de maintien des actifs.
Le projet vise à restaurer l’enveloppe du bâtiment, à procéder à la réfection de la maçonnerie des façades prioritaires de l’immeuble et à profiter de l’occasion pour effectuer plusieurs mises aux normes et régler de nombreux éléments d’entretien différé.",26200000,26200000,0,,2022-12-01,En réalisation,"Mars 2020
Le projet a été autorisé à l’étape « En réalisation ».",Ministre de l’Enseignement supérieur,Université McGill,Université McGill,Enseignement supérieur,Éducation et culture,06 – Montréal,"Université McGill, pavillon MacDonald-Stewart",Montréal,Réfection
420,"Université du Québec à Montréal, pavillon Sanguinet – Réfection et agrandissement ","Le projet consiste en la rénovation et l’agrandissement du pavillon Sanguinet afin d’y aménager le décanat, les unités administratives de l’École des sciences de la gestion de même que des salles de cours de 2e cycle, des salles de travail d’équipe et des espaces informels d’apprentissage.
Les travaux incluent notamment le retrait, le renforcement ou l’ajout des éléments structuraux requis, la réhabilitation des éléments d’enveloppe conservés, le remplacement des fenêtres, l’agrandissement de deux étages (niveaux 5 et 6), l’aménagement intérieur complet, le remplacement des différentes composantes et systèmes mécaniques électriques, l’intégration d’une œuvre d’art et l’obtention d’une certification LEED.",46700000,42300000,4400000,,2023-08-01,En réalisation,"Mars 2021
Le projet a été autorisé à l’étape « En réalisation ».",Ministre de l’Enseignement supérieur,Université du Québec à Montréal,Université du Québec à Montréal,Enseignement supérieur,Éducation et culture,06 – Montréal,"Université du Québec à Montréal, pavillon Sanguinet",Montréal,Réfection et agrandissement
421,"École de technologie supérieure, pavillon F – Montréal – Construction ",Le projet consiste en la construction d’un pavillon destiné à des activités de recherche et d’innovation. Il sera conçu avec la même facture architecturale que la Maison des étudiants pour renforcer l’image de cohésion du campus.,,,,,,En planification,"Octobre 2020
Le projet a été autorisé à l’étape « En planification ».",Ministre de l’Enseignement supérieur,École de technologie supérieure,École de technologie supérieure,Enseignement supérieur,Éducation et culture,06 – Montréal,"École de technologie supérieure, pavillon F",Montréal,Construction
423,Aéroport régional de Rouyn-Noranda – Agrandissement et réfection,"Le projet consiste en l’agrandissement et la mise à niveau de l’aéroport, soit la construction d’une nouvelle aérogare, l’augmentation de la capacité du stationnement, le réaménagement des voies d’accès sur le terrain ainsi que la remise en état du réseau d’eau potable, du réseau d’eaux usées, de la centrale électrique et d’un poste de carburant.",37200000,12400000,24800000,,2021-09-01,En réalisation,,Ministre des Affaires municipales et de l’Habitation,Ville de Rouyn-Noranda,Ville de Rouyn-Noranda,Municipalités,Économie et environnement,08 – Abitibi-Témiscamingue,Aéroport régional de Rouyn-Noranda,Rouyn-Noranda,Agrandissement et réfection
424,"Station de traitement des eaux usées, usine de production d’oxygène – Montréal – Construction","Le projet consiste en la construction d’une usine de production d’oxygène, qui servira à alimenter les ozoneurs utilisés pour désinfecter l’eau à la station de traitement des eaux usées Jean-R.-Marcotte de Montréal.",32100000,13700000,18400000,,2023-12-01,En réalisation,"Mars 2021
Un addenda au protocole d’entente, intervenu entre les parties, a été signé reportant la date de la mise en service initialement prévue en décembre 2021 à décembre 2023.",Ministre des Affaires municipales et de l’Habitation,Ville de Montréal,Ville de Montréal,Municipalités,Économie et environnement,06 – Montréal,"Station de traitement des eaux usées, usine de production d’oxygène",Montréal,Construction
425,Réseau d’eaux pluviales – Saint-Lambert (rue Riverside) – Construction,Le projet consiste en l’implantation d’un collecteur pluvial et en la séparation des réseaux combinés afin de diminuer les débordements d’eaux usées dans la voie maritime du Saint-Laurent.,32800000,21900000,10900000,,2020-10-30,En service,"Mars 2021
La modification de la date de la mise en service complète a été autorisée. Initialement prévue en août 2021, elle a été devancée à octobre 2020. La mise en service complète du projet a ainsi été autorisée. Il sera retiré du tableau de bord lors de la prochaine mise à jour annuelle.",Ministre des Affaires municipales et de l’Habitation,Ville de Saint-Lambert,Ville de Saint-Lambert,Municipalités,Économie et environnement,16 – Montérégie,Réseau d’eaux pluviales,Saint-Lambert (rue Riverside),Construction
426,Réseau d’eau potable et d’eaux usées – Léry (secteur est) – Agrandissement et construction,"La Ville de Léry désire offrir à ses citoyennes et citoyens de la partie est les mêmes services qu’à ceux de la partie ouest. L’eau potable proviendra de Châteauguay, tandis que les eaux usées seront traitées dans la station existante après son agrandissement. Le projet prévoit la construction de conduites d’aqueduc et d’égout pour servir environ 460 résidences existantes.",30400000,20300000,10100000,,2023-12-31,En réalisation,,Ministre des Affaires municipales et de l’Habitation,Ville de Léry,Ville de Léry,Municipalités,Économie et environnement,16 – Montérégie,Réseau d’eau potable et d’eaux usées,Léry (secteur est),Agrandissement et construction
427,"Zoo de Saint-Félicien, Centre de conservation de la biodiversité boréale (CCBB) inc.– Construction et acquisition","Le projet vise l’amélioration et la modernisation des infrastructures afin de rehausser la qualité de l’expérience touristique de ce parc animalier qui constitue l’un des principaux produits reconnus régionalement. Il s’inscrit en droite ligne avec le virage que le parc a entrepris en faveur de la boréalie, dans le but de faire vivre des émotions uniques aux visiteuses et visiteurs et d’accroître les retombées économiques et touristiques pour la région.
Le projet consiste notamment à réaménager les habitats des animaux afin de leur assurer de meilleures conditions de vie et d’offrir aux visiteuses et visiteurs du parc une expérience enrichissante. Il vise également le réaménagement et la construction de ses infrastructures publiques et récréatives.",32500000,26000000,6500000,2015-04-01,2021-12-31,En service,,Ministre du Tourisme,Centre de conservation de la biodiversité boréale (CCBB) inc.,Centre de conservation de la biodiversité boréale (CCBB) inc.,Tourisme et activités récréatives,Économie et environnement,02 – Saguenay–Lac-Saint-Jean,"Zoo de Saint-Félicien, Centre de conservation de la biodiversité boréale (CCBB) inc.",Saint-Félicien,Construction et acquisition
428,Parc Safari – Saint-Bernard-de-Lacolle – Construction et acquisition,"Le projet vise l’amélioration et la modernisation des infrastructures du parc animalier afin d’en bonifier l’attractivité en renouvelant et en rehaussant la qualité de l’expérience touristique. Ces investissements vont renforcer l’importance du Parc comme attrait majeur de la région de la Montérégie, ce qui contribuera à accroître les retombées économiques et touristiques.
Le projet consiste notamment à moderniser, à réaménager et à construire des installations zoologiques, ainsi qu’à réaménager et à construire des infrastructures publiques et récréatives.",24000000,12000000,12000000,2017-07-01,2022-12-31,En service,,Ministre du Tourisme,Fondation des amis du Parc Safari,Fondation des amis du Parc Safari,Tourisme et activités récréatives,Économie et environnement,16 – Montérégie,Parc Safari,Saint-Bernard-de-Lacolle,Construction et acquisition
429,"Université McGill, espaces et équipements de recherche – Montréal – Réaménagement et acquisition","Le projet vise l’aménagement intérieur du sous-sol du pavillon D de l’École de technologie supérieure afin de permettre le transfert des systèmes Beluga et MINI/CBRAIN ainsi que l’installation de la nouvelle capacité demandée par Innovation, Sciences et Développement économique Canada. La salle des serveurs offrira de la capacité d’expansion tant du point de vue de l’espace que pour l’aspect technique. Elle bénéficiera d’une capacité d’urgence en refroidissement et en génératrices. Elle disposera d’une puissance électrique, pour la phase initiale, de 2 MW, de laquelle 1 500 kW seront alloués aux calculateurs haute performance, et 500 kW aux systèmes à haute disponibilité (fonctionnement maintenu en cas de problème électrique).",41500000,20000000,21500000,,2021-04-30,En service,"Mars 2021
La mise en service de l’infrastructure a été autorisée.",Ministre de l’Économie et de l’Innovation,Université McGill,Université McGill,Recherche,Économie et environnement,06 – Montréal,"Université McGill, espaces et équipements de recherche",Montréal,Réaménagement et acquisition
431,Centre d’hébergement et de soins de longue durée – Macamic – Agrandissement et réaménagement,"Le projet consiste en l’agrandissement par l’ajout d’un bâtiment de 96 lits fortement inspiré du concept de maison des aînés sur le territoire Centre intégré de santé et de services sociaux (CISSS) de l’Abitibi-Témiscamingue pour héberger la clientèle provenant du bâtiment actuel. Cette nouvelle installation prévoit 14 lits pour la clientèle en santé mentale et déficience intellectuelle. Le besoin est généré principalement par l’état de vétusté fonctionnelle et physique. 

Ce projet de transformation du parc de lits d’hébergement permettra de desservir la clientèle âgée grandissante, à proximité, dans des milieux adaptés à leur condition, favorisant un service axé sur les meilleures pratiques selon la vision du CISSS et les orientations ministérielles en soins de longue durée.",65000000,65000000,0,,2024-06-30,En réalisation,"Décembre 2020
Le projet a été autorisé à l’étape « En réalisation ».",Ministre de la Santé et des Services sociaux,Centre intégré de santé et de services sociaux de l’Abitibi-Témiscamingue,Société québécoise des infrastructures,Santé et Services sociaux,Santé et Services sociaux,08 – Abitibi-Témiscamingue,Centre d’hébergement et de soins de longue durée,Macamic,Agrandissement et réaménagement
432,"Hôpital de Gaspé, urgence et soins intensifs – Agrandissement","Le projet consiste en un agrandissement permettant de relocaliser, sur un seul niveau, tous les services de l’urgence et des soins intensifs. Les salles de mécanique et d’électricité seront aménagées au sous-sol qui occupera une partie de l’agrandissement. Un lien horizontal, sur trois niveaux, permettra de joindre fonctionnellement et techniquement l’agrandissement à trois des niveaux de l’hôpital, dont celui du bloc opératoire. Le surdimensionnement structural pour un étage futur ainsi que les besoins d’espaces pour certains équipements mécaniques ont été intégrés au projet.",31700000,31700000,0,,2022-02-28,En réalisation,"Mars 2021
La modification de la date de la mise en service a été autorisée. Initialement prévue en mars 2021, elle est reportée à février 2022.",Ministre de la Santé et des Services sociaux,Centre intégré de santé et de services sociaux de la Gaspésie,Société québécoise des infrastructures,Santé et Services sociaux,Santé et Services sociaux,11 – Gaspésie–Îles-de-la-Madeleine,Hôpital de Gaspé,Gaspé,Agrandissement
434,"Villa Fraserville, centre jeunesse – Rivière-du-Loup – Agrandissement et réaménagement","Le projet consiste en un réaménagement et une mise à niveau des unités existantes ainsi qu’un agrandissement du bâtiment pour adjoindre, d’une part, un gymnase pouvant être partagé avec la population et, d’autre part, l’ensemble des services psychosociaux requis dont ceux de protection de la jeunesse, présentement situés au Centre hospitalier régional du Grand-Portage. La superficie totale du projet est de 4 814 m², dont 3 273 m² en réaménagement répartis sur quatre niveaux et 1 541 m² en agrandissement répartis sur trois niveaux (1 niveau de gymnase et 2 niveaux de bureaux).",21500000,21500000,0,,2022-08-31,En réalisation,"Mars 2021
La modification de la date de la mise en service a été autorisée. Initialement prévue en novembre 2021, elle est reportée à août 2022.",Ministre de la Santé et des Services sociaux,Centre intégré universitaire de santé et de services sociaux du Bas-Saint-Laurent,Société québécoise des infrastructures,Santé et Services sociaux,Santé et Services sociaux,01 – Bas-Saint-Laurent,"Villa Fraserville, centre jeunesse",Rivière-du-Loup,Agrandissement et réaménagement
435,"Institut universitaire en santé mentale de Québec, centre de neurophotonique et animalerie – Réaménagement","Le projet consiste en un déploiement d’une toute nouvelle plateforme de neuro-imagerie par résonance magnétique au Centre de recherche de l’IUSMQ. La phase A prévoit l’aménagement des laboratoires de la nouvelle Chaire d’excellence de recherche du Canada sur la neurophotonique dans le bâtiment principal et la phase B consiste en l’aménagement, dans le bâtiment S, d’une plateforme de neuro-imagerie chez l’humain et chez l’animal.",33700000,29500000,4200000,,2022-01-31,En réalisation,"Mars 2021
La modification de la date de la mise en service a été autorisée. Initialement prévue en août 2021, elle est reportée à janvier 2022.",Ministre de la Santé et des Services sociaux,Centre intégré universitaire de santé et de services sociaux de la Capitale-Nationale,Société québécoise des infrastructures,Santé et Services sociaux,Santé et Services sociaux,03 – Capitale-Nationale,Institut universitaire en santé mentale de Québec,Québec,Réaménagement
437,Buanderie du CISSS de Lanaudière – Joliette – Construction,"Le projet consiste en la construction d’un bâtiment pour relocaliser la buanderie sur un terrain adjacent au Centre hospitalier régional de Lanaudière (CHRDL). La solution immobilière a consisté en un bâtiment sur deux niveaux, d’une superficie totale brute de 5 771,7 m² afin d’assurer la sécurité d’approvisionnement et une productivité optimale pour répondre aux besoins actuels et futurs.",23600000,23600000,0,,2021-03-31,En service,"Mars 2021
La modification de la date de mise en service a été autorisée. Initialement prévue en septembre 2020, elle a été reportée à mars 2021.  La mise en service de l’infrastructure a été autorisée.",Ministre de la Santé et des Services sociaux,Centre intégré de santé et de services sociaux de Lanaudière,Centre intégré de santé et de services sociaux de Lanaudière en association avec la Société québécoise des infrastructures,Santé et Services sociaux,Santé et Services sociaux,14 – Lanaudière,Buanderie du CISSS de Lanaudière,Joliette,Construction
438,"Université McGill, faculté et unité de médecine familiale – Gatineau – Agrandissement","Le projet sur le campus médical en Outaouais de l’Université McGill comporte deux volets : l’implantation, à Gatineau, d’une faculté de médecine délocalisée de l’Université McGill et la relocalisation de l’unité de médecine familiale de Gatineau.
Le projet prévoit un agrandissement de 4 636 m², sur deux étages, au-dessus du service des urgences de l’hôpital de Gatineau.",32400000,32400000,0,,2021-02-01,En service,"Mars 2020
La mise en service de l’infrastructure a été autorisée.",Ministre de la Santé et des Services sociaux,Université McGill,Université McGill en association avec la Société québécoise des infrastructures,Santé et Services sociaux,Santé et Services sociaux,07 – Outaouais,Université McGill,Gatineau,Agrandissement
439,Centre d’hébergement et de soins de longue durée – Maniwaki – Construction,"Le projet, fortement inspiré des Maisons des aînées, consiste à regrouper dans un bâtiment d’une capacité de 100 lits les 69 lits de l’actuel centre d’hébergement et les 14 lits de l’unité de soins de longue durée de l’Hôpital de Maniwaki. À ces 83 places s’ajoutent 14 nouveaux lits. Le projet inclut également un centre de jour d’une capacité de 15 à 20 personnes ainsi qu’une salle des familles afin d’intégrer la culture autochtone.",70000000,70000000,0,,2023-12-31,En réalisation,"Décembre 2020
Le projet a été autorisé à l’étape « En réalisation ».",Ministre de la Santé et des Services sociaux,Centre intégré de santé et de services sociaux de l’Outaouais,Société québécoise des infrastructures,Santé et Services sociaux,Santé et Services sociaux,07 – Outaouais,Centre d’hébergement et de soins de longue durée,Maniwaki,Construction
440,"Hôpital de Gatineau, unité de périnatalité – Réaménagement",Le projet consiste en une reconfiguration complète du 3e étage de l’Hôpital de Gatineau afin d’y aménager une nouvelle unité des naissances comportant 32 chambres de type « TARP » (travail/accouchement/récupération/post-partum) ainsi que le réaménagement de la néonatalogie de 16 lits. Il inclut également l’aménagement de deux nouvelles salles de césarienne adjacentes au bloc opératoire actuel situé au 2e étage et l’aménagement de cliniques gynéco-obstétriques et « GARE » (grossesses à risques élevés) au 7e étage.,,,,,,En planification,,Ministre de la Santé et des Services sociaux,Centre intégré de santé et de services sociaux de l’Outaouais,Société québécoise des infrastructures,Santé et Services sociaux,Santé et Services sociaux,07 – Outaouais,Hôpital de Gatineau,Gatineau,Réaménagement
441,"Hôpital du Sacré-Cœur de Montréal, médecine nucléaire et ajout d’un tomographe par émission de positrons – Agrandissement",Le projet consiste à agrandir l’hôpital du Sacré-Cœur de Montréal afin de relocaliser la médecine nucléaire et d’implanter un appareil de tomographie par émission de positrons couplé à la tomodensitométrie (TEP-TDM) pour le territoire du Centre intégré universitaire de santé et de services sociaux du Nord-de-l’Île-de-Montréal (CIUSSS).,,,,,,En planification,,Ministre de la Santé et des Services sociaux,Centre intégré universitaire de santé et de services sociaux du Nord-de-l’Île-de-Montréal,Société québécoise des infrastructures,Santé et Services sociaux,Santé et Services sociaux,06 – Montréal,Hôpital du Sacré-Cœur de Montréal,Montréal,Agrandissement
442,Centre d’hébergement et de soins de longue durée – Lachute – Construction,Le projet consiste en la construction d’un centre d’hébergement et de soins de longue durée de 132 lits dans la municipalité de Lachute inspiré du modèle de Maison des aînés. Il permettra de relocaliser les lits des deux unités de soins de longue durée du Centre multiservices de santé et de services sociaux d’Argenteuil qui sont inadéquats pour ce type de clientèle.,,,,,,En planification,,Ministre de la Santé et des Services sociaux,Centre intégré de santé et de services sociaux des Laurentides,Société québécoise des infrastructures,Santé et Services sociaux,Santé et Services sociaux,15 – Laurentides,Centre d’hébergement et de soins de longue durée,Lachute,Construction
443,Centre d’hébergement Notre-Dame-de-la-Merci – Montréal – Réaménagement,"Le projet consiste en la rénovation majeure des unités de vie du Centre d’hébergement Notre-Dame-de-la-Merci, inspiré du modèle de Maison des aînés, ayant comme objectifs l’élimination des chambres à occupation multiple, l’amélioration des unités de vie par l’ajout de locaux communs, la modification des locaux de services et la mise aux normes électromécanique.",,,,,,En planification,,Ministre de la Santé et des Services sociaux,Centre intégré universitaire de santé et de services sociaux du Nord-de-l’Île-de-Montréal,Société québécoise des infrastructures,Santé et Services sociaux,Santé et Services sociaux,06 – Montréal,Centre d’hébergement Notre-Dame-de-la-Merci,Montréal,Réaménagement
444,Laboratoire serveur Optilab – Laval – Construction ,Le projet consiste en une construction sur la Rive-Nord de Montréal pour abriter les laboratoires médicaux de la grappe Laval-Laurentides-Lanaudière dans le cadre du projet Optilab visant la réorganisation des laboratoires médicaux du réseau de la Santé et Services sociaux.,,,,,,En planification,,Ministre de la Santé et des Services sociaux,Centre intégré de santé et de services sociaux de Laval,Société québécoise des infrastructures,Santé et Services sociaux,Santé et Services sociaux,13 – Laval,Laboratoire serveur Optilab,Laval,Construction
445,Centre d’hébergement du Rocher-Percé – Chandler – Agrandissement et réaménagement,"Le projet consiste en un agrandissement du centre d’hébergement du Rocher-Percé aussi connu sous le nom de centre d’hébergement Villa Pabos, inspiré des principes appliqués sur les maisons des aînés, afin d’aménager un total de 99 lits. 
La première phase du projet prévoit l’agrandissement du bâtiment existant afin d’accueillir 51 lits et la seconde phase prévoit un réaménagement majeur des ailes existantes pour une capacité d’accueil de 48 lits.",60000000,60000000,0,,2024-06-30,En réalisation,"Décembre 2020
Le projet a été autorisé à l’étape « En réalisation ».",Ministre de la Santé et des Services sociaux,Centre intégré de santé et de services sociaux de la Gaspésie,Société québécoise des infrastructures,Santé et Services Sociaux,Santé et Services sociaux,11 – Gaspésie–Îles-de-la-Madeleine,Centre d’hébergement et de soins de longue durée du Rocher-Percé,Chandler,Agrandissement et réaménagement
446,"Hôpital de Mont-Laurier, soins de courte durée – Agrandissement et réaménagement ","Le projet consiste en un agrandissement et en un réaménagement des unités de soins de courte durée (complexe mère-enfant, pédiatrie, gériatrie active, médecine et chirurgie ainsi que soins palliatifs) et de la pharmacie.",,,,,,En planification,,Ministre de la Santé et des Services sociaux,Centre intégré de santé et de services sociaux de Lanaudière,Société québécoise des infrastructures,Santé et Services Sociaux,Santé et Services sociaux,15 – Laurentides,Hôpital de Mont-Laurier,Mont-Laurier,Agrandissement et réaménagement
447,Centre d’hébergement de Vallée-de-la-Lièvre – Gatineau – Agrandissement,"Le projet consiste en l’agrandissement du centre d’hébergement existant de 80 lits, inspiré du modèle de Maison des aînés, auxquels s’ajouteront les 55 lits en provenance de l’unité de soins de longue durée de l’Hôpital de Papineau ainsi qu’un lit de répit.",,,,,,En planification,,Ministre de la Santé et des Services sociaux,Centre intégré de santé et de services sociaux de l’Outaouais,Société québécoise des infrastructures,Santé et Services sociaux,Santé et Services sociaux,07 – Outaouais,Centre d’hébergement de Vallée-de-la-Lièvre,Gatineau,Agrandissement
448,Laboratoire serveur Optilab – Longueuil – Construction,"Le projet consiste en la construction d’un laboratoire serveur dans le cadre du projet Optibal visant la réorganisation des laboratoires médicaux du réseau de la Santé et Services sociaux . Les activités qui auront cours dans le nouveau laboratoire sont la biochimie, l’hématologie, la microbiologie et la pathologie-cytologie, comme reconnues par le ministère de la Santé et des Services sociaux (MSSS) dans le cadre d’Optilab. Le bâtiment aura une superficie estimée à 6 000 m² bruts, sur un terrain vague situé à Saint-Bruno-de-Montarville.",67500000,67500000,0,,2025-01-31,En réalisation,"Décembre 2020
Le projet a été autorisé à l’étape « En réalisation ».",Ministre de la Santé et des Services sociaux,Centre intégré de santé et de services sociaux de la Montérégie-Centre,Société québécoise des infrastructures,Santé et Services sociaux,Santé et Services sociaux,16 – Montérégie,Laboratoire serveur Optilab,Longueuil,Construction
449,"Institut universitaire de cardiologie et de pneumologie de Québec, bloc opératoire – Agrandissement et réaménagement","Le projet consiste en la réalisation de la phase 2 du projet d’agrandissement et de réaménagement du bloc opératoire par l’aménagement d’une salle multidisciplinaire et le transfert des activités des salles existantes nos 1 et 7 dans de nouveaux espaces situés dans la coquille prévue à cette fin lors de la phase 1.
La superficie brute du réaménagement sera d’environ 761 m² tandis que la superficie d’aménagement de la coquille vide sera de 346 m². Au terme des deux phases, le bloc comptera dix salles, dont cinq seront neuves.",20400000,20400000,0,,2022-09-01,En réalisation,,Ministre de la Santé et des Services sociaux,Institut universitaire de cardiologie et de pneumologie de Québec – Université Laval,Société québécoise des infrastructures,Santé et Services sociaux,Santé et Services sociaux,03 – Capitale-Nationale,Institut universitaire de cardiologie et de pneumologie de Québec,Québec,Agrandissement et réaménagement
450,Laboratoire serveur Optilab – Sherbrooke – Construction,Le projet consiste en une construction d’une superficie brute de quelque 4 500 m² et un réaménagement d’environ 1 600 m² pour accueillir le laboratoire serveur de l’Estrie dans le cadre du projet Optilab visant la réorganisation des laboratoires médicaux du réseau de la Santé et Services sociaux.,,,,,,En planification,,Ministre de la Santé et des Services sociaux,Centre intégré universitaire de santé et de services sociaux de l’Estrie – Centre hospitalier universitaire de Sherbrooke,Société québécoise des infrastructures,Santé et Services sociaux,Santé et Services sociaux,05 – Estrie,Laboratoire serveur Optilab,Sherbrooke,Construction
451,"Hôtel-Dieu de Lévis, pavillon d’enseignement – Construction",Le projet consiste en la construction d’un bâtiment à l’Hôtel-Dieu de Lévis pouvant accueillir les cohortes d’étudiants dans le cadre du projet de délocalisation partielle du programme de préexternat de la Faculté de médecine de l’Université Laval.,,,,,,En planification,,Ministre de la Santé et des Services sociaux,Centre intégré de santé et de services sociaux de Chaudière-Appalaches,Centre intégré de santé et de services sociaux de Chaudière-Appalaches,Santé et Services sociaux,Santé et Services sociaux,12 – Chaudière-Appalaches,Hôtel-Dieu de Lévis,Lévis,Construction
452,"Hôpital régional de Rimouski, pavillon d’enseignement – Construction",Le projet consiste en la construction d’un bâtiment à vocation pédagogique sur le site de l’Hôpital régional de Rimouski. Ce nouveau bâtiment pourra accueillir les cohortes d’étudiants dans le cadre du projet de délocalisation partielle du programme de préexternat de la Faculté de médecine de l’Université Laval.,,,,,,En planification,,Ministre de la Santé et des Services sociaux,Centre intégré de santé et de services sociaux du Bas-Saint-Laurent,Centre intégré de santé et de services sociaux du Bas-Saint-Laurent,Santé et Services sociaux,Santé et Services sociaux,01 – Bas-Saint-Laurent,Hôpital régional de Rimouski,Rimouski,Construction
453,Centre Miyupimaatisiiun communautaire – Oujé-Bougoumou – Construction,"Le projet consiste en la construction d’un bâtiment. Il s’articule autour de trois secteurs clés : les services partagés, la protection de la jeunesse et l’intervention clinique.",,,,,,En planification,,Ministre de la Santé et des Services sociaux,Conseil cri de la santé et des services sociaux de la Baie James,Conseil cri de la santé et des services sociaux de la Baie James,Santé et Services sociaux,Santé et Services sociaux,10 – Nord-du-Québec,Centre Miyupimaatisiiun communautaire d’Oujé-Bougoumou,Oujé-Bougoumou,Construction
454,Centre Miyupimaatisiiun communautaire – Waskaganish – Construction,"Le projet consiste en la construction d’un bâtiment. Il s’articule autour de trois secteurs clés : les services partagés, la protection de la jeunesse et l’intervention clinique.",,,,,,En planification,,Ministre de la Santé et des Services sociaux,Conseil cri de la santé et des services sociaux de la Baie James,Conseil cri de la santé et des services sociaux de la Baie James,Santé et Services sociaux,Santé et Services sociaux,10 – Nord-du-Québec,Centre Miyupimaatisiiun communautaire de Waskaganish,Waskaganish,Construction
455,Nouvelles-Casernes – Québec – Réfection,"Construites entre 1749 et 1752, les Nouvelles-Casernes sont un bâtiment classé historique. Celui-ci constitue un héritage majeur avec un intérêt patrimonial pour sa valeur tant historique qu’architecturale et archéologique. La Commission a divisé les travaux de consolidation en deux phases. Il s’agit d’un chantier patrimonial dont les travaux préparatoires et la planification rigoureuse sont essentiels, avec les différents partenaires. Certains travaux préparatoires ont été réalisés par la Commission, depuis l’été 2016, et la première phase s’est échelonnée du printemps 2018 à celui de 2020. La deuxième phase des travaux a débuté au printemps 2020.",21000000,20000000,1000000,,2022-12-31,En réalisation,,Ministre responsable de la région de la Capitale-Nationale,Commission de la capitale nationale du Québec,Commission de la capitale nationale du Québec,Tourisme et activités récréatives,Économie et environnement,03 – Capitale-Nationale,Nouvelles-Casernes,Québec,Réfection
456,École primaire du centre de services scolaire des Chênes – Drummondville – Construction,"Le projet consiste en la construction d’une école primaire à Drummondville, sur le territoire du centre de services scolaire des Chênes. Trois classes de maternelle 4 ans, trois d’éducation préscolaire et dix-huit d’enseignement primaire sont prévues afin de réduire le déficit d’espace reconnu par le Ministère.",,,,,,En planification,,Ministre de l’Éducation,Centre de services scolaire des Chênes,Centre de services scolaire des Chênes,Éducation,Éducation et culture,17 – Centre-du-Québec,École primaire du centre de services scolaire des Chênes – Drummondville,Drummondville,Construction
457,École Saint-Eugène du centre de services scolaire des Hautes-Rivières – Saint-Jean-sur-Richelieu – Agrandissement et réaménagement,"Le projet consiste en l’agrandissement de l’école primaire Saint-Eugène, à Saint-Jean-sur-Richelieu, dans le secteur de Saint-Jean, sur le territoire du centre de services scolaire des Hautes-Rivières. Quatre classes d’éducation préscolaire et treize d’enseignement primaire sont prévues afin de réduire le déficit d’espace reconnu par le Ministère.",22800000,22800000,0,,2020-11-30,En réalisation,,Ministre de l’Éducation,Centre de services scolaire des Hautes-Rivières,Centre de services scolaire des Hautes-Rivières,Éducation,Éducation et culture,16 – Montérégie,École Saint-Eugène du centre de services scolaire des Hautes-Rivières,Saint-Jean-sur-Richelieu,Agrandissement et réaménagement
458,École primaire du centre de services scolaire des Phares – Rimouski – Construction,"Le projet consiste en la construction d’une école primaire à Rimouski, sur le territoire du centre de services scolaire des Phares. Quatre classes de maternelle 4 ans, trois d’éducation préscolaire et dix-huit d’enseignement primaire sont prévues afin de réduire le déficit d’espace reconnu par le Ministère.",,,,,,En planification,,Ministre de l’Éducation,Centre de services scolaire des Phares,Centre de services scolaire des Phares,Éducation,Éducation et culture,01 – Bas-Saint-Laurent,École primaire du centre de services scolaire des Phares,Rimouski,Construction
459,"Stade olympique, funiculaire – Montréal – Réfection","Le projet consiste au remplacement du funiculaire de la Tour de Montréal ainsi qu’à la mise à niveau des gares inférieure et supérieure. Construit en 1987, le funiculaire est en fin de vie utile. Son remplacement va permettre d’accroître l’achalandage touristique.",25000000,25000000,0,,2023-05-01,En réalisation,"Mars 2021
Le projet a été autorisé à l’étape « En réalisation ».",Ministre du Tourisme,Parc olympique,Parc olympique,Tourisme et activités récréatives,Économie et environnement,06 – Montréal,"Stade olympique, Tour ",Montréal,Réfection
460,Route entre Schefferville et Kawawachikamach – Réfection,"Le projet propose une réfection majeure sur près de 14 km du chemin unique, comportant deux routes collectrices, permettant de relier la gare ferroviaire, la ville de Schefferville, l’aéroport, la communauté de Matimekush et la communauté de Kawawachikamach.
Le projet vise notamment le remplacement de ponceaux, la mise à niveau des courbes sous-standards et du profil vertical, le remplacement du système de drainage fermé ainsi que l’amélioration de celui-ci aux abords de la route, la mise aux normes des glissières ainsi que la pose d’enrobé bitumineux. Les objectifs sont également d’assurer la mobilité durable des personnes et des marchandises par des systèmes de transport efficaces et sécuritaires qui contribuent au développement du Québec en améliorant la géométrie routière et le drainage routier, en atténuant les zones de vent et en favorisant le transport actif.",,,,,,En planification,,Ministre des Transports,Ministère des Transports,Ministère des Transports,Développement du territoire nordique,Économie et environnement,09 – Côte-Nord,Route entre Schefferville et Kawawachikamach,De Schefferville à Kawawachikamach,Réfection
462,Complexe culturel – Longueuil – Construction,"Le projet consiste en la construction d’un bâtiment afin de relocaliser le Théâtre de la Ville, diffuseur pluridisciplinaire, le Centre d’exposition en art actuel Plein Sud, le Théâtre Motus et l’Orchestre symphonique de Longueuil. Le regroupement de ces organismes offrira la possibilité de créer une nouvelle synergie qui favorisera le développement de nouvelles activités d’animation et de médiation culturelle.
Il comprendra, entre autres, une grande salle de type opéra (1 000 places), une petite salle « à l’italienne » (500 places), une galerie d’art, des studios ainsi que des bureaux administratifs.",,,,,,En planification,,Ministre de la Culture et des Communications,Ville de Longueuil,Ville de Longueuil,Culture,Éducation et culture,16 – Montérégie,Complexe culturel,Longueuil,Construction
463,Centre des collections et de conservation de Montréal – Construction,"BAnQ, en collaboration avec le Musée d’art contemporain de Montréal et le Musée des beaux-arts de Montréal, planifie la réalisation d’un centre pour doter Montréal d’un pôle de conservation unique qui garantira la protection, la sauvegarde et la longévité de l’héritage et de la mémoire collective du Québec. Le projet commun fournira également l’espace requis par les deux musées pour répondre à leur mission de conservation de l’art québécois, et ce, jusqu’en 2025.",,,,,,En planification,,Ministre de la Culture et des Communications,Bibliothèque et Archives nationales du Québec,Société québécoise des infrastructures,Culture,Éducation et culture,06 – Montréal,Centre des collections et de conservation,Montréal,Construction
464,Centre régional de traitement des dépendances – Kuujjuaq – Construction,Le Centre régional de rétablissement Isuarsivik souhaite procéder à la construction d’un centre de réadaptation à l’intérieur des limites municipales du village nordique de Kuujjuaq. Le projet est destiné à offrir à la population nunavikoise une infrastructure qui répondra à ses besoins en matière de services résidentiels de rétablissement pour les dépendances.,,,,,,En planification,,Ministre responsable des Affaires autochtones,Centre régional de rétablissement Isuarsivik,Société du Plan Nord,Administration gouvernementale,Gouverne et justice,10 – Nord-du-Québec,Centre régional de traitement des dépendances,Isuarsivik,Construction
465,Complexe Desjardins – Montréal – Réaménagement,"Le bail du complexe Desjardins a été renouvelé pour une période de 20 ans à partir d’avril 2020. Revenu Québec veut moderniser ses espaces occupés au complexe Desjardins qui sont devenus désuets et non adaptés aux réalités des nouvelles façons de travail en collaboration et de télétravail. Éventuellement, la modernisation permettra de regrouper des établissements du centre-ville de Montréal en fonction des baux arrivant à terme.
Envergure du projet
• Rénovation des 22 étages de la tour nord du complexe Desjardins (45 683 m²) sur une période de 6 ans.
• Aménagement selon les principes en vigueur depuis 2017 avec les salles et bureaux fermés au noyau.
Chacune des phases de réalisation sera soumise à l’approbation du CA de Revenu Québec et sera suivie lors du dépôt annuel du plan d’investissement.",37800000,37800000,0,2022-03-31,2025-09-30,En réalisation,"Mars 2021
Le projet a été autorisé à l’étape « En réalisation ».",Ministre responsable de l’Administration gouvernementale,Agence du Revenu du Québec,Société québécoise des infrastructures,Administration gouvernementale,Gouverne et justice,06 – Montréal,Complexe Desjardins,Montréal,Réaménagement
466,Centre d’hébergement et de soins de longue durée – Wendake – Construction,"Le projet consiste à construire un centre d’hébergement et de soins de longue durée de 24 lits, sur le territoire de Wendake, inspiré de l’approche des maisons des aînés et destiné aux membres de la Nation huronne-wendate.",,,,,,En planification,,Ministre de la Santé et des Services sociaux,Conseil de la Nation huronne-wendat,Conseil de la Nation huronne-wendat,Santé et Services sociaux,Santé et Services sociaux,03 – Capitale-Nationale,Centre d’hébergement et de soins de longue durée,Wendake,Construction
467,Voies réservées du Rapibus de la STO (phase II) – Gatineau – Prolongement,"Le projet consiste au prolongement du Rapibus (système rapide par bus en site propre), entre les stations Lorrain et Labrosse. Il vise l’amélioration de la mobilité afin d’assurer une meilleure adhérence à l’horaire et une diminution du temps de parcours entre les deux stations.",,,,,,En planification,,Ministre des Transports,Société de transport de l’Outaouais,Société de transport de l’Outaouais,Transport collectif,Économie et environnement,07 – Outaouais,Voies réservées du Rapibus de la STO (phase II),Gatineau,Prolongement
468,Aérogare Kangiqsujuaq et garage – Réfection,Le projet consiste en la réfection des bâtiments qui ne répondent plus aux exigences réglementaires et aux besoins des usagers.,27300000,27300000,0,2024-12-31,2025-09-30,En réalisation,"Mars 2020
Le projet a été autorisé à l’étape « En réalisation ».",Ministre des Transports,Ministère des Transports,Ministère des Transports,"Transport maritime, aérien, ferroviaire et autres",Économie et environnement,10 – Nord-du-Québec,Aérogare Kangiqsujuaq et garage,Kangiqsujuaq,Réfection
469,Route 132 entre Pabos Mills et Newport – Réfection,"Le projet consiste en la réfection et au réaménagement de la route 132 sur une longueur de 3,8 km pour améliorer la sécurité routière en zones rurale et urbaine du secteur. Ces zones comportent des déficiences géométriques majeures qui réduisent la visibilité à l’arrêt. La structure de la chaussée et le drainage sont déficients et des correctifs majeurs doivent y être apportés. Le pont au-dessus de la rivière de l’Anse aux Canards a été remplacé par une nouvelle structure pour améliorer la sécurité des usagers. Le projet a été scindé en deux phases (Phase 1 : pont et raccordement à la route 132; Phase 2 : construction d’une route à partir de la décharge du lac Blanc jusqu’à la baie Saint-Hubert, 2,1 km) qui serviront à contourner le quartier de Pabos Mills et à installer une caméra de circulation.",39200000,39200000,100000,,2022-10-01,En réalisation,"Mars 2020
Le projet a été autorisé à l’étape « En réalisation ».",Ministre des Transports,Ministère des Transports,Ministère des Transports,Réseau routier,Économie et environnement,11 – Gaspésie–Îles-de-la-Madeleine,Route132,De Pabos Mills à Newport,Réfection
470,Route 132 entre la voie ferrée et le cours d’eau Saint-Laurent – Val-Brillant – Réfection,Le projet consiste à améliorer la géométrie de la route 132 aux approches de la traverse de la voie ferrée du CN par la conception d’une géométrie en plan et en profil répondant aux normes de conception routière pour une vitesse de conception de 100 km/h (affichée à 90 km/h). Le réaménagement de la route 132 et d’un pont d’étagement pour la voie ferrée du CN a été requis.,36100000,36100000,0,,2021-10-01,En réalisation,"Mars 2021
Une baisse de 7,0 M$ au coût du projet a été autorisée. Initialement prévu à 43,1 M$, le coût est maintenant de 36,1 M$.",Ministre des Transports,Ministère des Transports,Ministère des Transports,Réseau routier,Économie et environnement,01 – Bas-Saint-Laurent,Route 132,Val-Brillant,Réfection
471,Échangeur des Sources entre Pointe-Claire et Dorval – Réfection,"Le projet vise la réfection des structures dans l’échangeur des Sources situé à l’intersection de l’autoroute 20 et du boulevard des Sources, à la limite de Dorval et de Pointe-Claire. Le projet permettra la réparation des colonnes, le renforcement des poutres, la réparation des glissières de sécurité et la réalisation de trappes d’accès pour accéder aux caissons des structures afin d’en faciliter l’inspection.",49200000,47300000,1900000,,2023-12-01,En réalisation,,Ministre des Transports,Ministère des Transports,Ministère des Transports,Réseau routier,Économie et environnement,06 – Montréal,Échangeur des Sources,De Pointe-Claire à Dorval,Réfection
472,Autoroute 20 – Saint-Janvier-de-Joly – Reconstruction,Le projet vise la reconstruction d’une chaussée en béton sur l’autoroute 20 ouest à Saint-Janvier-de-Joly. Ce projet est la continuité du plan d’intervention de la reconstruction de la chaussée en béton de l’autoroute 20.,35200000,35200000,0,,2021-12-01,En réalisation,"Mars 2021
Une hausse de 3,2 M$ au coût du projet a été autorisée. Initialement prévu à 32,0 M$, le coût est maintenant de 35,2 M$.",Ministre des Transports,Ministère des Transports,Ministère des Transports,Réseau routier,Économie et environnement,12 – Chaudière-Appalaches,Autoroute 20,Saint-Janvier-de-Joly,Reconstruction
473,"Réseau routier, divers sites – Îles-de-la-Madeleine – Réfection","Le projet vise à construire des ouvrages de protection des berges dans divers secteurs de la route 199 lourdement affectés à la suite des tempêtes de novembre 2018 et de septembre 2019 (ouragan Dorian) aux Îles-de-la-Madeleine. Au total, les travaux consistent à construire ou reconstruire 6000 mètres d’empierrement et 500 mètres de rechargement de plage.",27700000,27700000,0,,2022-12-01,En réalisation,,Ministre des Transports,Ministère des Transports,Ministère des Transports,Réseau routier,Économie et environnement,11 – Gaspésie–Îles-de-la-Madeleine,Réseau routier des Îles-de-la-Madeleine,Îles-de-la-Madeleine,Réfection
474,Aérogare de Salluit et garage – Construction ,"Le projet consiste principalement en la construction d’une aérogare et d’un garage à l’aéroport de Salluit afin de répondre à un niveau de service acceptable en augmentant la superficie des bâtiments et de leur fonctionnalité, puis de répondre aux exigences réglementaires.",34100000,34100000,0,2019-12-01,2021-07-31,En service,"Mars 2021
Une hausse de 6,0 M$ au coût du projet a été autorisée. Initialement prévu à 28,1  M$, le coût est maintenant de 34,1 M$. La modification de la date de la mise en service complète a été autorisée. Initialement prévue en janvier 2021, elle est reportée à juillet 2021.",Ministre des Transports,Ministère des Transports,Ministère des Transports,"Transport maritime, aérien, ferroviaire et autres",Économie et environnement,10 – Nord-du-Québec,Aérogare de Salluit et garage,Salluit,Construction
475,"Parcs routiers, aire de service – Lavaltrie – Reconstruction","Le projet vise la reconstruction complète de l’aire de service du Point-du-Jour, à Lavaltrie.
Un bâtiment principal moderne, qui comprendra les services de base, sera érigé. De plus, des stationnements sécuritaires pour les automobiles, les véhicules récréatifs, les autocars et les véhicules lourds seront aménagés.
Dans une seconde phase, un bâtiment de services commerciaux sera construit en annexe au bâtiment principal.",22100000,17100000,5000000,2021-07-01,2024-08-31,En réalisation,,Ministre des Transports,Ministère des Transports,Ministère des Transports,"Transport maritime, aérien, ferroviaire et autres",Économie et environnement,14 – Lanaudière,"Parcs routiers, aire de service",Lavaltrie,Réfection
476,NM Joseph-Savard – Traverse L’Isle-aux-Coudres–Saint-Joseph-de-la-Rive – Réfection et réaménagement,Le projet vise la modernisation du NM Joseph-Savard en vue d’en prolonger la vie utile et de l’adapter afin qu’il réponde aux besoins actuels et futurs de la Société des traversiers du Québec.,,,,,,En planification,,Ministre des Transports,Société des traversiers du Québec,Société des traversiers du Québec,"Transport maritime, aérien, ferroviaire et autres",Économie et environnement,03 – Capitale-Nationale,NM Joseph-Savard,L’Isle-aux-Coudres et Saint-Joseph-de-la-Rive,Réfection et réaménagement
477,"Pont de Québec entre Québec et Lévis, tablier – Maintien","Les travaux visent à sécuriser le tablier du pont par la réparation des entretoises du tablier ainsi qu’à assurer la consolidation des glissières de sécurité du côté de la voie ferroviaire. Plusieurs travaux sont prévus, notamment le remplacement des joints de tablier, des systèmes de feux des voies, des lampadaires, ainsi que la réparation et la peinture de l’ouvrage en acier.",44100000,44100000,0,,2023-10-01,En réalisation,,Ministre des Transports,Ministère des Transports,Ministère des Transports,Réseau routier,Économie et environnement,03 – Capitale-Nationale; 12 – Chaudière-Appalaches,Pont de Québec,De Québec à Lévis,Maintien
478,Ponts d’étagement du chemin de Sainte-Anne-des-Lacs et du chemin du Moulin sur l’autoroute 15 – Sainte-Adèle – Réfection,Le projet consiste en la réfection des ponts d’étagement sur les chemins de Sainte-Anne-des-Lacs et du Moulin au-dessus de l’autoroute 15 à Sainte-Anne-des-Lacs et à Piedmont. Les travaux consistent en la démolition et la reconstruction complète des ponts d’étagement.,20700000,20700000,0,,2021-08-01,En réalisation,"Mars 2021
Une baisse de 2,5 M$ au coût du projet a été autorisée. Initialement prévu à 23,2 M$, le coût est maintenant de 20,7 M$.",Ministre des Transports,Ministère des Transports,Ministère des Transports,Réseau routier,Économie et environnement,15 – Laurentides,Pont d’étagement du chemin Sainte-Anne et du chemin du Moulin sur l’autoroute 15,Sainte-Adèle,Réfection
479,"Pont Dubuc entre Chicoutimi et Chicoutimi-Nord, éléments du tablier – Saguenay – Réfection","Le projet vise la réfection d’éléments du pont Dubuc et des structures aux approches. Le projet permettra également d’améliorer les approches nord et sud, notamment par l’ajout d’un accès au pont via la rue Montcalm, la correction et l’allongement de l’approche nord du pont et l’allongement de la voie de virage à gauche du boulevard Saint-Paul, en direction sud, pour l’accès au boulevard Jacques-Cartier.",44800000,44800000,0,,2021-12-31,En réalisation,"Mars 2021
Une hausse de 2,1 M$ au coût du projet a été autorisée. Initialement prévu à 42,7 M$, le coût est maintenant de 44,8 M$.",Ministre des Transports,Ministère des Transports,Ministère des Transports,Réseau routier,Économie et environnement,02 – Saguenay–Lac-Saint-Jean,Pont Dubuc,Saguenay,Réfection
480,Pont Louis-Bisson entre Montréal et Laval – Réfection,"Le projet vise la réfection des éléments structuraux du pont Louis-Bisson situé sur l’autoroute 13, au-dessus de la rivière des Prairies entre Montréal et Laval. Le projet permettra également d’améliorer l’éclairage, la chaussée et le terrassement aux approches nord et sud ainsi que la démolition d’une conduite de gaz désaffectée.",25000000,25000000,0,,2021-12-01,En réalisation,,Ministre des Transports,Ministère des Transports,Ministère des Transports,Réseau routier,Économie et environnement,06 – Montréal; 13 – Laval,Pont Louis-Bisson,De Montréal à Laval,Réfection
481,"Centre de santé d’Inuulitsivik et centre de santé Tulattavik, 62 logements – Nunavik – Construction","Le projet doit couvrir les besoins de la région en matière d’hébergement pour le personnel qui travaille dans les communautés du Nunavik. Il consiste en la construction de 62 logements.
Les communautés visées sont : Salluit, Ivujivik, Akulivik, Puvirnituq, Inukjuak, Umiujaq, Kangirsuk, Kuujjuaq et Kangiqsualujjuaq.",,,,,,En planification,,Ministre de la Santé et des Services sociaux,Régie régionale de la santé et des services sociaux du Nunavik,Régie régionale de la santé et des services sociaux du Nunavik,Santé et Services sociaux,Santé et Services sociaux,10 – Nord-du-Québec,"Centre de santé d’Inuulitsivik et centre de santé Tulattavik, 62 unités de logement",Nunavik,Construction
482,École de la Mosaïque du centre de services scolaire de Laval (secteur Laval-des-Rapides) – Agrandissement,"Le projet consiste en l’agrandissement de l’école primaire de la Mosaïque, à Laval, dans le secteur de Laval-des-Rapides, sur le territoire du centre de services scolaire de Laval. Dix classes d’éducation préscolaire et cinq d’enseignement primaire sont prévues afin de réduire le déficit d’espace reconnu par le Ministère.",,,,,,En planification,,Ministre de l’Éducation,Centre de services scolaire de Laval,Centre de services scolaire de Laval,Éducation,Éducation et culture,13 – Laval,École de la Mosaïque,Laval (secteur Laval-des-Rapides),Agrandissement
483,École Ikusik de la commission scolaire Kativik – Salluit – Agrandissement et réaménagement,"Le projet consiste en l’agrandissement de l’école primaire-secondaire de Salluit, sur le territoire de la commission scolaire Kativik, afin de réduire le déficit d’espace reconnu par le Ministère et de répondre aux particularités du Nunavik.",,,,,,En planification,,Ministre de l’Éducation,Commission scolaire Kativik,Commission scolaire Kativik,Éducation,Éducation et culture,10 – Nord-du-Québec,École Ikusik,Salluit,Agrandissement et réaménagement
484,Centre sportif et communautaire – Mont-Royal – Construction,"Le projet consiste à construire un complexe qui comprendra une piscine et un gymnase, ainsi qu’à rénover le complexe existant. Les deux composantes seront reliées.",46900000,3000000,43900000,,2022-11-01,En réalisation,"Mars 2021
Une hausse de 16,8 M$ au coût du projet a été autorisée. Initialement prévu à 30,1 M$, le coût est maintenant de 46,9 M$. Ainsi, la contribution du Québec demeure à 3,0 M$, et celle des partenaires passe de 27,1 M$ à 43,9 M$.",Ministre de l’Éducation,Ville de Mont-Royal,Ville de Mont-Royal,Développement du sport,Éducation et culture,06 – Montréal,Centre sportif et communautaire,Mont-Royal,Construction
485,Complexe sportif multifonctionnel – Saint-Jérôme – Construction,"Le projet consiste en la construction d’un complexe sportif multifonctionnel qui regroupera, sous un même bâtiment, deux plateaux spécialisés, soit des terrains de soccer intérieurs et une palestre de gymnastique, des salles multifonctionnelles et un gymnase multisport.",,,,,,En planification,,Ministre de l’Éducation,Ville de Saint-Jérôme,Ville de Saint-Jérôme,Développement du sport,Éducation et culture,15 – Laurentides,Complexe sportif multifonctionnel,Saint-Jérôme,Construction
486,Complexe aquatique et récréatif – Montréal (arrondissement de Pierrefonds-Roxboro) – Construction,"Le projet consiste à construire un complexe aquatique et récréatif de trois bassins, dont le principal sera de dimension semi-olympique, sur le boulevard Pierrefonds, à Montréal.",,,,,,En planification,,Ministre de l’Éducation,Ville de Montréal,Ville de Montréal,Développement du sport,Éducation et culture,06 – Montréal,Complexe aquatique et récréatif,Montréal (arrondissement de Pierrefonds-Roxboro),Construction
487,Centre multisport – Saguenay – Construction,"Le projet consiste à la construction d’un complexe sportif, d’environ 9 900 m², fonctionnel 12 mois par année. Il réunira, sous un même toit, un terrain de soccer à onze joueurs (divisible en trois terrains de mini-soccer), des salles d’entraînement pour le baseball, des terrains de volleyball et de handball ainsi qu’une piste d’athlétisme. À court terme, ces plateaux de jeux pourront également servir pour d’autres sports tels que le disque volant et le football.",24200000,7500000,16700000,,2022-07-01,En réalisation,"Mars 2021
Une hausse de 3,4 M$ au coût du projet a été autorisée. Initialement prévu à 20,8 M$, le coût est maintenant de 24,2 M$. Ainsi, la contribution du Québec demeure à 7,5 M$, et celle des partenaires passe de 13,3 M$ à 16,7 M$.",Ministre de l’Éducation,Ville de Saguenay,Ville de Saguenay,Développement du sport,Éducation et culture,02 – Saguenay–Lac-Saint-Jean,Centre multisport,Saguenay,Construction
488,Complexe multisport – Sainte-Catherine – Construction,"Le projet consiste en l’aménagement d’un complexe de soccer intérieur avec un terrain synthétique d’une dimension de 132,25 m de longueur par 62,35 m de largeur. Ce terrain pourra se subdiviser, selon les besoins, en un terrain pleine grandeur pour une partie à onze joueurs, en deux terrains pour neuf joueurs ou en quatre mini-terrains pour sept joueurs. Le complexe comprendra également un bloc de services qui renfermera des bureaux, des salles multifonctionnelles ainsi que des aires administratives et de soutien aux jeux.",,,,,,En planification,,Ministre de l’Éducation,Ville de Sainte-Catherine,Ville de Sainte-Catherine,Développement du sport,Éducation et culture,16 – Montérégie,Complexe multisport,Sainte-Catherine,Construction
489,Musée d’art contemporain de Montréal – Réaménagement,"Le projet de transformation du Musée d’art contemporain de Montréal vise à doubler la superficie consacrée à l’exposition d’œuvres et à augmenter celle de l’espace jeunesse, tout en facilitant l’accès et en bonifiant l’expérience muséale par l’amélioration et le repositionnement des services connexes.",57000000,30000000,27000000,,2024-10-31,En réalisation,"Mars 2020
Le projet a été autorisé à l’étape « En réalisation ».",Ministre de la Culture et des Communications,Musée d’art contemporain de Montréal conjointement avec la Société de la Place des arts de Montréal,Société québécoise des infrastructures,Culture,Éducation et culture,06 – Montréal,Musée d’art contemporain de Montréal ,Montréal,Réaménagement
490,Digue – Sainte-Marthe-sur-le-Lac – Réfection et construction,"À la suite de l’inondation survenue au printemps 2019, la Ville de Sainte-Marthe-sur-le-Lac devait mettre aux normes sa digue de rétention afin d’assurer la sécurité et la protection des biens de sa population en cas d’érosion et d’inondations.
Le projet consiste à réaliser la réfection et la construction d’une digue de 5 km avec une crête de 26,5 mètres d’élévation. Les travaux visent à mettre en place un rideau de palplanches et à aménager un empierrement dans le but de le stabiliser et d’atténuer l’impact des vagues, pour ainsi contrôler l’érosion.
L’élévation de la crête permettra de protéger la ville pour une crue de récurrence 1:1500 ans, combinée à des vagues de récurrence annuelle de 0,7 mètre.",49300000,19700000,29600000,2020-03-03,2020-11-01,En service,"Mars 2021
La mise en service complète de l’infrastructure a été autorisée. Le projet sera retiré du tableau de bord lors de la prochaine mise à jour annuelle.",Ministre des Affaires municipales et de l’Habitation,Ville de Sainte-Marthe-sur-le-Lac,Ville de Sainte-Marthe-sur-le-Lac,Municipalités,Économie et environnement,15 – Laurentides,Digue,Sainte-Marthe-sur-le-Lac,Réfection et construction 
491,Ouvrage de protection contre les inondations – Lac des Deux Montagnes – Construction,Le projet consiste en la construction d’infrastructures qui permettront une meilleure résilience des municipalités visées lors des inondations et des pluies diluviennes.,,,,,,En planification,,Ministre des Affaires municipales et de l’Habitation,"Ville de Deux-Montagnes, Municipalité de Pointe-Calumet, Municipalité d’Oka, Municipalité de Saint-Joseph-du-lac","Ville de Deux-Montagnes, Municipalité de Pointe-Calumet, Municipalité d’Oka, Municipalité de Saint-Joseph-du-lac",Municipalités,Économie et environnement,06 – Montréal,Ouvrage de protection contre les inondations,Lac des Deux Montagnes,Construction
492,Ouvrage de protection contre les inondations – Rivière des Mille Îles – Construction,Le projet consiste en la construction d’infrastructures qui permettront une meilleure résilience des municipalités visées lors des inondations et des pluies diluviennes.,,,,,,En planification,,Ministre des Affaires municipales et de l’Habitation,"Ville de Deux-Montagnes, Ville de Saint-Eustache, Ville de Boisbriand, Ville de Rosemère","Ville de Deux-Montagnes, Ville de Saint-Eustache, Ville de Boisbriand, Ville de Rosemère",Municipalités,Économie et environnement,06 – Montréal,Ouvrage de protection contre les inondations,Rivière des Mille Îles,Construction
493,"Incinérateur de Québec, valorisation des vapeurs – Construction",Le projet conjoint entre la Ville de Québec et le CHU de Québec consiste en la construction d’une centrale d’énergie trigénération sur le site de l’Hôpital de l’Enfant-Jésus ainsi que d’un réseau de distribution de vapeur.,,,,,,En planification,,Ministre de la Santé et des Services sociaux,Ministère de la Santé et des Services sociaux,Ville de Québec,Environnement,Économie et environnement,03 – Capitale-Nationale,Incinérateur de Québec,Québec,Construction
494,"Hôpital Notre-Dame, unité famille-naissance – Montréal – Construction",Le projet consiste en la construction d’un bloc obstétrical de 16 chambres de type TARP (Travail / Accouchement / Repos / Post-partum) et d’une unité de soins en néonatalité de six berceaux. Ces nouveaux espaces seront situés au niveau 2 des blocs C et T de l’actuel hôpital Notre-Dame.,23000000,23000000,0,2022-07-31,2023-05-31,En réalisation,,Ministre de la Santé et des Services sociaux,Centre intégré universitaire de santé et de services sociaux du Centre-Sud-de-l’Île-de-Montréal,Société québécoise des infrastructures,Santé et Services sociaux,Santé et Services sociaux,06 – Montréal,Hôpital Notre-Dame,Montréal,Construction
495,École de formation professionnelle de Châteauguay du centre de services scolaire des Grandes-Seigneuries – Construction,"Le projet consiste à construire une école de formation professionnelle à Châteauguay afin de répondre aux problèmes de vétusté et de superficie restreinte du complexe Louis-Philippe-Paré au sein duquel elle loge actuellement (voir projet 253).
Le nouveau bâtiment aura la capacité d’accueillir les étudiants de tous les programmes d’études reconnus par le Ministère.",,,,,,En planification,"Juillet 2020
Le projet « Complexe Louis-Philippe-Paré du centre de services scolaire des Grandes-Seigneuries – Châteauguay – Agrandissement et réaménagement » a été scindé en deux projets distincts. Les nouveaux projets 253 : « École secondaire Louis-Philippe-Paré du centre de services scolaire des Grandes-Seigneuries – Châteauguay – Construction » et 495 : « École de formation professionnelle de Châteauguay du centre de services scolaire des Grandes-Seigneuries – Construction » sont autorisés à l’étape « En planification ».",Ministre de l’Éducation,Centre de services scolaire des Grandes-Seigneuries,Centre de services scolaire des Grandes-Seigneuries,Éducation,Éducation et culture,16 – Montérégie,École de formation professionnelle de Châteauguay du centre de services scolaire des Grandes-Seigneuries,Châteauguay,Construction
497,Centre de services régionaux du ministère des Transports – Gaspé – Acquisition et réaménagement,"Le projet consiste à construire un complexe pour les services du ministère des Transports et du Centre de gestion de l’équipement roulant, à Gaspé, en remplacement du bâtiment actuel, qui est vétuste. Le complexe sera composé d’un secteur de bureaux administratifs, d’un secteur atelier et d’une partie entrepôt non chauffée, pour le ministère des Transports, ainsi que d’une section garage d’un étage qui comprendra trois portes de service pour le Centre. 
Sur le site, des infrastructures seront également requises pour combler certains besoins : un abri à sel, un dépôt d’abrasifs, deux sections d’entreposage de matériaux en vrac ainsi que des stationnements pour les camions et les véhicules légers.",22900000,22900000,0,,2022-08-31,En réalisation,,Ministre responsable de l’Administration gouvernementale,Ministère des Transports,Société québécoise des infrastructures,Administration gouvernementale,Gouverne et justice,11 – Gaspésie–Îles-de-la-Madeleine,Centre de services régionaux de Gaspé,Gaspé,Acquisition et réaménagement
504,École secondaire de la commission scolaire crie – Chisasibi – Construction,"Le projet consiste en la construction d’une école secondaire à Chisasibi, sur le territoire de la commission scolaire crie. Le nouveau bâtiment comptera 588 places-élèves afin de réduire le déficit d’espace reconnu par le Ministère.",153300000,38300000,115000000,,2023-08-01,En réalisation,"Décembre 2021
Une hausse de 13,1 M$ au coût du projet a été autorisée. Initialement prévu à 140,2 M$, le coût est maintenant de 153,3 M$. Ainsi, la contribution du Québec passe de 35,0 M$ à 38,3 M$, et celle des partenaires, de 105,2 M$ à 115,0 M$. De plus, la modification de la date de la mise en service a été autorisée. Initialement prévue en janvier 2023, la mise en service est reportée en août 2023 (rentrée scolaire 2023-2024).
Avril 2021
Le projet a été autorisé à l’étape « En réalisation ».
Août 2020
Le projet a été autorisé à l’étape « En planification ».",Ministre de l’Éducation,Commission scolaire crie,Commission scolaire crie en association avec la Société québécoise des infrastructures,Éducation,Éducation et culture,10 – Nord-du-Québec,École secondaire de la commission scolaire crie,Chisasibi,Construction
505,"Université du Québec à Trois-Rivières, pavillon sur le campus de Drummondville – Construction","Le projet vise la construction d’un pavillon supplémentaire sur le campus de Drummondville de l’Université du Québec à Trois-Rivières (UQTR). Le pavillon abritera les quatre composantes du Centre national intégré du manufacturier innovant (CNIMI). Les vocations visées par ce nouveau bâtiment sont multiples : enseignement, recherche, incubateur d’entreprises, valorisation et transfert de technologie. Il est prévu d’y accueillir des étudiants du cégep de Drummondville et de l’UQTR de Trois-Rivières. Les superficies à construire représentent près de 5 800 m² bruts répartis sur trois niveaux. Le CNIMI contribuera à aider les manufacturiers du Québec à moderniser leurs processus et à demeurer compétitifs.",31400000,18900000,12500000,2022-01-01,2022-04-01,En réalisation,,Ministre de l’Enseignement supérieur; Ministre de l’Économie et de l’Innovation,Université du Québec à Trois-Rivières,Université du Québec à Trois-Rivières,Recherche,Économie et environnement,17 – Centre-du-Québec,"Campus de l’UQTR à Drummondville, pavillon",Drummondville,Construction
509,Maison des aînés – Palmarolle – Construction,"Le projet consiste en la construction d’une nouvelle installation de 24 lits qui sera construite selon l’approche privilégiée des Maisons des aînés dans la municipalité de Palmarolle. Il permettra la relocalisation des résidents du Centre d’hébergement et des soins de longue durée Palmarolle qui a dû être fermé pour des raisons de sécurité. Tous les usagers qui étaient résidents du centre de Palmarolle, ont été relocalisés au CHSLD de Macamic. À ce jour, aucune décision quant à la réutilisation ou non de l’immeuble laissé vacant n’a encore été prise.",20000000,20000000,0,,2022-09-01,En réalisation,"Juillet 2020
Le projet a été autorisé à l’étape « En réalisation ».",Ministre de la Santé et des Services sociaux,Centre intégré de santé et de services sociaux de l’Abitibi-Témiscamingue,Société québécoise des infrastructures,Santé et Services sociaux,Santé et Services sociaux,08 – Abitibi-Témiscamingue,Maison des aînés,Palmarolle,Construction
554,Cégep de Maisonneuve – Montréal – Agrandissement,"Le projet consiste en un ajout d’espaces sur quatre étages, d’un rez-de-chaussée et d’un sous-sol, représentant 6 688 m² bruts (3 953 m² nets), au rapatriement d’espaces actuellement en location et au réaménagement des espaces libérés, représentant 1 050 m² nets. Le projet vise à résorber le déficit d’espaces actuellement reconnu par le Ministère.",,,,,,En planification,,Ministre de l’Enseignement supérieur,Cégep de Maisonneuve,Cégep de Maisonneuve,Enseignement supérieur,Éducation et culture,06 – Montréal,Cégep Maisonneuve,Montréal,Agrandissement
555,Palais de justice de Rouyn-Noranda – Agrandissement et réaménagement,"Le bâtiment, construit dans les années 50, comporte de nombreuses lacunes fonctionnelles et techniques qui touchent la sécurité et l’aménagement des locaux. Ainsi, le ministère de la Justice désire optimiser les investissements à réaliser, dans cet édifice, en jumelant ses obligations de maintien d’actifs et ses besoins avec ceux du Directeur des poursuites criminelles et pénales, de la Sûreté du Québec et du ministère de la Sécurité publique, dans un projet d’agrandissement et de rénovation majeure. L’objectif est de résoudre les différents problèmes vécus par les usagers.",85000000,85000000,0,,2027-03-31,En réalisation,"Décembre 2020
Le projet a été autorisé à l’étape « En réalisation ».",Ministre responsable de l’Administration gouvernementale,Ministère de la Justice,Société québécoise des infrastructures,Administration gouvernementale,Gouverne et justice,08 – Abitibi-Témiscamingue,Palais de justice de Rouyn-Noranda,Rouyn-Noranda,Agrandissement et réaménagement
556,École primaire du centre de services scolaire de la Capitale – Québec – Construction,"Le projet consiste en la construction d’une école primaire sur le site de l’ancienne école Stadacona à Québec, sur le territoire du centre de services scolaire de la Capitale. Quatre classes d’éducation préscolaire et seize classes d’enseignement primaire sont prévues afin de réduire le déficit d’espace reconnu par le Ministère.",,,,,,En planification,,Ministre de l’Éducation,Centre de services scolaire de la Capitale,Centre de services scolaire de la Capitale,Éducation,Éducation et culture,03 – Capitale-Nationale,École primaire du centre de services scolaire de la Capitale,Québec,Construction
558,Édifice Gérald-Godin – Montréal – Maintien,"Afin d’assurer la pérennité de l’édifice Gérald-Godin, un bâtiment à haute valeur patrimoniale, des travaux majeurs qui visent la résorption du déficit de maintien d’actifs sont requis. Par la suite, de nouveaux aménagements de bureaux seront effectués pour y loger des sections ministérielles et autres postes de travail qui sont actuellement localisés dans des immeubles en location.",,,,,,À l’étude,"Janvier 2021
Le projet a été autorisé à l’étape « À l’étude ».",Ministre responsable de l’Administration gouvernementale,Société québécoise des infrastructures,Société québécoise des infrastructures,Administration gouvernementale,Gouverne et justice,06 – Montréal,Édifice Gérald-Godin,Montréal,Maintien
559,"Port de Montréal, terminal de conteneurs (site Contrecœur) – Construction",Le projet consiste en la construction d’un terminal de conteneurs sur le site portuaire de Contrecœur (Port de Montréal).,,,,,,En planification,,Ministre des Transports,Ministère des Transports,Administration portuaire de Montréal,"Transport maritime, aérien, ferroviaire et autres",Économie et environnement,16 – Montérégie,Terminal,Contrecœur,Construction
560,Installations de la Société ferroviaire et portuaire de Pointe-Noire (phase II) – Réaménagement,"Le projet a pour but de moderniser et d’optimiser les installations de la Société ferroviaire et portuaire de Pointe-Noire, notamment afin d’accroître la capacité du site et de permettre la réception de volumes supplémentaires associés à réalisation d’un nouveau chantier minier.",,,,,,En planification,,Ministre de l’Énergie et des Ressources naturelles; Ministre de l’Économie et de l’Innovation,Société du Plan Nord en association avec Investissement Québec,Société ferroviaire et portuaire de Pointe-Noire s.e.c.,Développement du territoire nordique,Économie et environnement,09 – Côte-Nord,Installations de la Société ferroviaire et portuaire de Pointe-Noire (phase 2),Sept-Îles,Réaménagement
561,"Université McGill, bibliothèque McLennan-Redpath – Montréal – Réaménagement","Le projet consiste au réaménagement de la bibliothèque McLennan-Redpath afin de maximiser la capacité du site, d’améliorer la connectivité au sein du complexe et d’entreprendre une rénovation majeure. Ce projet permettra à l’université d’entreposer environ 70 % de la collection de la bibliothèque hors du site, libérant ainsi l’espace pour les étudiants.",,,,,,En planification,"Janvier 2021
Le projet a été autorisé à l’étape « En planification ».",Ministre de l’Enseignement supérieur,Université McGill,Université McGill,Enseignement supérieur,Éducation et culture,06 – Montréal,"Université McGill, bibliothèque McLennan-Redpath",Montréal,Réaménagement
563,Réseau d’infrastructures culturelles – Régions administratives du Québec – Construction,"Le projet consiste à mettre en place un parcours d’infrastructures culturelles. Situés dans diverses régions du Québec, ces lieux contribueront au renforcement de l’identité québécoise ainsi qu’à son rayonnement. L’objectif est de générer un sentiment de fierté, de créer un pôle de rassemblement et de valoriser le patrimoine. Ces immeubles culturels deviendront propriété de l’État, qui en assurera la réhabilitation et l’aménagement.",,,,,,En planification,,Ministre de la Culture et des Communications,Ministère de la Culture et des Communications,Ministère de la Culture et des Communications,Culture,Éducation et culture,Plusieurs régions du Québec,Réseau d’infrastructures culturelles,Plusieurs régions du Québec,Construction
564,"Université McGill, pavillon des sciences biologiques Stewart – Montréal – Réfection","Le Pavillon Stewart abrite des locaux de recherche en biologie, un des piliers des sciences de la durabilité à l’Université McGill. L’édifice ne répond plus aux normes qui régissent les installations universitaires modernes, notamment en ce qui a trait au risque d’exposition à l’amiante. Le projet porte ainsi sur la rénovation de l’aile ouest afin d’y aménager des laboratoires de recherche et d’enseignement à la fine pointe de la technologie ainsi que des installations qui accueilleront du matériel de recherche.",126400000,83700000,42700000,,2022-08-01,En réalisation,,Ministre de l’Enseignement supérieur,Université McGill,Université McGill,Enseignement supérieur,Éducation et culture,06 – Montréal,"Université McGill, pavillon des sciences biologiques Stewart",Montréal,Réfection
565,Route panoramique entre Saint-Donat et Saint-Michel-des-Saints – Réfection,"Le projet consiste à asphalter la chaussée de la route 3 sur une portion de 30 km, située dans le territoire du parc national du Mont-Tremblant, et à effectuer les corrections géométriques qui permettront aux véhicules d’y circuler à 50 km/h. Une bande cyclable de 1,0 mètre sera ajoutée pour soutenir le développement du tourisme cyclable. Les travaux permettront d’offrir un accès quatre saisons et intégreront des haltes panoramiques pour bonifier l’expérience et mettre en valeur les beautés du territoire.",,,,,,En planification,,Ministre du Tourisme,Société des établissements de plein air du Québec,Société des établissements de plein air du Québec,Tourisme et activités récréatives,Économie et environnement,14 – Lanaudière,Route 3,De Saint-Donat à Saint-Michel-des-Saints,Réfection
568,"Université Concordia, 4e étage – Montréal – Réfection et réaménagement","Le projet consiste en la rénovation et au réaménagement de la portion sud-est du 4e étage en vue de fournir des nouveaux laboratoires et stations informatiques. Cette portion de l’édifice présente de nombreux problèmes tels que la désuétude des systèmes électromécaniques vieux de 53 ans, la présence d’amiante et la déficience de la protection incendie.
Le projet inclut la démolition de la zone, l’enlèvement de l’amiante, la décontamination et l’ignifugation de la structure, la construction de nouveaux systèmes intérieurs (murs, plafonds, planchers) et l’encloisonnement des escaliers mécaniques pour répondre au code du bâtiment. Le projet inclut également le remplacement des systèmes mécaniques, de la distribution électrique, du réseau informatique et de l’infrastructure pour les services audiovisuels, l’installation de gicleurs et de nouveaux appareils d’éclairage et de la signalisation.",36600000,36200000,400000,,2021-11-01,En réalisation,,Ministre de l’Enseignement supérieur,Université Concordia,Université Concordia,Enseignement supérieur,Éducation et culture,06 – Montréal,Université Concordia,Montréal,Réfection et réaménagement
569,Édifice Wilfrid-Derome – Montréal – Réfection et réaménagement,"La morgue du bureau du coroner et les salles d’autopsie du laboratoire des sciences judiciaires et de médecine légale sont localisées au sous-sol de l’édifice Wilfrid-Derome (1701, rue Parthenais), à Montréal. Ces salles datent de la construction du bâtiment en 1968. Elles sont donc vétustes et non adaptées aux méthodes et aux technologies modernes en matière de sécurité, d’efficacité, de fonctionnalité, d’ergonomie et d’hygiène. Le projet vise une modernisation et une remise aux normes de ces installations. Un espace adjacent aux installations actuelles est présentement envisagé pour accueillir la nouvelle morgue.",,,,,,En planification,,Ministre responsable de l’Administration gouvernementale,Ministère de la Sécurité publique,Société québécoise des infrastructures,Administration gouvernementale,Gouverne et justice,06 – Montréal,Édifice Wilfrid-Derome,Montréal,Réfection et réaménagement
570,Centre d’hébergement de LaSalle – Montréal – Construction,"L’unité de soins de longue durée de l’hôpital de LaSalle a une capacité de 115 lits. Le besoin est généré principalement par l’état de vétusté fonctionnelle et physique et l’orientation du ministère de la Santé et des Services sociaux de relocaliser la clientèle de longue durée hors des hôpitaux. Les espaces laissés vacants dans l’hôpital seront réaménagés.
Ce projet permettra de desservir la clientèle âgée grandissante, à proximité, dans des milieux adaptés à leur condition, favorisant un service axé sur les meilleures pratiques selon la vision du Centre intégré de Santé et de Services sociaux et les orientations ministérielles en soins de longue durée.",,,,,,En planification,"Décembre 2020
Le projet a été autorisé à l’étape « En planification ».",Ministre de la Santé et des Services sociaux,Centre intégré universitaire de santé et de services sociaux de l’Ouest-de-l’Île-de-Montréal,Société québécoise des infrastructures,Santé et Services sociaux,Santé et Services sociaux,06 – Montréal,Centre d’hébergement de LaSalle,Montréal,Construction
571,Centre d’hébergement et de soins de longue durée Denis-Benjamin-Viger – Montréal – Reconstruction,"Le centre d’hébergement et de soins de longue durée Denis-Benjamin-Viger a une capacité de 145 lits. Le besoin est généré principalement par l’état de vétusté fonctionnelle et physique des bâtiments, dont se départira le ministère.

Ce projet de reconstruction du parc de lits d’hébergement permettra de desservir la clientèle âgée grandissante, à proximité, dans des milieux adaptés à leur condition, favorisant un service axé sur les meilleures pratiques selon la vision du Centre intégré de Santé et de Service sociaux et les orientations ministérielles en soins de longue durée.",,,,,,En planification,"Décembre 2020
Le projet a été autorisé à l’étape « En planification ».",Ministre de la Santé et des Services sociaux,Centre intégré universitaire de santé et de services sociaux de l’Ouest-de-l’Île-de-Montréal,Société québécoise des infrastructures,Santé et Services sociaux,Santé et Services sociaux,06 – Montréal,Centre d’hébergement et de soins de longue durée Denis-Benjamin-Viger,Montréal,Reconstruction
572,Centre d’hébergement et de soins de longue durée – Sainte-Élisabeth – Construction,"L’actuel centre d’hébergement situé dans la municipalité de Sainte-Élisabeth est vétuste et présente plusieurs problématiques d’ordre fonctionnel. Le projet touchant ce bâtiment a été ciblé par le ministère la Santé et des Services sociaux (MSSS) pour mettre de l’avant le développement du nouveau concept de maison des aînés (MDA).

Le projet consiste donc à construire une MDA d’une capacité de 42 lits. La nouvelle MDA aspire à fournir un environnement au caractère plus humain aux bénéficiaires. D’ailleurs, les éléments patrimoniaux du bâtiment existant, identifiés par le ministère de la Culture et des Communications, seront conservés et restaurés dans la nouvelle construction. Cette nouvelle approche de soins en développement par le MSSS apportera les bases du projet en termes de fonctionnement.",,,,,,En planification,,Ministre de la Santé et des Services sociaux,Centre intégré de santé et de services sociaux de Lanaudière,Société québécoise des infrastructures,Santé et Services sociaux,Santé et Services sociaux,14 – Lanaudière,Centre d’hébergement et de soins de longue durée,Sainte-Élisabeth,Construction
573,Centre de réadaptation pour les jeunes en difficulté d’adaptation Dominique-Savio – Montréal – Agrandissement et réaménagement,"Le projet consiste à construire un agrandissement pour regrouper la clientèle de trois unités de vie existantes et bonifier les infrastructures avec une unité additionnelle, ainsi qu’à réaménager l’aile A existante. Le projet vise à offrir des espaces fonctionnels, sécuritaires et un milieu de vie adapté au développement des adolescentes. Il est également prévu d’aménager des espaces pédagogiques au rez-de-chaussée de l’aile A afin de répondre aux normes du centre de services scolaire de Montréal.",50000000,50000000,0,,2024-09-30,En réalisation,"Décembre 2020
Le projet a été autorisé à l’étape « En réalisation ».",Ministre de la Santé et des Services sociaux,Centre intégré universitaire de santé et de services sociaux du Centre-Sud-de-l’Île-de-Montréal,Société québécoise des infrastructures,Santé et Services sociaux,Santé et Services sociaux,06 – Montréal,Centre de réadaptation pour les jeunes en difficulté d’adaptation Dominique-Savio,Montréal,Agrandissement et réaménagement
574,Centre de soins prolongés Grace Dart – Montréal – Construction,"Le centre d’hébergement et de soins de longue durée Grace Dart a une capacité de 256 lits. Un nouveau centre doit être construit en remplacement de l’existant étant donné principalement l’état de vétusté fonctionnelle et physique des bâtiments. Toutefois, à ce jour, aucune décision quant à la réutilisation ou non de cet immeuble n’a encore été prise.",,,,,,En planification,"Décembre 2020
Le projet a été autorisé à l’étape « En planification ».",Ministre de la Santé et des Services sociaux,Centre intégré universitaire de santé et de services sociaux de l’Ouest-de-l’Île-de-Montréal,Société québécoise des infrastructures,Santé et Services sociaux,Santé et Services sociaux,06 – Montréal,Centre de soins prolongés Grace Dart,Montréal,Construction
575,Centre d’hébergement de Dorval – Construction,"Le centre d’hébergement et de soins de longue durée Dorval a une capacité de 110 lits. Le besoin est généré principalement par l’état de vétusté fonctionnelle et physique du bâtiment qui sera réutilisé pour d’autres fonctions.

Ce projet permettra de desservir la clientèle âgée grandissante, à proximité, dans des milieux adaptés à leur condition, favorisant un service axé sur les meilleures pratiques selon la vision du Centre intégré de Santé et de Services sociaux et les orientations ministérielles en soins de longue durée.",,,,,,En planification,"Décembre 2020
Le projet a été autorisé à l’étape « En planification ».",Ministre de la Santé et des Services sociaux,Centre intégré universitaire de santé et de services sociaux de l’Ouest-de-l’Île-de-Montréal,Société québécoise des infrastructures,Santé et Services sociaux,Santé et Services sociaux,06 – Montréal,Centre d’hébergement de Dorval,Dorval,Reconstruction
576,Centre d’hébergement et de soins de longue durée Benjamin-Victor-Rousselot – Montréal – Reconstruction,Le centre d’hébergement et de soins de longue durée Benjamin-Victor-Rousselot a une capacité de 166 lits. Le besoin est généré principalement par l’état de vétusté fonctionnelle et physique des bâtiments. L’établissement compte démolir le bâtiment existant et en reconstruire un nouveau.,,,,,,En planification,"Mars 2021
Le projet a été autorisé à l’étape « En planification ».",Ministre de la Santé et des Services sociaux,Centre intégré universitaire de santé et de services sociaux de l’Est-de-l’Île-de-Montréal,Société québécoise des infrastructures,Santé et Services sociaux,Santé et Services sociaux,06 – Montréal,Centre d’hébergement et de soins de longue durée Benjamin-Victor-Rousselot,Montréal,Reconstruction
577,Centre d’hébergement et de soins de longue durée Jeanne-Le Ber 1 – Montréal – Reconstruction,"Le centre d’hébergement et de soins de longue durée Jeanne-Le Ber a une capacité de 351 lits. Le besoin est généré principalement par l’état de vétusté fonctionnelle et physique des bâtiments. L’établissement compte démolir le bâtiment existant.

Le projet consiste en la construction d’un premier bâtiment de 176 lits (50 % de 351 lits), inspiré du concept de maison des aînés, sur le territoire du Centre intégré universitaire de santé et de services sociaux (CIUSSS) de l’Est-de-l’Île-de-Montréal pour héberger la clientèle provenant du bâtiment actuel. Pour le second bâtiment, voir le projet 578. 

Ce projet permettra de desservir la clientèle âgée grandissante, à proximité, dans des milieux adaptés à leur condition, favorisant un service axé sur les meilleures pratiques selon la vision du CIUSSS et les orientations ministérielles en soins de longue durée.",,,,,,En planification,"Mars 2021
Le projet a été autorisé à l’étape « En planification ».",Ministre de la Santé et des Services sociaux,Centre intégré universitaire de santé et de services sociaux de l’Est-de-l’Île-de-Montréal,Société québécoise des infrastructures,Santé et Services sociaux,Santé et Services sociaux,06 – Montréal,Centre d’hébergement et de soins de longue durée Jeanne-Le Ber 1,Montréal,Reconstruction
578,Centre d’hébergement et de soins de longue durée Jeanne-Le Ber 2 – Montréal – Reconstruction,"Le centre d’hébergement et de soins de longue durée Jeanne-Le Ber a une capacité de 351 lits. Le besoin est généré principalement par l’état de vétusté fonctionnelle et physique des bâtiments. L’établissement compte démolir le bâtiment existant.

Le projet consiste en la construction d’un second bâtiment de 176 lits (50 % de 351 lits), inspiré du concept de maison des aînés, sur le territoire du Centre intégré universitaire de santé et de services sociaux (CIUSSS) de l’Est-de-l’Île-de-Montréal pour héberger la clientèle provenant du bâtiment actuel. Pour le premier bâtiment, voir le projet 577.

Ce projet permettra de desservir la clientèle âgée grandissante, à proximité, dans des milieux adaptés à leur condition, favorisant un service axé sur les meilleures pratiques selon la vision du CIUSSS et les orientations ministérielles en soins de longue durée.",,,,,,En planification,"Mars 2021
Le projet a été autorisé à l’étape « En planification ».",Ministre de la Santé et des Services sociaux,Centre intégré universitaire de santé et de services sociaux de l’Est-de-l’Île-de-Montréal,Société québécoise des infrastructures,Santé et Services sociaux,Santé et Services sociaux,06 – Montréal,Centre d’hébergement et de soins de longue durée Jeanne-Le Ber 2,Montréal,Reconstruction
579,Centre d’hébergement et de soins de longue durée Nicolet – Montréal – Reconstruction,Le centre d’hébergement et de soins de longue durée Nicolet a une capacité de 145 lits. Le besoin est généré principalement par l’état de vétusté fonctionnelle et physique des bâtiments. L’établissement compte démolir le bâtiment existant et en reconstruire un nouveau.,,,,,,En planification,"Mars 2021
Le projet a été autorisé à l’étape « En planification ».",Ministre de la Santé et des Services sociaux,Centre intégré universitaire de santé et de services sociaux de l’Est-de-l’Île-de-Montréal,Société québécoise des infrastructures,Santé et Services sociaux,Santé et Services sociaux,06 – Montréal,Centre d’hébergement et de soins de longue durée Nicole,Montréal,Reconstruction
580,Centre d’hébergement Saint-Eusèbe – Joliette – Construction,"Le projet consiste en la construction d’un bâtiment de 153 lits fortement inspiré du concept de maison des aînés sur le territoire du Centre intégré de santé et de services sociaux (CISSS) de Lanaudière pour héberger la clientèle du centre d’hébergement et de soins de longue durée Saint-Eusèbe. Le besoin est généré principalement par l’état de vétusté fonctionnelle et physique du bâtiment existant.   À ce jour, aucune décision quant à la réutilisation ou non de cet immeuble n’a encore été prise.


Ce projet permettra de desservir la clientèle âgée grandissante, à proximité, dans des milieux adaptés à leur condition, favorisant un service axé sur les meilleures pratiques selon la vision du CISSS et les orientations ministérielles en soins de longue durée.",,,,,,En planification,"Décembre 2020
Le projet a été autorisé à l’étape « En planification ».",Ministre de la Santé et des Services sociaux,Centre intégré de santé et de services sociaux de Lanaudière,Société québécoise des infrastructures,Santé et Services sociaux,Santé et Services sociaux,14 – Lanaudière,Centre d’hébergement Saint-Eusèbe,Joliette,Construction
581,Centre d’hébergement Parphilia-Ferland – Saint-Charles-Borromée – Construction,"Le projet consiste en la construction d’un bâtiment de 166 lits, fortement inspiré du concept de maison des aînés, sur le territoire du Centre de santé et de services sociaux de Lanaudière pour héberger la clientèle du centre d’hébergement et de soins de longue durée Parphilia-Ferland. 

Le besoin est généré principalement par l’état de vétusté fonctionnelle et physique et l’orientation du ministère de la Santé et des Services sociaux de relocaliser la clientèle de longue durée hors des hôpitaux. Les espaces laissés vacants dans l’hôpital seront réaménagés.",,,,,,En planification,"Décembre 2020
Le projet a été autorisé à l’étape « En planification ».",Ministre de la Santé et des Services sociaux,Centre de santé et de services sociaux de Lanaudière,Société québécoise des infrastructures,Santé et Services sociaux,Santé et Services sociaux,14 – Lanaudière,Centre d’hébergement Parphilia-Ferland,Saint-Charles-Boromée,Construction
582,"Hôpital de Dolbeau-Mistassini, bloc opératoire et unité – Agrandissement et réaménagement ","Le projet consiste à agrandir l’hôpital de Dolbeau-Mistassini et à réaménager l’actuel bloc opératoire. Les interventions immobilières consistent, pour l’agrandissement, en un bloc de quatre salles, permettant de rapatrier toutes les activités à un seul endroit et à la mise aux normes de l’unité de retraitement des dispositifs médicaux.",50000000,50000000,0,,2023-11-30,En réalisation,"Décembre 2020
Le projet a été autorisé à l’étape « En réalisation ».",Ministre de la Santé et des Services sociaux,Centre intégré universitaire de santé et de services sociaux du Saguenay–Lac-Saint-Jean,Société québécoise des infrastructures,Santé et Services sociaux,Santé et Services sociaux,02 – Saguenay–Lac-Saint-Jean,Hôpital de Dolbeau-Mistassini,Dolbeau-Mistassini,Agrandissement et réaménagement
583,"Hôpital de Thetford Mines, urgence – Réaménagement et agrandissement","Le projet consiste à réaménager et à agrandir l’urgence de l’établissement, et ce, afin de résoudre un problème de désuétude et de manque d’espace constaté dans les locaux actuels de l’Hôpital de Thetford Mines. La nouvelle urgence planifiée, qui sera mise aux normes, permettra l’adoption des pratiques cliniques les plus à jour.",,,,,,En planification,,Ministre de la Santé et des Services sociaux,Centre intégré de santé et de services sociaux de Chaudière-Appalaches,Société québécoise des infrastructures,Santé et Services sociaux,Santé et Services sociaux,12 – Chaudière-Appalaches,Hôpital de Thetford Mines,Thetford Mines,Réaménagement et agrandissement
584,École primaire de la commission scolaire Central Québec – Lévis – Construction,"Le projet consiste en la construction d’une école primaire à Lévis, sur le territoire de la commission scolaire Central Québec. Deux classes de maternelle 4 ans, deux d’éducation préscolaire et douze d’enseignement primaire sont prévues afin de réduire le déficit d’espace reconnu par le Ministère.",,,,,,En planification,,Ministre de l’Éducation,Commission scolaire Central Québec,Commission scolaire Central Québec,Éducation,Éducation et culture,12 – Chaudière-Appalaches,École primaire de la commission scolaire Central Québec,Lévis,Construction
585,École primaire (A) du centre de services scolaire de Laval (secteur Chomedey) – Construction,"Le projet consiste en la construction d’une école primaire à Laval, secteur Chomedey, sur le territoire du centre de services scolaire de Laval. Quatre classes de maternelle 4 ans, quatre d’éducation préscolaire, vingt-quatre d’enseignement primaire et quatre pour les élèves handicapés ou en difficulté d’adaptation ou d’apprentissage sont prévues afin de réduire le déficit d’espace reconnu par le Ministère.",,,,,,En planification,,Ministre de l’Éducation,Centre de services scolaire de Laval,Centre de services scolaire de Laval,Éducation,Éducation et culture,13 – Laval,École primaire du centre de services scolaire de Laval ,Laval (secteur Chomedey),Construction
586,École secondaire Félix-Leclerc du centre de services scolaire des Affluents – Repentigny – Agrandissement,Le projet consiste en l’agrandissement de l’école Félix-Leclerc à Repentigny par l’ajout de 30 classes afin de réduire le déficit d’espace reconnu par le Ministère.,,,,,,En planification,,Ministre de l’Éducation,Centre de services scolaire des Affluents,Centre de services scolaire des Affluents,Éducation,Éducation et culture,14 – Lanaudière,École secondaire Félix-Leclerc,Repentigny,Agrandissement
587,École primaire (B) du centre de services scolaire de Laval (secteur Chomedey) – Construction,"Le projet consiste en la construction d’une école primaire à Laval, secteur Chomedey, sur le territoire du centre de services scolaire de Laval. Quatre classes de maternelle 4 ans, quatre d’éducation préscolaire, vingt-quatre d’enseignement primaire sont prévues afin de réduire le déficit d’espace reconnu par le Ministère.",,,,,,En planification,,Ministre de l’Éducation,Centre de services scolaire de Laval,Centre de services scolaire de Laval,Éducation,Éducation et culture,13 – Laval,École primaire du centre de services scolaire de Laval ,Laval (secteur Chomedey),Construction
588,École primaire (C) du centre de services scolaire de Laval (secteur Chomedey) – Construction,"Le projet consiste en la construction d’une école primaire à Laval, secteur Chomedey, sur le territoire du centre de services scolaire de Laval. Huit classes de maternelle 4 ans, quatre d’éducation préscolaire, vingt-quatre d’enseignement primaire sont prévues afin de réduire le déficit d’espace reconnu par le Ministère.",,,,,,En planification,,Ministre de l’Éducation,Centre de services scolaire de Laval,Centre de services scolaire de Laval,Éducation,Éducation et culture,13 – Laval,École primaire du centre de services scolaire de Laval ,Laval (secteur Chomedey),Construction
589,École primaire du centre de services scolaire de Laval (secteur des Mille-Îles) – Construction,"Le projet consiste en la construction d’une école primaire à Laval, secteur des Mille-Îles, sur le territoire du centre de services scolaire de Laval. Quatre classes de maternelle 4 ans, trois d’éducation préscolaire, dix-huit d’enseignement primaire sont prévues afin de réduire le déficit d’espace reconnu par le Ministère.",,,,,,En planification,,Ministre de l’Éducation,Centre de services scolaire de Laval,Centre de services scolaire de Laval,Éducation,Éducation et culture,13 – Laval,École primaire du centre de services scolaire de Laval ,Laval (secteur des Mille-Îles),Construction
590,École primaire du centre de services scolaire Marie-Victorin (secteur Vauquelin) – Longueuil (arrondissement du Vieux-Longueuil) – Construction,"Le projet consiste en la construction d’une école primaire à Longueuil, secteur Vauquelin, sur le territoire du centre de services scolaire Marie-Victorin. Trois classes de maternelle 4 ans, quatre d’éducation préscolaire, vingt-quatre d’enseignement primaire sont prévues afin de réduire le déficit d’espace reconnu par le Ministère.",,,,,,En planification,,Ministre de l’Éducation,Centre de services scolaire Marie-Victorin,Centre de services scolaire Marie-Victorin,Éducation,Éducation et culture,16 – Montérégie,École primaire du centre de services scolaire Marie-Victorin,Longueuil (arrondissement du Vieux-Longueuil),Construction
591,École primaire Georges-P.-Vanier du centre de services scolaire Marie-Victorin – Brossard – Agrandissement,"Le projet consiste en l’agrandissement de l’école primaire Georges-P.-Vanier à Brossard, sur le territoire du centre de services scolaire Marie-Victorin. Une classe d’éducation préscolaire et quatorze classes d’enseignement primaire sont prévues afin de réduire le déficit d’espace reconnu par le Ministère.",,,,,,En planification,,Ministre de l’Éducation,Centre de services scolaire Marie-Victorin,Centre de services scolaire Marie-Victorin,Éducation,Éducation et culture,16 – Montérégie,École primaire Georges-P.-Vanier,Brossard,Agrandissement
592,École primaire du centre de services scolaire des Navigateurs – Saint-Apollinaire – Construction,"Le projet consiste en la construction d’une école primaire à Saint-Apollinaire, sur le territoire du centre de services scolaire des Navigateurs. Huit classes de maternelle 4 ans, deux d’éducation préscolaire et douze d’enseignement primaire sont prévues afin de réduire le déficit d’espace reconnu par le Ministère.",,,,,,En planification,,Ministre de l’Éducation,Centre de services scolaire des Navigateurs,Centre de services scolaire des Navigateurs,Éducation,Éducation et culture,12 – Chaudière-Appalaches,École primaire du centre de services scolaire des navigateurs,Saint-Apollinaire,Construction
593,École primaire du centre de services scolaire des Portages-de-l’Outaouais (secteur Hull) – Gatineau – Construction,"Le projet consiste en la construction d’une école primaire à Gatineau dans le secteur Hull, sur le territoire du centre de services scolaire des Portages-de-l’Outaouais. Quatre classes de maternelle 4 ans, quatre d’éducation préscolaire et vingt-quatre d’enseignement primaire sont prévues afin de réduire le déficit d’espace reconnu par le Ministère.",,,,,,En planification,,Ministre de l’Éducation,Centre de services scolaire des Portages-de-l’Outaouais,Centre de services scolaire des Portages-de-l’Outaouais,Éducation,Éducation et culture,07 – Outaouais,École primaire du centre de services scolaires des Portages-de-l’Outaouais,Gatineau (secteur Hull),Construction
594,École primaire du centre de services scolaire Marguerite-Bourgeoys – Montréal (arrondissement de Saint-Laurent) – Construction,"Le projet consiste en la construction d’une école primaire à Montréal, dans l’arrondissement de Saint-Laurent, sur le territoire du centre de services scolaire Marguerite-Bourgeoys. Trois classes de maternelle 4 ans, trois d’éducation préscolaire et dix-huit d’enseignement primaire sont prévues afin de réduire le déficit d’espace reconnu par le Ministère.",,,,,,En planification,,Ministre de l’Éducation,Centre de services scolaire Marguerite-Bourgeoys,Centre de services scolaire Marguerite-Bourgeoys,Éducation,Éducation et culture,06 – Montréal,École primaire du centre de services scolaire Marguerite-Bourgeoys,Montréal (arrondissement de Saint-Laurent),Construction
595,École primaire du centre de services scolaire Marguerite-Bourgeoys – Montréal (arrondissement d’Outremont) – Construction,"Le projet consiste en la construction d’une école primaire à Montréal, dans l’arrondissement d’Outremont, sur le territoire du centre de services scolaire Marguerite-Bourgeoys. Quatre classes de maternelle 4 ans, quatre d’éducation préscolaire et vingt-quatre d’enseignement primaire sont prévues afin de réduire le déficit d’espace reconnu par le Ministère.",,,,,,En planification,,Ministre de l’Éducation,Centre de services scolaire Marguerite-Bourgeoys,Centre de services scolaire Marguerite-Bourgeoys,Éducation,Éducation et culture,06 – Montréal,École primaire du centre de services scolaire Marguerite-Bourgeoys,Montréal (arrondissement d’Outremont),Construction
596,École primaire du centre de services scolaire du Val-des-Cerfs – Shefford – Construction,"Le projet consiste en la construction d’une école primaire à Shefford, sur le site du centre de services scolaire du Val-des-Cerfs. Deux classes de maternelle 4 ans, deux d’éducation préscolaire et douze d’enseignement primaire sont prévues afin de réduire le déficit d’espace reconnu par le Ministère.",,,,,,En planification,,Ministre de l’Éducation,Centre de services scolaire du Val-des-Cerfs,Centre de services scolaire du Val-des-Cerfs,Éducation,Éducation et culture,16 – Montérégie,École primaire du centre de services scolaire du Val-des-Cerfs,Shefford,Construction
597,École primaire du centre de services scolaire de Laval (secteur Laval-des-Rapides) – Construction,"Le projet consiste en la construction d’une école primaire à Laval, secteur Laval-des-Rapides, sur le territoire du centre de services scolaire de Laval. Quatre classes d’éducation préscolaire et dix-sept d’enseignement primaire sont prévues afin de réduire le déficit d’espace reconnu par le Ministère.",,,,,,En planification,,Ministre de l’Éducation,Centre de services scolaire de Laval,Centre de services scolaire de Laval,Éducation,Éducation et culture,13 – Laval,École primaire du centre de services scolaire de Laval ,Laval (secteur Laval-des-Rapides),Construction
598,Centre de formation professionnelle du centre de services scolaire des Affluents – Mascouche – Construction,"Le projet consiste en la construction d’un centre de formation professionnelle en mécanique de machines fixes et en techniques d’usinage à Mascouche, sur le territoire du centre de services scolaires des Affluents.",,,,,,En planification,,Ministre de l’Éducation,Centre de services scolaire des Affluents,Centre de services scolaire des Affluents,Éducation,Éducation et culture,14 – Lanaudière,Centre de formation professionnelle du centre de services scolaire des Affluents,Mascouche,Construction
600,"Centres de la jeunesse et de la famille Batshaw, campus Beaconsfield – Construction","Les Centres de la jeunesse et de la famille Batshaw accueillent des jeunes, répartis sur différents sites. Cet éloignement n’est pas propice à la réadaptation et présente un enjeu majeur, tant pour les jeunes que pour les personnes intervenantes.

Le projet vise le rapatriement, à Beaconsfield, des aires de vie ouvertes des Centres de la jeunesse et de la famille Batshaw, actuellement réparties sur quatre sites. L’encadrement de 84 jeunes sera ainsi possible grâce à la construction de deux pavillons d’hébergement et d’un troisième bâtiment qui regroupera les activités d’enseignement et les fonctions administratives.",,,,,,En planification,"Août 2021
Le projet a été autorisé à l’étape « En planification ».",Ministre de la Santé et des Services sociaux,Centre de santé et de services sociaux de l’Ouest-de-l’Île de Montréal,Société québécoise des infrastructures,Santé et Services sociaux,Santé et Services sociaux,06 – Montréal,Campus Beaconsfield,Beaconsfield,Construction
601,École Félix-Antoine-Savard du centre de services scolaire de Charlevoix – La Malbaie – Reconstruction et agrandissement,"Le projet consiste en la reconstruction et l’agrandissement de l’école primaire Félix-Antoine-Savard, sur le territoire du centre de services scolaire de Charlevoix. Six classes d’éducation préscolaire et vingt et une classes d’enseignement primaire sont prévues afin de répondre aux besoins suite à la cession de l’école Marguerite-d’Youville pour le projet d’agrandissement de l’Hôpital de La Malbaie.",,,,,,En planification,,Ministre de l’Éducation,Centre de services scolaire de Charlevoix,Centre de services scolaire de Charlevoix,Éducation,Éducation et culture,03 – Capitale-Nationale,École Félix-Antoine-Savard,La Malbaie,Reconstruction et agrandissement
602,Centre d’hébergement et de soins de longue durée – Lac-Mégantic – Construction,"Le projet vise la construction d’un centre d’hébergement et de soins de longue durée de 99 lits. Ce CHSLD, fortement inspiré du concept de maison des aînés, sera localisé à proximité du centre hospitalier du Granit de Lac-Mégantic. Plusieurs services, tels que les services alimentaires, seront mutualisés et mis aux normes. L’établissement accueillera également un centre de jour. 

Le besoin est généré principalement par l’état de vétusté fonctionnelle et physique du bâtiment existant où sont actuellement logés les résidents. À ce jour, aucune décision quant à la réutilisation ou non de cet immeuble n’a été prise.",85000000,85000000,0,,2024-06-30,En réalisation,"Mars 2021
Une hausse de 15,0 M$ au coût du projet a été autorisée. Initialement prévu à 70,0 M$, le coût est maintenant de 85,0 M$.
Décembre 2020
Le projet a été autorisé à l’étape « En réalisation ».",Ministre de la Santé et des Services sociaux,Centre intégré universitaire de santé et de services sociaux de l’Estrie – Centre hospitalier universitaire de Sherbrooke,Société québécoise des infrastructures,Santé et Services sociaux,Santé et Services sociaux,05 – Estrie,Centre d’hébergement et de soins de longue durée,Lac-Mégantic,Construction
603,Centre d’hébergement Henri-Bradet – Montréal – Agrandissement et réaménagement,"Le projet consiste en un agrandissement de 100 lits de soins de longue durée et le réaménagement des espaces actuels du centre d’hébergement Henri-Bradet, selon une formule inspirée du concept de maison des aînés. Le besoin est généré principalement par l’état de vétusté fonctionnelle et physique du bâtiment.",85000000,85000000,0,,2024-06-30,En réalisation,"Mars 2021
Une hausse de 15,0 M$ au coût du projet a été autorisée. Initialement prévu à 70,0 M$, le coût est maintenant de 85,0 M$.
Décembre 2020
Le projet a été autorisé à l’étape « En réalisation ».",Ministre de la Santé et des Services sociaux,Centre intégré universitaire de santé et de services sociaux de l’Ouest-de-l’Île-de-Montréal,Société québécoise des infrastructures,Santé et Services sociaux,Santé et Services sociaux,06 – Montréal,Centre d’hébergement Henri-Bradet,Montréal,Agrandissement et réaménagement
605,"Hôpital d’Amos, urgence et soins intensifs – Agrandissement et réaménagement","L’urgence de l’hôpital d’Amos présente des problèmes de vétusté et d’exiguïté de ses espaces, qui doivent être adaptés aux besoins actuels et futurs de la population. Le projet immobilier consiste en un agrandissement et un réaménagement de l’hôpital pour y loger une nouvelle urgence et une unité de soins intensifs. Le projet comporte aussi le réaménagement de certains services cliniques et administratifs.",,,,,,En planification,,Ministre de la Santé et des Services sociaux,Centre intégré de santé et de services sociaux de l’Abitibi-Témiscamingue,Société québécoise des infrastructures,Santé et Services sociaux,Santé et Services sociaux,08 – Abitibi-Témiscamingue,Hôpital d’Amos,Amos,Agrandissement et réaménagement 
606,"Hôpital et centre de réadaptation de Jonquière, urgence – Agrandissement et réaménagement ",Le projet consiste en un agrandissement et au réaménagement des espaces existants de l’hôpital et du centre de réadaptation de Jonquière. Les travaux visent à réaménager les lieux de manière mieux adaptée à la réalité des besoins actuels.,,,,,,En planification,,Ministre de la Santé et des Services sociaux,Centre intégré universitaire de santé et de services sociaux du Saguenay–Lac-Saint-Jean,Société québécoise des infrastructures,Santé et Services sociaux,Santé et Services sociaux,02 – Saguenay–Lac-Saint-Jean,Hôpital et centre de réadaptation de Jonquière,Jonquière,Agrandissement et réaménagement
607,"Hôpital Notre-Dame, services de santé mentale et dépendance – Montréal – Réaménagement","Le projet consiste à regrouper les cliniques ambulatoires et les services de psychiatrie (soins intensifs, intermédiaires, standards et gérontopsychiatriques) de l’hôpital Notre-Dame au 5e étage, pour une sécurité accrue et une importante amélioration fonctionnelle. La superficie brute du projet est d’environ 5 200 m², et l’ajout de 6 lits est prévu, pour un total de 54, dans ce service.

Des travaux de réaménagement et de mise aux normes doivent aussi être réalisés dans le secteur de la toxicomanie, pour une réponse adéquate aux besoins de la clientèle.",,,,,,En planification,"Août 2021
Le projet a été autorisé à l’étape « En planification ».",Ministre de la Santé et des Services sociaux,Centre intégré universitaire de santé et de services sociaux du Centre-Sud-de-l’Île-de-Montréal,Société québécoise des infrastructures,Santé et Services sociaux,Santé et Services sociaux,06 – Montréal,Hôpital Notre-Dame,Montréal,Réaménagement
608,"Hôpital Saint-François d’Assise, santé mentale (phase I) – Québec – Agrandissement et réaménagement","Le projet consiste en la construction d’une urgence psychiatrique, d’une unité d’hospitalisation brève de dix lits et de cliniques externes en santé mentale, au Pavillon Saint-François d’Assise.",,,,,,En planification,,Ministre de la Santé et des Services sociaux,Centre hospitalier universitaire de Québec –  Université Laval,Société québécoise des infrastructures,Santé et Services sociaux,Santé et Services sociaux,03 – Capitale-Nationale,Hôpital Saint-François d’Assise,Québec,Agrandissement et réaménagement
609,École primaire de la commission scolaire crie – Chisasibi – Construction,"Le projet consiste en la construction d’une école primaire à Chisasibi sur le territoire de la commission scolaire crie, afin de réduire le déficit d’espace reconnu par le Ministère et de répondre aux particularités du Nunavik.",56000000,19100000,36900000,,2022-09-30,En réalisation,"Décembre 2020
Le projet a été autorisé à l’étape « En réalisation ».",Ministre de l’Éducation,Commission scolaire crie,Commission scolaire crie,Éducation,Éducation et culture,10 – Nord-du-Québec,École primaire de la commission scolaire crie,Chisasibi,Construction
610,École Saint-Michel-Archange du centre de services scolaire des Grandes-Seigneuries – Saint-Michel – Agrandissement et réaménagement,"Le projet consiste en l’agrandissement et le réaménagement de l’école Saint-Michel-Archange à Saint-Michel, sur le territoire du centre de services scolaire des Grandes-Seigneuries. L’ajout de quatre classes d’éducation préscolaire, six classes d’enseignement primaire et deux classes pour les élèves handicapés ou en difficulté d’adaptation ou d’apprentissage sont prévues afin de réduire le déficit d’espace reconnu par le Ministère.",,,,,,En planification,,Ministre de l’Éducation,Centre de services scolaire des Grandes-Seigneuries,Centre de services scolaire des Grandes-Seigneuries,Éducation,Éducation et culture,16 – Montérégie,École Sainte-Michel-Archange,Saint-Michel,Agrandissement et réaménagement
611,"Autoroute 20, direction est, entre Saint-Apollinaire et Laurier-Station – Reconstruction","Le projet consiste au remplacement de la chaussée de béton bitumineux par une chaussée de béton de ciment sur l’autoroute 20 est, entre Saint-Apollinaire et Laurier-Station. Ce projet est la continuité du plan d’intervention de la reconstruction de la chaussée en béton de l’autoroute 20.",,,,,,En planification,,Ministre des Transports,Ministère des Transports,Ministère des Transports,Réseau routier,Économie et environnement,12 – Chaudière-Appalaches,Autoroute 20,De Saint-Apollinaire à Laurier-Station,Reconstruction
612,Chemin de Manawan entre Lac-Matawin et Saint-Michel-des-Saints – Réfection,Le chemin de Manawan (route 34201) constitue le principal lien pour la communauté attikamek avec la population hors territoire. Le projet consiste en la réfection majeure de cette route afin d’améliorer la sécurité des infrastructures routières par la mise à niveau des caractéristiques géométriques « sous-standards ».,,,,,,En planification,,Ministre des Transports,Ministère des Transports,Ministère des Transports,Réseau routier,Économie et environnement,14 – Lanaudière,Chemin de Manawan,De Lac-Matawin à Saint-Michel-des-Saints,Réfection
613,Pont Charles-De Gaulle entre Montréal et Terrebonne – Réfection,"Le projet consiste en la réfection du pont Charles-De Gaulle situé sur l’autoroute 40, lien important entre Montréal (arrondissement de Rivière-des-Prairies—Pointe-aux-Trembles) et Terrebonne.",,,,,,En planification,,Ministre des Transports,Ministère des Transports,Ministère des Transports,Réseau routier,Économie et environnement,06 – Montréal; 14 – Lanaudière,Pont Charles-De-Gaule,De Montréal à Terrebonne,Réfection
615,Pont d’étagement du boulevard des Galeries-d’Anjou au-dessus de l’autoroute 40 – Montréal – Reconstruction,"Le projet, réalisé en partenariat avec la Ville de Montréal, consiste à reconstruire le pont d’étagement des Galeries-d’Anjou et à réorganiser les artères desservies par cette structure dans l’arrondissement d’Anjou. Ce pont d’étagement nord-sud permet la mobilité de part et d’autre de l’autoroute Métropolitaine dans l’arrondissement d’Anjou et constituera un lien important dans le contexte du prolongement de la ligne bleue du métro.",41000000,31400000,9600000,2022-12-31,2023-12-31,En réalisation,,Ministre des Transports,Ministère des Transports,Ministère des Transports,Réseau routier,Économie et environnement,06 – Montréal,Autoroute 40,Montréal,Reconstruction
616,Pont Rivest – Repentigny – Reconstruction,"Le projet vise à remplacer la dalle existante qui a atteint sa durée de vie utile. La solution retenue consiste à remplacer la dalle et à élargir le pont de deux à quatre voies, avec deux accotements, un trottoir et une piste multifonctionnelle sur dalle.",,,,,,En planification,,Ministre des Transports,Ministère des Transports,Ministère des Transports,Réseau routier,Économie et environnement,14 – Lanaudière,Pont Rivest,Repentigny,Reconstruction
618,Route 117 – Réservoir-Dozois – Réfection,"Le projet consiste en la réfection de la route 117, entre le lac Morrisson et le lac Para, dans le secteur de Réservoir-Dozois",25700000,25700000,0,2021-10-30,2022-11-15,En réalisation,,Ministre des Transports,Ministère des Transports,Ministère des Transports,Réseau routier,Économie et environnement,08 – Abitibi-Témiscamingue,Route 117,Réservoir-Dozois,Réfection
621,Route 389 (C) au nord du barrage Daniel-Johnson (Manic-5) – Reconstruction,"Le projet s’inscrit dans un vaste programme d’amélioration de la route 389, entre Baie-Comeau et Fermont, qui vise à réaliser les correctifs essentiels à l’optimisation de la sécurité et du confort des usagers et à faciliter l’accès aux ressources et au Nord-du-Québec. Le projet consiste en la construction d’un nouveau tronçon d’une longueur de 14 km au nord du barrage hydroélectrique Daniel-Johnson.",38800000,23000000,15800000,2020-11-01,2021-09-01,En service,,Ministre des Transports,Ministère des Transports,Ministère des Transports,Réseau routier,Économie et environnement,09 – Côte-Nord,Route 389,Côte-Nord,Reconstruction
622,Route 389 (D) entre la centrale Jean-Lesage (Manic-2) et la centrale René-Lévesque (Manic-3) – Reconstruction,"Le projet s’inscrit dans un vaste programme d’amélioration de la route 389, entre Baie-Comeau et Fermont, qui vise à réaliser les correctifs essentiels à l’optimisation de la sécurité et du confort des usagers et à faciliter l’accès aux ressources et au Nord-du-Québec. Le projet consiste en la correction de courbes entre la centrale hydroélectrique Jean-Lesage (Manic-2) et la centrale hydroélectrique René-Lévesque (Manic-3).",35500000,32400000,3100000,2015-09-01,2024-03-01,En service,,Ministre des Transports,Ministère des Transports,Ministère des Transports,Réseau routier,Économie et environnement,09 – Côte-Nord,Route 389,Côte-Nord,Reconstruction
623,Route 389 (E) entre la centrale René-Lévesque (Manic-3) et le barrage Daniel-Johnson (Manic-5) – Reconstruction,"Le projet s’inscrit dans un vaste programme d’amélioration de la route 389, entre Baie-Comeau et Fermont, qui vise à réaliser les correctifs essentiels à l’optimisation de la sécurité et du confort des usagers et à faciliter l’accès aux ressources et au Nord-du-Québec. Le projet consiste à la correction de courbes entre la centrale hydroélectrique René-Lévesque (Manic-3) et le barrage Daniel-Johnson (Manic-5).",48600000,48600000,0,2016-10-01,2026-03-01,En service,,Ministre des Transports,Ministère des Transports,Ministère des Transports,Réseau routier,Économie et environnement,09 – Côte-Nord,Route 389,Côte-Nord,Reconstruction
624,Structures de l’autoroute 73 (Henri-IV) entre le pont Pierre-Laporte et le boulevard Laurier – Québec – Réfection,Le projet consiste à augmenter la durée de vie utile des structures en effectuant des travaux de chaussée et de drainage sur l’autoroute 73 (Henri-IV) entre le pont Pierre-Laporte et le chemin Saint-Louis et au-dessus de la bretelle vers Duplessis Nord.,,,,,,En planification,,Ministre des Transports,Ministère des Transports,Ministère des Transports,Réseau routier,Économie et environnement,03 – Capitale-Nationale,Structures de l’autoroute 73,Québec,Réfection
630,Centre opérationnel Lebourneuf du RTC – Québec – Agrandissement et réaménagement,"Le projet consiste en la rénovation et l’agrandissement du centre opérationnel et administratif au 720 des Rocailles, comprenant l’intégration d’un poste de commande centralisée, la consolidation des services administratifs du RTC, la rénovation d’espaces communs et des services opérationnels. Il est prévu que les travaux soient réalisés en phase pour permettre le maintien des opérations et la continuité du service.",,,,,,En planification,,Ministre des Transports,Réseau de transport de la Capitale,Réseau de transport de la Capitale,Transport collectif,Économie et environnement,03 – Capitale-Nationale,Centre opérationnel Lebourgneuf du Réseau de transport de la Capitale,Québec,Agrandissement et réaménagement
631,Garage au centre d’entretien Lachine d’exo – Montréal – Construction,"Le projet consiste à construire un atelier d’essais, un bâtiment de profilage des roues et deux voies de garage au centre d’entretien Lachine afin d’y transférer certaines activités d’entretien initialement prévues au centre d’entretien Pointe-Saint-Charles. Ces ajustements doivent être apportés aux activités d’entretien du matériel roulant train en raison de l’évolution et des modifications du réseau ferroviaire attribuables au transfert de la ligne Deux-Montagnes à CDPQ Infra (REM) et à la perte de l’accès au tunnel Mont-Royal.",,,,,,En planification,,Ministre des Transports,Exo,Exo,Transport collectif,Économie et environnement,06 – Montréal,Garage au centre d’entretien Lachine d’exo,Montréal,Construction
632,Centre d’exploitation du Vieux-Longueuil du RTL (phase II) – Longueuil – Réfection,Le projet vise à réaliser des travaux prioritaires au Centre d’exploitation du Vieux-Longueuil afin d’assurer le maintien des opérations.,,,,,,En planification,,Ministre des Transports,Réseau de transport de Longueuil,Réseau de transport de Longueuil,Transport collectif,Économie et environnement,16 – Montérégie,Centre d’exploitation du Vieux-Longueuil du RTL,Longueuil,Réfection
633,Centre d’exploitation de Saint-Hubert du RTL – Longueuil – Construction,Le projet vise l’agrandissement d’un des garages du Réseau de transport de Longueuil sur le site existant de Saint-Hubert. Des installations multifonctionnelles et flexibles seront construites pour intégrer un parc d’autobus électriques à 100 %. Cette construction accroîtra l’offre à la clientèle par l’augmentation du parc d’autobus et des ressources humaines du Réseau de transport de Longueuil.,,,,,,En planification,"Mars 2021
Le projet a été autorisé à l’étape « En planification ».",Ministre des Transports,Autorité régionale de transport métropolitain,Réseau de transport de Longueuil,Transport collectif,Économie et environnement,16 – Montérégie,Centre d’exploitation de Saint-Hubert du Réseau de transport de Longueuil (RTL),Longueuil,Construction
634,Voies réservées sur les boulevards du Quartier Sud et Rome – Brossard et Longueuil – Aménagement,Le projet vise à implanter des voies réservées sur les boulevards du Quartier et Rome afin de favoriser les déplacements aux abords des stations de l’antenne sud du REM.,,,,,,En planification,,Ministre des Transports,Réseau de transport de Longueuil,Réseau de transport de Longueuil et Ville de Brossard,Transport collectif,Économie et environnement,16 – Montérégie,Voies réservées sur les boulevards Quartier Sud et Rome,De Brossard à Longueuil,Aménagement
635,Mesures prioritaires pour le transport collectif sur le boulevard Le Corbusier – Laval – Aménagement,Le projet consiste à mettre en place le premier axe de la phase II du réseau de mesures préférentielles donnant accès aux autobus de la Société de transport de Laval à de meilleures performances en termes de temps de parcours et de fiabilité du service.,,,,,,En planification,,Ministre des Transports,Société de transport de Laval,Société de transport de Laval,Transport collectif,Économie et environnement,13 – Laval,Boulevard Le Corbusier,Laval,Aménagement
636,"Terminus Châteauguay d’exo, quais – Réfection","Le projet vise à optimiser les services de transport collectif et l’expérience des clients en créant un pôle de correspondance au terminus Châteauguay. Il prévoit, entre autres, l’aménagement de quais et d’accès dédiés aux autobus, d’un centre de services et d’un dépose-minute. Ces éléments permettront d’améliorer et de structurer la desserte de transport collectif du secteur.",,,,,,En planification,,Ministre des Transports,Exo,Exo,Transport collectif,Économie et environnement,16 – Montérégie,Terminus Châteauguay d’exo,Châteauguay,Réfection
638,Aérogare Kangiqsualujjuaq et garage – Réfection,Le projet consiste en la réfection des bâtiments qui ne répondent plus aux exigences réglementaires et aux besoins des usagers.,,,,,,En planification,,Ministre des Transports,Ministère des Transports,Ministère des Transports,"Transport maritime, aérien, ferroviaire et autres",Économie et environnement,10 – Nord-du-Québec,Aérogare Kangiqsualujjuaq et garage,Kangiqsualujjuaq,Réfection
639,Chemin de fer Québec Central entre Vallée-Jonction et Thetford Mines – Réfection et reconstruction,Le projet vise principalement la réfection des infrastructures sur la voie ferrée Chemin de fer Québec Central entre Vallée-Jonction et Thetford Mines afin de permettre la reprise du transport ferroviaire.,,,,,,En planification,,Ministre des Transports,Ministère des Transports,Ministère des Transports,"Transport maritime, aérien, ferroviaire et autres",Économie et environnement,12 – Chaudière-Appalaches,Chemin de fer Québec Central,De Vallée-Jonction à Thetford Mines,Réfection et reconstruction
640,Hélicoptères – Régions administratives du Québec – Acquisition,Le projet consiste à acquérir de nouveaux hélicoptères pour renouveler la flotte actuelle. Ces hélicoptères seront équipés pour répondre aux besoins des missions de la Sûreté du Québec. ,,,,,,En planification,,Ministre des Transports,Ministère des Transports,Ministère des Transports,"Transport maritime, aérien, ferroviaire et autres",Économie et environnement,Plusieurs régions du Québec,Hélicoptères,Plusieurs régions du Québec,Acquisition
641,"Réseau ferroviaire, pont – Dolbeau-Mistassini – Construction",Le projet vise la construction d’un pont ferroviaire au-dessus de la rivière Mistassini.,,,,,,En planification,,Ministre des Transports,Régie intermunicipale du Parc industriel de la MRC de Maria‑Chapdelaine,Régie intermunicipale du Parc industriel de la MRC de Maria‑Chapdelaine,"Transport maritime, aérien, ferroviaire et autres",Économie et environnement,02 – Saguenay–Lac-Saint-Jean,Pont ferroviaire,Dolbeau-Mistassini,Construction
642,Boulevard La Vérendrye entre le boulevard Gréber et la montée Paiement (phase I) et entre le boulevard Labrosse et le boulevard Lorrain (phase II) – Gatineau – Élargissement,Le projet concerne l’élargissement de la chaussée existante dans l’objectif d’une meilleure fluidité et de la sécurité des usagers.,,,,,,En planification,,Ministre des Transports,Ville de Gatineau,Ville de Gatineau,"Transport maritime, aérien, ferroviaire et autres",Économie et environnement,07 – Outaouais,Boulevard La Vérendrye,Gatineau,Élargissement
643,Chemin Pink entre le boulevard des Grives et la rue Vanier – Gatineau – Élargissement,Le projet concerne l’élargissement de la chaussée existante dans l’objectif d’une meilleure fluidité et de la sécurité des usagers.,,,,,,En planification,,Ministre des Transports,Ville de Gatineau,Ville de Gatineau,"Transport maritime, aérien, ferroviaire et autres",Économie et environnement,07 – Outaouais,Chemin Pink,Gatineau,Élargissement
644,Pont des Grandes-Fourches au-dessus de la rivière Magog – Sherbrooke – Construction,"Le projet consiste en la revitalisation du secteur des Grandes-Fourches Nord; les ponts seront démolis et un nouveau pont, sous la gestion municipale, sera construit en accord avec le réaménagement du secteur par la ville.",,,,,,En planification,,Ministre des Transports,Ville de Sherbrooke,Ville de Sherbrooke,"Transport maritime, aérien, ferroviaire et autres",Économie et environnement,05 – Estrie,Pont des Grandes-Fourches,Sherbrooke,Construction
646,Réservoir Beaudet – Victoriaville – Réfection et construction,Le projet vise à restaurer la capacité du réservoir Beaudet afin d’assurer son rôle primaire d’approvisionnement en eau brute de l’usine d’eau potable de la Ville de Victoriaville.,,,,,,En planification,,Ministre des Affaires municipales et de l’Habitation,Ville de Victoriaville,Ville de Victoriaville,Municipalités,Économie et environnement,17 – Centre-du-Québec,Ouvrage d’approvisionnement en eau potable,Victoriaville,Réfection et construction 
648,Bassins de rétention des eaux usées (ouvrage Turcot) – Montréal – Construction,"Le projet consiste à construire quatre ouvrages de rétention structurels dont : Turcot 1, Turcot 2, Turcot 3 et 47e/Pie-IX, qui fournissent des services essentiels aux systèmes d’eaux pluviales et d’eaux usées d’une capacité de 6 500 à 17 000 m³ dans des secteurs de la ville de Montréal à forte densité de population et où l’imperméabilité du sol est significative. Dans un premier cas, une mise à niveau de la desserte collectrice de drainage du secteur de l’ancienne cour Turcot et de ses abords, situé au sud de la future portion d’autoroute actuellement en construction, sera réalisée. Cet ensemble de trois réservoirs de rétention s’avère essentiel pour assurer à long terme une desserte collectrice qui respecte les normes et pour renforcer le collecteur Bas-Niveau, un des deux principaux collecteurs du bassin versant Saint-Pierre d’une superficie de près de 5 500 ha et qui couvre un territoire appréciable du sud-ouest de l’île de Montréal. Dans le deuxième cas, l’ouvrage de rétention est recommandé pour assurer la mise à niveau du réseau de collecte du bassin de drainage Curotte-Papineau qui dessert un secteur urbain de près de 1 000 ha. L’ouvrage planifié est situé à l’intersection du boulevard Pie IX et de la 47e Avenue. Ces ouvrages seront tous reliés à un système de gestion automatisé permettant un suivi instrumenté des volumes d’eau dans les intercepteurs et permettant aux opérations de s’appuyer sur des prévisions météorologiques. Le projet vise à atténuer les risques d’inondation d’une fréquence d’une fois en moins de 10 ans.",,,,,,En planification,,Ministre des Affaires municipales et de l’Habitation,Ville de Montréal,Ville de Montréal,Municipalités,Économie et environnement,06 – Montréal,Bassins de rétention,Montréal,Construction
649,Ouvrage de protection contre les inondations – Montréal (arrondissement de Pierrefonds-Roxboro) – Construction,"Émissaires
Le projet consiste en la mise en place de solutions permanentes sur deux émissaires (émissaire Rive-Boisée et émissaire Jacques-Bizard) et la construction de chambres de vannes qui bloqueront l’entrée des eaux lorsque le niveau de la rivière des Prairies sera trop élevé. L’installation de stations de pompage pour pomper et rediriger les eaux vers l’émissaire pluvial en aval de la chambre de vannes sera également réalisée.
 
Milieux humides naturels
Le projet consiste en la mise en valeur et la protection de deux infrastructures naturelles, soit le marais Lauzon et le marais 90. Les infrastructures naturelles seront réaménagées pour optimiser les fonctions écosystémiques de cet ensemble de milieux humides naturels. La protection de ces terres humides sera réalisée par la création d’une vaste aire naturelle protégée.

Le projet nécessite l’acquisition de terrains pour la construction d’infrastructures naturelles.",,,,,,En planification,,Ministre des Affaires municipales et de l’Habitation,Ville de Montréal,Ville de Montréal,Municipalités,Économie et environnement,06 – Montréal,Ouvrage de protection contre les inondations,Montréal (arrondissement de Pierrefonds-Roxboro),Construction
650,Ouvrage de rétention – Ruisseau Wabassee – Construction,"En ayant comme objectif de se prémunir face à des événements de pluies importantes, ce projet consiste en la construction et la réhabilitation de quatre actifs structurels et trois actifs naturels au niveau du bassin versant du ruisseau Wabassee, comprenant un ouvrage de retenue et de rétention en terre, composé de digues à noyau argileux et muni d’un évacuateur de crue près de l’exutoire de l’ouvrage qui fournissent des services essentiels aux systèmes d’eaux pluviales et d’eaux usées.",,,,,,En planification,,Ministre des Affaires municipales et de l’Habitation,Ville de Gatineau,Ville de Gatineau,Municipalités,Économie et environnement,07 – Outaouais,Bassin versant du ruisseau Wabassee,Gatineau,Construction
651,Bassins de rétention des eaux usées (Ouvrage Saint-Thomas) – Montréal – Construction,"Le projet consiste à construire un ouvrage de rétention d’environ 15 000 m³ dans le secteur Griffintown plus précisément dans le quadrilatère compris entre les rues William, Ottawa, St-Thomas et du Séminaire. Le site choisi pour l’implantation du bassin de retenue permet un contrôle des débordements optimal et assure une meilleure protection hydraulique aux résidents du secteur. Cet ouvrage sera construit dans un secteur d’environ 500 hectares du centre-ville de Montréal qui fait l’objet d’un développement et d’une densification de son occupation. En plus d’augmenter le niveau de service dans ce secteur, la construction de cet ouvrage représente une réponse directe aux contrecoups des changements climatiques. Cet ouvrage sera raccordé à un système de gestion automatisé permettant un suivi instrumenté des volumes d’eau dans les intercepteurs et permettant aux opérations de s’appuyer sur des prévisions météorologiques. Le projet nécessite l’acquisition de terrains pour l’infrastructure naturelle (le terrain servira à la construction d’un bassin de rétention).",,,,,,En planification,,Ministre des Affaires municipales et de l’Habitation,Ville de Montréal,Ville de Montréal,Municipalités,Économie et environnement,06 – Montréal,Bassins de rétention des eaux usées,Montréal,Construction
652,Bâtiment administratif pour l’Unité permanente anticorruption – Montréal – Construction,Le projet consiste en une solution immobilière en vue d’un accroissement d’espace comportant un aménagement selon les principes du milieu de travail axé sur les activités.,,,,,,En planification,,Ministre responsable de l’Administration gouvernementale,Unité permanente anti-corruption,Société québécoise des infrastructures,Administration gouvernementale,Gouverne et justice,06 – Montréal,Bâtiment administratif,Montréal,Construction
653,Centre de traitement informatique (phases II et III) – Québec – Réaménagement,"Le projet consiste à moderniser et centraliser les infrastructures en technologie de l’information dans le but d’augmenter le degré de protection des actifs informationnels, d’améliorer la disponibilité des services aux citoyens et de générer des économies de coûts pour le gouvernement.",,,,,,En planification,,Ministre responsable de l’Administration gouvernementale,Infrastructures technologiques Québec,Société québécoise des infrastructures,Administration gouvernementale,Gouverne et justice,03 – Capitale-Nationale,Centre de traitement informatique,Québec,Réaménagement
654,"École Sophie-Barat du centre de services scolaire de Montréal – Agrandissement, réfection et réaménagement","Le projet consiste en la réfection et au réaménagement de l’école Sophie-Barat inscrite au Répertoire du patrimoine. L’école présente une dangerosité pour la sécurité de ses occupants, c’est d’ailleurs our cette raison que la construction d’une nouvelle école transitoire est aussi prévue sur une partie des terrains de l’école Sophie-Barat afin d’y délocaliser les élèves durant les travaux.",,,,,,En planification,"Décembre 2020
Le projet a été autorisé à l’étape « En planification ».",Ministre de l’Éducation,Centre de services scolaire de Montréal,Centre de services scolaire de Montréal,Éducation,Éducation et culture,06 – Montréal,École Sophie-Barat,Montréal,Réaménagement et agrandissement
655,"Bâtiments modulaires – Québec, Sherbrooke et Trois-Rivières – Remplacement","Le projet consiste au remplacement des bâtiments modulaires temporaires des établissements de détention de Québec, de Trois-Rivières et de Sherbrooke par des bâtiments permanents.",,,,,,En planification,,Ministre responsable de l’Administration gouvernementale,Ministère de la Sécurité publique,Société québécoise des infrastructures,Administration gouvernementale,Gouverne et justice,03 – Capitale-Nationale; 05 – Estrie; 04 – Mauricie,Bâtiments modulaires,"Québec, Sherbrooke et Trois-Rivières",Remplacement
657,Institut universitaire de cardiologie et de pneumologie de Québec – Unité de retraitement des dispositifs médicaux – Agrandissement et réaménagement,"Le projet consiste en l’agrandissement et au réaménagement de l’unité de retraitement des dispositifs médicaux (URDM) de l’Institut universitaire de cardiologie et de pneumologie de Québec, incluant la relocalisation des services d’hygiène et de salubrité et celui du génie biomédical ainsi que la centralisation des unités satellites de retraitement des dispositifs endoscopiques dans la nouvelle URDM.",24100000,24100000,0,2021-10-01,2022-02-01,En réalisation,,Ministre de la Santé et des Services sociaux,Institut universitaire de cardiologie et de pneumologie de Québec – Université Laval,Institut universitaire de cardiologie et de pneumologie de Québec – Université Laval,Santé et Services sociaux,Santé et Services sociaux,03 – Capitale-Nationale,Institut universitaire de cardiologie et de pneumologie de Québec,Québec,Agrandissement et réaménagement
658,"Laboratoire serveur Optilab, pavillon Sainte-Marie – Trois-Rivières – Réaménagement et agrandissement","Le projet consiste à agrandir et à réaménager le laboratoire existant localisé au sous-sol du pavillon Sainte-Marie, à Trois-Rivières afin de le transformer en laboratoire serveur dans le cadre du projet Optilab lequel vise la réorganisation des laboratoires médicaux du réseau de la Santé et Services sociaux. 
 
D’autre part, la construction d’un agrandissement en façade principale est requise pour qu’y soit logée une salle de mécanique nécessaire aux besoins supplémentaires engendrés par les nouveaux aménagements.",,,,,,En planification,,Ministre de la Santé et des Services sociaux,Centre intégré universitaire de santé et de services sociaux de la Mauricie-et-du-Centre-du-Québec,Société québécoise des infrastructures,Santé et Services sociaux,Santé et Services sociaux,04 – Mauricie,Laboratoire serveur Optilab,Trois-Rivières,Construction
659,École de la Fraternité du centre de services scolaire de la Pointe-de-l’Île – Montréal – Reconstruction et agrandissement,"Le projet consiste en la démolition et la reconstruction ainsi qu’en l’agrandissement de l’école de la Fraternité à Montréal, sur le territoire du centre de services scolaire de la Pointe-de-l’Île.",,,,,,En planification,,Ministre de l’Éducation,Centre de services scolaire de la Pointe-de-l’Île,Centre de services scolaire de la Pointe-de-l’Île,Éducation,Éducation et culture,06 – Montréal,École de la Fraternité,Montréal,Reconstruction et agrandissement
660,École primaire l’Accueil du centre de services scolaire de la Beauce-Etchemin – Scott – Reconstruction et agrandissement,"Le projet consiste en la démolition, la reconstruction et l’agrandissement de l’école primaire l’Accueil à Scott, sur le territoire du centre de services scolaire de la Beauce-Etchemin. Trois classes d’éducation préscolaire, dix-neuf classes d’enseignement primaire et une classe pour élèves handicapés, en difficulté d’adaptation ou d’apprentissage sont prévues afin de réduire le déficit d’espace reconnu par le Ministère.",,,,,,En planification,,Ministre de l’Éducation,Centre de services scolaire de la Beauce-Etchemin,Centre de services scolaire de la Beauce-Etchemin,Éducation,Éducation et culture,12 – Chaudière-Appalaches,École l’Accueil,Scott,Reconstruction et agrandissement
661,École primaire du centre de services scolaire des Laurentides – Val-David – Construction,"Le projet consiste en la construction d’une école primaire à Val-David, sur le territoire du centre de services scolaire des Laurentides. Six classes d’éducation préscolaire et dix-huit d’enseignement primaire sont prévues afin de réduire le déficit d’espace reconnu par le Ministère.",,,,,,En planification,,Ministre de l’Éducation,Centre de services scolaire des Laurentides,Centre de services scolaire des Laurentides,Éducation,Éducation et culture,15 – Laurentides,École primaire du centre de services scolaire des Laurentides,Val-David,Construction
662,École secondaire Mont-Royal du centre de services scolaire Marguerite-Bourgeoys – Agrandissement,"Le projet consiste en l’agrandissement de l’école secondaire Mont-Royal, sur le territoire du centre de services scolaire Marguerite-Bourgeoys. L’ajout de 348 places-élèves est prévu afin de réduire le déficit d’espace reconnu par le Ministère.",,,,,,En planification,,Ministre de l’Éducation,Centre de services scolaire Marguerite-Bourgeoys,Centre de services scolaire Marguerite-Bourgeoys,Éducation,Éducation et culture,06 – Montréal,École secondaire Mont-Royal,Montréal,Agrandissement
663,École secondaire Mont-Bleu du centre de services scolaire des Portages-de-l’Outaouais – Gatineau – Réfection,"Le projet consiste en la remise en état des parties du bâtiment qui ont subi des dommages majeurs à la suite d’une tornade ayant frappé la ville de Gatineau, en septembre 2018, et d’un incendie, en novembre 2018.",,,,,,En planification,,Ministre de l’Éducation,Centre de services scolaire des Portages-de-l’Outaouais,Centre de services scolaire des Portages-de-l’Outaouais,Éducation,Éducation et culture,07 – Outaouais,École secondaire Mont-Bleu,Gatineau,Réfection
664,"École Alfred-Pellan du centre de services scolaire de Laval, pavillon Ulric-Debien – Agrandissement",Le projet consiste en l’agrandissement du pavillon Ulric-Debien de l’école primaire Alfred-Pellan à Laval. Trois classes de maternelle 4 ans et huit classes d’enseignement primaire sont prévues afin de réduire le déficit d’espace reconnu par le Ministère.,,,,,,En planification,,Ministre de l’Éducation,Centre de services scolaire de Laval,Centre de services scolaire de Laval,Éducation,Éducation et culture,13 – Laval,École Alfred-Pellan,Laval,Agrandissement
665,École secondaire du centre de services scolaire de Montréal (arrondissement d’Ahuntsic-Cartierville) – Construction,"Le projet consiste en la construction d’une école secondaire à Montréal, dans l’arrondissement d’Ahuntsic-Cartierville, sur le territoire du centre de services scolaire de Montréal. Au total, 623 places-élèves sont prévues afin de réduire le déficit d’espace reconnu par le Ministère.",,,,,,En planification,,Ministre de l’Éducation,Centre de services scolaire de Montréal,Centre de services scolaire de Montréal,Éducation,Éducation et culture,06 – Montréal,École secondaire du centre de services scolaire de Montréal,Montréal (arrondissement d’Ahuntsic-Cartierville),Construction
666,École primaire du centre de services scolaire Kamouraska–Rivière-du-Loup – Rivière-du-Loup – Construction,"Le projet consiste en la construction d’une école primaire à Rivière-du-Loup, sur le territoire du centre de services scolaire de Kamouraska-Rivière-du-Loup. Trois classes de maternelle 4 ans, trois d’éducation préscolaire et dix-huit d’enseignement primaire sont prévues afin de réduire le déficit d’espace reconnu par le Ministère.",,,,,,En planification,,Ministre de l’Éducation,Centre de services scolaire Kamouraska-Rivière-du-Loup,Centre de services scolaire Kamouraska-Rivière-du-Loup,Éducation,Éducation et culture,01 – Bas-Saint-Laurent,École primaire du centre de services scolaire de Kamouraska-Rivière-du-Loup,Rivière-du-Loup,Construction
667,École primaire du centre de services scolaire des Premières-Seigneuries – Québec (arrondissement de Beauport) – Construction,"Le projet consiste en la construction d’une école primaire à Québec, dans l’arrondissement de Beauport, sur le territoire du centre de services scolaire des Premières-Seigneuries. Une classe de maternelle 4 ans, deux d’éducation préscolaire et quatorze d’enseignement primaire sont prévues afin de réduire le déficit d’espace reconnu par le Ministère.",,,,,,En planification,,Ministre de l’Éducation,Centre de services scolaire des Premières-Seigneuries,Centre de services scolaire des Premières-Seigneuries,Éducation,Éducation et culture,03 – Capitale-Nationale,École primaire du centre de services scolaire des Premières-Seigneuries,Québec (arrondissement de Beauport),Construction
668,École primaire du centre de services scolaire de Montréal (arrondissement de Côte-des-Neiges–Notre-Dame-de-Grâce) – Construction,"Le projet consiste en la construction d’une école primaire à Montréal, dans l’arrondissement de Côte-des-Neiges–Notre-Dame-de-Grâce, sur le territoire du centre de services scolaire de Montréal. Trois classes de maternelle 4 ans, trois d’éducation préscolaire et dix-huit d’enseignement primaire sont prévues afin de réduire le déficit d’espace reconnu par le Ministère.",,,,,,En planification,,Ministre de l’Éducation,Centre de services scolaire de Montréal,Centre de services scolaire de Montréal,Éducation,Éducation et culture,06 – Montréal,École primaire du centre de services scolaire de Montréal,Montréal (arrondissement de Côte-des-Neiges–Notre-Dame-de-Grâce),Construction
669,École primaire du centre de services scolaire des Draveurs – Gatineau – Construction ,"Le projet consiste en la construction d’une école primaire à Gatineau, sur le territoire du centre de services scolaire des Draveurs. Deux classes de maternelle 4 ans, quatre d’éducation préscolaire et dix-sept d’enseignement primaire sont prévues afin de réduire le déficit d’espace reconnu par le Ministère.",,,,,,En planification,,Ministre de l’Éducation,Centre de services scolaire des Draveurs,Centre de services scolaire des Draveurs,Éducation,Éducation et culture,07 – Outaouais,École primaire du centre de services scolaire des Draveurs,Gatineau,Construction
670,École primaire (A) du centre de services scolaire de la Seigneurie-des-Mille-Îles – Terrebonne – Construction,"Le projet consiste en la construction d’une école primaire à Terrebonne, sur le territoire du centre de services scolaire de la Seigneurie-des-Milles-Îles. Six classes de maternelle 4 ans, quatre d’éducation préscolaire et vingt-deux d’enseignement primaire sont prévues afin de réduire le déficit d’espace reconnu par le Ministère.",,,,,,En planification,,Ministre de l’Éducation,Centre de services scolaire de la Seigneurie-des-Mille-Îles,Centre de services scolaire de la Seigneurie-des-Mille-Îles,Éducation,Éducation et culture,14 – Lanaudière,École primaire du centre de services scolaire de la Seigneurie-des-Milles-Îles,Terrebonne,Construction
671,École primaire du centre de services scolaire Sir-Wilfrid-Laurier – Saint-Charles-Borromée – Construction,"Le projet consiste en la construction d’une école primaire à Saint-Charles-Borromée, sur le territoire du centre de services scolaire Sir-Wilfrid-Laurier. Deux classes de maternelle 4 ans, deux d’éducation préscolaire et douze d’enseignement primaire sont prévues afin de réduire le déficit d’espace reconnu par le Ministère.",,,,,,En planification,,Ministre de l’Éducation,Centre de services scolaire Sir-Wilfrid-Laurier,Centre de services scolaire Sir-Wilfrid-Laurier,Éducation,Éducation et culture,14 – Lanaudière,École primaire du centre de services scolaire Sir-Wilfrid-Laurier,Saint-Charles-Borromée,Construction
672,École primaire (B) du centre de services scolaire Marie-Victorin – Brossard – Construction,"Le projet consiste en la construction d’une école primaire à Brossard, sur le territoire du centre de services scolaire Marie-Victorin. Quatre classes de maternelle 4 ans, quatre d’éducation préscolaire et vingt-quatre d’enseignement primaire sont prévues afin de réduire le déficit d’espace reconnu par le Ministère.",,,,,,En planification,,Ministre de l’Éducation,Centre de services scolaire Marie-Victorin,Centre de services scolaire Marie-Victorin,Éducation,Éducation et culture,16 – Montérégie,École primaire du centre de services scolaire Marie-Victorin,Brossard,Construction
673,École primaire du centre de services scolaire Marie-Victorin (secteur Saint-Hubert) – Longueuil – Construction,"Le projet consiste en la construction d’une école primaire à Longueuil, dans le secteur Saint-Hubert, sur le territoire du centre de services scolaire Marie-Victorin. Quatre classes de maternelle 4 ans, six d’éducation préscolaire et trente-six d’enseignement primaire sont prévues afin de réduire le déficit d’espace reconnu par le Ministère.",,,,,,En planification,,Ministre de l’Éducation,Centre de services scolaire Marie-Victorin,Centre de services scolaire Marie-Victorin,Éducation,Éducation et culture,16 – Montérégie,École primaire du centre de services scolaire Marie-Victorin,Longueuil,Construction
674,École primaire du centre de services scolaire des Patriotes – Beloeil – Construction,"Le projet consiste en la construction d’une école primaire à Beloeil ou McMasterville, sur le territoire du centre de services scolaire des Patriotes. Deux classes de maternelle 4 ans, deux d’éducation préscolaire et douze d’enseignement primaire sont prévues afin de réduire le déficit d’espace reconnu par le Ministère.",,,,,,En planification,,Ministre de l’Éducation,Centre de services scolaire des Patriotes,Centre de services scolaire des Patriotes,Éducation,Éducation et culture,16 – Montérégie,École primaire du centre de services scolaire des Patriotes,Beloeil,Construction
675,École primaire du centre de services scolaire des Trois-Lacs – Les Cèdres – Construction,"Le projet consiste en la construction d’une école primaire à Les Cèdres ou à Vaudreuil-Dorion, sur le territoire du centre de services scolaire des Trois-Lacs. Trois classes de maternelle 4 ans, trois d’éducation préscolaire et vingt d’enseignement primaire sont prévues afin de réduire le déficit d’espace reconnu par le Ministère.",,,,,,En planification,,Ministre de l’Éducation,Centre de services scolaire des Trois-Lacs,Centre de services scolaire des Trois-Lacs,Éducation,Éducation et culture,16 – Montérégie,École primaire du centre de services scolaire des Trois-Lacs,Les Cèdres,Construction
676,École primaire du centre de services scolaire des Portages-de-l’Outaouais – Gatineau – Construction,"Le projet consiste en la construction d’une école primaire à Gatineau, secteur de l’Amérique-Française, sur le territoire du centre de services scolaire des Portages-de-l’Outaouais. Trois classes de maternelle 4 ans, trois d’éducation préscolaire et dix-huit d’enseignement primaire sont prévues afin de réduire le déficit d’espace reconnu par le Ministère.",,,,,,En planification,,Ministre de l’Éducation,Centre de services scolaire des Portages-de-l’Outaouais,Centre de services scolaire des Portages-de-l’Outaouais,Éducation,Éducation et culture,07 – Outaouais,École primaire du centre de services scolaires des Portages-de-l’Outaouais,Gatineau,Construction
677,École primaire du centre de services scolaire des Premières-Seigneuries – Québec (arrondissement de Charlesbourg) – Construction,"Le projet consiste en la construction d’une école primaire à Québec, dans l’arrondissement de Charlesbourg, sur le territoire du centre de services scolaire des Premières-Seigneuries. Deux classes de maternelle 4 ans, quatre d’éducation préscolaire et vingt-six d’enseignement primaire sont prévues afin de réduire le déficit d’espace reconnu par le Ministère.",,,,,,En planification,,Ministre de l’Éducation,Centre de services scolaire des Premières-Seigneuries,Centre de services scolaire des Premières-Seigneuries,Éducation,Éducation et culture,03 – Capitale-Nationale,École primaire du centre de services scolaire des Premières-Seigneuries,Québec (arrondissement de Charlesbourg),Construction
678,École primaire du centre de services scolaire des Premières-Seigneuries – Sainte-Brigitte-de-Laval – Construction,"Le projet consiste en la construction d’une école primaire à Sainte-Brigitte-de-Laval, sur le territoire du centre de services scolaire des Premières-Seigneuries. Deux classes de maternelle 4 ans, trois d’éducation préscolaire et dix-huit d’enseignement primaire sont prévues afin de réduire le déficit d’espace reconnu par le Ministère.",,,,,,En planification,,Ministre de l’Éducation,Centre de services scolaire des Premières-Seigneuries,Centre de services scolaire des Premières-Seigneuries,Éducation,Éducation et culture,03 – Capitale-Nationale,École primaire du centre de services scolaire des Premières-Seigneuries,Sainte-Brigitte-de-Laval,Construction
679,École secondaire du Triolet du centre de services scolaire de la Région-de-Sherbrooke – Sherbrooke – Réaménagement,"Le projet consiste au réaménagement des espaces laissés vacants, aux pavillons 2 et 3 de l’école secondaire du Triolet, à la suite du départ du centre de formation professionnelle 24-juin, sur le territoire du centre de services scolaire de la Région-de-Sherbrooke. Ce projet permettra d’augmenter la capacité d’accueil de quatorze classes (406 places-élèves).",,,,,,En planification,,Ministre de l’Éducation,Centre de services scolaire de la Région-de-Sherbrooke,Centre de services scolaire de la Région-de-Sherbrooke,Éducation,Éducation et culture,05 – Estrie,École secondaire du Triolet,Sherbrooke,Réaménagement
680,École primaire Jacques-Rousseau du centre de services scolaire de la Pointe-de-l’Île – Montréal (arrondissement d’Anjou) – Agrandissement,"Le projet consiste en l’agrandissement de l’école primaire Jacques-Rousseau, à Montréal dans l’arrondissement d’Anjou, sur le territoire du centre de services scolaire de la Pointe-de-l’Île. Deux classes d’éducation préscolaire et dix-huit d’enseignement primaire sont prévues afin de réduire le déficit d’espace reconnu par le Ministère.",,,,,,En planification,,Ministre de l’Éducation,Centre de services scolaire de la Pointe-de-l’Île,Centre de services scolaire de la Pointe-de-l’Île,Éducation,Éducation et culture,06 – Montréal,École primaire Jacques-Rousseau,Montréal (arrondissement d’Anjou),Agrandissement
681,École primaire du centre de services scolaire de la Pointe-de-l’Île – Montréal (arrondissement de Rivières-des-Prairies–Pointe-aux-Trembles) – Construction,"Le projet consiste en la construction d’une école primaire, à Montréal dans l’arrondissement de Rivières-des–Prairies–Pointe-aux-Trembles, sur le territoire du centre de services scolaire de la Pointe-de-l’Île. Quatre classes de maternelle 4 ans, quatre d’éducation préscolaire et vingt-quatre d’enseignement primaire sont prévues afin de réduire le déficit d’espace reconnu par le Ministère.",,,,,,En planification,,Ministre de l’Éducation,Centre de services scolaire de la Pointe-de-l’Île,Centre de services scolaire de la Pointe-de-l’Île,Éducation,Éducation et culture,06 – Montréal,École primaire du centre de services scolaire de la Pointe-de-l’Île ,Montréal (arrondissement de Rivières-des-Prairies–Pointe-aux-Trembles),Construction
682,École primaire du centre de services scolaire de la Pointe-de-l’Île – Montréal (arrondissement d’Anjou) – Construction,"Le projet consiste en la construction d’une école primaire, à Montréal dans l’arrondissement d’Anjou, sur le territoire du centre de services scolaire de la Pointe-de-l’Île. Quatre classes de maternelle 4 ans, quatre d’éducation préscolaire et vingt-quatre d’enseignement primaire sont prévues afin de réduire le déficit d’espace reconnu par le Ministère.",,,,,,En planification,,Ministre de l’Éducation,Centre de services scolaire de la Pointe-de-l’Île,Centre de services scolaire de la Pointe-de-l’Île,Éducation,Éducation et culture,06 – Montréal,École primaire du centre de services scolaire de la Pointe-de-l’Île ,Montréal (arrondissement d’Anjou),Construction
683,École transitoire primaire/secondaire du centre de services scolaire de Montréal (arrondissement de Rosemont–La Petite-Patrie) – Construction,"Le projet consiste en la construction d’une école transitoire primaire comprenant six classes d’éducation préscolaire et vingt et une d’enseignement primaire, convertibles en secondaire (464 places-élèves), sur le terrain de l’école secondaire Marie-Anne à Montréal dans l’arrondissement de Rosemont–La Petite-Patrie.",,,,,,En planification,,Ministre de l’Éducation,Centre de services scolaire de Montréal,Centre de services scolaire de Montréal,Éducation,Éducation et culture,06 – Montréal,École transitoire primaire/secondaire du centre de services scolaire de Montréal,Montréal (arrondissement de Rosemont–La Petite-Patrie),Construction
684,École primaire du centre de services scolaire de Montréal (arrondissement de Rosemont–La Petite-Patrie) – Construction,"Le projet consiste en la construction d’une école primaire sur le site de l’école secondaire Marguerite-De Lajemmerais à Montréal dans l’arrondissement de Rosemont–La Petite-Patrie. Trois classes de maternelle 4 ans, trois d’éducation préscolaire et dix-huit d’enseignement primaire sont prévues afin de réduire le déficit d’espace reconnu par le Ministère.",,,,,,En planification,,Ministre de l’Éducation,Centre de services scolaire de Montréal,Centre de services scolaire de Montréal,Éducation,Éducation et culture,06 – Montréal,École primaire du centre de services scolaire de Montréal,Montréal (arrondissement de Rosemont–La Petite-Patrie),Construction
685,École primaire du centre de services scolaire Marguerite-Bourgeoys – Montréal (arrondissement de Lachine) – Construction,"Le projet consiste en la construction d’une école primaire à Montréal, dans l’arrondissement de Lachine, sur le territoire du centre de services scolaire Marguerite-Bourgeoys. Quatre classes de maternelle 4 ans, quatre d’éducation préscolaire et vingt-quatre d’enseignement primaire sont prévues afin de réduire le déficit d’espace reconnu par le Ministère.",,,,,,En planification,,Ministre de l’Éducation,Centre de services scolaire Marguerite-Bourgeoys,Centre de services scolaire Marguerite-Bourgeoys,Éducation,Éducation et culture,06 – Montréal,École primaire du centre de services scolaire Marguerite-Bourgeoys,Montréal (arrondissement de Lachine),Construction
686,École primaire L’Eau-Vive du centre de services scolaire Marguerite-Bourgeoys – Montréal – Agrandissement,"Le projet consiste en l’agrandissement de l’école primaire L’Eau-Vive à Montréal, sur le territoire du centre de services scolaire Marguerite-Bourgeoys. Quatre classes d’éducation préscolaire et douze d’enseignement primaire sont prévues afin de réduire le déficit d’espace reconnu par le Ministère.",,,,,,En planification,,Ministre de l’Éducation,Centre de services scolaire Marguerite-Bourgeoys,Centre de services scolaire Marguerite-Bourgeoys,Éducation,Éducation et culture,06 – Montréal,École primaire L’Eau-Vive,Montréal,Agrandissement
687,École primaire du centre de services scolaire des Samares – Saint-Lin-Laurentides – Construction,"Le projet consiste en la construction d’une école primaire à Saint-Lin-Laurentides, sur le territoire du centre de services scolaire des Samares. Cinq classes de maternelle 4 ans, cinq d’éducation préscolaire et vingt-quatre d’enseignement primaire sont prévues afin de réduire le déficit d’espace reconnu par le Ministère.",,,,,,En planification,,Ministre de l’Éducation,Centre de services scolaire des Samares,Centre de services scolaire des Samares,Éducation,Éducation et culture,14 – Lanaudière,École primaire du centre de services scolaire des Samares,Saint-Lin-Laurentides,Construction
688,École secondaire du Harfang du centre de services scolaire de la Seigneurie-des-Mille-Îles – Sainte-Anne-des-Plaines – Agrandissement,"Le projet consiste en l’agrandissement de l’école secondaire du Harfang à Sainte-Anne-des-Plaines, sur le territoire du centre de services scolaire de la Seigneurie-des-Milles-Îles. Au total, 215 places-élèves, ainsi que 5 781 m² de superficie afférente (plateaux sportifs, amphithéâtres, etc.) sont prévus afin de réduire le déficit d’espace reconnu par le Ministère.",,,,,,En planification,,Ministre de l’Éducation,Centre de services scolaire de la Seigneurie-des-Mille-Îles,Centre de services scolaire de la Seigneurie-des-Mille-Îles,Éducation,Éducation et culture,15 – Laurentides,École secondaire du Harfang,Sainte-Anne-des-Plaines,Agrandissement
689,École primaire du centre de services scolaire de la Seigneurie-des-Mille-Îles – Sainte-Marthe-sur-le-Lac – Construction,"Le projet consiste en la construction d’une école primaire à Sainte-Marthe-sur-le-Lac, sur le territoire du centre de services scolaire de la Seigneurie-des-Milles-Îles. Quatre classes de maternelle 4 ans, trois d’éducation préscolaire et dix-huit d’enseignement primaire sont prévues afin de réduire le déficit d’espace reconnu par le Ministère.",,,,,,En planification,,Ministre de l’Éducation,Centre de services scolaire de la Seigneurie-des-Mille-Îles,Centre de services scolaire de la Seigneurie-des-Mille-Îles,Éducation,Éducation et culture,15 – Laurentides,École primaire du centre de services scolaire de la Seigneurie-des-Milles-Îles,Sainte-Marthe-sur-le-Lac,Construction
690,École primaire du centre de services scolaire de la Seigneurie-des-Mille-Îles – Mirabel – Construction,"Le projet consiste en la construction d’une école primaire à Mirabel, dans le secteur Domaine-Vert Nord, sur le territoire du centre de services scolaire de la Seigneurie-des-Milles-Îles. Deux classes de maternelle 4 ans, trois d’éducation préscolaire et douze d’enseignement primaire sont prévues afin de réduire le déficit d’espace reconnu par le Ministère.",,,,,,En planification,,Ministre de l’Éducation,Centre de services scolaire de la Seigneurie-des-Mille-Îles,Centre de services scolaire de la Seigneurie-des-Mille-Îles,Éducation,Éducation et culture,15 – Laurentides,École primaire du centre de services scolaire de la Seigneurie-des-Milles-Îles,Mirabel,Construction
691,École primaire du centre de services scolaire de la Seigneurie-des-Mille-Îles – Blainville – Construction,"Le projet consiste en la construction d’une école primaire à Blainville, sur le territoire du centre de services scolaire de la Seigneurie-des-Milles-Îles. Trois classes de maternelle 4 ans, quatre d’éducation préscolaire et dix-huit d’enseignement primaire sont prévues afin de réduire le déficit d’espace reconnu par le Ministère.",,,,,,En planification,,Ministre de l’Éducation,Centre de services scolaire de la Seigneurie-des-Mille-Îles,Centre de services scolaire de la Seigneurie-des-Mille-Îles,Éducation,Éducation et culture,15 – Laurentides,École primaire du centre de services scolaire de la Seigneurie-des-Milles-Îles,Blainville,Construction
692,École primaire (B) du centre de services scolaire de la Seigneurie-des-Mille-Îles – Terrebonne – Construction,"Le projet consiste en la construction d’une école primaire à Terrebonne, sur le territoire du centre de services scolaire de la Seigneurie-des-Milles-Îles. Trois classes de maternelle 4 ans, quatre d’éducation préscolaire et quatorze d’enseignement primaire sont prévues afin de réduire le déficit d’espace reconnu par le Ministère.",,,,,,En planification,,Ministre de l’Éducation,Centre de services scolaire de la Seigneurie-des-Mille-Îles,Centre de services scolaire de la Seigneurie-des-Mille-Îles,Éducation,Éducation et culture,14 – Lanaudière,École primaire du centre de services scolaire de la Seigneurie-des-Milles-Îles,Terrebonne,Construction
693,École primaire du centre de services scolaire de la Rivière-du-Nord – Mirabel – Construction,"Le projet consiste en la construction d’une école primaire à Mirabel, dans le secteur Saint-Canut, sur le territoire du centre de services scolaire de la Rivière-du-Nord. Trois classes de maternelle 4 ans, trois d’éducation préscolaire et dix-huit d’enseignement primaire sont prévues afin de réduire le déficit d’espace reconnu par le Ministère.",,,,,,En planification,,Ministre de l’Éducation,Centre de services scolaire de la Rivière-du-Nord,Centre de services scolaire de la Rivière-du-Nord,Éducation,Éducation et culture,15 – Laurentides,École primaire du centre de services scolaire de la Rivière-du-Nord,Mirabel,Construction
694,École primaire du centre de services scolaire de la Rivière-du-Nord – Sainte-Sophie – Construction,"Le projet consiste en la construction d’une école primaire à Sainte-Sophie, sur le territoire du centre de services scolaire de la Rivière-du-Nord. Quatre classes de maternelle 4 ans, quatre d’éducation préscolaire et vingt-sept d’enseignement primaire sont prévues afin de réduire le déficit d’espace reconnu par le Ministère.",,,,,,En planification,,Ministre de l’Éducation,Centre de services scolaire de la Rivière-du-Nord,Centre de services scolaire de la Rivière-du-Nord,Éducation,Éducation et culture,15 – Laurentides,École primaire du centre de services scolaire de la Rivière-du-Nord,Sainte-Sophie,Construction
695,École secondaire Saint-Edmond du centre de services scolaire Marie-Victorin – Longueuil – Agrandissement,"Le projet consiste en l’agrandissement de l’école secondaire Saint-Edmond, à Longueuil, sur le territoire du centre de services scolaire Marie-Victorin. Au total, 300 places-élèves sont prévues afin de réduire le déficit d’espace reconnu par le Ministère.",,,,,,En planification,,Ministre de l’Éducation,Centre de services scolaire Marie-Victorin,Centre de services scolaire Marie-Victorin,Éducation,Éducation et culture,16 – Montérégie,École primaire du centre de services scolaire Marie-Victorin,Longueuil,Agrandissement
696,École secondaire internationale Lucille-Teasdale du centre de services scolaire Marie-Victorin – Brossard – Agrandissement,"Le projet consiste en l’agrandissement de l’école secondaire internationale Lucille-Teasdale, à Brossard, sur le territoire du centre de services scolaire Marie-Victorin. Au total, 500 places-élèves sont prévues afin de réduire le déficit d’espace reconnu par le Ministère.",,,,,,En planification,,Ministre de l’Éducation,Centre de services scolaire Marie-Victorin,Centre de services scolaire Marie-Victorin,Éducation,Éducation et culture,16 – Montérégie,École secondaire internationale Lucille-Teasdale du centre de services scolaire Marie-Victorin,Brossard,Agrandissement
697,Résidence et classes temporaires de la commission scolaire Kativik – Kuujjuaq – Construction,"Le projet consiste en la construction d’une résidence à Kuujjuaq, ainsi qu’en l’acquisition de six classes modulaires sur le territoire de la commission scolaire Kativik.",,,,,,En planification,,Ministre de l’Éducation,Commission scolaire Kativik,Commission scolaire Kativik,Éducation,Éducation et culture,10 – Nord-du-Québec,Résidence et classes scolaires de la commission scolaire Kativik,Kuujjuaq,Construction
698,École Ajagudak de la commission scolaire Kativik – Tasiujaq – Agrandissement,"Le projet consiste en l’agrandissement de l’école Ajagudak, sur le territoire de la commission scolaire Kativik, afin de réduire le déficit d’espace reconnu par le Ministère et de répondre aux particularités du Nunavik.",,,,,,En planification,,Ministre de l’Éducation,Commission scolaire Kativik,Commission scolaire Kativik,Éducation,Éducation et culture,10 – Nord-du-Québec,École Ajagudak,Tasiujaq,Agrandissement
699,École primaire ou secondaire de la commission scolaire Kativik – Quaqtaq – Construction,"Le projet consiste en la construction d’une école (primaire ou secondaire) à Quaqtaq, sur le territoire de la commission scolaire Kativik afin de répondre aux besoins grandissants des régions nordiques.",,,,,,À l’étude,"Novembre 2021
La commission scolaire Kativik a été autorisée à demeurer gestionnaire du projet, et ce, en association avec la Société québécoise des infrastructures.
Mars 2021
Le projet a été autorisé à l’étape « À l’étude ».",Ministre de l’Éducation,Commission scolaire Kativik,Commission scolaire Kativik en association avec la Société québécoise des infrastructures,Éducation,Éducation et culture,10 – Nord-du-Québec,À venir,Quaqtaq,Construction
700,Logements de la commission scolaire Kativik – Nord-du-Québec – Construction,Le projet consiste en la construction de logements sur le territoire de la commission scolaire Kativik. Les logements seront construits dans plusieurs villages selon les besoins de chacun.,,,,,,En planification,,Ministre de l’Éducation,Commission scolaire Kativik,Commission scolaire Kativik,Éducation,Éducation et culture,10 – Nord-du-Québec,Logements de la commission scolaire Kativik,Nord-du-Québec,Construction
701,Bâtiment administratif de la commission scolaire Kativik – Nord-du-Québec – Construction,Le projet consiste en la construction d’un bâtiment administratif afin de répondre au besoin de la commission scolaire.,,,,,,En planification,,Ministre de l’Éducation,Commission scolaire Kativik,Commission scolaire Kativik,Éducation,Éducation et culture,10 – Nord-du-Québec,Bâtiment administratif de la commission scolaire Kativik,Nord-du-Québec,Construction
702,"Écoles secondaires du centre de services scolaire de Laval (projet Cunard) – Démolition, reconstruction et réaménagement","Le projet consiste en la démolition du pavillon Sainte-Croix afin de reconstruire deux gymnases superposés pour répondre au besoin.
De plus, le réaménagement des pavillons 1 et 2 du Centre de formation Les Berges est prévu afin d’y créer 750 places-élèves. 

En somme, le projet Cunard regroupe un ensemble de projets qui seront réalisés en séquence.",,,,,,En planification,,Ministre de l’Éducation,Centre de services scolaire de Laval,Centre de services scolaire de Laval,Éducation,Éducation et culture,13 – Laval,Écoles secondaires,Laval,"Démolition, reconstruction et réaménagement"
703,École Cunard du centre de services scolaire de Laval – Réaménagement,"Le projet consiste au réaménagement de l’édifice Cunard, pour l’accueil des programmes de formation professionnelle de l’École hôtelière de Laval et du Centre de formation professionnelle Paul-Émile-Dufresne, ainsi que pour l’accueil de la formation générale des adultes, qui se trouvait dans les pavillons 1 et 2 du Centre de formation Les Berges.",,,,,,En planification,,Ministre de l’Éducation,Centre de services scolaire de Laval,Centre de services scolaire de Laval,Éducation,Éducation et culture,13 – Laval,École Cunard,Laval,Réaménagement
704,Centre de formation professionnelle en métallurgie du centre de services scolaire de Laval – Construction,"Le projet consiste en la construction d’un centre de formation professionnelle en métallurgie à Laval, sur le territoire du centre de services scolaire de Laval. Une capacité d’accueil d’environ 200 places-élèves est prévue afin de répondre aux besoins en formation professionnelle.",,,,,,En planification,,Ministre de l’Éducation,Centre de services scolaire de Laval,Centre de services scolaire de Laval,Éducation,Éducation et culture,13 – Laval,Centre de formation professionnelle en métallurgie,Laval,Construction
705,École primaire Coursol du centre de services scolaire de Laval – Reconstruction et agrandissement,"Le projet consiste en la démolition, la reconstruction et l’agrandissement de l’école primaire Coursol à Laval, sur le territoire du centre de services scolaire de Laval. Deux classes de maternelle 4 ans, deux d’éducation préscolaire, douze d’enseignement primaire et quatre d’éducation spécialisée sont prévues afin de réduire le déficit d’espace reconnu par le Ministère.",,,,,,En planification,,Ministre de l’Éducation,Centre de services scolaire de Laval,Centre de services scolaire de Laval,Éducation,Éducation et culture,13 – Laval,École primaire Coursol,Laval,Reconstruction et agrandissement
706,"Écoles primaires La Passerelle, Sainte-Marie-des-Anges et Saint-Jude du centre de services scolaire des Affluents – Charlemagne – Reconstruction","Le projet consiste en la démolition des écoles La Passerelle, Sainte-Marie-des-Anges et Saint-Jude, sur le territoire du centre de services scolaire des Affluents, et en la reconstruction d’une seule grande école, pour les besoins du secteur.",,,,,,En planification,,Ministre de l’Éducation,Centre de services scolaire des Affluents,Centre de services scolaire des Affluents,Éducation,Éducation et culture,14 – Lanaudière,Écoles primaires,Charlemagne,Reconstruction
707,École primaire Sainte-Thérèse-de-l’Enfant-Jésus du centre de services scolaire de la Rivière-du-Nord – Saint-Jérôme – Reconstruction et agrandissement,"Le projet consiste en la démolition, la reconstruction et l’agrandissement de l’école primaire Sainte-Thérèse-de-l’Enfant-Jésus à Saint-Jérôme, sur le territoire du centre de services scolaire de la Rivière-du-Nord. Deux classes de maternelle 4 ans, trois d’éducation préscolaire et vingt d’enseignement primaire sont prévues afin de réduire le déficit d’espace reconnu par le Ministère.",,,,,,En planification,,Ministre de l’Éducation,Centre de services scolaire de la Rivière-du-Nord,Centre de services scolaire de la Rivière-du-Nord,Éducation,Éducation et culture,15 – Laurentides,École Sainte-Thérèse-de-l’Enfant-Jésus,Saint-Jérôme,Reconstruction et agrandissement
708,École primaire du centre de services scolaire de la Seigneurie-des-Mille-Îles – Sainte-Anne-des-Plaines – Reconstruction,"Le projet consiste en la démolition et la reconstruction du pavillon Saint-François de l’école secondaire du Harfang, en école primaire, à Sainte-Anne-des-Plaines, sur le territoire du centre de services scolaire de la Seigneurie-des-Mille-Îles.",,,,,,En planification,,Ministre de l’Éducation,Centre de services scolaire de la Seigneurie-des-Mille-Îles,Centre de services scolaire de la Seigneurie-des-Mille-Îles,Éducation,Éducation et culture,15 – Laurentides,École primaire du centre de services scolaire de la Seigneurie-des-Mille-Îles,Sainte-Anne-des-Plaines,Reconstruction
709,École primaire Terre-des-Jeunes du centre de services scolaire de la Seigneurie-des-Mille-Îles – Saint-Eustache – Reconstruction,"Le projet consiste en la démolition et la reconstruction de l’école primaire Terre-des-Jeunes à Saint-Eustache, sur le territoire du centre de services scolaire de la Seigneurie-des-Mille-Îles.",,,,,,En planification,,Ministre de l’Éducation,Centre de services scolaire de la Seigneurie-des-Mille-Îles,Centre de services scolaire de la Seigneurie-des-Mille-Îles,Éducation,Éducation et culture,15 – Laurentides,École primaire Terre-des-Jeunes,Saint-Eustache,Reconstruction
710,École primaire Terre-Soleil du centre de services scolaire de la Seigneurie-des-Mille-Îles – Sainte-Thérèse – Reconstruction,"Le projet consiste en la démolition et la reconstruction de l’école Terre-Soleil, à Sainte-Thérèse, sur le territoire du centre de services scolaire de la Seigneurie-des-Mille-Îles.",,,,,,En planification,,Ministre de l’Éducation,Centre de services scolaire de la Seigneurie-des-Mille-Îles,Centre de services scolaire de la Seigneurie-des-Mille-Îles,Éducation,Éducation et culture,15 – Laurentides,École Terre-Soleil,Sainte-Thérèse,Reconstruction
711,Immeuble Quinn du centre de services scolaire Marie-Victorin – Longueuil – Reconstruction et agrandissement,"Le projet consiste en la démolition, la reconstruction et l’agrandissement de l’immeuble Quinn à Longueuil, sur le territoire du centre de services scolaire Marie-Victorin. Une classe de maternelle 4 ans, trois d’éducation préscolaire et dix-huit d’enseignement primaire sont prévues afin de réduire le déficit d’espace reconnu par le Ministère.",,,,,,En planification,,Ministre de l’Éducation,Centre de services scolaire Marie-Victorin,Centre de services scolaire Marie-Victorin,Éducation,Éducation et culture,16 – Montérégie,Immeuble Quinn,Longueuil,Reconstruction et agrandissement
712,École Notre-Dame du centre de services scolaire des Patriotes – Otterburn Park – Reconstruction et agrandissement,"Le projet consiste en la démolition des écoles Notre-Dame 1 et 2 afin d’en faire une seule école à Otterburn Park, sur le territoire du centre de services scolaire des Patriotes. Quatre classes de maternelle 4 ans, quatre d’éducation préscolaire et vingt-quatre d’enseignement primaire sont prévues afin de réduire le déficit d’espace reconnu par le Ministère.",,,,,,En planification,,Ministre de l’Éducation,Centre de services scolaire des Patriotes,Centre de services scolaire des Patriotes,Éducation,Éducation et culture,16 – Montérégie,École Notre-Dame,Otterburn Park,Reconstruction et agrandissement
713,Pont Boys Farm sur la route 117 – Prévost – Reconstruction,Le projet consiste en la réfection de la structure du pont Boys Farm au-dessus de la Rivière-du-Nord sur la route 117 à Prévost. Les travaux consistent en la démolition et la reconstruction complète de la structure.,,,,,,En planification,,Ministre des Transports,Ministère des Transports,Ministère des Transports,Réseau routier,Économie et environnement,15 – Laurentides,Pont Boys Farm,Prévost,Reconstruction
714,Pont de la route 132 au-dessus de la rivière Rimouski – Rimouski – Réfection,Le projet vise à maintenir et prolonger la durée de vie du pont actuel qui est situé dans un secteur névralgique de la ville de Rimouski.,,,,,,En planification,,Ministre des Transports,Ministère des Transports,Ministère des Transports,Réseau routier,Économie et environnement,01 – Bas-Saint-Laurent,Pont de la route 132 au-dessus de la rivière Rimouski,Rimousksi,Réfection
715,"Route 199, divers secteurs – Îles-de-la-Madeleine – Réfection","Le projet vise à construire des ouvrages de protection des berges dans divers secteurs de la route 199, lourdement affectés à la suite de la tempête de septembre 2019 (ouragan Dorian) aux Îles-de-la-Madeleine. Les travaux consistent à faire de l’empierrement et du rechargement de plage.",39400000,39400000,0,2019-09-30,2023-09-30,En service,,Ministre des Transports,Ministère des Transports,Ministère des Transports,Réseau routier,Économie et environnement,11 – Gaspésie–Îles-de-la-Madeleine,Route 199,Îles-de-la-Madeleine,Réfection
716,"Gare Lucien-L’Allier d’exo, quais – Montréal – Reconstruction","Le projet prévoit la reconstruction des quatre quais de la gare Lucien-L’Allier qui sont à la fin de leur vie utile, la mise aux normes des systèmes et des infrastructures, ainsi que l’ajout d’une marquise modulable pour améliorer l’expérience des clients.",,,,,,En planification,,Ministre des Transports,Exo,Exo,Transport collectif,Économie et environnement,06 – Montréal,Gare Lucien-L’Allier d’exo,Montréal,Reconstruction
722,Avion de transports sanitaire – Régions administratives du Québec – Acquisition et aménagement,Le projet consiste en l’acquisition et à l’aménagement d’un avion destiné au service de transport sanitaire aérien. Cet avion sera aménagé et équipé pour les besoins du ministère de la Santé et des Services sociaux.,,,,,,En planification,"Mai 2021
Le nom du projet a été modifié. Correspond au projet « Avion-ambulance – Régions administratives du Québec – Acquisition et réaménagement » présenté au Plan québécois des infrastructures (PQI) 2021-2031.",Ministre des Transports,Ministère des Transports,Ministère des Transports,"Transport maritime, aérien, ferroviaire et autres",Économie et environnement,Plusieurs régions du Québec,Avion de transports sanitaire,Plusieurs régions du Québec,Acquisition et aménagement
724,Bâtiment culturel multifonctionnel – Laval – Construction,"Le projet consiste en la construction d’un bâtiment culturel multifonctionnel qui inclura une bibliothèque et un centre de création artistique professionnelle. La réalisation de ce grand projet viendra, entre autres, redynamiser et bonifier de manière substantielle l’offre du réseau des bibliothèques de la ville.",,,,,,En planification,,Ministre de la Culture et des Communications,Ville de Laval,Ville de Laval,Culture,Éducation et culture,13 – Laval,Bibliothèque de Laval,Laval,Construction
725,Musée de l’Holocauste Montréal – Construction,"Le projet consiste en la construction du nouveau Musée de l’Holocauste Montréal à la suite d’un concours international d’architecture. Le bâtiment sera érigé sur un lot vacant situé au 3535, boulevard Saint-Laurent, à Montréal, et il remplacera également deux constructions existantes situées au 3521 et au 3529, boulevard Saint-Laurent. La nouvelle construction de quatre étages (comprenant un sous-sol), pour un total de 4 180 m² bruts, logera les fonctions du musée. Ce projet répondra au manque d’espace vécu par le musée existant en raison d’une importante croissance de l’achalandage.",,,,,,En planification,,Ministre de la Culture et des Communications,Musée de l’Holocauste Montréal,Musée de l’Holocauste Montréal,Culture,Éducation et culture,06 – Montréal,Musée de l’Holocauste Montréal,Montréal,Construction
726,"Édifice du 1141, route de l’Église – Québec – Réfection","Le projet consiste à effectuer des travaux qui visent la réfection de l’enveloppe extérieure du bâtiment situé au 1141, route de l’Église, à Québec.",,,,,,En planification,,Ministre responsable de l’Administration gouvernementale,Société québécoise des infrastructures,Société québécoise des infrastructures,Administration gouvernementale,Gouverne et justice,03 – Capitale-Nationale,Édifice du 1141 route de l’Église,Québec,Réfection 
728,Station d’épuration des eaux usées – Saint-Hyacinthe – Réfection,"La station d’épuration des eaux usées, de type boues activées avec déphosphatation, a été mise en service en 1987 avec un débit de conception de 45 000 mètres cubes par jour. 
Ce projet vise la réfection de la station par le remplacement des équipements existants montrant des problèmes de désuétudes et l’augmentation de la capacité de la station par l’ajout d’équipement qui permettront de rendre conformes les rejets aqueux aux exigences environnementales du Règlement sur les ouvrages municipaux d’assainissement des eaux usées (ROMAEU). Le projet prévoit notamment l’ajout d’un dessableur, d’un bassin d’aération, d’un décanteur secondaire, d’un processus de désinfection et d’une centrifugeuse.",31500000,12600000,18900000,,2023-12-31,En réalisation,,Ministre des Affaires municipales et de l’Habitation,Ville de Saint-Hyacinthe,Ville de Saint-Hyacinthe,Municipalités,Économie et environnement,16 – Montérégie,Station de traitement des eaux usées de Saint-Hyacinthe,Saint-Hyacinthe,Réfection
729,Maison du loisir et du sport – Montréal – Construction,"Le projet consiste en la construction d’un établissement qui abritera les bureaux de la grande majorité des fédérations sportives québécoises, en plus d’autres organismes à vocation sportive et de loisir.",,,,,,En planification,,Ministre de l’Éducation,Regroupement loisir et sport du Québec,Regroupement loisir et sport du Québec,Développement du sport,Éducation et culture,06 – Montréal,Maison du loisir et du sport,Montréal,Construction
734,Réseau de télécommunication par fibre optique – Eeyou (sud-jamésien) – Construction,"Le projet consiste à construire les réseaux de distribution locaux en fibre optique dans cinq communautés, dont quatre communautés jamésiennes (Matagami, Chapais, Lebel-sur-Quévillon et Chibougamau) et la communauté attikamek de Wemotaci, en Mauricie. De plus, un nouveau réseau de transport en fibre optique sera construit, ce qui rendra la distribution plus résiliente.",21200000,10000000,11200000,2019-07-01,2021-12-01,En service,,Ministre de l’Économie et de l’Innovation,Société du Plan Nord,Réseau de communications Eeyou,"Agriculture, forêts, faune et autres",Économie et environnement,10 – Nord-du-Québec; 04 – Mauricie,Réseau de télécommunication,"Matagami, Chapais, Lebel-sur-Quévillon, Chibougamau et Wemotaci",Construction
735,Palais de justice de Longueuil (phase II) – Agrandissement,Le projet consiste en la phase II qui doit faire l’objet d’analyse des besoins et d’une planification selon les projections de l’activité judiciaire associée au palais de justice de Longueuil.,,,,,,En planification,,Ministre responsable de l’Administration gouvernementale,Ministère de la Justice,Société québécoise des infrastructures,Administration gouvernementale,Gouverne et justice,16 – Montérégie,Palais de justice de Longueuil,Longueuil,Agrandissement
736,École Maribel du centre de services scolaire Beauce-Etchemin – Sainte-Marie – Reconstruction et agrandissement,"Le projet consiste en la démolition, la reconstruction et l’agrandissement de l’école Maribel à Sainte-Marie, sur le territoire du centre de services scolaire Beauce-Etchemin. Trois classes d’éducation préscolaire et dix-huit d’enseignement primaire sont prévues afin de réduire le déficit d’espace reconnu par le Ministère.",,,,,,En planification,,Ministre de l’Éducation,Centre de services scolaire de la Beauce-Etchemin,Centre de services scolaire de la Beauce-Etchemin,Éducation,Éducation et culture,12 – Chaudière-Appalaches,École Maribel,Sainte-Marie,Reconstruction et agrandissement
737,École Saint-Philippe du centre de services scolaire de la Rivière-du-Nord – Brownsburg-Chatham – Reconstruction et agrandissement,"Le projet consiste en la démolition, la reconstruction et l’agrandissement de l’école Saint-Philippe à Brownsburg-Chatham, sur le territoire du centre de services scolaire de la Rivière-du-Nord. Une classe de maternelle 4 ans, deux d’éducation préscolaire et dix-huit d’enseignement primaire sont prévues afin de réduire le déficit d’espace reconnu par le Ministère.",,,,,,En planification,,Ministre de l’Éducation,Centre de services scolaire de la Rivière-du-Nord,Centre de services scolaire de la Rivière-du-Nord,Éducation,Éducation et culture,15 – Laurentides,École Saint-Philippe,Brownsburg-Chatham,Reconstruction et agrandissement
738,École secondaire Baie Saint-François du centre de services scolaire de la Vallée-des-Tisserands – Salaberry-de-Valleyfield – Agrandissement,"Le projet consiste en l’agrandissement de l’école secondaire Baie-Saint-François à Salaberry-de-Valleyfield, sur le territoire du centre de services scolaire de la Vallée-des-Tisserands. Au total, 698 places-élèves sont prévues afin de réduire le déficit d’espace reconnu par le Ministère.",,,,,,En planification,,Ministre de l’Éducation,Centre de services scolaire de la Vallée-des-Tisserands,Centre de services scolaire de la Vallée-des-Tisserands,Éducation,Éducation et culture,16 – Montérégie,École secondaire Baie-Saint-François,Salaberry-de-Valleyfield,Agrandissement
739,"Stade olympique, espaces touristiques de la Tour – Montréal – Réfection ",Le projet consiste en la réfection majeure du hall touristique et de l’observatoire de la Tour de Montréal. Les espaces sont désuets et leur rénovation devrait accroître l’achalandage touristique.,30000000,30000000,0,,2023-05-01,En réalisation,,Ministre du Tourisme,Parc olympique,Parc olympique,Tourisme et activités récréatives,Économie et environnement,06 – Montréal,"Stade olympique, Tour",Montréal,Réfection
740,"Stade olympique, espaces locatifs – Montréal – Réfection","Le projet consiste en la réfection majeure des anciens bureaux administratifs du 4141, avenue Pierre-De Coubertin pour les aménager en locaux à vocation commerciale de proximité.",,,,,,En planification,,Ministre du Tourisme,Parc olympique,Parc olympique,Tourisme et activités récréatives,Économie et environnement,06 – Montréal,"Stade olympique, espaces locatifs",Montréal,Réfection
741,"Stade olympique, dalle – Montréal – Réfection","Le projet consiste en la réfection de la dalle extérieure de la section 200 au-dessus des locaux commerciaux, entre la colonne 1 et la colonne 11. Le projet vise à éliminer les infiltrations d’eau.",,,,,,En planification,,Ministre du Tourisme,Parc olympique,Parc olympique,Tourisme et activités récréatives,Économie et environnement,06 – Montréal,Stade olympique,Montréal,Réfection
743,École Marguerite-Bourgeois du centre de services scolaire Chemin-du-Roy – Trois-Rivières – Reconstruction et agrandissement,"Le projet consiste en la démolition, la reconstruction et l’agrandissement de l’école Marguerite-Bourgeois à Trois-Rivières, sur le territoire du centre de services scolaire Chemin-du-Roy. Une classe de maternelle 4 ans, trois d’éducation préscolaire et douze d’enseignement primaire sont prévues afin de réduire le déficit d’espace reconnu par le Ministère.",,,,,,En planification,,Ministre de l’Éducation,Centre de services scolaire Chemin-du-Roy,Centre de services scolaire Chemin-du-Roy,Éducation,Éducation et culture,04 – Mauricie,École Marguerite-Bourgeois,Trois-Rivières,Reconstruction et agrandissement
744,Maisons des aînés – Saguenay–Lac-Saint-Jean – Construction,"Les projets de maisons des aînés et alternatives permettront d’offrir aux résidents un milieu de vie à dimension humaine, climatisé et comportant des chambres individuelles avec toilette et douche adaptée pour chaque résident. Ce nouveau type d’hébergement, qui rappellera davantage un domicile, favorisera les contacts humains ainsi qu’un mode de vie plus actif, entre autres grâce à un accès à des espaces extérieurs aménagés et à des installations mieux adaptées aux besoins des proches aidants. Cette transformation sera aussi bénéfique pour le personnel qui travaille dans ces milieux, et contribuera d’ailleurs à l’attractivité et à la rétention de cette main-d’œuvre.

Le projet prévoit la construction de nouvelles installations dans les villes de Saguenay dans l’arrondissement de Chicoutimi (120 places), d’Alma (120 places) et de Roberval (120 places).",221600000,221600000,0,,2022-09-01,En réalisation,"Juillet 2020
Le projet a été autorisé à l’étape « En réalisation ».",Ministre de la Santé et des Services sociaux,Centre intégré universitaire de santé et de services sociaux du Saguenay–Lac-Saint-Jean,Société québécoise des infrastructures,Santé et Services sociaux,Santé et Services sociaux,02 – Saguenay–Lac-Saint-Jean,Maison des aînés,"Saguenay (arrondissement de Chicoutimi), Alma et Roberval",Construction
745,Maisons des aînés et alternatives – Capitale-Nationale – Construction,"Les projets de maisons des aînés et alternatives permettront d’offrir aux résidents un milieu de vie à dimension humaine, climatisé et comportant des chambres individuelles avec toilette et douche adaptée pour chaque résident. Ce nouveau type d’hébergement, qui rappellera davantage un domicile, favorisera les contacts humains ainsi qu’un mode de vie plus actif, entre autres grâce à un accès à des espaces extérieurs aménagés et à des installations mieux adaptées aux besoins des proches aidants. Cette transformation sera aussi bénéfique pour le personnel qui travaille dans ces milieux, et contribuera d’ailleurs à l’attractivité et à la rétention de cette main-d’œuvre.

Le projet prévoit la construction de nouvelles installations dans les villes de Pont-Rouge (48 places), de St-Hilarion (48 places) et de Québec dans l’arrondissement Sainte-Foy–Sillery–Cap-Rouge (96 places) et dans l’arrondissement des Rivières (96 places).",208300000,208300000,0,,2022-09-01,En réalisation,"Juillet 2020
Le projet a été autorisé à l’étape « En réalisation ».",Ministre de la Santé et des Services sociaux,Centre intégré universitaire de santé et de services sociaux de la Capitale-Nationale,Société québécoise des infrastructures,Santé et Services sociaux,Santé et Services sociaux,03 – Capitale-Nationale,Maison des aînés,"Pont-Rouge, Saint-Hilarion et Québec (arrondissement de Sainte-Foy–Sillery–Cap-Rouge et arrondissement des Rivières)",Construction
746,Maisons des aînés – Mauricie et Centre-du-Québec – Construction,"Les projets de maisons des aînés et alternatives permettront d’offrir aux résidents un milieu de vie à dimension humaine, climatisé et comportant des chambres individuelles avec toilette et douche adaptée pour chaque résident. Ce nouveau type d’hébergement, qui rappellera davantage un domicile, favorisera les contacts humains ainsi qu’un mode de vie plus actif, entre autres grâce à un accès à des espaces extérieurs aménagés et à des installations mieux adaptées aux besoins des proches aidants. Cette transformation sera aussi bénéfique pour le personnel qui travaille dans ces milieux, et contribuera d’ailleurs à l’attractivité et à la rétention de cette main-d’œuvre.

Le projet prévoit la construction de nouvelles installations dans les villes de Victoriaville (72 places), de Drummondville (72 places) et de Trois-Rivières (96 places).",163900000,163900000,0,,2022-09-01,En réalisation,"Juillet 2020
Le projet a été autorisé à l’étape « En réalisation ».",Ministre de la Santé et des Services sociaux,Centre intégré universitaire de santé et de services sociaux de la Mauricie-et-du-Centre-du-Québec,Société québécoise des infrastructures,Santé et Services sociaux,Santé et Services sociaux,04 – Mauricie; 17 – Centre-du-Québec,Maison des aînés,"Trois-Rivières, Victoriaville et Drummondville",Construction
747,Maisons des aînés – Estrie – Construction,"Les projets de maisons des aînés et alternatives permettront d’offrir aux résidents un milieu de vie à dimension humaine, climatisé et comportant des chambres individuelles avec toilette et douche adaptée pour chaque résident. Ce nouveau type d’hébergement, qui rappellera davantage un domicile, favorisera les contacts humains ainsi qu’un mode de vie plus actif, entre autres grâce à un accès à des espaces extérieurs aménagés et à des installations mieux adaptées aux besoins des proches aidants. Cette transformation sera aussi bénéfique pour le personnel qui travaille dans ces milieux, et contribuera d’ailleurs à l’attractivité et à la rétention de cette main-d’œuvre.

Le projet prévoit la construction de nouvelles installations dans les villes de Magog (48 places), de Sherbrooke (120 places), de Granby (48 places) et de Coaticook (148 places).",184700000,184700000,0,,2022-09-01,En réalisation,"Juillet 2020
Le projet a été autorisé à l’étape « En réalisation ».",Ministre de la Santé et des Services sociaux,Centre intégré universitaire de santé et de services sociaux de l’Estrie - Centre hospitalier universitaire de Sherbrooke,Société québécoise des infrastructures,Santé et Services sociaux,Santé et Services sociaux,05 – Estrie,Maison des aînés,"Magog, Sherbrooke, Granby et Coaticook",Construction
748,Maisons des aînés – Montréal – Construction,"Les projets de maisons des aînés et alternatives construites dans l’agglomération de Montréal permettront d’offrir aux résidents un milieu de vie à dimension humaine, climatisé et comportant des chambres individuelles avec toilette et douche adaptée pour chaque résident. Ce nouveau type d’hébergement, qui rappellera davantage un domicile, favorisera les contacts humains ainsi qu’un mode de vie plus actif, entre autres grâce à un accès à des espaces extérieurs aménagés et à des installations mieux adaptées aux besoins des proches aidants. Cette transformation sera aussi bénéfique pour le personnel qui travaille dans ces milieux, et contribuera d’ailleurs à l’attractivité et à la rétention de cette main-d’œuvre.

Le projet prévoit la construction de nouvelles installations dans la ville de Dorval (72 places) et dans l’arrondissement de Rivière-des-Prairies–Pointe-aux-Trembles (72 places) de la ville de Montréal.",96100000,96100000,0,,2022-09-01,En réalisation,"Juillet 2020
Le projet a été autorisé à l’étape « En réalisation ».",Ministre de la Santé et des Services sociaux,Centre intégré universitaire de santé et de services sociaux de l’Ouest-de-l’Île-de-Montréal et le Centre intégré universitaire de santé et de services sociaux du Nord-de-l’Île-de-Montréal,Société québécoise des infrastructures,Santé et Services sociaux,Santé et Services sociaux,06 – Montréal,Maison des aînés,Montréal (arrondissement de Rivière-des-Prairies–Pointe-aux-Trembles) et Dorval,Construction
749,Maisons des aînés – Outaouais – Construction,"Les projets de maisons des aînés et alternatives permettront d’offrir aux résidents un milieu de vie à dimension humaine, climatisé et comportant des chambres individuelles avec toilette et douche adaptée pour chaque résident. Ce nouveau type d’hébergement, qui rappellera davantage un domicile, favorisera les contacts humains ainsi qu’un mode de vie plus actif, entre autres grâce à un accès à des espaces extérieurs aménagés et à des installations mieux adaptées aux besoins des proches aidants. Cette transformation sera aussi bénéfique pour le personnel qui travaille dans ces milieux, et contribuera d’ailleurs à l’attractivité et à la rétention de cette main-d’œuvre.

Le projet prévoit la construction de deux nouvelles installations de 72 places chacune dans la ville de Gatineau.",98000000,98000000,0,,2022-09-01,En réalisation,"Juillet 2020
Le projet a été autorisé à l’étape « En réalisation ».",Ministre de la Santé et des Services sociaux,Centre intégré de santé et de services sociaux de l’Outaouais,Société québécoise des infrastructures,Santé et Services sociaux,Santé et Services sociaux,07 – Outaouais,Maison des aînés,Gatineau,Construction
750,Maisons des aînés – Abitibi-Témiscamingue – Construction,"Les projets de maisons des aînés et alternatives permettront d’offrir aux résidents un milieu de vie à dimension humaine, climatisé et comportant des chambres individuelles avec toilette et douche adaptée pour chaque résident. Ce nouveau type d’hébergement, qui rappellera davantage un domicile, favorisera les contacts humains ainsi qu’un mode de vie plus actif, entre autres grâce à un accès à des espaces extérieurs aménagés et à des installations mieux adaptées aux besoins des proches aidants. Cette transformation sera aussi bénéfique pour le personnel qui travaille dans ces milieux, et contribuera d’ailleurs à l’attractivité et à la rétention de cette main-d’œuvre.

Le projet prévoit la construction de nouvelles installations dans les villes de Val-d’Or (48 places) et de Rouyn-Noranda (48 places).",83500000,83500000,0,,2022-09-01,En réalisation,"Juillet 2020
Le projet a été autorisé à l’étape « En réalisation ».",Ministre de la Santé et des Services sociaux,Centre intégré de santé et de services sociaux de l’Abitibi-Témiscamingue,Société québécoise des infrastructures,Santé et Services sociaux,Santé et Services sociaux,08 – Abitibi-Témiscamingue,Maison des aînés,Val-d’Or et Rouyn-Noranda,Construction
751,Maisons des aînés – Côte–Nord – Construction,"Les projets de maisons des aînés et alternatives permettront d’offrir aux résidents un milieu de vie à dimension humaine, climatisé et comportant des chambres individuelles avec toilette et douche adaptée pour chaque résident. Ce nouveau type d’hébergement, qui rappellera davantage un domicile, favorisera les contacts humains ainsi qu’un mode de vie plus actif, entre autres grâce à un accès à des espaces extérieurs aménagés et à des installations mieux adaptées aux besoins des proches aidants. Cette transformation sera aussi bénéfique pour le personnel qui travaille dans ces milieux, et contribuera d’ailleurs à l’attractivité et à la rétention de cette main-d’œuvre.

Le projet prévoit la construction de nouvelles installations dans les villes de Baie-Comeau (48 places) et de Havre-Saint-Pierre (48 places).",98500000,98500000,0,,2022-09-01,En réalisation,"Juillet 2020
Le projet a été autorisé à l’étape « En réalisation ».",Ministre de la Santé et des Services sociaux,Centre intégré de santé et de services sociaux de la Côte-Nord,Société québécoise des infrastructures,Santé et Services sociaux,Santé et Services sociaux,09 – Côte-Nord,Maison des aînés,Baie-Comeau et Havre-Saint-Pierre,Construction
752,Maisons des aînés – Chaudière-Appalaches – Construction,"Les projets de maisons des aînés et alternatives permettront d’offrir aux résidents un milieu de vie à dimension humaine, climatisé et comportant des chambres individuelles avec toilette et douche adaptée pour chaque résident. Ce nouveau type d’hébergement, qui rappellera davantage un domicile, favorisera les contacts humains ainsi qu’un mode de vie plus actif, entre autres grâce à un accès à des espaces extérieurs aménagés et à des installations mieux adaptées aux besoins des proches aidants. Cette transformation sera aussi bénéfique pour le personnel qui travaille dans ces milieux, et contribuera d’ailleurs à l’attractivité et à la rétention de cette main-d’œuvre.

Le projet prévoit la construction de nouvelles installations dans les villes de Lévis (120 places), de Thetford Mines, secteur Black Lake (72 places) et de Saint-Martin (Beauce) (48 places).",154300000,154300000,0,,2022-09-01,En réalisation,"Juillet 2020
Le projet a été autorisé à l’étape « En réalisation ».",Ministre de la Santé et des Services sociaux,Centre intégré de santé et de services sociaux de Chaudière-Appalaches,Société québécoise des infrastructures,Santé et Services sociaux,Santé et Services sociaux,12 – Chaudière-Appalaches,Maison des aînés,"Lévis, Thetford Mines (secteur de Black Lake) et Saint-Martin (Beauce)",Construction
753,Maisons des aînés – Laval – Construction,"Les projets de maisons des aînés et alternatives permettront d’offrir aux résidents un milieu de vie à dimension humaine, climatisé et comportant des chambres individuelles avec toilette et douche adaptée pour chaque résident. Ce nouveau type d’hébergement, qui rappellera davantage un domicile, favorisera les contacts humains ainsi qu’un mode de vie plus actif, entre autres grâce à un accès à des espaces extérieurs aménagés et à des installations mieux adaptées aux besoins des proches aidants. Cette transformation sera aussi bénéfique pour le personnel qui travaille dans ces milieux, et contribuera d’ailleurs à l’attractivité et à la rétention de cette main-d’œuvre.

Le projet prévoit la construction de deux nouvelles installations dans la ville de Laval, respectivement de 96 et 72 places.",117700000,117700000,0,,2022-09-01,En réalisation,"Juillet 2020
Le projet a été autorisé à l’étape « En réalisation ».",Ministre de la Santé et des Services sociaux,Centre intégré de santé et de services sociaux de Laval,Société québécoise des infrastructures,Santé et Services sociaux,Santé et Services sociaux,13 – Laval,Maison des aînés,Laval,Construction
754,Maisons des aînés – Lanaudière – Construction,"Les projets de maisons des aînés et alternatives permettront d’offrir aux résidents un milieu de vie à dimension humaine, climatisé et comportant des chambres individuelles avec toilette et douche adaptée pour chaque résident. Ce nouveau type d’hébergement, qui rappellera davantage un domicile, favorisera les contacts humains ainsi qu’un mode de vie plus actif, entre autres grâce à un accès à des espaces extérieurs aménagés et à des installations mieux adaptées aux besoins des proches aidants. Cette transformation sera aussi bénéfique pour le personnel qui travaille dans ces milieux, et contribuera d’ailleurs à l’attractivité et à la rétention de cette main-d’œuvre.

Le projet prévoit la construction de nouvelles installations dans les villes de Mascouche (48 places), de Repentigny (48 places) et de l’Assomption (48 places).",121500000,121500000,0,,2022-09-01,En réalisation,"Juillet 2020
Le projet a été autorisé à l’étape « En réalisation ».",Ministre de la Santé et des Services sociaux,Centre intégré de santé et de services sociaux de Lanaudière,Société québécoise des infrastructures,Santé et Services sociaux,Santé et Services sociaux,14 – Lanaudière,Maison des aînés,"Mascouche, Repentigny et L’Assomption",Construction
755,Maisons des aînés – Laurentides – Construction,"Les projets de maisons des aînés et alternatives permettront d’offrir aux résidents un milieu de vie à dimension humaine, climatisé et comportant des chambres individuelles avec toilette et douche adaptée pour chaque résident. Ce nouveau type d’hébergement, qui rappellera davantage un domicile, favorisera les contacts humains ainsi qu’un mode de vie plus actif, entre autres grâce à un accès à des espaces extérieurs aménagés et à des installations mieux adaptées aux besoins des proches aidants. Cette transformation sera aussi bénéfique pour le personnel qui travaille dans ces milieux, et contribuera d’ailleurs à l’attractivité et à la rétention de cette main-d’œuvre.

Le projet prévoit la construction de nouvelles installations dans les villes de Sainte-Anne-des-Plaines (48 places), de Mirabel (72 places), de Prévost (48 places), de Blainville (72 places) et de Sainte-Agathe-des-Monts (48 places).",214300000,214300000,0,,2022-09-01,En réalisation,"Juillet 2020
Le projet a été autorisé à l’étape « En réalisation ».",Ministre de la Santé et des Services sociaux,Centre intégré de santé et de services sociaux des Laurentides,Société québécoise des infrastructures,Santé et Services sociaux,Santé et Services sociaux,15 – Laurentides,Maison des aînés,"Sainte-Anne-des-Plaines, Mirabel, Prévost, Blainville et Sainte-Agathe-des-Monts",Construction
756,Maisons des aînés – Montérégie-Ouest – Construction,"Les projets de maisons des aînés et alternatives permettront d’offrir aux résidents un milieu de vie à dimension humaine, climatisé et comportant des chambres individuelles avec toilette et douche adaptée pour chaque résident. Ce nouveau type d’hébergement, qui rappellera davantage un domicile, favorisera les contacts humains ainsi qu’un mode de vie plus actif, entre autres grâce à un accès à des espaces extérieurs aménagés et à des installations mieux adaptées aux besoins des proches aidants. Cette transformation sera aussi bénéfique pour le personnel qui travaille dans ces milieux, et contribuera d’ailleurs à l’attractivité et à la rétention de cette main-d’œuvre.

Le projet prévoit la construction de nouvelles installations dans les villes de Châteauguay (120 places) et de Salaberry-de-Valleyfield (96 places).",136700000,136700000,0,,2022-09-01,En réalisation,"Juillet 2020
Le projet a été autorisé à l’étape « En réalisation ».",Ministre de la Santé et des Services sociaux,Centre intégré de santé et de services sociaux de la Montérégie-Ouest,Société québécoise des infrastructures,Santé et Services sociaux,Santé et Services sociaux,16 – Montérégie,Maison des aînés,Châteauguay et Salaberry-de-Valleyfield,Construction
757,Maisons des aînés – Montérégie-Centre – Construction,"Les projets de maisons des aînés et alternatives permettront d’offrir aux résidents un milieu de vie à dimension humaine, climatisé et comportant des chambres individuelles avec toilette et douche adaptée pour chaque résident. Ce nouveau type d’hébergement, qui rappellera davantage un domicile, favorisera les contacts humains ainsi qu’un mode de vie plus actif, entre autres grâce à un accès à des espaces extérieurs aménagés et à des installations mieux adaptées aux besoins des proches aidants. Cette transformation sera aussi bénéfique pour le personnel qui travaille dans ces milieux, et contribuera d’ailleurs à l’attractivité et à la rétention de cette main-d’œuvre.

Le projet prévoit la construction de nouvelles installations dans les villes de Saint-Jean-sur-Richelieu (192 places) et une dans la ville de Carignan (96 places).",166400000,166400000,0,,2022-09-01,En réalisation,"Juillet 2020
Le projet a été autorisé à l’étape « En réalisation ».",Ministre de la Santé et des Services sociaux,Centre intégré de santé et de services sociaux de la Montérégie-Centre,Société québécoise des infrastructures,Santé et Services sociaux,Santé et Services sociaux,16 – Montérégie,Maison des aînés,Saint-Jean-sur-Richelieu et Carignan,Construction
758,Maisons des aînés – Montérégie-Est – Construction,"Les projets de maisons des aînés et alternatives permettront d’offrir aux résidents un milieu de vie à dimension humaine, climatisé et comportant des chambres individuelles avec toilette et douche adaptée pour chaque résident. Ce nouveau type d’hébergement, qui rappellera davantage un domicile, favorisera les contacts humains ainsi qu’un mode de vie plus actif, entre autres grâce à un accès à des espaces extérieurs aménagés et à des installations mieux adaptées aux besoins des proches aidants. Cette transformation sera aussi bénéfique pour le personnel qui travaille dans ces milieux, et contribuera d’ailleurs à l’attractivité et à la rétention de cette main-d’œuvre.

Le projet prévoit la construction de nouvelles installations dans les villes de Saint-Amable (72 places), de Longueuil (72 places) et Beloeil (96 places).",163300000,163300000,0,,2022-09-01,En réalisation,"Juillet 2020
Le projet a été autorisé à l’étape « En réalisation ».",Ministre de la Santé et des Services sociaux,Centre intégré de santé et de services sociaux de la Montérégie-Est,Société québécoise des infrastructures,Santé et Services sociaux,Santé et Services sociaux,16 – Montérégie,Maison des aînés,"Saint-Amable, Longueuil et Beloeil",Construction
759,Maisons des aînés – Bas-Saint-Laurent – Construction,"Les projets de maisons des aînés et alternatives permettront d’offrir aux résidents un milieu de vie à dimension humaine, climatisé et comportant des chambres individuelles avec toilette et douche adaptée pour chaque résident. Ce nouveau type d’hébergement, qui rappellera davantage un domicile, favorisera les contacts humains ainsi qu’un mode de vie plus actif, entre autres grâce à un accès à des espaces extérieurs aménagés et à des installations mieux adaptées aux besoins des proches aidants. Cette transformation sera aussi bénéfique pour le personnel qui travaille dans ces milieux, et contribuera d’ailleurs à l’attractivité et à la rétention de cette main-d’œuvre.

Le projet prévoit la construction de nouvelles installations dans les villes de Rimouski (72 places) et de Rivière-du-Loup (120 places).",127200000,127200000,0,,2022-09-01,En réalisation,"Juillet 2020
Le projet a été autorisé à l’étape « En réalisation ».",Ministre de la Santé et des Services sociaux,Centre intégré de santé et de services sociaux du Bas-Saint-Laurent,Société québécoise des infrastructures,Santé et Services sociaux,Santé et Services sociaux,01 – Bas-Saint-Laurent,Maison des aînés,Rivière-du-Loup et Rimouski,Construction
760,Maison des aînés – Gaspésie – Construction,"Les projets de maisons des aînés et alternatives permettront d’offrir aux résidents un milieu de vie à dimension humaine, climatisé et comportant des chambres individuelles avec toilette et douche adaptée pour chaque résident. Ce nouveau type d’hébergement, qui rappellera davantage un domicile, favorisera les contacts humains ainsi qu’un mode de vie plus actif, entre autres grâce à un accès à des espaces extérieurs aménagés et à des installations mieux adaptées aux besoins des proches aidants. Cette transformation sera aussi bénéfique pour le personnel qui travaille dans ces milieux, et contribuera d’ailleurs à l’attractivité et à la rétention de cette main-d’œuvre.
Le projet prévoit la construction d’une nouvelle installation dans le village de Rivière-au-Renard (48 places).",44300000,44300000,0,,2022-09-01,En réalisation,"Juillet 2020
Le projet a été autorisé à l’étape « En réalisation ».",Ministre de la Santé et des Services sociaux,Centre intégré de santé et de services sociaux de la Gaspésie,Société québécoise des infrastructures,Santé et Services sociaux,Santé et Services sociaux,11 – Gaspésie–Îles-de-la-Madeleine,Maison des aînés,Rivière-au-Renard,Construction
761,Maison des aînés – Îles-de-la-Madeleine – Construction,"Le projet consiste en la construction d’une maison des aînés et alternative de 24 lits. Cette nouvelle installation pourra accueillir des personnes en attente d’une place et répondra aux besoins futurs, qui sont grandissants.

Cette solution créera un environnement adapté de qualité pour 24 personnes résidentes et sera conçue selon le nouveau concept des maisons des aînés et alternatives.",39500000,39500000,0,,2024-01-01,En réalisation,"Août 2021
La modification de la portée du projet qui est passée de 12 à 24 places a été autorisée. Par conséquent, une hausse de 24,1 M$ au coût du projet a été autorisée. Initialement prévu à 15,4 M$, le coût est maintenant de 39,5 M$. La modification de la date de la mise en service a également été autorisée. Initialement prévue en septembre 2022 elle est reportée à janvier 2024.
Juillet 2020
Le projet a été autorisé à l’étape « En réalisation ».",Ministre de la Santé et des Services sociaux,Centre intégré de santé et de services sociaux des Îles,Société québécoise des infrastructures,Santé et Services sociaux,Santé et Services sociaux,11 – Gaspésie–Îles-de-la-Madeleine,Maison des aînés,Îles-de-la-Madeleine ,Construction
763,Infrastructures portuaires – Traverse L’Isle-aux-Coudres–Saint-Joseph-de-la-Rive – Maintien et bonification,Les interventions prévues permettront de remettre à niveau les infrastructures et d’assurer la pérennité du lien maritime entre L’Isle-aux-Coudres et Saint-Joseph-de-la-Rive.,,,,,,À l’étude,"Mars 2021
Le projet a été autorisé à l’étape « À l’étude ».",Ministre des Transports,Société des traversiers du Québec,Société québécoise des infrastructures,"Transport maritime, aérien, ferroviaire et autres",Économie et environnement,03 – Capitale-Nationale,Infrastructures portuaires,L’Isle-aux-Coudres et Saint-Joseph-de-la-Rive,Maintien et bonification
764,Infrastructures portuaires – Lien fluvial entre le Bas-Saint-Laurent et Charlevoix – Maintien et bonification,Le projet consiste à assurer le maintien du lien fluvial entre le Bas-Saint-Laurent et Charlevoix.,,,,,,À l’étude,"Mars 2021
Le projet a été autorisé à l’étape « À l’étude ».",Ministre des Transports,Société des traversiers du Québec,Société québécoise des infrastructures,"Transport maritime, aérien, ferroviaire et autres",Économie et environnement,01 – Bas-Saint-Laurent; 03 – Capitale-Nationale,Infrastructures portuaires,Bas-Saint-Laurent et Charlevoix,Maintien et bonification
772,Gares de L’Île–Perrot d’exo – Montérégie – Réfection,"Le projet consiste en l’évaluation du réaménagement des gares de L’Île-Perrot. Les gares visées sont la gare Pincourt–Terrasse-Vaudreuil et la gare Île-Perrot de la ligne exo1 Vaudreuil-Hudson, car ces deux gares sont désuètes et nécessitent de grandes améliorations. Le projet permettra d’identifier l’ensemble des enjeux et problématiques associés à ces gares et ainsi revoir dans son ensemble le réaménagement de ces deux gares afin de répondre aux besoins actuels et futurs de la clientèle et d’exo.",,,,,,En planification,,Ministre des Transports,Exo,Exo,Transport collectif,Économie et environnement,16 – Montérégie,Gares de L’Île–Perrot d’exo,Montréal,Réfection
773,"Centres de transport de la STM, programme d’électrification (phase I) – Montréal – Bonification et maintien","Le programme vise la planification et la mise en œuvre de l’électrification dans les futurs centres de transport ainsi que dans les centres existants. La phase I de ce programme englobe l’ingénierie, l’approvisionnement en équipements, les travaux d’installation des équipements nécessaires à l’électrification, ainsi que le plan de raccordement au réseau d’Hydro-Québec des centres de transport Bellechasse, est de Montréal, Saint-Michel et Stinson.",,,,,,En planification,,Ministre des Transports,Société de transport de Montréal,Société de transport de Montréal,Transport collectif,Économie et environnement,06 – Montréal,Centres de transport de la STM,Montréal,Bonification et maintien
774,Centre de transport de la STO – Gatineau – Agrandissement,Le projet vise à agrandir et électrifier le centre de transport afin d’accueillir les futurs véhicules électriques et de supporter la mise en place de l’ensemble des infrastructures de recharge électrique. L’électrification complète du centre de transport permettra d’entretenir les nouveaux véhicules et leurs composantes au même endroit.,,,,,,En planification,"Mai 2021
Le projet « Centre de transport de la STO, électrification – Gatineau – Agrandissement », présenté au Plan québécois des infrastructures (PQI) 2021-2031, a été fusionné au présent projet.",Ministre des Transports,Société de transport de l’Outaouais,Société de transport de l’Outaouais,Transport collectif,Économie et environnement,07 – Outaouais,Centre de transport de la Société de transport de l’Outaouais,Gatineau,Agrandissement
781,"Autoroute 30 entre Brossard et Boucherville, chaussée et UAB – Réfection et aménagement",Le projet vise des travaux de réfection de la chaussée de l’autoroute 30 entre Brossard (autoroute 10) et Boucherville (autoroute 20) et l’aménagement de l’accotement pour utilisation par les autobus (UAB) comme mesure temporaire dans l’attente du projet majeur d’élargissement de l’autoroute 30.,68600000,68600000,0,2022-12-31,2023-12-31,En réalisation,,Ministre des Transports,Ministère des Transports,Ministère des Transports,Réseau routier,Économie et environnement,16 – Montérégie,Autoroute 30 ,De Brossard à Boucherville,Réfection et aménagement
782,"Échangeur des autoroutes 30 et 40, voie réservée – Vaudreuil-Dorion – Aménagement","Le projet consiste à aménager une deuxième voie (voie réservée) par l’élargissement de la bretelle de l’autoroute 30, direction ouest, vers l’autoroute 40, direction est, à Vaudreuil-Dorion et ce, sur une distance d’environ 1 km afin de diminuer le niveau de congestion dans ce corridor commercial à forte valeur économique.",,,,,,En planification,,Ministre des Transports,Ministère des Transports,Ministère des Transports,Réseau routier,Économie et environnement,16 – Montérégie,Échangeur des autoroutes 30 et 40,"Vaudreuil-Dorion
 Senneville",Aménagement
783,Centre de services au Terminus Lagueux de la STLévis – Lévis - Construction,Le projet vise la construction d’un deuxième centre de services dans l’ouest de la ville de Lévis qui permettra d’augmenter le parc d’autobus et de réduire les coûts d’opération supplémentaires qu’entraîne la prestation de services dans cette partie du territoire. Il permettra surtout d’accueillir les autobus électriques que la Société de transport de Lévis devra acheter dès 2025.,,,,,,En planification,,Ministre des Transports,Société de transport de Lévis,Société de transport de Lévis,Transport collectif,Économie et environnement,12 – Chaudière-Appalaches,Terminus Lagueux de la STLévis,Lévis,Construction
784,Pont Bailleul et route 341 entre l’autoroute 40 et la route 344 – L’Assomption – Reconstruction et élargissement,"Le projet vise à améliorer la mobilité dans l’axe de la route 341 entre l’autoroute 40 et la route 344 à L’Assomption. Il permettra également de corriger des enjeux liés à la sécurité, notamment aux diverses intersections. Le projet consiste à élargir la route 341 sur une longueur d’environ deux kilomètres incluant les élargissements du pont de Bailleul au-dessus de la rivière L’Assomption et du pont d’étagement au-dessus de l’autoroute 40.",,,,,,En planification,"Décembre 2020
Le projet a été autorisé à l’étape « En planification ».",Ministre des Transports,Ministère des Transports,Ministère des Transports,Réseau routier,Économie et environnement,14 – Lanaudière,Route 341,L’Assomption,Reconstruction et élargissement
785,Autoroute 25 entre Saint-Esprit et Rawdon – Construction et réfection,"Le projet vise à résoudre les problèmes de circulation et de sécurité sur la route 125 dans les secteurs de Saint-Esprit, de Sainte-Julienne et de Rawdon. Il consiste en la prolongation de l’autoroute 25.",,,,,,En planification,"Décembre 2020
Le projet a été autorisé à l’étape « En planification ».",Ministre des Transports,Ministère des Transports,Ministère des Transports,Réseau routier,Économie et environnement,14 – Lanaudière,Autoroute 25 et route 125,"Saint-Esprit, Sainte-Julienne et Rawdon",Construction et réfection
787,"Autoroute 10 entre Brossard et Carignan, voies réservées – Aménagement","Le projet vise à augmenter l’utilisation du transport collectif sur un tronçon de l’autoroute 10 par l’implantation de voies réservées entre l’autoroute 30, à Brossard, et l’autoroute 35, à Carignan, dans les deux directions.",,,,,,En planification,"Décembre 2020
Le projet a été autorisé à l’étape « En planification ».",Ministre des Transports,Ministère des Transports,Ministère des Transports,Réseau routier,Économie et environnement,16 – Montérégie,"Autoroute 10, échangeurs entre les autoroutes 10 et 30 et les autoroutes 10 et 35.",De Brossard à Carignan,Aménagement
788,"Autoroute 25, direction nord, entre Laval et Terrebonne, voie réservée – Aménagement","Le projet vise l’aménagement d’une voie réservée permanente à Laval et Terrebonne par l’élargissement de l’autoroute 25, direction nord, entre l’autoroute 440 et l’île Saint-Jean.",,,,,,En planification,"Décembre 2020
Le projet a été autorisé à l’étape « En planification ».",Ministre des Transports,Ministère des Transports,Ministère des Transports,Réseau routier,Économie et environnement,13 – Laval; 14 – Lanaudière,Autoroute 25,De Laval à Terrebonne,Aménagement
789,"Autoroute 440, direction est, entre la route 125 et l’autoroute 25, voie réservée – Laval – Aménagement","Le projet vise à implanter une voie réservée sur l’autoroute 440, direction est, entre la station Saint-Martin (SRB Pie-IX) et l’autoroute 25 afin de relier le stationnement incitatif à la voie réservée de l’autoroute 25, direction nord, sur une distance d’environ 4 km.",,,,,,En planification,"Décembre 2020
Le projet a été autorisé à l’étape « En planification ».",Ministre des Transports,Ministère des Transports,Ministère des Transports,Réseau routier,Économie et environnement,13 – Laval,Autoroute 440,Laval,Aménagement
790,Route 104 (chemin de Saint-Jean) – La Prairie – Élargissement et réaménagement,"Le projet vise le réaménagement de la route 104 entre l’autoroute 30 et la limite de Saint-Jean-sur-Richelieu, sur une distance d’un peu plus de 6 km, afin d’améliorer l’insertion des véhicules sur la route, sans en diminuer la capacité. De plus, des modifications aux intersections seront requises ainsi que l’élargissement de la route 104 afin d’ajouter des voies de virage.",,,,,,En planification,"Décembre 2020
Le projet a été autorisé à l’étape « En planification ».",Ministre des Transports,Ministère des Transports,Ministère des Transports,Réseau routier,Économie et environnement,16 – Montérégie,Route 104,La Prairie,Élargissement et réaménagement
791,"Échangeur des autoroutes 440 et 15, bretelle aérienne – Laval – Construction","Le projet a pour but d’améliorer la sécurité routière et d’éliminer les zones d’entrecroisement pour accéder à l’autoroute 15, direction nord, par l’ajout d’une bretelle aérienne destinée aux usagers circulant sur l’autoroute 440, direction ouest. Une nouvelle entrée sur l’autoroute 15 nord en amont de l’échangeur est également prévue dans ce projet.",,,,,,En planification,"Décembre 2020
Le projet a été autorisé à l’étape « En planification ».",Ministre des Transports,Ministère des Transports,Ministère des Transports,Réseau routier,Économie et environnement,13 – Laval,Échangeur des autoroutes 15 et 440,Laval,Construction
792,Autoroute 73 – Saint-Georges – Prolongement,"Le projet de prolongement de l’autoroute 73 vise à bonifier et à sécuriser les déplacements dans la ville de Saint-Georges, assurer la fluidité des déplacements dans la région, relier les régions entre elles et favoriser le développement économique.",,,,,,En planification,"Mai 2021
Le nom du projet a été modifié. Correspond au projet « Autoroute 73 (boulevard urbain) – Saint-Georges – Construction » présenté au Plan québécois des infrastructures (PQI) 2021-2031.",Ministre des Transports,Ministère des Transports,Ministère des Transports,Réseau routier,Économie et environnement,12 – Chaudière-Appalaches,Autoroute 73 ,Saint-Georges,Prolongement
793,Voie de contournement – Saint-Lin-Laurentides – Construction,"Le projet a pour objectif d’accroître la sécurité, de faciliter la gestion de la circulation et de restaurer la fluidité dans l’axe est-ouest. Il consiste en la construction d’une voie de contournement de la zone urbaine de la municipalité de Saint-Lin-Laurentides.",,,,,,En planification,"Décembre 2020
Le projet a été autorisé à l’étape « En planification ».",Ministre des Transports,Ministère des Transports,Ministère des Transports,Réseau routier,Économie et environnement,14 – Lanaudière,"Routes 335, 337 et 158",Saint-Lin-Laurentides ,Construction
794,Route 293 – Notre-Dame-des-Neiges – Réaménagement,"Le projet vise la correction de la géométrie et du profil de la route 293 sur 4 km, dans le secteur situé au sud du 2e Rang, qui présente des courbes devant être adaptées aux normes actuelles. De plus, le projet permettra d’accroître la sécurité des usagers.",,,,,,En planification,,Ministre des Transports,Ministère des Transports,Ministère des Transports,Réseau routier,Économie et environnement,01 – Bas-Saint-Laurent,Route 293,Notre-Dame-des-Neiges,Réaménagement
795,Pont Arthur-Bergeron et route 132 – Grand-Métis – Reconstruction et réaménagement,"Le projet vise la reconstruction du pont Arthur-Bergeron, au sud de sa présente localisation, ainsi que la correction de la géométrie et du profil d’un tronçon de 2 km de la route 132. Le pont Arthur-Bergeron a atteint sa durée de vie utile. Les travaux permettront d’accroître la sécurité routière sur la route 132, entre l’accès du Parc régional de la rivière Mitis et le chemin Perreault.",,,,,,En planification,,Ministre des Transports,Ministère des Transports,Ministère des Transports,Réseau routier,Économie et environnement,01 – Bas-Saint-Laurent,Route 132 et pont Arthur-Bergeron,Grand-Métis,Reconstruction et réaménagement
796,Route 170 – L’Anse-Saint-Jean – Réaménagement,"Le projet de correction de courbes sous-standards du km 70 au km 73 sur la route 170, dans la municipalité de L’Anse-Saint-Jean, est prévu en raison de problématiques liées à sa géométrie et affectant son entretien hivernal. Le projet vise donc à améliorer la sécurité et la fluidité de la circulation du secteur en réaménageant le tracé et en harmonisant le raccordement des chemins municipaux avec la route 170.",,,,,,En planification,,Ministre des Transports,Ministère des Transports,Ministère des Transports,Réseau routier,Économie et environnement,02 – Saguenay–Lac-Saint-Jean,"Route 170
P-02419",L’Anse-Saint-Jean,Réaménagement
797,Échangeur Saint-Alexandre de l’autoroute 35 – Construction,Le projet consiste en la construction d’un nouvel échangeur en forme de demi-trèfle au km 27 de l’autoroute 35. Cet échangeur assurera un accès rapide au réseau autoroutier pour la population de Saint-Alexandre et permettra d’établir un lien avec le réseau routier via l’accès à la route 227.,,,,,,En planification,"Décembre 2020
Le projet a été autorisé à l’étape « En planification ».",Ministre des Transports,Ministère des Transports,Ministère des Transports,Réseau routier,Économie et environnement,16 – Montérégie,Autoroute 35,Saint-Alexandre,Construction
812,"Port de Québec, terminal de conteneurs (site Laurentia) – Construction",Le projet consiste en la construction d’un terminal de conteneurs sur le site portuaire de Laurentia (Port de Québec).,,,,,,En planification,,Ministre des Transports,Administration portuaire de Québec,Administration portuaire de Québec,"Transport maritime, aérien, ferroviaire et autres",Économie et environnement,03 – Capitale-Nationale,Port de Québec,Québec,Construction
813,"Centre hospitalier universitaire Sainte-Justine, centre de réadaptation Marie Enfant – Montréal – Maintien et bonification","Le projet vise à garantir la qualité et la sécurité des soins et des services prodigués à la clientèle du centre de réadaptation Marie Enfant du centre hospitalier universitaire Sainte-Justine, par le maintien et la bonification de cette infrastructure.Celle-ci a une capacité de 35 lits et offre des services spécialisés et surspécialisés d’adaptation-réadaptation, d’intégration et de participation sociales aux nouveau-nés, aux enfants ainsi qu’aux adolescentes et adolescents qui présentent une déficience motrice ou du langage.La construction du bâtiment d’origine date de 1955. Force est de constater que les pavillons n’ont pas été construits pour offrir des services de réadaptation avec les normes et les équipements d’aujourd’hui.",,,,,,À l’étude,"Août 2021
Le projet a été autorisé à l’étape « À l’étude ».",Ministre de la Santé et des Services sociaux,Centre hospitalier universitaire Sainte-Justine,Société québécoise des infrastructures,Santé et Services sociaux,Santé et Services sociaux,06 – Montréal,Centre de réadaptation Marie Enfant,Montréal,Maintien et bonification
814,Hôpital de réadaptation Villa Medica – Montréal – Bonification,"L’hôpital de réadaptation Villa Medica a une capacité de 144 lits. Il offre des services de consultations externes et des services spécialisés et surspécialisés de réadaptation fonctionnelle intensive à des personnes qui ont une déficience physique ou des problèmes de santé. Dans la région de Montréal et dans l’ouest du Québec, il offre aussi des services spécialisés aux personnes qui ont subi des brûlures graves.  L’environnement physique du bâtiment, construit en 1964, est devenu le principal facteur de risques pour la clientèle du centre. Afin d’offrir à cette dernière un milieu de qualité qui répond aux normes techniques et fonctionnelles en vigueur, le projet vise la relocalisation de l’hôpital de réadaptation et la construction d’un autre bâtiment.",,,,,,À l’étude,"Août 2021
Le projet a été autorisé à l’étape « À l’étude ».",Ministre de la Santé et des Services sociaux,Centre intégré universitaire de santé et de services sociaux du Centre-Sud-de-l’Île-de-Montréal,Société québécoise des infrastructures,Santé et Services sociaux,Santé et Services sociaux,06 – Montréal,Hôpital de réadaptation Villa Medica,Montréal,Bonification
815,Centre d’hébergement et de soins de longue durée Georges-Phaneuf – Saint-Jean-sur-Richelieu – Bonification,"Le projet vise la construction d’un centre d’hébergement et de soins de longue durée (CHSLD) afin de garantir le maintien de la qualité et de la sécurité des services prodigués aux personnes résidentes.

Le CHSLD Georges-Phaneuf, d’une capacité de 125 lits, est un bâtiment anciennement occupé par le centre hospitalier de Saint-Jean. En 1971, cet édifice a été transformé et aménagé en CHSLD, comme on le connaît présentement. 

Le Centre intégré de santé et de services sociaux de la Montérégie-Centre projette actuellement de céder ce bâtiment, qui ne répond plus aux besoins ni aux exigences et aux normes d’un CHSLD. Les aménagements actuels ne permettent pas aux personnes résidentes d’y effectuer toutes les activités de la vie quotidienne comme elles le devraient. Les locaux, dépourvus de commodités et de confort, sont exigus, déficients et vétustes.

La solution immobilière sera érigée sur le site actuel de l’hôpital.",,,,,,À l’étude,"Août 2021
Le projet a été autorisé à l’étape « À l’étude ».",Ministre de la Santé et des Services sociaux,Centre intégré de santé et de services sociaux de la Montérégie-Centre,Société québécoise des infrastructures,Santé et Services sociaux,Santé et Services sociaux,16 – Montérégie,Centre d’hébergement et de soins de longue durée Georges-Phaneuf,Saint-Jean-sur-Richelieu,Bonification
816,École secondaire du centre de services scolaire de la Rivière-du-Nord – Prévost – Construction,Le projet consiste à construire une école secondaire d’approximativement 1 000 places-élèves sur le territoire du centre de services scolaire de la Rivière-du-Nord à Prévost afin de réduire le déficit d’espace reconnu en fonction des places-élèves du centre de services scolaire.,,,,,,En planification,"Juin 2021
Le projet a été autorisé à l’étape « En planification ».",Ministre de l’Éducation,Ministère de l’Éducation,Société québécoise des infrastructures,Éducation,Éducation et culture,15 – Laurentides,École secondaire du centre de services scolaire de la Rivière-du-Nord,Prévost,Construction
817,École secondaire du centre de services scolaire de la Capitale – Sainte-Catherine-de-la-Jacques-Cartier – Bonification,Le projet consiste à construire une école secondaire d’approximativement 800 places-élèves sur le territoire du centre de services scolaire de la Capitale à Sainte-Catherine-de-la-Jacques-Cartier afin de réduire le déficit d’espace reconnu en fonction des places-élèves du centre de services scolaire.,,,,,,À l’étude,"Juin 2021
Le projet a été autorisé à l’étape « À l’étude ».",Ministre de l’Éducation,Ministère de l’Éducation,Société québécoise des infrastructures,Éducation,Éducation et culture,03 – Capitale-Nationale,École secondaire du centre de services scolaire de la Capitale,Sainte-Catherine-de-la-Jacques-Cartier,Bonification
819,École secondaire (B) du centre de services scolaire de la Seigneurie-des-Mille-Îles – Blainville – Bonification,"Le projet consiste en la construction d’une école secondaire d'approximativement 1 000 places-élèves à Blainville, sur le territoire du centre de services scolaire des Mille-Îles, afin de réduire le déficit d’espace reconnu par le Ministère.",,,,,,À l’étude,"Juin 2021
Le projet a été autorisé à l’étape « À l’étude ».",Ministre de l’Éducation,Centre de services scolaire des Mille-Îles,Société québécoise des infrastructures,Éducation,Éducation et culture,15 – Laurentides,École secondaire (B) du centre de services scolaire des Mille-Îles,Blainville,Bonification
825,Route Billy-Diamond (phase II) – Nord-du-Québec – Maintien,"Le projet vise à améliorer la sécurité des usagers et à assurer la pérennité de cette route, laquelle représente le principal lien menant à la baie James. Il s’inscrit à la suite des travaux réalisés, depuis 2015, dans une première phase de réfection de la route Billy-Diamond (voir projet 148). 

À terme, les travaux permettront la conservation des liens avec les autres routes de la région, notamment celles qui mènent aux différents sites d’activité économique (centrales hydroélectriques, sites miniers et autres) ainsi qu’aux diverses localités. 

Plus concrètement, les objectifs poursuivis par le projet sont :
– 	d’améliorer la surface de roulement pour assurer une conduite plus stable et sécuritaire et réduire les risques d’effondrement des ponceaux déficients;
– 	d’installer une signalisation et des glissières de sécurité conformes aux normes en vigueur;
– 	de favoriser une meilleure visibilité le long de la route, en réduisant la densité de la végétation;
– 	de prolonger la durée de vie de la chaussée, en assurant un drainage efficace des eaux dans les fossés latéraux; 
– 	d’aménager l’intersection de la route Billy-Diamond avec la route 19900, laquelle se rend à Lebel-sur-Quévillon.",,,,,,À l’étude,"Juin 2021
Le projet a été autorisé à l’étape « À l’étude ».",Ministre de l’Énergie et des Ressources naturelles,Société de développement de la Baie James,Société de développement de la Baie James,Développement du territoire nordique,Économie et environnement,10 – Nord-du-Québec,Route Billy-Diamond,Nord-du-Québec,Maintien
827,"Voies réservées sur les autoroutes 73, 573, 973, 40 et 440 ainsi que sur le réseau municipal – Québec – Aménagement","Dans le cadre du Réseau express de la Capitale (REC), le projet vise à mettre en place des mesures préférentielles pour le transport collectif (voies réservées accueillant des autobus et du covoiturage, utilisation de l’accotement par les autobus, stationnements incitatifs, etc.) afin d’améliorer la desserte des banlieues et favoriser un transfert modal vers le transport collectif, notamment le réseau de tramway de Québec et les voies réservées du tunnel Québec-Lévis.",,,,,,En planification,"Avril 2021
Le projet a été autorisé à l’étape « En planification ».",Ministre des Transports,Ministère des Transports,Ministère des Transports,Réseau routier,Économie et environnement,03 – Capitale-Nationale,"Autoroutes 73, 573, 973, 40 et 440 et réseau municipal",Québec,Aménagement
834,"Université McGill, 12 pavillons – Montréal – Réaménagement","La réalisation du projet de l’Université McGill sur une partie du site de l’ancien hôpital Royal Victoria permettra de rassembler au sein du site des activités d’enseignement et de recherche présentement disséminées sur le campus principal de l’Université. 

Par un effet de cascade, les espaces laissés vacants sur le campus principal de l’Université devront être réaffectés afin d’accueillir adéquatement d’autres groupes académiques présentement logés en location externe au centre-ville de Montréal.",,,,,,En planification,"Mai 2021
Le projet a été autorisé à l’étape « En planification ».",Ministre de l’Enseignement supérieur,Université McGill,Université McGill,Enseignement supérieur,Éducation et culture,06 – Montréal,Université McGill,Montréal,Réaménagement
835,École secondaire du centre de services scolaire des Grandes-Seigneuries – Montérégie (secteur ouest) – Bonification,"Le projet consiste en la construction d’une école secondaire d’approximativement 1 000 places-élèves sur le territoire du centre de services scolaire des Grandes-Seigneuries, afin de réduire le déficit d’espace reconnu en fonction des places-élèves du centre de services scolaire.",,,,,,À l’étude,"Juin 2021
Le projet a été autorisé à l’étape « À l’étude ».",Ministre de l’Éducation,Ministère de l’Éducation,Société québécoise des infrastructures,Éducation,Éducation et culture,16 – Montérégie,École secondaire du centre de services scolaire des Grandes-Seigneuries,Montérégie,Bonification
836,Cégep Montmorency – Laval – Bonification,"Le projet vise à répondre à un déficit d’espace auquel fait face le cégep Montmorency. Ce problème sera exacerbé par l’augmentation du nombre d’inscriptions prévue à l’horizon 2029. Un ajout d’espace doit donc être effectué, et ce, afin que l’établissement soit doté d’une capacité d’accueil adéquate pour ses futurs étudiants et étudiantes.",,,,,,À l’étude,"Juillet 2021
Le projet a été autorisé à l’étape « À l’étude ».",Ministre de l’Enseignement supérieur,Ministère de l’Enseignement supérieur,Société québécoise des infrastructures,Enseignement supérieur,Éducation et culture,13 – Laval,Cégep Montmorency,Laval,Bonification
837,Cégep Lionel-Groulx – Sainte-Thérèse – Bonification,"Le projet vise à répondre à un déficit d’espace auquel fait face le cégep Lionel-Groulx. Ce problème sera exacerbé par l’augmentation du nombre d’inscriptions prévue à l’horizon 2029. Un ajout d’espace doit donc être effectué, et ce, afin que l’établissement soit doté d’une capacité d’accueil adéquate pour ses futurs étudiants et étudiantes.",,,,,,À l’étude,"Juillet 2021
Le projet a été autorisé à l’étape « À l’étude ».",Ministre de l’Enseignement supérieur,Ministère de l’Enseignement supérieur,Société québécoise des infrastructures,Enseignement supérieur,Éducation et culture,15 – Laurentides,Cégep Lionel-Groulx,Sainte-Thérèse,Bonification
838,Cégep de Saint-Jérôme – Bonification,"Le projet vise à répondre à un déficit d’espace auquel fait face le cégep de Saint-Jérôme. Ce problème sera exacerbé par l’augmentation du nombre d’inscriptions prévue à l’horizon 2029. Un ajout d’espace doit donc être effectué, et ce, afin que l’établissement soit doté d’une capacité d’accueil adéquate pour ses futurs étudiants et étudiantes.",,,,,,À l’étude,"Juillet 2021
Le projet a été autorisé à l’étape « À l’étude ».",Ministre de l’Enseignement supérieur,Ministère de l’Enseignement supérieur,Société québécoise des infrastructures,Enseignement supérieur,Éducation et culture,15 – Laurentides,Cégep de Saint-Jérôme,Saint-Jérôme,Bonification
839,École secondaire du centre de services scolaire des Samares – Saint-Lin-Laurentides – Bonification,"Le projet consiste en la construction d’une école secondaire d’approximativement 800 places-élèves sur le territoire du centre de services scolaire des Samares, afin de réduire le déficit d’espace reconnu en fonction des places-élèves du centre de services scolaire.",,,,,,À l’étude,"Août 2021
Le projet a été autorisé à l’étape « À l’étude ».",Ministre de l’Éducation,Ministère de l’Éducation,Société québécoise des infrastructures,Éducation,Éducation et culture,14 – Lanaudière,École secondaire du centre de services scolaire des Samares,Saint-Lin-Laurentides,Bonification
847,Maison des aînés – Montmagny – Construction,"Le projet de maison des aînés à Montmagny consiste en une construction neuve d’une capacité totale de 96 lits dont 4 aux soins palliatifs afin de reloger les personnes résidentes du centre d’hébergement et de soins de longue durée (CHSLD) Foyer d’Youville de Montmagny, de l’hôpital de Montmagny et du CHSLD de Saint-Fabien-de-Panet. Le besoin de reloger les personnes résidentes se base sur la vétusté fonctionnelle et technique des installations actuelles. 

Cette solution créera un environnement adapté de qualité pour 96 personnes résidentes et sera conçue selon le nouveau concept des maisons des aînés et alternatives.",,,,,,En planification,"Août 2021
Le projet a été autorisé à l’étape « En planification ».",Ministre de la Santé et des Services sociaux,Centre intégré de santé et de services sociaux de Chaudière-Appalaches,Société québécoise des infrastructures,Santé et Services sociaux,Santé et Services sociaux,12 – Chaudière-Appalaches,Maison des aînés,Montmagny,Construction
