no_projet,nom_projet,description,cout_total,contribution_quebec,contribution_partenaires,date_debut_mise_en_service,date_fin_mise_en_service,etat_avancement,suivi_modifications,ministre,organisme,gestionnaire,secteur_activite,mission,region,nom_infrastructure,localisation,nature_travaux
2,"Centre hospitalier de l’Université de Montréal, complexe hospitalier – Construction","Le projet consistait à regrouper en un seul site les spécialités médicales qui étaient réparties dans trois hôpitaux, soit l’hôtel-Dieu de Montréal, l’hôpital Notre-Dame et l’hôpital Saint-Luc. Cette construction, localisée au centre-ville de Montréal, est pourvue de 772 chambres individuelles. Des soins spécialisés (tertiaires et quaternaires), de l’enseignement, de la recherche ainsi que des activités de soins cliniques primaires et secondaires y sont offerts. Le projet se divise en deux phases. La première prévoit la livraison d’un centre hospitalier fonctionnel et la seconde inclut trois bâtiments qui comprendront les soins ambulatoires, l’amphithéâtre et les bureaux. Le projet prévoyait aussi la construction d’un centre de recherche sur le même site. _x000D_
L’envergure des travaux est de 344 000 m² en superficie brute totale, soit 236 000 m² pour le centre hospitalier (les bâtiments de la phase I), 40 000 m² pour les bâtiments de la phase II et 68 000 m² pour le centre de recherche._x000D_
À ce jour, le centre de recherche et la phase I du nouveau CHUM ont été livrés et les activités régulières s’y déroulent. Les travaux de la phase II ont débuté et la réception provisoire des bâtiments a été faite en avril 2021.",3691600000,3449200000,242400000,2014-01-01,2021-09-01,En service,"Mars 2022_x000D_
La mise en service complète de l’infrastructure a été autorisée au cours de l’année financière 2021-2022. Le projet sera retiré du Tableau de bord lors de la prochaine mise à jour annuelle._x000D_
Janvier 2021_x000D_
Une hausse de 60,7 M$ au coût du projet a été autorisée. Initialement prévu à 3 630,9 M$, le coût est maintenant de 3 691,6 M$._x000D_
Mars 2020_x000D_
La mise en service de l’infrastructure a été autorisée au cours de l’année financière 2019-2020.",Ministre de la Santé et des Services sociaux,Centre hospitalier de l’Université de Montréal,Centre hospitalier de l’Université de Montréal,Santé et Services sociaux,Santé et Services sociaux,06 – Montréal,Centre hospitalier de l’Université de Montréal,Montréal,Construction
4,"Centre hospitalier universitaire Sainte-Justine, unités spécialisées et recherche – Montréal – Agrandissement et réaménagement","Le projet consistait à construire un pavillon de soins spécialisés qui comprendra 261 lits, un centre de recherche et un stationnement souterrain. Il incluait également la modernisation des bâtiments existants. Il a permis de doter le centre hospitalier universitaire Sainte-Justine des infrastructures nécessaires pour répondre aux besoins des mères et des enfants dans tous les volets de la mission de l’institution. L’objectif du projet était d’offrir aux patients et à leur famille, au personnel soignant, aux étudiants, aux enseignants ainsi qu’aux chercheurs un milieu de vie, d’hospitalisation et de travail moderne adapté à leurs besoins, et ce, en tenant compte des répercussions sur l’environnement et la communauté._x000D_
L’envergure des travaux réalisés représente une augmentation de 65 % de la superficie des bâtiments existants. La superficie brute totale du nouveau bâtiment est de 81 000 m². Quant aux travaux de réaménagement, ils représentent une superficie d’environ 11 000 m²._x000D_
Le bâtiment des unités spécialisées et celui du centre de recherche sont occupés depuis décembre 2016. Cette phase du projet Grandir en santé est close. _x000D_
Les travaux de réaménagement du bâtiment existant sont terminés depuis le printemps 2021.",939600000,861900000,77700000,2016-12-01,2021-06-30,En service,"Mars 2022_x000D_
La mise en service complète de l’infrastructure a été autorisée au cours de l’année financière 2021-2022. Le projet sera retiré du Tableau de bord lors de la prochaine mise à jour annuelle._x000D_
Mars 2021_x000D_
Une modification à la stratégie de financement a été autorisée. Ainsi, la contribution du Québec passe de 807,1 M$ à 861,9 M$, et celle des partenaires, de 132,5 M$ à 77,7 M$._x000D_
Mars 2020_x000D_
La mise en service de l’infrastructure a été autorisée au cours de l’année financière 2019-2020. De plus, la modification de la date de la mise en service complète a été autorisée. Initialement prévue en octobre 2020, elle est reportée à juin 2021.",Ministre de la Santé et des Services sociaux,Centre hospitalier universitaire Sainte-Justine,Centre hospitalier universitaire Sainte-Justine,Santé et Services sociaux,Santé et Services sociaux,06 – Montréal,Centre hospitalier universitaire Sainte-Justine,Montréal,Agrandissement et réaménagement
5,"Métro de Montréal, voitures de métro AZUR – Remplacement",Le projet visait l’acquisition de 468 nouvelles voitures pour le métro de Montréal ainsi que la mise à niveau de certaines infrastructures pour permettre l’exploitation et l’entretien des nouvelles voitures.,2033600000,1525800000,507800000,2016-02-01,2019-06-01,En service,"Mars 2021_x000D_
Une baisse de 88,8 M$ au coût du projet a été autorisée. Prévu à 2 122,4 M$, le coût est maintenant de 2 033,6 M$. Ainsi, la contribution du Québec passe de 1 592,4 M$ à 1 525,8 M$, et celle des partenaires, de 530,0 M$ à 507,8 M$._x000D_
Mars 2020_x000D_
La mise en service complète de l’infrastructure a été autorisée au cours de l’année financière 2019-2020. Le projet sera retiré du Tableau de bord lors de la prochaine mise à jour annuelle._x000D_
Mars 2019_x000D_
La modification de la date de la mise en service complète a été autorisée. Initialement prévue en janvier 2019, elle est reportée à mars 2021. _x000D_
De plus, une modification à la stratégie de financement a été autorisée. Ainsi, la contribution du Québec passe de 1 591,8 M$ à 1 592,4 M$ et celle des partenaires de 530,6 M$ à 530,0 M$._x000D_
Novembre 2018_x000D_
Une baisse de 69,3 M$ au coût du projet. Initialement prévu à 2 191,7 M$, le coût est maintenant de 2 122,4 M$. Ainsi, la contribution du Québec passe de 1 860,0 M$ à 1 591,8 M$ et celle des partenaires de 331,7 M$ à 530,6 M$.",Ministre des Transports,Société de transport de Montréal,Société de transport de Montréal,Transport collectif,Économie et environnement,06 – Montréal,Métro de Montréal,Montréal,Remplacement
10,Échangeur Dorval – Montréal – Réaménagement,"Le projet visait à séparer la circulation locale, de transit et autoroutière destinée à l’aéroport international Pierre-Elliott-Trudeau de Montréal. Les travaux ont permis la création de liens directs entre l’autoroute 20, l’autoroute 520 et l’aéroport, ainsi que l’amélioration de la fluidité de la circulation et l’accessibilité du secteur.",334200000,230600000,103600000,2010-11-01,2021-09-21,En service,"Mars 2021_x000D_
Une baisse de 10,0 M$ au coût du projet a été autorisée. Initialement prévu à 344,2 M$, le coût est maintenant de 334,2 M$. Ainsi, la contribution du Québec passe de 240,6 M$ à 230,6 M$ et celle des partenaires demeure à 103,6 M$. 

De plus, la modification de la date de la mise en service complète a été autorisée. Prévue en septembre 2020, elle est reportée à septembre 2021._x000D_
Mars 2020_x000D_
La mise en service de l’infrastructure a été autorisée au cours de l’année financière 2019-2020. De plus, la modification de la date de la mise en service complète a été autorisée. Initialement prévue en octobre 2019, elle est reportée à septembre 2020.",Ministre des Transports,Ministère des Transports,Ministère des Transports en association avec la Société québécoise des infrastructures,Réseau routier,Économie et environnement,06 – Montréal,Échangeur Dorval,Montréal,Réaménagement
18,Palais de justice de Rimouski – Réfection et réaménagement,"Le projet comprend le réaménagement complet du bâtiment existant, incluant l’aile de l’ancienne prison, et un agrandissement qui correspond à 60 % de la superficie actuelle, de manière à faciliter l’accessibilité de la population aux services judiciaires. Le caractère architectural du palais sera conservé. _x000D_
En avril 2017, les activités du palais de justice ont été temporairement relocalisées dans un autre édifice de la Société québécoise des infrastructures, et ce, pour permettre la réalisation des travaux._x000D_
Le projet vise à pallier aux problèmes de mise aux normes, de besoins d’espaces supplémentaires et les nombreuses lacunes fonctionnelles. _x000D_
Ces problèmes ont été établis par les principaux occupants de l’édifice, qui sont le ministère de la Justice, le ministère de la Sécurité publique et le Directeur des poursuites criminelles et pénales.",68200000,68200000,0,,2020-08-30,En service,"Mars 2021_x000D_
La mise en service complète de l’infrastructure a été autorisée au cours de l’année financière 2020-2021._x000D_
Mars 2020_x000D_
La modification de la date de la mise en service a été autorisée. Initialement prévue en septembre 2019, elle est reportée à mars 2020.",Ministre responsable de l’Administration gouvernementale,Ministère de la Justice,Société québécoise des infrastructures,Administration gouvernementale,Gouverne et justice,01 – Bas-Saint-Laurent,Palais de justice de Rimouski,Rimouski,Réfection et réaménagement
19,Complexe Turcot – Montréal – Reconstruction,"Le projet vise la reconstruction de l’échangeur Turcot. Après près de 50 ans de service, l’échangeur Turcot, qui est l’un des plus importants du Québec et sur lequel circulent quotidiennement plus de 300 000 véhicules, doit être reconstruit tout comme les échangeurs Angrignon, De La Vérendrye et Montréal-Ouest, ainsi que des tronçons adjacents des autoroutes 15, 20 et 720. Le projet prévoit également l’ajout de 17 km de voies réservées au transport collectif, de 6,7 km de voies cyclables et de pistes polyvalentes ainsi que l’aménagement de liens plus conviviaux pour les piétons.",3673300000,3673300000,0,2017-12-01,2020-10-30,En service,"Mars 2021_x000D_
La mise en service complète de l’infrastructure a été autorisée au cours de l’année financière 2020-2021._x000D_
Septembre 2017_x000D_
La mise en service de l’infrastructure a été autorisée au cours de l’année financière 2016-2017.",Ministre des Transports,Ministère des Transports,Ministère des Transports en association avec la Société québécoise des infrastructures,Réseau routier,Économie et environnement,06 – Montréal,Complexe Turcot,Montréal,Reconstruction
22,Quartier des spectacles – Montréal – Réaménagement,"Le projet a consisté principalement en l’aménagement de nouveaux espaces publics permanents permettant la tenue d’événements culturels. Le projet était divisé en quatre phases : la place des Festivals et la rue Jeanne-Mance (phase 1), le parterre et la promenade des Artistes (phase 2), la rue Sainte-Catherine (phase 3), et finalement l’esplanade Clark et la rue Saint-Urbain (phase 4).",120000000,40000000,80000000,2009-09-01,2021-12-18,En service,"Mars 2022_x000D_
La mise en service complète de l’infrastructure a été autorisée au cours de l’année financière 2021-2022. Le projet sera retiré du Tableau de bord lors de la prochaine mise à jour annuelle._x000D_
Mars 2021_x000D_
Un addenda au protocole d’entente, intervenu entre les parties, a été signé reportant la date de la mise en service complète initialement prévue en décembre 2020 à décembre 2021._x000D_
Janvier 2020_x000D_
Un addenda au protocole d’entente, intervenu entre les parties, a été signé reportant la date de la mise en service complète initialement prévue en décembre 2019, à décembre 2020.",Ministre des Affaires municipales et de l’Habitation,Ville de Montréal,Ville de Montréal,Municipalités,Économie et environnement,06 – Montréal,Quartier des spectacles,Montréal,Réaménagement
26,Autoroute 5 entre le chemin de la Rivière et la route 105 – La Pêche – Prolongement,"Le projet consiste à concevoir un axe majeur nord-sud, formé par l’autoroute 5 et la route 105. Ces deux routes sont considérées comme stratégiques pour le commerce extérieur. Or, la route 105, dans le secteur La Pêche, peut difficilement jouer son rôle en raison de ses caractéristiques géométriques. La réalisation du projet permettra d’assurer un lien plus fluide et sécuritaire avec la route 105.",197900000,125500000,72400000,2009-12-01,2025-11-30,En service,"Mars 2022_x000D_
Une hausse de 19,6 M$ au coût du projet a été autorisée. Prévu à 178,3 M$, le coût est maintenant de 197,9 M$. Ainsi, la contribution du Québec passe de 102,2 M$ à 125,5 M$ et celle des partenaires, de 76,1 M$ à 72,4 M$. De plus, la modification de la date de la mise en service complète a été autorisée. Initialement prévue en novembre 2024, elle est reportée à novembre 2025._x000D_
Mars 2021_x000D_
La mise en service partielle de l’infrastructure a été autorisée au cours de l’année financière 2020-2021._x000D_
Mars 2020_x000D_
Une hausse de 9,4 M$ au coût du projet a été autorisée. Initialement prévu à 168,9 M$, le coût est maintenant de 178,3 M$. Ainsi, la contribution du Québec passe de 90,9 M$ à 102,2 M$ et celle des partenaires, de 78 M$ à 76,1 M$._x000D_
De plus, la modification de la date de la mise en service complète a été autorisée. Initialement prévue en décembre 2022, elle est reportée à novembre 2024.",Ministre des Transports,Ministère des Transports,Ministère des Transports,Réseau routier,Économie et environnement,07 – Outaouais,Autoroute 5,La Pêche,Prolongement
30,"Station d’épuration des eaux usées Jean-R.-Marcotte, unité de désinfection – Montréal – Construction","Le projet consiste en la construction d’une unité de désinfection des eaux usées par ozonation à la station d’épuration Jean-R.- Marcotte de Montréal._x000D_
La désinfection des eaux usées à l’ozone complétera la chaîne de traitement prévue lors de la conception de la station d’épuration des eaux usées._x000D_
Les objectifs de ce projet sont de diminuer les risques pour la santé humaine et de protéger la faune et la flore aquatiques du fleuve Saint-Laurent._x000D_
Ainsi, lorsque le projet sera terminé, la qualité de l’eau du fleuve sera nettement améliorée au bénéfice des collectivités.",150000000,63800000,86200000,,2023-12-31,En réalisation,"Mars 2021_x000D_
Un addenda au protocole d’entente, intervenu entre les parties, a été signé reportant la date de la mise en service initialement prévue en décembre 2021 à décembre 2023._x000D_
Mars 2018_x000D_
Le projet a été autorisé à l’étape « En réalisation ».",Ministre des Affaires municipales et de l’Habitation,Ville de Montréal,Ville de Montréal,Municipalités,Économie et environnement,06 – Montréal,Station d’épuration des eaux usées Jean-R.- Marcotte,Montréal,Construction
31,"Bassins de rétention des eaux usées Rockfield, Lavigne, Leduc et William – Montréal – Construction","Le projet consiste en la construction de quatre bassins de rétention des eaux usées afin de diminuer les déversements des réseaux d’égouts dans l’environnement._x000D_Le bassin Rockfield rejette ses surplus d’eaux dans le canal Lachine, les bassins Lavigne et Leduc le font dans la rivière des Prairies, tandis que le bassin William rejette ses surplus d’eaux dans le fleuve Saint-Laurent._x000D_ La construction de ces ouvrages de rétention des eaux usées permettra de réduire le volume d’eaux usées non traitées déversées dans les cours d’eau.",148000000,49300000,98700000,,2021-12-01,En réalisation,"Novembre 2018_x000D_
Un addenda au protocole d’entente, intervenu entre les parties, a été signé reportant la date de la mise en service initialement prévue en mars 2019 à décembre 2021._x000D_
Mars 2018_x000D_
Le projet a été autorisé à l’étape « En réalisation ».",Ministre des Affaires municipales et de l’Habitation,Ville de Montréal,Ville de Montréal,Municipalités,Économie et environnement,06 – Montréal,"Bassins de rétention des eaux usées Rockfield, Lavigne, Leduc et William",Montréal,Construction
37,"Métro de Montréal, programme Réno-Systèmes (phase III) – Maintien et bonification","Le programme Réno-Systèmes vise le remplacement, la construction ou la remise à neuf d’équipements fixes directement liés à l’exploitation du métro. Les catégories concernées sont les installations motorisées (escaliers mécaniques, ventilation, ascenseurs), les équipements de voie, l’équipement d’énergie d’exploitation et de contrôle des trains ainsi que les systèmes de télécommunication et de contrôle des procédés d’exploitation.",500000000,262700000,237300000,2011-05-01,2023-12-31,En service,"Mars 2022_x000D_
La modification du début de la mise en service a été autorisée.  Elle remonte à mai 2011. La modification de la date de la mise en service complète a été autorisée. Prévue en décembre 2021, elle a été reportée à décembre 2023._x000D_
Mars 2021_x000D_
La mise en service partielle de l’infrastructure remonte à l’année financière 2011-2012._x000D_
Mars 2020_x000D_
La modification de la date de la mise en service complète a été autorisée. Initialement prévue en décembre 2019, elle est reportée à décembre 2021.",Ministre des Transports,Société de transport de Montréal,Société de transport de Montréal,Transport collectif,Économie et environnement,06 – Montréal,Métro de Montréal,Montréal,Maintien et bonification
39,"Métro de Montréal, ligne bleue de la station Saint-Michel à Anjou – Prolongement","Le projet vise le prolongement de la ligne bleue du métro de Montréal par l’ajout de cinq stations, sur le territoire, pour une longueur totale de 5,8 km, soit de la station Saint-Michel à Anjou. L’objectif est d’améliorer la mobilité dans la région de Montréal, à favoriser la mobilité durable, à appuyer le développement urbain et économique ainsi qu’à consolider le réseau de transport collectif.",,,,,,En planification,"Décembre 2017_x000D_
Le projet a été autorisé à l’étape « En planification ».",Ministre des Transports,Autorité régionale de transport métropolitain conjointement avec la Société de transport de Montréal,Société de transport de Montréal en association avec la Société québécoise des infrastructures,Transport collectif,Économie et environnement,06 – Montréal,Métro de Montréal,Montréal,Prolongement
40,Autoroute 73 (Henri-IV) entre l’autoroute 40 et l’autoroute 440 – Québec – Élargissement,"Le projet vise l’élargissement et la réfection de l’autoroute 73 (Henri-IV) qui permettront d’améliorer la sécurité et l’efficacité de cet axe stratégique où circulent plus de 100 000 véhicules chaque jour. Les travaux majeurs contribueront à assurer la pérennité des infrastructures. Le projet vise l’élargissement de l’autoroute 73 (Henri-IV) à trois voies, dans les deux directions, entre les autoroutes 440 (Charest) et 40 (Félix-Leclerc). Un élargissement à trois voies en direction nord sera aussi effectué pour la portion entre l’autoroute 40 (Félix-Leclerc) et l’avenue Chauveau, aux limites de la ville de L’Ancienne-Lorette.",291200000,162600000,128600000,2020-11-01,2023-07-31,En service,"Novembre 2021_x000D_
La mise en service complète de l’infrastructure, initialement prévue en juillet 2023, a été autorisée en novembre 2021._x000D_
Mars 2021_x000D_
La modification de la date du début de la mise en service a été autorisée. Initialement prévue en juillet 2020, elle a été reportée à novembre 2020. La mise en service partielle de l’infrastructure a ainsi été autorisée au cours de l’année financière 2020-2021.",Ministre des Transports,Ministère des Transports,Ministère des Transports,Réseau routier,Économie et environnement,03 – Capitale-Nationale,Autoroute 73 (Henri IV),Québec,Élargissement
41,HEC Montréal (arrondissement de Ville-Marie) – Construction,"Le projet consiste en la construction d’un pavillon au centre-ville de Montréal, sur le site de la basilique Saint-Patrick, afin de diminuer le déficit d’espace de HEC Montréal. _x000D_
Il s’agit de créer un complexe intégré d’enseignement et de recherche qui offrira un environnement interdisciplinaire et d’échange unique entre la communauté universitaire, les travailleuses et travailleurs et le milieu des affaires, ce qui assurera le développement stratégique de HEC Montréal._x000D_
L’envergure du nouveau bâtiment sera d’environ 28 400 m² bruts, incluant deux niveaux de stationnement en sous-sol.",235200000,108500000,126700000,,2022-03-31,En réalisation,"Juillet 2019_x000D_
Une hausse de 52,1 M$ au coût du projet a été autorisée. Initialement prévu à 183,1 M$, le coût est maintenant de 235,2 M$. Ainsi, la contribution du Québec passe de 93,5 M$ à 108,5 M$ et celle des partenaires de 89,6 M$ à 126,7 M$.
De plus, la modification de la date de la mise en service a été autorisée. Initialement prévue en août 2021, elle est reportée à mars 2022.",Ministre de l’Enseignement supérieur; Ministre de l’Économie et de l’Innovation,HEC Montréal,HEC Montréal en association avec la Société québécoise des infrastructures,Enseignement supérieur,Éducation et culture,06 – Montréal,HEC Montréal,Montréal (arrondissement de Ville-Marie),Construction
43,"Hôpital du Haut-Richelieu, urgence et bloc opératoire – Saint-Jean-sur-Richelieu – Agrandissement et réaménagement","Le projet consistait à agrandir les secteurs de l’urgence, des soins intensifs et du bloc opératoire. Il a permis également le réaménagement des services d’inhalothérapie, de la zone de débarcadère et de l’approvisionnement. _x000D_
Le projet a permis de résoudre les problèmes qui résultent de la désuétude des lieux et ceux qui sont liés à l’augmentation du volume d’activités, due à une population en constante croissance.",102300000,102300000,0,,2017-06-30,En service,"Mars 2020_x000D_
La mise en service complète de l’infrastructure a été autorisée au cours de l’année financière 2019-2020._x000D_
Avril 2019_x000D_
La modification de la portée du projet a été autorisée en acceptant le retrait du laboratoire de biologie médicale._x000D_
Par conséquent, une baisse du coût du projet a été autorisée. Initialement prévu à 109,6 M$, il est maintenant de 102,3 M$. La contribution du Québec passe de 108,4 M$ à 102,3 M$, et celle des partenaires, prévue à 1,2 M$, est annulée. Depuis octobre 2018, tous les secteurs de l’hôpital sont opérationnels.",Ministre de la Santé et des Services sociaux,Centre intégré de santé et de services sociaux de la Montérégie-Centre,Société québécoise des infrastructures,Santé et Services sociaux,Santé et Services sociaux,16 – Montérégie,Hôpital du Haut-Richelieu,Saint-Jean-sur-Richelieu,Agrandissement et réaménagement
44,Hôpital de Baie-Saint-Paul – Reconstruction et réaménagement,"Le projet a consisté en la construction d’un hôpital de 47 lits et d’un centre d’hébergement de soins de longue durée (CHSLD) de 103 lits, à Baie-Saint-Paul, en remplacement de l’hôpital existant, qui présentait une précarité qualifiée d’extrême, liée à sa résistance à un éventuel séisme majeur._x000D_
D’une superficie brute de 34 750 m², le nouvel hôpital est actuellement en service._x000D_
Le projet comprenait également l’agrandissement et le réaménagement du centre d’hébergement Pierre-Dupré pour qu’y soient accueillis des services de première ligne et un centre de jour. Le centre d’hébergement, d’une superficie de 3 410 m², a été réaménagé et agrandi de 229 m².",232300000,232300000,0,2017-04-01,2018-09-23,En service,"Février 2020_x000D_
Une baisse de 34,0 M$ au coût du projet a été autorisée. Prévu à 266,3 M$, le coût est maintenant de 232,3 M$._x000D_
Août 2019_x000D_
La mise en service complète de l’infrastructure a été autorisée au cours de l’année financière 2019-2020._x000D_
Janvier 2019_x000D_
Une baisse de 60,0 M$ au coût du projet a été autorisée étant donné que le projet s’est réalisé notamment sans l’utilisation des réserves pour risques. Initialement prévu à 326,3 M$, le coût est maintenant de 266,3$._x000D_
Le CHSLD a été mis en service en juillet 2017 et l’hôpital en septembre 2018. La démolition de l’ancien hôpital sera réalisée au cours des prochains mois.",Ministre de la Santé et des Services sociaux,Centre intégré universitaire de santé et de services sociaux de la Capitale-Nationale,Société québécoise des infrastructures,Santé et Services sociaux,Santé et Services sociaux,03 – Capitale-Nationale,Hôpital de Baie-Saint-Paul,Baie-Saint-Paul,Reconstruction et réaménagement
45,"Centre hospitalier régional de Trois-Rivières, unités de soins du pavillon Sainte-Marie (phase II) – Agrandissement et réaménagement","Le projet a consisté à construire une aile de quatre étages adjacente à un bâtiment existant ainsi qu’à réaménager divers secteurs de ce bâtiment. Il s’agit de la seconde phase d’un projet amorcé en 1997, qui vise à offrir une gamme de services complets à la population de la région de la Mauricie. Les objectifs de ce projet sont, entre autres, d’adapter la capacité d’hospitalisation aux besoins de la population ainsi que de permettre la réorganisation du programme de santé mentale et l’actualisation du programme de pneumologie. _x000D_
L’envergure des travaux est d’environ 16 000 m² en superficie brute totale, soit un agrandissement de près de 13 000 m² et un réaménagement d’un peu plus de 3 000 m². La ministre de la Santé et des Services sociaux a autorisé que la nouvelle aile de l’hôpital soit mise en service en mai 2018. _x000D_
La section réaménagée a été mise en service en mai 2019.",57000000,57000000,0,2018-05-08,2019-05-31,En service,"Décembre 2020_x000D_
Une baisse de 2,8 M$ au coût du projet a été autorisée. Initialement prévu à 59,8 M$, le coût est maintenant de 57,0 M$. De plus, la modification de la date de la mise en service complète a été autorisée. Initialement prévue en avril 2019, elle a été reportée en mai 2019._x000D_
Mars 2020_x000D_
La mise en service complète de l’infrastructure a été autorisée au cours de l’année financière 2019-2020.",Ministre de la Santé et des Services sociaux,Centre intégré universitaire de santé et de services sociaux de la Mauricie-et-du-Centre-du-Québec,Société québécoise des infrastructures,Santé et Services sociaux,Santé et Services sociaux,04 – Mauricie,Centre hospitalier régional de Trois-Rivières,Trois-Rivières,Agrandissement et réaménagement
46,"Hôpital régional de Saint-Jérôme, santé mentale – Construction","Le projet consiste à construire un pavillon de santé mentale afin de remplacer le pavillon actuel, considéré comme très vétuste. _x000D_
Le nouveau pavillon permettra notamment d’améliorer la capacité d’accueil, en passant de 85 à 97 lits, de fournir des chambres de taille convenable et d’assurer les liens fonctionnels avec les autres secteurs de l’hôpital régional de Saint-Jérôme._x000D_
D’une hauteur de quatre étages, la superficie totale brute du pavillon projeté est de 16 000 m², soit 11 000 m² de plus que le bâtiment existant._x000D_
À la suite de la mise en service complète du nouveau pavillon, l’ancien bâtiment sera démoli.",110400000,110400000,0,2021-11-30,2022-06-30,En réalisation,"Mars 2021_x000D_
La date de début de mise en service de l’infrastructure a été modidifée, prévue en septembre 2021, elle est reportée en novembre 2021._x000D_
Décembre 2020_x000D_
Une modification quant à la mise en service a été autorisée. La mise en service sera progressive. Ainsi, les dates de début et de fin de la mise en service sont respectivement septembre 2021 et juin 2022._x000D_
Mars 2020_x000D_
Une modification à la stratégie de financement a été autorisée. Ainsi, la contribution du Québec passe de 110,0 M$ à 110,4 M$. Il n’y a plus de contribution des partenaires.",Ministre de la Santé et des Services sociaux,Centre intégré de santé et de services sociaux des Laurentides,Société québécoise des infrastructures,Santé et Services sociaux,Santé et Services sociaux,15 – Laurentides,Hôpital régional de Saint-Jérôme,Saint-Jérôme,Construction
47,Centre d’hébergement et de soins de longue durée – Saint-Jérôme – Construction,"Le projet regroupe, en un seul lieu, des résidentes et résidents en provenance des centres d’hébergement Youville et L’Auberge à Saint-Jérôme, deux infrastructures jugées désuètes. Il a permis d’améliorer la qualité de vie des résidents, tout en prévoyant des chambres individuelles et en facilitant le travail du personnel. La nouvelle construction a quatre étages, excluant le sous-sol. Sa superficie brute est de 14 373 m². Les services alimentaires de l’hôpital régional de Saint-Jérôme ont été agrandis et réaménagés afin de permettre la production des repas du nouveau CHSLD.",53600000,53500000,100000,,2018-05-01,En service,"Mars 2021_x000D_
Une baisse de 9,2 M$ au coût du projet a été autorisée. Initialement prévu à 62,8 M$, le coût est maintenant de 53,6 M$. Ainsi, la contribution du Québec passe de 62,7 M$ à 53,5 M$ et celle des partenaires demeure à 0,1 M$._x000D_
Mars 2020_x000D_
La mise en service complète de l’infrastructure a été autorisée au cours de l’année financière 2019-2020.",Ministre de la Santé et des Services sociaux,Centre intégré de santé et de services sociaux des Laurentides,Société québécoise des infrastructures,Santé et Services sociaux,Santé et Services sociaux,15 – Laurentides,Centre d’hébergement et de soins de longue durée,Saint-Jérôme,Construction
48,"Métro de Montréal, programme Réno-Infrastructures (phase I) – Maintien et bonification","Le programme Réno-Infrastructures concerne le remplacement ou la réfection d’infrastructures du métro en fin de vie utile. Ce programme visait à maintenir la fiabilité, l’état, la disponibilité et la sécurité du réseau du métro tout en réduisant le déficit de maintien d’actifs.",250000000,177200000,72800000,2013-06-01,2021-12-31,En service,"Mars 2022_x000D_
La modification de la date de la mise en service complète a été autorisée. Initialement prévue en juin 2020, elle a été reportée à décembre 2021.  Le projet sera retiré du Tableau de bord lors de la prochaine mise à jour annuelle._x000D_
Mars 2021_x000D_
La mise en service de l’infrastructure a été autorisée au cours de l’année financière 2020-2021._x000D_
Mars 2020_x000D_
La modification de la date de la mise en service complète a été autorisée. Initialement prévue en décembre 2020, elle est devancée à juin 2020._x000D_
Mars 2019_x000D_
Une hausse de 9,4 M$ au coût du projet a été autorisée. Initialement prévu à 240,6 M$, le coût est maintenant de 250,0 M$. Ainsi, la contribution du Québec passe de 180,5 M$ à 177,2 M$ et celle des partenaires de 60,1 M$ à 72,8 M$.",Ministre des Transports,Société de transport de Montréal,Société de transport de Montréal,Transport collectif,Économie et environnement,06 – Montréal,Métro de Montréal,Montréal,Maintien et bonification
50,Pont Honoré-Mercier entre Montréal et Kahnawake – Maintien,La portion du pont Honoré-Mercier au nord de la voie maritime du Saint-Laurent est composée de deux structures distinctes : une construite au début des années 30 (vers la Rive-Sud) et une érigée dans les années 60 (vers Montréal). La plus vieille des deux structures fait l’objet d’un projet majeur de reconstruction. Les travaux visent à maintenir les deux structures en service et sécuritaires jusqu’à la réalisation du projet majeur.,266500000,266500000,0,,,En réalisation,"Mars 2022_x000D_
Une baisse de 18,2 M$ au coût du projet a été autorisée. Prévu à 284,7 M$, le coût est maintenant de 266,5 M$._x000D_
Mars 2021_x000D_
Une hausse de 4,2 M$ au coût du projet a été autorisée. Prévu à 280,5 M$, le coût est maintenant de 284,7 M$._x000D_
Mars 2020_x000D_
Une hausse de 15,8 M$ au coût du projet a été autorisée. Prévu à 264,7 M$, le coût est maintenant de 280,5 M$._x000D_
Mars 2019_x000D_
Une hausse de 55,1 M$ du coût du projet a été autorisée. Initialement prévu à 209,6 M$, le coût est maintenant de 264,7 M$.",Ministre des Transports,Ministère des Transports,Ministère des Transports,Réseau routier,Économie et environnement,06 – Montréal; 16 – Montérégie,Pont Honoré-Mercier,De Montréal à Kahnawake,Maintien
52,Échangeur Saint-Pierre – Montréal – Maintien,"L’échangeur Saint-Pierre constitue le lien routier entre l’autoroute 20 et la route 138, laquelle mène à la Rive-Sud de Montréal via le pont Honoré-Mercier. Construit en 1966, l’échangeur nécessitera des travaux d’envergure au cours des prochaines années. Les travaux visent à maintenir l’infrastructure en service et sécuritaire jusqu’à la réalisation du projet majeur.",216700000,216700000,0,,,En réalisation,"Mars 2022_x000D_
Une hausse de 21,4 M$ au coût du projet a été autorisée. Prévu à 195,3 M$, le coût est maintenant de 216,7 M$._x000D_
Mars 2021_x000D_
Une hausse de 12,3 M$ au coût du projet a été autorisée. Prévu à 183,0 M$, le coût est maintenant de 195,3 M$._x000D_
Mars 2019_x000D_
Une hausse de 24,6 M$ au coût du projet a été autorisée. Initialement prévu à 158,4 M$, le coût est maintenant de 183,0 M$.",Ministre des Transports,Ministère des Transports,Ministère des Transports,Réseau routier,Économie et environnement,06 – Montréal,Échangeur Saint-Pierre,Montréal,Maintien
53,"Parc olympique, toiture du Stade – Montréal – Reconstruction","Le projet consiste à remplacer la toiture du Stade qui a atteint sa fin de vie utile et qui accuse plusieurs problèmes de désuétude._x000D_
À la suite des travaux, le Stade pourra remplir sa pleine vocation par la tenue d’activités durant toute l’année. Ainsi, l’ajout d’activités devrait générer des retombées économiques supplémentaires.",,,,,,En planification,"Octobre 2017_x000D_
Le projet a été autorisé à l’étape « En planification ».",Ministre du Tourisme,Parc olympique,Parc olympique en association avec la Société québécoise des infrastructures,Tourisme et activités récréatives,Économie et environnement,06 – Montréal,Parc olympique,Montréal,Reconstruction
55,Pont Pie-IX (route 125) entre Montréal et Laval – Réfection,"Le projet vise à maintenir un lien sécuritaire entre Montréal et Laval, dans l’axe de la route 125, et à contribuer à l’amélioration de l’offre en transport collectif et actif. Il comprend l’aménagement d’une voie réservée aux autobus, sur le pont, pour le SRB Pie-IX (service rapide par bus), ainsi qu’une piste polyvalente pour les piétons et les cyclistes, du côté est, et un trottoir du côté ouest.",198600000,115700000,82900000,,2022-10-31,En réalisation,"Mars 2020_x000D_
Suivant la confirmation d’une participation financière fédérale au projet, une modification à la stratégie de financement a été autorisée. Ainsi, la contribution du Québec passe de 194,5 M$ à 115,7 M$, et celle des partenaires, de 4,1 M$ à 82,9 M$._x000D_
Mars 2019_x000D_
Le projet a été autorisé à l’étape « En réalisation ».",Ministre des Transports,Ministère des Transports,Ministère des Transports,Réseau routier,Économie et environnement,06 – Montréal; 13 – Laval,Pont Pie-IX,De Montréal à Laval,Réfection
58,Autoroute 40 (Métropolitaine) – Montréal – Maintien,"L’autoroute 40 (Métropolitaine), dans sa portion surélevée, requiert une intervention majeure. Les travaux visent à maintenir l’infrastructure en service et sécuritaire jusqu’à la réalisation du projet de réfection majeur.",256900000,251400000,5500000,,,En réalisation,"Mars 2022_x000D_
Une hausse de 24,7 M$ au coût du projet a été autorisée. Initialement prévu à 232,2 M$, le coût est maintenant de 256,9 $. Ainsi, la contribution du Québec passe de 232,2 M$ à 251,4 M$ et une contribution des partenaires de 5,5 M$ est maintenant prévue._x000D_
Mars 2021_x000D_
Une baisse de 10,0 M$ au coût du projet a été autorisée. Prévu à 242,2 M$, le coût est maintenant de 232,2 M$._x000D_
Mars 2020_x000D_
Une hausse de 65,6 M$ au coût du projet a été autorisée. Initialement prévu à 176,6 M$, le coût est maintenant de 242,2 M$. Ainsi, la contribution du Québec passe de 176,6 M $ à 242,2 M$.",Ministre des Transports,Ministère des Transports,Ministère des Transports,Réseau routier,Économie et environnement,06 – Montréal,Autoroute 40 (Métropolitaine),Montréal,Maintien
59,Tunnels Ville-Marie et Viger – Montréal – Maintien,"Les tunnels Ville-Marie et Viger, situés en plein cœur du centre-ville de Montréal, feront l’objet d’un projet de réfection majeur. Les travaux visent à maintenir les infrastructures en service et sécuritaires jusqu’à la réalisation du projet de réfection majeure.",192400000,184000000,8400000,,,En réalisation,"Mars 2022_x000D_
Une hausse de 71,7 M$ au coût du projet a été autorisée. Prévu à 120,7 M$, le coût est maintenant de 192,4 M$. Ainsi, la contribution du Québec passe de 112,3 M$ à 184,0 M$ et celle des partenaires demeure à 8,4 M$._x000D_
Mars 2021_x000D_
Une baisse de 11,1 M$ au coût du projet a été autorisée.  Prévu à 131,8 M$, le coût est maintenant de 120,7 M$. Ainsi, la contribution du Québec passe de 123,4 M$ à 112,3 M$, et celle des partenaires demeure à 8,4 M$._x000D_
Mars 2019_x000D_
Une hausse du coût du projet a été autorisée. Initialement prévu à 130,8 M$, le coût est maintenant de 131,8 M$. Ainsi, la contribution du Québec passe de 122,4 M$ à 123,4 M$.",Ministre des Transports,Ministère des Transports,Ministère des Transports,Réseau routier,Économie et environnement,06 – Montréal,Tunnels Ville-Marie et Viger,Montréal,Maintien
63,Route 112 entre Thetford Mines et Saint-Joseph-de-Coleraine – Reconstruction,"La route 112 a été relocalisée entre Thetford Mines et Saint-Joseph-de-Coleraine à la suite d’un important glissement de terrain survenu en 2009. Le nouveau tronçon de route, d’une longueur de 10,3 km, incluant une voie de dépassement d’environ 2 km dans chaque direction ainsi qu’un pont au-dessus de la rivière Bécancour, a été mis en service en octobre 2015.",76000000,76000000,0,,2015-10-01,En service,"Mars 2021_x000D_
Une baisse de 3,7 M$ au coût du projet a été autorisée. Prévu à 79,7 M$, le coût est maintenant de 76,0 M$._x000D_
Mars 2020_x000D_
Une baisse de 30,2 M$ au coût du projet a été autorisée. Initialement prévu à 109,9 M$, le coût est maintenant de 79,7 M$.",Ministre des Transports,Ministère des Transports,Ministère des Transports,Réseau routier,Économie et environnement,12 – Chaudière-Appalaches,Route 112,De Thetford Mines à Saint-Joseph-de-Coleraine,Reconstruction
64,"Route 117, voie de contournement – Rouyn-Noranda – Construction","Le tracé de la route 117 traversait le secteur urbain de la ville de Rouyn-Noranda, notamment son centre-ville commercial. La présence du trafic lourd en zone commerciale et résidentielle est incompatible avec les activités qu’on y retrouve. Le projet de contournement vise à améliorer la sécurité, à diminuer la circulation de transit dans Rouyn-Noranda et par conséquent, à améliorer la qualité de vie des résidents. Il consiste en l’aménagement d’un nouveau tronçon de route de 7,7 km qui permet de contourner le noyau urbain de Rouyn-Noranda.",107000000,106600000,400000,,2019-10-31,En service,"Mars 2022_x000D_
La mise en service complète de l’infrastructure a été autorisée au cours de l’année financière 2021-2022. Le projet sera retiré du Tableau de bord lors de la prochaine mise à jour annuelle._x000D_
Mars 2021_x000D_
Une baisse de 10,0 M$ au coût du projet a été autorisée. Prévu à 117,0 M$, le coût est maintenant de 107,0 M$. Ainsi, la contribution du Québec passe de 116,6 M$ à 106,6 M$ et celle des partenaires demeure à 0,4 M$._x000D_
Mars 2020_x000D_
La mise en service de l’infrastructure a été autorisée au cours de l’année financière 2019-2020._x000D_
Mars 2019_x000D_
Une hausse de 11,8 M$ au coût du projet a été autorisée. Initialement prévu à 95,2 M$, le coût est maintenant de 117,0 M$. Ainsi, la contribution du Québec passe de 94,8 M$ à 116,6 M$ et celle des partenaires demeure à 0,4 M$._x000D_
De plus, la modification à la date de la mise en service a été autorisée. Initialement prévue en décembre 2018 elle est reportée à octobre 2019.",Ministre des Transports,Ministère des Transports,Ministère des Transports,Réseau routier,Économie et environnement,08 – Abitibi-Témiscamingue,Route 117,Rouyn-Noranda,Construction
66,"Hôtel-Dieu de Lévis, cancérologie – Construction","Le projet a permis la construction d’un centre régional intégré de cancérologie (CRIC) sur le site de l’Hôtel-Dieu de Lévis. Le centre regroupe les principaux services spécialisés offerts en cancérologie, notamment en prévention et en dépistage, et les soins spécialisés dans les domaines de la chirurgie oncologique, de la chimiothérapie, de la pharmacie oncologique et de la radiothérapie. De plus, un service de tomographe par émission de positrons (TEP scan) a été construit à proximité du secteur de l’imagerie médicale. Le projet permettra de rapprocher les services de radio-oncologie de la population de la région de Chaudière-Appalaches, d’augmenter la capacité du réseau afin de répondre aux besoins actuels et projetés de cette région, dus notamment au vieillissement de sa population, et de consolider les services régionaux en cancérologie. _x000D_
L’envergure des travaux réalisés est de 13 000 m² en superficie brute totale, soit 12 238 m² pour le nouveau bâtiment du CRIC et 942 m² pour l’agrandissement du TEP scan._x000D_
Les travaux sont terminés.",129000000,129000000,0,2019-04-01,2020-10-31,En service,"Mars 2021_x000D_
Une baisse de 28,7 M$ au coût du projet a été autorisée. Initialement prévu à 157,7 M$, le coût est maintenant de 129,0 M$. De plus, la mise en service complète de l’infrastructure a été autorisée au cours de l’année financière 2020-2021._x000D_
Mars 2020_x000D_
La mise en service de l’infrastructure a été autorisée au cours de l’année financière 2019-2020.",Ministre de la Santé et des Services sociaux,Centre intégré de santé et de services sociaux de Chaudière-Appalaches,Société québécoise des infrastructures,Santé et Services sociaux,Santé et Services sociaux,12 – Chaudière-Appalaches,Hôtel-Dieu de Lévis,Lévis,Construction
67,"Hôpital Pierre-Le Gardeur, unités de soins – Terrebonne – Construction et agrandissement","Le projet consiste à construire une nouvelle tour de douze étages sur le site de l’hôpital, à agrandir et à réaménager certains secteurs dans les bâtiments existants et à augmenter le nombre de places de stationnement._x000D_
La réalisation du projet permettra d’améliorer la capacité d’accueil de l’hôpital Pierre-Le Gardeur qui est actuellement insuffisante, la faisant passer de 308 à 554 lits, de renforcer la prévention et le contrôle des infections liées aux séjours en milieu hospitalier et d’assurer des soins et des services spécialisés dans des délais acceptables. Le projet vise ainsi à augmenter la capacité d’hospitalisation de l’établissement et à ajuster l’offre de service pour les services ambulatoires, thérapeutiques et diagnostiques. _x000D_
La construction et l’agrandissement ajouteront une superficie de 35 210 m²._x000D_
En attendant la livraison des premiers lits, des unités de transition ont été réalisées pour répondre aux besoins toujours croissants de l’hôpital.",549600000,544200000,5400000,2023-11-01,2028-03-01,En réalisation,"Mars 2022_x000D_
Le projet a été autorisé à l’étape « En réalisation »._x000D_
Mars 2014_x000D_
Le projet a été autorisé à l’étape « En planification ».",Ministre de la Santé et des Services sociaux,Centre intégré de santé et de services sociaux de Lanaudière,Société québécoise des infrastructures,Santé et Services sociaux,Santé et Services sociaux,14 – Lanaudière,Hôpital Pierre-Le Gardeur,Terrebonne,Construction et agrandissement
70,Usine de biométhanisation – Laval – Construction,"Le projet consiste en la mise en place d’installations de biométhanisation qui traiteront les résidus organiques putrescibles générés par la population, les industries, les commerces et les institutions ainsi que les boues des trois stations d’épuration lavalloises._x000D_
Les produits qui résultent de la biométhanisation, un traitement par digestion anaérobie, sont le biogaz, un carburant renouvelable qui se substituera au carburant ou au combustible fossile, et le digestat, qui pourra être épandu dans les champs comme fertilisant._x000D_
Le projet vise à diminuer la quantité de matières organiques destinées à l’élimination afin de favoriser la réalisation des objectifs environnementaux prévus dans la Politique québécoise de gestion des matières résiduelles et à réduire les émissions de gaz à effet de serre en vue de contribuer à l’atteinte des objectifs québécois de lutte contre les changements climatiques._x000D_
",,,,,,En planification,"Mars 2018_x000D_
Le projet a été autorisé à l’étape « En planification ».",Ministre de l’Environnement et de la Lutte contre les changements climatiques,Ville de Laval,Ville de Laval,Environnement,Économie et environnement,13 – Laval,Usine de biométhanisation,Laval,Construction
71,"Hôpital Maisonneuve-Rosemont, hémodialyse – Montréal – Construction","Le projet consistait à construire un pavillon qui regrouperait le service d’hémodialyse de l’hôpital Maisonneuve-Rosemont, anciennement situé dans des bâtiments temporaires._x000D_
Il permet ainsi de répondre à une augmentation de la demande de services. La capacité d’accueil est passée de 66 à 74 postes de traitement. _x000D_
L’envergure des travaux est d’environ 7 664 m² en superficie brute, qui se déploie sur trois niveaux. La nouvelle construction est située au nord-ouest du centre ambulatoire de l’hôpital.",53500000,53500000,0,,2019-06-30,En service,"Mars 2020_x000D_
La mise en service complète de l’infrastructure a été autorisée au cours de l’année financière 2019-2020.",Ministre de la Santé et des Services sociaux,Centre intégré universitaire de santé et de services sociaux de l’Est-de-l’Île-de-Montréal,Société québécoise des infrastructures,Santé et Services sociaux,Santé et Services sociaux,06 – Montréal,Hôpital Maisonneuve-Rosemont,Montréal,Construction
73,Usine de biométhanisation – Montréal – Construction,"Le projet consiste en la mise en place de deux installations, une de biométhanisation et une de compostage, à implanter à proximité du lieu où sont générées les matières, afin d’en limiter le transport. Des réflexions sont en cours en ce qui concerne le déploiement d’une troisième installation de traitement des matières organiques lors d’une seconde phase d’implantation. Ces installations serviront une partie de la population ainsi que plusieurs industries, commerces et institutions de l’agglomération de Montréal._x000D_
Les produits qui résultent de la biométhanisation, un traitement par digestion anaérobie, sont le biogaz, un carburant renouvelable qui se substituera au carburant ou au combustible fossile, et le digestat. Celui-ci pourra être épandu directement dans les champs comme fertilisant ou acheminé vers une plateforme de compostage le temps qu’il arrive à maturation pour qu’on en produise du compost._x000D_
Le projet vise à diminuer la quantité de matières organiques destinées à l’élimination afin de favoriser la réalisation des objectifs environnementaux prévus dans la Politique québécoise de gestion des matières résiduelles et à réduire les émissions de gaz à effet de serre en vue de contribuer à l’atteinte des objectifs québécois de lutte contre les changements climatiques._x000D_
",349700000,68500000,281200000,,2023-03-31,En réalisation,"Mars 2022_x000D_
Le projet a été autorisé à l’étape « En réalisation »._x000D_
Mars 2018_x000D_
Le projet a été autorisé à l’étape « En planification ».",Ministre de l’Environnement et de la Lutte contre les changements climatiques,Ville de Montréal,Ville de Montréal,Environnement,Économie et environnement,06 – Montréal,Usine de biométhanisation,Montréal,Construction
74,Usine de biométhanisation – Québec – Construction,"Le projet consiste en la mise en place d’installations de biométhanisation qui serviront 26 municipalités de la Communauté métropolitaine de Québec. Le centre de biométhanisation recevra et traitera les résidus organiques putrescibles générés par les résidences, les industries, les commerces et les institutions ainsi que les boues des stations d’épuration des eaux usées._x000D_Les produits qui résultent de la biométhanisation, un traitement par digestion anaérobie, sont le biogaz, un carburant renouvelable qui se substituera au carburant ou au combustible fossile, et le digestat, qui pourra être épandu directement dans les champs comme fertilisant._x000D__x000D_
Le projet vise à diminuer la quantité de matières organiques destinées à l’élimination afin de favoriser la réalisation des objectifs environnementaux prévus dans la Politique québécoise de gestion des matières résiduelles et à réduire les émissions de gaz à effet de serre en vue de contribuer à l’atteinte des objectifs québécois de lutte contre les changements climatiques.",217800000,43600000,174200000,,2022-12-31,En réalisation,"Mars 2022_x000D_
La modification de la date de la mise en service a été autorisée. Initialement prévue en décembre 2021 elle a été reportée à décembre 2022._x000D_
Mars 2021_x000D_
Le projet a été autorisé à l’étape « En réalisation »._x000D_
Mars 2018_x000D_
Le projet a été autorisé à l’étape « En planification ».",Ministre de l’Environnement et de la Lutte contre les changements climatiques,Ville de Québec,Ville de Québec,Environnement,Économie et environnement,03 – Capitale-Nationale,Usine de biométhanisation,Québec,Construction
76,Pont Gédéon-Ouimet (autoroute 15) entre Laval et Boisbriand – Reconstruction,"Le pont Gédéon-Ouimet enjambe la rivière des Mille Îles et relie Laval à la couronne nord, dans l’axe de l’autoroute 15. L’état du pont requiert des travaux afin que son maintien en bon état soit assuré. Le projet sera arrimé avec celui de la chaussée et des voies réservées sur l’autoroute 15, à Laval et sur la couronne nord.",,,,,,En planification,"Décembre 2020_x000D_
Le projet a été autorisé à l’étape « En planification ».",Ministre des Transports,Ministère des Transports,Ministère des Transports,Réseau routier,Économie et environnement,13 – Laval; 15 – Laurentides,Pont Gédéon-Ouimet,Laval et Boisbriand,Reconstruction
77,"Hôpital de l’Enfant-Jésus, complexe hospitalier – Construction et réaménagement","Le nouveau complexe hospitalier (NCH) vise à regrouper les services cliniques offerts actuellement à L’Hôtel-Dieu de Québec et à l’hôpital de l’Enfant-Jésus. Le projet consiste à construire de nouveaux bâtiments sur le site de l’hôpital de l’Enfant-Jésus et à réaménager certains espaces existants._x000D_
L’objectif est d’assurer un service adéquat dans un cadre physique adapté aux soins._x000D_
Ainsi, les services de radio-oncologie seront déménagés en mai 2022 du site de L’Hôtel-Dieu de Québec vers le site de l’hôpital de l’Enfant-Jésus où un centre intégré de cancérologie a été construit. Les autres services de L’Hôtel-Dieu seront intégrés dans le nouveau pavillon des soins critiques du NCH ainsi que dans les espaces réaménagés de l’hôpital de l’Enfant-Jésus. _x000D_
Le NCH comptera 700 lits d’hospitalisation, incluant 105 lits de soins critiques, 30 salles d’opération ainsi que 60 civières à l’urgence._x000D_
La superficie brute totale des nouvelles constructions sera de 175 000 m², auxquels s’ajouteront 33 150 m² de réaménagement. Le projet prévoit également 2 600 cases de stationnement ainsi que 23 140 m² en superficie pour les bâtiments à démolir._x000D_
En juin 2020, la mise en service de la centrale thermique, du bâtiment des génératrices des sections, des tunnels (A et B-nord) et d’une partie du centre intégré de cancérologie et de radio-oncologie été faite.  De plus, la plateforme clinico-logistique d’une superficie brute de 8 130 m² a également été construite hors site pour offrir des services alimentaires, des services d’entreposage et de distribution de fournitures et des services de pharmacie à l’ensemble des hôpitaux du CHU de Québec-Université Laval. Les activités de cette plateforme sont possibles depuis l’automne 2020.",2238600000,2164600000,74000000,2020-06-01,2029-11-01,En service,"Mars 2022_x000D_
Une modification de la portée a été autorisée pour l’agrandissement des secteurs des soins critiques, de l’aile D et pour un réaménagement plus important des bâtiments existants. De plus, une hausse de 271,1 M$ au coût du projet a été autorisée. Initialement prévu à 1 967,5 M$, le coût est maintenant de 2 238,6 M$. Ainsi, la contribution du Québec passe de 1 889,5 M$ à 2 164,6 M$, et celle des partenaires, de 78,0 M$ à 74,0 M$. Finalement, la modification de la date de la mise en service complète a été autorisée. Initialement prévue en décembre 2025, elle est reportée à novembre 2029._x000D_
Mars 2021_x000D_
La mise en service partielle de l’infrastructure a été autorisée au cours de l’année financière 2020-2021._x000D_
Mars 2020_x000D_
Une modification à la stratégie de financement a été autorisée. Ainsi, la contribution du Québec passe de 1 780,2 M$ à 1 889,5 M$, et celle des partenaires, de 187,3 M$ à 78,0 M$.",Ministre de la Santé et des Services sociaux,CHU de Québec-Université Laval,Société québécoise des infrastructures,Santé et Services sociaux,Santé et Services sociaux,03 – Capitale-Nationale,Hôpital de l’Enfant-Jésus,Québec,Construction et réaménagement
78,Pont Gouin entre Saint-Jean-sur-Richelieu et Iberville – Reconstruction,"Le projet consistait à construire, au-dessus de la rivière Richelieu, un pont, à Saint-Jean-sur-Richelieu, en remplacement de l’ancien pont Gouin. Le nouveau pont comporte une partie mobile permettant le passage des bateaux de plaisance qui empruntent le canal de Chambly. En plus de permettre aux usagers du transport actif d’y circuler de façon sécuritaire, en offrant des trottoirs et une piste cyclable, le pont comprend quatre belvédères et un éclairage, conçus pour le mettre en valeur. Enfin, le projet vise également le réaménagement des approches du réseau routier municipal et la démolition de l’ancien pont Gouin. Le nouveau pont a été mis en service le 26 octobre 2019, et les travaux de finition ainsi que de démolition de l’ancien pont se poursuivent.",126300000,94300000,32000000,,2019-10-26,En service,"Mars 2022_x000D_
La modification de la date de la mise en service a été autorisée. Prévue en septembre 2019, elle a été reportée à octobre 2019._x000D_
Octobre 2019_x000D_
La mise en service complète de l’infrastructure a été autorisée au cours de l’année financière 2019-2020._x000D_
Mars 2019_x000D_
La modification de la date de la mise en service a été autorisée. Initialement prévue en mars 2019, elle est reportée à septembre 2019.",Ministre des Transports,Ministère des Transports,Ministère des Transports,Réseau routier,Économie et environnement,16 – Montérégie,Pont Gouin,De Saint-Jean-sur-Richelieu à Iberville,Reconstruction
84,Aréna et glaces communautaires – Gatineau – Construction,"Le projet a consisté en la construction d’un amphithéâtre à Gatineau afin de remplacer l’aréna actuel qui était désuet. Le nouveau bâtiment comporte une glace répondant aux normes de la Ligue de hockey junior majeur du Québec dont l’espace comprend 4 000 places, ainsi que trois glaces communautaires.",53000000,26500000,26500000,2021-01-09,2021-09-30,En service,"Mars 2022_x000D_
La mise en service complète de l’infrastructure a été autorisée au cours de l’année financière 2021-2022. Le projet sera retiré du Tableau de bord lors de la prochaine mise à jour annuelle._x000D_
Mars 2021_x000D_
La modification pour une mise en service progressive a été autorisée. Ainsi, la date de début de la mise en service est janvier 2021 et la date de mise en service complète est septembre 2021._x000D_
Janvier 2019_x000D_
Un addenda au protocole d’entente, intervenu entre les parties, a été signé reportant la date de la mise en service initialement prévue en juin 2021 à mai 2021.",Ministre des Affaires municipales et de l’Habitation,Ville de Gatineau,Ville de Gatineau,Municipalités,Économie et environnement,07 – Outaouais,Aréna et glaces communautaires,Gatineau,Construction
85,"Édifice Marie-Guyart, stationnement – Québec – Réfection","Le projet consiste en la réfection du stationnement de l’édifice Marie-Guyart. Situé sur la colline Parlementaire, à Québec, le stationnement intérieur comporte quelque 1 470 places._x000D_
Après 40 ans d’utilisation, malgré l’entretien régulier, l’ajout de membranes d’étanchéité et les réparations réalisées, le sel transporté par les véhicules a affecté certains éléments de béton armé de ce stationnement intérieur._x000D_
Ce projet majeur de réfection d’infrastructure a été réalisé par phases, depuis 2012, afin que le stationnement demeure ouvert et pleinement sécuritaire pendant toute la durée des travaux. _x000D_
La majorité des travaux ont été réalisés. Toutefois, certaines interventions sont en cours afin de terminer le projet et de redonner au stationnement une durée de vie utile de plusieurs décennies.",54000000,54000000,0,2013-01-01,2021-10-01,En service,"Mars 2021_x000D_
La mise en service complète de l’infrastructure a été autorisée au cours de l’année financière 2020-2021._x000D_
Août 2020_x000D_
Une baisse de 5,0 M$ au coût du projet a été autorisée. Initialement prévu à 59,0 M$, le coût est maintenant de 54,0 M$. De plus, la modification de la date de fin la mise en service a été autorisée. Initialement prévue en juillet 2018, elle est reportée à octobre 2021.",Ministre responsable de l’Administration gouvernementale,Société québécoise des infrastructures,Société québécoise des infrastructures,Administration gouvernementale,Gouverne et justice,03 – Capitale-Nationale,Édifice Marie-Guyart,Québec,Réfection
87,"Autoroute 410, voie de contournement (phase II) – Sherbrooke – Construction","Le projet de construction d’une voie de contournement entre la fin de l’autoroute 410 actuelle, à l’ouest, et la route 108, à l’est, visait à résoudre des problèmes de sécurité, de déplacement et de fluidité observés en périphérie sud de Sherbrooke, particulièrement au centre de l’arrondissement de Lennoxville, où circulent bon nombre de véhicules lourds.",79400000,43600000,35800000,2018-11-01,2020-12-01,En service,"Mars 2022_x000D_
Une baisse de 5,8 M$ au coût du projet a été autorisée. Prévu à 85,2 M$, le coût est maintenant de 79,4 M$. Ainsi, la contribution du Québec passe de 48,0 M$ à 43,6 M$ et celle des partenaires de 37,2 M$ à 35,8 M$. La mise en service complète de l’infrastructure a été autorisée au cours de l’année financière 2021-2022. Le projet sera retiré du Tableau de bord lors de la prochaine mise à jour annuelle._x000D_
Août 2018_x000D_
Une baisse de 6,6 M$ au coût du projet a été autorisée. Initialement prévu à 91,8 M$, le coût est maintenant de 85,2 M$. Ainsi, la contribution du Québec passe de 53,0 M$ à 48,0 M$ et celle des partenaires de 38,8 M$ à 37,2 M$.",Ministre des Transports,Ministère des Transports,Ministère des Transports,Réseau routier,Économie et environnement,05 – Estrie,Autoroute 410,Sherbrooke,Construction
88,"Hôpital régional de Rimouski, bloc opératoire et santé mentale – Maintien et bonification",Le projet consiste à construire un complexe chirurgical (bloc opératoire) et à effectuer la mise aux normes de l’urgence. Le secteur de la santé mentale doit également faire l’objet d’une modernisation.,,,,,,À l’étude,"Mars 2014_x000D_
Le projet a été autorisé à l’étape « À l’étude ».",Ministre de la Santé et des Services sociaux,Centre intégré de santé et de services sociaux du Bas-Saint-Laurent,Société québécoise des infrastructures,Santé et Services sociaux,Santé et Services sociaux,01 – Bas-Saint-Laurent,Hôpital régional de Rimouski,Rimouski,Maintien et bonification
89,"Institut de cardiologie de Montréal, urgence, soins ambulatoires et centre de formation – Agrandissement et réaménagement","Le projet consiste à agrandir et à réaménager l’urgence, à moderniser les unités de soins critiques et à regrouper les activités ambulatoires. Il vise également à construire un centre de formation en santé cardiovasculaire ainsi qu’à regrouper les secteurs administratifs. _x000D_
Il permettra à l’Institut de mieux assumer sa mission de soins en améliorant l’accessibilité générale, tant à l’urgence que dans les secteurs tertiaires et quaternaires, et d’optimiser le potentiel de formation et de transmission auprès des étudiantes et étudiants._x000D_
Il comprend un agrandissement, des réaménagements et la construction de stationnements._x000D_
",257900000,228300000,29600000,2021-07-01,2022-07-31,En service,"Mars 2022_x000D_
La mise en service complète de l’infrastructure a été autorisée au cours de l’année financière 2021-2022._x000D_
Décembre 2020_x000D_
Une hausse de 32,3 M$ au coût du projet a été autorisée. Initialement prévu à 225,6 M$, le coût est maintenant de 257,9 M$. Ainsi, la contribution du Québec passe de 201,6 M$ à 228,3 M$, et celle des partenaires, de 24,0 M$ à 29,6 M$._x000D_
De plus, la modification des dates de début et de fin de la mise en service a été autorisée.  Initialement, elles étaient respectivement prévues en mai 2020 et en mai 2021. Elles sont reportées en juillet 2021 et juillet 2022._x000D_
Mars 2020_x000D_
Une modification à la stratégie de financement a été autorisée. Ainsi, la contribution du Québec passe de 168,5 M$ à 201,6 M$, et celle des partenaires, de 57,1 M$ à 24,0 M$.",Ministre de la Santé et des Services sociaux,Institut de cardiologie de Montréal,Société québécoise des infrastructures,Santé et Services sociaux,Santé et Services sociaux,06 – Montréal,Institut de cardiologie de Montréal,Montréal,Agrandissement et réaménagement
90,"Hôpital du Sacré-Cœur de Montréal, traumatologie et unité mère-enfant – Agrandissement et réaménagement","Le projet consiste en un agrandissement de 14 520 m² au-dessus de l’urgence actuelle afin de loger le centre intégré en traumatologie, l’unité mère-enfant et le service d’endoscopie et de répondre aux besoins de ces secteurs.",155100000,142700000,12400000,2021-06-30,2022-05-31,En service,"Mars 2022_x000D_
La mise en service partielle de l’infrastructure a été autorisée au cours de l’année financière 2021-2022._x000D_
Mars 2021_x000D_
La date de début de mise en service de l’infrastructure a été modifiée, prévue en mars 2021, elle est reportée en juin 2021._x000D_
Décembre 2020_x000D_
Une modification quant à la mise en service a été autorisée. La mise en service sera progressive. Ainsi, les dates de début et de fin de la mise en service sont respectivement mars 2021 et mai 2022._x000D_
Août 2018_x000D_
L’ajout d’une salle de césarienne a été autorisé._x000D_
Une hausse de 6,7 M$ au coût du projet  a été autorisée. Ainsi, la contribution du Québec passe de 136,0 M$ à 142,7 M$ et celle des partenaires demeure à 12,4 M$.",Ministre de la Santé et des Services sociaux,Centre intégré universitaire de santé et de services sociaux du Nord-de-l’Île-de-Montréal,Société québécoise des infrastructures,Santé et Services sociaux,Santé et Services sociaux,06 – Montréal,Hôpital du Sacré-Cœur de Montréal,Montréal,Agrandissement et réaménagement
91,Centre de réadaptation pour jeunes en difficulté – Sainte-Thérèse – Construction,"Le projet vise la construction d’un centre de réadaptation pour jeunes en difficulté sur un nouvel emplacement, à Sainte-Thérèse, composé de 90 places et le maintien de 60 places sur le site d’Huberdeau, pour un total de 150 places. Cela permettra au Centre jeunesse des Laurentides de concentrer ses services sur deux sites, plutôt que sur les trois actuels qui comptent 144 places (Huberdeau, Sainte-Sophie et Saint-Jérôme). _x000D_
_x000D_
L’infrastructure immobilière, qui consiste en un bâtiment de 12 500 m² bruts, abritera neuf locaux de réadaptation pour 90 jeunes et 9 700 m² en aménagement d’espace extérieur.",150500000,150500000,0,,2024-07-01,En réalisation,"Juillet 2021_x000D_
Le projet a été autorisé à l’étape « En réalisation »._x000D_
Août 2018_x000D_
Le projet a été autorisé à l’étape « En planification ».",Ministre de la Santé et des Services sociaux,Centre intégré de santé et de services sociaux des Laurentides,Société québécoise des infrastructures,Santé et Services sociaux,Santé et Services sociaux,15 – Laurentides,Centre de réadaptation pour les jeunes en difficulté,Sainte-Thérèse,Construction
92,"Centre hospitalier de Vaudreuil-Soulanges, complexe hospitalier – Construction","Le territoire du réseau local de services de Vaudreuil-Soulanges du centre intégré de santé et de services sociaux de la Montérégie-Ouest, connaît une croissance démographique importante. Les deux hôpitaux actuels, soit l’hôpital Anna-Laberge et l’hôpital du Suroit sont occupés au maximum de leur capacité et ne peuvent répondre à la demande croissante de services._x000D_
Le projet consiste donc à la construction d’un centre hospitalier de 404 lits offrant des soins généraux et spécialisés sur un site aux abords de l’autoroute 30 à Vaudreuil-Soulanges.",,,,,,En planification,"Mars 2014_x000D_
Le projet a été autorisé à l’étape « En planification ».",Ministre de la Santé et des Services sociaux,Centre intégré de santé et de services sociaux de la Montérégie-Ouest,Société québécoise des infrastructures,Santé et Services sociaux,Santé et Services sociaux,16 – Montérégie,Centre hospitalier de Vaudreuil-Soulanges,Vaudreuil-Soulanges,Construction
94,"Hôpital de La Malbaie, urgence et unités de soins – Agrandissement et réaménagement","Le projet consiste à l’agrandissment et au réaménagement de l’hôpital afin de résoudre les problèmes de vétusté fonctionnelle et à bonifier les infrastructures de l’hôpital, notamment dans les secteurs de l’urgence, des unités de soins et des consultations externes.",,,,,,En planification,"Décembre 2019_x000D_
Le projet a été autorisé à l’étape « En planification ».",Ministre de la Santé et des Services sociaux,Centre intégré universitaire de santé et de services sociaux de la Capitale-Nationale,Société québécoise des infrastructures,Santé et Services sociaux,Santé et Services sociaux,03 – Capitale-Nationale,Hôpital de La Malbaie,La Malbaie,Agrandissement et réaménagement
95,Pont Honoré-Mercier entre Montréal et Kahnawake – Reconstruction,Le projet vise à maintenir le lien interrives entre l’île de Montréal et l’ouest de la région de la Montérégie dans l’axe de la route 138. Le projet consiste à remplacer la structure qui accueille les voies de circulation en direction de la Rive-Sud. Cette structure a été mise en service en 1934 et a atteint sa durée de vie utile. Le remplacement permettra notamment de recouvrer la pleine fonctionnalité du pont et du trottoir en plus d’assurer le raccordement de la piste multifonctionnelle de part et d’autre de la structure.,,,,,,En planification,"Août 2016_x000D_
Le projet a été autorisé à l’étape « En planification ».",Ministre des Transports,Ministère des Transports,Ministère des Transports,Réseau routier,Économie et environnement,06 – Montréal; 16 – Montérégie,Pont Honoré-Mercier,De Montréal à Kahnawake,Reconstruction
96,Pont de l’Île-d’Orléans entre Québec et L’Île-d’Orléans – Reconstruction,La construction d’un pont à haubans est la solution qui a été retenue pour assurer une desserte en transport fonctionnelle et sécuritaire entre l’Île-d’Orléans et la rive nord du fleuve Saint-Laurent. Le remplacement du pont permettra également d’assurer la mise aux normes du lien interrives et favorisera les déplacements à vélo et à pied.,,,,,,En planification,"Décembre 2015_x000D_
Le projet a été autorisé à l’étape « En planification ».",Ministre des Transports,Ministère des Transports,Ministère des Transports,Réseau routier,Économie et environnement,03 – Capitale-Nationale,Pont de l’Île-d’Orléans,De Québec à Île-d’Orléans,Reconstruction
97,Échangeurs au nord des ponts Pierre-Laporte et de Québec intégrant des mesures pour le transport collectif – Maintien et bonification,"Le projet vise à assurer la pérennité des infrastructures et à réaménager le réseau routier au nord des ponts de Québec et Pierre-Laporte. Il a pour objectif d’améliorer la fonctionnalité et la sécurité du réseau routier. De plus, le projet intégrera des mesures afin d’optimiser l’interconnexion des réseaux de transport en commun qui permettront de fiabiliser le service interrives pour les usagers en provenance de Lévis, en assurant une correspondance efficace avec le futur Réseau structurant de transport en commun de la Ville de Québec.",,,,,,À l’étude,"Mars 2018_x000D_
Le projet a été autorisé à l’étape « À l’étude ».",Ministre des Transports,Ministère des Transports,Ministère des Transports,Réseau routier,Économie et environnement,03 – Capitale-Nationale,Échangeurs au nord des ponts Pierre-Laporte et de Québec,Québec,Maintien et bonification
98,Échangeur Saint-Pierre – Montréal – Maintien,"L’échangeur Saint-Pierre constitue le lien entre l’autoroute 20 et la route 138, laquelle mène à la rive sud de Montréal via le pont Honoré-Mercier. Construit en 1966, il nécessitera des travaux d’envergure au cours des prochaines années. Le projet majeur de l’échangeur Saint-Pierre vise notamment à assurer la pérennité des infrastructures et à améliorer la circulation dans ce secteur.",,,,,,À l’étude,"Mars 2014_x000D_
Le projet a été autorisé à l’étape « À l’étude ».",Ministre des Transports,Ministère des Transports,Ministère des Transports,Réseau routier,Économie et environnement,06 – Montréal,Échangeur Saint-Pierre,Montréal,Maintien
99,Pont de l’Île-aux-Tourtes entre Vaudreuil-Dorion et Senneville – Reconstruction ,"Construit en 1965, le pont de l’Île-aux-Tourtes permet de faire le lien, dans l’axe de l’autoroute 40 (Félix-Leclerc), entre l’île de Montréal et la ville de Vaudreuil-Dorion en franchissant le lac des Deux Montagnes. Avec l’autoroute 20, il constitue l’un des deux seuls axes permettant de rejoindre l’île de Montréal par l’ouest. La reconstruction du pont permettra d’assurer le lien interrives et la mobilité de quelque 83 000 usagers journaliers.",,,,,,En planification,"Août 2018_x000D_
Le projet a été autorisé à l’étape « En planification ».",Ministre des Transports,Ministère des Transports,Ministère des Transports en association avec la Société québécoise des infrastructures,Réseau routier,Économie et environnement,06 – Montréal; 16 – Montérégie,Pont de l’Île-aux-Tourtes,"De Vaudreuil-Dorion à Senneville_x000D_
 Senneville",Reconstruction
100,Tunnels Ville-Marie et Viger – Montréal – Réfection,"Le projet vise à assurer la pérennité et le caractère sécuritaire des infrastructures des tunnels Ville-Marie et Viger ainsi qu’à mettre à niveau certains systèmes (mécaniques, électriques, etc.) en fonction des normes actuelles. Il consiste en des travaux de réfection de ces deux tunnels situés entre la rue Guy et l’avenue Papineau, au centre-ville de Montréal.",2050900000,2050900000,0,2023-09-01,2030-03-31,En réalisation,"Décembre 2019_x000D_
Le projet a été autorisé à l’étape « En réalisation »._x000D_
Janvier 2019_x000D_
Le projet a été autorisé à l’étape « En planification ».",Ministre des Transports,Ministère des Transports,Ministère des Transports,Réseau routier,Économie et environnement,06 – Montréal,Tunnels Ville-Marie et Viger,Montréal,Réfection
104,Autoroute 35 entre Saint-Armand et la frontière américaine (phase IV) – Construction,"Le prolongement de l’autoroute 35 vise à compléter le lien entre Montréal et Boston, pour accroître les échanges commerciaux et touristiques avec la Nouvelle-Angleterre. Ce projet améliorera la sécurité routière et la qualité de vie des personnes qui résident en bordure de la route 133 en y diminuant la circulation de transit. Il consiste à construire une autoroute à deux voies par direction sur chaussées séparées. La phase IV de ce projet est la dernière et elle complétera le lien entre Saint-Armand et la frontière américaine, sur 4,5 km. Les deux premières phases du projet ont été mises en service en 2014, tandis que la phase III est en réalisation.",,,,,,En planification,"Août 2019_x000D_
Le projet « Prolongement de l’autoroute 35 jusqu’à la frontière américaine – Phases III et IV » a été scindé en deux projets distincts. Ainsi, le présent projet « 104 - Prolongement de l’autoroute 35 (phase IV) de Saint-Armand jusqu’à la frontière américaine » demeure « En planification » et le projet « 318 - Prolongement de l’autoroute 35 (phase III) de Saint-Sébastien à Saint-Armand » est maintenant « En réalisation »._x000D_
Janvier 2018_x000D_
Le projet a été autorisé à l’étape « En planification ».",Ministre des Transports,Ministère des Transports,Ministère des Transports,Réseau routier,Économie et environnement,05 – Estrie,Autoroute 35,"Saint-Armand
",Construction
109,"Hôpital de Verdun, unités de soins et soins ambulatoires – Montréal – Agrandissement et réaménagement","Le projet consiste à construire un agrandissement de cinq étages à l’hôpital de Verdun, surmonté d’un appentis en toiture relié au reste du bâtiment par une passerelle à chaque niveau. Il prévoit la création d’un atrium et l’agrandissement de la zone logistique des quais ainsi que la rénovation ponctuelle de certains blocs.",264900000,264900000,0,2024-02-28,2024-12-31,En réalisation,"Juillet 2020_x000D_
Le projet a été autorisé à l’étape « En réalisation »._x000D_
Juillet 2018_x000D_
Le projet a été autorisé à l’étape « En planification ».",Ministre de la Santé et des Services sociaux,Centre intégré universitaire de santé et de services sociaux du Centre-Sud-de-l’Île-de-Montréal,Société québécoise des infrastructures,Santé et Services sociaux,Santé et Services sociaux,06 – Montréal,Hôpital de Verdun,Montréal,Agrandissement et réaménagement
110,Université McGill sur une partie du site de l’ancien hôpital Royal Victoria – Montréal – Construction et réaménagement,"Le projet vise à combler de manière considérable un déficit d’espace à l’Université McGill. À la suite du transfert des activités de l’hôpital Royal Victoria, en 2015, au site Glen du Centre universitaire de santé McGill, d’importantes surfaces ont été libérées. L’Université accusant un déficit d’espace, reconnu par le Ministère, et son campus se trouvant à proximité du site de l’hôpital Royal Victoria, il est envisagé d’utiliser une partie des bâtiments libérés de ce site pour répondre à ce besoin.",,,,,,En planification,"Mai 2021_x000D_
Le projet a été autorisé à l’étape « En planification ».",Ministre de l’Enseignement supérieur,Université McGill,Université McGill en association avec la Société québécoise des infrastructures,Enseignement supérieur,Éducation et culture,06 – Montréal,Université McGill,Montréal,Construction et réaménagement
113,"Autoroute 40 (Métropolitaine) secteur ouest, entre le boulevard Saint-Laurent et l’autoroute 520 – Montréal – Maintien",La réfection majeure du secteur ouest de l’autoroute Métropolitaine consiste à mettre à niveau les structures afin de freiner leur dégradation et d’assurer leur pérennité.,,,,,,À l’étude,"Septembre 2019_x000D_
Le projet « Réfection majeure de l’autoroute Métropolitaine à Montréal » a été scindé en deux projets distincts. Ainsi, le présent projet « 113 - Autoroute 40 (Métropolitaine) secteur ouest, entre le boulevard Saint-Laurent et l’autoroute 520 – Montréal – Maintien » demeure « À l’étude ». Le projet « 323 - Autoroute 40 (Métropolitaine) secteur est, entre les boulevards Provencher et Saint-Laurent – Montréal – Réfection » est maintenant « En planification ».",Ministre des Transports,Ministère des Transports,Ministère des Transports,Réseau routier,Économie et environnement,06 – Montréal,Autoroute 40 (Métropolitaine),Montréal,"Maintien
"
114,Tunnel Louis-Hippolyte-La Fontaine entre Montréal et Longueuil – Réfection,"Le projet vise à assurer la pérennité du lien interrives stratégique qu’est le tunnel Louis-Hippolyte-La Fontaine. Plus particulièrement, il consiste en une réfection majeure de la chape de béton (sous la surface de roulement) et des éléments structuraux, au remplacement des systèmes (électriques, mécaniques, de ventilation, d’éclairage, de signalisation, etc.) et à l’ajout d’un système de protection contre les incendies de grande puissance. Les travaux comprennent la reconstruction de la chaussée de béton de part et d’autre du tunnel.",1425800000,994000000,431800000,,2024-12-01,En réalisation,"Juin 2020_x000D_
Une hausse de 171,6 M$ au coût du projet a été autorisée. Initialement prévu à 1 254,2 M$, le coût est maintenant de 1 425,8 M$. Ainsi, la contribution du Québec passe de 822,4 M$ à 994,0 M$, et celle des partenaires demeure à 431,8 M$._x000D_
De plus, la modification de la date de la mise en service a été autorisée. Initialement prévue en novembre 2024, elle est reportée à décembre 2024._x000D_
Décembre 2019_x000D_
Le projet a été autorisé à l’étape « En réalisation ».",Ministre des Transports,Ministère des Transports,Ministère des Transports en association avec la Société québécoise des infrastructures,Réseau routier,Économie et environnement,06 – Montréal; 16 – Montérégie,Tunnel Louis-Hippolyte-La Fontaine,"De Montréal à Longueuil_x000D_
Montréal",Réfection
115,Boulevard Cavendish entre l’autoroute 13 et l’autoroute 15 – Montréal – Bonification,"Le projet de la Ville de Montréal vise à construire le lien manquant de 1,5 km entre les deux tronçons actuels du boulevard Cavendish, en permettant une traversée de la gare de triage Saint-Luc du CP et de la gare Taschereau du CN._x000D_
Le projet municipal créera un lien dans l’axe nord-sud, entre les autoroutes 13 et 15. En appui aux multiples projets immobiliers dans le secteur, le nouveau lien routier facilitera les déplacements locaux et permettra une amélioration de la desserte en transport collectif.",,,,,,À l’étude,"Mars 2014_x000D_
Le projet a été autorisé à l’étape « À l’étude ».",Ministre des Transports,Ville de Montréal,Ville de Montréal,Réseau routier,Économie et environnement,06 – Montréal,Boulevard Cavendish,Montréal,Bonification
117,Pôle logistique – Vaudreuil-Soulanges – Bonification,"Le projet vise à implanter un grand parc logistique multimodal capable d’attirer les centres de distribution de grandes entreprises et à favoriser le transport des marchandises, et ce, afin de mieux positionner le Québec dans l’axe du corridor de commerce Québec-Ontario et du Mid-Ouest américain.",,,,,,À l’étude,"Mars 2014_x000D_
Le projet a été autorisé à l’étape « À l’étude ».",Ministre des Transports,Ministère des Transports,Ministère des Transports,"Transports maritime, aérien, ferroviaire et autres",Économie et environnement,16 – Montérégie,Pôle logistique,Vaudreuil-Soulanges,Bonification
119,Édicule et passerelle piétonnière au pôle multimodal Vendôme – Montréal – Construction,Le projet réalisé a consisté en la construction d’un édicule universellement accessible à la station de métro Vendôme et d’un lien piétonnier jusqu’au centre universitaire de santé McGill.,110300000,110300000,0,,2021-05-30,En service,"Mars 2022_x000D_
La modification de la mise en service complète a été autorisée. Prévue en avril 2021, elle a été reportée à mai 2021. Ainsi, la mise en service complète de l’infrastructure a été autorisée au cours de l’année financière 2021-2022. Le projet sera retiré du Tableau de bord lors de la prochaine mise à jour annuelle._x000D_
Mars 2021_x000D_
La modification de la date de la mise en service a été autorisée. Prévue en novembre 2020, elle est reportée à avril 2021._x000D_
Mars 2020_x000D_
La modification de la date de la mise en service a été autorisée. Prévue en octobre 2020, elle est reportée à novembre 2020._x000D_
Avril 2019_x000D_
Une hausse de 38,7 M$ au coût du projet a été autorisée. Initialement prévu à 76,5 M$, le coût est maintenant de 110,3 M$._x000D_
De plus, la modification de la date de la mise en service a été autorisée. Initialement prévue en février 2020, elle est reportée à octobre 2020.",Ministre des Transports,Société de transport de Montréal,Société de transport de Montréal,Transport collectif,Économie et environnement,06 – Montréal,Édicule et passerelle piétonnière au pôle multimodal Vendôme,Montréal,Construction
120,Centre de glaces – Québec – Construction,"Le projet a consisté en la construction d’une infrastructure couverte qui comprend un anneau de glace ceinturé d’une piste de course, au centre duquel se trouve deux surfaces glacées, soit une pour le patinage de vitesse courte piste et le patinage artistique, et l’autre pour un usage polyvalent (ex. : hockey, patinage libre). Les travaux visaient aussi l’installation de gradins pouvant accueillir environ 2 000 personnes. _x000D_
Le Centre de glaces concentrera les sports de glace dans un site central et facile d’accès, en complémentarité avec le Centre sportif de Sainte-Foy. L’anneau de glace permettra d’accueillir des compétitions d’envergure nationale et internationale, en plus d’héberger le Centre d’entraînement national Gaétan Boucher.",68000000,22900000,45100000,,2021-05-31,En service,"Mars 2022_x000D_
La mise en service complète de l’infrastructure a été autorisée au cours de l’année financière 2021-2022. Le projet sera retiré du Tableau de bord lors de la prochaine mise à jour annuelle._x000D_
Mars 2021_x000D_
Un addenda au protocole d’entente, intervenu entre les parties, a été signé reportant la date de la mise en service prévue en décembre 2021 à mai 2021._x000D_
Janvier 2020_x000D_
Un addenda au protocole d’entente, intervenu entre les parties, a été signé en juin 2020 et prévoit la date de fin des travaux en décembre 2021.",Ministre des Affaires municipales et de l’Habitation,Ville de Québec,Ville de Québec,Municipalités,Économie et environnement,03 – Capitale-Nationale,Centre de glaces,Québec,Construction
121,"Réseau ferroviaire, voie de contournement – Lac-Mégantic – Construction","Le projet vise la construction d’une voie ferrée contournant le centre-ville de Lac-Mégantic dans les municipalités de Nantes, de Lac-Mégantic et de Frontenac.",,,,,,En planification,"Mars 2018_x000D_
Le projet a été autorisé à l’étape « En planification ».",Ministre des Transports,Transports Canada,Transports Canada,"Transports maritime, aérien, ferroviaire et autres",Économie et environnement,05 – Estrie,Réseau ferroviaire,Lac-Mégantic,Construction
125,Palais de justice de Saint-Hyacinthe – Réaménagement,"Le projet consiste en un réaménagement majeur du palais de justice de Saint-Hyacinthe, qui facilitera l’accessibilité de la population aux services judiciaires._x000D_
Il vise à répondre aux problèmes de mise aux normes, aux besoins d’espace supplémentaire et aux nombreuses lacunes fonctionnelles._x000D_
Les principaux occupants de l’édifice sont le ministère de la Justice, le ministère de la Sécurité publique et le Directeur des poursuites criminelles et pénales.",122000000,122000000,0,,2023-05-31,En réalisation,"Décembre 2020_x000D_
Le projet a été autorisé à l’étape « En réalisation ».",Ministre responsable de l’Administration gouvernementale,Ministère de la Justice,Société québécoise des infrastructures,Administration gouvernementale,Gouverne et justice,16 – Montérégie,Palais de justice de Saint-Hyacinthe,Saint-Hyacinthe,Réaménagement
127,Route 389 (A) entre Fire Lake et Fermont – Reconstruction,"Le projet s’inscrit dans un vaste programme d’amélioration de la route 389, entre Baie-Comeau et Fermont, qui vise à réaliser les correctifs essentiels à l’optimisation de la sécurité et du confort des usagères et usagers ainsi qu’à faciliter l’accès aux ressources et au Nord-du-Québec. Pour le segment de près de 70 kilomètres, entre Fire Lake et Fermont, il s’agit de construire un nouveau tracé d’environ 60 km et de faire une réfection majeure, sur 10,5 km, de la route existante. Ces travaux réduiront le trajet actuel de 19 km.",280200000,162700000,117500000,2023-10-31,2025-07-31,En réalisation,"Juin 2021_x000D_
Le projet a été autorisé à l’étape « En réalisation ».",Ministre des Transports,Ministère des Transports,Ministère des Transports,Réseau routier,Économie et environnement,09 – Côte-Nord,Route 389,De Fire Lake à Fermont,Reconstruction
130,Centre d’entretien Pointe-Saint-Charles d’exo – Montréal – Construction,Le projet vise à assurer l’entretien du matériel roulant de la ligne de trains de banlieue de Mont-Saint-Hilaire et de Mascouche. Il est devenu nécessaire après que le CN a annoncé qu’il mettrait fin à ce service.,311700000,209100000,102600000,,2021-12-31,En service,"Mars 2022_x000D_
La mise en service complète de l’infrastructure a été autorisée au cours de l’année financière 2021-2022._x000D_
Janvier 2020_x000D_
La modification de la portée du projet a été revue à la baisse par la diminution des besoins d’entretien requis suite la mise en œuvre du projet de Réseau express métropolitain (REM). Par conséquent, une baisse de 9,0 M$ au coût du projet a été autorisée. Initialement prévu à 320,7 M$, le coût est maintenant de 311,7 M$. Ainsi, la contribution du Québec passe de 207,7 M$ à 209,1 M$, et celle des partenaires, de 113 M$ à 102,6 M$._x000D_
De plus, la modification de la date de la mise en service complète a été autorisée. Initialement prévue en décembre 2017, elle est reportée à décembre 2021.",Ministre des Transports,Exo,Exo en association avec la Société québécoise des infrastructures,Transport collectif,Économie et environnement,06 – Montréal,Centre d’entretien Pointe-Saint-Charles d’exo,Montréal,Construction
132,"Université de Montréal, complexe des sciences – Montréal – Construction","Le projet consiste en la construction d’un pavillon de deux ailes (une pour l’enseignement et une pour la recherche) sur le site de la gare d’Outremont. _x000D_
Cette nouvelle installation, qui vise la certification Or de la norme LEED, abritera divers départements de recherche, notamment pour la chimie, la physique, la géographie et les sciences biologiques. La pluralité des disciplines réunies sous un même toit favorisera les interactions transversales, dans un contexte où l’innovation découle souvent du croisement qui se produit entre de nombreux champs d’études. L’envergure des travaux autorisés est de près de 55 000 m² bruts.",348300000,145000000,203300000,2019-09-01,2020-05-01,En service,"Mars 2022_x000D_
La mise en service complète de l’infrastructure a été autorisée au cours de l’année financière 2021-2022._x000D_
Mars 2020_x000D_
La modification de la date de la mise en service a été autorisée. Initialement prévue en mai 2019, elle est reportée à septembre 2019 pour la partie enseignement du complexe et de février 2020 à mai 2020 pour la partie recherche. L’aile destinée à l’enseignement a ainsi été mise en service en septembre 2019.",Ministre de l’Enseignement supérieur; Ministre de l’Économie et de l’Innovation,Université de Montréal,Université de Montréal en association avec la Société québécoise des infrastructures,Enseignement supérieur,Éducation et culture,06 – Montréal,Université de Montréal,Montréal,Construction
133,Service rapide par bus intégré sur le boulevard Pie-IX entre Montréal et Laval – Aménagement et construction,"Le projet de service rapide par bus, dans l’axe du boulevard Pie-IX, vise à permettre à près de 40 000 usagers quotidiens de profiter d’aménagements sécuritaires, efficaces et agréables. Traversant Montréal du nord au sud et reliant l’île à l’est de Laval, le boulevard Pie-IX est l’une des artères les plus achalandées de la métropole. Le projet comprend la construction de près de 13 km de voie réservée (environ 11 km à Montréal et 2 à Laval), d’un stationnement incitatif de 750 places, à Laval, et de 20 stations accessibles aux personnes à mobilité réduite. Il prévoit aussi l’acquisition d’autobus, le tout afin d’offrir un haut niveau de service en transport collectif dans cet axe.",472500000,345000000,127500000,2022-12-01,2023-12-31,En réalisation,"Mars 2020_x000D_
Une hausse de 78,7 M$ au coût du projet a été autorisée. Initialement prévu à 393,8 M$, le coût est maintenant de 472,5 M$. Ainsi, la contribution du Québec passe de 286,0 M$ à 345,0 M$, et celle des partenaires, de 107,8 M$ à 127,5 M$._x000D_
Décembre 2019_x000D_
La modification de la portée du projet a été autorisée en acceptant le prolongement du tracé, sur environ 1,7 km entre l’avenue Pierre-De Coubertin et la rue Notre-Dame, de même que la construction de trois stations._x000D_
De plus, la modification de la date de la mise en service a été autorisée. Initialement prévue en décembre 2022, elle est reportée à décembre 2023._x000D_
Une hausse de 80,9 M$ au coût du projet a été autorisée. Initialement prévu à 393,8 M$, le coût est maintenant de 474,7 M$. Ainsi, la contribution du Québec passe de 286,0 M$ à 346,4 M$, et celle des partenaires, de 107,8 M$ à 128,2 M$._x000D_
Juin 2019_x000D_
L’acquisition d’autobus articulés électriques a été autorisée. De plus, suivant la confirmation d’une participation financière fédérale au projet, une modification à la stratégie de financement a été autorisée. Ainsi, la contribution du Québec passe de 288,4 M$ à 286,0 M$, et celle des partenaires, de 105,4 M$ à 107,8 M$.",Ministre des Transports,Autorité régionale de transport métropolitain,Société de transport de Montréal en association avec la Société québécoise des infrastructures,Transport collectif,Économie et environnement,06 – Montréal; 13 – Laval,Service rapide par bus intégré sur le boulevard Pie-IX,De Montréal à Laval,Aménagement et construction
134,Barrage des Quinze – Laverlochère-Angliers – Maintien,"Le projet visait à améliorer l’état de la structure du barrage des Quinze et de la route 391, qui passe sur le barrage, et à les moderniser. Il consistait en une réfection majeure du barrage et au remplacement du tablier de la route 391.",110000000,83400000,26600000,,2018-11-01,En service,"Mars 2022_x000D_
La mise en service complète de l’infrastructure a été autorisée au cours de l’année financière 2021-2022._x000D_
Février 2019_x000D_
Suite à des travaux imprévus qui ont entraîné des dépenses supplémentaires et une prolongation de la durée des travaux. Une hausse de 9,0 M$ au coût du projet a été autorisée. Initialement prévu à 101,0 M$, le coût est maintenant de 110,0 M$. De plus, la modification de la date de la mise en service a été autorisée. Initialement prévue en octobre 2018 elle a été reportée à novembre 2018.",Ministre de l’Environnement et de la Lutte contre les changements climatiques,Ministère de l’Environnement et de la Lutte contre les changements climatiques conjointement avec le ministère des Transports,Ministère de l’Environnement et de la Lutte contre les changements climatiques en association avec la Société québécoise des infrastructures,Environnement,Économie et environnement,08 – Abitibi-Témiscamingue,Barrage des Quinze,Laverlochère-Angliers,Maintien
136,Autoroute 85 (Claude-Béchard) entre Saint-Antonin et Saint-Louis-du- Ha! Ha! (phase III) – Construction,"Le réaménagement de la route 185 en autoroute 85 vise à en améliorer la sécurité et la circulation ainsi qu’à favoriser le tourisme, l’activité industrielle et les échanges commerciaux avec les provinces maritimes. Les travaux en cours permettront d’achever la transformation de la route 185 en une autoroute à quatre voies sur deux chaussées séparées, dont les phases I et II ont été respectivement terminées en 2011 et en 2015. Amorcés à l’automne 2018, les travaux de la phase III concernent le dernier tronçon de près de 40 km, entre Saint-Antonin et Saint-Louis-du-Ha! Ha!.",883300000,493600000,389700000,2021-11-01,2025-11-01,En service,"Avril 2022_x000D_
Une baisse de 59,6 M$ au coût du projet a été autorisée. Initialement prévu à 942,9 M$, le coût est maintenant de 883,3 M$. Ainsi, la contribution du Québec passe de 553,2 M$ à 493,6 M$ et celle des partenaires demeure inchangée._x000D_
Mars 2022_x000D_
La mise en service partielle de l’infrastructure a été autorisée au cours de l’année financière 2021-2022._x000D_
Juillet 2018_x000D_
Le projet a été autorisé à l’étape « En réalisation ».",Ministre des Transports,Ministère des Transports,Ministère des Transports,Réseau routier,Économie et environnement,01 – Bas-Saint-Laurent,Autoroute 85 (Claude-Béchard),De Saint-Antonin à Saint-Louis-du-Ha! Ha!,Construction
137,"Réseau de trains de banlieue d’exo, voitures passagers (type 2000) – Région métropolitaine de Montréal – Remplacement","Le projet comprend la conception, la fabrication et la livraison de 24 voitures. De ces voitures, 22 seront utilisées pour remplacer les voitures de série 700 qui ont atteint leur fin de vie utile.",112200000,80800000,31400000,2021-04-30,2022-11-30,En service,"Mars 2022_x000D_
Une hausse de 9,0 M$ au coût du projet a été autorisée. Prévu à 103,2 M$, le coût est maintenant de 112,2 M$. Ainsi, la contribution du Québec passe de 74,4 M$ à 80,8 M$ et celle des partenaires, de 28,8 M$ à 31,4 M$. De plus, la modification de la date de la mise en service complète a été autorisée. Initialement prévue en octobre 2021, elle a été reportée à novembre 2022. La mise en service partielle de l’infrastructure a été autorisée au cours de l’année financière 2021-2022._x000D_
Mars 2020_x000D_
La modification des dates de début et de fin de la mise en service a été autorisée. Initialement prévue en septembre 2020, la date du début de la mise en service est reportée à avril 2021. Initialement prévue en novembre 2020, la date de la mise en service complète est reportée à octobre 2021.",Ministre des Transports,Exo,Exo,Transport collectif,Économie et environnement,06 – Montréal,Réseau de trains de banlieue d’exo,Montréal,Remplacement
138,Établissement de détention – Montréal – Agrandissement et réaménagement,"Le projet vise à répondre au besoin relatif à l’hébergement de la population carcérale féminine au Québec, tout en assurant à ces personnes des conditions de détention sécuritaires et conformes aux normes actuelles du ministère de la Sécurité publique. _x000D_
Le processus consiste à revoir en profondeur les méthodes d’incarcération des contrevenantes du Québec. Une fois ces réflexions terminées, quelques scénarios immobiliers seront étudiés. Ceux-ci pourraient donner lieu à la mise aux normes de l’établissement actuel, jusqu’à la construction d’un autre établissement de détention._x000D_
",,,,,,En planification,"Mars 2014_x000D_
Le projet a été autorisé à l’étape « En planification ».",Ministre responsable de l’Administration gouvernementale,Ministère de la Sécurité publique,Société québécoise des infrastructures,Administration gouvernementale,Gouverne et justice,06 – Montréal,Établissement de détention,Montréal,Agrandissement et réaménagement
143,Autoroute 19 entre Laval et Bois-des-Filion – Construction,"Le projet vise à compléter l’autoroute 19 entre les autoroutes 440, à Laval, et 640, à Bois-des-Filion, afin d’améliorer les conditions de déplacement et la sécurité routière, tout en offrant des aménagements performants en transport collectif. Le prolongement de l’autoroute 19 à trois voies par direction, incluant des voies réservées aux autobus, au covoiturage et aux véhicules électriques, comprend notamment un stationnement incitatif et quatre échangeurs.",,,,,,En planification,"Mars 2018_x000D_
Le projet a été autorisé à l’étape « En planification ».",Ministre des Transports,Ministère des Transports,Ministère des Transports,Réseau routier,Économie et environnement,13 – Laval; 14 – Lanaudière; 15 – Laurentides,Autoroute 19,De Laval à Bois-des-Filion,Construction
144,"Université McGill, pavillon Wilson – Montréal – Réfection et réaménagement","Le projet consiste à réaménager l’espace du pavillon Wilson, construit en 1914, afin de le rendre plus fonctionnel et mieux adapté aux besoins de l’École de service social et des autres départements de la faculté qui l’utiliseront. Il vise aussi à combler un déficit d’espace, par l’agrandissement de l’immeuble.",45100000,45100000,0,,2025-03-31,En réalisation,"Mars 2022_x000D_
La modification de la date de la mise en service a été autorisée. Initialement prévue en mars 2024, elle est reportée à mars 2025._x000D_
Décembre 2020_x000D_
Le projet a été autorisé à l’étape « En réalisation ».",Ministre de l’Enseignement supérieur,Université McGill,Université McGill en association avec la Société québécoise des infrastructures,Enseignement supérieur,Éducation et culture,06 – Montréal,Université McGill,Montréal,Réfection et réaménagement
145,"Hôpital Fleurimont, centre mère-enfant et service d’urgence – Sherbrooke – Construction","Le projet consiste à regrouper dans une nouvelle construction, sur le site de l’hôpital Fleurimont, l’ensemble des secteurs qui offrent des soins aux mères et aux enfants ainsi que les services d’urgence. _x000D_
Il viendra répondre à une augmentation importante de la clientèle, à une complexification des pathologies ainsi qu’à l’introduction de technologies médicales, notamment en pédiatrie et en néonatologie. Il répond aussi à un besoin de mise aux normes cliniques et architecturales et à un manque important d’espace sur le site de l’hôpital Fleurimont. _x000D_
L’envergure des travaux autorisés est de 33 635 m² en superficie brute totale. Elle vise un centre mère-enfant et une nouvelle urgence attenante à l’hôpital existant, ainsi qu’un stationnement intérieur et un bâtiment pour les génératrices.",344300000,332300000,12000000,,2024-06-01,En réalisation,"Mars 2021_x000D_
Une hausse de 15,5 M$ au coût du projet a été autorisée. Prévu à 328,8 M$, le coût est maintenant de 344,3 M$. Ainsi, la contribution du Québec passe de 316,8 M$ à 332,3 M$ et celle des partenaires demeure à 12,0 M$._x000D_
Août 2020_x000D_
Une hausse de 131,1 M$ au coût du projet a été autorisée. Initialement prévu à 197,7 M$, le coût est maintenant de 328,8 M$. Ainsi, la contribution du Québec passe de 179,4 M$ à 316,8 M$ et celle des partenaires demeure à 12,0 M$._x000D_
De plus, la modification de la portée du projet a été autorisée en acceptant la hausse de 93 m². Ainsi, la superficie totale de 33 542 m² initialement prévue est augmentée à 33 635 m²._x000D_
Finalement, la date de la réception avec réserves, initialement prévue en décembre 2020 est reportée à décembre 2023. La modification de la date de la mise en service complète a été autorisée. Initialement prévue en mai 2021, elle est reportée à juin 2024.",Ministre de la Santé et des Services sociaux,Centre intégré universitaire de santé et de services sociaux de l’Estrie – Centre hospitalier universitaire de Sherbrooke,Société québécoise des infrastructures,Santé et Services sociaux,Santé et Services sociaux,05 – Estrie,Hôpital de Fleurimont,Sherbrooke,Construction
146,"Route 138, côte Arsène Gagnon – Les Bergeronnes – Reconstruction","Le projet vise à améliorer la sécurité des usagers et la fluidité de la circulation sur ce tronçon de route où l’achalandage de véhicules lourds est de plus en plus important. Le réaménagement, sur une distance totale d’un peu plus de 5 km, consiste à corriger les courbes sous-standards par une géométrie améliorée et à rendre ce tronçon de route conforme aux normes de sécurité actuelles. Il prévoit également une voie auxiliaire pour véhicules lents en direction ouest sur une distance d’environ 2,7 km et une voie d’évitement en direction est, à l’intersection de la route 138 et du chemin du Lac-des-Sables.",83400000,83400000,0,,2024-12-01,En réalisation,"Mars 2018_x000D_
Le projet a été autorisé à l’étape « En réalisation ».",Ministre des Transports,Ministère des Transports,Ministère des Transports,Réseau routier,Économie et environnement,09 – Côte-Nord,Route 138,Les Bergeronnes,Reconstruction
147,"Route 169, voie de contournement des quartiers de L’Isle-Maligne et de Delisle – Alma – Construction","L’aménagement d’une route de contournement du secteur de l’entrée nord de la ville d’Alma est devenu nécessaire à la suite de nombreux inconvénients causés par la route 169, qui traverse les quartiers résidentiels de Delisle et de L’Isle-Maligne. Ce nouvel aménagement améliore la sécurité, la fluidité et la qualité de vie des citoyens par la diminution du volume de circulation, du bruit, des vibrations et de la poussière. Le projet visait la construction d’une route de contournement dans un nouveau corridor sur environ 4,8 km.",61100000,61000000,100000,,2020-12-01,En service,"Mars 2022_x000D_
La mise en service complète de l’infrastructure a été autorisée au cours de l’année financière 2021-2022. Le projet sera retiré du Tableau de bord lors de la prochaine mise à jour annuelle._x000D_
Mars 2021_x000D_
La mise en service de l’infrastructure a été autorisée au cours de l’année financière 2020-2021._x000D_
Mars 2018_x000D_
Le projet a été autorisé à l’étape « En réalisation ».",Ministre des Transports,Ministère des Transports,Ministère des Transports,Réseau routier,Économie et environnement,02 – Saguenay–Lac-Saint-Jean,Route 169,Alma,Construction
148,Route Billy-Diamond (Route de la Baie-James) (phase I) – Nord-du-Québec – Réfection,"Le projet a pour but d’améliorer la sécurité des usagers et d’assurer la pérennité de la route Billy-Diamond. Il consiste principalement à :_x000D_
• Mettre en place une signalisation et des glissières de sécurité conformes aux normes en vigueur afin de favoriser une meilleure visibilité en réduisant la densité de la végétation le long de la route;_x000D_
• Améliorer la surface de roulement pour assurer une conduite plus stable et réduire les risques d’effondrement des ponceaux déficients;_x000D_
• Rehausser la qualité de l’infrastructure routière pour en prolonger la durée de vie;_x000D_
• Remplacer des équipements sur les ponts afin d’assurer une meilleure pérennité des structures._x000D_
À terme, les travaux permettront la conservation des liens avec les autres routes de la région, notamment celles qui mènent aux différents sites d’activité économique (centrales hydroélectriques, sites miniers et autres) ainsi qu’aux diverses localités. Grâce à ces travaux, le lien intermodal sera également maintenu, de même que le transport des marchandises dans le Grand Nord ainsi que le seul lien routier qui mène à la baie James._x000D_
En vue du respect des nouvelles normes environnementales en vigueur, des ouvrages hydrauliques intermédiaires devront être effectués sur 18 sites de ponceaux multiples qui abritent 51 ponceaux complexes, ce qui a conduit à une hausse de coûts et un report de la fin de la mise en service.",333900000,222700000,111200000,,2026-11-01,En réalisation,"Juin 2020_x000D_
Une hausse de 69,2 M$ au coût du projet a été autorisée. Prévu à 264,7 M$, le coût est maintenant de 333,9 M$. Ainsi, la contribution du Québec passe de 153,5 M$ à 222,7 M$ et celle des partenaires demeure à 111,2 M$._x000D_
De plus, la modification de la date de la mise en service a été autorisée. Initialement prévue en novembre 2021, elle est reportée à novembre 2026._x000D_
Février 2020_x000D_
Suivant la confirmation d’une participation financière fédérale au projet, une modification à la stratégie de financement a été autorisée. Ainsi, la contribution du Québec passe de 156,4 M$ à 153,5 M$, et celle des partenaires, de 108,3 M$ à 111,2 M$._x000D_
Août 2018_x000D_
Un baisse de 0,3 M$ au coût du projet ainsi que la modification à la stratégie de financement ont été autorisées. Le coût initial de 265,0 M$ est maintenant de 264,7 M$. Ainsi, la contribution du Québec passe de 165,0 M$ à 156,4 M$ et celle des partenaires de 100,0 M$ à 108,3 M$.",Ministre de l’Énergie et des Ressources naturelles,Société de développement de la Baie James,Société de développement de la Baie James,Développement du territoire nordique,Économie et environnement,10 – Nord-du-Québec,Route Billy-Diamond,Nord-du-Québec,Réfection
151,Hôpital de Lachine – Montréal – Agrandissement et réaménagement,"Le projet vise à moderniser les secteurs ambulatoires (consultation externe, médecine de jour, centre de prélèvements et endoscopie) et critiques (bloc opératoire, urgence et unités de soins intensifs) ainsi que l’hospitalisation (unités de soins médicaux, de chirurgie et de soins palliatifs)._x000D_
L’option immobilière proposée comporte principalement l’agrandissement de l’hôpital par la construction d’un pavillon et la rénovation ponctuelle de certains locaux du bâtiment existant.",223000000,220000000,3000000,2025-10-31,2027-02-28,En réalisation,"Mars 2022_x000D_
Une hausse de 128 M$ au coût du projet a été autorisée. Initialement prévu à 95,0 M$, le coût est maintenant de 223,0 M$. Ainsi, la contribution du Québec passe de 95,0 M$ à 220 M$ et une contribution de partenaires de 3,0 M$ est maintenant prévue. De plus, une modification quant à la mise en service a été autorisée. Alors qu’il était initialement prévu qu’elle se fasse de façon non progressive en avril 2023, la mise en service est reportée et sera progressive. Ainsi, les dates de début et de fin de la mise en service sont maintenant respectivement octobre 2025 et février 2027.",Ministre de la Santé et des Services sociaux,Centre universitaire de santé McGill,Société québécoise des infrastructures,Santé et Services sociaux,Santé et Services sociaux,06 – Montréal,Hôpital de Lachine,Montréal,Agrandissement et réaménagement
152,"Pont de Québec entre Québec et Lévis, tablier – Reconstruction",Le projet consiste au remplacement du tablier du pont. Ces travaux permettront de maintenir la pleine fonctionnalité de ce lien interrives emprunté par environ 30 000 véhicules quotidiennement.,,,,,,En planification,"Juin 2019_x000D_
Le projet a été autorisé à l’étape « En planification ».",Ministre des Transports,Ministère des Transports,Ministère des Transports,Réseau routier,Économie et environnement,03 – Capitale-Nationale; 12 – Chaudière-Appalaches,Pont de Québec,De Québec à Lévis,Reconstruction
155,Route 138 entre Kegaska et La Romaine – Construction,"La construction du prolongement de la route 138 vise à relier les communautés du Golfe-du-Saint-Laurent entre elles et avec le reste du Québec. Avec le désenclavement des communautés par voie routière, la population aura un meilleur accès aux services et aux commerces. Grâce à l’achèvement des 40 kilomètres de voie de circulation, entre Kegaska et La Romaine, celle-ci sera désormais reliée à l’ensemble du réseau routier québécois.",513600000,373600000,140000000,,2025-10-31,En réalisation,"Mars 2021_x000D_
Le projet a été autorisé à l’étape « En réalisation »._x000D_
Août 2018_x000D_
Le projet a été autorisé à l’étape « En planification ».",Ministre des Transports,Ministère des Transports,Ministère des Transports,Réseau routier,Économie et environnement,09 – Côte-Nord,Route 138,De Kegaska à La Romaine,Construction
156,Route 138 entre Tête-à-la-Baleine et La Tabatière – Construction,"La construction du prolongement de la route 138 vise à relier les communautés du Golfe-du-Saint-Laurent entre elles et avec le reste du Québec. Le projet consiste à poursuivre la construction du tronçon, déjà amorcée, entre Tête-à-la-Baleine et La Tabatière.
Avec le désenclavement des communautés par voie routière, la population aura un meilleur accès aux services et aux commerces. Grâce à la construction d’environ 30 kilomètres de voie de circulation et d’un pont au-dessus de la rivière du Gros Mécatina, la route 138 reliera les communautés de Tête-à-la-Baleine et de La Tabatière.",181900000,137100000,44800000,,2025-10-31,En réalisation,"Mars 2021_x000D_
Le projet a été autorisé à l’étape « En réalisation »._x000D_
Août 2018_x000D_
Le projet a été autorisé à l’étape « En planification ».",Ministre des Transports,Ministère des Transports,Ministère des Transports,Réseau routier,Économie et environnement,09 – Côte-Nord,Route 138,De Tête-à-la-Baleine à La Tabatière,Construction
157,Palais des congrès de Montréal – Bonification,"Le projet consiste à recouvrir partiellement l’autoroute Ville-Marie en vue d’un agrandissement du Palais des congrès de Montréal. Le projet vise à augmenter la création de richesse socio-économique pour le Québec et à redynamiser le tissu urbain d’un secteur important de la ville de Montréal. Il permettra d’augmenter la superficie d’exposition contiguë sur un même étage, qui passerait de 19 000 m² à 30 000 m². La superficie totale du bâtiment passerait ainsi d’un peu moins de 31 000 m² à un peu plus de 49 000 m². Avec cet agrandissement, l’établissement se hissera du troisième au premier rang canadien en espace contigu pour la tenue d’événements, ce qui permettra à la Société du Palais des congrès de Montréal de demeurer compétitive et de continuer sa croissance dans un marché hautement concurrentiel.",,,,,,À l’étude,"Mars 2015_x000D_
Le projet a été autorisé à l’étape « À l’étude ».",Ministre du Tourisme,Société du Palais des congrès de Montréal,Société québécoise des infrastructures,Tourisme et activités récréatives,Économie et environnement,06 – Montréal,Palais des congrès de Montréal,Montréal,Bonification
162,Pont de l’Île-aux-Tourtes entre Vaudreuil-Dorion et Senneville – Maintien,"Construit en 1965, le pont de l’Île-aux-Tourtes permet de faire le lien, dans l’axe de l’autoroute Félix-Leclerc (autoroute 40), entre l’île de Montréal et la ville de Vaudreuil-Dorion en franchissant le lac des Deux-Montagnes. Le pont requiert une intervention majeure. Les travaux visent à maintenir l’infrastructure en service et sécuritaire jusqu’à la réalisation du projet majeur.",376700000,376700000,0,,,En réalisation,"Mars 2022_x000D_
Une hausse de 94,0 M$ au coût du projet a été autorisée. Prévu à 282,7 M$, le coût est maintenant de 376,7 M$._x000D_
Mars 2021_x000D_
Une hausse de 18,5 M$ au coût du projet a été autorisée. Prévu à 264,2 M$, le coût est maintenant de 282,7 M$. _x000D_
Mars 2020_x000D_
Une hausse de 129,9 M$ au coût du projet a été autorisée. Initialement prévu à 134,3 M$, le coût est maintenant de 264,2 M$.",Ministre des Transports,Ministère des Transports,Ministère des Transports,Réseau routier,Économie et environnement,06 – Montréal; 16 – Montérégie,Pont de l’Île-aux-Tourtes,De Vaudreuil-Dorion à Montréal,Maintien
164,Oratoire Saint-Joseph – Montréal – Construction et réaménagement,"Le projet consiste en la construction d’un pavillon d’accueil, la restauration du carillon et l’aménagement de la Place de la Sainte-Famille, la reconfiguration du jardin monumental et la remise en lumière du site ainsi qu’en la rénovation du musée et l’aménagement d’un centre d’interprétation dans l’entre-dôme de la basilique. _x000D_
Le projet vise à rendre les structures d’accueil et de services aux visiteurs de l’Oratoire Saint-Joseph du Mont-Royal plus fonctionnels et plus sécuritaires, tout en lui permettant de développer son plein potentiel touristique. _x000D_
Le projet est un des legs du gouvernement du Québec pour le 375e anniversaire de la Ville de Montréal.",79200000,30800000,48400000,2023-06-01,2025-02-20,En réalisation,"Mars 2022_x000D_
La modification des dates de début et de fin de la mise en service a été autorisée. Elles étaient respectivement prévues en décembre 2021 et en décembre 2022. Elles sont reportées en juin 2023 et en février 2025._x000D_
Mars 2021_x000D_
La modification de la date de début de la mise en service a été autorisée. Initialement prévue en décembre 2020, elle est reportée à décembre 2021.",Ministre des Affaires municipales et de l’Habitation,Oratoire Saint-Joseph du Mont-Royal,Oratoire Saint-Joseph du Mont-Royal,Municipalités,Économie et environnement,06 – Montréal,Oratoire Saint-Joseph,Montréal,Construction et réaménagement
165,Promenade Samuel-De Champlain (phase III) – Québec – Construction,"Le projet consiste au prolongement, sur une distance d’environ 2,5 km, de la promenade Samuel-De Champlain, soit de la côte de Sillery jusqu’à la côte Gilmour. Il inclut notamment le réaménagement complet du boulevard Champlain, le déplacement du corridor ferroviaire en bordure de la falaise, ainsi que la démolition puis la reconstruction d’un pont d’étagement. La station de la Plage sera au cœur du projet et comprendra une plage, un bassin de baignade et un miroir d’eau.",193300000,179500000,13800000,2022-12-01,2023-06-01,En réalisation,"Mai 2021_x000D_
Une modification à la stratégie de financement a été autorisée. Ainsi, la contribution du Québec passe de 181,7 M$ à 179,5 M$, et celle des partenaires, de 11,6 M$ à 13,8 M$. Le coût approuvé du projet demeure le même à 193,3 M$._x000D_
Avril 2020_x000D_
Une hausse de 22,2 M$ au coût du projet a été autorisée. Initialement prévu à 171,1 M$, le coût est maintenant de 193,3 M$. Ainsi, la contribution du Québec passe de 159,5 M$ à 181,7 M$ et celle des partenaires demeure à 11,6 M$._x000D_
De plus, la modification pour une mise en service progressive a été autorisée. Ainsi, la date de début de la mise en service est décembre 2022 et la date de mise en service complète est juin 2023._x000D_
Juillet 2018_x000D_
La Commission de la capitale nationale du Québec a mandaté la Société québécoise des infrastructures à titre de gestionnaire de projet.",Ministre responsable de la région de la Capitale-Nationale,Commission de la capitale nationale du Québec,Société québécoise des infrastructures,Tourisme et activités récréatives,Économie et environnement,03 – Capitale-Nationale,Promenade Samuel-De Champlain,Québec,Construction
166,Pont de la route 138 au-dessus de la rivière Batiscan – Batiscan – Reconstruction,"Construit en 1921, le pont de la route 138 au-dessus de la rivière Batiscan, à Batiscan, a atteint sa durée de vie utile. Le projet consiste en la reconstruction complète de la structure.",,,,,,En planification,"Mars 2018_x000D_
Le projet a été autorisé à l’étape « En planification ».",Ministre des Transports,Ministère des Transports,Ministère des Transports,Réseau routier,Économie et environnement,04 – Mauricie,Pont de la route 138,Batiscan,Reconstruction
168,"Pont Pierre-Laporte entre Québec et Lévis – _x000D_
Réfection","Le projet vise à remettre à niveau le revêtement de protection des éléments en acier du tablier et ainsi assurer la pérennité du pont, construit en 1970. Le pont Pierre-Laporte est situé dans un secteur névralgique de la Capitale-Nationale.",98200000,98200000,0,,2024-03-31,En réalisation,"Mars 2022_x000D_
Une baisse de 1,3 M$ au coût du projet a été autorisée. Prévu à 99,5 M$, le coût est maintenant de 98,2 M$._x000D_
Mars 2021_x000D_
Une hausse de 20,5 M$ au coût du projet a été autorisée. Initialement prévu à 79,0 M$, le coût est maintenant de 99,5 M$._x000D_
Mars 2020_x000D_
Le projet a été autorisé à l’étape « En réalisation ».",Ministre des Transports,Ministère des Transports,Ministère des Transports,Réseau routier,Économie et environnement,03 – Capitale-Nationale; 12 – Chaudière-Appalaches,Pont Pierre-Laporte ,De Québec à Lévis,Réfection
169,"Pont Laviolette entre Trois-Rivières et Bécancour, dalle – Réfection",Le projet consiste au remplacement de la dalle de la partie centrale du pont Laviolette par des éléments préfabriqués. Ces travaux permettront de maintenir la pleine fonctionnalité du pont qui enjambe le fleuve Saint-Laurent à la hauteur des villes de Trois-Rivières et de Bécancour.,261100000,261100000,0,,2025-08-31,En réalisation,"Décembre 2021_x000D_
Le projet a été autorisé à l’étape « En réalisation »._x000D_
Mars 2019_x000D_
Le projet a été autorisé à l’étape « En planification ».",Ministre des Transports,Ministère des Transports,Ministère des Transports,Réseau routier,Économie et environnement,04 – Mauricie; 17 – Centre-du-Québec,Pont Laviolette,De Trois-Rivières à Bécancour,Réfection
170,Complexe scientifique de l’Institut nordique du Québec – Québec – Construction,"Le projet consiste en la construction de quatre composantes, dont un pavillon principal de recherche sur le campus de l’Université Laval, d’une superficie approximative de 9 705 m². Ce bâtiment constituera un carrefour pour plusieurs centres québécois d’excellence nordique. Il hébergera différentes équipes permanentes de recherche rassemblant ainsi une grande variété de disciplines scientifiques incluant les sciences naturelles, de la santé et du génie ainsi que les sciences sociales et humaines.
Le complexe comprendra des installations spécialisées, telles que des laboratoires, des entrepôts et des ateliers d’innovation technologique et de préparation des missions nordiques en milieux terrestres et marins.",,,,,,En planification,"Décembre 2016_x000D_
Le projet a été autorisé à l’étape « En planification ».",Ministre de l’Énergie et des Ressources naturelles; Ministre de l’Enseignement supérieur,Université Laval,Université Laval en association avec la Société québécoise des infrastructures,Développement du territoire nordique,Économie et environnement,03 – Capitale-Nationale; 06 – Montréal; 10 – Nord-du-Québec,Complexe scientifique de l’Institut nordique du Québec,Québec,Construction
171,"Métro de Montréal, programme Réno-Systèmes (phase V) – Maintien et bonification","Le programme Réno-Systèmes vise le remplacement, la construction ou la remise à neuf d’équipements fixes directement liés à l’exploitation. Les catégories concernées sont les installations motorisées (ventilation, ascenseurs), les équipements de voie, l’équipement d’énergie d’exploitation et de contrôle des trains ainsi que les systèmes de télécommunication et de contrôle des procédés d’exploitation.",805400000,562200000,243200000,,2026-12-31,En réalisation,"Mars 2022_x000D_
Le projet a été autorisé à l’étape « En réalisation »._x000D_
Mars 2018_x000D_
Le projet a été autorisé à l’étape « En planification ».",Ministre des Transports,Société de transport de Montréal,Société de transport de Montréal,Transport collectif,Économie et environnement,06 – Montréal,Métro de Montréal,Montréal,Maintien et bonification
172,"Métro de Montréal, programme Réno-Systèmes (phase IV) – Maintien et bonification","Le programme Réno-Systèmes vise le remplacement, la construction ou la remise à neuf d’équipements fixes directement liés à l’exploitation du métro. Les catégories concernées sont les installations motorisées (ventilation et ascenseurs), les équipements de voie, l’équipement d’énergie d’exploitation et de contrôle des trains ainsi que les systèmes de télécommunication et de contrôle des procédés d’exploitation.",582500000,391800000,190700000,2016-02-01,2025-06-01,En service,"Mars 2022_x000D_
Une hausse de 12,5 M$ au coût du projet a été autorisée. Initialement prévu à 570,0 M$, le coût est maintenant de 582,5 M$. Ainsi, la contribution du Québec passe de 394,1 M$ à 391,8 M$ et celle des partenaires, de 175,9 M$ à 190,7 M$. De plus, la modification des dates de début et de fin de la mise en service a été autorisée. Elles étaient respectivement prévues en février 2018 et en octobre 2024. La date de début a été devancée en février 2016 et la date de la mise en service complète est reportée en juin 2025._x000D_
Mars 2021_x000D_
La mise en service partielle de l’infrastructure a été effectuée en février 2018._x000D_
Mars 2020_x000D_
La modification de la date de la mise en service complète a été autorisée. Initialement prévue en décembre 2022, elle est reportée à octobre 2024.",Ministre des Transports,Société de transport de Montréal,Société de transport de Montréal,Transport collectif,Économie et environnement,06 – Montréal,Métro de Montréal,Montréal,Maintien et bonification
173,"Métro de Montréal, programme Réno-Infrastructures (phase III) – Maintien et bonification","Le programme Réno-Infrastructures concerne le remplacement ou la réfection d’infrastructures du métro en fin de vie utile. Ce programme vise à maintenir la fiabilité, l’état, la disponibilité et la sécurité du réseau du métro tout en réduisant le déficit de maintien d’actifs.",504000000,362100000,141900000,,2026-03-31,En réalisation,"Mars 2022_x000D_
Le projet a été autorisé à l’étape « En réalisation »._x000D_
Mars 2018_x000D_
Le projet a été autorisé à l’étape « En planification ».",Ministre des Transports,Société de transport de Montréal,Société de transport de Montréal,Transport collectif,Économie et environnement,06 – Montréal,Métro de Montréal,Montréal,Maintien et bonification
174,"Métro de Montréal, programme Réno-Infrastructures (phase II) – Maintien et bonification","Le programme Réno-Infrastructures concerne le remplacement ou la réfection d’infrastructures du métro en fin de vie utile. Ce programme vise à maintenir la fiabilité, l’état, la disponibilité et la sécurité du réseau du métro tout en réduisant le déficit de maintien d’actifs.",303300000,211100000,92200000,2017-11-01,2023-12-31,En service,"Mars 2022_x000D_
Une hausse de 3,3 M$ au coût du projet a été autorisée. Initialement prévu à 300,0 M$, le coût est maintenant de 303,3 M$. Ainsi, la contribution du Québec passe de 211,8 M$ à 211,1 M$ et celle des partenaires, de 88,2 M$ à 92,2 M$._x000D_
Mars 2021_x000D_
La mise en service partielle de l’infrastructure remonte à novembre 2017._x000D_
Mars 2018_x000D_
Le projet a été autorisé à l’étape « En réalisation ».",Ministre des Transports,Société de transport de Montréal,Société de transport de Montréal,Transport collectif,Économie et environnement,06 – Montréal,Métro de Montréal,Montréal,Maintien et bonification
175,Garage Côte-Vertu de la STM – Montréal – Construction,"Le projet consiste en la construction d’un garage souterrain et d’un tunnel de raccordement à l’arrière-gare de la station Côte-Vertu, ce qui permettra l’hébergement de dix trains supplémentaires, sur le réseau du métro, et l’amélioration de l’exploitation de la ligne orange.",521100000,327300000,193800000,,2022-03-01,En service,"Mars 2022_x000D_
La mise en service complète de l’infrastructure a été autorisée au cours de l’année financière 2021-2022._x000D_
Septembre 2020_x000D_
Une hausse de 81,8 M$ au coût du projet a été autorisée. Initialement prévu à 439,3 M$, le coût est maintenant de 521,1 M$. Ainsi, la contribution du Québec passe de 260,7 M$ à 327,3 M$, et celle des partenaires, de 178,6 M$ à 193,8 M$._x000D_
De plus, la modification de la date de la mise en service a été autorisée. Initialement prévue en septembre 2020, elle est reportée à mars 2022._x000D_
Mars 2019_x000D_
Une modification à la stratégie de financement a été autorisée. Ainsi, la contribution du Québec passe de 267,4 M$ à 260,7 M$, et celle des partenaires, de 171,9 M$ à 178,6 M$.",Ministre des Transports,Société de transport de Montréal,Société de transport de Montréal,Transport collectif,Économie et environnement,06 – Montréal,Garage Côte-Vertu de la STM,Montréal,Construction
176,"Métro de Montréal, voitures de métro MR-73 (phase I) – Maintien et bonification",Le projet consiste à prolonger la vie utile des voitures de métro MR-73 jusqu’à 60 ans tout en assurant la fiabilité et la disponibilité des équipements. La phase II de ce projet correspond au projet 909 du Tableau de bord.,62400000,44700000,17700000,2013-09-01,2022-12-01,En service,"Mars 2022_x000D_
Une baisse de 6,6 M$ au coût du projet a été autorisée. Prévu à 69 M$, le coût est maintenant de 62,4 M$. Ainsi, la contribution du Québec passe de 50,2 M$ à 44,7 M$ et celle des partenaires, de 18,8 M$ à 17,7 M$._x000D_
Mars 2020_x000D_
La modification de la date de la mise en service complète a été autorisée. Initialement prévue en décembre 2020, elle est reportée à décembre 2022. La mise en service partielle de l’infrastructure a été autorisée au cours de l’année financière 2013-2014._x000D_
Mars 2019_x000D_
Une modification à la stratégie de financement a été autorisée. Ainsi, la contribution du Québec passe de 48,5 M$ à 50,2 M$ et celle des partenaires de 20,5 M$ à 18,8 M$.",Ministre des Transports,Société de transport de Montréal,Société de transport de Montréal,Transport collectif,Économie et environnement,06 – Montréal,Métro de Montréal,Montréal,Maintien et bonification
177,"Hôpital de Rouyn-Noranda, radiothérapie – Agrandissement","Le projet consistait à déployer un centre intégré de cancérologie au pavillon Lemay-Juteau de l’hôpital de Rouyn-Noranda. Ce centre a une superficie brute totale d’environ 3 400 m²._x000D_
Il comprend, entre autres, un accélérateur linéaire, deux voûtes, un tomodensitomètre ainsi que tous les services reliés au traitement du cancer.",49900000,49900000,0,2021-06-30,2022-02-28,En service,"Mars 2022_x000D_
La mise en service complète de l’infrastructure a été autorisée au cours de l’année financière 2021-2022. Le projet sera retiré du Tableau de bord lors de la prochaine mise à jour annuelle._x000D_
Mars 2021_x000D_
La modification des dates de début et de fin de la mise en service a été autorisée. Respectivement prévues en avril 2021 et juin 2021, elles sont maintenant prévues en juin 2021 et février 2022._x000D_
Mars 2020_x000D_
Le projet a été autorisé à l’étape « En réalisation ».",Ministre de la Santé et des Services sociaux,Centre intégré de santé et de services sociaux de l’Abitibi-Témiscamingue,Société québécoise des infrastructures,Santé et Services sociaux,Santé et Services sociaux,08 – Abitibi-Témiscamingue,Hôpital de Rouyn-Noranda,Rouyn-Noranda,Agrandissement
178,Échangeur de l’autoroute 20 et de la route 171 – Lévis – Réaménagement,"Le projet de réaménagement de l’échangeur 305 (route 171 – route Lagueux) de l’autoroute 20, à Lévis, consistait essentiellement en l’élargissement de la route 171 (route Lagueux) sur environ 1,5 km. Il incluait également la reconstruction de structures, le réaménagement de bretelles et l’élargissement du chemin Olivier. Le projet a permis d’améliorer la sécurité des usagers et la fluidité de la circulation.",48000000,48000000,0,2019-12-01,2020-09-01,En service,"Mars 2022_x000D_
Une baisse de 1,1 M$ au coût du projet a été autorisée. Initialement prévu à 49,1 M$, le coût est maintenant de 48,0 M$. La mise en service complète de l’infrastructure a été autorisée au cours de l’année financière 2021-2022. Le projet sera retiré du Tableau de bord lors de la prochaine mise à jour annuelle._x000D_
Mars 2021_x000D_
La mise en service de l’infrastructure a été autorisée au cours de l’année financière 2020-2021._x000D_
Mars 2018_x000D_
Le projet a été autorisé à l’étape « En réalisation ».",Ministre des Transports,Ministère des Transports,Ministère des Transports,Réseau routier,Économie et environnement,12 – Chaudière-Appalaches,Échangeur de l’autoroute 20 et de la route 171,Lévis,Réaménagement
179,Échangeur de l’autoroute 20 et de la route 173 – Lévis – Réfection et réaménagement,Le projet vise la reconfiguration de l’échangeur de l’autoroute 20 et de la route 173 afin d’augmenter sa capacité et d’éliminer les files d’attente sur l’autoroute 20. Les interventions ont comme objectif l’amélioration de la fluidité et de la sécurité dans le secteur.,,,,,,En planification,"Mars 2020_x000D_
Le projet a été autorisé à l’étape « En planification ».",Ministre des Transports,Ministère des Transports,Ministère des Transports,Réseau routier,Économie et environnement,12 – Chaudière-Appalaches,Échangeur de l’autoroute 20 et de la route 173,Lévis,Réfection et réaménagement
181,Réseau structurant de transport en commun de la Ville de Québec – Construction,"Le projet de réseau structurant de transport en commun de la Ville de Québec vise à mettre en place un réseau qui favorisera une mobilité durable des citoyennes et des citoyens, qui encouragera le transfert modal, qui répondra à la demande à long terme et qui pourra s’insérer dans le milieu urbain.",,,,,,En planification,"Mars 2018_x000D_
Le projet a été autorisé à l’étape « En planification ».",Ministre des Transports,Ville de Québec,Ville de Québec,Transport collectif,Économie et environnement,03 – Capitale-Nationale,Réseau structurant de transport en commun,Québec,Construction
183,Complexe Crémazie de la STM – Montréal – Reconstruction,"Le projet vise la construction d’un édifice en remplacement du complexe Crémazie existant. Ce nouveau bâtiment comprend un atelier destiné principalement aux activités d’entretien mécanique majeur, de fabrication, de réusinage de pièces et de formation.",254500000,90500000,164000000,2019-04-30,2021-12-31,En service,"Mars 2022_x000D_
Une modification à la stratégie de financement a été autorisée. Ainsi, la contribution du Québec passe de 90,7 M$ à 90,5 M$ et celle des partenaires, de 163,8 M$ à 164,0 M$. Le coût approuvé du projet demeure le même à 254,5 M$._x000D_
Mars 2021_x000D_
Une baisse de 2,1 M$ au coût du projet a été autorisée. Initialement prévu à 256,6 M$, le coût est maintenant de 254,5 M$. Ainsi, la contribution du Québec passe de 91,3 M$ à 90,7 M$ et celle des partenaires, de 165,3 M$ à 163,8 M$. La modification de la date de la mise en service complète a été autorisée. Initialement prévue en décembre 2022, elle est devancée à décembre 2021._x000D_
Mars 2020_x000D_
La mise en service de l’infrastructure a été autorisée au cours de l’année financière 2019-2020._x000D_
Mars 2019_x000D_
Le projet a été autorisé à l’étape « En réalisation ».",Ministre des Transports,Société de transport de Montréal,Société de transport de Montréal,Transport collectif,Économie et environnement,06 – Montréal,Complexe Crémazie de la STM,Montréal,Reconstruction
184,Avenue Souligny entre les rues Dickson et Notre-Dame (port de Montréal) – Construction,"Le projet vise à raccorder l’extrémité ouest de l’avenue Souligny à un nouvel accès au port de Montréal, situé à proximité de la rue Notre-Dame, afin de faciliter le transport des marchandises en reliant plus directement le port au réseau routier supérieur (autoroute 25), pour ainsi diminuer le transit de camions sur la rue Notre-Dame. Il permettra également de désenclaver plusieurs terrains à vocation industrielle.",,,,,,En planification,"Mars 2015_x000D_
Le projet a été autorisé à l’étape « En planification ».",Ministre des Transports,Ministère des Transports,Ministère des Transports,Réseau routier,Économie et environnement,06 – Montréal,Avenue Souligny,Montréal,Construction
187,"Échangeur de l’autoroute 13 et de l’autoroute 40, diverses structures – Montréal – Réfection et reconstruction",Le projet visait à maintenir les infrastructures en bon état. Le projet a consisté en la reconstruction d’un pont d’étagement et au maintien d’actifs de structures à proximité de l’échangeur.,101300000,101300000,0,,2021-12-01,En service,"Mars 2022_x000D_
Une hausse de 11,9 M$ au coût du projet a été autorisée. Prévu à 89,4 M$, le coût est maintenant de 101,3 M$. La mise en service complète de l’infrastructure a été autorisée au cours de l’année financière 2021-2022. Le projet sera retiré du Tableau de bord lors de la prochaine mise à jour annuelle._x000D_
Mars 2021_x000D_
Une hausse de 2,7 M$ au coût du projet a été autorisée. Prévu à 86,7 M$, le coût est maintenant de 89,4 M$._x000D_
Mars 2020_x000D_
Une hausse de 19,4 M$ au coût du projet a été autorisée. Initialement prévu à 67,3 M$, le coût est maintenant de 86,7 M$. Ainsi, la contribution du Québec passe de 67,3 M$ à 86,7 M$.",Ministre des Transports,Ministère des Transports,Ministère des Transports,Réseau routier,Économie et environnement,06 – Montréal,Échangeur de l’autoroute 13 et de l’autoroute 40,Montréal,Réfection et reconstruction
189,Pont Vachon (autoroute 13) entre Laval et Boisbriand – Réfection,"Construit en 1972, le pont est en bon état, mais la dalle montre des signes de dégradation et une intervention devra être réalisée pour corriger la situation.",,,,,,En planification,"Mars 2018_x000D_
Le projet a été autorisé à l’étape « En planification ».",Ministre des Transports,Ministère des Transports,Ministère des Transports,Réseau routier,Économie et environnement,13 – Laval; 15 – Laurentides,Pont Vachon,De Laval à Boisbriand,Réfection
191,"Métro de Montréal, programme Accessibilité des stations (phase I) – Bonification","Le programme accessibilité des stations de métro permet d’accélérer le déploiement de l’accessibilité universelle du réseau du métro. _x000D_
 _x000D_
Ce programme vise à : _x000D_
• Améliorer les infrastructures physiques du métro_x000D_
• Faciliter les déplacements verticaux_x000D_
• Fidéliser davantage la clientèle_x000D_
• Améliorer le service à la clientèle",361800000,266100000,95700000,2019-11-01,2024-12-01,En service,"Mars 2022_x000D_
Une hausse de 2,7 M$ au coût du projet a été autorisée. Initialement prévu à 359,1 M$, le coût est maintenant de 361,8 M$. Ainsi, la contribution du Québec passe de 262,9 M$ à 266,1 M$ et celle des partenaires, de 96,2 M$ à 95,7 M$. De plus, la modification de la date de la mise en service complète a été autorisée. Initialement prévue en décembre 2023, elle est reportée à décembre 2024._x000D_
Mars 2021_x000D_
Une hausse de 80,1 M$ au coût du projet a été autorisée. Pévu à 279,0 M$, le coût est maintenant de 359,1 M$. Ainsi, la contribution du Québec passe de 205,0 M$ à 262,9 M$ et celle des partenaires, de 74,0 M$ à 96,2 M$._x000D_
Mars 2020_x000D_
Une hausse de 69,3 M$ au coût du projet a été autorisée. Initialement prévu à 209,7 M$, le coût est maintenant de 279,0 M$. Ainsi, la contribution du Québec passe de 153,0 M$ à 205,0 et celle des partenaires de 56,7 M $ à 74,0 M$._x000D_
De plus, la modification des dates de début et de fin de la mise en service a été autorisée. Initialement prévue en juin 2019, la date du début de la mise en service est reportée à novembre 2019 et la date de mise en service complète, initialement prévue en décembre 2022, est reportée à décembre 2023. De ce fait, la mise en service partielle de l’infrastructure a été autorisée au cours de l’année financière 2019-2020.",Ministre des Transports,Société de transport de Montréal,Société de transport de Montréal,Transport collectif,Économie et environnement,06 – Montréal,Métro de Montréal,Montréal,Bonification
192,Projet structurant de transport collectif électrique entre l’ouest de Gatineau et le centre-ville d’Ottawa – Bonification,"Le projet vise à mettre en place un service de transport collectif électrique structurant dans le secteur ouest de la ville de Gatineau. Il favorisera la mobilité durable ainsi qu’un arrimage optimal des réseaux de transport collectif de la région métropolitaine Gatineau–Ottawa. Le projet permettra de répondre aux besoins présents et futurs des citoyens, tout en offrant un service fiable, performant et concurrentiel.",,,,,,À l’étude,"Mars 2018_x000D_
Le projet a été autorisé à l’étape « À l’étude ».",Ministre des Transports,Société de transport de l’Outaouais,Société de transport de l’Outaouais,Transport collectif,Économie et environnement,07 – Outaouais,Réseau structurant de transport collectif électrique,Gatineau,Bonification
193,Tunnel Dorval (autoroute 13) entre Montréal et Dorval – Réfection,"Le projet consiste notamment à l’enlèvement d’une partie des paralumes, à la modification de l’éclairage aux entrée et sortie du tunnel et au recouvrement d’une section de l’autoroute.",75500000,75500000,0,2021-10-31,2024-12-31,En service,"Mars 2022_x000D_
La mise en service partielle de l’infrastructure a été autorisée au cours de l’année financière 2021-2022._x000D_
Mars 2018_x000D_
Le projet a été autorisé à l’étape « En planification ».",Ministre des Transports,Ministère des Transports,Ministère des Transports,Réseau routier,Économie et environnement,06 – Montréal,Tunnel Dorval,De Montréal à Dorval,Réfection
195,"Route 138, diverses sections entre Baie-Comeau et Port-Cartier – Reconstruction","La route 138 entre Baie-Comeau et Port-Cartier présente une géométrie particulière propre aux routes côtières. Afin d’améliorer la sécurité et la fluidité de la circulation, plusieurs interventions ont été réalisées dans le secteur, dont l’ajout de voies auxiliaires de dépassement, la correction de courbes et la reconstruction de segments de la route.",29200000,29200000,0,,2022-03-01,En service,"Mars 2022_x000D_
Une baisse de 1,1 M$ au coût du projet a été autorisée. Prévu à 30,3 M$, le coût est maintenant de 29,2 M$. La mise en service complète de l’infrastructure a été autorisée au cours de l’année financière 2021-2022. Le projet sera retiré du Tableau de bord lors de la prochaine mise à jour annuelle._x000D_
Mars 2020_x000D_
Une baisse de 23,7 M$ au coût du projet a été autorisée. Initialement prévu à 54,0 M$, le coût est maintenant de 30,3 M$._x000D_
Mars 2019_x000D_
Le projet a été autorisé à l’étape « En réalisation ».",Ministre des Transports,Ministère des Transports,Ministère des Transports,Réseau routier,Économie et environnement,09 – Côte-Nord,Route 138,De Baie-Comeau à Port-Cartier,Reconstruction
196,Route 173 et route 277 – Saint-Henri – Réaménagement,"Le projet visait à renforcer la sécurité routière en plus d’améliorer la fluidité de la circulation de cet axe routier. Le projet consistait au réaménagement de l’axe routier 173/277 sur une longueur de 8,3 km et comporterait une section à 4 voies en milieu rural et une section à 2 voies incluant une voie de virage à gauche en milieu urbain.",95300000,95300000,0,,2021-11-30,En service,"Mars 2022_x000D_
Une hausse de 10,1 M$ au coût du projet a été autorisée. Initialement prévu à 85,2 M$, le coût est maintenant de 95,3 M$. La mise en service complète de l’infrastructure a été autorisée au cours de l’année financière 2021-2022. Le projet sera retiré du Tableau de bord lors de la prochaine mise à jour annuelle._x000D_
Mars 2020_x000D_
La modification de la date de la mise en service a été autorisée. Initialement prévue en mars 2021, elle est reportée à novembre 2021._x000D_
Mars 2019_x000D_
Le projet a été autorisé à l’étape « En réalisation ».",Ministre des Transports,Ministère des Transports,Ministère des Transports,Réseau routier,Économie et environnement,12 – Chaudière-Appalaches,Routes 173 et 277,Saint-Henri,Réaménagement
197,Autoroute 20 entre Mont-Saint-Hilaire et Saint-Hyacinthe – Réfection,"Une intervention de réfection majeure en béton est nécessaire sur une portion de l’autoroute 20 entre Mont-Saint-Hilaire et Saint-Hyacinthe. La chaussée, construite entre 1962 et 1964, a atteint sa durée de vie utile. Le présent projet a pour but de rétablir l’état de la chaussée pour assurer la sécurité et le confort des usagers.",,,,,,En planification,"Mars 2018_x000D_
Le projet a été autorisé à l’étape « En planification ».",Ministre des Transports,Ministère des Transports,Ministère des Transports,Réseau routier,Économie et environnement,16 – Montérégie,Autoroute 20,Du Mont-Saint-Hilaire à Saint-Hyacinthe,Réfection
198,Pont Maurice-Martel (autoroute 30) – Sorel-Tracy – Réfection,Le projet prévoit les travaux de reconstruction de la dalle du pont Maurice-Martel à Sorel-Tracy. Ce pont a été construit à la fin des années 60. La dalle du pont approche sa fin de vie utile. Une analyse permettra de déterminer l’ensemble des interventions à entreprendre.,,,,,,En planification,"Mars 2018_x000D_
Le projet a été autorisé à l’étape « En planification ».",Ministre des Transports,Ministère des Transports,Ministère des Transports,Réseau routier,Économie et environnement,16 – Montérégie,Pont Maurice-Martel,Sorel-Tracy,Réfection
199,Autoroute 55 entre Bécancour et Sainte-Eulalie – Élargissement et réaménagement,Le projet vise le doublement des voies de l’autoroute 55 entre l’échangeur des Acadiens et l’autoroute 20. Il a pour objectif d’améliorer la sécurité routière et la fluidité de ce lien qui possède un débit journalier élevé.,,,,,,En planification,"Décembre 2020_x000D_
Le projet a été autorisé à l’étape « En planification ».",Ministre des Transports,Ministère des Transports,Ministère des Transports,Réseau routier,Économie et environnement,17 – Centre-du-Québec,Autoroute 55,De Bécancour à Sainte-Eulalie,Élargissement et réaménagement
200,Route 170 à Saint-Bruno et route 169 vers Alma – Construction,Le projet constitue la cinquième et dernière étape du grand projet de lien rapide entre Alma et La Baie. Le réaménagement de la route 170 à Saint-Bruno et de la route 169 vers Alma permet de compléter l’extrémité ouest de l’autoroute 70 en construction.,,,,,,En planification,"Décembre 2020_x000D_
Le projet a été autorisé à l’étape « En planification ».",Ministre des Transports,Ministère des Transports,Ministère des Transports,Réseau routier,Économie et environnement,02 – Saguenay–Lac-Saint-Jean,Routes 169 et 170,Saint-Bruno et Alma,Construction
201,"Université de Montréal, pavillons Roger-Gaudry et Marie-Victorin – Réaménagement","Le projet consiste à réaménager les espaces laissés vacants sur le site de la montagne suite au déménagement de plusieurs départements dans le nouveau complexe des sciences sur le campus MIL, sur le site de l’ancienne gare de triage d’Outremont. Les pavillons Roger-Gaudry et Marie-Victorin feront l’objet de travaux afin de les rendre fonctionnels et adaptés aux besoins des départements qui y seront transférés. Les travaux permettront aussi de réduire l’utilisation d’espaces locatifs.",,,,,,En planification,"Janvier 2019_x000D_
Le projet a été autorisé à l’étape « En planification ».",Ministre de l’Enseignement supérieur,Université de Montréal,Université de Montréal en association avec la Société québécoise des infrastructures,Enseignement supérieur,Éducation et culture,06 – Montréal,Université de Montréal,Montréal,Réaménagement
202,Autoroute 30 entre Brossard et Boucherville – Élargissement,"Le projet vise à améliorer la fonctionnalité et les conditions de circulation sur l’autoroute 30 entre les autoroutes 10, à Brossard, et 20, à Boucherville. Des interventions sont requises dans cet axe pour assurer la mobilité des personnes et des marchandises en lien avec le déploiement d’importants projets comme le Réseau express métropolitain ainsi que les pôles logistiques et les zones industrialo-portuaires découlant de la Stratégie maritime.",,,,,,En planification,"Décembre 2020_x000D_
Le projet a été autorisé à l’étape « En planification ».",Ministre des Transports,Ministère des Transports,Ministère des Transports,Réseau routier,Économie et environnement,16 – Montérégie,Autoroute 30 ,De Brossard à Boucherville,Élargissement
203,Place Charles-Le Moyne – Longueuil – Bonification,"Le projet vise à améliorer l’accès au secteur de la place Charles-Le Moyne, qui comprend notamment la station de métro Longueuil–Université-de-Sherbrooke, à diminuer la congestion routière et à faciliter l’accès au pont Jacques-Cartier.",,,,,,À l’étude,"Mars 2017_x000D_
Le projet a été autorisé à l’étape « À l’étude ».",Ministre des Transports,Ministère des Transports,Ministère des Transports,Réseau routier,Économie et environnement,16 – Montérégie,Place Charles-Le Moyne,Longueuil,Bonification
204,Voies réservées du Rapibus de la STO (phase III) – Gatineau – Prolongement,"Le projet consiste au prolongement du Rapibus (système rapide par bus en site propre), du boulevard Lorrain au boulevard de l’Aéroport. Le projet a pour objectif d’assurer une desserte en transport collectif fiable et performante entre le centre-ville et l’est de la ville.",,,,,,En planification,"Mars 2018_x000D_
Le projet a été autorisé à l’étape « En planification ».",Ministre des Transports,Société de transport de l’Outaouais,Société de transport de l’Outaouais,Transport collectif,Économie et environnement,07 – Outaouais,Voies réservées du Rapibus de la STO,Gatineau,Prolongement
205,"Hôtel-Dieu d’Arthabaska, urgence et bloc opératoire – Victoriaville – Agrandissement et réaménagement","Le projet consiste en un agrandissement de l’Hôtel-Dieu d’Arthabaska afin d’y relocaliser principalement les services de l’urgence, du bloc opératoire, de la chirurgie d’un jour, des soins intensifs et de l’unité de retraitement des dispositifs médicaux afin de résoudre les problèmes de vétusté fonctionnelle et de bonifier les infrastructures. Les espaces libérés permettront l’aménagement des cliniques externes et de certains services diagnostics.",,,,,,En planification,"Décembre 2019_x000D_
Le projet a été autorisé à l’étape « En planification ».",Ministre de la Santé et des Services sociaux,Centre intégré universitaire de santé et de services sociaux de la Mauricie-et-du-Centre-du-Québec,Société québécoise des infrastructures,Santé et Services sociaux,Santé et Services sociaux,17 – Centre-du-Québec,Hôtel-Dieu d’Arthabaska,Arthabaska,Agrandissement et réaménagement
206,Palais de justice de Roberval – Réfection et agrandissement,"Le projet comprend la rénovation et l’agrandissement du bâtiment actuel ainsi que la démolition de l’ancien établissement de détention. Cela permettra de faciliter l’accessibilité pour la population aux services judiciaires. _x000D_
Le projet vise à mettre aux normes le bâtiment et à ajouter des locaux grâce à un agrandissement. _x000D_
Les principaux occupants de l’édifice sont le ministère de la Justice, le ministère de la Sécurité publique et le Directeur des poursuites criminelles et pénales.",66200000,66200000,0,2022-06-01,2023-12-31,En réalisation,"Mars 2021_x000D_
La modification des dates de début et de fin de la mise en service a été autorisée.  Initialement, elles étaient respectivement prévues en novembre 2021 et en février 2023. Elles sont reportées en juin 2022 et en décembre 2023.",Ministre responsable de l’Administration gouvernementale,Ministère de la Justice,Société québécoise des infrastructures,Administration gouvernementale,Gouverne et justice,02 – Saguenay–Lac-Saint-Jean,Palais de justice de Roberval,Roberval,Réfection et agrandissement
207,Infrastructures portuaires – Traverse Sorel-Tracy–Saint-Ignace-de-Loyola – Maintien et bonification,"Les investissements prévus à ce projet majeur de modernisation permettront à la traverse Sorel-Tracy–Saint-Ignace-de-Loyola, qui connaît déjà une forte affluence, de s’inscrire davantage comme un axe de transport maritime structurant situé dans la proche banlieue métropolitaine._x000D_
Le projet vise entre autres à rénover les infrastructures portuaires existantes à Sorel-Tracy et à Saint-Ignace-de-Loyola._x000D_
Aussi, il est requis d’augmenter la capacité de la traverse afin de répondre à la demande actuelle et future.",,,,,,À l’étude,"Mars 2017_x000D_
Le projet a été autorisé à l’étape « À l’étude ».",Ministre des Transports,Société des traversiers du Québec,Société québécoise des infrastructures,"Transports maritime, aérien, ferroviaire et autres",Économie et environnement,14 – Lanaudière; 16 – Montérégie,Infrastructures portuaires,Sorel-Tracy et Saint-Ignace-de-Loyola,Maintien et bonification
208,Autoroute 50 entre L’Ange-Gardien et Mirabel – Élargissement et réaménagement,"Le projet vise à améliorer la fluidité et la sécurité de cet axe autoroutier sur l’ensemble du tronçon, entre L’Ange-Gardien et Mirabel. Ce projet de bonification comprend la séparation des chaussées, le doublement des voies, pour les sections à chaussée unique, ainsi que la construction d’une nouvelle chaussée au nord de la chaussée existante.",,,,,,En planification,"Décembre 2020_x000D_
Le projet a été autorisé à l’étape « En planification ».

_x000D_
Septembre 2019_x000D_
Le projet « Amélioration de l’autoroute 50 entre Gatineau et Mirabel » a été scindé en deux projets distincts. Ainsi, le présent projet renommé « 208 - Autoroute 50 entre L’Ange-Gardien et Mirabel – Bonification » demeure « À l’étude » et le projet « 319 - Autoroute 50 entre Gatineau et L’Ange-Gardien – Élargissement » est maintenant « En planification ».",Ministre des Transports,Ministère des Transports,Ministère des Transports,Réseau routier,Économie et environnement,07 – Outaouais; 15 – Laurentides,Autoroute 50,De L’Ange-Gardien à Mirabel,Élargissement et réaménagement
209,Tunnel entre Québec et Lévis – Construction,"Le projet du tunnel entre Québec et Lévis a pour objectif d’optimiser les déplacements entre les deux rives en réduisant la congestion aux heures de pointe, en maximisant le transport des marchandises et en favorisant l’utilisation du transport collectif.",,,,,,En planification,"Mars 2019_x000D_
Le projet a été autorisé à l’étape « En planification ».",Ministre des Transports,Ministère des Transports,Ministère des Transports,Réseau routier,Économie et environnement,03 – Capitale-Nationale; 12 – Chaudière-Appalaches,Tunnel,De Québec à Lévis,Construction
211,Autoroute de l’Aluminium (autoroute 70) entre le chemin de la Grande-Anse et l’arrondissement de La Baie – Construction,"Le projet concerne la phase II du parachèvement de l’autoroute de l’Aluminium (autoroute 70) entre les arrondissements de Chicoutimi et de La Baie, à Saguenay. Globalement, ces travaux s’intègrent au grand projet de lien routier entre Alma et l’arrondissement de La Baie, qui vise à assurer des déplacements plus efficaces et sécuritaires. La phase II concerne un tronçon d’environ 6,9 km entre le chemin de la Grande-Anse et l’arrondissement de La Baie.",307400000,307400000,0,,2028-10-01,En réalisation,"Mars 2022_x000D_
Le projet a été autorisé à l’étape « En réalisation »._x000D_
Juillet 2018_x000D_
Le projet a été autorisé à l’étape « En planification ».",Ministre des Transports,Ministère des Transports,Ministère des Transports,Réseau routier,Économie et environnement,02 – Saguenay–Lac-Saint-Jean,Autoroute de l’Aluminium (autoroute 70),De Grande-Anse à La Baie,Construction
216,Pont entre Tadoussac et Baie-Sainte-Catherine – Bonification,"La route 138 et la traverse de Tadoussac–Baie-Sainte-Catherine, exploitée par la Société des traversiers du Québec (STQ), constituent le principal lien de transport routier entre la région de la Côte-Nord et le reste du Québec. La création d’un lien routier continu qui permet d’enjamber la rivière Saguenay entre Baie-Sainte-Catherine et Tadoussac fait actuellement l’objet d’études.",,,,,,À l’étude,"Mars 2018_x000D_
Le projet a été autorisé à l’étape « À l’étude ».",Ministre des Transports,Ministère des Transports,Ministère des Transports,Réseau routier,Économie et environnement,03 – Capitale-Nationale; 09 – Côte-Nord,Pont entre Tadoussac et Baie-Sainte-Catherine,De Tadoussac à Baie-Sainte-Catherine,Bonification
217,"Autoroute 15, chaussée et voies réservées – Laval et Boisbriand – Réfection et aménagement ","Le projet a pour objectif d’améliorer la mobilité dans la grande région montréalaise. Il consiste à refaire la chaussée de la portion lavalloise de l’autoroute 15 et à mettre en place des voies réservées à Laval et sur la couronne nord pour améliorer la desserte en transport collectif. Le projet est arrimé à celui de la reconstruction du pont Gédéon-Ouimet, également situé dans l’axe de l’autoroute 15, entre Laval et Boisbriand.",,,,,,En planification,"Décembre 2020_x000D_
Le projet a été autorisé à l’étape « En planification ».",Ministre des Transports,Ministère des Transports,Ministère des Transports,Réseau routier,Économie et environnement,13 – Laval; 15 – Laurentides,Autoroute 15,De Laval à Boisbriand,Réfection et aménagement
218,Route 117 entre Labelle et Rivière-Rouge – Élargissement,"Le projet a pour objectif d’améliorer la fluidité et la sécurité de la route 117 dans les Laurentides, entre Labelle et Rivière-Rouge. Le projet vise l’élargissement à quatre voies de la route 117 actuelle. Cette route nationale relie plusieurs régions administratives québécoises et constitue un axe majeur vers le nord-ouest de la province.",222300000,222300000,0,2023-11-30,2027-11-30,En réalisation,"Mars 2022_x000D_
Le projet a été autorisé à l’étape « En réalisation »._x000D_
Décembre 2020_x000D_
Le projet a été autorisé à l’étape « En planification ».",Ministre des Transports,Ministère des Transports,Ministère des Transports,Réseau routier,Économie et environnement,15 – Laurentides,Route 117,De Labelle à Rivière-Rouge,Élargissement
220,"Métro de Montréal, programme Accessibilité des stations (phase II) – Bonification","Le programme accessibilité des stations de métro permet d’accélérer le déploiement de l’accessibilité universelle du réseau du métro. La phase II de ce programme prévoit rendre universellement accessible un minimum de 10 nouvelles stations d’ici 2026._x000D_
 _x000D_
Ce programme vise à : _x000D_
• Améliorer les infrastructures physiques du métro_x000D_
• Faciliter les déplacements verticaux_x000D_
• Fidéliser davantage la clientèle_x000D_
• Améliorer le service à la clientèle",316700000,173400000,143300000,2023-08-31,2027-11-30,En réalisation,"Mars 2022_x000D_
Le projet a été autorisé à l’étape « En réalisation »._x000D_
Mars 2018_x000D_
Le projet a été autorisé à l’étape « En planification ».",Ministre des Transports,Société de transport de Montréal,Société de transport de Montréal,Transport collectif,Économie et environnement,06 – Montréal,Métro de Montréal,Montréal,Bonification
221,Mesures prioritaires pour le transport collectif sur le boulevard Guillaume-Couture – Lévis – Aménagement,"Le projet vise l’implantation de mesures prioritaires pour le transport en commun sur le boulevard Guillaume-Couture, une artère importante de Lévis. Il a pour objectif de favoriser une mobilité durable et d’améliorer la fluidité de la circulation.",,,,,,En planification,"Mars 2018_x000D_
Le projet a été autorisé à l’étape « En planification ».",Ministre des Transports,Société de transport de Lévis,Société de transport de Lévis,Transport collectif,Économie et environnement,12 – Chaudière-Appalaches,Boulevard Guillaume-Couture,Lévis,Aménagement
224,Centre de transport Bellechasse de la STM – Montréal – Construction,"Le projet vise à construire un centre de transport qui remplacera l’actuel centre de transport Saint-Denis, qui est en fin de vie utile. Ce nouveau bâtiment permettra à la Société de transport de Montréal de mieux répondre à ses besoins opérationnels actuels et futurs, et ce, dans l’optique d’améliorer le service offert à sa clientèle.",370300000,263500000,106800000,,2023-01-31,En réalisation,"Mars 2022_x000D_
Une modification à la stratégie de financement a été autorisée. Ainsi, la contribution du Québec passe de 259,4 M$ à 263,5 M$ et celle des partenaires, de 110,9 M$ à 106,8 M$. Le coût approuvé du projet demeure le même à 370,3 M$. De plus, la modification de la date de la mise en service a été autorisée. Initialement prévue en janvier 2022, elle est reportée à janvier 2023._x000D_
Mars 2021_x000D_
Le projet a été autorisé à l’étape « En réalisation »._x000D_
Mars 2019_x000D_
Le projet a été autorisé à l’étape « En planification ».",Ministre des Transports,Société de transport de Montréal,Société de transport de Montréal,Transport collectif,Économie et environnement,06 – Montréal,Centre de transport Bellechasse de la STM,Montréal,Construction
225,Hôpital Royal Victoria – Montréal – Maintien,"Le projet consiste à analyser différents scénarios de mise en valeur et de requalification des bâtiments de l’ancien hôpital Royal Victoria, qui se trouve dans le site patrimonial du Mont-Royal. Le plan de rénovation doit notamment prévoir qu’une partie de l’espace sera utilisée pour combler les besoins de l’Université McGill, dont le campus est situé à proximité.",,,,,,À l’étude,"Mars 2014_x000D_
Le projet a été autorisé à l’étape « À l’étude ».",Ministre responsable de l’Administration gouvernementale,Société québécoise des infrastructures,Société québécoise des infrastructures,Administration gouvernementale,Gouverne et justice,06 – Montréal,Hôpital Royal Victoria,Montréal,Maintien
226,Garage de la STL (phase IV) – Laval – Construction,"Le projet consiste en la construction d’un garage conçu en fonction de l’introduction de différents types d’autobus ce qui en permettra l’entretien. La conception de la construction sera faite en fonction de l’occupation de toute la surface du terrain. Ainsi, les espaces de stationnement, de circulation, de ravitaillement, d’entreposage et d’entretien des autobus seront optimisés afin de ne pas affecter les futurs développements alors qu’à terme, le terrain sera utilisé à son plein potentiel.",247200000,142900000,104300000,,2025-07-31,En réalisation,"Mars 2022_x000D_
Le projet a été autorisé à l’étape « En réalisation »._x000D_
Mars 2019_x000D_
Le projet a été autorisé à l’étape « En planification ».",Ministre des Transports,Société de transport de Laval,Société de transport de Laval,Transport collectif,Économie et environnement,13 – Laval,Garage de la STL,Laval,Construction
227,Réseau ferroviaire de la Gaspésie entre Matapédia et Caplan – Réfection et reconstruction,"Le projet vise principalement à reconstruire les deux structures qui surplombent la rivière Cascapédia, afin de permettre le transport ferroviaire sans limites de charge.",54500000,54500000,0,,2020-12-30,En service,"Mars 2021_x000D_
La modification de la date de la mise en service complète a été autorisée. Initialement prévue en novembre 2021, elle a été devancée à décembre 2020. La mise en service complète de l’infrastructure a été autorisée au cours de l’année financière 2020-2021._x000D_
Mars 2019_x000D_
Le projet a été autorisé à l’étape « En réalisation ».",Ministre des Transports,Ministère des Transports,Ministère des Transports,"Transports maritime, aérien, ferroviaire et autres",Économie et environnement,11 – Gaspésie–Îles-de-la-Madeleine,Réseau ferroviaire de la Gaspésie,De Matapédia à Caplan,Réfection et reconstruction
228,Réseau ferroviaire de la Gaspésie entre Caplan et Port-Daniel–Gascons – Réfection et reconstruction,Le projet vise principalement à réhabiliter ou à reconstruire 13 infrastructures et aussi de répondre à des enjeux d’érosion afin de permettre la reprise du transport ferroviaire des marchandises et des personnes.,98900000,96900000,2000000,,2022-11-30,En réalisation,"Décembre 2019_x000D_
Le projet a été autorisé à l’étape « En réalisation ».",Ministre des Transports,Ministère des Transports,Ministère des Transports,"Transports maritime, aérien, ferroviaire et autres",Économie et environnement,11 – Gaspésie–Îles-de-la-Madeleine,Réseau ferroviaire de la Gaspésie,De Caplan à Port-Daniel–Gascons,Réfection et reconstruction
229,Réseau ferroviaire de la Gaspésie entre Port-Daniel–Gascons et Gaspé – Réfection et reconstruction,"Le projet vise principalement à réhabiliter ou à reconstruire 21 infrastructures et à réaliser des travaux sur deux sites avec des enjeux géotechniques, afin de permettre la reprise du transport ferroviaire des marchandises et des personnes.",,,,,,En planification,"Décembre 2019_x000D_
Le gouvernement a autorisé le projet à l’étape « En planification ».",Ministre des Transports,Ministère des Transports,Ministère des Transports,"Transports maritime, aérien, ferroviaire et autres",Économie et environnement,11 – Gaspésie–Îles-de-la-Madeleine,Réseau ferroviaire de la Gaspésie,De Port-Daniel–Gascons à Gaspé,Réfection et reconstruction
230,Hôtel-Dieu de Québec – Maintien,"En septembre 2013, le gouvernement du Québec a autorisé l’implantation d’un nouveau complexe hospitalier (NCH) sur le site de l’hôpital de l’Enfant-Jésus (HEJ) afin de solutionner les problématiques de vétusté des installations de L’Hôtel-Dieu de Québec. À la suite des mises en service successives des composantes du projet de NCH prévues à la fin 2020 jusqu’en 2026, toutes les activités cliniques actuellement situées sur le site de I’HDQ seront transférées vers le site de l’HEJ._x000D_
Le projet vise donc à déterminer la meilleure option immobilière pour les bâtiments libérés à savoir une réutilisation ou une disposition de ceux-ci. Le maintien d’un grand nombre de travailleurs dans le secteur du Vieux-Québec afin de conserver l’activité économique et sociale de cet arrondissement demeure une priorité du ministère.",,,,,,À l’étude,"Mai 2018_x000D_
Le projet a été autorisé à l’étape « À l’étude ».",Ministre de la Santé et des Services sociaux,Centre intégré universitaire de santé et de services sociaux de la Capitale-Nationale,Société québécoise des infrastructures,Santé et Services sociaux,Santé et Services sociaux,03 – Capitale-Nationale,Hôtel-Dieu de Québec,Québec,Maintien
232,"Hôpital de Chicoutimi, bloc opératoire – Saguenay – Agrandissement","Le projet consiste principalement à moderniser le bloc opératoire, la clinique de préadmission et l’unité de retraitement des dispositifs médicaux. Les agrandissements envisagés permettront aux cliniciens de travailler dans un environnement moderne, fonctionnel et adapté aux normes actuelles. Pour les patients de la région, le projet améliorera l’accessibilité à la chirurgie, tout en offrant un meilleur confort pré- et postopératoire. Il est prévu d’agrandir et de réaménager certains bâtiments existants, de démolir une aile, d’ériger un nouveau bâtiment de logistique ainsi que de construire un stationnement étagé.",,,,,,En planification,"Décembre 2021_x000D_
Le projet a été autorisé à l’étape « En planification ».",Ministre de la Santé et des Services sociaux,Centre intégré universitaire de santé et de services sociaux du Saguenay–Lac-Saint-Jean,Société québécoise des infrastructures,Santé et Services sociaux,Santé et Services sociaux,02 – Saguenay–Lac-Saint-Jean,Hôpital de Chicoutimi,Saguenay,Agrandissement
233,"Hôpital du Centre-de-la-Mauricie, urgence – Shawinigan – Maintien et bonification","Le projet consiste à réaliser des travaux majeurs d’immobilisation, soit l’agrandissement et le réaménagement de l’urgence, incluant l’ajout d’une unité de soins intensifs._x000D_
Le projet vise à optimiser le fonctionnement de l’urgence, à disposer de locaux conformes favorisant la sécurité des patients et du personnel ainsi que les bonnes pratiques en matière de prévention et de contrôle des infections nosocomiales.",,,,,,À l’étude,"Mars 2018_x000D_
Le projet a été autorisé à l’étape « À l’étude ».",Ministre de la Santé et des Services sociaux,Centre intégré universitaire de santé et de services sociaux de la Mauricie-et-du-Centre-du-Québec,Société québécoise des infrastructures,Santé et Services sociaux,Santé et Services sociaux,04 – Mauricie,Hôpital du Centre-de-la-Mauricie,Shawinigan,Maintien et bonification
234,"Hôpital Maisonneuve-Rosemont – Montréal – Construction, agrandissement et réaménagement","Le projet vise principalement la modernisation des installations de l’hôpital Maisonneuve-Rosemont qui connaît, dans plusieurs de ses bâtiments, des problèmes importants de vétusté fonctionnelle et physique._x000D_
Il vise aussi à augmenter la capacité d’accueil en fonction des besoins cliniques reconnus par le ministère de la Santé et des Services sociaux.",,,,,,En planification,"Août 2021_x000D_
Le projet a été autorisé à l’étape « En planification ».",Ministre de la Santé et des Services sociaux,Centre intégré universitaire de santé et de services sociaux de l’Est-de-l’Île-de-Montréal,Société québécoise des infrastructures,Santé et Services sociaux,Santé et Services sociaux,06 – Montréal,Hôpital Maisonneuve-Rosemont,Montréal,"Construction, agrandissement et réaménagement"
235,"Hôpital général du Lakeshore, urgence – Pointe-Claire – Maintien et bonification",Le projet vise la construction d’une nouvelle urgence sur le site actuel de l’hôpital du Lakeshore afin d’y déplacer les services d’urgence actuellement aménagés dans un bâtiment temporaire.,,,,,,À l’étude,"Mars 2018_x000D_
Le projet a été autorisé à l’étape « À l’étude ».",Ministre de la Santé et des Services sociaux,Centre intégré universitaire de santé et de services sociaux de l’Ouest-de-l’Île-de-Montréal,Société québécoise des infrastructures,Santé et Services sociaux,Santé et Services sociaux,06 – Montréal,Hôpital général du Lakeshore,Pointe-Claire,Maintien et bonification
236,Hôpital général juif (phase IV) – Montréal – Réaménagement,"Le projet vise le réaménagement des locaux existants de l’hôpital général juif, particulièrement ceux qui ont été laissés vacants dans les pavillons B, C, E et G à la suite du déménagement des activités dans le nouveau pavillon K. Il consiste en un maintien des infrastructures et ne prévoit aucun ajout.",,,,,,En planification,"Août 2020_x000D_
Le projet a été autorisé à l’étape « En planification »._x000D_
Juillet 2018_x000D_
Le Centre intégré universitaire de santé et de services sociaux du Centre-Ouest-de-l’Île-de-Montréal a été autorisé à demeurer gestionnaire de son projet, et ce, en association avec la Société québécoise des infrastructures.",Ministre de la Santé et des Services sociaux,Centre intégré universitaire de santé et de services sociaux du Centre-Ouest-de-l’Île-de-Montréal,Centre intégré universitaire de santé et de services sociaux du Centre-Ouest-de-l’Île-de-Montréal en association avec la Société québécoise des infrastructures,Santé et Services sociaux,Santé et Services sociaux,06 – Montréal,Hôpital général juif,Montréal,Réaménagement
237,"Centre hospitalier de St. Mary, unités de soins – Montréal – Reconstruction et réaménagement","Le projet du centre hospitalier de St. Mary a pour objectif de moderniser les unités de soins, plus précisément à augmenter la proportion de chambres individuelles. En effet, les unités de soins sont actuellement dotées de chambres à occupation double, triple, voire quadruple, pour l’unité de médecine interne._x000D_
Les travaux consisteront en la démolition et la reconstruction du pavillon E afin d’augmenter sa superficie. Un réaménagement mineur du pavillon A est prévu et constituera un espace de jonction entre la reconstruction et le pavillon principal.",,,,,,En planification,"Janvier 2022_x000D_
Le projet a été autorisé à l’étape « En planification »._x000D_
Novembre 2017_x000D_
Le projet a été autorisé à l’étape « À l’étude ».",Ministre de la Santé et des Services sociaux,Centre intégré universitaire de santé et de services sociaux de l’Ouest-de-l’Île-de-Montréal,Société québécoise des infrastructures,Santé et Services sociaux,Santé et Services sociaux,06 – Montréal,Centre hospitalier de St. Mary,Montréal, Reconstruction et réaménagement
238,Hôpital de la Cité-de-la-Santé – Laval – Maintien et bonification,"Le projet a pour objectif de moderniser plusieurs secteurs de l’hôpital de la Cité-de-la-santé de Laval, tels que les soins critiques, l’hospitalisation, la santé mentale, les services ambulatoires, les cliniques externes, la médecine de jour, l’unité mère-enfant ainsi que l’unité de pédiatrie.",,,,,,À l’étude,"Mars 2018_x000D_
Le projet a été autorisé à l’étape « À l’étude ».",Ministre de la Santé et des Services sociaux,Centre intégré de santé et de services sociaux de Laval,Société québécoise des infrastructures,Santé et Services sociaux,Santé et Services sociaux,13 – Laval,Hôpital de la Cité-de-la-santé,Laval,Maintien et bonification
239,"Hôpital Charles-Le Moyne, bloc opératoire et chirurgie d’un jour – Longueuil – Agrandissement et réaménagement","Le projet consiste en un agrandissement qui permettra d’accueillir une nouvelle unité de bloc opératoire de seize salles d’opération (huit salles de chirurgie générale, six salles de chirurgie spécialité, une salle hybride pour les chirurgies vasculaires et une salle pour les urgences) et un bloc de deux salles de chirurgie mineure. L’aménagement d’une nouvelle unité de retraitement des dispositifs médicaux et d’une nouvelle unité de soins intensifs est aussi prévu._x000D_


De plus, une unité d’intervention brève en santé mentale ainsi qu’une unité d’hospitalisation brève sont intégrées au projet. Celui-ci inclut aussi l’acquisition et l’aménagement d’un tomographe à émission de positrons, l’ajout d’un nouvel appareil d’IRM et la relocalisation de la médecine nucléaire. Un laboratoire associé sera également implanté dans cet hôpital. 

Le projet vise à résoudre des problèmes liés à l’exiguïté des locaux actuels et à leur vétusté importante.",,,,,,En planification,"Décembre 2020_x000D_
Le projet a été autorisé à l’étape « En planification ».",Ministre de la Santé et des Services sociaux,Centre intégré de santé et de services sociaux de la Montérégie-Centre,Société québécoise des infrastructures,Santé et Services sociaux,Santé et Services sociaux,16 – Montérégie,Hôpital Charles-Le Moyne,Longueuil,Agrandissement et réaménagement
240,"Hôpital Pierre-Boucher, urgence et unités de soins – Longueuil – Maintien et bonification","Ces travaux doteront l’hôpital d’une nouvelle urgence. Les soins en santé mentale seront réorganisés et bonifiés. On y trouvera, dans le même secteur, les consultations externes en psychiatrie, les lits d’intervention brève en psychiatrie et les lits en santé mentale. Par ailleurs, l’unité d’hospitalisation brève sera aménagée dans les locaux neufs. Les secteurs de pédiatrie et de périnatalité font également partie du projet._x000D_
L’ajout de lits d’hospitalisation est aussi nécessaire, compte tenu, entre autres, de l’accroissement constant de la population desservie par l’hôpital Pierre-Boucher.",,,,,,À l’étude,"Mars 2018_x000D_
Le projet a été autorisé à l’étape « À l’étude ».",Ministre de la Santé et des Services sociaux,Centre intégré de santé et de services sociaux de la Montérégie-Est,Société québécoise des infrastructures,Santé et Services sociaux,Santé et Services sociaux,16 – Montérégie,Hôpital Pierre-Boucher,Longueuil,Maintien et bonification
241,"Aquarium du Québec, pavillon des prédateurs – Québec – Bonification","Le projet vise à positionner l’Aquarium du Québec au rang de grands aquariums internationaux et de devenir un produit d’appel fort pour la grande région de Québec, la Sépaq construira un pavillon consacré à des espèces marines reconnues pour leur stratégie de prédation singulière. Ce pavillon deviendra la neuvième exposition permanente de l’aquarium et proposera aux visiteurs une douzaine de tableaux consacrés, entre autres, aux grands requins, piranhas, barracudas et alligators._x000D_
La construction de ce nouveau pavillon vise à soutenir et faire croître l’achalandage de l’établissement et s’inscrit dans la stratégie de mise en valeur du Saint-Laurent touristique du gouvernement du Québec. Elle permettra également, en appui au plan de développement de l’industrie touristique, de consolider la porte d’entrée de Québec.",,,,,,À l’étude,"Mars 2018_x000D_
Le projet a été autorisé à l’étape « À l’étude ».","Ministre des Forêts, de la Faune et des Parcs",Société des établissements de plein air du Québec,Société québécoise des infrastructures,Tourisme et activités récréatives,Économie et environnement,03 – Capitale-Nationale,Aquarium du Québec,Québec,Bonification
246,Édifice pour la Délégation générale du Québec à Paris – Réfection et réaménagement,"Le projet consiste à rénover et à réaménager l’immeuble actuel de la Délégation générale du Québec à Paris, situé au 66, rue Pergolèse._x000D_
Les travaux de rénovation et de mise aux normes du bâtiment, dans le respect du patrimoine architectural français, visent à pourvoir la Délégation générale de toutes les commodités requises pour la tenue d’activités de mise en valeur de l’image d’un Québec innovant, créatif et prospectif.",25300000,25300000,0,,2024-03-31,En réalisation,"Mars 2022_x000D_
Le projet a été autorisé à l’étape « En réalisation »._x000D_
Mars 2021_x000D_
Le projet a été autorisé à l’étape « En planification ».",Ministre des Relations internationales et de la Francophonie,Ministère des Relations internationales et de la Francophonie,Ministère des Relations internationales et de la Francophonie,Administration gouvernementale,Gouverne et justice,18 – Hors Québec,Édifice pour la Délégation générale du Québec,Paris,Réfection et réaménagement
247,"Hôtel-Dieu de Lévis, blocs endoscopique et opératoire et services logistiques – Agrandissement et réaménagement","Le projet vise à résoudre les problèmes de manque d’espace et de vétusté du bloc opératoire, de l’unité d’endoscopie et de l’unité de retraitement des dispositifs médicaux de l’Hôtel-Dieu de Lévis. _x000D_
L’agrandissement prévu consiste en : _x000D_
• Un nouveau pavillon clinique de quatre étages qui accueillera le bloc opératoire, l’unité d’endoscopie et l’unité de retraitement des dispositifs médicaux; _x000D_
• Un nouveau pôle logistique pour les services de réapprovisionnement, de réception décentralisée des échantillons, de gestion des déchets, de buanderie et de lingerie ainsi que pour la morgue.",,,,,,En planification,"Juin 2021_x000D_
Le projet a été autorisé à l’étape « En planification ».",Ministre de la Santé et des Services sociaux,Centre intégré de santé et de services sociaux de Chaudière-Appalaches,Société québécoise des infrastructures,Santé et Services sociaux,Santé et Services sociaux,12 – Chaudière-Appalaches,Hôtel-Dieu de Lévis,Lévis,Agrandissement et réaménagement
248,"École de technologie supérieure, complexe Dow – Montréal – Maintien","Le projet vise à répondre à l’accroissement de la clientèle qui fréquente l’École de technologie supérieure et à résorber son déficit d’espace à long terme, reconnu par le Ministère. Différentes options sont envisagées, notamment la démolition et la reconstruction du complexe Dow, dont l’École de technologie supérieure est propriétaire, afin de répondre à cet objectif.",,,,,,À l’étude,"Juin 2018_x000D_
Le projet a été autorisé à l’étape « À l’étude ».",Ministre de l’Enseignement supérieur,École de technologie supérieure,Société québécoise des infrastructures,Enseignement supérieur,Éducation et culture,06 – Montréal,École de technologie supérieure,Montréal,Maintien
249,"Hôpital général de Montréal, bloc opératoire et urgence – Maintien et bonification","Suite à la construction du centre universitaire de santé McGill, ses activités ont été regroupées sur deux sites : le campus hospitalier Glen et l’hôpital général de Montréal. Ainsi, la consolidation des activités de l’hôpital général nécessite des rénovations importantes de ce dernier afin de le rendre conforme aux normes actuelles. Le projet vise prioritairement à moderniser le bloc opératoire, l’unité de retraitement des dispositifs médicaux et l’urgence. Le projet devrait aussi permettre l’amélioration des services ambulatoires, des services généraux ainsi que des unités de soins qui sont dotés d’une grande proportion de chambres à occupation multiple.",,,,,,À l’étude,"Juillet 2018_x000D_
Le projet a été autorisé à l’étape « À l’étude ».",Ministre de la Santé et des Services sociaux,Centre universitaire de santé McGill,Société québécoise des infrastructures,Santé et Services sociaux,Santé et Services sociaux,06 – Montréal,Hôpital général de Montréal,Montréal,Maintien et bonification
250,"Hôpital régional de Saint-Jérôme, plateau technique chirurgical – Construction, agrandissement et réaménagement","Le projet vise la modernisation du plateau technique chirurgical de l’hôpital régional de Saint-Jérôme, à savoir notamment le bloc opératoire, l’unité des soins intensifs et l’unité de retraitement des dispositifs médicaux afin de garantir le maintien de la qualité et de la sécurité des services. _x000D_
La solution immobilière sera érigée sur le site actuel de l’hôpital.",,,,,,En planification,"Juillet 2021_x000D_
Le projet a été autorisé à l’étape « En planification »_x000D_
Juillet 2018_x000D_
Le projet a été autorisé à l’étape « À l’étude ».",Ministre de la Santé et des Services sociaux,Centre intégré de santé et de services sociaux des Laurentides,Société québécoise des infrastructures,Santé et Services sociaux,Santé et Services sociaux,15 – Laurentides,Hôpital de Saint-Jérôme,Saint-Jérôme,"Construction, agrandissement et réaménagement"
251,"Hôpital du Sacré-Cœur de Montréal, bloc opératoire et unités de soins (phase III) – Maintien et bonification","Le projet consiste en la troisième phase du plan directeur immobilier. Il vise la mise aux normes, tant fonctionnelle que technique, du corps principal de l’hôpital du Sacré-Cœur de Montréal, afin de répondre aux exigences en vigueur pour le bâtiment ainsi qu’en matière de prestation de soins et de services de santé. Il s’agit de corriger des problèmes du bloc opératoire, de la chirurgie d’un jour, des unités de soins de santé cardiovasculaire et de l’unité de retraitement des dispositifs médicaux.",,,,,,À l’étude,"Juillet 2018_x000D_
Le projet a été autorisé à l’étape « À l’étude ».",Ministre de la Santé et des Services sociaux,Centre intégré universitaire de santé et de services sociaux du Nord-de-l’Île-de-Montréal,Société québécoise des infrastructures,Santé et Services sociaux,Santé et Services sociaux,06 – Montréal,Hôpital du Sacré-Cœur de Montréal,Montréal,Maintien et bonification
253,École secondaire Louis-Philippe-Paré du centre de services scolaire des Grandes-Seigneuries – Châteauguay – Construction,"Le complexe Louis-Philippe-Paré regroupe actuellement l’école secondaire Louis-Philippe-Paré et le centre de formation professionnelle de Châteauguay._x000D_
La construction de l’école secondaire Louis-Philippe-Paré vise à remplacer l’école actuelle qui sera démolie en raison de problèmes de vétusté. Le nouveau bâtiment de 2 512 places-élèves, incluant 750 nouvelles places-élèves, répondra au manque d’espace observé._x000D_
Pour sa part, l’école de formation professionnelle de Châteauguay sera sous peu, elle aussi, déménagée dans un nouveau bâtiment à construire (voir projet 495).",371000000,364500000,6500000,,2024-09-30,En réalisation,"Mars 2022_x000D_
Une hausse de 27,4 M$ au coût du projet a été autorisée. Initialement prévu à 343,6 M$, le coût est maintenant de 371,0 M$. Ainsi, la contribution du Québec passe de 337,1 M$ à 364,5 M$ et celle des partenaires demeure à 6,5 M$._x000D_
Mars 2021_x000D_
Le projet a été autorisé à l’étape « En réalisation »._x000D_
Juillet 2020_x000D_
Le projet « Complexe Louis-Philippe-Paré du centre de services scolaire des Grandes-Seigneuries – Châteauguay – Agrandissement et réaménagement » a été scindé en deux projets distincts. Les nouveaux projets : « 253 - École secondaire Louis-Philippe-Paré du centre de services scolaire des Grandes-Seigneuries – Châteauguay – Construction » et  le « 495 - École de formation professionnelle de Châteauguay du centre de services scolaire des Grandes-Seigneuries – Construction » sont autorisés à l’étape « En planification »._x000D_
Décembre 2019_x000D_
Le projet a été autorisé à l’étape « En planification »._x000D_
Août 2018_x000D_
Le projet a été autorisé à l’étape « À l’étude ».",Ministre de l’Éducation,Centre de services scolaire des Grandes-Seigneuries,Société québécoise des infrastructures,Éducation,Éducation et culture,16 – Montérégie,École secondaire Louis-Philippe-Paré du centre de services scolaire des Grandes-Seigneuries,Châteauguay,Construction
254,École primaire du centre de services scolaire de Montréal (site du Grand-Séminaire) – Construction,"Le projet consiste en la construction d’une école primaire, à Montréal, sur le site du Grand-Séminaire, dans l’arrondissement Ville-Marie, soit sur le territoire du centre de services scolaire de Montréal. Afin de réduire le déficit d’espace reconnu par le Ministère, quatre classes de maternelle 4 ans, quatre d’éducation préscolaire et vingt-et-une d’enseignement primaire sont prévues.",,,,,,En planification,"Novembre 2021_x000D_
Le centre de services scolaire de Montréal a été autorisé à demeurer gestionnaire du projet, et ce, en association avec la Société québécoise des infrastructures._x000D_
Août 2018_x000D_
Le projet a été autorisé à l’étape « En planification ».",Ministre de l’Éducation,Centre de services scolaire de Montréal,Centre de services scolaire de Montréal en assocaion avec la Société québécoise des infrastructures,Éducation,Éducation et culture,06 – Montréal,École primaire du centre de services scolaire de Montréal,Montréal,Construction
256,Polytechnique Montréal – Maintien et bonification,"Le projet consiste à acquérir la partie de l’Université de Montréal du pavillon J.-Armand-Bombardier et à réaménager ces locaux pour les équipes de Polytechnique, à agrandir le pavillon J.-Armand-Bombardier et à rénover des secteurs très vétustes du pavillon principal de Polytechnique.",,,,,,À l’étude,"Août 2018_x000D_
Le projet a été autorisé à l’étape « À l’étude ».",Ministre de l’Enseignement supérieur,Polytechnique Montréal,Polytechnique Montréal en association avec la Société québécoise des infrastructures,Enseignement supérieur,Éducation et culture,06 – Montréal,Polytechnique Montréal,Montréal,Maintien et bonification
257,"Université du Québec en Outaouais, campus de Gatineau – Bonification","Le projet vise à réunifier les activités d’enseignement et de recherche afin de renforcer le volet recherche de l’Université, à bonifier l’offre de formation, à accroître la capacité d’accueil pour de nouveaux étudiants et étudiantes et à diminuer les coûts d’exploitation et de fonctionnement des installations.",,,,,,À l’étude,"Août 2018_x000D_
Le projet a été autorisé à l’étape « À l’étude ».",Ministre de l’Enseignement supérieur,Université du Québec en Outaouais,Société québécoise des infrastructures,Enseignement supérieur,Éducation et culture,07 – Outaouais,Université du Québec en Outaouais,Gatineau,Bonification
258,"Métro de Montréal, voitures de métro AZUR additionnelles – Acquisition",Le projet vise l’acquisition de 153 voitures AZUR ainsi que des pièces de rechange et de l’outillage spécialisé additionnel.,580700000,300900000,279800000,2020-06-01,2021-12-31,En service,"Mars 2022_x000D_
La mise en service complète de l’infrastructure a été autorisée au cours de l’année financière 2021-2022. Le projet sera retiré du Tableau de bord lors de la prochaine mise à jour annuelle._x000D_
Mars 2021_x000D_
La modification de la date de début de la mise en service a été autorisée. Initialement prévue en mai 2020, elle a été reportée à juin 2020._x000D_
Novembre 2018_x000D_
L’acquisition de 153 voitures AZUR additionnelles pour le métro de Montréal a été autorisée.",Ministre des Transports,Société de transport de Montréal,Société de transport de Montréal,Transport collectif,Économie et environnement,06 – Montréal,Métro de Montréal,Montréal,Acquisition
259,Édifice Gérard-D.-Levesque – Québec – Réfection et réaménagement,"L’édifice Gérard-D.-Levesque, situé au 12 rue Saint-Louis à Québec, constitue un joyau du patrimoine construit en 1883 qui abrite le ministère des Finances depuis 1987. Il présente aujourd’hui plusieurs composantes vétustes qui ne répondent plus aux normes actuelles. Le projet vise la réalisation, sur l’ensemble du bâtiment de 12 700 m², des travaux de restauration, de mise aux normes ainsi que de réaménagement afin que l’occupation de la superficie de l’immeuble soit optimisée et que l’implantation pérenne du télétravail soit favorisée.",184400000,184400000,0,,2025-12-31,En réalisation,"Avril 2022_x000D_
Le projet a été autorisé à l’étape « En réalisation »._x000D_
Janvier 2021_x000D_
Le projet a été autorisé à l’étape « En planification »._x000D_
Décembre 2018_x000D_
Le projet a été autorisé à l’étape « À l’étude ».",Ministre responsable de l’Administration gouvernementale,Société québécoise des infrastructures,Société québécoise des infrastructures,Administration gouvernementale,Gouverne et justice,03 – Capitale-Nationale,Édifice Gérard-D.-Levesque,Québec,Réfection et réaménagement
260,Centre de formation professionnelle 24-Juin du centre de services scolaire de la Région-de-Sherbrooke – Bonification,Le projet consiste principalement en l’agrandissement et au réaménagement du bâtiment principal du Centre de formation professionnelle 24-Juin. Les travaux permettront d’avoir la capacité d’accueillir les étudiants de tous les programmes d’études offerts.,,,,,,À l’étude,"Janvier 2019_x000D_
Le projet a été autorisé à l’étape « À l’étude ».",Ministre de l’Éducation,Centre de services scolaire de la Région-de-Sherbrooke,Société québécoise des infrastructures,Éducation,Éducation et culture,05 – Estrie,Centre de formation professionnelle 24-Juin du centre de services scolaire de la Région-de-Sherbrooke,Sherbrooke,Bonification
261,École primaire-secondaire FACE du centre de services scolaire de Montréal – Réfection et réaménagement,"Le projet consiste à effectuer des travaux de réhabilitation majeure et de mise en conformité sur le bâtiment, nécessitant la relocalisation temporaire des élèves._x000D_
Ces travaux permettront d’assurer la sécurité des installations.",,,,,,En planification,"Janvier 2019_x000D_
Le projet a été autorisé à l’étape « En planification ».",Ministre de l’Éducation,Centre de services scolaire de Montréal,Société québécoise des infrastructures,Éducation,Éducation et culture,06 – Montréal,École primaire-secondaire FACE du centre de services scolaire de Montréal,Montréal,Réfection et réaménagement
262,École secondaire de la Magdeleine du centre de services scolaire des Grandes-Seigneuries – La Prairie – Agrandissement et réaménagement,"Le projet consiste en l’agrandissement et au réaménagement de l’école secondaire de la Magdeleine à La Prairie, sur le territoire du centre de services scolaire des Grandes-Seigneuries. Afin de réduire le déficit d’espace reconnu par le Ministère, l’ajout de 816 places-élèves est prévu. Ainsi, la capacité d’accueil de l’école sera de 2 761 places-élèves.",,,,,,En planification,"Décembre 2019_x000D_
Le projet a été autorisé à l’étape « En planification »._x000D_
Janvier 2019_x000D_
Le projet a été autorisé à l’étape « À l’étude ».",Ministre de l’Éducation,Centre de services scolaire des Grandes-Seigneuries,Société québécoise des infrastructures,Éducation,Éducation et culture,16 – Montérégie,École secondaire de la Magdeleine du centre de services scolaire des Grandes-Seigneuries,La Prairie,Agrandissement et réaménagement
263,École primaire-secondaire du centre de services scolaire Marguerite-Bourgeoys – Montréal (arrondissement de Verdun) – Construction,"Le projet consiste en la construction d’une école primaire-secondaire à L’Île-des-Sœurs, sur le territoire du centre de services scolaire Marguerite-Bourgeoys. Afin de réduire le déficit d’espace reconnu par le Ministère, six classes d’éducation préscolaire et dix-huit d’enseignement primaire sont prévues. Le projet prévoit également 900 places-élèves au secondaire.",,,,,,En planification,"Janvier 2019_x000D_
Le projet a été autorisé à l’étape « En planification ».",Ministre de l’Éducation,Centre de services scolaire Marguerite-Bourgeoys,Société québécoise des infrastructures,Éducation,Éducation et culture,06 – Montréal,École primaire et secondaire du centre de services scolaire Marguerite-Bourgeoys,Montréal (arrondissement de Verdun),Construction
264,"Hôpital de Saint-Eustache, urgence et unités de soins – Maintien et bonification","Le projet vise la modernisation de l’urgence, ce qui inclut l’ajout de civières, la conversion de chambres multiples en chambres individuelles et l’ajout de lits d’hospitalisation.",,,,,,À l’étude,"Janvier 2019_x000D_
Le projet a été autorisé à l’étape « À l’étude ».",Ministre de la Santé et des Services sociaux,Centre intégré de santé et de services sociaux de Lanaudière,Société québécoise des infrastructures,Santé et Services sociaux,Santé et Services sociaux,15 – Laurentides,Hôpital de Saint-Eustache,Saint-Eustache,Maintien et bonification
265,Centre de santé régional Eeyou-Eenou – Chisasibi – Construction,"Le projet consiste à construire un nouveau bâtiment sur le site de l’actuelle école James Bay Eeyou qui sera démolie. _x000D_
Ce nouvel hôpital, répondant aux plus récentes normes en vigueur, permettra d’offrir à la population les services requis dans un environnement adéquat et sécuritaire, favorisant une architecture en harmonie avec les valeurs cries. L’hôpital régional, d’une capacité de 52 lits, offrira une complète d’activités ambulatoires ainsi que plusieurs services diagnostiques et thérapeutiques.",,,,,,En planification,"Juin 2021_x000D_
Le projet a été autorisé à l’étape « En planification »._x000D_
Janvier 2019_x000D_
Le projet a été autorisé à l’étape « À l’étude ».",Ministre de la Santé et des Services sociaux,Conseil cri de la santé et des services sociaux de la Baie James ,Conseil cri de la santé et des services sociaux de la Baie James en association avec la Société québécoise des infrastructures,Santé et Services sociaux,Santé et Services sociaux,10 – Nord-du-Québec,Centre de santé régional Eeyou-Eenou,Chisasibi,Construction
266,Route 138 – Traverse Tadoussac–Baie-Sainte-Catherine – Réaménagement,Le projet prévoit un réaménagement des voies de circulation pour un nouveau traversier reliant Tadoussac et Baie-Sainte-Catherine.,,,,,,En planification,"Mars 2019_x000D_
Le projet a été autorisé à l’étape « En planification ».",Ministre des Transports,Ministère des Transports,Ministère des Transports,Réseau routier,Économie et environnement,09 – Côte-Nord,Route 138,Tadoussac et Baie-Sainte-Catherine,Réaménagement
268,"Autoroute 40 (Félix-Leclerc), direction est, entre Kirkland et Baie-D’Urfé – Reconstruction","Le projet vise à maintenir le niveau de service des infrastructures routières de l’autoroute 40 en direction est, du boulevard des Anciens-Combattants au boulevard Saint-Charles, à Senneville, Sainte-Anne-de-Bellevue, Baie-D’Urfé et Kirkland. Les dalles de béton existantes ont atteint leur durée de vie utile. Le projet consiste à les reconstruire et à assurer une qualité de roulement aux usagers de la route.",103500000,103500000,0,,2022-12-31,En réalisation,"Mars 2022_x000D_
Le projet a été autorisé à l’étape « En réalisation »._x000D_
Mars 2019_x000D_
Le projet a été autorisé à l’étape « En planification ».",Ministre des Transports,Ministère des Transports,Ministère des Transports,Réseau routier,Économie et environnement,06 – Montréal,Autoroute 40,De Kirkland à Baie-D’Urfé,Reconstruction
269,Pont de l’Île-d’Orléans entre Québec et l’Île-d’Orléans – Maintien,Le projet vise à effectuer divers travaux de réparations importantes afin de maintenir la circulation sur le pont d’ici la mise en service du nouveau pont vers l’Île-d’Orléans.,59500000,59500000,0,,,En réalisation,"Mars 2022_x000D_
Une hausse de 1,0 M$ au coût du projet a été autorisée. Initialement prévu à 58,5 M$, le coût est maintenant de 59,5 M$._x000D_
Mars 2019_x000D_
Le projet a été autorisé à l’étape « En réalisation ».",Ministre des Transports,Ministère des Transports,Ministère des Transports,Réseau routier,Économie et environnement,03 – Capitale-Nationale,Pont de l’Île-d’Orléans,De Québec à l’île-d’Orléans,Maintien
271,Pont d’étagement du chemin des Quatre-Bourgeois au-dessus de l’autoroute 73 – Québec – Reconstruction,"Le projet consiste en la reconstruction complète des structures situées sur le chemin des Quatre-Bourgeois, puisqu’elles ont atteint leur durée de vie utile. Cela permettra de mettre aux normes le dégagement de ces structures, ce qui autorisera le transport hors norme sur l’autoroute Henri-IV, et d’y inclure l’aménagement nécessaire au réseau structurant du transport en commun prévu par la Ville de Québec.",86600000,81700000,4900000,2021-12-31,2023-09-30,En service,"Mars 2022_x000D_
Une hausse de 2,1 M$ au coût du projet a été autorisée. Initialement prévu à 84,5 M$, le coût est maintenant de 86,6 M$. Ainsi, la contribution du Québec passe de 77,7 M$ à 81,7 M$ et celle des partenaires, de 6,8 M$ à 4,9 M$. De plus, la mise en service partielle de l’infrastructure a été autorisée au cours de l’année financière 2021-2022._x000D_
Mars 2021_x000D_
Le projet a été autorisé à l’étape « En réalisation »._x000D_
Mars 2019_x000D_
Le projet a été autorisé à l’étape « En planification ».",Ministre des Transports,Ministère des Transports,Ministère des Transports,Réseau routier,Économie et environnement,03 – Capitale-Nationale,Pont d’étagement du chemin des Quatre-Bourgeois,Québec,Reconstruction
273,Route d’Obedjiwan entre La Tuque et Lac-Ashuapmushuan – Réaménagement,"Le projet vise à améliorer la qualité et la sécurité de la route d’accès à la communauté autochtone d’Obedjiwan, qui débute sur la route 167. Il est issu d’un plan d’intervention qui vise à corriger la géométrie de cinq secteurs déficients et à élargir à deux voies les huit ponts existants afin de permettre la circulation dans les deux sens sur toute la route. Au terme du projet, dix ponts seront construits, dont quatre seront situés à l’intérieur de deux nouveaux tracés.",77200000,77200000,0,2016-04-30,2025-12-31,En service,"Mars 2022_x000D_
La modification de la date de la mise en service complète a été autorisée. Prévue en décembre 2024, elle est reportée à décembre 2025. De plus, l’autorisation de la mise en service partielle remonte à l’année financière 2016-2017._x000D_
Mars 2020_x000D_
La modification de la date de la mise en service complète a été autorisée. Initialement prévue en décembre 2022, elle est reportée à décembre 2024._x000D_
Mars 2019_x000D_
Le projet a été autorisé à l’étape « En réalisation ».",Ministre des Transports,Ministère des Transports,Ministère des Transports,Réseau routier,Économie et environnement,02 – Saguenay–Lac-Saint-Jean; 04 – Mauricie,Route Obedjiwan,De La Tuque au Lac-Ashuapmushuan,Réaménagement
274,Autoroute 13 entre Saint-Eustache et Mirabel – Bonification,Le projet vise la mise en œuvre d’une solution de transport dans le secteur situé dans le prolongement de l’autoroute 13 afin d’améliorer les déplacements au nord de l’autoroute 640.,,,,,,À l’étude,"Mars 2019_x000D_
Le projet a été autorisé à l’étape « À l’étude ».",Ministre des Transports,Ministère des Transports,Ministère des Transports,Réseau routier,Économie et environnement,15 – Laurentides,Autoroute 13,De Saint-Eustache à Mirabel,Bonification
276,Réseau de mesures préférentielles en transport collectif – Région métropolitaine de Montréal – Bonification,Le projet vise à développer et déployer une planification d’un réseau métropolitain intégré et flexible de mesures préférentielles et de systèmes de transport intelligents accueillant des autobus et du covoiturage. Cette planification s’inscrit dans la volonté d’optimiser la desserte en transport collectif des pôles d’activités dans la région métropolitaine de Montréal et par le fait même d’améliorer l’efficacité des réseaux de transport des personnes et des marchandises sur l’ensemble du territoire québécois.,,,,,,À l’étude,"Mars 2022_x000D_
Le nom du projet a été modifié. Initialement, il se nommait : « Voies réservées sur les autoroutes 13, 20, 25, 440, 640 et la route 116 – Région métropolitaine de Montréal – Bonification »._x000D_
Mars 2019_x000D_
Le projet a été autorisé à l’étape « À l’étude ».",Ministre des Transports,Ministère des Transports,Ministère des Transports,Réseau routier,Économie et environnement,06 – Montréal; 13 – Laval; 15 – Laurentides; 16 – Montérégie,"Autoroutes 13, 20, 25, 440, 640 et la route 116",Région métropolitaine de Montréal,Bonification
277,"Route 132 entre Delson, Sainte-Catherine et Saint-Constant – Bonification",Le projet consiste à réaménager un tronçon de la route 132 et vise notamment à améliorer l’offre de transport collectif et actif afin d’appuyer le réaménagement urbain en bordure du corridor routier.,,,,,,À l’étude,"Mars 2019_x000D_
Le projet a été autorisé à l’étape « À l’étude ».",Ministre des Transports,Ministère des Transports,Ministère des Transports,Réseau routier,Économie et environnement,16 – Montérégie,Route 132,"Delson, Sainte-Catherine et Saint-Constant",Bonification
278,Projets structurants de transport collectif électrique dans les axes du boulevard Taschereau et du prolongement de la ligne jaune du réseau de métro – Bonification,"Le projet vise l’implantation d’un mode structurant de transport collectif dans l’axe du boulevard Taschereau et dans l’axe du prolongement de la ligne jaune permettant de répondre aux besoins de mobilité de l’agglomération de la ville de Longueuil et de la couronne sud, dans l’optique d’offrir une alternative concurrentielle à l’utilisation de l’automobile.",,,,,,À l’étude,"Juillet 2020_x000D_
Le projet d’implantation de transport collectif structurant dans l’axe prolongement de la ligne jaune du métro à Longueuil a été fusionné au projet d’implantation d’un mode de transport collectif structurant sur le boulevard Taschereau, afin de créer le présent projet._x000D_
Mars 2019_x000D_
Le projet a été autorisé à l’étape « À l’étude ».",Ministre des Transports,Réseau de transport de Longueuil,Réseau de transport de Longueuil,Transport collectif,Économie et environnement,16 – Montérégie,Transport collectif électrique,Longueuil,Bonification
279,Projet structurant de transport collectif électrique pour relier le Sud-Ouest de Montréal au centre-ville – Bonification,Le projet vise l’implantation d’un mode structurant de transport collectif qui desservira le sud-ouest jusqu’au centre-ville de Montréal.,,,,,,À l’étude,"Mars 2021_x000D_
Une modification à la portée du projet a été autorisée. En effet, les tronçons pour relier l’Est et le Nord-Est de Montréal au centre-ville, initialement inclus au présent projet, sont retirés puisque le gouvernement en confiera la gestion à CDPQ Infra. Ainsi, seul le tronçon reliant le sud-ouest au centre-ville fait dorénavant partie du présent projet._x000D_
Mars 2020_x000D_
Le projet de transport collectif structurant dans l’est de Montréal qui incluait la branche Nord-Est et qui était déjà à l’étude a été fusionné avec celui nouvellement mis l’étude, soit l’ajout de la branche reliant le Sud-Ouest au centre-ville de Montréal._x000D_
Mars 2019_x000D_
Le projet a été autorisé à l’étape « À l’étude ».",Ministre des Transports,Autorité régionale de transport métropolitain ,Autorité régionale de transport métropolitain,Transport collectif,Économie et environnement,06 – Montréal,Projet structurant de transport collectif électrique,Montréal,Bonification
281,Centre d’attachement Viau de la STM – Montréal – Agrandissement,Le projet vise à améliorer la capacité du centre d’attachement et le parc de convois de véhicules de travaux de la Société de transport de Montréal afin de faire face à l’augmentation des projets réalisés dans le cadre des programmes Réno-Infrastructures et Réno-Systèmes.,71300000,24400000,46900000,,2021-08-01,En service,"Mars 2022_x000D_
Une modification à la stratégie de financement a été autorisée. Ainsi, la contribution du Québec passe de 23,9 M$ à 24,4 M$ et celle des partenaires, de 47,4 M$ à 46,9 M$. Le coût approuvé du projet demeure le même à 71,3 M$.  De plus, la mise en service complète de l’infrastructure a été autorisée au cours de l’année financière 2021-2022. Le projet sera retiré du Tableau de bord lors de la prochaine mise à jour annuelle._x000D_
Mars 2021_x000D_
Le projet a été autorisé à l’étape « En réalisation »._x000D_
Avril 2019_x000D_
Le projet a été autorisé à l’étape « En planification ».",Ministre des Transports,Société de transport de Montréal,Société de transport de Montréal,Transport collectif,Économie et environnement,06 – Montréal,Centre d’attachement Viau de la STM,Montréal,Agrandissement
282,Centre de transport Anjou de la STM – Montréal – Agrandissement,"Le projet vise l’agrandissement du centre de transport Anjou de la Société de transport de Montréal, afin qu’il soit en mesure de gérer des autobus supplémentaires. Cet agrandissement sera également conçu avec l’intégration des requis nécessaires à la recharge des autobus électriques, en prévision de la mise en œuvre de l’électrification du réseau d’autobus.",79200000,58600000,20600000,2021-05-30,2022-07-15,En service,"Mars 2022_x000D_
Une hausse de 0,2 M$ au coût du projet a été autorisée. Initialement prévu à 79,0 M$, le coût est maintenant de 79,2 M$. Ainsi, la contribution du Québec  passe de 58,2 M$ à 58,6 M$ et celle des partenaires, de 20,8 M$ à 20,6 M$. De plus, la modification des dates de début et de fin de la mise en service a été autorisée.  Initialement, elles étaient respectivement prévues en mars 2020 et en décembre 2021. Elles sont reportées en mai 2021 et en juillet 2022._x000D_
Mars 2021_x000D_
La mise en service partielle de l’infrastructure a été autorisée au cours de l’année financière 2020-2021._x000D_
Mars 2020_x000D_
Le projet « Agrandissement de trois des centres de transport pour les autobus de la Société de transport de Montréal (Anjou, Legendre et Saint-Laurent) » soit scindé en trois projets distincts._x000D_
Les projets « 329 -  Centre de transport Legendre de la STM – Montréal – Agrandissement » et le projet « 332 - Centre de transport Saint-Laurent de la STM – Montréal – Agrandissement » sont également diffusés à l’étape « En planification »._x000D_
Mars 2019_x000D_
Le projet a été autorisé à l’étape « En planification ».",Ministre des Transports,Société de transport de Montréal,Société de transport de Montréal,Transport collectif,Économie et environnement,06 – Montréal,Centre de transport Anjou de la STM,Montréal,Agrandissement
283,Centre de transport de l’Est de la STM – Montréal – Construction,Le projet consiste à construire un centre de transport pouvant accueillir 250 autobus et intégrant toutes les fonctionnalités requises pour l’exploitation d’un réseau de transport en commun et l’entretien des autobus.,,,,,,En planification,"Mars 2019_x000D_
Le projet a été autorisé à l’étape « En planification ».",Ministre des Transports,Société de transport de Montréal,Société de transport de Montréal,Transport collectif,Économie et environnement,06 – Montréal,Centre de transport de l’Est de la STM,Montréal,Construction
284,"Réseau de trains de banlieue d’exo, locomotives diesel – Région métropolitaine de Montréal – Remplacement","Le projet consiste à remplacer, dans une première phase, 10 locomotives F59PH âgées de 30 ans, et dans une seconde, 11 locomotives F59PHI qui atteindront leur fin de vie utile d’ici 2028. Les nouvelles locomotives permettront d’augmenter le nombre de voitures par train tout en respectant les normes environnementales EPA Tier 4.",204800000,153600000,51200000,2023-09-01,2026-12-31,En réalisation,"Mars 2022_x000D_
Le projet a été autorisé à l’étape « En réalisation »._x000D_
Avril 2019_x000D_
Le projet a été autorisé à l’étape « En planification ».",Ministre des Transports,Exo,Exo,Transport collectif,Économie et environnement,06 – Montréal,Réseau de trains de banlieue d’exo,Montréal,Remplacement
285,"Réseau de trains de banlieue d’exo, voitures passagers (type 2000) – Région métropolitaine de Montréal – Acquisition","Le projet comprend la conception, la fabrication et la livraison de 20 voitures additionnelles qui ont fait l’objet d’une levée d’options prévues dans le contrat initial (Projet 137 du Tableau de bord). Ces voitures permettront de rétablir la réserve opérationnelle, ce qui simplifiera les programmes de maintien des voitures des séries 2000 et 3000 tout en assurant le maintien de nos opérations. À terme, elles seront également utilisées pour remplacer les voitures des séries 2000 et 3000 qui auront atteint leur fin de vie utile.",92200000,66400000,25800000,,2023-03-31,En réalisation,"Mars 2022_x000D_
Une hausse de 26,6 M$ au coût du projet a été autorisée. Initialement prévu à 65,6 M$, le coût est maintenant de 92,2 M$. Ainsi, la contribution du Québec passe de 49,2 M$ à 66,4 M$ et celle des partenaires, de 16,4 M$ à 25,8 M$._x000D_
Mars 2021_x000D_
Le projet a été autorisé à l’étape « En réalisation »._x000D_
Avril 2019_x000D_
Le projet a été autorisé à l’étape « En planification ».",Ministre des Transports,Exo,Exo,Transport collectif,Économie et environnement,06 – Montréal,Réseau de trains de banlieue d’exo,Montréal,Acquisition
286,Autoroute 20 entre la route du Président-Kennedy et l’accès au pont Pierre-Laporte – Lévis – Élargissement,"Le projet consiste en l’ajout d’une 3e voie de circulation sur l’autoroute 20, dans les deux directions, pour améliorer la sécurité et la fluidité entre l’échangeur 325 (Président-Kennedy) et les accès sud aux ponts Pierre-Laporte et de Québec. Cet ajout est préconisé afin de limiter la densité de trafic qui est très élevée aux heures de pointe du matin et du soir.",70300000,70300000,0,2022-08-17,2026-11-30,En réalisation,"Mars 2022_x000D_
Le projet a été autorisé à l’étape « En réalisation »._x000D_
Mars 2019_x000D_
Le projet a été autorisé à l’étape « En planification ».",Ministre des Transports,Ministère des Transports,Ministère des Transports,Réseau routier,Économie et environnement,12 – Chaudière-Appalaches,Autoroute 20,Lévis,Élargissement
287,"Centre hospitalier de l’Outaouais, complexe hospitalier – Bonification","Les hôpitaux de la région de l’Outaouais sont confrontés depuis plusieurs années à d’importantes limitations physiques qui entravent leur capacité à répondre à une demande accrue de services. Les deux hôpitaux actuels soit l’hôpital de Hull et l’hôpital de Gatineau sont occupés au maximum de leur capacité et ne peuvent répondre à la demande sans cesse croissante._x000D_
Le projet vise à bonifier l’ensemble de l’offre de service en Outaouais et d’augmenter de 240 le nombre de lits dans la région. Cette nouvelle infrastructure permettra de désengorger les deux hôpitaux existants._x000D_
Les hôpitaux de la région de l’Outaouais sont confrontés depuis plusieurs années à d’importantes limitations physiques qui entravent leur capacité à répondre à une demande accrue de services. Les deux hôpitaux actuels soit l’hôpital de Hull et l’hôpital de Gatineau sont occupés au maximum de leur capacité et ne peuvent répondre à la demande sans cesse croissante.",,,,,,À l’étude,"Mars 2019_x000D_
Le projet a été autorisé à l’étape « À l’étude ».",Ministre de la Santé et des Services sociaux,Centre intégré de santé et de services sociaux de l’Outaouais,Société québécoise des infrastructures,Santé et Services sociaux,Santé et Services sociaux,07 – Outaouais,Centre hospitalier de l’Outaouais,Gatineau,Bonification
289,Centre d’exploitation du Vieux-Longueuil du RTL (phase I) – Longueuil – Réfection,Le projet vise l’électrification des infrastructures d’entretien des garages du Réseau de transport de Longueuil nécessaire à l’entretien des autobus électriques. Il vise également la préparation aux changements occasionnés par le virage technologique des autobus électriques.,,,,,,En planification,"Mars 2019_x000D_
Le projet a été autorisé à l’étape « En planification ».",Ministre des Transports,Réseau de transport de Longueuil,Réseau de transport de Longueuil,Transport collectif,Économie et environnement,16 – Montérégie,Centre d’exploitation du Vieux-Longueuil du RTL,Longueuil,Réfection
290,Pavillon Sainte-Famille – Ville-Marie – Agrandissement et réaménagement,"Le projet consiste à agrandir et à réaménager le pavillon Sainte-Famille, à Ville-Marie, afin de répondre aux besoins des secteurs suivants : l’unité d’urgence, l’unité de soins intensifs, le bloc opératoire, l’unité de retraitement des dispositifs médicaux, les consultations externes et la clinique d’oncologie. _x000D_
Les travaux comprendront un agrandissement d’une superficie de 3 621 m² et un réaménagement de 1 034 m².",56400000,56400000,0,2021-08-31,2022-08-31,En service,"Mars 2022_x000D_
La mise en service partielle de l’infrastructure a été autorisée au cours de l’année financière 2021-2022._x000D_
Mars 2021_x000D_
La modification des dates de début et de fin de la mise en service a été autorisée. Respectivement prévues en janvier 2021 et novembre 2021, elles sont maintenant prévues en août 2021 et août 2022._x000D_
Avril 2019_x000D_
Le projet a été autorisé à l’étape « En réalisation ».",Ministre de la Santé et des Services sociaux,Centre intégré de santé et de services sociaux de l’Abitibi-Témiscamingue,Société québécoise des infrastructures,Santé et Services sociaux,Santé et Services sociaux,08 – Abitibi-Témiscamingue,Pavillon Sainte-Famille,Ville-Marie,Agrandissement et réaménagement
291,"Hôpital Fleury, urgence – Montréal – Agrandissement et réaménagement","Le projet consiste à agrandir et à moderniser l’unité d’urgence afin de résoudre plusieurs problèmes connus, soit des locaux et espaces hors-normes et mal adaptés aux nouveaux modes de prestation de soins et aux technologies médicales. Il s’articule principalement sur 2 objectifs, soit, l’agrandissement de l’aile A et la démolition de l’aile E.",,,,,,En planification,"Décembre 2020_x000D_
Le projet a été autorisé à l’étape « En planification »._x000D_
Mai 2019_x000D_
Le projet a été autorisé à l’étape « À l’étude ».",Ministre de la Santé et des Services sociaux,Centre intégré universitaire de santé et de services sociaux du Nord-de-l’Île-de-Montréal,Société québécoise des infrastructures,Santé et Services sociaux,Santé et Services sociaux,06 – Montréal,Hôpital Fleury,Montréal,Agrandissement et réaménagement
292,École secondaire du centre de services scolaire Marguerite-Bourgeoys – Montréal (arrondissement de Saint-Laurent) – Réaménagement,"Le projet consiste au réaménagement des bâtiments existants acquis de la congrégation des Sœurs de Sainte-Croix situés à Montréal, dans l’arrondissement de Saint-Laurent. L’objectif est de réduire le déficit d’espace reconnu en fonction des places-élèves du centre de services scolaire Marguerite-Bourgeoys à Montréal.",,,,,,En planification,"Juin 2019_x000D_
Le projet a été autorisé à l’étape « En planification ».",Ministre de l’Éducation,Centre de services scolaire Marguerite-Bourgeoys,Société québécoise des infrastructures,Éducation,Éducation et culture,06 – Montréal,École secondaire du centre de services scolaire Marguerite-Bourgeoys,Montréal (arrondissement de Saint-Laurent),Réaménagement
293,École secondaire du centre de services scolaire des Premières-Seigneuries – Québec (arrondissement de Charlesbourg) – Construction,"Le projet consiste en la construction d’une école secondaire de 1 256 places-élèves sur le territoire du centre de services scolaire des Premières-Seigneuries à Québec, dans l’arrondissement de Charlesbourg. L’objectif est de réduire le déficit d’espace reconnu en fonction des places-élèves du centre de services scolaire.",174400000,174400000,0,,2024-09-30,En réalisation,"Mars 2022_x000D_
Une hausse de 8,1 M$ au coût du projet a été autorisée. Initialement prévu à 166,3 M$, le coût est maintenant de 174,4 M$._x000D_
Mars 2021_x000D_
Le projet a été autorisé à l’étape « En réalisation »._x000D_
Décembre 2019_x000D_
Le projet a été autorisé à l’étape « En planification »._x000D_
Juin 2019_x000D_
Le projet a été autorisé à l’étape « À l’étude ».",Ministre de l’Éducation,Centre de services scolaire des Premières-Seigneuries,Société québécoise des infrastructures,Éducation,Éducation et culture,03 – Capitale-Nationale,École secondaire du centre de services scolaire des Premières-Seigneuries,Québec (arrondissement de Charlesbourg),Construction
294,École secondaire du centre de services scolaire Marguerite-Bourgeoys – Montréal (arrondissement de LaSalle) – Construction,"Le projet consiste en la construction d’une école secondaire sur le territoire du centre de services scolaire Marguerite-Bourgeoys d’une capacité d’accueil de 1 024 places-élèves à Montréal, dans l’arrondissement de LaSalle. L’objectif est de réduire le déficit d’espace reconnu en fonction des places-élèves du centre de services scolaire.",153900000,153100000,800000,,2023-09-01,En réalisation,"Mars 2022_x000D_
Une hausse de 3,1 M$ au coût du projet a été autorisée. Initialement prévu à 150,8 M$, le coût est maintenant de 153,9 M$. Ainsi, la contribution du Québec passe de 150,8 M$ à 153,1 M$ et une contribution des partenaires de 0,8 M$ est maintenant prévue. De plus, la modification de la date de la mise en service a été autorisée. Initialement prévue en septembre 2022, elle est reportée à septembre 2023._x000D_
Juin 2020_x000D_
Le projet a été autorisé à l’étape « En réalisation »._x000D_
Juin 2019_x000D_
Le projet a été autorisé à l’étape « En planification ».",Ministre de l’Éducation,Centre de services scolaire Marguerite-Bourgeoys,Société québécoise des infrastructures,Éducation,Éducation et culture,06 – Montréal,École secondaire du centre de services scolaire Marguerite-Bourgeoys,Montréal (arrondissement de LaSalle),Construction
295,École secondaire du centre de services scolaire Marguerite-Bourgeoys – Montréal (arrondissement de L’Île-Bizard–Sainte-Geneviève) – Construction,"Le projet consiste en la construction d’une école secondaire à Montréal dans le secteur Sainte-Geneviève, sur le territoire du centre de services scolaire Marguerite-Bourgeoys. Afin de réduire le déficit d’espace reconnu par le Ministère, 913 places-élèves sont prévues.",,,,,,En planification,"Juin 2019_x000D_
Le projet a été autorisé à l’étape « En planification ».",Ministre de l’Éducation,Centre de services scolaire Marguerite-Bourgeoys,Société québécoise des infrastructures,Éducation,Éducation et culture,06 – Montréal,École secondaire du centre de services scolaire Marguerite-Bourgeoys,Montréal (arrondissement de L’Île-Bizard–Sainte–Geneviève),Construction
296,École secondaire du centre de services scolaire de la Pointe-de-l’Île – Montréal (arrondissement d’Anjou) – Construction,"Le projet consiste en la construction d’une école secondaire sur le territoire du centre de services scolaire de la Pointe-de-l’Île à Montréal, dans l’arrondissement d’Anjou. L’objectif est de réduire le déficit d’espace reconnu en fonction des places-élèves du centre de services scolaire. Cette école secondaire aura une capacité de 1 863 places-élèves.",242400000,242400000,0,,2024-09-30,En réalisation,"Mars 2022_x000D_
Une hausse de 15,9 M$ au coût du projet a été autorisée. Initialement prévu à 226,5 M$, le coût est maintenant de 242,4 M$._x000D_
Mars 2021_x000D_
Le projet a été autorisé à l’étape « En réalisation »._x000D_
Décembre 2019_x000D_
Le projet a été autorisé à l’étape « En planification »._x000D_
Juin 2019_x000D_
Le projet a été autorisé à l’étape « À l’étude ».",Ministre de l’Éducation,Centre de services scolaire de la Pointe-de-l’Île,Société québécoise des infrastructures,Éducation,Éducation et culture,06 – Montréal,École secondaire du centre de services scolaire de la Pointe-de-l’Île,Montréal (arrondissement d’Anjou),Construction
297,École secondaire du centre de services scolaire de la Pointe-de-l’Île – Montréal (arrondissement de Montréal-Nord) – Construction,"Le projet consiste en la construction d’une école secondaire sur le territoire du centre de services scolaire de la Pointe-de-l’Île à Montréal, dans l’arrondissement de Montréal-Nord. L’objectif est de réduire le déficit d’espace reconnu en fonction des places-élèves du centre de services scolaire. Cette école secondaire aura une capacité de 1 706 places-élèves.",271000000,271000000,0,,2024-09-30,En réalisation,"Mars 2022_x000D_
Une hausse de 20,8 M$ au coût du projet a été autorisée. Initialement prévu à 250,2 M$, le coût est maintenant de 271,0 M$._x000D_
Mars 2021_x000D_
Le projet a été autorisé à l’étape « En réalisation »._x000D_
Décembre 2019_x000D_
Le projet a été autorisé à l’étape « En planification »._x000D_
Juin 2019_x000D_
Le projet a été autorisé à l’étape « À l’étude ».",Ministre de l’Éducation,Centre de services scolaire de la Pointe-de-l’Île,Société québécoise des infrastructures,Éducation,Éducation et culture,06 – Montréal,École secondaire du centre de services scolaire de la Pointe-de-l’Île,Montréal (arrondissement de Montréal-Nord),Construction
299,École secondaire du centre de services scolaire des Trois-Lacs – Saint-Zotique – Construction,"Le projet consiste en la construction d’une école secondaire de 1 256 places-élèves sur le territoire du centre de services scolaire des Trois-Lacs, à Saint-Zotique, afin de réduire le déficit d’espace reconnu en fonction des places-élèves du centre de services scolaire.",155400000,155100000,300000,,2023-06-30,En réalisation,"Mars 2022_x000D_
Une baisse de 18,9 M$ au coût du projet a été autorisée. Initialement prévu à 174,3 M$, le coût est maintenant de 155,4 M$. Ainsi, la contribution du Québec passe de 174,0 M$ à 155,1 M$ et celle des partenaires demeure à 0,3 M$._x000D_
Mars 2021_x000D_
Le projet a été autorisé à l’étape « En réalisation »._x000D_
Juin 2019_x000D_
Le projet a été autorisé à l’étape « En planification ».",Ministre de l’Éducation,Centre de services scolaire des Trois-Lacs,Société québécoise des infrastructures,Éducation,Éducation et culture,16 – Montérégie,École secondaire du centre de services scolaire des Trois-Lacs,Saint-Zotique,Construction
300,École secondaire du centre de services scolaire des Trois-Lacs – Vaudreuil-Dorion – Construction,"Le projet consiste en la construction d’une école secondaire de 1 256 places-élèves sur le territoire du centre de services scolaire des Trois-Lacs, à Vaudreuil-Dorion, afin de réduire le déficit d’espace reconnu en fonction des places-élèves du centre de services scolaire.",156000000,155200000,800000,,2023-06-30,En réalisation,"Mars 2022_x000D_
Une baisse de 12,3 M$ au coût du projet a été autorisée. Initialement prévu à 168,3 M$, le coût est maintenant de 156,0 M$. Ainsi, la contribution du Québec passe de 167,5 M$ à 155,2 M$ et celle des partenaires demeure à 0,8 M$._x000D_
Mars 2021_x000D_
Le projet a été autorisé à l’étape « En réalisation »._x000D_
Juin 2019_x000D_
Le projet a été autorisé à l’étape « En planification ».",Ministre de l’Éducation,Centre de services scolaire des Trois-Lacs,Société québécoise des infrastructures,Éducation,Éducation et culture,16 – Montérégie,École secondaire du centre de services scolaire des Trois-Lacs,Vaudreuil-Dorion,Construction
301,École secondaire du centre de services scolaire des Mille-Îles – Mirabel – Construction,"Le projet consiste en la construction d’une école secondaire d’une capacité d’accueil de 1 280 places-élèves sur le territoire du centre de services scolaire des Mille-Îles à Mirabel, dans le secteur de Saint-Augustin, afin de réduire le déficit d’espace reconnu du centre de services scolaire.",161000000,159600000,1400000,,2023-09-01,En réalisation,"Mars 2022_x000D_
Une hausse de 11,0 M$ au coût du projet a été autorisée. Initialement prévu à 150,0 M$, le coût est maintenant de 161,0 M$. Ainsi, la contribution du Québec passe de 148,6 M$ à 159,6 M$ et celle des partenaires demeure à 1,4 M$. De plus, la modification de la date de la mise en service a été autorisée. Initialement prévue en septembre 2022, elle est reportée à septembre 2023._x000D_
Juin 2020_x000D_
Le projet a été autorisé à l’étape « En réalisation »._x000D_
Juin 2019_x000D_
Le projet a été autorisé à l’étape « En planification ».",Ministre de l’Éducation,Centre de services scolaire des Mille-Îles,Société québécoise des infrastructures,Éducation,Éducation et culture,15 – Laurentides,École secondaire du centre de services scolaire des Mille-Îles,Mirabel,Construction
302,École secondaire du centre de services scolaire de la Rivière-du-Nord – Saint-Jérôme – Construction,"Le projet consiste en la construction d’une école secondaire de 1 256 places-élèves sur le territoire du centre de services scolaire de la Rivière-du-Nord, à Saint-Jérôme, afin de réduire le déficit d’espace reconnu en fonction des places-élèves du centre de services scolaire.",156400000,156400000,0,,2023-09-30,En réalisation,"Mars 2022_x000D_
Une baisse de 15,4 M$ au coût du projet a été autorisée. Initialement prévu à 171,8 M$, le coût est maintenant de 156,4 M$._x000D_
Mars 2021_x000D_
Le projet a été autorisé à l’étape « En réalisation »._x000D_
Juin 2019_x000D_
Le projet a été autorisé à l’étape « En planification ».",Ministre de l’Éducation,Centre de services scolaire de la Rivière-du-Nord,Société québécoise des infrastructures,Éducation,Éducation et culture,15 – Laurentides,École secondaire du centre de services scolaire de la Rivière-du-Nord,Saint-Jérôme,Construction
303,École secondaire du centre de services scolaire des Affluents – Terrebonne – Construction,"Le projet consiste en la construction d’une école secondaire de 1 256 places-élèves sur le territoire du centre de services scolaire des Affluents, à Terrebonne, afin de réduire le déficit d’espace reconnu en fonction des places-élèves du centre de services scolaire.",148000000,147600000,400000,,2023-09-30,En réalisation,"Mars 2022_x000D_
Une baisse de 16,4 M$ au coût du projet a été autorisée. Initialement prévu à 164,4 $, le coût est maintenant de 148,0 M$. Ainsi, la contribution du Québec passe de 163,6 M$ à 147,6 M$ et celle des partenaires, de 0,6 M$ à 0,4 M$._x000D_
Mars 2021_x000D_
Le projet a été autorisé à l’étape « En réalisation »._x000D_
Juin 2019_x000D_
Le projet a été autorisé à l’étape « En planification ».",Ministre de l’Éducation,Centre de services scolaire des Affluents,Société québécoise des infrastructures,Éducation,Éducation et culture,14 – Lanaudière,École secondaire du centre de services scolaire des Affluents,Terrebonne,Construction
304,École secondaire du centre de services scolaire des Chênes – Drummondville – Construction,"Le projet consiste en la construction d’une école secondaire de 1 256 places-élèves sur le territoire du centre de services scolaire des Chênes, dans le secteur de Saint-Nicéphore, à Drummondville. L’objectif est de réduire le déficit d’espace reconnu en fonction des places-élèves du centre de services scolaire.",168000000,168000000,0,,2024-09-30,En réalisation,"Mars 2022_x000D_
Une hausse de 24,3 M$ au coût du projet a été autorisée. Initialement prévu à 143,7 M$, le coût est maintenant de 168,0 M$._x000D_
Mars 2021_x000D_
Le projet a été autorisé à l’étape « En réalisation »._x000D_
Décembre 2019_x000D_
Le projet a été autorisé à l’étape « En planification »._x000D_
Juin 2019_x000D_
Le projet a été autorisé à l’étape  « À l’étude ».",Ministre de l’Éducation,Centre de services scolaire des Chênes,Société québécoise des infrastructures,Éducation,Éducation et culture,17 – Centre-du-Québec,École secondaire du centre de services scolaire des Chênes,Drummondville,Construction
305,École secondaire de Chambly du centre de services scolaire des Patriotes – Agrandissement,"Le projet consiste en l’agrandissement de l’école secondaire de Chambly par la construction d’un bâtiment d’une capacité d’accueil de 1 365 places-élèves sur le site actuel de l’école, afin de réduire le déficit d’espace reconnu du centre de services scolaire.",177300000,177300000,0,,2023-09-01,En réalisation,"Mars 2022_x000D_
Une hausse de 18,9 M$ au coût du projet a été autorisée. Initialement prévu à 158,4 M$, le coût est maintenant de 177,3 M$. De plus, la modification de la date de la mise en service a été autorisée. Initialement prévue en septembre 2022, elle est reportée à septembre 2023._x000D_
Juin 2020_x000D_
Le projet a été autorisé à l’étape « En réalisation »._x000D_
Juin 2019_x000D_
Le projet a été autorisé à l’étape « En planification ».",Ministre de l’Éducation,Centre de services scolaire des Patriotes,Société québécoise des infrastructures,Éducation,Éducation et culture,16 – Montérégie,École secondaire de Chambly du centre de services scolaire des Patriotes,Chambly,Agrandissement
306,Route 389 (B) entre Baie-Comeau et la centrale Jean-Lesage (Manic-2) – Reconstruction,"Ce projet s’inscrit dans un vaste programme d’amélioration de la route 389, entre Baie-Comeau et Fermont, qui vise à réaliser les correctifs essentiels à l’optimisation de la sécurité et du confort des usagers ainsi qu’à faciliter l’accès aux ressources et au Nord-du-Québec. Dans le secteur de près de 22 kilomètres, entre Baie-Comeau et la centrale hydroélectrique Jean-Lesage (Manic-2), les travaux de relocalisation des quatre premiers kilomètres, à partir de la route 138, sont terminés. La réfection complète de la route, entre les kilomètres4 et 22, débutera en 2020.",121800000,75100000,46700000,,2022-11-30,En réalisation,"Mars 2020_x000D_
Une hausse de 9,5 M$ au coût du projet a été autorisée. Initialement prévu à 112,3 M$, le coût est maintenant de 121,8 M$. Ainsi, la contribution du Québec passe de 65,6 M$ à 75,1 M$, et celle des partenaires demeure à 46,7 M$._x000D_
Avril 2019_x000D_
Le projet a été autorisé à l’étape « En réalisation ».",Ministre des Transports,Ministère des Transports,Ministère des Transports,Réseau routier,Économie et environnement,09 – Côte-Nord,Route 389,De Baie-Comeau à la centrale Jean-Lesage (Manic-2),Reconstruction
307,École secondaire du centre de services scolaire de Laval (secteur de Pont-Viau) – Construction,"Le projet consiste en la construction d’une école secondaire d’une capacité d’accueil de 2 150 places-élèves à Laval, dans le secteur de Pont-Viau, afin de réduire le déficit d’espace reconnu du centre de services scolaire.",229500000,229500000,0,,2023-09-01,En réalisation,"Mars 2022_x000D_
Une baisse de 3,7 M$ au coût du projet a été autorisée. Initialement prévu à 233,2 M$, le coût est maintenant de 229,5 M$. De plus, la modification de la date de la mise en service a été autorisée. Initialement prévue en septembre 2022, elle est reportée à septembre 2023._x000D_
Juin 2020_x000D_
Le projet a été autorisé à l’étape « En réalisation »._x000D_
Décembre 2019_x000D_
Le projet a été autorisé à l’étape « En planification »._x000D_
Juin 2019_x000D_
Le projet a été autorisé à l’étape « À l’étude ».",Ministre de l’Éducation,Centre de services scolaire de Laval,Société québécoise des infrastructures,Éducation,Éducation et culture,13 – Laval,École secondaire du centre de services scolaire de Laval  (secteur de Pont-Viau),Laval,Construction
308,Maison des aînés (ancien CHSLD Saint-Augustin) – Québec – Reconstruction,"Le projet consiste en la construction d’un bâtiment de 216 places, fortement inspiré du modèle de maison des aînés et alternative, réparti en 18 unités de 12 chambres, en lieu et place du centre d’hébergement Saint-Augustin. La nouvelle installation abritera également l’hôpital de jour, la dentisterie et une pharmacie qui se trouvent actuellement dans l’installation existante et qui doivent être relocalisés dans le cadre du projet. Au terme du projet, le bâtiment existant sera démoli._x000D_
Le besoin est généré principalement par l’état de vétusté fonctionnelle et physique qui empêche l’implantation complète d’une approche milieu de vie",,,,,,En planification,"Décembre 2020_x000D_
Le projet a été autorisé à l’étape « En planification »._x000D_
Juin 2019_x000D_
Le projet a été autorisé à l’étape « À l’étude ».",Ministre de la Santé et des Services sociaux,Centre intégré universitaire de santé et de services sociaux de la Capitale-Nationale,Société québécoise des infrastructures,Santé et Services sociaux,Santé et Services sociaux,03 – Capitale-Nationale,Maison des aînés (ancien CHSLD Saint-Augustin),Québec,Reconstruction
309,"Hôpital Honoré-Mercier, urgence – Saint-Hyacinthe – Agrandissement et réaménagement","Le projet consiste en l’agrandissement et le réaménagement de l’urgence de l’hôpital Honoré-Mercier et a une portée globale estimée à 7 861 m² bruts, dont notamment 5 919,7 m² en agrandissement et 1 401 m² en réaménagement. Il consiste en un agrandissement sur deux niveaux (sous-sol et rez-de-chaussée) destinés à accueillir la nouvelle urgence et l’abri des ambulances de quatre places ._x000D_
La trame structurale permettra d’ajouter éventuellement un étage au-dessus de l’agrandissement. Le sous-sol comportera les salles mécaniques, le lien de jonction et divers espaces de rangement. Par ailleurs, les réaménagements toucheront principalement l’aire clinico-administrative, l’unité de médecine de jour et les aires de soutien.",69100000,69100000,0,,2023-03-31,En réalisation,"Mars 2021_x000D_
La modification de la date de la mise en service a été autorisée. Initialement prévue en novembre 2021, elle est reportée à mars 2023._x000D_
Juin 2019_x000D_
Le projet a été autorisé à l’étape « En réalisation ».",Ministre de la Santé et des Services sociaux,Centre intégré de santé et de services sociaux de la Montérégie-Est,Société québécoise des infrastructures,Santé et Services sociaux,Santé et Services sociaux,16 – Montérégie,Hôpital Honoré-Mercier,Saint-Hyacinthe,Agrandissement et réaménagement
310,"Hôpital de Sept-Îles, urgence et bloc opératoire – Agrandissement et réaménagement","Le besoin de l’hôpital de Sept-Îles est généré principalement par l’état de vétusté fonctionnelle du bâtiment. Le projet vise donc à régler ce problème dans les secteurs suivants : l’urgence, le bloc opératoire, l’endoscopie, la chirurgie d’un jour, la santé mentale et l’unité de retraitement des dispositifs médicaux._x000D_
Il consiste en un agrandissement, sur trois étages, à l’emplacement du stationnement actuel du personnel de l’hôpital, ainsi qu’en des réaménagements.",,,,,,En planification,"Août 2021_x000D_
Le projet a été autorisé à l’étape « En planification »._x000D_
Juin 2019_x000D_
Le projet a été autorisé à l’étape « À l’étude ».",Ministre de la Santé et des Services sociaux,Centre intégré de santé et de services sociaux de la Côte-Nord,Société québécoise des infrastructures,Santé et Services sociaux,Santé et Services sociaux,09 – Côte-Nord,Hôpital de Sept-Îles,Sept-Îles,Agrandissement et réaménagement
311,"Hôpital Santa Cabrini, bloc opératoire – Montréal – Agrandissement et réaménagement","Le projet consiste à moderniser le bloc opératoire et l’unité de retraitement des dispositifs médicaux de l’hôpital Santa Cabrini, afin de répondre aux problèmes cliniques et fonctionnels de ces secteurs et d’améliorer les infrastructures. _x000D_
Il prévoit l’ajout de deux salles d’opération, pour un total de huit, et la mise aux normes de l’unité de retraitement des dispositifs médicaux.",96300000,86300000,10000000,,2025-06-30,En réalisation,"Décembre 2020_x000D_
Le projet a été autorisé à l’étape « En réalisation »._x000D_
Août 2020_x000D_
Le projet a été autorisé à l’étape « En planification »._x000D_
Juillet 2019_x000D_
Le projet a été autorisé à l’étape « À l’étude ».",Ministre de la Santé et des Services sociaux,Centre intégré universitaire de santé et de services sociaux de l’Est-de-l’Île-de-Montréal,Société québécoise des infrastructures,Santé et Services sociaux,Santé et Services sociaux,06 – Montréal,Hôpital Santa Cabrini,Montréal,Agrandissement et réaménagement
312,Collège Ahuntsic – Montréal – Bonification,Le projet consiste en l’ajout d’espace ainsi qu’à un réaménagement afin de combler le déficit d’espace d’enseignement du collège Ahuntsic.,,,,,,À l’étude,"Juillet 2019_x000D_
Le projet a été autorisé à l’étape « À l’étude ».",Ministre de l’Enseignement supérieur,Collège Ahuntsic,Société québécoise des infrastructures,Enseignement supérieur,Éducation et culture,06 – Montréal,Collège Ahuntsic,Montréal,Bonification
313,"Université de Montréal, pavillon principal et complexe des sciences – Maintien et bonification","Le projet consiste en l’expansion de la première phase du complexe des sciences par l’ajout d’espace. Il vise à accueillir la totalité ou une partie des départements des sciences des données. L’espace libéré au pavillon André-Aisenstadt, situé au campus de la montagne, serait réaménagé afin que des activités de l’École de santé publique de l’Université de Montréal et de certains départements de la Faculté des arts et des sciences y soient relocalisées.",,,,,,À l’étude,"Juillet 2019_x000D_
Le projet a été autorisé à l’étape « À l’étude ».",Ministre de l’Enseignement supérieur,Université de Montréal,Université de Montréal en association avec la Société québécoise des infrastructures,Enseignement supérieur,Éducation et culture,06 – Montréal,Université de Montréal,Montréal,Maintien et bonification
314,"Cégep Édouard-Montpetit, cliniques-écoles – Longueuil – Maintien et bonification",Le projet consiste en l’ajout d’espace ainsi qu’à un réaménagement afin de combler le déficit d’espace d’enseignement du cégep Édouard-Montpetit.,,,,,,À l’étude,"Juillet 2019_x000D_
Le projet a été autorisé à l’étape « À l’étude ».",Ministre de l’Enseignement supérieur,Cégep Édouard-Montpetit,Société québécoise des infrastructures,Enseignement supérieur,Éducation et culture,16 – Montérégie,Cégep Édouard-Montpetit,Longueuil,Maintien et bonification
315,"Institut national de psychiatrie légale Philippe-Pinel – Montréal – Construction, agrandissement et réaménagement","Le projet vise la modernisation des unités de soins et le renforcement de la mission d’enseignement de l’Institut, afin de permettre l’application de nouvelles approches de services en psychiatrie. Les travaux prévus visent la construction de deux pavillons, dont un est destiné à des unités de soins, et l’autre, à la recherche et à l’enseignement, ainsi que l’agrandissement et le réaménagement de deux pavillons existants.",,,,,,En planification,"Mars 2022_x000D_
Le projet a été autorisé à l’étape « En planification »._x000D_
Août 2019_x000D_
Le projet a été autorisé à l’étape « À l’étude ».",Ministre de la Santé et des Services sociaux,Institut national de psychiatrie légale Philippe-Pinel,Société québécoise des infrastructures,Santé et Services sociaux,Santé et Services sociaux,06 – Montréal,Institut national de psychiatrie légale Philippe-Pinel,Montréal,"Construction, agrandissement et réaménagement"
316,Centre d’attachement nord-ouest de la STM – Montréal – Construction,"Le projet vise la construction d’un atelier souterrain, communément appelé centre d’attachement, qui comportera douze places de stationnement de convois d’entretien, dans le quadrant nord-ouest du réseau de métro, afin de soutenir la croissance du programme de maintien d’actifs de la Société de transport de Montréal.",,,,,,En planification,"Juin 2019_x000D_
Le projet a été autorisé à l’étape « En planification ».",Ministre des Transports,Autorité régionale de transport métropolitain conjointement avec la Société de transport de Montréal,Société de transport de Montréal en association avec la Société québécoise des infrastructures,Transport collectif,Économie et environnement,06 – Montréal,Centre d’attachement nord-ouest de la STM,Montréal,Construction
317,"Métro de Montréal, système de contrôle des trains sur la ligne bleue – Remplacement","Le projet vise à remplacer le système de contrôle de train, dit à cantons fixes, sur l’ensemble de la ligne bleue, par un système appelé « Communication Based-Train Control » (CBTC) sur la ligne bleue.",,,,,,En planification,"Juin 2019_x000D_
Le projet a été autorisé à l’étape « En planification ».",Ministre des Transports,Autorité régionale de transport métropolitain conjointement avec la Société de transport de Montréal,Société de transport de Montréal en association avec la Société québécoise des infrastructures,Transport collectif,Économie et environnement,06 – Montréal,Métro de Montréal,Montréal,Remplacement
318,Autoroute 35 entre Saint-Sébastien et Saint-Armand (phase III) – Construction,"Le prolongement de l’autoroute 35 vise à compléter le lien entre Montréal et Boston pour accroître les échanges commerciaux et touristiques avec la Nouvelle-Angleterre. Ce projet améliorera la sécurité routière et la qualité de vie des résidents en bordure de la route 133 en y diminuant la circulation de transit. Le projet consiste à construire une autoroute à deux voies par direction sur chaussées séparées. La phase III de ce projet vise à compléter le lien entre Saint-Sébastien et Saint-Armand, sur 8,9 km. Les deux premières phases du projet ont été mises en service en 2014, tandis que la phase IV est en planification.",222900000,140800000,82100000,,2023-09-30,En réalisation,"Mars 2020_x000D_
Une hausse de 20,7 M$ au coût du projet a été autorisée. Initialement prévu à 202,2 M$, le coût est maintenant de 222,9 M$. Ainsi, la contribution du Québec passe de 120,1 M$ à 140,8 M$ et celle des partenaires demeure à 82,1 M$._x000D_
Août 2019_x000D_
Le projet a été autorisé à l’étape « En réalisation »._x000D_
Le projet « Prolongement de l’autoroute 35 jusqu’à la frontière américaine – Phases III et IV » a été scindé en deux projets distincts. Le projet « 104 - Prolongement de l’autoroute 35 (phase IV) de Saint-Armand jusqu’à la frontière américaine » demeure « En planification » et le projet « 318 - Prolongement de l’autoroute 35 (phase III) de Saint-Sébastien à Saint-Armand » est maintenant « En réalisation ».",Ministre des Transports,Ministère des Transports,Ministère des Transports,Réseau routier,Économie et environnement,05 – Estrie; 16 – Montérégie,Autoroute 35,De Saint-Sébastien à Saint-Armand,Construction
319,Autoroute 50 entre Gatineau et L’Ange-Gardien – Élargissement,"Le projet d’amélioration de l’autoroute 50, entre Gatineau et L’Ange-Gardien, consiste en la réalisation de travaux qui permettront de rehausser la sécurité de cette autoroute. Les travaux, sur ce tronçon de 7,8 km, ont été priorisés parmi les autres secteurs de l’autoroute, qui sont encore en voies contiguës.",110400000,110400000,0,,2023-11-30,En réalisation,"Mars 2022_x000D_
Le projet a été autorisé à l’étape « En réalisation »._x000D_
Septembre 2019_x000D_
Le projet a été autorisé à l’étape « En planification »._x000D_
Le projet « Amélioration de l’autoroute 50 entre Gatineau et Mirabel » a été scindé en deux projets distincts. Le projet renommé « 208 - Autoroute 50 entre L’Ange-Gardien et Mirabel – Bonification » demeure « À l’étude » et le présent projet « 319 - Autoroute 50 entre Gatineau et L’Ange-Gardien – Élargissement » est maintenant « En planification ».",Ministre des Transports,Ministère des Transports,Ministère des Transports,Réseau routier,Économie et environnement,07 – Outaouais,Autoroute 50,De Gatineau à L’Ange-Gardien,Élargissement
322,"Autoroute 15, direction nord, entre Boisbriand et Mirabel, voie réservée – Aménagement","Le projet vise la construction d’une voie réservée sur l’autoroute 15, en direction nord, entre l’autoroute 640 et l’autoroute 50, soit entre Boisbriand et Mirabel. Cet aménagement permettra d’améliorer les conditions de circulation aux heures de pointe.",191700000,191700000,0,2023-12-31,2025-08-30,En réalisation,"Mars 2022_x000D_
Le projet a été autorisé à l’étape « En réalisation »._x000D_
Décembre 2020_x000D_
Le projet a été autorisé à l’étape « En planification ».",Ministre des Transports,Ministère des Transports,Ministère des Transports,Réseau routier,Économie et environnement,15 – Laurentides,Autoroute 15 (des Laurentides),De Boisbriand à Mirabel,Aménagement
323,"Autoroute 40 (Métropolitaine) secteur est, entre les boulevards Provencher et Saint-Laurent – Montréal – Réfection","Le projet du secteur est de l’autoroute Métropolitaine consiste en une réfection majeure avec une reconstruction des côtés extérieurs des dalles et des glissières latérales, dans l’objectif d’éviter toute intervention importante pour une période de 25 ans. La réfection majeure du secteur est de l’autoroute Métropolitaine consiste à mettre à niveau les structures afin de freiner leur dégradation et d’assurer leur pérennité.",,,,,,En planification,"Septembre 2019_x000D_
Le projet « Réfection majeure de l’autoroute Métropolitaine à Montréal » a été scindé en deux projets distincts. Ainsi, le projet « 113 - Autoroute 40 (Métropolitaine) secteur ouest, entre le boulevard Saint-Laurent et l’autoroute 520 – Montréal – Réfection » demeure « À l’étude ». Le présent projet « 323 - Autoroute 40 (Métropolitaine) secteur est, entre les boulevards Provencher et Saint-Laurent – Montréal – Maintien » est maintenant « En planification ».",Ministre des Transports,Ministère des Transports,Ministère des Transports,Réseau routier,Économie et environnement,06 – Montréal,Autoroute 40 (Métropolitaine),Montréal,Réfection
324,École secondaire de la commission scolaire Central Québec – Québec (arrondissement de Sainte-Foy–Sillery–Cap-Rouge) – Maintien et bonification,"Le projet consiste en la construction d’une école secondaire à Québec, sur le territoire de la commission scolaire Central Québec dans l’arrondissement de Sainte-Foy–Sillery–Cap-Rouge, afin de remplacer deux installations devenues vétustes, soit les écoles secondaires Saint-Patrick (St. Patrick’s High School) et Q.H.S. (Quebec High School).",,,,,,À l’étude,"Novembre 2019_x000D_
Le projet a été autorisé à l’étape « À l’étude ».",Ministre de l’Éducation,Commission scolaire Central Québec,Société québécoise des infrastructures,Éducation,Éducation et culture,03 – Capitale-Nationale,École secondaire de la commission scolaire Central Québec,Québec (arrondissement de Sainte-Foy–Sillery–Cap-Rouge),Maintien et bonification
325,"Édifice du 1000, rue Fullum, bloc C – Montréal – Réfection et réaménagement","Le bâtiment sis au 1000 rue Fullum à Montréal est un immeuble de bureaux d’une superficie utilisable d’environ 24 100 m². À l’été 2018, la Société est devenue propriétaire du bâtiment qui est divisé en trois blocs interdépendants, A, B et C. Le projet consiste à réaliser des travaux de maintien d’actif et de réaménagement du bloc C afin de satisfaire les besoins de la clientèle et de rendre le bloc C indépendant.",75900000,75900000,0,,2023-12-31,En réalisation,"Septembre 2021_x000D_
Une modification de la portée du projet a été autorisée afin d’annuler les travaux prévus aux blocs A et B et ajouter certains travaux au bloc C, et ce, en conservant le coût et l’échéancier initialement approuvés._x000D_
Décembre 2020_x000D_
Le projet a été autorisé à l’étape « En réalisation »._x000D_
Juillet 2020_x000D_
Le projet a été autorisé à l’étape « En planification ».",Ministre responsable de l’Administration gouvernementale,Société québécoise des infrastructures,Société québécoise des infrastructures,Administration gouvernementale,Gouverne et justice,06 – Montréal,Édifice du 1000 rue Fullum,Montréal,Réfection et réaménagement
326,École secondaire Pierre-Bédard du centre de services scolaire des Grandes-Seigneuries – Saint-Rémi – Agrandissement et réaménagement,"Le projet consiste en l’agrandissement et au réaménagement de l’école secondaire Pierre-Bédard à Saint-Rémi, sur le territoire du centre de services scolaire des Grandes-Seigneuries. Afin de réduire le déficit d’espace reconnu par le Ministère, l’ajout de 605 places-élèves est prévu. Ainsi, la capacité d’accueil de l’école sera de 1 073 places-élèves.",,,,,,En planification,"Octobre 2019_x000D_
Le projet a été autorisé à l’étape « En planification ».",Ministre de l’Éducation,Centre de services scolaire des Grandes-Seigneuries,Société québécoise des infrastructures,Éducation,Éducation et culture,16 – Montérégie,École secondaire Pierre-Bédard du centre de services scolaire des Grandes-Seigneuries,Saint-Rémi,Agrandissement et réaménagement
327,École secondaire Jacques-Leber du centre de services scolaire des Grandes-Seigneuries – Saint-Constant – Agrandissement et réaménagement,"Le projet consiste en l’agrandissement et au réaménagement de l’école secondaire Jacques-Leber à Saint-Constant, sur le territoire du centre de services scolaire des Grandes-Seigneuries. Afin de réduire le déficit d’espace reconnu par le Ministère, l’ajout de 572 places-élèves est prévu. Ainsi, la capacité d’accueil de l’école sera de 1 188 places-élèves.",,,,,,En planification,"Octobre 2019_x000D_
Le projet a été autorisé à l’étape « En planification ».",Ministre de l’Éducation,Centre de services scolaire des Grandes-Seigneuries,Société québécoise des infrastructures,Éducation,Éducation et culture,16 – Montérégie,École secondaire Jacques-Leber du centre de services scolaire des Grandes-Seigneuries,Saint-Constant,Agrandissement et réaménagement
328,Installations de la Société ferroviaire et portuaire de Pointe-Noire (phase I) – Réaménagement et construction,"Le projet a pour but d’accroître la capacité des installations de la Société ferroviaire et portuaire de Pointe-Noire et de réaliser des travaux relatifs à la conformité environnementale de son site, dans un contexte de croissance de ses activités.",180000000,80000000,100000000,2019-06-01,2022-12-31,En service,"Mars 2021_x000D_
La mise en service partielle de l’infrastructure a été autorisée au cours de l’année financière 2020-2021._x000D_
Juin 2019_x000D_
Le projet a été autorisé à l’étape « En réalisation ».",Ministre de l’Énergie et des Ressources naturelles,Société du Plan Nord,Société ferroviaire et portuaire de Pointe-Noire s.e.c.,Développement du territoire nordique,Économie et environnement,09 – Côte-Nord,Installations de la Société ferroviaire et portuaire de Pointe-Noire,Sept-Îles,Réaménagement et construction
329,Centre de transport Legendre de la STM – Montréal – Agrandissement,"Le projet vise l’agrandissement du centre de transport Legendre, de la Société de transport de Montréal, afin qu’il soit en mesure de gérer des autobus supplémentaires. Cet agrandissement sera également conçu avec l’intégration des requis nécessaires à la recharge des autobus électriques, en prévision de la mise en œuvre de l’électrification du réseau d’autobus.",74800000,55300000,19500000,2021-02-28,2021-11-30,En service,"Mars 2022_x000D_
Une hausse de 0,2 M$ au coût du projet a été autorisée. Initialement prévu à 74,6 M$, le coût est maintenant de 74,8 M$. Ainsi, la contribution du Québec passe de 54,9 M$ à 55,3 M$ et celle des partenaires, de 19,7 M$ à 19,5 M$. De plus, la modification des dates de début et de fin de la mise en service a été autorisée.  Initialement, elles étaient respectivement prévues en septembre 2020 et en octobre 2021. Elles ont été reportées en février 2021 et en novembre 2021. La mise en service complète de l’infrastructure a été autorisée au cours de l’année financière 2021-2022. Le projet sera retiré du Tableau de bord lors de la prochaine mise à jour annuelle._x000D_
Mars 2021_x000D_
La mise en service de l’infrastructure a été autorisée au cours de l’année financière 2020-2021._x000D_
Mars 2020_x000D_
Le projet « Agrandissement de trois des centres de transport pour les autobus de la Société de transport de Montréal (Anjou, Legendre et Saint-Laurent) » a été scindé en trois projets distincts._x000D_
Les projets « 282 - Centre de transport Anjou de la STM – Montréal – Agrandissement » et le projet « 332 - Centre de transport Saint-Laurent de la STM – Montréal – Agrandissement » sont autorisés à l’étape « En planification »._x000D_
Mars 2019_x000D_
Le projet a été autorisé à l’étape « En planification ».",Ministre des Transports,Société de transport de Montréal,Société de transport de Montréal,Transport collectif,Économie et environnement,06 – Montréal,Centre de transport Legendre de la STM,Montréal,Agrandissement
330,Institut universitaire en santé mentale Douglas – Montréal – Maintien,"Le projet prévoit un renouvellement des infrastructures de l’institut universitaire en santé mentale Douglas. Il vise ainsi la mise aux normes fonctionnelles des bâtiments, l’augmentation de la capacité d’accueil pour la clientèle en services ambulatoires ainsi que l’extension de la mission d’enseignement et de recherche de l’Institut.",,,,,,À l’étude,"Décembre 2019_x000D_
Le projet a été autorisé à l’étape « À l’étude ».",Ministre de la Santé et des Services sociaux,Centre intégré universitaire de santé et de services sociaux de l’Ouest-de-l’Île-de-Montréal,Société québécoise des infrastructures,Santé et Services sociaux,Santé et Services sociaux,06 – Montréal,Institut universitaire en santé mentale Douglas,Montréal,Maintien
332,Centre de transport Saint-Laurent de la STM – Montréal – Agrandissement,"Le projet vise l’agrandissement du centre de transport Saint-Laurent, de la Société de transport de Montréal, afin qu’il soit en mesure de gérer des autobus supplémentaires. Cet agrandissement sera également conçu avec l’intégration des requis nécessaires à la recharge des autobus électriques, en prévision de la mise en œuvre de l’électrification du réseau d’autobus.",66000000,48800000,17200000,2021-03-31,2022-07-15,En service,"Mars 2022_x000D_
Une hausse de 0,2 M$ au coût du projet a été autorisée. Initialement prévu à 65,8 M$, le coût est maintenant de 66,0 M$. Ainsi, la contribution du Québec passe de 48,5 M$ à 48,8 M$ et celle des partenaires, de 17,3 M$ à 17,2 M$. De plus, la modification des dates de début et de fin de la mise en service a été autorisée.  Initialement, elles étaient respectivement prévues en janvier 2021 et en décembre 2021. Elles sont reportées en mars 2021 et en juillet 2022._x000D_
Mars 2021_x000D_
La mise en service partielle de l’infrastructure a été autorisée au cours de l’année financière 2020-2021._x000D_
Mars 2020_x000D_
Le projet « Agrandissement de trois des centres de transport pour les autobus de la Société de transport de Montréal (Anjou, Legendre et Saint-Laurent) » a été scindé en trois projets distincts. Les projets « 282 - Centre de transport Anjou de la STM – Montréal – Agrandissement » et le projet « 329 - Centre de transport Legendre de la STM – Montréal – Agrandissement » sont autorisés à l’étape « En planification »._x000D_
Mars 2019_x000D_
Le projet a été autorisé à l’étape « En planification ».",Ministre des Transports,Société de transport de Montréal,Société de transport de Montréal,Transport collectif,Économie et environnement,06 – Montréal,Centre de transport Saint-Laurent de la STM,Montréal,Agrandissement
335,Centre Métrobus du RTC – Québec – Bonification,"Le projet vise des modifications et un agrandissement du Centre Métrobus afin de répondre à une partie des problèmes liés à l’électrification de la flotte du RTC, tels que les équipements inadéquats pour l’entretien et l’exploitation des autobus électriques et le manque d’espace pour accueillir l’ensemble des véhicules.",,,,,,À l’étude,"Mars 2020_x000D_
Le projet a été autorisé à l’étape « À l’étude ».",Ministre des Transports,Réseau de transport de la Capitale,Réseau de transport de la Capitale,Transport collectif,Économie et environnement,03 – Capitale-Nationale,Centre Métrobus du RTC,Québec,Bonification
336,Centre Newton du RTC – Québec – Acquisition et réaménagement,"Le projet vise la construction d’un troisième centre d’exploitation, au milieu du réseau de transport collectif actuel, en vue d’améliorer l’efficacité et la fonctionnalité des activités avec des véhicules électriques. L’ajout d’un troisième centre d’exploitation permettra, en complémentarité avec le Centre Métrobus modifié et le Centre Lebourgneuf, de disposer de suffisamment d’espace pour la totalité de la flotte du RTC, sans nuire aux activités quotidiennes.",,,,,,En planification,"Décembre 2021_x000D_
Le projet a été autorisé à l’étape « En planification »._x000D_
Mars 2020_x000D_
Le projet a été autorisé à l’étape « À l’étude ».",Ministre des Transports,Réseau de transport de la Capitale,Réseau de transport de la Capitale,Transport collectif,Économie et environnement,03 – Capitale-Nationale,Centre Newton du RTC,Québec,Acquisition et réaménagement
339,"Écoquartier, îlot central du technopôle Angus – Montréal – Construction","La Société du patrimoine Angus implante un écoquartier à vocation mixte, sur une friche industrielle contaminée d’une superficie de 37 000 m², soit l’îlot central du technopôle Angus, situé dans l’arrondissement de Rosemont–La Petite-Patrie, à Montréal._x000D_
Le projet prévoit plus de 360 unités résidentielles, dont la majorité à des fins de logements sociaux et abordables, des salles de bureau, des locaux commerciaux et divers aménagements publics.La Ville de Montréal a reçu, en vertu du décret numéro 315-2018 du 21 mars 2018, une aide financière gouvernementale de 20,5 M$ pour soutenir la réalisation des infrastructures vertes de l’écoquartier (gestion des sols contaminés, infrastructures de gestion de l’eau, lieux publics, boucle énergétique).",250000000,20500000,229500000,,2029-03-31,En réalisation,"Mars 2021_x000D_
Le projet a été autorisé à l’étape « En réalisation »._x000D_
Mars 2020_x000D_
Le projet a été autorisé à l’étape « En planification ».",Ministre responsable de la Métropole et de la région de Montréal,Ville de Montréal,Société du patrimoine Angus,Municipalités,Économie et environnement,06 – Montréal,,Montréal,Construction
340,Projet structurant de transport collectif de type service rapide par bus dans l’axe des boulevards Notre-Dame et de la Concorde – Laval – Bonification,"Le projet vise l’implantation d’un mode structurant de transport collectif dans l’axe des boulevards Notre-Dame et de la Concorde, sur le territoire de Laval, qui permettrait de répondre à certains enjeux de mobilité pressants.",,,,,,À l’étude,"Mars 2020_x000D_
Le projet a été autorisé à l’étape « À l’étude ».",Ministre des Transports,Société de transport de Laval,Société de transport de Laval,Transport collectif,Économie et environnement,13 – Laval,Projet structurant de transport collectif de type service rapide par bus,Laval,Bonification
341,"Bromont, montagne d’expériences – Construction et acquisition","Le projet vise à attirer davantage de touristes d’ici et d’ailleurs pour les inciter à prolonger leur séjour dans la région afin d’accroître les retombées économiques._x000D_
Il consiste notamment à l’agrandissement et à la modernisation des infrastructures d’accueil et d’accès à la montagne, à la mise en valeur de la montagne, à l’ajout d’activités et à la mise en place d’hébergements adaptés qui permettront d’enrichir l’offre durant les quatre saisons.",75700000,9600000,66100000,2017-01-01,2025-03-31,En service,"Mars 2022_x000D_
La modification de la date de la mise en service complète a été autorisée. Prévue en mai 2023, elle est reportée à mars 2025._x000D_
Mars 2021_x000D_
La mise en service partielle de l’infrastructure a été autorisée au cours de l’année financière 2020-2021. De plus, la modification de la date de la mise en service complète a été autorisée, initialement prévue en mai 2025, elle est devancée à mai 2023._x000D_
Mars 2020_x000D_
Le projet a été autorisé à l’étape « En réalisation ».",Ministre du Tourisme,"Bromont, montagne d’expériences","Bromont, montagne d’expériences",Tourisme et activités récréatives,Économie et environnement,05 – Estrie,"Bromont, montagne d’expériences",Bromont,Construction et acquisition
342,Station touristique Owl’s Head – Mansonville – Construction et acquisition,"Le projet vise à attirer davantage de touristes d’ici et d’ailleurs pour les inciter à prolonger leur séjour dans la région afin d’accroître les retombées économiques. _x000D_
Il consiste notamment à la modernisation des infrastructures actuelles et à l’ajout d’installations récréotouristiques en vue d’une pratique multiactivités, de même qu’à la mise en place d’hébergements intégrés et adaptés qui permettront d’enrichir l’offre durant les quatre saisons.",161900000,20400000,141500000,2018-01-01,2030-03-31,En service,"Mars 2022_x000D_
La modification de la date de la mise en service complète a été autorisée. Initialement prévue en avril 2025, elle est reportée à mars 2030._x000D_
Mars 2021_x000D_
La mise en service partielle de l’infrastructure a été autorisée au cours de l’année financière 2020-2021._x000D_
Mars 2020_x000D_
Le projet a été autorisé à l’étape « En réalisation ».",Ministre du Tourisme,Destination Owl’s Head inc.,Destination Owl’s Head inc.,Tourisme et activités récréatives,Économie et environnement,05 – Estrie,Station touristique Owl’s Head ,Mansonville,Construction et acquisition
343,Pont Alonzo-Wright et approches est et ouest – Gatineau – Construction et réaménagement,"Le projet consiste en l’élargissement du pont Alonzo-Wright, de deux à quatre voies, ce qui inclut le réaménagement du carrefour des côtés est (avenue du pont et route 307) et ouest (chemin Alonzo Wright et route 105). Les voies ainsi ajoutées seront dédiées au transport collectif et au covoiturage. Le projet permettra d’améliorer la fonctionnalité, le bilan de sécurité et le niveau de service. Il assurera également la cohabitation entre les divers usagers (piétons, cyclistes, voitures et transport en commun).",,,,,,En planification,"Mars 2020_x000D_
Le projet a été autorisé à l’étape « En planification ».",Ministre des Transports,Ministère des Transports,Ministère des Transports,Réseau routier,Économie et environnement,07 – Outaouais,Pont Alonzo Wright,Gatineau,Construction et réaménagement
344,Route 158 entre Saint-Alexis et Joliette – Réaménagement,"Le projet vise à renforcer la sécurité routière en plus d’améliorer la fluidité de la circulation de cet axe routier entre Saint-Alexis et Joliette. Il consiste au réaménagement de cette portion de la route 158, qui comportera quatre voies avec un séparateur physique ainsi qu’un échangeur, à l’intersection de la route 343, à Saint-Paul.",,,,,,En planification,"Mars 2020_x000D_
Le projet a été autorisé à l’étape « En planification ».",Ministre des Transports,Ministère des Transports,Ministère des Transports,Réseau routier,Économie et environnement,14 – Lanaudière,Route 158,De Saint-Alexis à Joliette,Réaménagement
345,Rue Notre-Dame Ouest entre le boulevard Angrignon et la rue De Courcelle (secteur de Turcot) – Montréal – Réaménagement,"Le projet vise l’amélioration de l’axe Notre-Dame Ouest, dans le secteur de l’échangeur Turcot, pour ainsi favoriser la connectivité entre les différents secteurs de la ville de Montréal, via un réseau routier local plus performant.",,,,,,En planification,"Mars 2020_x000D_
Le projet a été autorisé à l’étape « En planification ».",Ministre des Transports,Ministère des Transports,Ville de Montréal,Réseau routier,Économie et environnement,06 – Montréal,Rue Notre-Dame,Montréal,Réaménagement
346,Route 139 – Granby – Réfection et construction,"Le plan d’intervention sur la route 139 se situe entre l’autoroute 10 et la rue Dufferin. Il vise à améliorer la fluidité et la sécurité des usagers sur ce tronçon de la route 139. Il comporte trois interventions, soit le réaménagement de l’échangeur 68, la construction d’un échangeur, à l’intersection de la route 112, et le réaménagement de la route 139 entre la route 112 et la rue Dufferin, à Granby.",96100000,94400000,1700000,2022-10-31,2024-11-30,En réalisation,"Mars 2022_x000D_
Le projet a été autorisé à l’étape « En réalisation »._x000D_
Mars 2020_x000D_
Le projet a été autorisé à l’étape « En planification ».",Ministre des Transports,Ministère des Transports,Ministère des Transports,Réseau routier,Économie et environnement,05 – Estrie,Route 139,Granby,Réfection et construction
347,Résidence Plaisance des Îles – Cap-aux-Meules – Construction,"Le projet consistait à construire un édifice pour accueillir la résidence Plaisance des Îles, qui serait évolutive et destinée à une clientèle multiple, sur le site de l’ancien CHSLD Villa Plaisance.",56300000,38300000,28000000,,2021-02-28,En service,"Mars 2022_x000D_
La mise en service complète de l’infrastructure a été autorisée au cours de l’année financière 2021-2022. Le projet sera retiré du Tableau de bord lors de la prochaine mise à jour annuelle._x000D_
Mars 2020_x000D_
Le projet a été autorisé à l’étape « En planification ».",Ministre de la Santé et des Services sociaux,Résidence Plaisance des Îles,Résidence Plaisance des Îles,Santé et Services sociaux,Santé et Services sociaux,11 – Gaspésie–Îles-de-la-Madeleine,Résidence Plaisance des Île,Cap-aux-Meules,Construction
348,Structures de l’autoroute 720 (route 136) – Montréal (arrondissement de Ville-Marie) – Réfection,"Le projet concerne la portion de l’autoroute 720 dans l’arrondissement de Ville-Marie à Montréal , entre l’avenue Greene et le tunnel Ville-Marie, qui n’a pas été reconstruite lors du projet de l’échangeur Turcot. Il vise à assurer la sécurité des usagers et la pérennité des infrastructures.",92800000,92800000,0,2021-12-31,2028-12-31,En service,"Mars 2022_x000D_
La mise en service partielle de l’infrastructure a été autorisée au cours de l’année financière 2021-2022. De plus, la modification de la date de la mise en service complète a été autorisée. Initialement prévue en décembre 2031, elle est devancée à décembre 2028._x000D_
Mars 2021_x000D_
Le projet a été autorisé à l’étape « En réalisation »._x000D_
Mars 2020_x000D_
Le projet a été autorisé à l’étape « En planification ».",Ministre des Transports,Ministère des Transports,Ministère des Transports,Réseau routier,Économie et environnement,06 – Montréal,Structures de l’autoroute 720 (route 136),Montréal,Réfection
350,Équipement avionique des avions CL415 – Régions administratives du Québec – Modernisation,Le projet consiste en la modernisation majeure des systèmes avioniques (électriques et électroniques) utilisés notamment pour la navigation des avions-citernes.,56200000,56200000,0,2022-11-30,2026-05-31,En réalisation,"Mars 2022_x000D_
La modification des dates de début et de fin de la mise en service a été autorisée. Initialement, elles étaient respectivement prévues en février 2022 et en mai 2024. Elles sont reportées en novembre 2022 et en mai 2026._x000D_
Mars 2021_x000D_
La modification de la date du début de la mise en service a été autorisée. Initialement prévue en mai 2020, elle est reportée à février 2022._x000D_
Mars 2020_x000D_
Le projet a été autorisé à l’étape « En réalisation ».",Ministre des Transports,Ministère des Transports,Ministère des Transports,"Transports maritime, aérien, ferroviaire et autres",Économie et environnement,Plusieurs régions du Québec,Équipement avionique des avions CL415,Québec,Modernisation
351,Navires – Traverses du centre du Québec – Acquisition,"Le projet consiste à ajouter trois navires de relève pour certaines traverses du centre du Québec en l’occurrence, celles de Tadoussac–Baie-Sainte-Catherine, Saint-Joseph-de-la-Rive–Île-aux-Coudres et Sorel-Tracy–Saint-Ignace-de-Loyola.",,,,,,En planification,"Mars 2020_x000D_
Le projet a été autorisé à l’étape « En planification ».",Ministre des Transports,Société des traversiers du Québec,Société des traversiers du Québec,"Transports maritime, aérien, ferroviaire et autres",Économie et environnement,03 – Capitale-Nationale; 09 – Côte-Nord; 12 – Chaudière-Appalaches; 14 – Lanaudière; 16 – Montérégie,Navires,Centre du Québec,Acquisition
352,Réseau de télécommunication – Nunavik – Construction,"Le projet permettra d’améliorer la capacité à large bande dans cinq collectivités au Nunavik, au moyen de fibre optique sous-marine et terrestre. Ce projet fournira un accès à un service à large bande dédié à 18 institutions publiques (éducation, sécurité publique, santé et services sociaux, etc.).",125700000,62600000,63100000,2022-09-30,2024-03-31,En réalisation,"Mars 2022_x000D_
La modification des dates de début et de fin de la mise en service a été autorisée.  Initialement, elles étaient respectivement prévues en avril 2021 et en mars 2023. Elles sont reportées en septembre 2022 et en mars 2024._x000D_
Mars 2020_x000D_
Le projet a été autorisé à l’étape « En réalisation ».",Ministre de l’Économie et de l’Innovation,Société du Plan Nord,Administration régionale Kativik,Développement du territoire nordique,Économie et environnement,10 – Nord-du-Québec,Réseau de télécommunication,Nunavik,Construction
357,"Hôpital Charles-Le Moyne, santé mentale – Longueuil – Maintien et bonification","Le projet consiste à déployer un centre intégré en santé mentale pour jeunes et adultes, à l’hôpital Charles-Le Moyne, afin de regrouper divers services existants et aussi d’augmenter les services.",,,,,,À l’étude,"Mars 2020_x000D_
Le projet a été autorisé à l’étape « À l’étude ».",Ministre de la Santé et des Services sociaux,Centre intégré de santé et de services sociaux de la Montérégie-Centre,Société québécoise des infrastructures,Santé et Services sociaux,Santé et Services sociaux,16 – Montérégie,Hôpital Charles-Le Moyne,Longueuil,Maintien et bonification
358,"Autoroute 20, direction est, entre Beloeil et Sainte-Julie, voie réservée – Aménagement",Le projet consiste en l’élargissement de l’autoroute 20 est de Sainte-Julie à Beloeil sur un tronçon d’environ 13 km à l’intérieure de l’emprise existante. Ce projet vise à résoudre un problème de congestion par l’aménagement d’une voie réservée sur l’autoroute 20 est entre l’autoroute 30 et la rivière Richelieu.,154800000,154800000,0,,2026-08-30,En réalisation,"Mars 2022_x000D_
Le projet a été autorisé à l’étape « En réalisation »._x000D_
Mars 2020_x000D_
Le projet a été autorisé à l’étape « En planification ».",Ministre des Transports,Ministère des Transports,Ministère des Transports,Réseau routier,Économie et environnement,16 – Montérégie,Autoroute 20,De Beloeil à Sainte-Julie,Aménagement
360,Structures de l’autoroute 520 (Côte-de-Liesse) entre l’autoroute 20 et l’autoroute 40 – Montréal et Dorval – Reconstruction,"Les projets visent la reconstruction de six ponts de l’autoroute 520 (Côte-de-Liesse) au-dessus du boulevard Cavendish, de la rue Hickmore, de la montée de Liesse, de l’autoroute 13, de la 43e Avenue et de la 55e Avenue. Ces structures sont situées entre l’autoroute 20 et l’autoroute 40 à Montréal et à Dorval. L’objectif est d’avoir de nouveaux ponts d’une durée de vie utile de 75 ans, ainsi que de séparer les structures de compétence municipale de celle sous la responsabilité du MTQ.",89700000,88600000,1100000,2020-03-01,2026-03-01,En service,"Mars 2022_x000D_
Une hausse de 21 M$ au coût du projet a été autorisée. Prévu à 68,7 M$, le coût est maintenant de 89,7 M$. Ainsi, la contribution du Québec passe de 67,6 M$ à 88,6 M$ et celle des partenaires demeure à 1,1 M$._x000D_
Mars 2021_x000D_
Une hausse de 1,1 M$ au coût du projet a été autorisée. Initialement prévu à 67,6 M$, le coût est de 68,7 M$ à la suite de l’ajout de la contribution des partenaires qui s’élève à 1,1 M$. De plus, la modification de la date du début de la mise en service a été autorisée. Initialement prévue en mars 2015, elle a été reportée à mars 2020. Ainsi, la mise en service partielle de l’infrastructure a été autorisée au cours de l’année financière 2020-2021._x000D_
Mars 2020_x000D_
Le projet a été autorisé à l’étape « En réalisation ».",Ministre des Transports,Ministère des Transports,Ministère des Transports,Réseau routier,Économie et environnement,06 – Montréal,Structures de l’autoroute 520,Montréal et Dorval,Reconstruction
361,Route 138 entre La Romaine et Tête-à-la-Baleine – Bonification,"Le prolongement de la route 138, entre Kegaska et Vieux-Fort (environ 400 km), vise à relier les communautés du Golfe-du-Saint-Laurent entre elles et avec le reste du Québec et, ainsi, à désenclaver cette population qui n’a pas d’accès direct au réseau routier québécois. Plus particulièrement, le parachèvement de la route 138, entre La Romaine et Tête-à-la-Baleine, représente un segment d’environ 150 kilomètres qui permettra d’améliorer la mobilité des personnes et des marchandises ainsi que l’accès aux services et aux commerces.",,,,,,À l’étude,"Mars 2020_x000D_
Le projet a été autorisé à l’étape « À l’étude ».",Ministre des Transports,Ministère des Transports,Ministère des Transports,Réseau routier,Économie et environnement,09 – Côte-Nord,Route 138,De La Romaine à Tête-à-la-Baleine,Bonification
362,Route 138 entre La Tabatière et Vieux-Fort – Bonification,"Le prolongement de la route 138, entre Kegaska et Vieux-Fort (environ 400 km), vise à relier les communautés du Golfe-du-Saint-Laurent entre elles et avec le reste du Québec et, ainsi, à désenclaver cette population qui n’a pas d’accès direct au réseau routier québécois. Plus particulièrement, le parachèvement de la route 138, entre La Tabatière et Vieux-Fort, représente un segment d’environ 150 kilomètres qui permettra d’améliorer la mobilité des personnes et des marchandises ainsi que l’accès aux services et aux commerces.",,,,,,À l’étude,"Mars 2020_x000D_
Le projet a été autorisé à l’étape « À l’étude ».",Ministre des Transports,Ministère des Transports,Ministère des Transports,Réseau routier,Économie et environnement,09 – Côte-Nord,Route 138,De La Tabatière à Vieux-Fort,Bonification
364,Projets structurants de transport collectif électrique pour prolonger le REM vers le centre de Laval et relier l’Est et l’Ouest de Laval – Bonification,"Ces projets visent l’amélioration de la mobilité de la couronne nord, en s’appuyant notamment sur l’interconnexion avec le REM et sur une branche est-ouest dans l’axe de l’autoroute 440. L’implantation d’un mode structurant de transport collectif dans ce secteur permettra de réduire la congestion routière et de soulager la branche est de ligne orange du métro de Montréal. CDPQ infra étudie ces projets.",,,,,,À l’étude,"Mars 2020_x000D_
Le projet a été autorisé à l’étape « À l’étude ».",Ministre des Transports,À déterminer,À déterminer,Transport collectif,Économie et environnement,06 – Montréal; 13 – Laval,Projets structurants de transport collectif électrique pour prolonger le REM,Laval,Bonification
365,NM Saaremaa I – Traverses de l’est du Québec – Acquisition et réfection,"Le projet vise l’acquisition du NM Saaremaa I et sa réfection, afin que le navire réponde aux normes canadiennes et aux standards de la Société des traversiers du Québec ainsi que pour l’adapter, au besoin, aux infrastructures terrestres (quais, embarcadères, passerelles, etc.).",48800000,48800000,0,2019-07-31,2023-04-30,En service,"Mars 2022_x000D_
La modification de la date de mise en service complète a été autorisée. Initialement prévue en février 2022, elle est reportée à avril 2023._x000D_
Mars 2020_x000D_
La mise en service partielle de l’infrastructure a été autorisée au cours de l’année financière 2019-2020.",Ministre des Transports,Société des traversiers du Québec,Société des traversiers du Québec,"Transports maritime, aérien, ferroviaire et autres",Économie et environnement,01 – Bas-Saint-Laurent; 03 – Capitale-Nationale; 09 – Côte-Nord,NM Saaremaa I,Rivière-du-Loup et Saint-Siméon,Acquisition et réfection
367,École primaire du centre de services scolaire de la Rivière-du-Nord (secteur Lac Jérôme) – Saint-Jérôme – Construction,"Le projet consiste en la construction d’une école primaire à Saint-Jérôme, dans le secteur Lac Jérôme du territoire du centre de services scolaire de la Rivière-du-Nord. Deux classes de maternelle 4 ans, quatre classes d’éducation préscolaire et vingt-quatre d’enseignement primaire sont prévues afin de réduire le déficit d’espace reconnu par le Ministère.",,,,,,En planification,"Mars 2020_x000D_
Le projet a été autorisé à l’étape « En planification ».",Ministre de l’Éducation,Centre de services scolaire de la Rivière-du-Nord,Centre de services scolaire de la Rivière-du-Nord,Éducation,Éducation et culture,15 – Laurentides,École primaire du centre de services scolaire de la Rivière-du-Nord (secteur Lac Jérôme),Saint-Jérôme,Construction
368,École secondaire Académie Dunton du centre de services scolaire de Montréal (arrondissement de Mercier–Hochelaga-Maisonneuve) – Agrandissement,"Le projet consiste en l’agrandissement de l’école secondaire Académie Dunton dans l’arrondissement de Mercier–Hochelaga-Maisonneuve, sur le territoire du centre de services scolaire de Montréal. Afin de réduire le déficit d’espace reconnu par le Ministère, l’ajout de 554 places-élèves est prévu. Ainsi, la capacité d’accueil de l’école sera de 1 595 places-élèves.",,,,,,En planification,"Mars 2020_x000D_
Le projet a été autorisé à l’étape « En planification ».",Ministre de l’Éducation,Centre de services scolaire de Montréal,Centre de services scolaire de Montréal,Éducation,Éducation et culture,06 – Montréal,École secondaire Académie Dunton du centre de services scolaire de Montréal,Montréal (arrondissement de Mercier–Hochelaga-Maisonneuve),Agrandissement
369,École secondaire Jean-Baptiste-Meilleur du centre de services scolaire des Affluents – Repentigny – Agrandissement,Le projet consiste en l’agrandissement de l’école secondaire Jean-Baptiste-Meilleur du centre de services scolaire des Affluents à Repentigny. Ce projet permettra d’ajouter 667 places-élèves afin de réduire le déficit d’espace reconnu par le Ministère.,49500000,49500000,0,,2023-08-31,En réalisation,"Mars 2022_x000D_
Le projet a été autorisé à l’étape « En réalisation »._x000D_
Mars 2020_x000D_
Le projet a été autorisé à l’étape « En planification ».",Ministre de l’Éducation,Centre de services scolaire des Affluents,Centre de services scolaire des Affluents,Éducation,Éducation et culture,14 – Lanaudière,École secondaire Jean-Baptiste-Meilleur du centre de services scolaire des Affluents,Repentigny,Agrandissement
370,École secondaire spécialisée Irénée-Lussier du centre de services scolaire de Montréal – Construction,"Le projet consiste en la construction d’une école secondaire spécialisée pour des élèves handicapés ou en difficulté d’adaptation ou d’apprentissage, soit l’école Irénée-Lussier du centre de services scolaire de Montréal, répartie actuellement sur trois sites. La nouvelle école regroupera les services en offrant 250 places-élèves.",77100000,77100000,0,,2023-06-01,En réalisation,"Décembre 2020_x000D_
Le projet a été autorisé à l’étape « En réalisation »._x000D_
Mars 2020_x000D_
Le projet a été autorisé à l’étape « En planification ».",Ministre de l’Éducation,Centre de services scolaire de Montréal,Centre de services scolaire de Montréal en association avec la Société québécoise des infrastructures,Éducation,Éducation et culture,06 – Montréal,École secondaire spécialisée Irénée-Lussier du centre de services scolaire de Montréal,Montréal,Construction
371,"École Allancroft du centre de services scolaire Marguerite-Bourgeoys – Beaconsfield – Acquisition, agrandissement et réaménagement","Le projet consiste en l’acquisition, en l’agrandissement et au réaménagement de l’école Allancroft, à Beaconsfield par le centre de services scolaire Marguerite-Bourgeoys. L’école aura une capacité de dix-neuf classes afin d’accueillir des élèves à mandat régional de scolarisation et des élèves handicapés ou en difficulté d’adaptation ou d’apprentissage.",,,,,,En planification,"Mars 2020_x000D_
Le projet a été autorisé à l’étape « En planification ».",Ministre de l’Éducation,Centre de services scolaire Marguerite-Bourgeoys,Centre de services scolaire Marguerite-Bourgeoys,Éducation,Éducation et culture,06 – Montréal,École Allancroft du centre de services scolaire Marguerite-Bourgeoys,Beaconsfield,"Acquisition, agrandissement et réaménagement"
372,École spécialisée du centre de services scolaire de Laval (secteur Laval-des-Rapides) – Construction,"Le projet consiste en la construction d’une école spécialisée à Laval, dans le secteur de Laval-des-Rapides, sur le territoire du centre de services scolaire de Laval. Ce nouvel établissement accueillera les élèves handicapés de l’école Alphonse-Desjardins.",,,,,,En planification,"Mars 2020_x000D_
Le projet a été autorisé à l’étape « En planification ».",Ministre de l’Éducation,Centre de services scolaire de Laval,Centre de services scolaire de Laval,Éducation,Éducation et culture,13 – Laval,École spécialisée du centre de services scolaire de Laval (secteur Laval-des-Rapides,Laval,Construction
373,École secondaire Antoine-Brossard du centre de services scolaire Marie-Victorin – Brossard – Agrandissement,"Le projet consiste en l’agrandissement de l’école secondaire Antoine-Brossard à Brossard, sur le territoire du centre de services scolaire Marie-Victorin. Afin de réduire le déficit d’espace reconnu par le Ministère, l’ajout de 696 places-élèves est prévu. Ainsi, la capacité d’accueil de l’école sera de 2 727 places-élèves.",,,,,,En planification,"Mars 2020_x000D_
Le projet a été autorisé à l’étape « En planification ».",Ministre de l’Éducation,Centre de services scolaire Marie-Victorin,Centre de services scolaire Marie-Victorin,Éducation,Éducation et culture,16 – Montérégie,École secondaire Antoine-Brossard du centre de services scolaire Marie-Victorin,Brossard,Agrandissement
374,École secondaire Armand-Corbeil du centre de services scolaire des Affluents – Terrebonne – Agrandissement,Le projet consiste en l’agrandissement de l’école secondaire Armand-Corbeil du centre de services scolaire des Affluents à Terrebonne. Ce projet permettra d’ajouter 416 places-élèves afin de réduire le déficit d’espace reconnu par le Ministère.,48700000,48700000,0,,2023-08-31,En réalisation,"Mars 2022_x000D_
Le projet a été autorisé à l’étape « En réalisation »._x000D_
Mars 2020_x000D_
Le projet a été autorisé à l’étape « En planification ».",Ministre de l’Éducation,Centre de services scolaire des Affluents,Centre de services scolaire des Affluents,Éducation,Éducation et culture,14 – Lanaudière,École secondaire Armand-Corbeil du centre de services scolaire des Affluents,Terrebonne,Agrandissement
375,École primaire du centre de services scolaire des Portages-de-l’Outaouais – Pontiac – Construction,"Le projet consiste en la construction d’une école primaire à Pontiac, sur le territoire du centre de services scolaire des Portages-de-l’Outaouais. Afin de réduire le déficit d’espace reconnu par le Ministère, quatre classes de maternelle 4 ans, quatre d’éducation préscolaire et vingt-quatre d’enseignement primaire sont prévues.",,,,,,En planification,"Mars 2020_x000D_
Le projet a été autorisé à l’étape « En planification ».",Ministre de l’Éducation,Centre de services scolaire des Portages-de-l’Outaouais,Centre de services scolaire des Portages-de-l’Outaouais,Éducation,Éducation et culture,07 – Outaouais,École primaire du centre de services scolaire des Portages-de-l’Outaouais,Pontiac,Construction
376,École secondaire le Carrefour du centre de services scolaire des Patriotes – Varennes – Agrandissement,"Le projet consiste en l’agrandissement de l’école secondaire le Carrefour à Varenne, sur le territoire du centre de services scolaire des Patriotes. Afin de réduire le déficit d’espace reconnu par le Ministère, l’ajout de 377 places-élèves est prévu. Ainsi, la capacité d’accueil de l’école sera de 1 305 places-élèves.",30400000,30400000,0,,2023-08-31,En réalisation,"Mars 2022_x000D_
Le projet a été autorisé à l’étape « En réalisation »._x000D_
Mars 2020_x000D_
Le projet a été autorisé à l’étape « En planification ».",Ministre de l’Éducation,Centre de services scolaire des Patriotes,Centre de services scolaire des Patriotes,Éducation,Éducation et culture,16 – Montérégie,École secondaire le Carrefour du centre de services scolaire des Patriotes,Varennes,Agrandissement
378,École secondaire de la Nouvelle-Ère du centre de services scolaire des Portages-de-l’Outaouais – Gatineau – Construction,"Le projet réalisé a consisté en la construction d’une école secondaire à Gatineau, dans le secteur des Rapides-Deschênes, sur le territoire du centre de services scolaire des Portages-de-l‘Outaouais. Ce projet permet d’ajouter 810 places-élèves afin de réduire le déficit d’espace reconnu par le Ministère. Cette nouvelle école porte désormais le nom d’école secondaire de la Nouvelle-Ère.",44400000,44200000,200000,,2021-11-22,En service,"Mars 2022_x000D_
Une hausse de 15,6 M$ au coût du projet a été autorisée. Initialement prévu à 28,8 M$, le coût est maintenant de 44,4 M$. Ainsi, la contribution du Québec passe de 28,6 M$ à 44,2 M$ et celle des partenaires demeure à 0,2 M$. La mise en service complète de l’infrastructure a été autorisée au cours de l’année financière 2021-2022. Le projet sera retiré du Tableau de bord lors de la prochaine mise à jour annuelle._x000D_
Mars 2020_x000D_
Le projet a été autorisé à l’étape « En réalisation ».",Ministre de l’Éducation,Centre de services scolaire des Portages-de-l’Outaouais,Centre de services scolaire des Portages-de-l’Outaouais,Éducation,Éducation et culture,07 – Outaouais,École secondaire de la Nouvelle-Ère du centre de services scolaire des Portages-de-l’Outaouais,Gatineau,Construction
379,École secondaire du centre de services scolaire des Portages-de-l’Outaouais (secteur de l’Amérique-française) – Gatineau – Construction,"Le projet consiste en la construction d’une école secondaire à Gatineau, dans le secteur de l’Amérique-Française, sur le territoire du centre de services scolaire des Portages-de-l’Outaouais. Ce projet permettra d’ajouter 810 places-élèves afin de réduire le déficit d’espace reconnu par le Ministère.",51800000,51800000,0,,2022-08-31,En réalisation,"Mars 2022_x000D_
Le projet a été autorisé à l’étape « En réalisation »._x000D_
Mars 2020_x000D_
Le projet a été autorisé à l’étape « En planification ».",Ministre de l’Éducation,Centre de services scolaire des Portages-de-l’Outaouais,Centre de services scolaire des Portages-de-l’Outaouais,Éducation,Éducation et culture,07 – Outaouais,École secondaire du centre de services scolaire des Portages-de-l’Outaouais (secteur de l’Amérique-française),Gatineau,Construction
380,"École primaire-secondaire du centre de services scolaire de Laval (secteur Val-Martin) – Acqusition, agrandissement et réaménagement","Le projet consiste en l’acquisition, l’agrandissement et le réaménagement du 515 boul. Curé-Labelle à Laval, sur le territoire du centre de services scolaire de Laval. Afin de réduire le déficit d’espace reconnu par le Ministère, trois classes de maternelle 4 ans, trois d’éducation préscolaire, dix-huit d’enseignement primaire et quatre classes pour les élèves handicapés et en difficulté d’adaptation ou d’apprentissage sont prévues.",,,,,,En planification,"Mars 2020_x000D_
Le projet a été autorisé à l’étape « En planification ».",Ministre de l’Éducation,Centre de services scolaire de Laval,Centre de services scolaire de Laval,Éducation,Éducation et culture,13 – Laval,École primaire-secondaire du centre de services scolaire de Laval,Laval (secteur Val-Martin),"Acquisition, agrandissement et réaménagement"
381,École primaire du centre de services scolaire de la Pointe-de-l’Île – Montréal (arrondissement de Montréal-Nord) – Construction,"Le projet consiste en la construction d’une école primaire à Montréal, dans l’arrondissement de Montréal-Nord, sur le territoire du centre de services scolaire de la Pointe-de-l’Île. Afin de réduire le déficit d’espace reconnu par le Ministère, six classes d’éducation préscolaire et trente-six d’enseignement primaire sont prévues.",,,,,,En planification,"Mars 2020_x000D_
Le projet a été autorisé à l’étape « En planification ».",Ministre de l’Éducation,Centre de services scolaire de la Pointe-de-l’Île,Société québécoise des infrastructures,Éducation,Éducation et culture,06 – Montréal,École primaire du centre de services scolaire de la Pointe-de-l’Île – Montréal (arrondissement Montréal-Nord),Montréal (arrondissement de Montréal-Nord),Construction
382,École primaire (A) du centre de services scolaire de Montréal (arrondissement de Mercier–Hochelaga-Maisonneuve) – Réaménagement ,"Le projet consiste au réaménagement de l’ancienne école primaire Hochelaga, à Montréal, dans l’arrondissement de Mercier–Hochelaga-Maisonneuve, sur le territoire du centre de services scolaire de Montréal. Afin de réduire le déficit d’espace reconnu par le Ministère, trois classes d’éducation préscolaire et dix-huit d’enseignement primaire sont prévues.",,,,,,En planification,"Mars 2020_x000D_
Le projet a été autorisé à l’étape « En planification ».",Ministre de l’Éducation,Centre de services scolaire de Montréal,Société québécoise des infrastructures,Éducation,Éducation et culture,06 – Montréal,École primaire (A) du centre de services scolaire de Montréal,Montréal (arrondissement de Mercier–Hochelaga-Maisonneuve),Réaménagement
383,École primaire Jardins du Coteau du centre de services scolaire des Affluents – Mascouche – Construction,"Le projet réalisé a consisté en la construction d’une école primaire à Mascouche, dans le secteur Jardins du Coteau, sur le territoire du centre de services scolaire des Affluents. Afin de réduire le déficit d’espace reconnu par le Ministère, classes de maternelle 4 ans, six d’éducation préscolaire et vingt-six d’enseignement primaire ont été construites. Cette nouvelle école porte désormais le nom d’école primaire Jardins du Coteau.",34800000,34800000,0,,2021-08-31,En service,"Mars 2022_x000D_
La mise en service complète de l’infrastructure a été autorisée au cours de l’année financière 2021-2022. Le projet sera retiré du Tableau de bord lors de la prochaine mise à jour annuelle._x000D_
Mars 2020_x000D_
Le projet a été autorisé à l’étape « En planification ».",Ministre de l’Éducation,Centre de services scolaire des Affluents,Centre de services scolaire des Affluents,Éducation,Éducation et culture,14 – Lanaudière,École primaire Jardins du Coteau du centre de services scolaire des Affluents,Mascouche,Construction
384,École primaire du centre de services scolaire des Laurentides – Saint-Sauveur – Construction,"Le projet consiste en la construction d’une école primaire à Saint-Sauveur, sur le territoire du centre de services scolaire des Laurentides. Afin de réduire le déficit d’espace reconnu par le Ministère, quatre classes d’éducation préscolaire, vingt-quatre d’enseignement primaire et trois spécialisées pour les élèves handicapés et en difficulté d’adaptation ou d’apprentissage sont prévues.",,,,,,En planification,"Mars 2020_x000D_
Le projet a été autorisé à l’étape « En planification ».",Ministre de l’Éducation,Centre de services scolaire des Laurentides,Centre de services scolaire des Laurentides,Éducation,Éducation et culture,15 – Laurentides,École primaire du centre de services scolaire des Laurentides,Saint-Sauveur,Construction
385,École primaire du centre de services scolaire Marie-Victorin (secteur Sacré-Cœur) – Longueuil – Construction,"Le projet réalisé a consisté en la construction d’une école primaire à Longueuil, dans le secteur Sacré-Cœur, sur le territoire du centre de services scolaire Marie-Victorin. Afin de réduire le déficit d’espace reconnu par le Ministère, six classes d’éducation préscolaire et vingt-quatre d’enseignement primaire ont été construites.",28500000,28500000,0,,2021-08-31,En service,"Mars 2022_x000D_
Une hausse de 7,7 M$ au coût du projet a été autorisée. Initialement prévu à 20,8 M$, le coût est maintenant de 28,5 M$. De plus, la modification de la date de la mise en service de l’infrastructure a été autorisée. Initialement prévue en mai 2021, elle a été reportée à août 2021. Ainsi, la mise en service complète de l’infrastructure a été autorisée au cours de l’année financière 2021-2022. Le projet sera retiré du Tableau de bord lors de la prochaine mise à jour annuelle._x000D_
Mars 2020_x000D_
Le projet a été autorisé à l’étape « En réalisation ».",Ministre de l’Éducation,Centre de services scolaire Marie-Victorin,Centre de services scolaire Marie-Victorin,Éducation,Éducation et culture,16 – Montérégie,École primaire du centre de services scolaire Marie-Victorin (secteur Sacré-Cœur),Longueuil,Construction
386,Uquutaq High school de la commission scolaire Kativik – Inukjuak – Construction,"Le projet réalisé a consisté en la construction d’une école secondaire à Inukjuak, sur le territoire de la commission scolaire Kativik. Afin de répondre aux besoins et aux particularités du Nunavik, 131 places-élèves ont été créées. Cette nouvelle école porte désormais le nom Uquutaq High school.",34500000,25900000,8600000,,2021-09-30,En service,"Mars 2022_x000D_
La mise en service complète de l’infrastructure a été autorisée au cours de l’année financière 2021-2022. Le projet sera retiré du Tableau de bord lors de la prochaine mise à jour annuelle._x000D_
Mars 2021_x000D_
La modification de la date de la mise en service de l’infrastructure a été autorisée. Initialement prévue en janvier 2021, elle est reportée à septembre 2021._x000D_
Mars 2020_x000D_
Le projet a été autorisé à l’étape « En réalisation ».",Ministre de l’Éducation,Commission scolaire Kativik,Commission scolaire Kativik,Éducation,Éducation et culture,10 – Nord-du-Québec,Uquutaq High school de la commission scolaire de Kativik,Inukjuak ,Construction
387,École spécialisée du centre de services scolaire de Laval – Construction,Le projet consiste en la construction d’une école spécialisée sur le territoire du centre de service scolaire de Laval. Ce projet permettra l’ajout de treize groupes de six à onze élèves handicapés ou en difficulté d’adaptation ou d’apprentissage.,48300000,48300000,0,,2023-08-31,En réalisation,"Mars 2022_x000D_
Le projet a été autorisé à l’étape « En réalisation »._x000D_
Mars 2020_x000D_
Le projet a été autorisé à l’étape « En planification ».",Ministre de l’Éducation,Centre de services scolaire de Laval,Centre de services scolaire de Laval,Éducation,Éducation et culture,13 – Laval,École spécialisée du centre de services scolaire de Laval,Laval,Construction
388,École secondaire de l’Agora et école primaire alternative Tourterelle du centre de services scolaire Marie-Victorin – Longueuil – Construction,"Le projet a consisté en la construction d’un bâtiment destiné à accueillir une école primaire alternative et une école secondaire, à Longueuil, sur le territoire du centre de services scolaire Marie-Victorin. Afin de réduire le déficit d’espace reconnu par le Ministère, vingt-huit classes ont été aménagées. Ces deux nouvelles écoles se trouvent maintenant dans le même bâtiment et portent désormais les noms d’école secondaire de l’Agora et école primaire alternative Tourterelle.",26100000,26100000,0,,2021-06-30,En service,"Mars 2022_x000D_
La mise en service complète de l’infrastructure a été autorisée au cours de l’année financière 2021-2022. Le projet sera retiré du Tableau de bord lors de la prochaine mise à jour annuelle._x000D_
Mars 2021_x000D_
Une baisse de 2,8 M$ au coût du projet a été autorisée. Initialement prévu à 28,9 M$, le coût est maintenant de 26,1 M$._x000D_
Mars 2020_x000D_
Le projet a été autorisé à l’étape « En réalisation ».",Ministre de l’Éducation,Centre de services scolaire Marie-Victorin,Centre de services scolaire Marie-Victorin,Éducation,Éducation et culture,16 – Montérégie,École secondaire de l’Agora et école primaire alternative Tourterelle du centre de services scolaire Marie-Victorin,Longueuil,Construction
390,École secondaire Casavant du centre de services scolaire de Saint-Hyacinthe – Agrandissement,Le projet consiste en l’agrandissement de l’école secondaire Casavant du centre de services scolaire de Saint-Hyacinthe par le réaménagement de l’aile Girouard. Ce projet permettra d’ajouter 812 places-élèves afin de réduire le déficit d’espace reconnu par le Ministère.,43700000,43700000,0,,2022-08-22,En réalisation,"Mars 2022_x000D_
Le projet a été autorisé à l’étape « En réalisation ». Le projet « Écoles secondaires Casavant et Fadette du centre de services scolaire de Saint-Hyacinthe – Agrandissement » a été scindé en deux projets distincts. Le projet « 390 - École secondaire Casavant du centre de services scolaire de Saint-Hyacinthe – Réaménagement » est maintenant « En réalisation » et le projet « École secondaire Fadette du centre de services scolaire de Saint-Hyacinthe – Agrandissement » ne sera pas publié au Tableau de bord, puisque le coût total estimé est dorénavant en deçà du seuil de 20,0 M$._x000D_
Mars 2020_x000D_
Le projet a été autorisé à l’étape « En planification ».",Ministre de l’Éducation,Centre de services scolaire de Saint-Hyacinthe,Centre de services scolaire de Saint-Hyacinthe,Éducation,Éducation et culture,16 – Montérégie,École secondaire Casavant du centre de services scolaire de Saint-Hyacinthe,Saint-Hyacinthe,Agrandissement
392,École primaire du centre de services scolaire de la Rivière-du-Nord (secteur Dagenais) – Saint-Jérôme – Construction,"Le projet consiste en la construction d’une école primaire à Saint-Jérôme, dans le secteur Dagenais, du territoire du centre de services scolaire de la Rivière-du-Nord. Afin de réduire le déficit d’espace reconnu par le Ministère, deux classes de maternelle 4 ans, quatre classes d’éducation préscolaire et vingt-quatre d’enseignement primaire seront construites.",46500000,46400000,100000,,2024-09-30,En réalisation,"Mars 2022_x000D_
Le projet a été autorisé à l’étape « En réalisation »._x000D_
Mars 2020_x000D_
Le projet a été autorisé à l’étape « En planification ».",Ministre de l’Éducation,Centre de services scolaire de la Rivière-du-Nord,Centre de services scolaire de la Rivière-du-Nord,Éducation,Éducation et culture,15 – Laurentides,École primaire du centre de services scolaire de la Rivière-du-Nord (secteur Dagenais),Saint-Jérôme,Construction
393,École primaire du centre de services scolaire Marie-Victorin (secteur Saint-Lambert) – Longueuil – Construction,"Le projet consiste en la construction d’une école primaire à Longueuil (secteur Saint-Lambert), sur le territoire du centre de services scolaire Marie-Victorin. Afin de réduire le déficit d’espace reconnu par le Ministère, quatre classes de maternelle 4 ans, quatre d’éducation préscolaire et vingt-quatre d’enseignement primaire sont prévues.",,,,,,En planification,"Mars 2020_x000D_
Le projet a été autorisé à l’étape « En planification ».",Ministre de l’Éducation,Centre de services scolaire Marie-Victorin,Centre de services scolaire Marie-Victorin,Éducation,Éducation et culture,16 – Montérégie,École primaire du centre de services scolaire Marie-Victorin,Longueuil,Construction
394,École primaire (A) du centre de services scolaire Marie-Victorin – Brossard – Construction,"Le projet consiste en la construction d’une école primaire à Brossard, sur le territoire du centre de services scolaire Marie-Victorin. Afin de réduire le déficit d’espace reconnu par le Ministère, quatre classes de maternelle 4 ans, quatre d’éducation préscolaire et vingt-quatre d’enseignement primaire sont prévues.",,,,,,En planification,"Mars 2020_x000D_
Le projet a été autorisé à l’étape « En planification ».",Ministre de l’Éducation,Centre de services scolaire Marie-Victorin,Centre de services scolaire Marie-Victorin,Éducation,Éducation et culture,16 – Montérégie,École primaire du centre de services scolaire Marie-Victorin,Brossard,Construction
395,École primaire du centre de services scolaire des Grandes-Seigneuries – Léry – Construction,"Le projet consiste en la construction d’une école primaire à Léry, sur le territoire du centre de services scolaire des Grandes-Seigneuries. Afin de de réduire le déficit d’espace reconnu par le Ministère, six classes d’éducation préscolaire, dix-huit d’enseignement primaire et deux pour les élèves handicapés et en difficulté d’adaptation ou d’apprentissage seront construites.",31500000,31500000,0,,2022-08-31,En réalisation,"Mars 2022_x000D_
Le projet a été autorisé à l’étape « En réalisation ». _x000D_
Mars 2020_x000D_
Le projet a été autorisé à l’étape « En planification ».",Ministre de l’Éducation,Centre de services scolaire des Grandes-Seigneuries,Centre de services scolaire des Grandes-Seigneuries,Éducation,Éducation et culture,16 – Montérégie,École primaire spécialisée du centre de services scolaire des Grandes-Seigneuries,Léry,Construction
396,École primaire du centre de services scolaire de Montréal (secteur Griffintown) – Construction,"Le projet consiste en la construction d’une école primaire à Montréal, dans le secteur Griffintown, sur le territoire du centre de services scolaire de Montréal. Afin de réduire le déficit d’espace reconnu par le Ministère, trois classes d’éducation préscolaire et dix-huit classes d’enseignement primaire sont prévues.",,,,,,En planification,"Mars 2020_x000D_
Le projet a été autorisé à l’étape « En planification ».",Ministre de l’Éducation,Centre de services scolaire de Montréal,Centre de services scolaire de Montréal,Éducation,Éducation et culture,06 – Montréal,École primaire du centre de services scolaire de Montréal (secteur Griffintown),Montréal,Construction
397,École primaire des Légendes du centre de services scolaire des Trois-Lacs – Vaudreuil-Dorion – Construction,"Le projet a consisté en la construction d’une école primaire à Vaudreuil-Dorion, sur le territoire du centre de services scolaire des Trois-Lacs. Afin de réduire le déficit d’espace reconnu par le Ministère, trois classes de maternelle 4 ans, trois d’éducation préscolaire et dix-huit d’enseignement primaire ont été aménagées. Cette nouvelle école porte désormais le nom d’école primaire des Légendes.",25800000,25800000,0,,2021-09-01,En service,"Mars 2022_x000D_
La mise en service complète de l’infrastructure a été autorisée au cours de l’année financière 2021-2022. Le projet sera retiré du Tableau de bord lors de la prochaine mise à jour annuelle._x000D_
Mars 2020_x000D_
Le projet a été autorisé à l’étape « En planification ».",Ministre de l’Éducation,Centre de services scolaire des Trois-Lacs,Centre de services scolaire des Trois-Lacs,Éducation,Éducation et culture,16 – Montérégie,École primaire des Légendes du centre de services scolaire des Trois-Lacs,Vaudreuil-Dorion,Construction
398,École primaire du centre de services scolaire des Patriotes – Carignan – Construction,"Le projet consiste en la construction d’une école primaire à Carignan, sur le territoire du centre de services scolaire des Patriotes. Ce projet permettra d’ajouter quatre classes de maternelle, quatre d’éducation préscolaire et vingt-quatre d’enseignement primaire afin de réduire le déficit d’espace reconnu par le Ministère.",58200000,53000000,5200000,,2023-08-31,En réalisation,"Mars 2022_x000D_
Le projet a été autorisé à l’étape « En réalisation »._x000D_
Mars 2020_x000D_
Le projet a été autorisé à l’étape « En planification ».",Ministre de l’Éducation,Centre de services scolaire des Patriotes,Centre de services scolaire des Patriotes,Éducation,Éducation et culture,16 – Montérégie,École primaire du centre de services scolaire des Patriotes,Carignan,Construction
399,École primaire du centre de services scolaire de Saint-Hyacinthe – Construction,"Le projet consiste en la construction d’une école primaire à Saint-Hyacinthe, sur le territoire du centre de services scolaire de Saint-Hyacinthe. Afin de réduire le déficit d’espace reconnu par le Ministère, trois classes de maternelle 4 ans, trois d’éducation préscolaire et dix-huit d’enseignement primaire seront construites.",31300000,31300000,0,,2022-08-30,En réalisation,"Mars 2022_x000D_
Le projet a été autorisé à l’étape « En réalisation »._x000D_
Mars 2020_x000D_
Le projet a été autorisé à l’étape « En planification ».",Ministre de l’Éducation,Centre de services scolaire de Saint-Hyacinthe,Centre de services scolaire de Saint-Hyacinthe,Éducation,Éducation et culture,16 – Montérégie,École primaire du centre de services scolaire de Saint-Hyacinthe,Saint-Hyacinthe,Construction
400,Polyvalente de Saint-Georges du centre de services scolaire de la Beauce-Etchemin – Saint-Georges – Agrandissement,"Le projet consiste en l’agrandissement de la polyvalente de Saint-Georges sur le territoire du centre de services scolaire de la Beauce-Etchemin, par l’ajout de quatre classes, d’un gymnase et d’une piscine. Il est réalisé en partenariat avec la ville.",42600000,36100000,6500000,,2022-08-30,En réalisation,"Mars 2022_x000D_
Le projet a été autorisé à l’étape « En réalisation »._x000D_
Mars 2020_x000D_
Le projet a été autorisé à l’étape « En planification ».",Ministre de l’Éducation,Centre de services scolaire de la Beauce-Etchemin,Centre de services scolaire de la Beauce-Etchemin,Éducation,Éducation et culture,12 – Chaudière-Appalaches,Polyvalente de Saint-Georges du centre de services scolaire de la Beauce-Etchemin,Saint-Georges,Agrandissement
401,École Le Tournesol du centre de services scolaire de la Pointe-de-l’Île – Montréal – Agrandissement,"Le projet consiste en l’agrandissement de l’école Le Tournesol, à Montréal, dans l’arrondissement de Rivière-des-Prairies–Pointe-aux-Trembles, sur le territoire du centre de services scolaire de la Pointe-de-l’Île. Le projet permettra d’ajouter 23 classes pour la clientèle d’élèves de 4 à 21 ans souffrant des troubles du spectre de l’autisme, avec déficience intellectuelle ou handicap (non-voyant ou malentendant).",35800000,35800000,0,,2022-08-30,En réalisation,"Mars 2022_x000D_
Le projet a été autorisé à l’étape « En réalisation »._x000D_
Mars 2020_x000D_
Le projet a été autorisé à l’étape « En planification ».",Ministre de l’Éducation,Centre de services scolaire de la Pointe-de-l’Île,Centre de services scolaire de la Pointe-de-l’Île,Éducation,Éducation et culture,06 – Montréal,École Le Tournesol du centre de services scolaire de la Pointe-de-l’Île,Montréal,Agrandissement
402,École primaire du centre de services scolaire de Laval (secteur est) – Construction,"Le projet consiste en la construction d’une école primaire à Laval, dans le secteur Laval-des-Rapides, du territoire du centre de services scolaire de Laval. Afin de réduire le déficit d’espace reconnu par le Ministère, quatre classes d’éducation préscolaire et dix-sept d’enseignement primaire sont prévues.",,,,,,En planification,"Mars 2020_x000D_
Le projet a été autorisé à l’étape « En planification ».",Ministre de l’Éducation,Centre de services scolaire de Laval,Centre de services scolaire de Laval,Éducation,Éducation et culture,13 – Laval,École primaire du centre de services scolaire de Laval (secteur Laval-des-Rapides),Laval,Construction
403,École primaire du centre de services scolaire Marguerite-Bourgeoys – Mont-Royal – Construction,"Le projet consiste en la construction d’une école primaire à Mont-Royal, sur le territoire du centre de services scolaire Marguerite-Bourgeoys. Afin de réduire le déficit d’espace reconnu par le Ministère, trois classes d’éducation préscolaire et vingt-six d’enseignement primaire sont prévues.",,,,,,En planification,"Mars 2020_x000D_
Le projet a été autorisé à l’étape « En planification ».",Ministre de l’Éducation,Centre de services scolaire Marguerite-Bourgeoys,Centre de services scolaire Marguerite-Bourgeoys,Éducation,Éducation et culture,06 – Montréal,École primaire du centre de services scolaire Marguerite-Bourgeoys,Mont-Royal,Construction
404,École primaire (A) du centre de services scolaire Marguerite-Bourgeoys – Montréal (arrondissement de Saint-Laurent) – Construction,"Le projet consiste en la construction d’une école primaire à Montréal, dans le secteur ouest de l’arrondissement de Saint-Laurent, sur le territoire du centre de services scolaire Marguerite-Bourgeoys. Afin de réduire le déficit d’espace reconnu par le Ministère, trois classes de maternelle 4 ans, trois d’éducation préscolaire et dix-huit d’enseignement primaire sont prévues.",,,,,,En planification,"Mars 2020_x000D_
Le projet a été autorisé à l’étape « En planification ».",Ministre de l’Éducation,Centre de services scolaire Marguerite-Bourgeoys,Centre de services scolaire Marguerite-Bourgeoys,Éducation,Éducation et culture,06 – Montréal,École primaire (A) du centre de services scolaire Marguerite-Bourgeoys,Montréal (arrondissement de Saint-Laurent),Construction
405,École primaire Les-Enfants-du-Monde du centre de services scolaire de Montréal (arrondissement de Côte-des-Neiges–Notre-Dame-de-Grâce) – Agrandissement,"Le projet consiste en l’agrandissement de l’école primaire Les-Enfants-du-Monde, à Montréal, dans l’arrondissement de Côte-des-Neiges–Notre-Dame-de-Grâce, sur le territoire du centre de services scolaire de Montréal. Afin de réduire le déficit d’espace reconnu par le Ministère, quatre classes d’éducation préscolaire et dix d’enseignement primaire sont prévues. Ainsi, la capacité d’accueil sera de 37 classes.",,,,,,En planification,"Mars 2020_x000D_
Le projet a été autorisé à l’étape « En planification ».",Ministre de l’Éducation,Centre de services scolaire de Montréal,Centre de services scolaire de Montréal,Éducation,Éducation et culture,06 – Montréal,École primaire Les-Enfants-du-Monde du centre de services scolaire de Montréal,Montréal,Agrandissement
406,Complexe sportif Girardin – Drummondville – Construction,"Le projet a consisté à construire un complexe sportif comprenant une patinoire, des salles multifonctionnelles, des locaux administratifs et de rangement ainsi que des gradins pour la patinoire et pour le terrain synthétique. Enfin, une mezzanine a été aménagée, entre autres, pour un local de rangement et une salle de repos. Le projet prévoyait aussi des travaux d’aménagement de l’emplacement qui comprend un stationnement.",21800000,7500000,14300000,,2021-10-31,En service,"Mars 2022_x000D_
La mise en service complète de l’infrastructure a été autorisée au cours de l’année financière 2021-2022. Le projet sera retiré du Tableau de bord lors de la prochaine mise à jour annuelle._x000D_
Mars 2020_x000D_
Le projet a été autorisé à l’étape « En planification ».",Ministre de l’Éducation,Ville de Drummondville,Ville de Drummondville,Développement du sport,Éducation et culture,17 – Centre-du-Québec,Complexe sportif Girardin,Drummondville,Construction
407,École Tukisiniarvik de la commission scolaire Kativik – Akulivik – Agrandissement,"Le projet consiste en l’agrandissement de l’école primaire et secondaire Tukisiniarvik à Akulivik, sur le territoire de la commission scolaire Kativik. Afin de réduire le déficit d’espace reconnu du Ministère et de répondre aux particularités du Nunavik, deux classes d’éducation préscolaire et 180 places-élèves sont prévues. Ainsi la capacité d’accueil sera de treize classes et de 255 places-élèves.",,,,,,En planification,"Mars 2020_x000D_
Le projet a été autorisé à l’étape « En planification ».",Ministre de l’Éducation,Commission scolaire Kativik,Commission scolaire Kativik,Éducation,Éducation et culture,10 – Nord-du-Québec,École Tukisiniarvik de la commission scolaire Kativik,Akulivik,Agrandissement
409,Théâtre du Nouveau Monde – Montréal – Réfection et agrandissement,"Le projet vise un agrandissement et le réaménagement de plusieurs locaux du théâtre, le maintien de certains actifs ainsi que l’achat d’équipements spécialisés. Plus précisément, une salle de répétition et une salle d’affaires seront ajoutées. Le hall d’entrée et les locaux administratifs seront agrandis. Les foyers et la billetterie seront reconfigurés. Finalement, les équipements scéniques seront renouvelés.",,,,,,En planification,"Mars 2020_x000D_
Le projet a été autorisé à l’étape « En planification ».",Ministre de la Culture et des Communications,Théâtre du Nouveau Monde,Théâtre du Nouveau Monde,Culture,Éducation et culture,06 – Montréal,Théâtre du Nouveau Monde,Montréal,Réfection et agrandissement
410,Barrage Mathieu-D’Amours – Matane – Reconstruction,"Le projet vise une reconstruction complète du barrage Mathieu-D’Amours, situé au centre-ville de Matane dû à la dernière étude d’évaluation de la sécurité qui a démontré que le barrage ne respecte pas l’ensemble des normes minimales de sécurité.",,,,,,En planification,"Mars 2020_x000D_
Le projet a été autorisé à l’étape « En planification ».",Ministre de l’Environnement et de la Lutte contre les changements climatiques,Ministère de l’Environnement et de la Lutte contre les changements climatiques,Ministère de l’Environnement et de la Lutte contre les changements climatiques,Environnement,Économie et environnement,01 – Bas-Saint-Laurent,Barrage Mathieu-D’Amours,Matane,Reconstruction
411,Parc national d’Opémican – Laniel – Construction,"Le parc national d’Opémican vise à protéger un territoire grandiose de 252 km² bordé, de part et d’autre, par les lacs Témiscamingue et Kipawa. Situé à cinq heures de route de Gatineau et environ quatre heures de Toronto, le parc national d’Opémican deviendra une destination incontournable de nature et de culture._x000D_
En plus de mettre en valeur des milieux naturels exceptionnels, l’ampleur du patrimoine culturel du parc surprendra les visiteuses et visiteurs, que ce soit par l’entremise du site historique d’Opémican ou par la présence de la nation algonquine sur le territoire._x000D_
Les touristes pourront profiter de prêt-à-camper Étoile, de campings aménagés sous les grands pins, de pistes de randonnée familiale, d’activités nautiques sur des berges sablonneuses et d’une expérience patrimoniale unique dans les bâtiments historiques restaurés. Quant aux aventurières et aventuriers à la recherche de sensations fortes, ils pourront découvrir des sites de canot-camping isolés sur des îles, une rivière d’eau vive impétueuse, des sentiers de randonnée spectaculaires en arrière-pays et des prêt-à-camper juchés au-dessus des parois rocheuses.",36000000,36000000,0,2019-06-01,2024-06-01,En service,"Mars 2021_x000D_
La modification de la date de la mise en service complète a été autorisée. Initialement prévue en juin 2023, elle est reportée à juin 2024._x000D_
Mars 2020_x000D_
La mise en service partielle de l’infrastructure a été autorisée au cours de l’année financière 2019-2020.","Ministre des Forêts, de la Faune et des Parcs",Société des établissements de plein air du Québec,Société des établissements de plein air du Québec,Tourisme et activités récréatives,Économie et environnement,08 – Abitibi-Témiscamingue,Parc national d’Opémican,Laniel,Construction
412,École secondaire Du Coteau du centre de services scolaire des Affluents – Mascouche – Agrandissement,"Le projet consiste en l’agrandissement de l’école secondaire Du Coteau à Mascouche, sur le territoire du centre de services scolaire des Affluents. Ce projet permettra d’ajouter 580 places-élèves afin de réduire le déficit d’espace reconnu par le Ministère.",26400000,26400000,0,,2022-08-30,En réalisation,"Mars 2022_x000D_
Le projet a été autorisé à l’étape « En réalisation »._x000D_
Mars 2020_x000D_
Le projet a été autorisé à l’étape « En planification ».",Ministre de l’Éducation,Centre de services scolaire des Affluents,Centre de services scolaire des Affluents,Éducation,Éducation et culture,14 – Lanaudière,École secondaire Du Coteau du centre de services scolaire des Affluents,Mascouche,Agrandissement
413,"Université de Sherbrooke, pavillon de médecine personnalisée et de recherche translationnelle – Construction","La Faculté de médecine et des sciences de la santé (FMSS) de l’Université de Sherbrooke présente un déficit d’espace dû à une croissance des activités de recherche de la Faculté, au nombre de chercheurs, aux octrois de recherche et au nombre de chaires de recherche. Le projet vise la construction d’un pavillon de médecine personnalisée et de recherche translationnelle (PMPRT) de 5 446 m² nets, sur 4 étages. Ce nouveau pavillon, consacré à la recherche sur le campus de l’Université de Sherbrooke, permettra :_x000D_
• Offrir un environnement de travail répondant aux normes et aux exigences réglementaires actuelles en matière de contrôle de paramètres environnementaux, de santé et de sécurité du travail (SST), de sûreté nucléaire et de biosécurité (biosûreté)_x000D_
• Regrouper les activités de recherche de la FMSS de l’Université de Sherbrooke dans le nouveau pavillon_x000D_
• Réduire le déficit d’espace en recherche au Campus de la santé_x000D_
• Allouer, à des fins d’enseignement, 3 000 m² nets d’espace dans l’aile IV du Centre hospitalier universitaire de Sherbrooke (CHUS) — Hôpital Fleurimont, actuellement loués pour la recherche_x000D_
• Rétrocéder un espace équivalent à 1 790 m² nets au CIUSSS de l’Estrie-CHUS_x000D_
• Regrouper les équipements spécialisés afin d’en optimiser l’utilisation par l’ensemble des équipes de recherche sur le campus",39400000,35500000,3900000,,2025-09-01,En réalisation,"Mars 2022_x000D_
La modification de la date de la mise en service a été autorisée. Prévue en avril 2023, elle est reportée à septembre 2025._x000D_
Mars 2021_x000D_
La modification de la date de la mise en service a été autorisée, initialement prévue en décembre 2022, elle est reportée à avril 2023._x000D_
Mars 2020_x000D_
Le projet a été autorisé à l’étape « En réalisation ».",Ministre de l’Économie et de l’Innovation,Université de Sherbrooke,Université de Sherbrooke,Recherche,Économie et environnement,05 – Estrie,Université de Sherbrooke,Sherbrooke,Construction
415,"École de technologie supérieure, pavillon principal – Montréal – Réaménagement","L’École de technologie supérieure fait face à un défi important quant au soutien et à l’avancement de la recherche, en raison d’un déficit d’espace. Le projet vise la transformation de salles de classe et de locaux d’étudiants en 26 laboratoires de recherche. La conversion, notamment, des 29 salles de classe et de plus de 50 locaux et ateliers de clubs étudiants implique une superficie d’environ 7 400 m² bruts (approximativement 6 670 m² nets). Le projet contribuera à l’excellence de la recherche universitaire, à la formation de la relève, à la valorisation des résultats de recherche et à la qualité de l’enseignement universitaire.",36400000,21800000,14600000,2021-08-31,2023-06-30,En service,"Mars 2022_x000D_
La mise en service partielle de l’infrastructure a été autorisée au cours de l’année financière 2021-2022. De plus, la modification de la date de mise en service complète a été autorisée. Initialement prévue en décembre 2021, elle est reportée à juin 2023._x000D_
Mars 2021_x000D_
La modification des dates de début et de fin de la mise en service a été autorisée. Initialement prévue en mai 2021, la date du début de la mise en service est reportée à août 2021 et la date de la mise en service complète, initialement prévue en septembre 2021, est reportée à décembre 2021._x000D_
Mars 2020_x000D_
Le projet a été autorisé à l’étape « En réalisation ».",Ministre de l’Économie et de l’Innovation,École de technologie supérieure,École de technologie supérieure,Recherche,Économie et environnement,06 – Montréal,École de technologie supérieur,Montréal,Réaménagement
416,Installations d’accueil des croisiéristes internationaux – Québec – Construction et acquisition,"Le projet a consisté en la construction d’un terminal de croisières permanent au quai 30, dans le secteur de l’estuaire du port de Québec. Il a permis de doubler la capacité d’accueil, d’améliorer celle des navires de fort gabarit, d’accroître l’expérience client, avec un deuxième terminal qui répond aux standards d’accueil internationaux, de combler les besoins logistiques pour les activités d’embarquement et de débarquement ainsi que d’augmenter la capacité des infrastructures, pour accueillir à terme 400 000 croisiéristes.",30000000,15000000,15000000,,2021-12-31,En service,"Mars 2022_x000D_
La modification de la date de la mise en service a été autorisée. Initialement prévue en juillet 2021, elle a été reportée à décembre 2021. La mise en service complète de l’infrastructure a été autorisée au cours de l’année financière 2021-2022. Le projet sera retiré du Tableau de bord lors de la prochaine mise à jour annuelle._x000D_
Mars 2020_x000D_
Le projet a été autorisé à l’étape « En réalisation ».",Ministre du Tourisme,Administration portuaire de Québec,Administration portuaire de Québec,Tourisme et activités récréatives,Économie et environnement,03 – Capitale-Nationale,Installations d’accueil des croisiéristes internationaux ,Québec,Construction et acquisition
417,Zoo de Granby – Construction et acquisition,"Le projet vise l’amélioration et la modernisation des infrastructures du parc animalier, afin d’en faire une institution de conservation zoologique reconnue mondialement et une destination touristique incontournable dans l’est de l’Amérique du Nord, de poursuivre sa croissance et d’accroître son rayonnement et son incidence touristique et économique. _x000D_
Le projet consiste notamment au réaménagement des infrastructures zoologiques, à la modernisation et au réaménagement des infrastructures du parc récréotouristique ainsi qu’à l’amélioration du produit d’affaires et d’activités afin d’enrichir l’offre quatre saisons.",36000000,18000000,18000000,2018-03-01,2027-06-30,En service,"Mars 2022_x000D_
La modification de la date de la mise en service complète a été autorisée. Prévue en juin 2023, elle est reportée à juin 2027._x000D_
Mars 2020_x000D_
La mise en service partielle de l’infrastructure a été autorisée au cours de l’année financière 2019-2020.",Ministre du Tourisme,Société zoologique de Granby inc.,Zoo de Granby,Tourisme et activités récréatives,Économie et environnement,05 – Estrie,Zoo de Granby,Granby,Construction et acquisition
418,Bâtiment d’hébergement temporaire – Puvirnituq – Agrandissement,"Le projet consiste en l’agrandissement du quartier cellulaire de Puvirnituq. Au terme des travaux, il permettra l’hébergement temporaire des personnes incarcérées, ce qui améliorera les conditions de détention. Douze cellules y seront construites, pour une capacité maximale d’occupation de 34 détenus. Une section pour les femmes est aussi prévue.",23000000,23000000,0,,2022-04-30,En réalisation,"Mars 2022_x000D_
La modification de la date de la mise en service a été autorisée. Initialement prévue en juin 2021, elle a été reportée à avril 2022._x000D_
Mars 2020_x000D_
Le projet a été autorisé à l’étape « En réalisation ».",Ministre responsable de l’Administration gouvernementale,Ministère de la Sécurité publique,Société québécoise des infrastructures,Administration gouvernementale,Gouverne et justice,10 – Nord-du-Québec,Bâtiment d’hébergement temporaire,Puvirnituq,Agrandissement
419,"Université McGill, pavillon Macdonald-Stewart – Montréal – Réfection","Le pavillon Macdonald-Stewart de l’Université McGill, qui abrite la bibliothèque, date de 1893. Il affiche un indice de vétusté préoccupant et présente un important déficit de maintien des actifs._x000D_
Le projet vise à restaurer l’enveloppe du bâtiment, à procéder à la réfection de la maçonnerie des façades prioritaires de l’immeuble et à profiter de l’occasion pour effectuer plusieurs mises aux normes et régler de nombreux éléments d’entretien différé.",29900000,29900000,0,,2023-12-01,En réalisation,"Mars 2022_x000D_
Une hausse de 3,7 M$ au coût du projet a été autorisée. Initialement prévu à 26,2 M$, le coût est maintenant de 29,9 M$. De plus, la modification de la date de la mise en service a été autorisée. Initialement prévue en décembre 2022, elle est reportée à décembre 2023._x000D_
Mars 2020_x000D_
Le projet a été autorisé à l’étape « En réalisation ».",Ministre de l’Enseignement supérieur,Université McGill,Université McGill,Enseignement supérieur,Éducation et culture,06 – Montréal,Université McGill,Montréal,Réfection
420,"Université du Québec à Montréal, pavillon Sanguinet – Réfection et agrandissement","Le projet consiste en la réfection et l’agrandissement du pavillon Sanguinet afin d’y aménager le décanat, les unités administratives de l’École des sciences de la gestion de même que des salles de cours de 2e cycle, des salles de travail d’équipe et des espaces informels d’apprentissage.",46700000,42300000,4400000,,2023-08-01,En réalisation,"Mars 2021_x000D_
Le projet a été autorisé à l’étape « En réalisation »._x000D_
Mars 2020_x000D_
Le projet a été autorisé à l’étape « En planification ».",Ministre de l’Enseignement supérieur,Université du Québec à Montréal,Université du Québec à Montréal,Enseignement supérieur,Éducation et culture,06 – Montréal,Université du Québec à Montréal,Montréal,Réfection et agrandissement
421,"École de technologie supérieure, pavillon F – Montréal – Construction ",Le projet consiste en la construction d’un pavillon destiné à des activités de recherche et d’innovation. Il sera conçu avec la même facture architecturale que la Maison des étudiants pour renforcer l’image de cohésion du campus.,42500000,42500000,0,,2024-03-31,En réalisation,"Mars 2022_x000D_
Le projet a été autorisé à l’étape « En réalisation »._x000D_
Mars 2020_x000D_
Le projet a été autorisé à l’étape « En planification ».",Ministre de l’Enseignement supérieur,École de technologie supérieure,École de technologie supérieure,Enseignement supérieur,Éducation et culture,06 – Montréal,École de technologie supérieure,Montréal,Construction
423,Aéroport régional de Rouyn-Noranda – Agrandissement et réfection,"Le projet a consisté en l’agrandissement et la mise à niveau de l’aéroport, soit la construction d’une nouvelle aérogare, l’augmentation de la capacité du stationnement, le réaménagement des voies d’accès sur le terrain ainsi que la remise en état du réseau d’eau potable, du réseau d’eaux usées, de la centrale électrique et d’un poste de carburant.",37200000,12400000,24800000,,2022-02-28,En service,"Mars 2022_x000D_
La mise en service complète de l’infrastructure a été autorisée au cours de l’année financière 2021-2022. Le projet sera retiré du Tableau de bord lors de la prochaine mise à jour annuelle._x000D_
Mars 2020_x000D_
Le projet a été autorisé à l’étape « En réalisation ».",Ministre des Affaires municipales et de l’Habitation,Ville de Rouyn-Noranda,Ville de Rouyn-Noranda,Municipalités,Économie et environnement,08 – Abitibi-Témiscamingue,Aéroport régional de Rouyn-Noranda,Rouyn-Noranda,Agrandissement et réfection
424,"Station de traitement des eaux usées, usine de production d’oxygène – Montréal – Construction","Le projet consiste en la construction d’une usine de production d’oxygène, qui servira à alimenter les ozoneurs utilisés pour désinfecter l’eau à la station de traitement des eaux usées Jean-R.-Marcotte de Montréal.",32100000,13700000,18400000,,2023-12-01,En réalisation,"Mars 2021_x000D_
Un addenda au protocole d’entente, intervenu entre les parties, a été signé reportant la date de la mise en service initialement prévue en décembre 2021 à décembre 2023._x000D_
Mars 2020_x000D_
Le projet a été autorisé à l’étape « En réalisation ».",Ministre des Affaires municipales et de l’Habitation,Ville de Montréal,Ville de Montréal,Municipalités,Économie et environnement,06 – Montréal,Station de traitement des eaux usées,Montréal,Construction
426,Réseau d’eau potable et d’eaux usées – Léry (secteur est) – Agrandissement et construction,"La Ville de Léry désire offrir à ses citoyennes et citoyens de la partie est les mêmes services qu’à ceux de la partie ouest. L’eau potable proviendra de Châteauguay, tandis que les eaux usées seront traitées dans la station existante après son agrandissement. Le projet prévoit la construction de conduites d’aqueduc et d’égout pour servir environ 460 résidences existantes.",30400000,20300000,10100000,,2023-12-31,En réalisation,"Mars 2020_x000D_
Le projet a été autorisé à l’étape « En réalisation ».",Ministre des Affaires municipales et de l’Habitation,Ville de Léry,Ville de Léry,Municipalités,Économie et environnement,16 – Montérégie,Réseau d’eau potable et d’eaux usées,Léry (secteur est),Agrandissement et construction
427,"Zoo de Saint-Félicien, Centre de conservation de la biodiversité boréale (CCBB) inc. – Construction et acquisition","Le projet visait l’amélioration et la modernisation des infrastructures afin de rehausser la qualité de l’expérience touristique de ce parc animalier qui constitue l’un des principaux produits reconnus régionalement. Il s’inscrit en droite ligne avec le virage que le parc a entrepris en faveur de la boréalie, dans le but de faire vivre des émotions uniques aux visiteuses et visiteurs et d’accroître les retombées économiques et touristiques pour la région._x000D_
Le projet consistait notamment à réaménager les habitats des animaux afin de leur assurer de meilleures conditions de vie et d’offrir aux visiteuses et visiteurs du parc une expérience enrichissante. Il visait également le réaménagement et la construction de ses infrastructures publiques et récréatives.",32800000,26000000,6800000,2015-04-01,2021-12-31,En service,"Mars 2022_x000D_
Une hausse de 0,3 M$ au coût du projet a été autorisée. Initialement prévu à 32,5 M$, le coût est maintenant de 32,8 M$. Ainsi, la contribution du Québec demeure à 26,0 M$ et celle des partenaires passe de 6,5 M$ à 6,8 M$. La mise en service complète de l’infrastructure a été autorisée au cours de l’année financière 2021-2022. Le projet sera retiré du Tableau de bord lors de la prochaine mise à jour annuelle._x000D_
Mars 2020_x000D_
La mise en service de l’infrastructure a été autorisée au cours de l’année financière 2019-2020.",Ministre du Tourisme,Centre de conservation de la biodiversité boréale (CCBB) inc.,Centre de conservation de la biodiversité boréale (CCBB) inc.,Tourisme et activités récréatives,Économie et environnement,02 – Saguenay–Lac-Saint-Jean,"Zoo de Saint-Félicien, Centre de conservation de la biodiversité boréale (CCBB) inc.",Saint-Félicien,Construction et acquisition
428,Parc Safari – Saint-Bernard-de-Lacolle – Construction et acquisition,"Le projet vise l’amélioration et la modernisation des infrastructures du parc animalier afin d’en bonifier l’attractivité en renouvelant et en rehaussant la qualité de l’expérience touristique. Ces investissements vont renforcer l’importance du Parc comme attrait majeur de la région de la Montérégie, ce qui contribuera à accroître les retombées économiques et touristiques._x000D_
Le projet consiste notamment à moderniser, à réaménager et à construire des installations zoologiques, ainsi qu’à réaménager et à construire des infrastructures publiques et récréatives.",24000000,12000000,12000000,2017-07-01,2026-12-31,En service,"Mars 2022_x000D_
La modification de la date de la mise en service a été autorisée. Initialement prévue en décembre 2022, elle est reportée à décembre 2026._x000D_
Mars 2020_x000D_
La mise en service partielle de l’infrastructure a été autorisée au cours de l’année financière 2019-2020.",Ministre du Tourisme,Fondation des amis du Parc Safari,Fondation des amis du Parc Safari,Tourisme et activités récréatives,Économie et environnement,16 – Montérégie,Parc Safari,Saint-Bernard-de-Lacolle,Construction et acquisition
431,Maison des aînés et alternative spécialisée (ancien CHSLD) – Macamic – Construction,"Le projet consiste en la construction d’un bâtiment de 96 places fortement inspiré du modèle de maison des aînés et alternatives sur le territoire du centre intégré de santé et de services sociaux (CISSS) de l’Abitibi-Témiscamingue pour héberger la clientèle provenant du bâtiment actuel. Cette nouvelle installation prévoit 14 places pour la clientèle en santé mentale et déficience intellectuelle. Le besoin est généré principalement par l’état de vétusté fonctionnelle et physique. _x000D_
Ce projet de transformation du parc de places d’hébergement permettra de desservir la clientèle âgée grandissante, à proximité, dans des milieux adaptés à leur condition, favorisant un service axé sur les meilleures pratiques selon la vision du CISSS et les orientations ministérielles en soins de longue durée.",65000000,65000000,0,,2024-06-30,En réalisation,"Décembre 2020_x000D_
Le projet a été autorisé à l’étape « En réalisation ».",Ministre de la Santé et des Services sociaux,Centre intégré de santé et de services sociaux de l’Abitibi-Témiscamingue,Société québécoise des infrastructures,Santé et services sociaux,Santé et Services sociaux,08 – Abitibi-Témiscamingue,Maison des aînés et alternative spécialisée (ancien CHSLD),Macamic,Construction
432,"Hôpital de Gaspé, urgence et soins intensifs – Agrandissement","Le projet réalisé a consisté en un agrandissement permettant de relocaliser, sur un seul niveau, tous les services de l’urgence et des soins intensifs. Les locaux des appareils mécaniques et de service électrique ont été aménagés au sous-sol. Un lien horizontal, sur trois niveaux, permet de joindre fonctionnellement et techniquement l’agrandissement à trois des niveaux de l’hôpital, dont celui du bloc opératoire. Le surdimensionnement structural en vue d’un étage futur ainsi que les besoins d’espaces pour certains équipements mécaniques ont été intégrés au projet.",31700000,31700000,0,,2021-07-01,En service,"Mars 2022_x000D_
La modification de la date de la mise en service a été autorisée. Initialement prévue en février 2022, elle a été devancée à juillet 2021. La mise en service complète de l’infrastructure a été autorisée au cours de l’année financière 2021-2022. Le projet sera retiré du Tableau de bord lors de la prochaine mise à jour annuelle._x000D_
Mars 2021_x000D_
La modification de la date de la mise en service a été autorisée. Initialement prévue en mars 2021, elle est reportée à février 2022._x000D_
Mars 2020_x000D_
Le projet a été autorisé à l’étape « En réalisation ».",Ministre de la Santé et des Services sociaux,Centre intégré de santé et de services sociaux de la Gaspésie,Société québécoise des infrastructures,Santé et services sociaux,Santé et Services sociaux,11 – Gaspésie–Îles-de-la-Madeleine,Hôpital de Gaspé,Gaspé,Agrandissement
434,"Villa Fraserville, centre jeunesse – Rivière-du-Loup – Agrandissement et réaménagement","Le projet consiste en un réaménagement et une mise à niveau des unités existantes ainsi qu’un agrandissement du bâtiment pour adjoindre, d’une part, un gymnase pouvant être partagé avec la population et, d’autre part, l’ensemble des services psychosociaux requis dont ceux de protection de la jeunesse, présentement situés au centre hospitalier régional du Grand-Portage. La superficie totale du projet est de 4 814 m², dont 3 273 m² en réaménagement répartis sur quatre niveaux et 1 541 m² en agrandissement répartis sur trois niveaux (1 niveau de gymnase et 2 niveaux de bureaux).",21500000,21500000,0,,2022-08-31,En réalisation,"Mars 2021_x000D_
La modification de la date de la mise en service a été autorisée. Initialement prévue en novembre 2021, elle est reportée à août 2022._x000D_
Mars 2020_x000D_
Le projet a été autorisé à l’étape « En réalisation ».",Ministre de la Santé et des Services sociaux,Centre intégré universitaire de santé et de services sociaux du Bas-Saint-Laurent,Société québécoise des infrastructures,Santé et services sociaux,Santé et Services sociaux,01 – Bas-Saint-Laurent,Villa Fraserville,Rivière-du-Loup,Agrandissement et réaménagement
435,"Institut universitaire en santé mentale de Québec, centre de neurophotonique et animalerie – Réaménagement","Le projet consiste en un déploiement d’une toute nouvelle plateforme de neuro-imagerie par résonance magnétique au centre de recherche de l’IUSMQ. La phase A prévoit l’aménagement des laboratoires de la nouvelle chaire d’excellence de recherche du Canada sur la neurophotonique dans le bâtiment principal et la phase B consiste en l’aménagement, dans le bâtiment S, d’une plateforme de neuro-imagerie chez l’humain et chez l’animal.",33700000,29500000,4200000,,2022-01-31,En service,"Mars 2022_x000D_
La mise en service complète de l’infrastructure a été autorisée au cours de l’année financière 2021-2022. Le projet sera retiré du Tableau de bord lors de la prochaine mise à jour annuelle._x000D_
Mars 2021_x000D_
La modification de la date de la mise en service a été autorisée. Initialement prévue en août 2021, elle est reportée à janvier 2022._x000D_
Mars 2020_x000D_
Le projet a été autorisé à l’étape « En réalisation ».",Ministre de la Santé et des Services sociaux,Centre intégré universitaire de santé et de services sociaux de la Capitale-Nationale,Société québécoise des infrastructures,Santé et services sociaux,Santé et Services sociaux,03 – Capitale-Nationale,Institut universitaire en santé mentale de Québec,Québec,Réaménagement
437,Buanderie du CISSS de Lanaudière – Joliette – Construction,"Le projet visait la construction d’un bâtiment pour relocaliser la buanderie sur un terrain adjacent au centre hospitalier régional de Lanaudière (CHRDL). La solution immobilière a consisté en un bâtiment sur deux niveaux, d’une superficie totale brute de 5 771,7 m² afin d’assurer la sécurité d’approvisionnement et une productivité optimale pour répondre aux besoins actuels et futurs.",23600000,23600000,0,,2021-03-31,En service,"Mars 2022_x000D_
La mise en service complète de l’infrastructure a été autorisée au cours de l’année financière 2021-2022. Le projet sera retiré du Tableau de bord lors de la prochaine mise à jour annuelle._x000D_
Mars 2021_x000D_
La modification de la date de mise en service a été autorisée. Initialement prévue en septembre 2020, elle a été reportée à mars 2021.  La mise en service de l’infrastructure a été autorisée._x000D_
Mars 2020_x000D_
Le projet a été autorisé à l’étape « En réalisation ».",Ministre de la Santé et des Services sociaux,Centre intégré de santé et de services sociaux de Lanaudière,Centre intégré de santé et de services sociaux de Lanaudière en association avec la Société québécoise des infrastructures,Santé et services sociaux,Santé et Services sociaux,14 – Lanaudière,Buanderie du CISSS de Lanaudière,Joliette,Construction
438,"Université McGill, faculté et unité de médecine familiale – Gatineau – Agrandissement","Le projet sur le campus médical en Outaouais de l’Université McGill était composé de deux volets : l’implantation, à Gatineau, d’une faculté de médecine délocalisée de l’Université McGill et la relocalisation de l’unité de médecine familiale de Gatineau. _x000D_
Le projet a consisté en un agrandissement de 4 636 m², sur deux étages, au-dessus du service des urgences de l’hôpital de Gatineau.",32400000,32400000,0,,2021-02-01,En service,"Mars 2022_x000D_
La mise en service complète de l’infrastructure a été autorisée au cours de l’année financière 2021-2022. Le projet sera retiré du Tableau de bord lors de la prochaine mise à jour annuelle._x000D_
Mars 2020_x000D_
La mise en service de l’infrastructure a été autorisée.",Ministre de la Santé et des Services sociaux,Université McGill,Université McGill en association avec la Société québécoise des infrastructures,Santé et Services sociaux,Santé et Services sociaux,07 – Outaouais,Université McGill,Gatineau,Agrandissement
439,Maison des aînés et alternative (ancien CHSLD) – Maniwaki – Construction,"Le projet, fortement inspiré du modèle de maison des aînés et alternatives, consiste à regrouper dans un bâtiment d’une capacité de 100 places, les 69 places de l’actuel centre d’hébergement et les 14 places de l’unité de soins de longue durée de l’hôpital de Maniwaki. À ces 83 places s’ajoutent 4 nouvelles places. Le projet inclut également un centre de jour d’une capacité de 15 à 20 personnes ainsi qu’une salle des familles afin d’intégrer la culture autochtone. Une maisonnée de 10 places sera aménagée pour répondre aux besoins particuliers de la clientèle alternative. Le besoin est généré principalement par l’état de vétusté fonctionnelle et par sa localisation risquée en zone inondable.",70000000,70000000,0,,2023-12-31,En réalisation,"Décembre 2020_x000D_
Le projet a été autorisé à l’étape « En réalisation »._x000D_
Mars 2020_x000D_
Le projet a été autorisé à l’étape « En planification ».",Ministre de la Santé et des Services sociaux,Centre intégré de santé et de services sociaux de l’Outaouais,Société québécoise des infrastructures,Santé et services sociaux,Santé et Services sociaux,07 – Outaouais,Maison des aînés et alternative (ancien CHSLD),Maniwaki,Construction
440,"Hôpital de Gatineau, unité de périnatalité – Réaménagement",Le projet consiste en une reconfiguration complète du 3e étage de l’hôpital de Gatineau afin d’y aménager une nouvelle unité des naissances comportant 32 chambres de type « TARP » (travail/accouchement/récupération/post-partum) ainsi que le réaménagement de la néonatalogie de 16 lits. Il inclut également l’aménagement de deux nouvelles salles de césarienne adjacentes au bloc opératoire actuel situé au 2e étage et l’aménagement de cliniques gynéco-obstétriques et « GARE » (grossesses à risques élevés) au 7e étage.,,,,,,En planification,"Mars 2020_x000D_
Le projet a été autorisé à l’étape « En planification ».",Ministre de la Santé et des Services sociaux,Centre intégré de santé et de services sociaux de l’Outaouais,Société québécoise des infrastructures,Santé et services sociaux,Santé et Services sociaux,07 – Outaouais,Hôpital de Gatineau,Gatineau,Réaménagement
441,"Hôpital du Sacré-Cœur de Montréal, médecine nucléaire et ajout d’un tomographe par émission de positrons – Agrandissement",Le projet consiste à agrandir l’hôpital du Sacré-Cœur de Montréal afin de relocaliser la médecine nucléaire et d’implanter un appareil de tomographie par émission de positrons couplé à la tomodensitométrie (TEP-TDM) pour le territoire du centre intégré universitaire de santé et de services sociaux du Nord-de-l’Île-de-Montréal (CIUSSS).,,,,,,En planification,"Mars 2020_x000D_
Le projet a été autorisé à l’étape « En planification ».",Ministre de la Santé et des Services sociaux,Centre intégré universitaire de santé et de services sociaux du Nord-de-l’Île-de-Montréal,Société québécoise des infrastructures,Santé et services sociaux,Santé et Services sociaux,06 – Montréal,Hôpital du Sacré-Cœur de Montréal,Montréal,Agrandissement
442,Maison des aînés (ancien CHSLD) – Lachute – Construction,"Le projet consiste en la construction d’un bâtiment de 144 places, fortement inspiré du modèle de maison des aînés et alternatives, dans la municipalité de Lachute. Il permettra de relocaliser les résidents des unités du pavillon et de La Fontaine jugées vétustes et non fonctionnelles.",,,,,,En planification,"Mars 2020_x000D_
Le projet a été autorisé à l’étape « En planification ».",Ministre de la Santé et des Services sociaux,Centre intégré de santé et de services sociaux des Laurentides,Société québécoise des infrastructures,Santé et services sociaux,Santé et Services sociaux,15 – Laurentides,Maison des aînés (ancien CHSLD),Lachute,Construction
443,Centre d’hébergement Notre-Dame-de-la-Merci – Montréal – Réaménagement,"Le projet consiste en la rénovation majeure des unités de vie du centre d’hébergement Notre-Dame-de-la-Merci, ayant comme objectifs l’élimination des chambres à occupation multiple, l’amélioration des unités de vie par l’ajout de locaux communs, la modification des locaux de services et la mise aux normes électromécanique. Le centre d’hébergement et de soins de longue durée accueille une unité prothétique et une unité de soins palliatifs.",,,,,,En planification,"Mars 2020_x000D_
Le projet a été autorisé à l’étape « En planification ».",Ministre de la Santé et des Services sociaux,Centre intégré universitaire de santé et de services sociaux du Nord-de-l’Île-de-Montréal,Société québécoise des infrastructures,Santé et services sociaux,Santé et Services sociaux,06 – Montréal,Centre d’hébergement Notre-Dame-de-la-Merci,Montréal,Réaménagement
444,Laboratoire serveur Optilab – Laval – Construction,Le projet consiste en une construction sur la Rive-Nord de Montréal pour abriter les laboratoires médicaux de la grappe Laval-Laurentides-Lanaudière dans le cadre du projet Optilab visant la réorganisation des laboratoires médicaux du réseau de la Santé et Services sociaux.,,,,,,En planification,"Mars 2020_x000D_
Le projet a été autorisé à l’étape « En planification ».",Ministre de la Santé et des Services sociaux,Centre intégré de santé et de services sociaux de Laval,Société québécoise des infrastructures,Santé et Services sociaux,Santé et Services sociaux,13 – Laval,Laboratoire serveur Optilab,Laval,Construction
445,Maison des aînés (ancien CHSLD du Rocher-Percé) – Chandler – Agrandissement,"Le projet consiste en un agrandissement du centre d’hébergement du Rocher-Percé aussi connu sous le nom de centre d’hébergement Villa Pabos, fortement inspiré du modèle de maison des aînés et alternatives, afin d’aménager un total de 99 places. _x000D_
La première phase du projet prévoit l’agrandissement du bâtiment existant afin d’accueillir 51 places et la seconde phase prévoit un réaménagement majeur des ailes existantes pour une capacité d’accueil de 48 places.",60000000,60000000,0,,2024-06-30,En réalisation,"Décembre 2020_x000D_
Le projet a été autorisé à l’étape « En réalisation »._x000D_
Mars 2020_x000D_
Le projet a été autorisé à l’étape « En planification ».",Ministre de la Santé et des Services sociaux,Centre intégré de santé et de services sociaux de la Gaspésie,Société québécoise des infrastructures,Santé et Services Sociaux,Santé et Services sociaux,11 – Gaspésie–Îles-de-la-Madeleine,Maison des aînés (ancien CHSLD du Rocher-Percé),Chandler,Agrandissement
446,"Hôpital de Mont-Laurier, soins de courte durée – Agrandissement et réaménagement","Le projet consiste en un agrandissement et en un réaménagement des unités de soins de courte durée (complexe mère-enfant, pédiatrie, gériatrie active, médecine et chirurgie ainsi que soins palliatifs) et de la pharmacie.",,,,,,En planification,"Mars 2020_x000D_
Le projet a été autorisé à l’étape « En planification ».",Ministre de la Santé et des Services sociaux,Centre intégré de santé et de services sociaux de Lanaudière,Société québécoise des infrastructures,Santé et Services Sociaux,Santé et Services sociaux,15 – Laurentides,Hôpital de Mont-Laurier,Mont-Laurier,Agrandissement et réaménagement
447,Centre d’hébergement de la Vallée-de-la-Lièvre – Gatineau – Agrandissement,"Le projet consiste en l’agrandissement du centre d’hébergement de la Vallée-de-la-Lièvre existant qui a actuellement 80 places._x000D_
L’agrandissement de 55 places, fortement inspiré du modèle de maison des aînés et alternatives, permettra d’accueillir la clientèle en provenance de l’unité de soins de longue durée de l’hôpital de Papineau ainsi qu’un lit de répit.",,,,,,En planification,"Mars 2020_x000D_
Le projet a été autorisé à l’étape « En planification ».",Ministre de la Santé et des Services sociaux,Centre intégré de santé et de services sociaux de l’Outaouais,Société québécoise des infrastructures,Santé et services sociaux,Santé et Services sociaux,07 – Outaouais,Centre d’hébergement de la Vallée-de-la-Lièvre,Gatineau,Agrandissement
448,Laboratoire serveur Optilab – Longueuil – Construction,"Le projet consiste en la construction d’un laboratoire serveur dans le cadre du projet Optibal visant la réorganisation des laboratoires médicaux du réseau de la Santé et Services sociaux . Les activités qui auront cours dans le nouveau laboratoire sont la biochimie, l’hématologie, la microbiologie et la pathologie-cytologie, comme reconnues par le ministère de la Santé et des Services sociaux (MSSS) dans le cadre d’Optilab. Le bâtiment aura une superficie estimée à 6 000 m² bruts, sur un terrain vague situé à Saint-Bruno-de-Montarville.",67500000,67500000,0,,2025-01-31,En réalisation,"Décembre 2020_x000D_
Le projet a été autorisé à l’étape « En réalisation »._x000D_
Mars 2020_x000D_
Le projet a été autorisé à l’étape « En planification ».",Ministre de la Santé et des Services sociaux,Centre intégré de santé et de services sociaux de la Montérégie-Centre,Société québécoise des infrastructures,Santé et services sociaux,Santé et Services sociaux,16 – Montérégie,Laboratoire serveur Optilab,Longueuil,Construction
449,"Institut universitaire de cardiologie et de pneumologie de Québec, bloc opératoire – Agrandissement et réaménagement","Le projet consiste en la réalisation de la phase 2 du projet d’agrandissement et de réaménagement du bloc opératoire par l’aménagement d’une salle multidisciplinaire et le transfert des activités des salles existantes nos 1 et 7 dans de nouveaux espaces situés dans la coquille prévue à cette fin lors de la phase 1._x000D_
La superficie brute du réaménagement sera d’environ 761 m² tandis que la superficie d’aménagement de la coquille vide sera de 346 m². Au terme des deux phases, le bloc comptera dix salles, dont cinq seront neuves.",20400000,20400000,0,,2022-09-01,En réalisation,"Mars 2020_x000D_
Le projet a été autorisé à l’étape « En réalisation ».",Ministre de la Santé et des Services sociaux,Institut universitaire de cardiologie et de pneumologie de Québec – Université Laval,Société québécoise des infrastructures,Santé et services sociaux,Santé et Services sociaux,03 – Capitale-Nationale,Institut universitaire de cardiologie et de pneumologie de Québec,Québec,Agrandissement et réaménagement
450,Laboratoire serveur Optilab – Sherbrooke – Construction,Le projet consiste en une construction d’une superficie brute de quelque 4 500 m² et un réaménagement d’environ 1 600 m² pour accueillir le laboratoire serveur de l’Estrie dans le cadre du projet Optilab visant la réorganisation des laboratoires médicaux du réseau de la Santé et Services sociaux.,,,,,,En planification,"Mars 2020_x000D_
Le projet a été autorisé à l’étape « En planification ».",Ministre de la Santé et des Services sociaux,Centre intégré universitaire de santé et de services sociaux de l’Estrie – Centre hospitalier universitaire de Sherbrooke,Société québécoise des infrastructures,Santé et Services sociaux,Santé et Services sociaux,05 – Estrie,Laboratoire serveur Optilab,Sherbrooke,Construction
451,"Hôtel-Dieu de Lévis, pavillon d’enseignement – Construction","Le projet consiste à construire un bâtiment à l’Hôtel-Dieu de Lévis pouvant accueillir les cohortes d’étudiants dans le cadre du projet de délocalisation partielle du programme de préexternat de la faculté de médecine de l’Université Laval. Ce pavillon d’enseignement d’une superficie brute de 4 100 m², répartie sur quatre niveaux, sera construit sur le terrain de l’Hôtel-Dieu de Lévis et il sera relié au pavillon des Augustines par une passerelle.",27000000,27000000,0,,2022-08-01,En réalisation,"Avril 2021_x000D_
Le projet a été autorisé à l’étape « En réalisation »._x000D_
Mars 2020_x000D_
Le projet a été autorisé à l’étape « En planification ».",Ministre de la Santé et des Services sociaux,Centre intégré de santé et de services sociaux de Chaudière-Appalaches,Centre intégré de santé et de services sociaux de Chaudière-Appalaches,Santé et services sociaux,Santé et Services sociaux,12 – Chaudière-Appalaches,Hôtel-Dieu de Lévis,Lévis,Construction
452,"Hôpital régional de Rimouski, pavillon d’enseignement – Construction",Le projet consiste à construire un bâtiment à vocation pédagogique sur le site de l’hôpital régional de Rimouski. Ce nouveau bâtiment pourra accueillir les cohortes d’étudiants dans le cadre du projet de délocalisation partiel du programme de préexternat de la faculté de médecine de l’Université Laval. Un pavillon d’enseignement d’une superficie brute de 3 300 m² répartis sur quatre niveaux sera construit sur le terrain de l’hôpital régional de Rimouski et sera relié à celui-ci.,40800000,40800000,0,,2022-08-01,En réalisation,"Août 2021_x000D_
Le projet a été autorisé à l’étape « En réalisation »._x000D_
Mars 2020_x000D_
Le projet a été autorisé à l’étape « En planification ».",Ministre de la Santé et des Services sociaux,Centre intégré de santé et de services sociaux du Bas-Saint-Laurent,Centre intégré de santé et de services sociaux du Bas-Saint-Laurent,Santé et services sociaux,Santé et Services sociaux,01 – Bas-Saint-Laurent,Hôpital régional de Rimouski,Rimouski,Construction
453,Centre Miyupimaatisiiun communautaire – Oujé-Bougoumou – Construction,"Le projet consiste en la construction d’un bâtiment. Il s’articule autour de trois secteurs clés : les services partagés, la protection de la jeunesse et l’intervention clinique.",,,,,,En planification,"Mars 2020_x000D_
Le projet a été autorisé à l’étape « En planification ».",Ministre de la Santé et des Services sociaux,Conseil cri de la santé et des services sociaux de la baie James,Conseil cri de la santé et des services sociaux de la Baie James,Santé et services sociaux,Santé et Services sociaux,10 – Nord-du-Québec,Centre Miyupimaatisiiun communautaire,Oujé-Bougoumou,Construction
454,Centre Miyupimaatisiiun communautaire – Waskaganish – Construction,"Le projet consiste en la construction d’un bâtiment. Il s’articule autour de trois secteurs clés : les services partagés, la protection de la jeunesse et l’intervention clinique.",,,,,,En planification,"Mars 2020_x000D_
Le projet a été autorisé à l’étape « En planification ».",Ministre de la Santé et des Services sociaux,Conseil cri de la santé et des services sociaux de la baie James,Conseil cri de la santé et des services sociaux de la Baie James,Santé et services sociaux,Santé et Services sociaux,10 – Nord-du-Québec,Centre Miyupimaatisiiun communautaire de Waskaganish,Waskaganish,Construction
455,Nouvelles-Casernes – Québec – Réfection,"Construites entre 1749 et 1752, les Nouvelles-Casernes sont un bâtiment classé historique. Celui-ci constitue un héritage majeur avec un intérêt patrimonial pour sa valeur tant historique qu’architecturale et archéologique. La Commission a divisé les travaux de consolidation en deux phases. Il s’agit d’un chantier patrimonial dont les travaux préparatoires et la planification rigoureuse sont essentiels, avec les différents partenaires. Certains travaux préparatoires ont été réalisés par la Commission, depuis l’été 2016, et la première phase s’est échelonnée du printemps 2018 à celui de 2020. La deuxième phase des travaux a débuté au printemps 2020 et sera complété en 2022.",21000000,20000000,1000000,,2022-12-31,En réalisation,"Mai 2013_x000D_
Le projet a été autorisé à l’étape « En réalisation ».",Ministre responsable de la région de la Capitale-Nationale,Commission de la capitale nationale du Québec,Commission de la capitale nationale du Québec,Tourisme et activités récréatives,Économie et environnement,03 – Capitale-Nationale,Nouvelles-Casernes,Québec,Réfection
456,École primaire du centre de services scolaire des Chênes – Drummondville – Construction,"Le projet consiste en la construction d’une école primaire à Drummondville, sur le territoire du centre de services scolaire des Chênes. Afin de réduire le déficit d’espace reconnu par le Ministère, trois classes de maternelle 4 ans, trois d’éducation préscolaire et dix-huit d’enseignement primaire sont prévues.",,,,,,En planification,"Mars 2020_x000D_
Le projet a été autorisé à l’étape « En planification ».",Ministre de l’Éducation,Centre de services scolaire des Chênes,Centre de services scolaire des Chênes,Éducation,Éducation et culture,17 – Centre-du-Québec,École primaire du centre de services scolaire des Chênes – Drummondville,Drummondville,Construction
457,École primaire Saint-Eugène du centre de services scolaire des Hautes-Rivières – Saint-Jean-sur-Richelieu – Agrandissement et réaménagement,"Le projet réalisé a consisté à l’agrandissement et au réaménagement de l’école primaire Saint-Eugène à Saint-Jean-sur-le-Richelieu, sur le territoire du centre de services scolaire des Hautes-Rivières. Afin de réduire le déficit d’espace reconnu par le Ministère, quatre classes d’éducation préscolaire et treize d’enseignement primaire ont été construites.",34000000,34000000,0,,2021-08-31,En service,"Mars 2022_x000D_
La modification de la date de la mise en service de l’infrastructure a été autorisée. Initialement prévue en novembre 2020, elle a été reportée à août 2021. De plus, une hausse de 11,2 M$ au coût du projet a été autorisée. Initialement prévu à 22,8 M$, le coût est maintenant de 34,0 M$. La mise en service complète de l’infrastructure a été autorisée au cours de l’année financière 2021-2022. Le projet sera retiré du Tableau de bord lors de la prochaine mise à jour annuelle._x000D_
Mars 2020_x000D_
Le projet a été autorisé à l’étape « En réalisation ».",Ministre de l’Éducation,Centre de services scolaire des Hautes-Rivières,Centre de services scolaire des Hautes-Rivières,Éducation,Éducation et culture,16 – Montérégie,École Saint-Eugène du centre de services scolaire des Hautes-Rivières,Saint-Jean-sur-Richelieu,Agrandissement et réaménagement
458,École primaire du centre de services scolaire des Phares – Rimouski – Construction,"Le projet consiste en la construction d’une école primaire à Rimouski, sur le territoire du centre de services scolaires des Phares. Afin de réduire le déficit d’espace reconnu par le Ministère, quatre classes de maternelle 4 ans, trois d’éducation préscolaire et dix-huit d’enseignement primaire seront construites.",44900000,44900000,0,,2023-08-31,En réalisation,"Mars 2022_x000D_
Le projet a été autorisé à l’étape « En réalisation »._x000D_
Mars 2020_x000D_
Le projet a été autorisé à l’étape « En planification ».",Ministre de l’Éducation,Centre de services scolaire des Phares,Centre de services scolaire des Phares,Éducation,Éducation et culture,01 – Bas-Saint-Laurent,École primaire du centre de services scolaire des Phares,Rimouski,Construction
459,"Parc olympique, funiculaire de la Tour – Montréal – Réfection","Le projet consiste à remplacer le funiculaire de la Tour de Montréal ainsi qu’à mettre à niveau les gares inférieure et supérieure. Construit en 1987, le funiculaire est en fin de vie utile. Son remplacement permettra d’accroître l’achalandage touristique.",25000000,25000000,0,,2023-10-20,En réalisation,"Mars 2022_x000D_
La modification de la date de la mise en service a été autorisée. Initialement prévue en mai 2023, elle est reportée à octobre 2023. _x000D_
Mars 2021_x000D_
Le projet a été autorisé à l’étape « En réalisation »._x000D__x000D_
Mars 2020_x000D_
Le projet a été autorisé à l’étape « En planification ».",Ministre du Tourisme,Parc olympique,Parc olympique,Tourisme et activités récréatives,Économie et environnement,06 – Montréal,Parc olympique,Montréal,Réfection
460,Route entre Schefferville et Kawawachikamach – Réfection,"Le projet propose une réfection majeure sur près de 14 km du chemin unique, comportant deux routes collectrices, permettant de relier la gare ferroviaire, la ville de Schefferville, l’aéroport, la communauté de Matimekush et la communauté de Kawawachikamach._x000D_
Le projet vise notamment le remplacement de ponceaux, la mise à niveau des courbes sous-standards et du profil vertical, le remplacement du système de drainage fermé ainsi que l’amélioration de celui-ci aux abords de la route, la mise aux normes des glissières ainsi que la pose d’enrobé bitumineux. Les objectifs sont également d’assurer la mobilité durable des personnes et des marchandises par des systèmes de transport efficaces et sécuritaires qui contribuent au développement du Québec en améliorant la géométrie routière et le drainage routier, en atténuant les zones de vent et en favorisant le transport actif.",,,,,,En planification,"Mars 2020_x000D_
Le projet a été autorisé à l’étape « En planification ».",Ministre des Transports,Ministère des Transports,Ministère des Transports,Développement du territoire nordique,Économie et environnement,09 – Côte-Nord,Route entre Schefferville et Kawawachikamach,De Schefferville à Kawawachikamach,Réfection
463,Centre des collections et de conservation de Montréal – Construction,"BAnQ, en collaboration avec le Musée d’art contemporain de Montréal et le Musée des beaux-arts de Montréal, planifie la réalisation d’un centre pour doter Montréal d’un pôle de conservation unique qui garantira la protection, la sauvegarde et la longévité de l’héritage et de la mémoire collective du Québec. Le projet commun fournira également l’espace requis par les deux musées pour répondre à leur mission de conservation de l’art québécois, et ce, jusqu’en 2025.",,,,,,En planification,"Mars 2020_x000D_
Le projet a été autorisé à l’étape « En planification ».",Ministre de la Culture et des Communications,Bibliothèque et Archives nationales du Québec,Société québécoise des infrastructures,Culture,Éducation et culture,06 – Montréal,Centre des collections et de conservation de Montréal,Montréal,Construction
464,Centre régional de traitement des dépendances – Kuujjuaq – Construction,Le Centre régional de rétablissement Isuarsivik souhaite procéder à la construction d’un centre de réadaptation à l’intérieur des limites municipales du village nordique de Kuujjuaq. Le projet est destiné à offrir à la population Nunavikoise une infrastructure qui répondra à ses besoins en matière de services résidentiels de rétablissement pour les dépendances.,44400000,12400000,32000000,,2022-12-31,En réalisation,"Mars 2022_x000D_
Le projet a été autorisé à l’étape « En réalisation »._x000D_
Mars 2020_x000D_
Le projet a été autorisé à l’étape « En planification ».",Ministre responsable des Affaires autochtones,Centre régional de rétablissement Isuarsivik,Société du Plan Nord,Administration gouvernementale,Gouverne et justice,10 – Nord-du-Québec,Centre régional de traitement des dépendances,Kuujjuaq,Construction
465,Complexe Desjardins – Montréal – Réaménagement,"Le bail du Complexe Desjardins a été renouvelé pour une période de 20 ans à partir d’avril 2020. Revenu Québec veut moderniser ses espaces occupés au complexe Desjardins qui sont devenus désuets et non adaptés aux réalités des nouvelles façons de travail en collaboration et de télétravail. Éventuellement, la modernisation permettra de regrouper des établissements du centre-ville de Montréal en fonction des baux arrivant à terme._x000D_
Envergure du projet :_x000D_
• Approche prudente compte tenu de l’effervescence du marché. Quatre étages ont été retirés de la portée du mandat afin de pallier l’augmentation des nouveaux coûts de contingence_x000D_
• Rénovation de 18 étages sur 22 de la tour nord du Complexe Desjardins (30 500 m²) sur une période de 5 ans_x000D_
• Aménagement selon les principes du Programme gouvernemental de transformation des milieux de travail du Secrétariat du Conseil du trésor_x000D_
Chacune des phases de réalisation sera soumise à l’approbation du conseil d’administration de Revenu Québec et sera suivie lors du dépôt annuel du plan d’investissement.",46000000,37800000,8200000,2023-03-31,2026-09-30,En réalisation,"Mars 2022_x000D_
Une hausse de 8,2 M$ au coût du projet a été autorisée. Initialement prévu à 37,8 M$, le coût est maintenant de 46,0 M$. Ainsi, la contribution du Québec demeure à 37,8 M$ et une contribution des partenaires de 8,2 M$ est maintenant prévue. De plus, la modification des dates de début et de fin de la mise en service a été autorisée. Initialement, elles étaient respectivement prévues en mars 2022 et en septembre 2025. Elles sont reportées en mars 2023 et en septembre 2026._x000D_
Mars 2021_x000D_
Le projet a été autorisé à l’étape « En réalisation »._x000D_
Mars 2020_x000D_
Le projet a été autorisé à l’étape « En planification ».",Ministre responsable de l’Administration gouvernementale,Agence du Revenu du Québec,Société québécoise des infrastructures,Administration gouvernementale,Gouverne et justice,06 – Montréal,Complexe Desjardins,Montréal,Réaménagement
467,Voies réservées du Rapibus de la STO (phase II) – Gatineau – Prolongement,"Le projet consiste au prolongement du Rapibus (système rapide par bus en site propre), entre les stations Lorrain et Labrosse. Il vise l’amélioration de la mobilité afin d’assurer une meilleure adhérence à l’horaire et une diminution du temps de parcours entre les deux stations.",52800000,35200000,17600000,,2023-10-01,En réalisation,"Mars 2022_x000D_
Le projet a été autorisé à l’étape « En réalisation »._x000D_
Mars 2021_x000D_
Le projet a été autorisé à l’étape « En planification ».",Ministre des Transports,Société de transport de l’Outaouais,Société de transport de l’Outaouais,Transport collectif,Économie et environnement,07 – Outaouais,Voies réservées du Rapibus de la STO,Gatineau,Prolongement
468,Aérogare Kangiqsujuaq et garage – Réfection,Le projet consiste en la réfection des bâtiments qui ne répondent plus aux exigences réglementaires et aux besoins des usagers.,27300000,27300000,0,2027-02-01,2027-07-31,En réalisation,"Mars 2022_x000D_
La modification des dates de début et de fin de la mise en service a été autorisée.  Initialement, elles étaient respectivement prévues en décembre 2024 et en septembre 2025. Elles sont reportées en février 2027 et en juillet 2027._x000D_
Mars 2020_x000D_
Le projet a été autorisé à l’étape « En réalisation ».",Ministre des Transports,Ministère des Transports,Ministère des Transports,"Transports maritime, aérien, ferroviaire et autres",Économie et environnement,10 – Nord-du-Québec,Aérogare Kangiqsujuaq et garage,Kangiqsujuaq,Réfection
469,Route 132 entre Pabos Mills et Newport – Réfection,"Le projet consiste en la réfection et au réaménagement de la route 132 sur une longueur de 3,8 km pour améliorer la sécurité routière en zones rurale et urbaine du secteur. Ces zones comportent des déficiences géométriques majeures qui réduisent la visibilité à l’arrêt. La structure de la chaussée et le drainage sont déficients et des correctifs majeurs doivent y être apportés. Le pont au-dessus de la rivière de l’Anse aux Canards a été remplacé par une nouvelle structure pour améliorer la sécurité des usagers. Le projet a été scindé en deux phases (Phase 1 : pont et raccordement à la route 132; Phase 2 : construction d’une route à partir de la décharge du lac Blanc jusqu’à la baie Saint-Hubert, 2,1 km) qui serviront à contourner le quartier de Pabos Mills et à installer une caméra de circulation.",37500000,37400000,100000,,2022-10-01,En service,"Mars 2022_x000D_
Une baisse de 1,7 M$ au coût du projet a été autorisée. Initialement prévu à 39,2 M$, le coût est maintenant de 37,5 M$. Ainsi, la contribution du Québec passe de 39,2 M$ à 37,4 M$ et celle des partenaires demeure à 0,1 M$.  De plus, la mise en service complète de l’infrastructure a été autorisée au cours de l’année financière 2021-2022. Le projet sera retiré du Tableau de bord lors de la prochaine mise à jour annuelle._x000D_
Mars 2020_x000D_
Le projet a été autorisé à l’étape « En réalisation ».",Ministre des Transports,Ministère des Transports,Ministère des Transports,Réseau routier,Économie et environnement,11 – Gaspésie–Îles-de-la-Madeleine,Route132,De Pabos Mills à Newport,Réfection
470,Route 132 entre la voie ferrée et le cours d’eau Saint-Laurent – Val-Brillant – Réfection,Le projet consistait à améliorer la géométrie de la route 132 aux approches de la traverse de la voie ferrée du CN par la conception d’une géométrie en plan et en profil répondant aux normes de conception routière pour une vitesse de conception de 100 km/h (affichée à 90 km/h). Le réaménagement de la route 132 et d’un pont d’étagement pour la voie ferrée du CN a été requis.,39800000,39800000,0,,2021-10-01,En service,"Mars 2022_x000D_
Une hausse de 3,7 M$ au coût du projet a été autorisée. Prévu à 36,1 M$, le coût est maintenant de 39,8 M$. La mise en service complète de l’infrastructure a été autorisée au cours de l’année financière 2021-2022. Le projet sera retiré du Tableau de bord lors de la prochaine mise à jour annuelle._x000D_
Mars 2021_x000D_
Une baisse de 7,0 M$ au coût du projet a été autorisée. Initialement prévu à 43,1 M$, le coût est maintenant de 36,1 M$._x000D_
Mars 2020_x000D_
Le projet a été autorisé à l’étape « En réalisation ».",Ministre des Transports,Ministère des Transports,Ministère des Transports,Réseau routier,Économie et environnement,01 – Bas-Saint-Laurent,Route 132,Val-Brillant,Réfection
471,Échangeur des Sources entre Pointe-Claire et Dorval – Réfection,"Le projet vise la réfection des structures dans l’échangeur des Sources situé à l’intersection de l’autoroute 20 et du boulevard des Sources, à la limite de Dorval et de Pointe-Claire. Le projet permettra la réparation des colonnes, le renforcement des poutres, la réparation des glissières de sécurité et la réalisation de trappes d’accès pour accéder aux caissons des structures afin d’en faciliter l’inspection.",60300000,57700000,2600000,2021-10-31,2023-12-31,En service,"Mars 2022_x000D_
Une hausse de 11,1 M$ au coût du projet a été autorisée. Initialement prévu à 49,2 M$, le coût est maintenant de 60,3 M$. Ainsi, la contribution du Québec passe de 47,3 M$ à 57,7 M$ et celle des partenaires, de 1,9 M$ à 2,6 M$. De plus, une modification quant à la mise en service a été autorisée. Alors qu’il était initialement prévu qu’elle se fasse de façon non progressive en décembre 2023, la mise en service sera progressive. Ainsi, les dates de début et de fin de la mise en service sont maintenant respectivement octobre 2021 et décembre 2023. De ce fait, la mise en service partielle de l’infrastructure a été autorisée au cours de l’année financière 2021-2022._x000D_
Mars 2020_x000D_
Le projet a été autorisé à l’étape « En réalisation ».",Ministre des Transports,Ministère des Transports,Ministère des Transports,Réseau routier,Économie et environnement,06 – Montréal,Échangeur des Sources,De Pointe-Claire à Dorval,Réfection
472,Autoroute 20 – Saint-Janvier-de-Joly – Reconstruction,Le projet vise la reconstruction d’une chaussée en béton sur l’autoroute 20 ouest à Saint-Janvier-de-Joly. Ce projet est la continuité du plan d’intervention de la reconstruction de la chaussée en béton de l’autoroute 20.,38800000,38800000,0,,2022-12-01,En réalisation,"Mars 2022_x000D_
Une hausse de 3,6 M$ au coût du projet a été autorisée. Prévu à 35,2 M$, le coût est maintenant de 38,8 M$. De plus, la modification de la date de la mise en service a été autorisée. Initialement prévue en décembre 2021, elle est reportée à décembre 2022._x000D_
Mars 2021_x000D_
Une hausse de 3,2 M$ au coût du projet a été autorisée. Initialement prévu à 32,0 M$, le coût est maintenant de 35,2 M$._x000D_
Mars 2020_x000D_
Le projet a été autorisé à l’étape « En réalisation ».",Ministre des Transports,Ministère des Transports,Ministère des Transports,Réseau routier,Économie et environnement,12 – Chaudière-Appalaches,Autoroute 20,Saint-Janvier-de-Joly,Reconstruction
473,"Réseau routier, divers sites – Îles-de-la-Madeleine – Réfection","Le projet vise à construire des ouvrages de protection des berges dans divers secteurs de la route 199 lourdement affectés à la suite des tempêtes de novembre 2018 et de septembre 2019 (ouragan Dorian) aux Îles-de-la-Madeleine. Au total, les travaux consistent à construire ou reconstruire 6000 mètres d’empierrement et 500 mètres de rechargement de plage.",21700000,21700000,0,2020-10-31,2022-12-01,En service,"Mars 2022_x000D_
Une baisse de 6,0 M$ au coût du projet a été autorisée. Initialement prévu à 27,7 M$, le coût est maintenant de 21,7 M$. De plus, une modification quant à la mise en service a été autorisée. Alors qu’il était initialement prévu qu’elle se fasse de façon non progressive en décembre 2022, la mise en service est progressive. La mise en service partielle de l’infrastructure a été autorisée au cours de l’année financière 2021-2022._x000D_
Mars 2020_x000D_
Le projet a été autorisé à l’étape « En réalisation ».",Ministre des Transports,Ministère des Transports,Ministère des Transports,Réseau routier,Économie et environnement,11 – Gaspésie–Îles-de-la-Madeleine,Réseau routier,Îles-de-la-Madeleine,Réfection
474,Aérogare de Salluit et garage – Construction ,"Le projet consiste principalement en la construction d’une aérogare et d’un garage à l’aéroport de Salluit afin de répondre à un niveau de service acceptable en augmentant la superficie des bâtiments et de leur fonctionnalité, puis de répondre aux exigences réglementaires.",34800000,34800000,0,2019-12-01,2021-09-03,En service,"Mars 2022_x000D_
Une hausse de 0,7 M$ au coût du projet a été autorisée. Prévu à 34,1 M$, le coût est maintenant de 34,8 M$. De plus, la modification de la date de la mise en service complète a été autorisée. Initialement prévue en juillet 2021, elle a été devancée à septembre 2021. La mise en service complète de l’infrastructure a été autorisée au cours de l’année financière 2021-2022. Le projet sera retiré du Tableau de bord lors de la prochaine mise à jour annuelle._x000D_
Mars 2021_x000D_
Une hausse de 6,0 M$ au coût du projet a été autorisée. Initialement prévu à 28,1 M$, le coût est maintenant de 34,1 M$. La modification de la date de la mise en service complète a été autorisée. Initialement prévue en janvier 2021, elle est reportée à juillet 2021._x000D_
Mars 2020_x000D_
La mise en service de l’infrastructure a été autorisée au cours de l’année financière 2019-2020.",Ministre des Transports,Ministère des Transports,Ministère des Transports,"Transports maritime, aérien, ferroviaire et autres",Économie et environnement,10 – Nord-du-Québec,Aérogare de Salluit et garage,Salluit,Construction
475,"Parcs routiers, aire de service – Lavaltrie – Reconstruction","Le projet vise la reconstruction complète de l’aire de service du Point-du-Jour, à Lavaltrie._x000D_
Un bâtiment principal moderne, qui comprendra les services de base, sera érigé. De plus, des stationnements sécuritaires pour les automobiles, les véhicules récréatifs, les autocars et les véhicules lourds seront aménagés._x000D_
Dans une seconde phase, un bâtiment de services commerciaux sera construit en annexe au bâtiment principal.",23400000,18400000,5000000,2021-07-01,2024-08-31,En réalisation,"Mars 2022_x000D_
Une hausse de 1,3 M$ au coût du projet a été autorisée. Initialement prévu à 22,1 M$, le coût est maintenant de 23,4 M$. Ainsi, la contribution du Québec passe de 17,1 M$ à 18,4 M$ et celle des partenaires demeure à 5,0 M$._x000D_
Mars 2020_x000D_
Le projet a été autorisé à l’étape « En réalisation ».",Ministre des Transports,Ministère des Transports,Ministère des Transports,"Transports maritime, aérien, ferroviaire et autres",Économie et environnement,14 – Lanaudière,Parcs routiers,Lavaltrie,Reconstruction
476,NM Joseph-Savard – Traverse L’Isle-aux-Coudres–Saint-Joseph-de-la-Rive – Réfection et réaménagement,Le projet vise la modernisation du NM Joseph-Savard en vue d’en prolonger la vie utile et de l’adapter afin qu’il réponde aux besoins actuels et futurs de la Société des traversiers du Québec.,34300000,34300000,0,,2022-06-30,En réalisation,"Mars 2022_x000D_
Le projet a été autorisé à l’étape « En réalisation »._x000D_
Mars 2020_x000D_
Le projet a été autorisé à l’étape « En planification ».",Ministre des Transports,Société des traversiers du Québec,Société des traversiers du Québec,"Transports maritime, aérien, ferroviaire et autres",Économie et environnement,03 – Capitale-Nationale,NM Joseph-Savard,L’Isle-aux-Coudres et Saint-Joseph-de-la-Rive,Réfection et réaménagement
477,"Pont de Québec entre Québec et Lévis, tablier – Maintien","Les travaux visent à sécuriser le tablier du pont par la réparation des entretoises du tablier ainsi qu’à assurer la consolidation des glissières de sécurité du côté de la voie ferroviaire. Plusieurs travaux sont prévus, notamment le remplacement des joints de tablier, des systèmes de feux des voies, des lampadaires, ainsi que la réparation et la peinture de l’ouvrage en acier.",44100000,44100000,0,,,En réalisation,"Mars 2020_x000D_
Le projet a été autorisé à l’étape « En réalisation ».",Ministre des Transports,Ministère des Transports,Ministère des Transports,Réseau routier,Économie et environnement,03 – Capitale-Nationale; 12 – Chaudière-Appalaches,Pont de Québec,De Québec à Lévis,Maintien
478,Ponts d’étagement du chemin de Sainte-Anne-des-Lacs et du chemin du Moulin sur l’autoroute 15 – Sainte-Adèle – Réfection,Le projet a consisté en la réfection des ponts d’étagement sur les chemins de Sainte-Anne-des-Lacs et du Moulin au-dessus de l’autoroute 15 à Sainte-Anne-des-Lacs et à Piedmont. Les travaux consistaient en la démolition et la reconstruction complète des ponts d’étagement.,20700000,20700000,0,,2021-08-01,En service,"Mars 2022_x000D_
La mise en service complète de l’infrastructure a été autorisée au cours de l’année financière 2021-2022. Le projet sera retiré du Tableau de bord lors de la prochaine mise à jour annuelle._x000D_
Mars 2021_x000D_
Une baisse de 2,5 M$ au coût du projet a été autorisée. Initialement prévu à 23,2 M$, le coût est maintenant de 20,7 M$._x000D_
Mars 2020_x000D_
Le projet a été autorisé à l’étape « En réalisation ».",Ministre des Transports,Ministère des Transports,Ministère des Transports,Réseau routier,Économie et environnement,15 – Laurentides,Ponts d’étagement du chemin de Sainte-Anne-des-Lacs et du chemin du Moulin,Sainte-Adèle,Réfection
479,"Pont Dubuc entre Chicoutimi et Chicoutimi-Nord, éléments du tablier – Saguenay – Réfection","Le projet vise la réfection d’éléments du pont Dubuc et des structures aux approches. Le projet permettra également d’améliorer les approches nord et sud, notamment par l’ajout d’un accès au pont via la rue Montcalm, la correction et l’allongement de l’approche nord du pont et l’allongement de la voie de virage à gauche du boulevard Saint-Paul, en direction sud, pour l’accès au boulevard Jacques-Cartier.",47700000,47700000,0,,2022-12-31,En réalisation,"Mars 2022_x000D_
Une hausse de 2,9 M$ au coût du projet a été autorisée. Prévu à 44,8 M$, le coût est maintenant de 47,7 M$. De plus, la modification de la date de la mise en service a été autorisée. Initialement prévue en décembre 2021, elle est reportée à décembre 2022._x000D_
Mars 2021_x000D_
Une hausse de 2,1 M$ au coût du projet a été autorisée. Initialement prévu à 42,7 M$, le coût est maintenant de 44,8 M$._x000D_
Mars 2020_x000D_
Le projet a été autorisé à l’étape « En réalisation ».",Ministre des Transports,Ministère des Transports,Ministère des Transports,Réseau routier,Économie et environnement,02 – Saguenay–Lac-Saint-Jean,Pont Dubuc,Saguenay,Réfection
480,Pont Louis-Bisson entre Montréal et Laval – Réfection,"Le projet visait la réfection des éléments structuraux du pont Louis-Bisson situé sur l’autoroute 13, au-dessus de la rivière des Prairies entre Montréal et Laval. Le projet a permis également d’améliorer l’éclairage, la chaussée et le terrassement aux approches nord et sud ainsi que la démolition d’une conduite de gaz désaffectée.",25000000,25000000,0,,2021-10-31,En service,"Mars 2022_x000D_
La modification de la date de la mise en service a été autorisée. Initialement prévue en décembre 2021, elle a été devancée à octobre 2021. La mise en service complète de l’infrastructure a été autorisée au cours de l’année financière 2021-2022. Le projet sera retiré du Tableau de bord lors de la prochaine mise à jour annuelle._x000D_
Mars 2020_x000D_
Le projet a été autorisé à l’étape « En réalisation ».",Ministre des Transports,Ministère des Transports,Ministère des Transports,Réseau routier,Économie et environnement,06 – Montréal; 13 – Laval,Pont Louis-Bisson,De Montréal à Laval,Réfection
481,"Centre de santé d’Inuulitsivik et centre de santé Tulattavik, 62 logements – Nunavik – Construction","Le projet doit couvrir les besoins de la région en matière d’hébergement pour le personnel qui travaille dans les communautés du Nunavik. Il consiste en la construction de 62 logements._x000D_
Les communautés visées sont : Salluit, Ivujivik, Akulivik, Puvirnituq, Inukjuak, Umiujaq, Kangirsuk, Kuujjuaq et Kangiqsualujjuaq.",,,,,,En planification,"Mars 2020_x000D_
Le projet a été autorisé à l’étape « En planification ».",Ministre de la Santé et des Services sociaux,Régie régionale de la santé et des services sociaux du Nunavik,Régie régionale de la santé et des services sociaux du Nunavik,Santé et services sociaux,Santé et Services sociaux,10 – Nord-du-Québec,Centre de santé d’Inuulitsivik et centre de santé Tulattavik,Nunavik,Construction
482,École primaire de la Mosaïque du centre de services scolaire de Laval – Agrandissement et réaménagement,"Le projet consiste en l’agrandissement et au réaménagement de l’école primaire de la Mosaïque, à Laval, dans le secteur de Laval-des-Rapides, sur le territoire du centre de services scolaire de Laval. Dix classes d’éducation préscolaire et cinq d’enseignement primaire sont prévues afin de réduire le déficit d’espace reconnu par le Ministère.",25700000,25700000,0,,2022-08-30,En réalisation,"Mars 2022_x000D_
Le projet a été autorisé à l’étape « En réalisation »._x000D_
Mars 2020_x000D_
Le projet a été autorisé à l’étape « En planification ».",Ministre de l’Éducation,Centre de services scolaire de Laval,Centre de services scolaire de Laval,Éducation,Éducation et culture,13 – Laval,École primaire de la Mosaïque du centre de services scolaire de Laval,Laval,Agrandissement et réaménagement
483,École Ikusik de la commission scolaire Kativik – Salluit – Agrandissement et réaménagement,"Le projet réalisé a consisté à l’agrandissement de l’école primaire-secondaire Ikusik à Salluit, sur le territoire de la commission scolaire Kativik. Ce projet permet l’ajout de huit classes d’enseignement primaire et de 311 places-élèves afin de répondre aux besoins et aux particularités du Nunavik.",24700000,18500000,6200000,,2021-07-31,En service,"Mars 2022_x000D_
La mise en service complète de l’infrastructure a été autorisée au cours de l’année financière 2021-2022. Le projet sera retiré du Tableau de bord lors de la prochaine mise à jour annuelle._x000D_
Mars 2020_x000D_
Le projet a été autorisé à l’étape « En planification ».",Ministre de l’Éducation,Commission scolaire Kativik,Commission scolaire Kativik,Éducation,Éducation et culture,10 – Nord-du-Québec,École Ikusik de la commission scolaire Kativik,Salluit,Agrandissement et réaménagement
484,Centre sportif et communautaire – Mont-Royal – Construction,"Le projet consiste à construire un centre sportif et communautaire. La nouvelle construction inclura, entre autres, une piscine intérieure de huit corridors, un gymnase double, des bureaux administratifs et plusieurs salles.",46900000,3000000,43900000,,2022-11-01,En réalisation,"Mars 2021_x000D_
Une hausse de 16,8 M$ au coût du projet a été autorisée. Initialement prévu à 30,1 M$, le coût est maintenant de 46,9 M$. Ainsi, la contribution du Québec demeure à 3,0 M$, et celle des partenaires passe de 27,1 M$ à 43,9 M$._x000D_
Mars 2020_x000D_
Le projet a été autorisé à l’étape « En réalisation ».",Ministre de l’Éducation,Ville de Mont-Royal,Ville de Mont-Royal,Développement du sport,Éducation et culture,06 – Montréal,Centre sportif et communautaire,Mont-Royal,Construction
485,Complexe sportif multifonctionnel – Saint-Jérôme – Construction,"Le projet consiste en la construction d’un complexe sportif multifonctionnel qui regroupera, sous un même bâtiment, deux plateaux spécialisés, soit des terrains de soccer intérieurs et une palestre de gymnastique, des salles multifonctionnelles et un gymnase multisport.",31500000,7500000,24000000,,2023-11-01,En réalisation,"Mars 2022_x000D_
Le projet a été autorisé à l’étape « En réalisation »._x000D_
Mars 2020_x000D_
Le projet a été autorisé à l’étape « En planification ».",Ministre de l’Éducation,Ville de Saint-Jérôme,Ville de Saint-Jérôme,Développement du sport,Éducation et culture,15 – Laurentides,Complexe sportif multifonctionnel,Saint-Jérôme,Construction
486,Complexe aquatique et récréatif – Montréal (arrondissement de Pierrefonds-Roxboro) – Construction,"Le projet consiste à construire un complexe aquatique et récréatif de trois bassins, dont le principal sera de dimension semi-olympique, sur le boulevard Pierrefonds, à Montréal.",,,,,,En planification,"Mars 2020_x000D_
Le projet a été autorisé à l’étape « En planification ».",Ministre de l’Éducation,Ville de Montréal,Ville de Montréal,Développement du sport,Éducation et culture,06 – Montréal,Complexe aquatique et récréatif,Montréal (arrondissement de Pierrefonds-Roxboro),Construction
487,Centre multisport – Saguenay – Construction,"Le projet consiste à la construction d’un complexe sportif, d’environ 9 900 m², fonctionnel 12 mois par année. Il réunira, sous un même toit, un terrain de soccer à onze joueurs (divisible en trois terrains de mini-soccer), des salles d’entraînement pour le baseball, des terrains de volleyball et de handball ainsi qu’une piste d’athlétisme. À court terme, ces plateaux de jeux pourront également servir pour d’autres sports tels que le disque volant et le football.",24200000,7500000,16700000,,2022-07-01,En réalisation,"Mars 2021_x000D_
Une hausse de 3,4 M$ au coût du projet a été autorisée. Initialement prévu à 20,8 M$, le coût est maintenant de 24,2 M$. Ainsi, la contribution du Québec demeure à 7,5 M$, et celle des partenaires passe de 13,3 M$ à 16,7 M$._x000D_
Mars 2020_x000D_
Le projet a été autorisé à l’étape « En réalisation ».",Ministre de l’Éducation,Ville de Saguenay,Ville de Saguenay,Développement du sport,Éducation et culture,02 – Saguenay–Lac-Saint-Jean,Centre multisport,Saguenay,Construction
488,Complexe multisport – Sainte-Catherine – Construction,"Le projet consiste en la construction d’un complexe de soccer intérieur avec un terrain synthétique d’une dimension de 132,25 m de longueur par 62,35 m de largeur. Ce terrain pourra se subdiviser, selon les besoins, en un terrain pleine grandeur pour une partie à onze joueurs, en deux terrains pour neuf joueurs ou en quatre mini-terrains pour sept joueurs. Le complexe comprendra également un bloc de services qui renfermera des bureaux, des salles multifonctionnelles ainsi que des aires administratives et de soutien aux jeux.",,,,,,En planification,"Mars 2020_x000D_
Le projet a été autorisé à l’étape « En planification ».",Ministre de l’Éducation,Ville de Sainte-Catherine,Ville de Sainte-Catherine,Développement du sport,Éducation et culture,16 – Montérégie,Complexe multisport,Sainte-Catherine,Construction
489,Musée d’art contemporain de Montréal – Réaménagement,"Le projet de transformation du Musée d’art contemporain de Montréal vise à doubler la superficie consacrée à l’exposition d’œuvres et à augmenter celle de l’espace jeunesse, tout en facilitant l’accès et en bonifiant l’expérience muséale par l’amélioration et le repositionnement des services connexes.",57000000,30000000,27000000,,2024-10-31,En réalisation,"Mars 2020_x000D_
Le projet a été autorisé à l’étape « En réalisation ».",Ministre de la Culture et des Communications,Musée d’art contemporain de Montréal conjointement avec la Société de la Place des arts de Montréal,Société québécoise des infrastructures,Culture,Éducation et culture,06 – Montréal,Musée d’art contemporain de Montréal ,Montréal,Réaménagement
490,Digue – Sainte-Marthe-sur-le-Lac – Réfection et construction,"À la suite de l’inondation survenue au printemps 2019, la Ville de Sainte-Marthe-sur-le-Lac devait mettre aux normes sa digue de rétention afin d’assurer la sécurité et la protection des biens de sa population en cas d’érosion et d’inondations._x000D_
Le projet consistait à réaliser la réfection et la construction d’une digue de 5 km avec une crête de 26,5 mètres d’élévation. Les travaux visaient à mettre en place un rideau de palplanches et à aménager un empierrement dans le but de le stabiliser et d’atténuer l’impact des vagues, pour ainsi contrôler l’érosion.",51000000,31100000,19900000,2020-03-03,2021-08-31,En service,"Mars 2022_x000D_
La mise en service complète de l’infrastructure a été autorisée au cours de l’année financière 2021-2022. Le projet sera retiré du Tableau de bord lors de la prochaine mise à jour annuelle._x000D_
Mars 2021_x000D_
La mise en service de l’infrastructure a été autorisée au cours de l’année financière 2020-2021._x000D_
Mars 2020_x000D_
Le projet a été autorisé à l’étape « En planification ».",Ministre des Affaires municipales et de l’Habitation,Ville de Sainte-Marthe-sur-le-Lac,Ville de Sainte-Marthe-sur-le-Lac,Municipalités,Économie et environnement,15 – Laurentides,Digue,Sainte-Marthe-sur-le-Lac,Réfection et construction 
491,Ouvrage de protection contre les inondations – Pointe-Calumet – Construction,"Le projet consiste au rehaussement et au renforcement de digues à l’élévation de 25,7 mètres afin de prémunir la municipalité de Pointe-Calumet des risques d’inondation.",,,,,,En planification,"Mars 2020_x000D_
Le projet a été autorisé à l’étape « En planification ».",Ministre des Affaires municipales et de l’Habitation,Municipalité de Pointe-Calumet,Municipalité de Pointe-Calumet,Municipalités,Économie et environnement,06 – Montréal,Ouvrage de protection contre les inondations,Pointe-Calumet,Construction
493,"Incinérateur de Québec, valorisation des vapeurs – Construction",Le projet conjoint entre la Ville de Québec et le CHU de Québec consiste en la construction d’une centrale d’énergie trigénération sur le site de l’hôpital de l’Enfant-Jésus ainsi que d’un réseau de distribution de vapeur.,,,,,,En planification,"Mars 2020_x000D_
Le projet a été autorisé à l’étape « En planification ».",Ministre de la Santé et des Services sociaux,Ministère de la Santé et des Services sociaux,Ville de Québec,Environnement,Économie et environnement,03 – Capitale-Nationale,Incinérateur de Québec,Québec,Construction
494,"Hôpital Notre-Dame, unité famille-naissance – Montréal – Réaménagement",Le projet consiste au réaménagement du niveau 2 des blocs C et T de l’hôpital Notre-Dame pour y aménager une unité d’obstétrique de 16 chambres de type TARP (travail-accouchement-récupération - post-partum) et d’une de soins en néonatologie de six berceaux.,24100000,24100000,0,2022-07-31,2023-05-31,En réalisation,"Mars 2022_x000D_
Une hausse de 1,1 M$ au coût du projet a été autorisée. Initialement prévu à 23,0 M$, le coût est maintenant de 24,1 M$._x000D_
Mars 2021_x000D_
Le projet a été autorisé à l’étape « En réalisation ».",Ministre de la Santé et des Services sociaux,Centre intégré universitaire de santé et de services sociaux du Centre-Sud-de-l’Île-de-Montréal,Société québécoise des infrastructures,Santé et Services sociaux,Santé et Services sociaux,06 – Montréal,Hôpital Notre-Dame,Montréal,Réaménagement
495,École de formation professionnelle de Châteauguay du centre de services scolaire des Grandes-Seigneuries – Construction,"Le projet consiste à construire une école de formation professionnelle à Châteauguay afin de répondre aux problèmes de vétusté et de superficie restreinte du complexe Louis-Philippe-Paré au sein duquel elle loge actuellement (voir projet 253)._x000D_
Le nouveau bâtiment aura la capacité d’accueillir les étudiants de tous les programmes d’études reconnus par le Ministère.",,,,,,En planification,"Juillet 2020_x000D_
Le projet « Complexe Louis-Philippe-Paré du centre de services scolaire des Grandes-Seigneuries – Châteauguay – Agrandissement et réaménagement » a été scindé en deux projets distincts. Les nouveaux projets : « 253 -  École secondaire Louis-Philippe-Paré du centre de services scolaire des Grandes-Seigneuries – Châteauguay – Construction » et le  : « 485 - École de formation professionnelle de Châteauguay du centre de services scolaire des Grandes-Seigneuries – Construction » sont autorisés à l’étape « En planification ».",Ministre de l’Éducation,Centre de services scolaire des Grandes-Seigneuries,Société québécoise des infrastructures,Éducation,Éducation et culture,16 – Montérégie,École de formation professionnelle de Châteauguay du centre de services scolaire des Grandes-Seigneuries,Châteauguay,Construction
497,Centre des transports de Gaspé – Construction,"Le projet consiste à construire un complexe pour les services du ministère des Transports et du Centre de gestion de l’équipement roulant, à Gaspé, en remplacement du bâtiment actuel qui est vétuste. Le complexe sera composé d’un secteur de bureaux administratifs, d’un secteur atelier et d’une partie entrepôt non chauffée, pour le ministère des Transports, ainsi que d’une section garage d’un étage qui comprendra trois portes de service. _x000D_
Sur le site, des infrastructures seront également requises pour combler certains besoins : un abri à sel, un dépôt d’abrasifs, deux sections d’entreposage de matériaux en vrac ainsi que des stationnements pour les camions et les véhicules légers.",22900000,22900000,0,,2022-08-31,En réalisation,"Mars 2021_x000D_
Le projet a été autorisé à l’étape « En réalisation ».",Ministre responsable de l’Administration gouvernementale,Ministère des Transports,Société québécoise des infrastructures,Administration gouvernementale,Gouverne et justice,11 – Gaspésie–Îles-de-la-Madeleine,Centre des transports de Gaspé,Gaspé,Construction
504,École secondaire de la commission scolaire crie – Chisasibi – Construction,"Le projet consiste en la construction d’une école secondaire à Chisasibi, sur le territoire de la commission scolaire crie. Le projet va permettre l’ajout de 585 places-élèves afin de répondre aux besoins et aux particularités de la communauté Crie.",153300000,38300000,115000000,,2023-08-01,En réalisation,"Décembre 2021_x000D_
Une hausse de 13,1 M$ au coût du projet a été autorisée. Initialement prévu à 140,2 M$, le coût est maintenant de 153,3 M$. Ainsi, la contribution du Québec passe de 35,0 M$ à 38,3 M$, et celle des partenaires, de 105,2 M$ à 115,0 M$. De plus, la modification de la date de la mise en service a été autorisée. Initialement prévue en janvier 2023, la mise en service est reportée en août 2023._x000D_
Avril 2021_x000D_
Le projet a été autorisé à l’étape « En réalisation »._x000D_
Août 2020_x000D_
Le projet a été autorisé à l’étape « En planification ».",Ministre de l’Éducation,Commission scolaire crie,Commission scolaire crie en association avec la Société québécoise des infrastructures,Éducation,Éducation et culture,10 – Nord-du-Québec,École secondaire de la commission scolaire crie,Chisasibi,Construction
505,"Université du Québec à Trois-Rivières, pavillon (campus de Drummondville) – Construction","Le projet vise la construction d’un pavillon supplémentaire sur le campus de Drummondville de l’Université du Québec à Trois-Rivières (UQTR). Le pavillon abritera les quatre composantes du Centre national intégré du manufacturier innovant (CNIMI). Les vocations visées par ce nouveau bâtiment sont multiples : enseignement, recherche, incubateur d’entreprises, valorisation et transfert de technologie. Il est prévu d’y accueillir des étudiants du cégep de Drummondville et de l’UQTR de Trois-Rivières. Les superficies à construire représentent près de 5 800 m² bruts répartis sur trois niveaux. Le CNIMI contribuera à aider les manufacturiers du Québec à moderniser leurs processus et à demeurer compétitifs.",31400000,18900000,12500000,,2022-04-01,En réalisation,"Mars 2021_x000D_
Le projet a été autorisé à l’étape « En réalisation ».",Ministre de l’Enseignement supérieur; Ministre de l’Économie et de l’Innovation,Université du Québec à Trois-Rivières,Université du Québec à Trois-Rivières,Recherche,Économie et environnement,17 – Centre-du-Québec,Université du Québec à Trois-Rivières,Drummondville,Construction
509,Maison des aînés et alternative (ancien CHSLD) – Palmarolle – Construction,"Le projet consiste en la construction d’un nouveau bâtiment de 24 places, fortement inspiré du modèle de maison des aînés et alternatives, dans la municipalité de Palmarolle. Il permettra la relocalisation des résidents du centre d’hébergement et des soins de longue durée de Palmarolle qui a dû être fermé pour des raisons de sécurité. Tous les usagers qui étaient résidents du CHSLD de Palmarolle sont temporairement relocalisés au CHSLD de Macamic. À ce jour, aucune décision quant à la réutilisation ou non de l’immeuble laissé vacant n’a encore été prise.",20000000,20000000,0,,2022-09-01,En réalisation,"Juillet 2020_x000D_
Le projet a été autorisé à l’étape « En réalisation ».",Ministre de la Santé et des Services sociaux,Centre intégré de santé et de services sociaux de l’Abitibi-Témiscamingue,Société québécoise des infrastructures,Santé et Services sociaux,Santé et Services sociaux,08 – Abitibi-Témiscamingue,Maison des aînés et alternative (ancien CHSLD),Palmarolle,Construction
533,Maison des aînés (ancien CHSLD) – Labelle – Reconstruction et agrandissement,"Le projet consiste en la construction d’un bâtiment de 48 places, fortement inspiré du modèle de maison des aînés et alternatives, qui permettra la relocalisation des résidents du centre d’hébergement et de soins de longue durée de Labelle. L’ancien bâtiment jugé vétuste sera déclaré excédentaire.",,,,,,En planification,"Mars 2021_x000D_
Le projet a été autorisé à l’étape « En planification ».",Ministre de la Santé et des Services sociaux,Centre intégré de santé et de services sociaux des Laurentides,Société québécoise des infrastructures,Santé et Services sociaux,Santé et Services sociaux,15 – Laurentides,Maison des aînés (ancien CHSLD),Labelle,Reconstruction et agrandissement
554,Cégep de Maisonneuve – Montréal – Agrandissement,"Le projet consiste en un ajout d’espaces sur quatre étages, d’un rez-de-chaussée et d’un sous-sol, représentant 6 688 m² bruts (3 953 m² nets), au rapatriement d’espaces actuellement en location et au réaménagement des espaces libérés, représentant 1 050 m² nets. Le projet vise à résorber le déficit d’espaces actuellement reconnu par le Ministère.",,,,,,En planification,"Mars 2021_x000D_
Le projet a été autorisé à l’étape « En planification ».",Ministre de l’Enseignement supérieur,Cégep de Maisonneuve,Cégep de Maisonneuve,Enseignement supérieur,Éducation et culture,06 – Montréal,Cégep de Maisonneuve,Montréal,Agrandissement
555,Palais de justice de Rouyn-Noranda – Agrandissement et réaménagement,"Le bâtiment, construit dans les années 50, comporte de nombreuses lacunes fonctionnelles et techniques qui touchent la sécurité et l’aménagement des locaux. Ainsi, le ministère de la Justice désire optimiser les investissements à réaliser, dans cet édifice, en jumelant ses obligations de maintien d’actifs et ses besoins avec ceux du Directeur des poursuites criminelles et pénales, de la Sûreté du Québec et du ministère de la Sécurité publique, dans un projet d’agrandissement et de rénovation majeure. L’objectif est de résoudre les différents problèmes vécus par les usagers.",85000000,85000000,0,,2027-03-31,En réalisation,"Décembre 2020_x000D_
Le projet a été autorisé à l’étape « En réalisation »._x000D_
Novembre 2020_x000D_
Le projet a été autorisé à l’étape « À l’étude ».",Ministre responsable de l’Administration gouvernementale,Ministère de la Justice,Société québécoise des infrastructures,Administration gouvernementale,Gouverne et justice,08 – Abitibi-Témiscamingue,Palais de justice de Rouyn-Noranda,Rouyn-Noranda,Agrandissement et réaménagement
556,École primaire du centre de services scolaire de la Capitale – Québec – Construction,"Le projet consiste en la construction d’une école primaire sur le site de l’ancienne école Stadacona à Québec, sur le territoire du centre de services scolaire de la Capitale. Afin de réduire le déficit d’espace reconnu par le Ministère, quatre classes d’éducation préscolaire et seize classes d’enseignement primaire seront construites.",24600000,24600000,0,,2022-08-31,En réalisation,"Mars 2022_x000D_
Le projet a été autorisé à l’étape « En réalisation »._x000D_
Mars 2021_x000D_
Le projet a été autorisé à l’étape « En planification ».",Ministre de l’Éducation,Centre de services scolaire de la Capitale,Centre de services scolaire de la Capitale,Éducation,Éducation et culture,03 – Capitale-Nationale,École primaire du centre de services scolaire de la Capitale,Québec,Construction
558,Édifice Gérald-Godin – Montréal – Maintien,"Afin d’assurer la pérennité de l’édifice Gérald-Godin, un bâtiment à haute valeur patrimoniale, des travaux majeurs qui visent la résorption du déficit de maintien d’actifs sont requis. Par la suite, de nouveaux aménagements de bureaux seront effectués pour y loger des sections ministérielles et autres postes de travail qui sont actuellement localisés dans des immeubles en location.",,,,,,À l’étude,"Janvier 2021_x000D_
Le projet a été autorisé à l’étape « À l’étude ».",Ministre responsable de l’Administration gouvernementale,Société québécoise des infrastructures,Société québécoise des infrastructures,Administration gouvernementale,Gouverne et justice,06 – Montréal,Édifice Gérald-Godin,Montréal,Maintien
559,"Port de Montréal, terminal de conteneurs (site Contrecœur) – Construction","Le projet consiste en la construction d’un terminal de conteneurs sur le site portuaire de Contrecœur (Port de Montréal) pour répondre à la croissance du trafic de marchandises conteneurisées sur le fleuve Saint-Laurent. Ce nouveau terminal à la fine pointe de la technologie permettra l’ajout de 1,15 million de conteneurs (ÉVP).",,,,,,En planification,"Mars 2021_x000D_
Le projet a été autorisé à l’étape « En planification ».",Ministre des Transports,Ministère des Transports,Administration portuaire de Montréal,"Transports maritime, aérien, ferroviaire et autres",Économie et environnement,16 – Montérégie,Port de Montréal,Contrecœur,Construction
560,Installations de la Société ferroviaire et portuaire de Pointe-Noire (phase II) – Réaménagement,"Le projet a pour but de moderniser et d’optimiser les installations de la Société ferroviaire et portuaire de Pointe-Noire, notamment afin d’accroître la capacité du site et de permettre la réception de volumes supplémentaires associés à réalisation d’un nouveau chantier minier.",135000000,50000000,85000000,,2022-12-31,En réalisation,"Mars 2022_x000D_
Le projet a été autorisé à l’étape « En réalisation »._x000D_
Mars 2021_x000D_
Le projet a été autorisé à l’étape « En planification ».",Ministre de l’Énergie et des Ressources naturelles; Ministre de l’Économie et de l’Innovation,Société du Plan Nord en association avec Investissement Québec,Société ferroviaire et portuaire de Pointe-Noire s.e.c.,Développement du territoire nordique,Économie et environnement,09 – Côte-Nord,Installations de la Société ferroviaire et portuaire de Pointe-Noire,Sept-Îles,Réaménagement
561,"Université McGill, bibliothèque McLennan-Redpath – Montréal – Réaménagement","Le projet consiste au réaménagement de la bibliothèque McLennan-Redpath afin de maximiser la capacité du site, d’améliorer la connectivité au sein du complexe et d’entreprendre une rénovation majeure. Ce projet permettra à l’université d’entreposer environ 70 % de la collection de la bibliothèque hors du site, libérant ainsi l’espace pour les étudiants.",,,,,,En planification,"Janvier 2021_x000D_
Le projet a été autorisé à l’étape « En planification ».",Ministre de l’Enseignement supérieur,Université McGill,Université McGill,Enseignement supérieur,Éducation et culture,06 – Montréal,Université McGill,Montréal,Réaménagement
562,Centre des transports d’Anjou – Réaménagement et agrandissement,"Ce complexe de bâtiments abrite un centre de service sous la responsabilité du ministère des Transports (MTQ). Les bâtiments requièrent une mise aux normes et une réfection majeure impliquant le réaménagement partiel des espaces occupés par le MTQ et le Centre de gestion de l’équipement roulant (CGER). Le bâtiment à rénover possède une superficie brute de 7 289 m², auquel un agrandissement est prévu pour l’ajout de trois baies de garage et une salle mécanique.",20800000,20800000,0,,2024-03-29,En réalisation,"Juin 2021_x000D_
Le projet a été autorisé à l’étape « En réalisation ».",Ministre responsable de l’Administration gouvernementale,Ministère des Transports,Société québécoise des infrastructures,Administration gouvernementale,Gouverne et justice,06 – Montréal,Centre des transports d’Anjou,Montréal,Réaménagement et agrandissement
563,Réseau des Espaces bleus – Régions administratives du Québec – Construction ,"Le projet consiste à mettre en place un parcours d’infrastructures culturelles. Situés dans diverses régions du Québec, ces lieux contribueront au renforcement de l’identité québécoise ainsi qu’à son rayonnement. L’objectif est de générer un sentiment de fierté, de créer un pôle de rassemblement et de valoriser le patrimoine. Ces immeubles culturels deviendront propriété de l’État, qui en assurera la réhabilitation et l’aménagement.",,,,,,En planification,"Mars 2022_x000D_
Ce projet s’est déployé en quatre projets locaux « Espace bleu » soit les projets 841, 842, 843 et 844 qui sont publiés au Tableau de bord. D’autres projets locaux « Espace bleu » sont à venir._x000D_
Mars 2021_x000D_
Le projet a été autorisé à l’étape « En planification ».",Ministre de la Culture et des Communications,Ministère de la Culture et des Communications,Ministère de la Culture et des Communications,Culture,Éducation et culture,Plusieurs régions du Québec,Réseau des Espaces bleus,Plusieurs régions du Québec,Construction
564,"Université McGill, pavillon des sciences biologiques Stewart – Montréal – Réfection","Le Pavillon Stewart abrite des locaux de recherche en biologie, un des piliers des sciences de la durabilité à l’Université McGill. L’édifice ne répond plus aux normes qui régissent les installations universitaires modernes, notamment en ce qui a trait au risque d’exposition à l’amiante. Le projet porte ainsi sur la rénovation de l’aile ouest afin d’y aménager des laboratoires de recherche et d’enseignement à la fine pointe de la technologie ainsi que des installations qui accueilleront du matériel de recherche.",126400000,83700000,42700000,,2023-08-01,En réalisation,"Mars 2021_x000D_
Le projet a été autorisé à l’étape « En réalisation ».",Ministre de l’Enseignement supérieur,Université McGill,Université McGill,Enseignement supérieur,Éducation et culture,06 – Montréal,Université McGill,Montréal,Réfection
565,Route panoramique entre Saint-Donat et Saint-Michel-des-Saints – Réfection,"Le projet consiste à asphalter la chaussée de la route 3 sur une portion de 30 km, située dans le territoire du parc national du Mont-Tremblant, et à effectuer les corrections géométriques qui permettront aux véhicules d’y circuler à 50 km/h. Une bande cyclable de 1,0 mètre sera ajoutée pour soutenir le développement du tourisme cyclable. Les travaux permettront d’offrir un accès quatre saisons et intégreront des haltes panoramiques pour bonifier l’expérience et mettre en valeur les beautés du territoire.",,,,,,En planification,"Mars 2021_x000D_
Le projet a été autorisé à l’étape « En planification ».",Ministre du Tourisme,Société des établissements de plein air du Québec,Société des établissements de plein air du Québec,Tourisme et activités récréatives,Économie et environnement,14 – Lanaudière,Route panoramique,De Saint-Donat à Saint-Michel-des-Saints,Réfection
566,"Université de Montréal, pavillon Roger-Gaudry – Montréal – Réfection","Le projet prévoit le remplacement d’environ 33 % des fenêtres du pavillon Roger-Gaudry en raison de leur état de vétusté avancée. Des travaux de réfection de la maçonnerie sur toutes les façades du bâtiment sont également prévus. Le projet « 201 - Université de Montréal, pavillons Roger-Gaudry et Marie-Victorin – Réaménagement » prévoit pour sa part, le réaménagement des espaces intérieurs de ce bâtiment.",49600000,49600000,0,,2025-03-31,En réalisation,"Mars 2022_x000D_
Le projet a été autorisé à l’étape « En réalisation ».",Ministre de l’Enseignement supérieur,Ministère de l’Enseignement supérieur,Université de Montréal ,Enseignement supérieur,Éducation et culture,06 – Montréal,Université de Montréal,Montréal,Réfection
567,Grands parcs riverains de l’Île de Montréal – Réfection,"Dans le réseau des grands parcs de la ville, des actions sur les berges jugées prioritaires ont été déterminées en fonction de la connaissance actuelle de l’état de dégradation et de la capacité d’intervention sur un horizon décennal. Au total, 10 km de berges seront réhabilités et sécurisés par des techniques mixtes de génie biologique.",,,,,,En planification,"Mars 2022_x000D_
Le projet a été autorisé à l’étape « En planification ».",Ministre des Affaires municipales et de l’Habitation,Ville de Montréal,Ville de Montréal,Municipalités,Économie et environnement,06 – Montréal,Grands parcs riverains de l’île de Montréal,Montréal,Réfection
568,"Université Concordia, 4e étage – Montréal – Réfection et réaménagement","Le projet consiste à rénover et à réaménager la portion sud-est du 4e étage afin de consolider les services du département d’informatique et la portion sud-est du 6e étage pour consolider certains services aux étudiants. Les superficies touchées présentent de nombreux problèmes tels que la désuétude des systèmes électromécaniques vieux de 53 ans, la présence d’amiante et la déficience de la protection incendie._x000D_
Le projet inclut la démolition de la zone, l’enlèvement de l’amiante, la décontamination et l’ignifugation de la structure, la construction de nouveaux systèmes intérieurs (murs, plafonds, planchers) et l’encloisonnement des escaliers mécaniques pour respecter le code du bâtiment. Le projet inclut également le remplacement des systèmes mécaniques, de la distribution électrique, du réseau informatique et de l’infrastructure pour les services audiovisuels, l’installation de gicleurs et de nouveaux appareils d’éclairage et de la signalisation.",38100000,35500000,2600000,,2024-03-31,En réalisation,"Mars 2022_x000D_
Une hausse de 1,5 M$ au coût du projet a été autorisée. Initialement prévu à 36,6 M$, le coût est maintenant de 38,1 M$. Ainsi, la contribution du Québec passe de 36,2 M$ à 35,5 M$ et celle des partenaires, de 0,4 M$ à 2,6 M$. De plus, la modification de la date de la mise en service a été autorisée. Initialement prévue en novembre 2021, elle est reportée à mars 2024._x000D_
Mars 2021_x000D_
Le projet a été autorisé à l’étape « En réalisation ».",Ministre de l’Enseignement supérieur,Université Concordia,Université Concordia,Enseignement supérieur,Éducation et culture,06 – Montréal,Université Concordia,Montréal,Réfection et réaménagement
569,Édifice Wilfrid-Derome – Montréal – Réfection et réaménagement,"Le projet vise une modernisation et une remise aux normes de la morgue du bureau du coroner et les salles d’autopsie du laboratoire des sciences judiciaires et de médecine légale localisées au sous-sol de l’édifice Wilfrid-Derome situé au 1701, rue Parthenais, à Montréal. Ces salles datent de la construction du bâtiment en 1968. Elles sont donc vétustes et non adaptées aux méthodes et aux technologies modernes en matière de sécurité, d’efficacité, de fonctionnalité, d’ergonomie et d’hygiène. Un espace adjacent aux installations actuelles est présentement envisagé pour accueillir la nouvelle morgue.",,,,,,En planification,"Mars 2021_x000D_
Le projet a été autorisé à l’étape « En planification ».",Ministre responsable de l’Administration gouvernementale,Ministère de la Sécurité publique,Société québécoise des infrastructures,Administration gouvernementale,Gouverne et justice,06 – Montréal,Édifice Wilfrid-Derome,Montréal,Réfection et réaménagement
570,Maison des aînés (ancien CHSLD LaSalle) – Montréal – Construction,"L’unité de soins de longue durée de l’hôpital de LaSalle a une capacité de 115 places. Le besoin est généré principalement par l’état de vétusté fonctionnelle et physique et l’orientation du ministère de la Santé et des Services sociaux de relocaliser la clientèle de longue durée hors des hôpitaux. Les espaces laissés vacants dans l’hôpital seront réaménagés._x000D_
Ce projet permettra de desservir la clientèle âgée grandissante, à proximité, dans des milieux adaptés à leur condition, favorisant un service axé sur les meilleures pratiques en soins de longue durée.",,,,,,En planification,"Décembre 2020_x000D_
Le projet a été autorisé à l’étape « En planification ».",Ministre de la Santé et des Services sociaux,Centre intégré universitaire de santé et de services sociaux de l’Ouest-de-l’Île-de-Montréal,Société québécoise des infrastructures,Santé et Services sociaux,Santé et Services sociaux,06 – Montréal,Maison des aînés (ancien CHSLD LaSalle),Montréal,Construction
571,Maison des aînés (ancien CHSLD Denis-Benjamin-Viger) – Montréal – Reconstruction et agrandissement,"Le centre d’hébergement et de soins de longue durée Denis-Benjamin-Viger a une capacité de 145 places. Le besoin est généré principalement par l’état de vétusté fonctionnelle et physique des bâtiments. Le bâtiment sera déclaré excédentaire. _x000D_
Ce projet de reconstruction du parc de lits d’hébergement, fortement inspiré du modèle de maison des aînés et alternative permettra de desservir la clientèle âgée grandissante, à proximité, dans des milieux adaptés à leur condition, favorisant un service axé sur les meilleures pratiques en soins de longue durée.",,,,,,En planification,"Décembre 2020_x000D_
Le projet a été autorisé à l’étape « En planification ».",Ministre de la Santé et des Services sociaux,Centre intégré universitaire de santé et de services sociaux de l’Ouest-de-l’Île-de-Montréal,Société québécoise des infrastructures,Santé et Services sociaux,Santé et Services sociaux,06 – Montréal,Maison des aînés (ancien CHSLD Denis-Benjamin-Viger),Montréal,Reconstruction et agrandissement
572,Maison des aînés (ancien CHSLD) – Sainte-Élisabeth – Construction,"L’actuel centre d’hébergement situé dans la municipalité de Sainte-Élisabeth est vétuste et présente plusieurs problématiques d’ordre fonctionnel. _x000D_
Le projet consiste à construire un bâtiment de 42 places fortement inspiré du modèle de maisons des aînés et alternatives. Ce projet aspire à fournir un environnement au caractère plus humain aux bénéficiaires. D’ailleurs, les éléments patrimoniaux du bâtiment actuel, désignés par le ministère de la Culture et des Communications, seront conservés et restaurés dans la nouvelle construction. Cette nouvelle approche de soins en développement par le MSSS établira les bases du projet en matière de fonctionnement.",48400000,47700000,700000,,2023-06-30,En réalisation,"Novembre 2021_x000D_
Le projet a été autorisé à l’étape « En réalisation »._x000D_
Mars 2021_x000D_
Le projet a été autorisé à l’étape « En planification ».",Ministre de la Santé et des Services sociaux,Centre intégré de santé et de services sociaux de Lanaudière,Société québécoise des infrastructures,Santé et Services sociaux,Santé et Services sociaux,14 – Lanaudière,Maison des aînés (ancien CHSLD),Sainte-Élisabeth,Construction
573,Centre de réadaptation pour les jeunes en difficulté d’adaptation Dominique-Savio – Montréal – Agrandissement et réaménagement,"Le projet consiste à construire un agrandissement pour regrouper la clientèle de trois unités de vie existantes et bonifier les infrastructures avec une unité additionnelle, ainsi qu’à réaménager l’aile A existante. Le projet vise à offrir des espaces fonctionnels, sécuritaires et un milieu de vie adapté au développement des adolescentes. Il est également prévu d’aménager des espaces pédagogiques au rez-de-chaussée de l’aile A afin de répondre aux normes du centre de services scolaire de Montréal.",50000000,50000000,0,,2024-09-30,En réalisation,"Décembre 2020_x000D_
Le projet a été autorisé à l’étape « En réalisation ».",Ministre de la Santé et des Services sociaux,Centre intégré universitaire de santé et de services sociaux du Centre-Sud-de-l’Île-de-Montréal,Société québécoise des infrastructures,Santé et Services sociaux,Santé et Services sociaux,06 – Montréal,Centre de réadaptation pour les jeunes en difficulté d’adaptation Dominique-Savio,Montréal,Agrandissement et réaménagement
574,Maison des aînés (ancien CHSLD Grace Dart) – Montréal – Reconstruction et agrandissement,"Le centre d’hébergement et de soins de longue durée Grace Dart a une capacité de 256 places. Un nouveau bâtiment, fortement inspiré du modèle de maison des aînés et alternative, doit être construit en remplacement de l’existant étant donné principalement l’état de vétusté fonctionnelle et physique du bâtiment existant. À ce jour, tout porte à croire qu’il sera déclaré excédentaire.",,,,,,En planification,"Décembre 2020_x000D_
Le projet a été autorisé à l’étape « En planification ».",Ministre de la Santé et des Services sociaux,Centre intégré universitaire de santé et de services sociaux de l’Ouest-de-l’Île-de-Montréal,Société québécoise des infrastructures,Santé et Services sociaux,Santé et Services sociaux,06 – Montréal,Maison des aînés (ancien CHSLD Grace Dart),Montréal,Reconstruction et agrandissement
575,Maison des aînés (ancien CHSLD Dorval) – Dorval – Construction,"Le centre d’hébergement et de soins de longue durée Dorval a une capacité de 110 places. Le besoin est généré principalement par l’état de vétusté fonctionnelle et physique du bâtiment qui sera réutilisé pour d’autres fonctions. Ce projet, fortement inspiré du modèle de maison des aînés et alternative, permettra de desservir la clientèle âgée grandissante, à proximité, dans des milieux adaptés à leur condition, favorisant un service axé sur les meilleures pratiques en soins de longue durée. Le bâtiment sera réutilisé comme ressource intermédiaire. En effet, bien qu’il ne soit pas adapté pour une clientèle en forte perte d’autonomie, il pourra être réaménagé pour accueillir une clientèle plus autonome.",,,,,,En planification,"Décembre 2020_x000D_
Le projet a été autorisé à l’étape « En planification ».",Ministre de la Santé et des Services sociaux,Centre intégré universitaire de santé et de services sociaux de l’Ouest-de-l’Île-de-Montréal,Société québécoise des infrastructures,Santé et Services sociaux,Santé et Services sociaux,06 – Montréal,Maison des aînés (ancien CHSLD Dorval),Dorval,Construction
576,Maison des aînés (ancien CHSLD Benjamin-Victor-Rousselot) – Montréal – Construction,"Le centre d’hébergement et de soins de longue durée Benjamin-Victor-Rousselot a une capacité de 166 places. Le besoin est généré principalement par l’état de vétusté fonctionnelle et physique des bâtiments. Ce projet, fortement inspiré du modèle de maison des aînés et alternative permettra de desservir la clientèle âgée grandissante, à proximité, dans des milieux adaptés à leur condition, favorisant un service axé sur les meilleures pratiques en soins de longue durée.",,,,,,En planification,"Mars 2021_x000D_
Le projet a été autorisé à l’étape « En planification ».",Ministre de la Santé et des Services sociaux,Centre intégré universitaire de santé et de services sociaux de l’Est-de-l’Île-de-Montréal,Société québécoise des infrastructures,Santé et Services sociaux,Santé et Services sociaux,06 – Montréal,Maison des aînés (ancien CHSLD Benjamin-Victor-Rousselot),Montréal,Construction
577,Maison des aînés (ancien CHSLD Jeanne-Le Ber 1) – Montréal – Reconstruction et agrandissement,"Le centre d’hébergement et de soins de longue durée Jeanne-Le Ber a une capacité de 351 places. Le besoin est généré principalement par l’état de vétusté fonctionnelle et physique des bâtiments. L’établissement compte démolir le bâtiment._x000D_
Le projet consiste en la construction d’un premier bâtiment dont le nombre de place est à déterminer, fortement inspiré du concept de maison des aînés, sur le territoire du centre intégré universitaire de santé et de services sociaux (CIUSSS) de l’Est-de-l’Île-de-Montréal pour héberger la clientèle provenant du bâtiment actuel. Pour le second bâtiment, voir le projet 578. _x000D_
Ce projet permettra de desservir la clientèle âgée grandissante, à proximité, dans des milieux adaptés à leur condition, favorisant un service axé sur les meilleures pratiques en soins de longue durée.",,,,,,En planification,"Mars 2021_x000D_
Le projet a été autorisé à l’étape « En planification ».",Ministre de la Santé et des Services sociaux,Centre intégré universitaire de santé et de services sociaux de l’Est-de-l’Île-de-Montréal,Société québécoise des infrastructures,Santé et Services sociaux,Santé et Services sociaux,06 – Montréal,Maison des aînés (ancien CHSLD Jeanne-Le Ber 1),Montréal,Reconstruction et agrandissement
578,Maison des aînés (ancien CHSLD Jeanne-Le Ber 2) – Montréal – Reconstruction et agrandissement,"Le centre d’hébergement et de soins de longue durée Jeanne-Le Ber a une capacité de 351 places. Le besoin est généré principalement par l’état de vétusté fonctionnelle et physique des bâtiments. L’établissement compte démolir le bâtiment._x000D_
Le projet consiste en la construction d’un second bâtiment dont le nombre de place est à déterminer, fortement inspiré du concept de maison des aînés, sur le territoire du centre intégré universitaire de santé et de services sociaux (CIUSSS) de l’Est-de-l’Île-de-Montréal pour héberger la clientèle provenant du bâtiment actuel. Pour le premier bâtiment, voir le projet 577._x000D_
Ce projet permettra de desservir la clientèle âgée grandissante, à proximité, dans des milieux adaptés à leur condition, favorisant un service axé sur les meilleures pratiques en soins de longue durée.",,,,,,En planification,"Mars 2021_x000D_
Le projet a été autorisé à l’étape « En planification ».",Ministre de la Santé et des Services sociaux,Centre intégré universitaire de santé et de services sociaux de l’Est-de-l’Île-de-Montréal,Société québécoise des infrastructures,Santé et Services sociaux,Santé et Services sociaux,06 – Montréal,Maison des aînés (ancien CHSLD Jeanne-Le Ber 2),Montréal,Reconstruction et agrandissement
579,Maison des aînés (ancien CHSLD Nicolet) – Montréal – Reconstruction et agrandissement,"Le centre d’hébergement et de soins de longue durée Nicolet a une capacité de 145 places. Le besoin est généré principalement par l’état de vétusté fonctionnelle et physique des bâtiments. L’établissement compte démolir le bâtiment existant et en reconstruire un nouveau._x000D_
Ce projet de reconstruction du parc de lits d’hébergement, fortement inspiré du modèle de maison des aînés et alternative permettra de desservir la clientèle âgée grandissante, à proximité, dans des milieux adaptés à leur condition, favorisant un service axé sur les meilleures pratiques en soins de longue durée.",,,,,,En planification,"Mars 2021_x000D_
Le projet a été autorisé à l’étape « En planification ».",Ministre de la Santé et des Services sociaux,Centre intégré universitaire de santé et de services sociaux de l’Est-de-l’Île-de-Montréal,Société québécoise des infrastructures,Santé et Services sociaux,Santé et Services sociaux,06 – Montréal,Maison des aînés (ancien CHSLD Nicolet),Montréal,Reconstruction et agrandissement
580,Maison des aînés (ancien CHSLD Saint-Eusèbe) – Joliette – Construction,"Le projet consiste en la construction d’un bâtiment de 153 places fortement inspiré du modèle de maison des aînés et alternative sur le territoire du centre intégré de santé et de services sociaux (CISSS) de Lanaudière pour héberger la clientèle du centre d’hébergement et de soins de longue durée Saint-Eusèbe. Le besoin est généré principalement par l’état de vétusté fonctionnelle et physique du bâtiment existant. À ce jour, aucune décision quant à la réutilisation ou non de cet immeuble n’a encore été prise._x000D_
Ce projet permettra de desservir la clientèle âgée grandissante, à proximité, dans des milieux adaptés à leur condition, favorisant un service axé sur les meilleures pratiques soins de longue durée.",,,,,,En planification,"Décembre 2020_x000D_
Le projet a été autorisé à l’étape « En planification ».",Ministre de la Santé et des Services sociaux,Centre intégré de santé et de services sociaux de Lanaudière,Société québécoise des infrastructures,Santé et Services sociaux,Santé et Services sociaux,14 – Lanaudière,Maison des aînés (ancien CHSLD Saint-Eusèbe),Joliette,Construction
581,Maison des aînés (ancien CHSLD Parphilia-Ferland) – Saint-Charles-Borromée – Reconstruction et agrandissement,"Le projet consiste en la construction d’un bâtiment de 166 places, fortement inspiré du modèle de maison des aînés et alternative, sur le territoire du centre de santé et de services sociaux de Lanaudière pour héberger la clientèle du centre d’hébergement et de soins de longue durée Parphilia-Ferland qui est actuellement localisé dans l’hôpital régional de Lanaudière. _x000D_
Le besoin est généré principalement par l’état de vétusté fonctionnelle et physique et l’orientation du ministère de la Santé et des Services sociaux de relocaliser la clientèle de longue durée hors des hôpitaux. Les espaces laissés vacants dans l’hôpital seront réaménagés afin de réduire le nombre de chambre à occupation multiple de l’hôpital.",,,,,,En planification,"Décembre 2020_x000D_
Le projet a été autorisé à l’étape « En planification ».",Ministre de la Santé et des Services sociaux,Centre de santé et de services sociaux de Lanaudière,Société québécoise des infrastructures,Santé et Services sociaux,Santé et Services sociaux,14 – Lanaudière,Maison des aînés (ancien CHSLD Parphilia-Ferland),Saint-Charles-Borromée,Reconstruction et agrandissement
582,"Hôpital de Dolbeau-Mistassini, bloc opératoire et unité de retraitement des dispositifs médicaux – Agrandissement et réaménagement","Le projet consiste à agrandir l’hôpital de Dolbeau-Mistassini et à réaménager l’actuel bloc opératoire. Les interventions immobilières consistent, pour l’agrandissement, en un bloc de quatre salles, permettant de rapatrier toutes les activités à un seul endroit et à la mise aux normes de l’unité de retraitement des dispositifs médicaux.",50000000,50000000,0,,2023-11-30,En réalisation,"Décembre 2020_x000D_
Le projet a été autorisé à l’étape « En réalisation ».",Ministre de la Santé et des Services sociaux,Centre intégré universitaire de santé et de services sociaux du Saguenay–Lac-Saint-Jean,Société québécoise des infrastructures,Santé et Services sociaux,Santé et Services sociaux,02 – Saguenay–Lac-Saint-Jean,Hôpital de Dolbeau-Mistassini,Dolbeau-Mistassini,Agrandissement et réaménagement
583,"Hôpital de Thetford Mines, urgence – Réaménagement et agrandissement","Le projet consiste en un agrandissement et en un réaménagement de l’urgence de manière à résoudre une problématique de désuétude et de manque d’espace constatée dans les locaux actuels de l’hôpital de Thetford Mines. Le projet couvre une superficie totale de 2 600 m², soit le réaménagement de l’urgence actuelle et de certains espaces adjacents pour une superficie de 1 200 m² et un agrandissement de 1 400 m² contigus à l’urgence actuelle.",34400000,34000000,400000,,2024-04-30,En réalisation,"Février 2022_x000D_
Une hausse de 7,7 M$ au coût du projet a été autorisée. Initialement prévu à 26,7 M$, le coût est maintenant de 34,4 M$. Ainsi, la contribution du Québec passe de 26,3 M$ à 34,0 M$ et celle des partenaires demeure à 0,4 M$._x000D_
Avril 2021_x000D_
Le projet a été autorisé à l’étape « En réalisation »._x000D_
Mars 2021_x000D_
Le projet a été autorisé à l’étape « En planification ».",Ministre de la Santé et des Services sociaux,Centre intégré de santé et de services sociaux de Chaudière-Appalaches,Société québécoise des infrastructures,Santé et Services sociaux,Santé et Services sociaux,12 – Chaudière-Appalaches,Hôpital de Thetford Mines,Thetford Mines,Réaménagement et agrandissement
584,École primaire de la commission scolaire Central Québec – Lévis – Construction,"Le projet consiste en la construction d’une école primaire à Lévis, sur le territoire de la commission scolaire Central Québec. Afin de réduire le déficit d’espace reconnu par le Ministère, deux classes de maternelle 4 ans, deux d’éducation préscolaire et douze d’enseignement primaire sont prévues.",,,,,,En planification,"Mars 2021_x000D_
Le projet a été autorisé à l’étape « En planification ».",Ministre de l’Éducation,Commission scolaire Central Québec,Commission scolaire Central Québec,Éducation,Éducation et culture,12 – Chaudière-Appalaches,École primaire de la commission scolaire Central Québec,Lévis,Construction
585,École primaire (A) du centre de services scolaire de Laval (secteur Chomedey) – Construction,"Le projet consiste en la construction d’une école primaire à Laval, secteur Chomedey, sur le territoire du centre de services scolaire de Laval. Afin de réduire le déficit d’espace reconnu par le Ministère, quatre classes de maternelle 4 ans, quatre d’éducation préscolaire, vingt-quatre d’enseignement primaire et quatre pour les élèves handicapés ou en difficulté d’adaptation ou d’apprentissage sont prévues.",34900000,34900000,0,,2022-08-31,En réalisation,"Mars 2022_x000D_
Le projet a été autorisé à l’étape « En réalisation »._x000D_
Mars 2021_x000D_
Le projet a été autorisé à l’étape « En planification ».",Ministre de l’Éducation,Centre de services scolaire de Laval,Centre de services scolaire de Laval,Éducation,Éducation et culture,13 – Laval,École primaire du centre de services scolaire de Laval  (secteur Chomedey),Laval,Construction
586,École secondaire Félix-Leclerc du centre de services scolaire des Affluents – Repentigny – Agrandissement,"Le projet réalisé a consisté en l’agrandissement de l’école secondaire Félix-Leclerc à Repentigny, sur le territoire du centre de services scolaire des Affluents. Afin de réduire le déficit d’espace reconnu par le Ministère, 825 places-élèves ont été ajoutées.",21300000,21200000,100000,,2020-08-31,En service,"Mars 2022_x000D_
La mise en service complète de l’infrastructure a été autorisée au cours de l’année financière 2021-2022. Le projet sera retiré du Tableau de bord lors de la prochaine mise à jour annuelle._x000D_
Mars 2021_x000D_
Le projet a été autorisé à l’étape « En planification ».",Ministre de l’Éducation,Centre de services scolaire des Affluents,Centre de services scolaire des Affluents,Éducation,Éducation et culture,14 – Lanaudière,École secondaire Félix-Leclerc du centre de services scolaire des Affluents,Repentigny,Agrandissement
587,École primaire Les Aventuriers du centre de services scolaire de Laval – Construction,"Le projet réalisé a consisté en la construction d’une école primaire à Laval, secteur Chomedey, sur le territoire du centre de services scolaire de Laval. Afin de réduire le déficit d’espace reconnu par le Ministère, quatre classes d’éducation préscolaire et vingt-quatre d’enseignement primaire ont été construites. Cette nouvelle école porte désormais le nom d’école primaire Les Aventuriers.",25700000,25700000,0,,2021-11-21,En service,"Mars 2022_x000D_
La mise en service complète de l’infrastructure a été autorisée au cours de l’année financière 2021-2022. Le projet sera retiré du Tableau de bord lors de la prochaine mise à jour annuelle._x000D_
Mars 2021_x000D_
Le projet a été autorisé à l’étape « En planification ».",Ministre de l’Éducation,Centre de services scolaire de Laval,Centre de services scolaire de Laval,Éducation,Éducation et culture,13 – Laval,École primaire Les Aventuriers du centre de services scolaire de Laval,Laval,Construction
589,École primaire du centre de services scolaire de Laval (secteur des Mille-Îles) – Construction,"Le projet consiste en la construction d’une école primaire à Laval, secteur des Mille-Îles, sur le territoire du centre de services scolaire de Laval. Afin de réduire le déficit d’espace reconnu par le Ministère, quatre classes de maternelle 4 ans, trois d’éducation préscolaire, dix-huit d’enseignement primaire seront construites.",32900000,32900000,0,,2022-08-01,En réalisation,"Mars 2022_x000D_
Le projet a été autorisé à l’étape « En réalisation »._x000D_
Mars 2021_x000D_
Le projet a été autorisé à l’étape « En planification ».",Ministre de l’Éducation,Centre de services scolaire de Laval,Centre de services scolaire de Laval,Éducation,Éducation et culture,13 – Laval,École primaire du centre de services scolaire de Laval (secteur des Mille-Îles),Laval,Construction
590,École primaire du centre de services scolaire Marie-Victorin (secteur Vauquelin) – Longueuil (arrondissement du Vieux-Longueuil) – Construction,"Le projet réalisé a consisté en la construction d’une école primaire à Longueuil, dans le secteur Vauquelin, sur le territoire du centre de services scolaire Marie-Victorin. Afin de réduire le déficit d’espace reconnu par le Ministère, trois classes de maternelle 4 ans, quatre d’éducation préscolaire et vingt-quatre d’enseignement primaire ont été construites.",35100000,34100000,1000000,,2022-01-03,En service,"Mars 2022_x000D_
La mise en service complète de l’infrastructure a été autorisée au cours de l’année financière 2021-2022. Le projet sera retiré du Tableau de bord lors de la prochaine mise à jour annuelle._x000D_
Mars 2021_x000D_
Le projet a été autorisé à l’étape « En planification ».",Ministre de l’Éducation,Centre de services scolaire Marie-Victorin,Centre de services scolaire Marie-Victorin,Éducation,Éducation et culture,16 – Montérégie,École primaire du centre de services scolaire Marie-Victorin,Longueuil (arrondissement du Vieux-Longueuil),Construction
591,École primaire Georges-P.-Vanier du centre de services scolaire Marie-Victorin – Brossard – Agrandissement,"Le projet réalisé a consisté en l’agrandissement de l’école primaire Georges-P.-Vanier à Brossard, sur le territoire du centre de services scolaire Marie-Victorin. Afin de réduire le déficit d’espace reconnu par le Ministère, une classe d’éducation préscolaire et quatorze d’enseignement primaire ont été ajoutées.",24300000,24300000,0,,2021-01-11,En service,"Mars 2022_x000D_
La mise en service complète de l’infrastructure a été autorisée au cours de l’année financière 2021-2022. Le projet sera retiré du Tableau de bord lors de la prochaine mise à jour annuelle._x000D_
Mars 2021_x000D_
Le projet a été autorisé à l’étape « En planification ».",Ministre de l’Éducation,Centre de services scolaire Marie-Victorin,Centre de services scolaire Marie-Victorin,Éducation,Éducation et culture,16 – Montérégie,École primaire Georges-P.-Vanier du centre de services scolaire Marie-Victorin,Brossard,Agrandissement
592,École primaire des Sentiers du centre de services scolaire des Navigateurs – Saint-Apollinaire – Construction,"Le projet réalisé a consisté en la construction d’une école primaire à Saint-Apollinaire, sur le territoire du centre de services scolaire des Navigateurs. Afin de réduire le déficit d’espace reconnu par le Ministère, huit classes de maternelle 4 ans, deux d’éducation préscolaire et douze d’enseignement primaire ont été construites. Cette nouvelle école porte désormais le nom d’école primaire des Sentiers.",23800000,23800000,0,,2022-03-01,En service,"Mars 2022_x000D_
La mise en service complète de l’infrastructure a été autorisée au cours de l’année financière 2021-2022. Le projet sera retiré du Tableau de bord lors de la prochaine mise à jour annuelle._x000D_
Mars 2021_x000D_
Le projet a été autorisé à l’étape « En planification ».",Ministre de l’Éducation,Centre de services scolaire des Navigateurs,Centre de services scolaire des Navigateurs,Éducation,Éducation et culture,12 – Chaudière-Appalaches,École primaire des Sentiers du centre de services scolaire des navigateurs,Saint-Apollinaire,Construction
593,École primaire du Grand-Héron du centre de services scolaire des Portages-de-l’Outaouais – Gatineau – Construction,"Le projet réalisé a consisté en la construction d’une école primaire à Gatineau dans le secteur Hull, sur le territoire du centre de services scolaire des Portages-de-l’Outaouais. Afin de réduire le déficit d’espace reconnu par le Ministère, quatre classes de maternelle 4 ans, quatre d’éducation préscolaire et vingt-quatre d’enseignement primaire ont été construites. Cette nouvelle école porte désormais le nom d’école primaire du Grand-Héron.",28500000,28500000,0,,2021-08-26,En service,"Mars 2022_x000D_
La mise en service complète de l’infrastructure a été autorisée au cours de l’année financière 2021-2022. Le projet sera retiré du Tableau de bord lors de la prochaine mise à jour annuelle._x000D_
Mars 2021_x000D_
Le projet a été autorisé à l’étape « En planification ».",Ministre de l’Éducation,Centre de services scolaire des Portages-de-l’Outaouais,Centre de services scolaire des Portages-de-l’Outaouais,Éducation,Éducation et culture,07 – Outaouais,École primaire du Grand-Héron du centre de services scolaire des Portages-de-l’Outaouais,Gatineau,Construction
594,École primaire (B) du centre de services scolaire Marguerite-Bourgeoys – Montréal (arrondissement de Saint-Laurent) – Construction,"Le projet consiste en la construction d’une école primaire à Montréal, dans l’arrondissement de Saint-Laurent, sur le territoire du centre de services scolaire Marguerite-Bourgeoys. Afin de réduire le déficit d’espace reconnu par le Ministère, trois classes de maternelle 4 ans, trois d’éducation préscolaire et dix-huit d’enseignement primaire sont prévues.",,,,,,En planification,"Mars 2021_x000D_
Le projet a été autorisé à l’étape « En planification ».",Ministre de l’Éducation,Centre de services scolaire Marguerite-Bourgeoys,Centre de services scolaire Marguerite-Bourgeoys,Éducation,Éducation et culture,06 – Montréal,École primaire du centre de services scolaire Marguerite-Bourgeoys,Montréal (arrondissement de Saint-Laurent),Construction
595,École primaire du centre de services scolaire Marguerite-Bourgeoys – Montréal (arrondissement d’Outremont) – Construction,"Le projet consiste en la construction d’une école primaire à Montréal, dans l’arrondissement d’Outremont, sur le territoire du centre de services scolaire Marguerite-Bourgeoys. Afin de réduire le déficit d’espace reconnu par le Ministère, quatre classes de maternelle 4 ans, quatre d’éducation préscolaire et vingt-quatre d’enseignement primaire sont prévues.",,,,,,En planification,"Mars 2021_x000D_
Le projet a été autorisé à l’étape « En planification ».",Ministre de l’Éducation,Centre de services scolaire Marguerite-Bourgeoys,Centre de services scolaire Marguerite-Bourgeoys,Éducation,Éducation et culture,06 – Montréal,École primaire du centre de services scolaire Marguerite-Bourgeoys,Montréal (arrondissement d’Outremont),Construction
596,École primaire du centre de services scolaire du Val-des-Cerfs – Shefford – Construction,"Le projet consiste en la construction d’une école primaire à Shefford, sur le site du centre de services scolaire du Val-des-Cerfs. Afin de réduire le déficit d’espace reconnu par le Ministère, deux classes de maternelle 4 ans, deux d’éducation préscolaire et douze d’enseignement primaire seront construites.",38400000,37100000,1300000,,2023-08-31,En réalisation,"Mars 2022_x000D_
Le projet a été autorisé à l’étape « En réalisation ». _x000D_
Mars 2021_x000D_
Le projet a été autorisé à l’étape « En planification ».",Ministre de l’Éducation,Centre de services scolaire du Val-des-Cerfs,Centre de services scolaire du Val-des-Cerfs,Éducation,Éducation et culture,05 – Estrie,École primaire du centre de services scolaire du Val-des-Cerfs,Shefford,Construction
597,École primaire du centre de services scolaire de Laval (secteur Laval-des-Rapides) – Construction,"Le projet consiste en la construction d’une école primaire à Laval, secteur Laval-des-Rapides, sur le territoire du centre de services scolaire de Laval. Afin de réduire le déficit d’espace reconnu par le Ministère, quatre classes d’éducation préscolaire et dix-sept d’enseignement primaire sont prévues.",,,,,,En planification,"Mars 2021_x000D_
Le projet a été autorisé à l’étape « En planification ».",Ministre de l’Éducation,Centre de services scolaire de Laval,Centre de services scolaire de Laval,Éducation,Éducation et culture,13 – Laval,École primaire du centre de services scolaire de Laval (secteur Laval-des-Rapides),Laval,Construction
598,Centre de formation professionnelle du centre de services scolaire des Affluents – Mascouche – Construction,"Le projet consiste en la construction d’un centre de formation professionnelle en mécanique de machines fixes et en techniques d’usinage à Mascouche, sur le territoire du centre de services scolaires des Affluents.",25500000,25500000,0,,2022-08-31,En réalisation,"Mars 2022_x000D_
Le projet a été autorisé à l’étape « En réalisation »._x000D_
Mars 2021_x000D_
Le projet a été autorisé à l’étape « En planification ».",Ministre de l’Éducation,Centre de services scolaire des Affluents,Centre de services scolaire des Affluents,Éducation,Éducation et culture,14 – Lanaudière,Centre de formation professionnelle du centre de services scolaire des Affluents,Mascouche,Construction
600,"Centres de la jeunesse et de la famille Batshaw, campus Beaconsfield – Construction","Les Centres de la jeunesse et de la famille Batshaw accueillent des jeunes, répartis sur différents sites. Cet éloignement n’est pas propice à la réadaptation et présente un enjeu majeur, tant pour les jeunes que pour les personnes intervenantes._x000D_
Le projet vise le rapatriement, à Beaconsfield, des aires de vie ouvertes des Centres de la jeunesse et de la famille Batshaw, actuellement réparties sur quatre sites. L’encadrement de 84 jeunes sera ainsi possible grâce à la construction de deux pavillons d’hébergement et d’un troisième qui regroupera les activités d’enseignement et les fonctions administratives.",,,,,,En planification,"Août 2021_x000D_
Le projet a été autorisé à l’étape « En planification ».",Ministre de la Santé et des Services sociaux,Centre de santé et de services sociaux de l’Ouest-de-l’Île de Montréal,Société québécoise des infrastructures,Santé et services sociaux,Santé et Services sociaux,06 – Montréal,Centres de la jeunesse et de la famille Batshaw,Beaconsfield,Construction
601,École primaire Félix-Antoine-Savard du centre de services scolaire de Charlevoix – La Malbaie – Reconstruction et agrandissement,"Le projet consiste en la reconstruction et l’agrandissement de l’école primaire Félix-Antoine-Savard à La Malbaie, sur le territoire du centre de services scolaire de Charlevoix. Ce projet permettra l’ajout de six classes d’éducation préscolaire et vingt et une classes d’enseignement primaire afin de répondre aux besoins d’espace suite à la cession de l’école Marguerite d’Youville dans le cadre du projet d’agrandissement de l’Hôpital de La Malbaie.",53100000,52600000,500000,,2023-08-31,En réalisation,"Mars 2022_x000D_
Le projet a été autorisé à l’étape « En réalisation »._x000D_
Mars 2021_x000D_
Le projet a été autorisé à l’étape « En planification ».",Ministre de l’Éducation,Centre de services scolaire de Charlevoix,Centre de services scolaire de Charlevoix,Éducation,Éducation et culture,03 – Capitale-Nationale,École primaire Félix-Antoine-Savard du centre de services scolaire de Charlevoix,La Malbaie,Reconstruction et agrandissement
602,Maison des aînés (ancien CHSLD) – Lac-Mégantic – Construction,"Le projet vise la construction d’un bâtiment de 99 places, fortement inspiré du modèle de maison des aînés et alternative. La contiguïté au centre hospitalier du Granit de Lac-Mégantic permet une mutualisation de plusieurs services, tels que les services alimentaires. Un centre de jour est également prévu._x000D_
Le besoin est généré principalement par l’état de vétusté fonctionnelle et physique du bâtiment où sont actuellement logés les résidents. À ce jour, aucune décision quant à la réutilisation ou non de cet immeuble n’a été prise.",85000000,85000000,0,,2024-06-30,En réalisation,"Mars 2021_x000D_
Une hausse de 15,0 M$ au coût du projet a été autorisée. Initialement prévu à 70,0 M$, le coût est maintenant de 85,0 M$._x000D_
Décembre 2020_x000D_
Le projet a été autorisé à l’étape « En réalisation ».",Ministre de la Santé et des Services sociaux,Centre intégré universitaire de santé et de services sociaux de l’Estrie – Centre hospitalier universitaire de Sherbrooke,Société québécoise des infrastructures,Santé et Services sociaux,Santé et Services sociaux,05 – Estrie,Maison des aînés (ancien CHSLD),Lac-Mégantic,Construction
603,Maison des aînés et alternative spécialisée (ancien CHSLD Henri-Bradet) – Montréal – Agrandissement et réaménagement,"Le projet consiste en un agrandissement de 100 places de soins de longue durée et le réaménagement des espaces actuels du centre d’hébergement Henri-Bradet, fortement inspiré du modèle de maison des aînés et alternatives. Le besoin est généré principalement par l’état de vétusté fonctionnelle et physique du bâtiment.",85000000,85000000,0,,2024-06-30,En réalisation,"Mars 2021_x000D_
Une hausse de 15,0 M$ au coût du projet a été autorisée. Initialement prévu à 70,0 M$, le coût est maintenant de 85,0 M$._x000D_
Décembre 2020_x000D_
Le projet a été autorisé à l’étape « En réalisation ».",Ministre de la Santé et des Services sociaux,Centre intégré universitaire de santé et de services sociaux de l’Ouest-de-l’Île-de-Montréal,Société québécoise des infrastructures,Santé et Services sociaux,Santé et Services sociaux,06 – Montréal,Maison des aînés et alternative spécialisée (ancien CHSLD Henri-Bradet),Montréal,Agrandissement et réaménagement
604,Chemin de fer Québec Central entre Charny et Vallée-Jonction – Réfection et reconstruction,Le projet vise à assurer le maintien des activités ferroviaires entre Charny et Scott et à favoriser la reprise du transport ferroviaire jusqu’à Vallée-Jonction. La portée du projet repose principalement sur le remplacement du rail et la réhabilitation d’infrastructures afin d’assurer le maintien de la sécurité des opérations et de répondre aux besoins en transport ferroviaire.,59200000,59200000,0,,2024-12-01,En réalisation,"Mars 2022_x000D_
Le projet a été autorisé à l’étape « En réalisation ».",Ministre des Transports,Ministère des Transports,Ministère des Transports,"Transports maritime, aérien, ferroviaire et autres",Économie et environnement,12 – Chaudière-Appalaches,Chemin de fer Québec Central,De Charny à Scott,Réfection
605,"Hôpital d’Amos, urgence et soins intensifs – Agrandissement et réaménagement","L’urgence de l’hôpital d’Amos présente des problèmes de vétusté et d’exiguïté de ses espaces, qui doivent être adaptés aux besoins actuels et futurs de la population._x000D_ Le projet immobilier consiste en un agrandissement et un réaménagement de l’hôpital pour y loger une nouvelle urgence et une unité de soins intensifs. Le projet comporte aussi le réaménagement de certains services cliniques et administratifs.",,,,,,En planification,"Mars 2021_x000D_
Le projet a été autorisé à l’étape « En planification ».",Ministre de la Santé et des Services sociaux,Centre intégré de santé et de services sociaux de l’Abitibi-Témiscamingue,Société québécoise des infrastructures,Santé et Services sociaux,Santé et Services sociaux,08 – Abitibi-Témiscamingue,Hôpital d’Amos,Amos,Agrandissement et réaménagement 
606,"Hôpital et centre de réadaptation de Jonquière, urgence – Agrandissement et réaménagement",Le projet consiste en un agrandissement et au réaménagement des espaces existants de l’hôpital et du centre de réadaptation de Jonquière. Les travaux visent à réaménager les lieux de manière mieux adaptée à la réalité des besoins actuels.,,,,,,En planification,"Mars 2021_x000D_
Le projet a été autorisé à l’étape « En planification ».",Ministre de la Santé et des Services sociaux,Centre intégré universitaire de santé et de services sociaux du Saguenay–Lac-Saint-Jean,Société québécoise des infrastructures,Santé et Services sociaux,Santé et Services sociaux,02 – Saguenay–Lac-Saint-Jean,Hôpital et centre de réadaptation de Jonquière,Jonquière,Agrandissement et réaménagement
607,"Hôpital Notre-Dame, services de santé mentale et de dépendance – Montréal – Réaménagement","Le projet consiste à regrouper les cliniques ambulatoires et les services de psychiatrie (soins intensifs, intermédiaires, standards et gérontopsychiatriques) de l’hôpital Notre-Dame au 5e étage, pour une sécurité accrue et une importante amélioration fonctionnelle. La superficie brute du projet est d’environ 5 200 m2, et l’ajout de 6 lits est prévu, pour un total de 54, dans ce service._x000D_
Des travaux de réaménagement et de mise aux normes doivent aussi être réalisés dans le secteur de la toxicomanie, pour une réponse adéquate aux besoins de la clientèle.",,,,,,En planification,"Août 2021_x000D_
Le projet a été autorisé à l’étape « En planification ».",Ministre de la Santé et des Services sociaux,Centre intégré universitaire de santé et de services sociaux du Centre-Sud-de-l’Île-de-Montréal,Société québécoise des infrastructures,Santé et Services sociaux,Santé et Services sociaux,06 – Montréal,Hôpital Notre-Dame,Montréal,Réaménagement
608,"Hôpital Saint-François d’Assise, santé mentale (phase I) – Québec – Agrandissement et réaménagement","Le projet consiste en l’agrandissement de l’urgence actuelle pour y aménager une urgence psychiatrique, une unité d’hospitalisation brève de dix lits et des cliniques externes en santé mentale, au pavillon Saint-François d’Assise. Le réaménagement d’une partie de l’urgence actuelle est également nécessaire pour permettre l’ajout de civières additionnelles.",,,,,,En planification,"Mars 2021_x000D_
Le projet a été autorisé à l’étape « En planification ».",Ministre de la Santé et des Services sociaux,Centre hospitalier universitaire de Québec –  Université Laval,Société québécoise des infrastructures,Santé et Services sociaux,Santé et Services sociaux,03 – Capitale-Nationale,Hôpital Saint-François d’Assise,Québec,Agrandissement et réaménagement
609,École primaire de la commission scolaire crie – Chisasibi – Construction,"Le projet consiste en la construction d’une école primaire à Chisasibi, sur le territoire de la commission scolaire crie. Le projet va permettre l’ajout de seize classes d’éducation préscolaire et quatorze d’enseignement primaire afin de répondre aux particularités propres aux régions nordiques.",69300000,17300000,52000000,,2023-09-30,En réalisation,"Mars 2022_x000D_
Une hausse de 13,3 M$ au coût du projet a été autorisée. Initialement prévu à 56,0 M$, le coût est maintenant de 69,3 M$. Ainsi, la contribution du Québec passe de 19,1 M$ à 17,3 M$ et celle des partenaires de 36,9 M$ à 52,0 M$. De plus, la modification de la date de la mise en service a été autorisée. Initialement prévue en septembre 2022, elle est reportée à septembre 2023._x000D_
Décembre 2020_x000D_
Le projet a été autorisé à l’étape « En réalisation ».",Ministre de l’Éducation,Commission scolaire crie,Commission scolaire crie,Éducation,Éducation et culture,10 – Nord-du-Québec,École primaire de la commission scolaire crie,Chisasibi,Construction
610,École Saint-Michel-Archange du centre de services scolaire des Grandes-Seigneuries – Saint-Michel – Agrandissement et réaménagement,"Le projet consiste en l’agrandissement et le réaménagement de l’école Saint-Michel-Archange à Saint-Michel, sur le territoire du centre de services scolaire des Grandes-Seigneuries. Ce projet permettra l’ajout de quatre classes d’éducation préscolaire, six classes d’enseignement primaire et deux classes pour les élèves handicapés ou en difficulté d’adaptation ou d’apprentissage afin de réduire le déficit d’espace reconnu par le Ministère.",38700000,38700000,0,,2023-08-31,En réalisation,"Mars 2022_x000D_
Le projet a été autorisé à l’étape « En réalisation »._x000D_
Mars 2021_x000D_
Le projet a été autorisé à l’étape « En planification ».",Ministre de l’Éducation,Centre de services scolaire des Grandes-Seigneuries,Centre de services scolaire des Grandes-Seigneuries,Éducation,Éducation et culture,16 – Montérégie,École Saint-Michel-Archange du centre de services scolaire des Grandes-Seigneuries,Saint-Michel,Agrandissement et réaménagement
611,"Autoroute 20, direction est, entre Saint-Apollinaire et Laurier-Station – Reconstruction","Le projet consiste au remplacement de la chaussée de béton bitumineux par une chaussée de béton de ciment sur l’autoroute 20 est, entre Saint-Apollinaire et Laurier-Station. Ce projet est la continuité du plan d’intervention de la reconstruction de la chaussée en béton de l’autoroute 20.",58300000,58300000,0,2022-12-01,2024-12-01,En réalisation,"Mars 2022_x000D_
Le projet a été autorisé à l’étape « En réalisation »._x000D_
Mars 2021_x000D_
Le projet a été autorisé à l’étape « En planification ».",Ministre des Transports,Ministère des Transports,Ministère des Transports,Réseau routier,Économie et environnement,12 – Chaudière-Appalaches,Autoroute 20,De Saint-Apollinaire à Laurier-Station,Reconstruction
612,Chemin de Manawan entre Lac-Matawin et Saint-Michel-des-Saints – Réfection,Le chemin de Manawan (route 34201) constitue le principal lien pour la communauté attikamek avec la population hors territoire. Le projet consiste en la réfection majeure de cette route afin d’améliorer la sécurité des infrastructures routières par la mise à niveau des caractéristiques géométriques « sous-standards ».,,,,,,En planification,"Mars 2021_x000D_
Le projet a été autorisé à l’étape « En planification ».",Ministre des Transports,Ministère des Transports,Ministère des Transports,Réseau routier,Économie et environnement,14 – Lanaudière,Chemin de Manawan,De Lac-Matawin à Saint-Michel-des-Saints,Réfection
613,Pont Charles-De Gaulle entre Montréal et Terrebonne – Réfection,"Le projet consiste en la réfection du pont Charles-De Gaulle situé sur l’autoroute 40, lien important entre Montréal (arrondissement de Rivière-des-Prairies—Pointe-aux-Trembles) et Terrebonne.",,,,,,En planification,"Mars 2021_x000D_
Le projet a été autorisé à l’étape « En planification ».",Ministre des Transports,Ministère des Transports,Ministère des Transports,Réseau routier,Économie et environnement,06 – Montréal; 14 – Lanaudière,Pont Charles-De Gaulle,De Montréal à Terrebonne,Réfection
615,Pont d’étagement du boulevard des Galeries-d’Anjou au-dessus de l’autoroute 40 – Montréal – Reconstruction,"Le projet, réalisé en partenariat avec la Ville de Montréal, consiste à reconstruire le pont d’étagement des Galeries-d’Anjou et à réorganiser les artères desservies par cette structure dans l’arrondissement d’Anjou. Ce pont d’étagement nord-sud permet la mobilité de part et d’autre de l’autoroute Métropolitaine dans l’arrondissement d’Anjou et constituera un lien important dans le contexte du prolongement de la ligne bleue du métro.",35500000,28400000,7100000,,2023-12-31,En réalisation,"Mars 2022_x000D_
Une baisse de 5,5 M$ au coût du projet a été autorisée. Initialement prévu à 41,0 M$, le coût est maintenant de 35,5 M$. Ainsi, la contribution du Québec passe de 31,4 M$ à 28,4 M$ et celle des partenaires, de 9,6 M$ à 7,1 M$. De plus, une modification quant à la mise en service a été autorisée. Alors qu’il était initialement prévu qu’elle se fasse de façon progressive, la mise en service complète sera en décembre 2023._x000D_
Mars 2021_x000D_
Le projet a été autorisé à l’étape « En réalisation ».",Ministre des Transports,Ministère des Transports,Ministère des Transports,Réseau routier,Économie et environnement,06 – Montréal,Pont d’étagement du boulevard des Galeries-d’Anjou,Montréal,Reconstruction
616,Pont Rivest – Repentigny – Reconstruction,"Le projet vise à remplacer la dalle existante qui a atteint sa durée de vie utile. La solution retenue consiste à remplacer la dalle et à élargir le pont de deux à quatre voies, avec deux accotements, un trottoir et une piste multifonctionnelle sur dalle.",33100000,20500000,12600000,2022-12-31,2024-12-31,En réalisation,"Mars 2022_x000D_
Le projet a été autorisé à l’étape « En réalisation »._x000D_
Mars 2021_x000D_
Le projet a été autorisé à l’étape « En planification ».",Ministre des Transports,Ministère des Transports,Ministère des Transports,Réseau routier,Économie et environnement,14 – Lanaudière,Pont Rivest,Repentigny,Reconstruction
618,Route 117 – Réservoir-Dozois – Réfection,"Le projet consiste en la réfection de la route 117, entre le lac Morrisson et le lac Para, dans le secteur de Réservoir-Dozois",29000000,29000000,0,2021-10-30,2022-11-15,En service,"Mars 2022_x000D_
Une hausse de 3,3 M$ au coût du projet a été autorisée. Initialement prévu à 25,7 M$, le coût est maintenant de 29,0 M$. De plus, la mise en service partielle de l’infrastructure a été autorisée au cours de l’année financière 2021-2022._x000D_
Mars 2021_x000D_
Le projet a été autorisé à l’étape « En réalisation ».",Ministre des Transports,Ministère des Transports,Ministère des Transports,Réseau routier,Économie et environnement,08 – Abitibi-Témiscamingue,Route 117,Réservoir-Dozois,Réfection
620,"Route 138, côte Nadeau – Baie-Trinité – Réaménagement","Le projet vise la correction du profil de la route 138 et l’ajout d’une voie de dépassement dans le secteur de la côte Nadeau, entre les municipalités de Godbout et de Baie-Trinité, afin de réduire les risques d’accidents dû au ralentissement des véhicules lourds pour monter la pente abrupte.",,,,,,En planification,"Mars 2022_x000D_
Le projet a été autorisé à l’étape « En planification ».",Ministre des Transports,Ministère des Transports,Ministre des Transports,Réseau routier,Économie et environnement,09 – Côte-Nord,Route 138,Baie-Trinité,Réaménagement
621,Route 389 (C) au nord du barrage Daniel-Johnson (Manic-5) – Reconstruction,"Le projet s’inscrit dans un vaste programme d’amélioration de la route 389, entre Baie-Comeau et Fermont, qui vise à réaliser les correctifs essentiels à l’optimisation de la sécurité et du confort des usagers et à faciliter l’accès aux ressources et au Nord-du-Québec. Le projet a consisté à construire un nouveau tronçon d’une longueur de 14 km au nord du barrage hydroélectrique Daniel-Johnson.",38800000,23000000,15800000,2020-11-01,2021-05-27,En service,"Mars 2022_x000D_
La mise en service complète de l’infrastructure a été autorisée au cours de l’année financière 2021-2022. Le projet sera retiré du Tableau de bord lors de la prochaine mise à jour annuelle._x000D_
Mars 2021_x000D_
La mise en service de l’infrastructure a été autorisée au cours de l’année financière 2020-2021.",Ministre des Transports,Ministère des Transports,Ministère des Transports,Réseau routier,Économie et environnement,09 – Côte-Nord,Route 389,Baie-Comeau,Reconstruction
622,Route 389 (D) entre la centrale Jean-Lesage (Manic-2) et la centrale René-Lévesque (Manic-3) – Reconstruction,"Le projet s’inscrit dans un vaste programme d’amélioration de la route 389, entre Baie-Comeau et Fermont, qui vise à réaliser les correctifs essentiels à l’optimisation de la sécurité et du confort des usagers et à faciliter l’accès aux ressources et au Nord-du-Québec. Le projet consiste en la correction de courbes entre la centrale hydroélectrique Jean-Lesage (Manic-2) et la centrale hydroélectrique René-Lévesque (Manic-3).",36200000,33100000,3100000,2015-09-01,2024-12-31,En service,"Mars 2022_x000D_
Une hausse de 0,7 M$ au coût du projet a été autorisée. Initialement prévu à 35,5 M$, le coût est maintenant de 36,2 M$. Ainsi, la contribution du Québec passe de 32,4 M$ à 33,1 M$ et celle des partenaires demeure la même. La modification de la date de la mise en service complète a été autorisée. Initialement prévue en mars 2024, elle est reportée à décembre 2024._x000D_
Mars 2021_x000D_
La mise en service partielle de l’infrastructure a été autorisée au cours de l’année financière 2020-2021.",Ministre des Transports,Ministère des Transports,Ministère des Transports,Réseau routier,Économie et environnement,09 – Côte-Nord,Route 389,De la centrale Jean-Lesage (Manic-2) à la centrale René-Lévesque (Manic-3),Reconstruction
623,Route 389 (E) entre la centrale René-Lévesque (Manic-3) et le barrage Daniel-Johnson (Manic-5) – Reconstruction,"Le projet s’inscrit dans un vaste programme d’amélioration de la route 389, entre Baie-Comeau et Fermont, qui vise à réaliser les correctifs essentiels à l’optimisation de la sécurité et du confort des usagers et à faciliter l’accès aux ressources et au Nord-du-Québec. Le projet consiste à la correction de courbes entre la centrale hydroélectrique René-Lévesque (Manic-3) et le barrage Daniel-Johnson (Manic-5).",47900000,47800000,100000,2016-10-01,2025-12-31,En service,"Mars 2022_x000D_
Une baisse de 0,7 M$ au coût du projet a été autorisée. Initialement prévu à 48,6 M$, le coût est maintenant de 47,9 M$. Ainsi, la contribution du Québec passe de 48,6 M $ à 47,8 M$ et une contribution des partenaires de 0,1 M$ est maintenant prévue. De plus, la modification de la date de la mise en service complète a été autorisée. Initialement prévue en mars 2026, elle est devancée à décembre 2025._x000D_
Mars 2021_x000D_
La mise en service partielle de l’infrastructure a été autorisée au cours de l’année financière 2020-2021.",Ministre des Transports,Ministère des Transports,Ministère des Transports,Réseau routier,Économie et environnement,09 – Côte-Nord,Route 389,De la centrale René-Lévesque (Manic-3) au barrage Daniel-Johnson (Manic-5),Reconstruction
624,Structures de l’autoroute 73 (Henri-IV) entre le pont Pierre-Laporte et le boulevard Laurier – Québec – Maintien,Le projet consiste à augmenter la durée de vie utile des structures en effectuant des travaux de chaussée et de drainage sur l’autoroute 73 (Henri-IV) entre le pont Pierre-Laporte et le chemin Saint-Louis et au-dessus de la bretelle vers Duplessis Nord.,46300000,46300000,0,,,En réalisation,"Mars 2022_x000D_
Le projet a été autorisé à l’étape « En réalisation »._x000D_
Mars 2021_x000D_
Le projet a été autorisé à l’étape « En planification ».",Ministre des Transports,Ministère des Transports,Ministère des Transports,Réseau routier,Économie et environnement,03 – Capitale-Nationale,Structures de l’autoroute 73,Québec,Réfection
630,Centre opérationnel Lebourgneuf du RTC – Québec – Construction,"Le projet vise la construction d’un bâtiment sur le site actuel du centre Lebourgneuf. Ce bâtiment regroupera la majorité des services du Réseau de Transport de la Capitale afin d’y accueillir des postes de travail ainsi que des espaces communs. De plus, le bâtiment abritera le futur poste de commande centralisé du Réseau structurant de transport en commun de la Ville de Québec. Ce poste de commande gérera aussi le fonctionnement et la sécurité des autobus ainsi que la gestion de l’énergie électrique pour la recharge des autobus électriques. De plus, ce projet consistera à relocaliser certains services, à démolir les espaces administratifs existants, à reconstruire les nouvelles façades et à aménager une aire de stationnement.",,,,,,En planification,"Mars 2021_x000D_
Le projet a été autorisé à l’étape « En planification ».",Ministre des Transports,Réseau de transport de la Capitale,Réseau de transport de la Capitale,Transport collectif,Économie et environnement,03 – Capitale-Nationale,Centre opérationnel Lebourgneuf du RTC,Québec,Construction
633,Centre d’exploitation de Saint-Hubert du RTL – Longueuil – Construction,Le projet vise l’agrandissement d’un des garages du Réseau de transport de Longueuil sur le site existant de Saint-Hubert. Des installations multifonctionnelles et flexibles seront construites pour intégrer un parc d’autobus électriques à 100 %. Cette construction accroîtra l’offre à la clientèle par l’augmentation du parc d’autobus et des ressources humaines du Réseau de transport de Longueuil.,,,,,,En planification,"Mars 2021_x000D_
Le projet a été autorisé à l’étape « En planification ».",Ministre des Transports,Réseau de transport de Longueuil,Réseau de transport de Longueuil,Transport collectif,Économie et environnement,16 – Montérégie,Centre d’exploitation de Saint-Hubert du RTL,Longueuil,Construction
635,Mesures prioritaires pour le transport collectif sur le boulevard Le Corbusier – Laval – Aménagement,Le projet consiste à mettre en place le premier axe de la phase II du réseau de mesures préférentielles donnant accès aux autobus de la Société de transport de Laval à de meilleures performances en termes de temps de parcours et de fiabilité du service.,,,,,,En planification,"Mars 2021_x000D_
Le projet a été autorisé à l’étape « En planification ».",Ministre des Transports,Société de transport de Laval,Société de transport de Laval,Transport collectif,Économie et environnement,13 – Laval,Mesures prioritaires pour le transport collectif sur le boulevard Le Corbusier,Laval,Aménagement
636,"Terminus Châteauguay d’exo, quais – Réfection","Le projet vise à optimiser les services de transport collectif et l’expérience des clients en créant un pôle de correspondance au terminus Châteauguay. Il prévoit, entre autres, l’aménagement de quais et d’accès dédiés aux autobus, d’un centre de services et d’un dépose-minute. Ces éléments permettront d’améliorer et de structurer la desserte de transport collectif du secteur.",27300000,19600000,7700000,2023-12-01,2024-03-01,En réalisation,"Mars 2022_x000D_
Le projet a été autorisé à l’étape « En réalisation »._x000D_
Mars 2021_x000D_
Le projet a été autorisé à l’étape « En planification ».",Ministre des Transports,Exo,Exo,Transport collectif,Économie et environnement,16 – Montérégie,Terminus Châteauguay d’exo,Châteauguay,Réfection
638,Aérogare Kangiqsualujjuaq et garage – Réfection,Le projet consiste en la réfection des bâtiments qui ne répondent plus aux exigences réglementaires et aux besoins des usagers.,,,,,,En planification,"Mars 2021_x000D_
Le projet a été autorisé à l’étape « En planification ».",Ministre des Transports,Ministère des Transports,Ministère des Transports,"Transports maritime, aérien, ferroviaire et autres",Économie et environnement,10 – Nord-du-Québec,Aérogare Kangiqsualujjuaq et garage,Kangiqsualujjuaq,Réfection
639,Chemin de fer Québec Central entre Vallée-Jonction et Thetford Mines – Réfection et reconstruction,Le projet vise principalement la réfection des infrastructures sur la voie ferrée Chemin de fer Québec Central entre Vallée-Jonction et Thetford Mines afin de permettre la reprise du transport ferroviaire.,,,,,,En planification,"Mars 2021_x000D_
Le projet a été autorisé à l’étape « En planification ».",Ministre des Transports,Ministère des Transports,Ministère des Transports,"Transports maritime, aérien, ferroviaire et autres",Économie et environnement,12 – Chaudière-Appalaches,Chemin de fer Québec Central,De Vallée-Jonction à Thetford Mines,Réfection et reconstruction
640,Hélicoptères – Régions administratives du Québec – Acquisition,Le projet consiste à acquérir de nouveaux hélicoptères pour renouveler la flotte actuelle. Ces hélicoptères seront équipés pour répondre aux besoins des missions de la Sûreté du Québec. ,,,,,,En planification,"Mars 2021_x000D_
Le projet a été autorisé à l’étape « En planification ».",Ministre des Transports,Ministère des Transports,Ministère des Transports,"Transports maritime, aérien, ferroviaire et autres",Économie et environnement,Plusieurs régions du Québec,Hélicoptères,Plusieurs régions du Québec,Acquisition
641,"Réseau ferroviaire, pont – Dolbeau-Mistassini – Construction","Le projet vise la construction d’un pont ferroviaire au-dessus de la rivière Mistassini permettant de prolonger le tronçon ferroviaire qui relie Normandin à Dolbeau-Mistassini, de connecter le parc industriel régional au réseau ferroviaire Nord-Américain et ainsi fournir une meilleure accessibilité aux projets de développement liés au Plan Nord.",,,,,,En planification,"Mars 2021_x000D_
Le projet a été autorisé à l’étape « En planification ».",Ministre des Transports,Régie intermunicipale du Parc industriel de la MRC de Maria‑Chapdelaine,Régie intermunicipale du Parc industriel de la MRC de Maria‑Chapdelaine,"Transports maritime, aérien, ferroviaire et autres",Économie et environnement,02 – Saguenay–Lac-Saint-Jean,Pont ferroviaire,Dolbeau-Mistassini,Construction
642,Boulevard La Vérendrye – Gatineau – Élargissement et prolongement,"Le projet prévoit deux phases. La phase I concerne l’élargissement du boulevard La Vérendrye entre le boulevard Gréber et la montée Paiement pour une longueur totale de 1,9 km. Cet élargissement permettra l’ajout de deux voies de circulation qui seront réservées au transport en commun et aux véhicules multioccupants en périodes de pointe. L’objectif du projet est d’améliorer la fluidité des déplacements des personnes dans une optique de mobilité durable. La phase II du projet, soit de prolonger le boulevard La Vérendrye entre les boulevards Labrosse et Lorrain, fait l’objet d’une analyse afin d’en déterminer sa nécessité et, le cas échéant, les infrastructures à mettre en place.",,,,,,En planification,"Mars 2021_x000D_
Le projet a été autorisé à l’étape « En planification ».",Ministre des Transports,Ville de Gatineau,Ville de Gatineau,"Transports maritime, aérien, ferroviaire et autres",Économie et environnement,07 – Outaouais,Boulevard La Vérendrye,Gatineau,Élargissement et prolongement
643,Chemin Pink entre le boulevard des Grives et la rue Vanier – Gatineau – Élargissement,Le projet concerne l’élargissement de la chaussée existante dans l’objectif d’une meilleure fluidité et de la sécurité des usagers.,,,,,,En planification,"Mars 2021_x000D_
Le projet a été autorisé à l’étape « En planification ».",Ministre des Transports,Ville de Gatineau,Ville de Gatineau,"Transports maritime, aérien, ferroviaire et autres",Économie et environnement,07 – Outaouais,Chemin Pink,Gatineau,Élargissement
644,Pont des Grandes-Fourches au-dessus de la rivière Magog – Sherbrooke – Construction,"Le projet consiste en la revitalisation du secteur des Grandes-Fourches Nord; les ponts seront démolis et un nouveau pont, sous la gestion municipale, sera construit en accord avec le réaménagement du secteur par la ville.",26000000,26000000,0,,2022-12-16,En réalisation,"Mars 2022_x000D_
Le projet a été autorisé à l’étape « En réalisation »._x000D_
Mars 2021_x000D_
Le projet a été autorisé à l’étape « En planification ».",Ministre des Transports,Ville de Sherbrooke,Ville de Sherbrooke,"Transports maritime, aérien, ferroviaire et autres",Économie et environnement,05 – Estrie,Pont des Grandes-Fourches,Sherbrooke,Construction
646,Réservoir Beaudet – Victoriaville – Réfection et construction,Le projet vise à restaurer la capacité du réservoir Beaudet afin d’assurer son rôle primaire d’approvisionnement en eau brute de l’usine d’eau potable de la Ville de Victoriaville.,40000000,16000000,24000000,,2023-12-31,En réalisation,"Mars 2022_x000D_
Le projet a été autorisé à l’étape « En réalisation »._x000D_
Mars 2021_x000D_
Le projet a été autorisé à l’étape « En planification ».",Ministre des Affaires municipales et de l’Habitation,Ville de Victoriaville,Ville de Victoriaville,Municipalités,Économie et environnement,17 – Centre-du-Québec,Réservoir Beaudet,Victoriaville,Réfection et construction 
648,Bassins de rétention des eaux usées (ouvrage Turcot) – Montréal – Construction,"Ce projet consiste à construire un ouvrage de rétention structurel près des rues Notre-Dame et Angrignon, qui fournit des services essentiels aux systèmes d’eaux pluviales et d’eaux usées d’une capacité de 31 000 m³ dans des secteurs de la Ville de Montréal à forte densité de population et où l’imperméabilité du sol est significative. Dans un premier cas, une mise à niveau de la desserte collectrice de drainage du secteur de l’ancienne cour Turcot et ses abords, situés au sud de la future portion d’autoroute actuellement en construction, sera réalisée. Ce réservoir de rétention s’avère essentiel pour assurer à long terme une desserte collectrice qui respecte les normes et pour renforcer le collecteur Bas-Niveau construit en 1931, un des deux principaux collecteurs du bassin versant Saint-Pierre d’une superficie de près de 5 400 ha et qui couvre un territoire appréciable du sud-ouest de l’île de Montréal dont 5 arrondissements (Côte-des-Neiges/Notre-Dame-de-Grâce, Lachine, LaSalle, Saint-Laurent et Sud-Ouest) ainsi que 5 villes liées (Côte-St-Luc, Hampstead et Montréal-Ouest, Westmount). Cet ouvrage sera relié à un système de gestion automatisé permettant un suivi instrumenté des volumes d’eau dans les intercepteurs et permettant aux opérations de s’appuyer sur des prévisions météorologiques. Le projet vise à atténuer les risques d’inondation d’une fréquence d’une fois en moins de 10 ans, et vise la réduction des volumes de débordements d’environ 30 % basé sur une année de référence moyenne.",,,,,,En planification,"Mars 2021_x000D_
Le projet a été autorisé à l’étape « En planification ».",Ministre des Affaires municipales et de l’Habitation,Ville de Montréal,Ville de Montréal,Municipalités,Économie et environnement,06 – Montréal,Bassins de rétention des eaux usées (ouvrage Turcot),Montréal,Construction
649,Ouvrage de protection contre les inondations – Montréal (arrondissement de Pierrefonds-Roxboro) – Construction,"Émissaires_x000D_
Mise en place de solutions de protection permanentes sur trois émissaires (émissaire Rive-Boisée, émissaire Marina Center et émissaire Jacques Bizard) par la construction de chambres avec vannes et/ou poutrelles ou mur de retenue avec plaques qui bloqueront l’entrée des eaux lorsque le niveau de la Rivière-des-Prairies sera trop élevé. Installation de pompes temporaires pour pomper et rediriger les eaux vers la rivière lors d’épisodes de pluie importants._x000D_
Milieux humides naturels_x000D_
Protection et mise en valeur d’une infrastructure naturelle constituée de rares terres humides situées dans le secteur ouest de l’arrondissement de Pierrefonds-Roxboro. Des travaux de protection, de restauration et de mise en valeur seront réalisés afin de pérenniser l’infrastructure naturelle et augmenter sa capacité de rétention des crues printanières qui affectent les secteurs résidentiels voisins._x000D_
La protection de ces terres humides sera réalisée, notamment, par la création d’une vaste aire naturelle protégée, le grand parc de l’Ouest. Le projet nécessite l’acquisition de terrains pour protéger et améliorer l’infrastructure naturelle.",,,,,,En planification,"Mars 2021_x000D_
Le projet a été autorisé à l’étape « En planification ».",Ministre des Affaires municipales et de l’Habitation,Ville de Montréal,Ville de Montréal,Municipalités,Économie et environnement,06 – Montréal,Ouvrage de protection contre les inondations,Montréal (arrondissement de Pierrefonds-Roxboro),Construction
650,Ouvrage de rétention – Ruisseau Wabassee – Construction,"En ayant comme objectif de se prémunir face à des événements de pluies importantes, ce projet consiste en la construction et la réhabilitation de quatre actifs structurels et trois actifs naturels au niveau du bassin versant du ruisseau Wabassee, comprenant un ouvrage de retenue et de rétention en terre, composé de digues à noyau argileux et muni d’un évacuateur de crue près de l’exutoire de l’ouvrage qui fournissent des services essentiels aux systèmes d’eaux pluviales et d’eaux usées.",,,,,,En planification,"Mars 2021_x000D_
Le projet a été autorisé à l’étape « En planification ».",Ministre des Affaires municipales et de l’Habitation,Ville de Gatineau,Ville de Gatineau,Municipalités,Économie et environnement,07 – Outaouais,Ouvrage de rétention,Gatineau,Construction
651,Bassins de rétention des eaux usées (ouvrage Saint-Thomas) – Montréal – Construction,"Un ouvrage de rétention permet d’emmagasiner temporairement les eaux usées lors de très fortes précipitations afin d’éviter un refoulement dans le réseau ou un déversement dans le milieu naturel. Les eaux de surverses contiennent des quantités importantes de polluants qui contribuent à augmenter le niveau de pollution dans le fleuve Saint-Laurent. Ce projet consiste à construire un ouvrage de rétention d’environ 15 000 m³ dans le secteur Griffintown plus précisément dans le quadrilatère compris entre les rues William, Ottawa, St-Thomas et du Séminaire. Le site choisi pour l’implantation du bassin de retenue permet un contrôle des débordements optimal et assure une meilleure protection hydraulique aux résidents du secteur. Cet ouvrage sera construit dans un secteur d’environ 500 hectares du centre-ville de Montréal qui fait l’objet d’un développement et d’une densification de son occupation. En plus d’augmenter le niveau de service dans ce secteur, la construction de cet ouvrage représente une réponse directe aux contrecoups des changements climatiques. Cet ouvrage sera raccordé à un système de gestion automatisé permettant un suivi instrumenté des volumes d’eau dans les intercepteurs et permettant aux opérations de s’appuyer sur des prévisions météorologiques. Le projet nécessite l’acquisition de terrains pour l’infrastructure naturelle.",,,,,,En planification,"Mars 2021_x000D_
Le projet a été autorisé à l’étape « En planification ».",Ministre des Affaires municipales et de l’Habitation,Ville de Montréal,Ville de Montréal,Municipalités,Économie et environnement,06 – Montréal,Bassins de rétention des eaux usées (ouvrage Saint-Thomas),Montréal,Construction
654,"École secondaire Sophie-Barat du centre de services scolaire de Montréal – Agrandissement, réfection et réaménagement","Le projet consiste en la réfection et au réaménagement de l’école secondaire Sophie-Barat inscrite au Répertoire du patrimoine. L’école présente une dangerosité pour la sécurité de ses occupants, c’est d’ailleurs pour cette raison que la construction d’une nouvelle école transitoire est aussi prévue sur une partie des terrains de l’école secondaire Sophie-Barat afin d’y délocaliser les élèves durant les travaux.",,,,,,En planification,"Décembre 2020_x000D_
Le projet a été autorisé à l’étape « En planification ».",Ministre de l’Éducation,Centre de services scolaire de Montréal,Société québécoise des infrastructures,Éducation,Éducation et culture,06 – Montréal,École secondaire Sophie-Barat,Montréal,"Agrandissement, réfection et réaménagement"
657,Institut universitaire de cardiologie et de pneumologie de Québec – Unité de retraitement des dispositifs médicaux – Agrandissement et réaménagement,"Le projet consiste à agrandir et à réaménager l’unité de retraitement des dispositifs médicaux (URDM) de l’Institut universitaire de cardiologie et de pneumologie de Québec, y compris la relocalisation des services d’hygiène et de salubrité et celui du génie biomédical ainsi que la centralisation des unités satellites de retraitement des dispositifs endoscopiques dans la nouvelle URDM.",24100000,21100000,3000000,,2023-07-01,En réalisation,"Mars 2022_x000D_
Une modification à la stratégie de financement a été autorisée. Ainsi, la contribution du Québec passe de 24,1 M$ à 21,1 M$ et une contribution des partenaires de 3,0 M$ est maintenant prévue. De plus, une modification quant à la mise en service a été autorisée. Alors qu’il était initialement prévu qu’elle se fasse de façon progressive en octobre 2021 et février 2022, la mise en service est reportée et sera non progressive. Ainsi, la date de fin de la mise en service est maintenant juillet 2023._x000D_
Mars 2021_x000D_
Le projet a été autorisé à l’étape « En réalisation ».",Ministre de la Santé et des Services sociaux,Institut universitaire de cardiologie et de pneumologie de Québec – Université Laval,Institut universitaire de cardiologie et de pneumologie de Québec – Université Laval,Santé et services sociaux,Santé et Services sociaux,03 – Capitale-Nationale,Institut universitaire de cardiologie et de pneumologie de Québec,Québec,Agrandissement et réaménagement
658,"Laboratoire serveur Optilab, pavillon Sainte-Marie – Trois-Rivières – Réaménagement et agrandissement","Le projet consiste à agrandir et à réaménager le laboratoire existant localisé au sous-sol du pavillon Sainte-Marie, à Trois-Rivières afin de le transformer en laboratoire serveur dans le cadre du projet Optilab lequel vise la réorganisation des laboratoires médicaux du réseau de la Santé et Services sociaux.  _x000D_
D’autre part, la construction d’un agrandissement en façade principale est requise pour qu’y soit logée une salle de mécanique nécessaire aux besoins supplémentaires engendrés par les nouveaux aménagements.",,,,,,En planification,"Mars 2021_x000D_
Le projet a été autorisé à l’étape « En planification ».",Ministre de la Santé et des Services sociaux,Centre intégré universitaire de santé et de services sociaux de la Mauricie-et-du-Centre-du-Québec,Société québécoise des infrastructures,Santé et Services sociaux,Santé et Services sociaux,04 – Mauricie,Laboratoire serveur Optilab,Trois-Rivières,Réaménagement et agrandissement
659,École primaire de la Fraternité du centre de services scolaire de la Pointe-de-l’Île – Montréal – Reconstruction et agrandissement,"Le projet consiste en la démolition et en la reconstruction et l’agrandissement de deux ailes vétustes de l’école primaire de la Fraternité à Montréal, sur le territoire du centre de services scolaire de la Pointe-de-l’Île. Afin de réduire le déficit d’espace reconnu par le Ministère, deux classes d’éducation préscolaire et douze d’enseignement primaire seront ajoutées. Ainsi, la capacité d’accueil sera de trente-cinq classes.",30300000,30300000,0,,2022-08-31,En réalisation,"Mars 2022_x000D_
Le projet a été autorisé à l’étape « En réalisation »._x000D_
Mars 2021_x000D_
Le projet a été autorisé à l’étape « En planification ».",Ministre de l’Éducation,Centre de services scolaire de la Pointe-de-l’Île,Centre de services scolaire de la Pointe-de-l’Île,Éducation,Éducation et culture,06 – Montréal,École primaire de la Fraternité du centre de services scolaire de la Pointe-de-l’Île,Montréal,Reconstruction et agrandissement
660,École primaire l’Accueil du centre de services scolaire de la Beauce-Etchemin – Scott – Reconstruction et agrandissement,"Le projet consiste en la démolition, la reconstruction et l’agrandissement de l’école primaire l’Accueil à Scott, sur le territoire du centre de services scolaire de la Beauce-Etchemin. Afin de réduire le déficit d’espace reconnu par le Ministère, trois classes d’éducation préscolaire, cinq d’enseignement primaire et une pour les élèves handicapés et en difficulté d’adaptation ou d’apprentissage seront construites. Ainsi, la capacité d’accueil sera de vingt-deux classes.",26600000,26600000,0,,2022-08-31,En réalisation,"Mars 2022_x000D_
Le projet a été autorisé à l’étape « En réalisation »._x000D_
Mars 2021_x000D_
Le projet a été autorisé à l’étape « En planification ».",Ministre de l’Éducation,Centre de services scolaire de la Beauce-Etchemin,Centre de services scolaire de la Beauce-Etchemin,Éducation,Éducation et culture,12 – Chaudière-Appalaches,École primaire l’Accueil du centre de services scolaire de la Beauce-Etchemin,Scott,Reconstruction et agrandissement
661,École primaire du centre de services scolaire des Laurentides – Val-David – Construction,"Le projet consiste en la construction d’une école primaire à Val-David, sur le territoire du centre de services scolaire des Laurentides. Afin de réduire le déficit d’espace reconnu par le Ministère, six classes d’éducation préscolaire et dix-huit d’enseignement primaire sont prévues.",,,,,,En planification,"Mars 2021_x000D_
Le projet a été autorisé à l’étape « En planification ».",Ministre de l’Éducation,Centre de services scolaire des Laurentides,Centre de services scolaire des Laurentides,Éducation,Éducation et culture,15 – Laurentides,École primaire du centre de services scolaire des Laurentides,Val-David,Construction
662,École secondaire Mont-Royal du centre de services scolaire Marguerite-Bourgeoys – Agrandissement,"Le projet consiste en l’agrandissement de l’école secondaire Mont-Royal, sur le territoire du centre de services scolaire Marguerite-Bourgeoys. Afin de réduire le déficit d’espace reconnu par le Ministère, l’ajout de 348 places-élèves est prévu. Ainsi la capacité d’accueil de l’école sera de 1 392 places-élèves.",,,,,,En planification,"Mars 2021_x000D_
Le projet a été autorisé à l’étape « En planification ».",Ministre de l’Éducation,Centre de services scolaire Marguerite-Bourgeoys,Centre de services scolaire Marguerite-Bourgeoys,Éducation,Éducation et culture,06 – Montréal,École secondaire Mont-Royal du centre de services scolaire Marguerite-Bourgeoys,Montréal,Agrandissement
663,École secondaire Mont-Bleu du centre de services scolaire des Portages-de-l’Outaouais – Gatineau – Réfection,"Le projet consiste en la remise en état des parties du bâtiment qui ont subi des dommages majeurs à la suite d’une tornade ayant frappé la ville de Gatineau, en septembre 2018, et d’un incendie, en novembre 2018.",60500000,60500000,0,,2022-08-31,En réalisation,"Mars 2022_x000D_
Le projet a été autorisé à l’étape « En réalisation »._x000D_
Mars 2021_x000D_
Le projet a été autorisé à l’étape « En planification ».",Ministre de l’Éducation,Centre de services scolaire des Portages-de-l’Outaouais,Société québécoise des infrastructures,Éducation,Éducation et culture,07 – Outaouais,École secondaire Mont-Bleu du centre de services scolaire des Portages-de-l’Outaouais,Gatineau,Réfection
664,"École primaire Alfred-Pellan du centre de services scolaire de Laval, pavillon Ulric-Debien – Agrandissement",Le projet consiste à l’agrandissement du pavillon Ulric-Debien de l’école primaire Alfred-Pellan sur le territoire du centre de services scolaire de Laval. Ce projet permettra l’ajout de trois classes de maternelle 4 ans et huit classes d’enseignement primaire afin de réduire le déficit d’espace reconnu par le Ministère.,21300000,21300000,0,,2022-08-31,En réalisation,"Mars 2022_x000D_
Le projet a été autorisé à l’étape « En réalisation »._x000D_
Mars 2021_x000D_
Le projet a été autorisé à l’étape « En planification ».",Ministre de l’Éducation,Centre de services scolaire de Laval,Centre de services scolaire de Laval,Éducation,Éducation et culture,13 – Laval,École primaire Alfred-Pellan du centre de services scolaire de Laval,Laval,Agrandissement
665,École secondaire du centre de services scolaire de Montréal (arrondissement d’Ahuntsic-Cartierville) – Construction,"Le projet consiste en la construction d’une école secondaire à Montréal, dans l’arrondissement d’Ahuntsic-Cartierville, sur le territoire du centre de services scolaire de Montréal. Afin de réduire le déficit d’espace reconnu par le Ministère, au total, 623 places-élèves sont prévues.",,,,,,En planification,"Mars 2021_x000D_
Le projet a été autorisé à l’étape « En planification ».",Ministre de l’Éducation,Centre de services scolaire de Montréal,Centre de services scolaire de Montréal,Éducation,Éducation et culture,06 – Montréal,École secondaire du centre de services scolaire de Montréal,Montréal (arrondissement d’Ahuntsic-Cartierville),Construction
666,École primaire du centre de services scolaire Kamouraska–Rivière-du-Loup – Rivière-du-Loup – Construction,"Le projet consiste en la construction d’une école primaire à Rivière-du-Loup, sur le territoire du centre de services scolaire de Kamouraska-Rivière-du-Loup. Afin de réduire le déficit d’espace reconnu par le Ministère, trois classes de maternelle 4 ans, trois d’éducation préscolaire et dix-huit d’enseignement primaire sont prévues.",,,,,,En planification,"Mars 2021_x000D_
Le projet a été autorisé à l’étape « En planification ».",Ministre de l’Éducation,Centre de services scolaire Kamouraska-Rivière-du-Loup,Centre de services scolaire Kamouraska-Rivière-du-Loup,Éducation,Éducation et culture,01 – Bas-Saint-Laurent,École primaire du centre de services scolaire de Kamouraska-Rivière-du-Loup,Rivière-du-Loup,Construction
667,École primaire du centre de services scolaire des Premières-Seigneuries – Québec (arrondissement de Beauport) – Construction,"Le projet consiste en la construction d’une école primaire à Québec, dans l’arrondissement de Beauport, sur le territoire du centre de services scolaire des Premières-Seigneuries. Afin de réduire le déficit d’espace reconnu par le Ministère, une classe de maternelle 4 ans, deux d’éducation préscolaire et quatorze d’enseignement primaire sont prévues.",,,,,,En planification,"Mars 2021_x000D_
Le projet a été autorisé à l’étape « En planification ».",Ministre de l’Éducation,Centre de services scolaire des Premières-Seigneuries,Centre de services scolaire des Premières-Seigneuries,Éducation,Éducation et culture,03 – Capitale-Nationale,École primaire du centre de services scolaire des Premières-Seigneuries,Québec (arrondissement de Beauport),Construction
668,École primaire du centre de services scolaire de Montréal (arrondissement de Côte-des-Neiges–Notre-Dame-de-Grâce) – Construction,"Le projet consiste en la construction d’une école primaire à Montréal, dans l’arrondissement de Côte-des-Neiges–Notre-Dame-de-Grâce, sur le territoire du centre de services scolaire de Montréal. Trois classes de maternelle 4 ans, trois d’éducation préscolaire et dix-huit d’enseignement primaire sont prévues afin de réduire le déficit d’espace reconnu par le Ministère.",,,,,,En planification,"Mars 2021_x000D_
Le projet a été autorisé à l’étape « En planification ».",Ministre de l’Éducation,Centre de services scolaire de Montréal,Centre de services scolaire de Montréal,Éducation,Éducation et culture,06 – Montréal,École primaire du centre de services scolaire de Montréal,Montréal (arrondissement de Côte-des-Neiges–Notre-Dame-de-Grâce),Construction
669,École primaire du centre de services scolaire des Draveurs – Gatineau – Construction ,"Le projet consiste en la construction d’une école primaire à Gatineau, sur le territoire du centre de services scolaire des Draveurs. Afin de réduire le déficit d’espace reconnu par le Ministère, deux classes de maternelle 4 ans, quatre d’éducation préscolaire et dix-sept d’enseignement primaire sont prévues.",,,,,,En planification,"Mars 2021_x000D_
Le projet a été autorisé à l’étape « En planification ».",Ministre de l’Éducation,Centre de services scolaire des Draveurs,Centre de services scolaire des Draveurs,Éducation,Éducation et culture,07 – Outaouais,École primaire du centre de services scolaire des Draveurs,Gatineau,Construction
670,École primaire (A) du centre de services scolaire des Mille-Îles – Terrebonne – Construction,"Le projet consiste en la construction d’une école primaire à Terrebonne, sur le territoire du centre de services scolaire des Mille-Îles. Afin de réduire le déficit d’espace reconnu par le Ministère, six classes de maternelle 4 ans, quatre d’éducation préscolaire et seize d’enseignement primaire sont prévues.",,,,,,En planification,"Mars 2021_x000D_
Le projet a été autorisé à l’étape « En planification ».",Ministre de l’Éducation,Centre de services scolaire des Mille-Îles,Centre de services scolaire des Mille-Îles,Éducation,Éducation et culture,14 – Lanaudière,École primaire du centre de services scolaire des Mille-Îles,Terrebonne,Construction
671,École primaire du centre de services scolaire Sir-Wilfrid-Laurier – Saint-Charles-Borromée – Construction,"Le projet consiste en la construction d’une école primaire à Saint-Charles-Borromée, sur le territoire du centre de services scolaire Sir-Wilfrid-Laurier. Afin de réduire le déficit d’espace reconnu par le Ministère, deux classes de maternelle 4 ans, deux d’éducation préscolaire et douze d’enseignement primaire sont prévues.",,,,,,En planification,"Mars 2021_x000D_
Le projet a été autorisé à l’étape « En planification ».",Ministre de l’Éducation,Centre de services scolaire Sir-Wilfrid-Laurier,Centre de services scolaire Sir-Wilfrid-Laurier,Éducation,Éducation et culture,14 – Lanaudière,École primaire du centre de services scolaire Sir-Wilfrid-Laurier,Saint-Charles-Borromée,Construction
672,École primaire (B) du centre de services scolaire Marie-Victorin – Brossard – Construction,"Le projet consiste en la construction d’une école primaire à Brossard, sur le territoire du centre de services scolaire Marie-Victorin. Afin de réduire le déficit d’espace reconnu par le Ministère, quatre classes de maternelle 4 ans, quatre d’éducation préscolaire et vingt-quatre d’enseignement primaire sont prévues.",,,,,,En planification,"Mars 2021_x000D_
Le projet a été autorisé à l’étape « En planification ».",Ministre de l’Éducation,Centre de services scolaire Marie-Victorin,Centre de services scolaire Marie-Victorin,Éducation,Éducation et culture,16 – Montérégie,École primaire du centre de services scolaire Marie-Victorin,Brossard,Construction
673,École primaire du centre de services scolaire Marie-Victorin (secteur Saint-Hubert) – Longueuil – Construction,"Le projet consiste en la construction d’une école primaire à Longueuil, dans le secteur Saint-Hubert, sur le territoire du centre de services scolaire Marie-Victorin. Afin de réduire le déficit d’espace reconnu par le Ministère, quatre classes de maternelle 4 ans, six d’éducation préscolaire et trente-six d’enseignement primaire sont prévues.",,,,,,En planification,"Mars 2021_x000D_
Le projet a été autorisé à l’étape « En planification ».",Ministre de l’Éducation,Centre de services scolaire Marie-Victorin,Centre de services scolaire Marie-Victorin,Éducation,Éducation et culture,16 – Montérégie,École primaire du centre de services scolaire Marie-Victorin (secteur Saint-Hubert),Longueuil,Construction
674,École primaire du centre de services scolaire des Patriotes – Beloeil – Construction,"Le projet consiste en la construction d’une école primaire à Beloeil ou McMasterville, sur le territoire du centre de services scolaire des Patriotes. Afin de réduire le déficit d’espace reconnu par le Ministère, deux classes de maternelle 4 ans, deux d’éducation préscolaire et douze d’enseignement primaire sont prévues.",,,,,,En planification,"Mars 2021_x000D_
Le projet a été autorisé à l’étape « En planification ».",Ministre de l’Éducation,Centre de services scolaire des Patriotes,Centre de services scolaire des Patriotes,Éducation,Éducation et culture,16 – Montérégie,École primaire du centre de services scolaire des Patriotes,Beloeil,Construction
675,École primaire du centre de services scolaire des Trois-Lacs – Les Cèdres – Construction,"Le projet consiste en la construction d’une école primaire à Les Cèdres ou à Vaudreuil-Dorion, sur le territoire du centre de services scolaire des Trois-Lacs. Afin de réduire le déficit d’espace reconnu par le Ministère, trois classes de maternelle 4 ans, trois d’éducation préscolaire et vingt d’enseignement primaire sont prévues.",,,,,,En planification,"Mars 2021_x000D_
Le projet a été autorisé à l’étape « En planification ».",Ministre de l’Éducation,Centre de services scolaire des Trois-Lacs,Centre de services scolaire des Trois-Lacs,Éducation,Éducation et culture,16 – Montérégie,École primaire du centre de services scolaire des Trois-Lacs,Les Cèdres,Construction
676,École primaire du centre de services scolaire des Portages-de-l’Outaouais – Gatineau – Construction,"Le projet consiste en la construction d’une école primaire à Gatineau, secteur de l’Amérique-Française, sur le territoire du centre de services scolaire des Portages-de-l’Outaouais. Afin de réduire le déficit d’espace reconnu par le Ministère, trois classes de maternelle 4 ans, trois d’éducation préscolaire et dix-huit d’enseignement primaire sont prévues.",,,,,,En planification,"Mars 2021_x000D_
Le projet a été autorisé à l’étape « En planification ».",Ministre de l’Éducation,Centre de services scolaire des Portages-de-l’Outaouais,Centre de services scolaire des Portages-de-l’Outaouais,Éducation,Éducation et culture,07 – Outaouais,École primaire du centre de services scolaires des Portages-de-l’Outaouais,Gatineau,Construction
677,École primaire du centre de services scolaire des Premières-Seigneuries – Québec (arrondissement de Charlesbourg) – Construction,"Le projet consiste en la construction d’une école primaire à Québec, dans l’arrondissement de Charlesbourg, sur le territoire du centre de services scolaire des Premières-Seigneuries. Afin de réduire le déficit d’espace reconnu par le Ministère, deux classes de maternelle 4 ans, quatre d’éducation préscolaire et vingt-six d’enseignement primaire seront construites.",38400000,38400000,0,,2023-09-30,En réalisation,"Mars 2022_x000D_
Le projet a été autorisé à l’étape « En réalisation »._x000D_
Mars 2021_x000D_
Le projet a été autorisé à l’étape « En planification ».",Ministre de l’Éducation,Centre de services scolaire des Premières-Seigneuries,Centre de services scolaire des Premières-Seigneuries,Éducation,Éducation et culture,03 – Capitale-Nationale,École primaire du centre de services scolaire des Premières-Seigneuries,Québec (arrondissement de Charlesbourg),Construction
678,École primaire du centre de services scolaire des Premières-Seigneuries – Sainte-Brigitte-de-Laval – Construction,"Le projet consiste en la construction d’une école primaire à Sainte-Brigitte-de-Laval, sur le territoire du centre de services scolaire des Premières-Seigneuries. Afin de réduire le déficit d’espace reconnu par le Ministère, deux classes de maternelle 4 ans, trois d’éducation préscolaire et dix-huit d’enseignement primaire sont prévues.",,,,,,En planification,"Mars 2021_x000D_
Le projet a été autorisé à l’étape « En planification ».",Ministre de l’Éducation,Centre de services scolaire des Premières-Seigneuries,Centre de services scolaire des Premières-Seigneuries,Éducation,Éducation et culture,03 – Capitale-Nationale,École primaire du centre de services scolaire des Premières-Seigneuries,Sainte-Brigitte-de-Laval,Construction
679,École secondaire du Triolet du centre de services scolaire de la Région-de-Sherbrooke – Sherbrooke – Réaménagement,"Le projet consiste au réaménagement des espaces laissés vacants, aux pavillons 2 et 3 de l’école secondaire du Triolet, à la suite du départ du centre de formation professionnelle 24-Juin, sur le territoire du centre de services scolaire de la Région-de-Sherbrooke. Afin de réduire le déficit d’espace reconnu par le Ministère, 319 places-élèves sont prévues.",,,,,,En planification,"Mars 2021_x000D_
Le projet a été autorisé à l’étape « En planification ».",Ministre de l’Éducation,Centre de services scolaire de la Région-de-Sherbrooke,Centre de services scolaire de la Région-de-Sherbrooke,Éducation,Éducation et culture,05 – Estrie,École secondaire du Triolet du centre de services scolaire de la Région-de-Sherbrooke,Sherbrooke,Réaménagement
680,École primaire Jacques-Rousseau du centre de services scolaire de la Pointe-de-l’Île – Montréal (arrondissement d’Anjou) – Agrandissement,"Le projet consiste en l’agrandissement de l’école primaire Jacques-Rousseau, à Montréal dans l’arrondissement d’Anjou, sur le territoire du centre de services scolaire de la Pointe-de-l’Île. Afin de réduire le déficit d’espace reconnu par le Ministère, deux classes d’éducation préscolaire et dix-huit d’enseignement primaire sont prévues. Ainsi, la capacité d’accueil sera de 52 classes.",,,,,,En planification,"Mars 2021_x000D_
Le projet a été autorisé à l’étape « En planification ».",Ministre de l’Éducation,Centre de services scolaire de la Pointe-de-l’Île,Centre de services scolaire de la Pointe-de-l’Île,Éducation,Éducation et culture,06 – Montréal,École primaire Jacques-Rousseau du centre de services scolaire de la Pointe-de-l’Île,Montréal,Agrandissement
681,École primaire du centre de services scolaire de la Pointe-de-l’Île – Montréal (arrondissement de Rivière-des-Prairies–Pointe-aux-Trembles) – Construction,"Le projet consiste en la construction d’une école primaire, à Montréal dans l’arrondissement de Rivière-des–Prairies–Pointe-aux-Trembles, sur le territoire du centre de services scolaire de la Pointe-de-l’Île. Afin de réduire le déficit d’espace reconnu par le Ministère, quatre classes de maternelle 4 ans, quatre d’éducation préscolaire et vingt-quatre d’enseignement primaire sont prévues.",,,,,,En planification,"Mars 2021_x000D_
Le projet a été autorisé à l’étape « En planification ».",Ministre de l’Éducation,Centre de services scolaire de la Pointe-de-l’Île,Centre de services scolaire de la Pointe-de-l’Île,Éducation,Éducation et culture,06 – Montréal,École primaire du centre de services scolaire de la Pointe-de-l’Île ,Montréal (arrondissement de Rivière-des-Prairies–Pointe-aux-Trembles),Construction
682,École primaire du centre de services scolaire de la Pointe-de-l’Île – Montréal (arrondissement d’Anjou) – Construction,"Le projet consiste en la construction d’une école primaire, à Montréal dans l’arrondissement d’Anjou, sur le territoire du centre de services scolaire de la Pointe-de-l’Île. Quatre classes de maternelle 4 ans, quatre d’éducation préscolaire et vingt-quatre d’enseignement primaire sont prévues afin de réduire le déficit d’espace reconnu par le Ministère.",,,,,,En planification,"Mars 2021_x000D_
Le projet a été autorisé à l’étape « En planification ».",Ministre de l’Éducation,Centre de services scolaire de la Pointe-de-l’Île,Centre de services scolaire de la Pointe-de-l’Île,Éducation,Éducation et culture,06 – Montréal,École primaire du centre de services scolaire de la Pointe-de-l’Île ,Montréal (arrondissement d’Anjou),Construction
683,École transitoire primaire-secondaire du centre de services scolaire de Montréal (arrondissement de Rosemont–La Petite-Patrie) – Construction,"Le projet consiste en la construction d’une école transitoire primaire comprenant six classes d’éducation préscolaire et vingt et une d’enseignement primaire, convertibles en secondaire (464 places-élèves), sur le terrain de l’école secondaire Marie-Anne à Montréal dans l’arrondissement de Rosemont–La Petite-Patrie.",,,,,,En planification,"Mars 2021_x000D_
Le projet a été autorisé à l’étape « En planification ».",Ministre de l’Éducation,Centre de services scolaire de Montréal,Centre de services scolaire de Montréal,Éducation,Éducation et culture,06 – Montréal,École transitoire primaire/secondaire du centre de services scolaire de Montréal,Montréal (arrondissement de Rosemont–La Petite-Patrie),Construction
684,École primaire du centre de services scolaire de Montréal (arrondissement de Rosemont–La Petite-Patrie) – Construction,"Le projet consiste en la construction d’une école primaire sur le site de l’école secondaire Marguerite-De Lajemmerais à Montréal dans l’arrondissement de Rosemont–La Petite-Patrie. Afin de réduire le déficit d’espace reconnu par le Ministère, trois classes de maternelle 4 ans, trois d’éducation préscolaire et dix-huit d’enseignement primaire sont prévues.",,,,,,En planification,"Mars 2021_x000D_
Le projet a été autorisé à l’étape « En planification ».",Ministre de l’Éducation,Centre de services scolaire de Montréal,Centre de services scolaire de Montréal,Éducation,Éducation et culture,06 – Montréal,École primaire du centre de services scolaire de Montréal,Montréal (arrondissement de Rosemont–La Petite-Patrie),Construction
685,École primaire du centre de services scolaire Marguerite-Bourgeoys – Montréal (arrondissement de Lachine) – Construction,"Le projet consiste en la construction d’une école primaire à Montréal, dans l’arrondissement de Lachine, sur le territoire du centre de services scolaire Marguerite-Bourgeoys. Afin de réduire le déficit d’espace reconnu par le Ministère, quatre classes de maternelle 4 ans, quatre d’éducation préscolaire et vingt-quatre d’enseignement primaire sont prévues.",,,,,,En planification,"Mars 2021_x000D_
Le projet a été autorisé à l’étape « En planification ».",Ministre de l’Éducation,Centre de services scolaire Marguerite-Bourgeoys,Centre de services scolaire Marguerite-Bourgeoys,Éducation,Éducation et culture,06 – Montréal,École primaire du centre de services scolaire Marguerite-Bourgeoys,Montréal (arrondissement de Lachine),Construction
686,École primaire L’Eau-Vive du centre de services scolaire Marguerite-Bourgeoys – Montréal – Agrandissement,"Le projet consiste en l’agrandissement de l’école primaire L’Eau-Vive à Montréal, sur le territoire du centre de services scolaire Marguerite-Bourgeoys. Afin de réduire le déficit d’espace reconnu par le Ministère, six classes d’éducation préscolaire et douze d’enseignement primaire sont prévues. Ainsi, la capacité d’accueil sera de 38 classes.",,,,,,En planification,"Mars 2021_x000D_
Le projet a été autorisé à l’étape « En planification ».",Ministre de l’Éducation,Centre de services scolaire Marguerite-Bourgeoys,Centre de services scolaire Marguerite-Bourgeoys,Éducation,Éducation et culture,06 – Montréal,École primaire L’Eau-Vive du centre de services scolaire Marguerite-Bourgeoys,Montréal,Agrandissement
687,École primaire du centre de services scolaire des Samares – Saint-Lin–Laurentides – Construction,"Le projet consiste en la construction d’une école primaire à Saint-Lin–Laurentides, sur le territoire du centre de services scolaire des Samares. Afin de réduire le déficit d’espace reconnu par le Ministère, neuf classes d’éducation préscolaire et vingt-quatre d’enseignement primaire sont prévues.",,,,,,En planification,"Mars 2021_x000D_
Le projet a été autorisé à l’étape « En planification ».",Ministre de l’Éducation,Centre de services scolaire des Samares,Centre de services scolaire des Samares,Éducation,Éducation et culture,14 – Lanaudière,École primaire du centre de services scolaire des Samares,Saint-Lin–Laurentides,Construction
688,École secondaire du Harfang du centre de services scolaire des Mille-Îles – Sainte-Anne-des-Plaines – Agrandissement,"Le projet consiste en l’agrandissement de l’école secondaire du Harfang à Sainte-Anne-des-Plaines, sur le territoire du centre de services scolaire des Mille-Îles. Afin de réduire le déficit d’espace reconnu par le Ministère, l’ajout de 232 places-élèves est prévu. Ainsi, la capacité d’accueil de l’école sera de 957 places-élèves.",,,,,,En planification,"Mars 2021_x000D_
Le projet a été autorisé à l’étape « En planification ».",Ministre de l’Éducation,Centre de services scolaire des Mille-Îles,Centre de services scolaire des Mille-Îles,Éducation,Éducation et culture,15 – Laurentides,École secondaire du Harfang du centre de services scolaire des Mille-Îles,Sainte-Anne-des-Plaines,Agrandissement
689,École primaire du centre de services scolaire des Mille-Îles – Sainte-Marthe-sur-le-Lac – Construction,"Le projet consiste en la construction d’une école primaire à Sainte-Marthe-sur-le-Lac, sur le territoire du centre de services scolaire des Mille-Îles. Afin de réduire le déficit d’espace reconnu par le Ministère, quatre classes de maternelle 4 ans, trois d’éducation préscolaire et dix-huit d’enseignement primaire sont prévues.",,,,,,En planification,"Mars 2021_x000D_
Le projet a été autorisé à l’étape « En planification ».",Ministre de l’Éducation,Centre de services scolaire des Mille-Îles,Centre de services scolaire des Mille-Îles,Éducation,Éducation et culture,15 – Laurentides,École primaire du centre de services scolaire de la Seigneurie-des-Milles-Îles,Sainte-Marthe-sur-le-Lac,Construction
690,École primaire (A) du centre de services scolaire des Mille-Îles – Mirabel – Construction,"Le projet consiste en la construction d’une école primaire à Mirabel, dans le secteur Domaine-Vert Nord, sur le territoire du centre de services scolaire des Mille-Îles. Afin de réduire le déficit d’espace reconnu par le Ministère, deux classes de maternelle 4 ans, trois d’éducation préscolaire et douze d’enseignement primaire sont prévues.",,,,,,En planification,"Mars 2021_x000D_
Le projet a été autorisé à l’étape « En planification ».",Ministre de l’Éducation,Centre de services scolaire des Mille-Îles,Centre de services scolaire des Mille-Îles,Éducation,Éducation et culture,15 – Laurentides,École primaire du centre de services scolaire de la Seigneurie-des-Milles-Îles,Mirabel,Construction
691,École primaire du centre de services scolaire des Mille-Îles – Blainville – Construction,"Le projet consiste en la construction d’une école primaire à Blainville, sur le territoire du centre de services scolaire des Mille-Îles. Afin de réduire le déficit d’espace reconnu par le Ministère, trois classes de maternelle 4 ans, quatre d’éducation préscolaire et dix-huit d’enseignement primaire sont prévues.",,,,,,En planification,"Mars 2021_x000D_
Le projet a été autorisé à l’étape « En planification ».",Ministre de l’Éducation,Centre de services scolaire des Mille-Îles,Centre de services scolaire des Mille-Îles,Éducation,Éducation et culture,15 – Laurentides,École primaire du centre de services scolaire de la Seigneurie-des-Milles-Îles,Blainville,Construction
692,École primaire (B) du centre de services scolaire des Mille-Îles – Terrebonne – Construction,"Le projet consiste en la construction d’une école primaire à Terrebonne, sur le territoire du centre de services scolaire des Mille-Îles. Afin de réduire le déficit d’espace reconnu par le Ministère, trois classes de maternelle 4 ans, quatre d’éducation préscolaire et quatorze d’enseignement primaire sont prévues.",,,,,,En planification,"Mars 2021_x000D_
Le projet a été autorisé à l’étape « En planification ».",Ministre de l’Éducation,Centre de services scolaire des Mille-Îles,Centre de services scolaire des Mille-Îles,Éducation,Éducation et culture,14 – Lanaudière,École primaire du centre de services scolaire de la Seigneurie-des-Milles-Îles,Terrebonne,Construction
693,École primaire du centre de services scolaire de la Rivière-du-Nord – Mirabel – Construction,"Le projet consiste en la construction d’une école primaire à Mirabel, dans le secteur Saint-Canut, sur le territoire du centre de services scolaire de la Rivière-du-Nord. Afin de réduire le déficit d’espace reconnu par le Ministère, trois classes de maternelle 4 ans, trois d’éducation préscolaire et dix-huit d’enseignement primaire sont prévues.",,,,,,En planification,"Mars 2021_x000D_
Le projet a été autorisé à l’étape « En planification ».",Ministre de l’Éducation,Centre de services scolaire de la Rivière-du-Nord,Centre de services scolaire de la Rivière-du-Nord,Éducation,Éducation et culture,15 – Laurentides,École primaire du centre de services scolaire de la Rivière-du-Nord,Mirabel,Construction
694,École primaire du centre de services scolaire de la Rivière-du-Nord – Sainte-Sophie – Construction,"Le projet consiste en la construction d’une école primaire à Sainte-Sophie, sur le territoire du centre de services scolaire de la Rivière-du-Nord. Afin de réduire le déficit d’espace reconnu par le Ministère, quatre classes de maternelle 4 ans, quatre d’éducation préscolaire et vingt-sept d’enseignement primaire sont prévues.",,,,,,En planification,"Mars 2021_x000D_
Le projet a été autorisé à l’étape « En planification ».",Ministre de l’Éducation,Centre de services scolaire de la Rivière-du-Nord,Centre de services scolaire de la Rivière-du-Nord,Éducation,Éducation et culture,15 – Laurentides,École primaire du centre de services scolaire de la Rivière-du-Nord,Sainte-Sophie,Construction
695,École secondaire Saint-Edmond du centre de services scolaire Marie-Victorin – Longueuil – Agrandissement,"Le projet consiste en l’agrandissement de l’école secondaire Saint-Edmond, à Longueuil, sur le territoire du centre de services scolaire Marie-Victorin. Afin de réduire le déficit d’espace reconnu par le Ministère, l’ajout de 406 places-élèves est prévu. Ainsi, la capacité d’accueil de l’école sera de 1 103 places-élèves.",,,,,,En planification,"Mars 2021_x000D_
Le projet a été autorisé à l’étape « En planification ».",Ministre de l’Éducation,Centre de services scolaire Marie-Victorin,Centre de services scolaire Marie-Victorin,Éducation,Éducation et culture,16 – Montérégie,École primaire du centre de services scolaire Marie-Victorin,Longueuil,Agrandissement
696,École secondaire internationale Lucille-Teasdale du centre de services scolaire Marie-Victorin – Brossard – Agrandissement,"Le projet consiste en l’agrandissement de l’école secondaire internationale Lucille-Teasdale, à Brossard, sur le territoire du centre de services scolaire Marie-Victorin. Afin de réduire le déficit d’espace reconnu par le Ministère, l’ajout de 500 places-élèves est prévu. Ainsi, la capacité d’accueil de l’école sera de 1 508 places-élèves.",,,,,,En planification,"Mars 2021_x000D_
Le projet a été autorisé à l’étape « En planification ».",Ministre de l’Éducation,Centre de services scolaire Marie-Victorin,Centre de services scolaire Marie-Victorin,Éducation,Éducation et culture,16 – Montérégie,École secondaire internationale Lucille-Teasdale du centre de services scolaire Marie-Victorin,Brossard,Agrandissement
697,Résidence et classes temporaires de la commission scolaire Kativik – Kuujjuaq – Construction,"Le projet consiste en la construction d’une résidence à Kuujjuaq, ainsi qu’en l’acquisition de six classes modulaires sur le territoire de la commission scolaire Kativik.",,,,,,En planification,"Mars 2021_x000D_
Le projet a été autorisé à l’étape « En planification ».",Ministre de l’Éducation,Commission scolaire Kativik,Commission scolaire Kativik,Éducation,Éducation et culture,10 – Nord-du-Québec,Résidence et classes scolaires de la commission scolaire Kativik,Kuujjuaq,Construction
698,École Ajagudak de la commission scolaire Kativik – Tasiujaq – Agrandissement,"Le projet consiste en l’agrandissement de l’école Ajagudak à Tasiujaq, sur le territoire de la commission scolaire Kativik. _x000D_
Les résultats de l’analyse du besoin, actuellement en cours, permettront de déterminer le nombre de classes et de places-élèves nécessaires pour réduire le déficit d’espace reconnu par le Ministère et de répondre aux particularités du Nunavik.",,,,,,En planification,"Mars 2021_x000D_
Le projet a été autorisé à l’étape « En planification ».",Ministre de l’Éducation,Commission scolaire Kativik,Commission scolaire Kativik,Éducation,Éducation et culture,10 – Nord-du-Québec,École Ajagudak de la commission scolaire Kativik,Tasiujaq,Agrandissement
699,École primaire ou secondaire de la commission scolaire Kativik – Quaqtaq – Bonification,"Le projet consiste en la construction d’une école (primaire ou secondaire) à Quaqtaq, sur le territoire de la commission scolaire Kativik afin de répondre aux besoins grandissants des régions nordiques.",,,,,,À l’étude,"Novembre 2021_x000D_
La commission scolaire Kativik a été autorisée à demeurer gestionnaire du projet, et ce, en association avec la Société québécoise des infrastructures._x000D_
Mars 2021_x000D_
Le projet a été autorisé à l’étape « À l’étude ».",Ministre de l’Éducation,Commission scolaire Kativik,Commission scolaire Kativik en association avec la Société québécoise des infrastructures,Éducation,Éducation et culture,10 – Nord-du-Québec,École primaire ou secondaire de la commission scolaire Kativik,Quaqtaq,Bonification
701,Bâtiment administratif de la commission scolaire Kativik – Nord-du-Québec – Construction,Le projet consiste en la construction d’un bâtiment administratif sur le territoire de la commission scolaire de Kativik afin de rapatrier l’ensemble des activités administratives sur le territoire nordique.,,,,,,En planification,"Mars 2021_x000D_
Le projet a été autorisé à l’étape « En planification ».",Ministre de l’Éducation,Commission scolaire Kativik,Commission scolaire Kativik,Éducation,Éducation et culture,10 – Nord-du-Québec,Bâtiment administratif de la commission scolaire Kativik,Nord-du-Québec,Construction
702,Pavillon Sainte-Croix du centre de services scolaire de Laval (projet Cunard) – Reconstruction_x000D_,"Le projet consiste en la démolition du pavillon Sainte-Croix sur le territoire du centre de services scolaire de Laval afin de construire de deux gymnases superposés qui permettra de relier le bâtiment Les Berges, édifice 2 et l’école Alphonse-Desjardins._x000D_",22100000,22100000,0,,2022-08-31,En réalisation,"Mars 2022_x000D_
Le projet a été autorisé à l’étape « En réalisation ». Le projet « Écoles secondaires du centre de services scolaire de Laval (projet Cunard) – Démolition, reconstruction et réaménagement » a été scindé en trois projets distincts. Ainsi, le projet  « 702 - Pavillon Sainte-Croix du centre de services scolaire de Laval (projet Cunard) – Démolition et reconstruction » est maintenant en « En réalisation » et les projets : « Acquisition de l’Édifice Cunard » et « Réaménagement des bâtiments Les Berges 1 et 2 » ne seront pas publiés au Tableau de bord puisque le coût total estimé de chacun de ces projets est dorénavant en deçà du seuil de 20,0 M$._x000D_
Mars 2021_x000D_
Le projet a été autorisé à l’étape « En planification ».",Ministre de l’Éducation,Centre de services scolaire de Laval,Centre de services scolaire de Laval,Éducation,Éducation et culture,13 – Laval,Pavillon Sainte-Croix du centre de services scolaire de Laval,Laval,"Démolition, reconstruction et réaménagement"
703,École Cunard du centre de services scolaire de Laval – Réaménagement,"Le projet consiste au réaménagement de l’édifice Cunard du centre de services scolaire de Laval afin de relocaliser dans un même bâtiment, plusieurs programmes de formation professionnelle et la formation générale des adultes qui sont actuellement répartis sur le territoire du centre de service. Il fait partie d’un ensemble de projets ayant pour but de créer 2 150 places-élèves afin de réduire le déficit d’espace reconnu par le Ministère.",66700000,65000000,1700000,,2023-08-31,En réalisation,"Mars 2022_x000D_
Le projet a été autorisé à l’étape « En réalisation »._x000D_
Mars 2021_x000D_
Le projet a été autorisé à l’étape « En planification ».",Ministre de l’Éducation,Centre de services scolaire de Laval,Centre de services scolaire de Laval,Éducation,Éducation et culture,13 – Laval,École Cunard du centre de services scolaire de Laval,Laval,Réaménagement
704,Centre de formation professionnelle du centre de services scolaire de Laval – Construction,"Le projet consiste en la construction d’un centre de formation professionnelle en métallurgie à Laval, sur le territoire du centre de services scolaire de Laval. Ce projet permettra d’ajouter 200 places-élèves afin de répondre aux besoins en formation professionnelle.",29700000,29700000,0,,2023-08-31,En réalisation,"Mars 2022_x000D_
Le projet a été autorisé à l’étape « En réalisation »._x000D_
Mars 2021_x000D_
Le projet a été autorisé à l’étape « En planification ».",Ministre de l’Éducation,Centre de services scolaire de Laval,Centre de services scolaire de Laval,Éducation,Éducation et culture,13 – Laval,Centre de formation professionnelle du centre de services scolaire de Laval,Laval,Construction
705,École primaire Coursol du centre de services scolaire de Laval – Reconstruction et agrandissement,"Le projet consiste en la démolition, la reconstruction et l’agrandissement de l’école primaire Coursol à Laval, sur le territoire du centre de services scolaire de Laval. Afin de réduire le déficit d’espace reconnu par le Ministère, deux classes de maternelle 4 ans, deux d’éducation préscolaire, douze d’enseignement primaire et quatre d’éducation spécialisée sont prévues.",,,,,,En planification,"Mars 2021_x000D_
Le projet a été autorisé à l’étape « En planification ».",Ministre de l’Éducation,Centre de services scolaire de Laval,Centre de services scolaire de Laval,Éducation,Éducation et culture,13 – Laval,École primaire Coursol du centre de services scolaire de Laval,Laval,Reconstruction et agrandissement
706,École primaire du centre de services scolaire des Affluents (3 anciennes écoles) – Charlemagne – Reconstruction,"Le projet consiste en la démolition des écoles La Passerelle, Sainte-Marie-des-Anges et Saint-Jude, sur le territoire du centre de services scolaire des Affluents et en la reconstruction d’une seule grande école à Charlemagne. Trois classes d’éducation préscolaire et vingt-quatre d’enseignement primaire sont prévues.",,,,,,En planification,"Mars 2021_x000D_
Le projet a été autorisé à l’étape « En planification ».",Ministre de l’Éducation,Centre de services scolaire des Affluents,Centre de services scolaire des Affluents,Éducation,Éducation et culture,14 – Lanaudière,École primaire du centre de services scolaire des Affluents,Charlemagne,Reconstruction
707,École primaire Sainte-Thérèse-de-l’Enfant-Jésus du centre de services scolaire de la Rivière-du-Nord – Saint-Jérôme – Reconstruction et agrandissement,"Le projet consiste en la démolition, la reconstruction et l’agrandissement de l’école primaire Sainte-Thérèse-de-l’Enfant-Jésus à Saint-Jérôme, sur le territoire du centre de services scolaire de la Rivière-du-Nord. Afin de réduire le déficit d’espace reconnu par le Ministère, deux classes de maternelle 4 ans, trois d’éducation préscolaire et vingt d’enseignement primaire sont prévues.",,,,,,En planification,"Mars 2021_x000D_
Le projet a été autorisé à l’étape « En planification ».",Ministre de l’Éducation,Centre de services scolaire de la Rivière-du-Nord,Centre de services scolaire de la Rivière-du-Nord,Éducation,Éducation et culture,15 – Laurentides,École primaire Sainte-Thérèse-de-l’Enfant-Jésus du centre de services scolaire de la Rivière-du-Nord,Saint-Jérôme,Reconstruction et agrandissement
708,École primaire du centre de services scolaire des Mille-Îles – Sainte-Anne-des-Plaines – Reconstruction,"Le projet consiste en la démolition et la reconstruction du pavillon Saint-François de l’école secondaire du Harfang, en école primaire, à Sainte-Anne-des-Plaines, sur le territoire du centre de services scolaire des Mille-Îles. Afin de réduire le déficit d’espace reconnu par le Ministère, vingt et une classes d’enseignement primaire sont prévues.",,,,,,En planification,"Mars 2021_x000D_
Le projet a été autorisé à l’étape « En planification ».",Ministre de l’Éducation,Centre de services scolaire des Mille-Îles,Centre de services scolaire des Mille-Îles,Éducation,Éducation et culture,15 – Laurentides,École primaire du centre de services scolaire des Mille-Îles ,Sainte-Anne-des-Plaines,Reconstruction
709,École primaire Terre-des-Jeunes du centre de services scolaire des Mille-Îles – Saint-Eustache – Reconstruction,"Le projet consiste en la démolition et la reconstruction de l’école primaire Terre-des-Jeunes à Saint-Eustache, sur le territoire du centre de services des Mille-Îles. Afin de réduire le déficit d’espace reconnu par le Ministère, trois classes d’éducation préscolaire et seize classes d’enseignement primaire sont prévues.",,,,,,En planification,"Mars 2021_x000D_
Le projet a été autorisé à l’étape « En planification ».",Ministre de l’Éducation,Centre de services scolaire des Mille-Îles,Centre de services scolaire des Mille-Îles,Éducation,Éducation et culture,15 – Laurentides,École primaire Terre-des-Jeunes du centre de services scolaire des Mille-Îles,Saint-Eustache,Reconstruction
710,École primaire Terre-Soleil du centre de services scolaire des Mille-Îles – Sainte-Thérèse – Reconstruction,"Le projet consiste en la démolition et la reconstruction de l’école Terre-Soleil, à Sainte-Thérèse, sur le territoire du centre de services scolaire des Mille-Îles. Afin de réduire le déficit d’espace reconnu par le Ministère, sept classes d’éducation préscolaire et seize classes d’enseignement primaire dont quatre nouvelles classes d’éducation préscolaire sont prévues.",,,,,,En planification,"Mars 2021_x000D_
Le projet a été autorisé à l’étape « En planification ».",Ministre de l’Éducation,Centre de services scolaire des Mille-Îles,Centre de services scolaire des Mille-Îles,Éducation,Éducation et culture,15 – Laurentides,École primaire Terre-Soleil du centre de services scolaire des Mille-Îles,Sainte-Thérèse,Reconstruction
711,Immeuble Quinn du centre de services scolaire Marie-Victorin – Longueuil – Reconstruction et agrandissement,"Le projet consiste en la démolition, la reconstruction et l’agrandissement de l’immeuble Quinn à Longueuil, sur le territoire du centre de services scolaire Marie-Victorin. Afin de réduire le déficit d’espace reconnu par le Ministère, une classe de maternelle 4 ans, trois d’éducation préscolaire et dix-huit d’enseignement primaire sont prévues.",,,,,,En planification,"Mars 2021_x000D_
Le projet a été autorisé à l’étape « En planification ».",Ministre de l’Éducation,Centre de services scolaire Marie-Victorin,Centre de services scolaire Marie-Victorin,Éducation,Éducation et culture,16 – Montérégie,Immeuble Quinn du centre de services scolaire Marie-Victorin,Longueuil,Reconstruction et agrandissement
712,École primaire Notre-Dame du centre de services scolaire des Patriotes – Otterburn Park – Reconstruction et agrandissement,"Le projet consiste en la démolition des écoles primaires Notre-Dame 1 et 2 afin d’en faire une seule école à Otterburn Park, sur le territoire du centre de services scolaire des Patriotes. Afin de réduire le déficit d’espace reconnu par le Ministère, quatre classes de maternelle 4 ans, quatre d’éducation préscolaire et vingt-quatre d’enseignement primaire sont prévues.",,,,,,En planification,"Mars 2021_x000D_
Le projet a été autorisé à l’étape « En planification ».",Ministre de l’Éducation,Centre de services scolaire des Patriotes,Centre de services scolaire des Patriotes,Éducation,Éducation et culture,16 – Montérégie,Écoles primaires Notre-Dame 1 et 2,Otterburn Park,Reconstruction et agrandissement
713,Pont du Boys Farm sur la route 117 – Prévost – Reconstruction,Le projet consiste en la réfection de la structure du pont du Boys Farm au-dessus de la Rivière-du-Nord sur la route 117 à Prévost. Les travaux consistent en la démolition et la reconstruction complète de la structure.,,,,,,En planification,"Mars 2021_x000D_
Le projet a été autorisé à l’étape « En planification ».",Ministre des Transports,Ministère des Transports,Ministère des Transports,Réseau routier,Économie et environnement,15 – Laurentides,Pont du Boys Farm,Prévost,Reconstruction
714,Pont de la route 132 au-dessus de la rivière Rimouski – Rimouski – Réfection,Le projet vise à maintenir et prolonger la durée de vie du pont actuel qui est situé dans un secteur névralgique de la ville de Rimouski.,30300000,30300000,0,2023-10-27,2024-09-20,En réalisation,"Mars 2022_x000D_
Le projet a été autorisé à l’étape « En réalisation »._x000D_
Mars 2021_x000D_
Le projet a été autorisé à l’étape « En planification ».",Ministre des Transports,Ministère des Transports,Ministère des Transports,Réseau routier,Économie et environnement,01 – Bas-Saint-Laurent,Pont de la route 132,Rimouski,Réfection
715,"Route 199, divers secteurs – Îles-de-la-Madeleine – Réfection","Le projet vise à construire des ouvrages de protection des berges dans divers secteurs de la route 199, lourdement affectés à la suite de la tempête de septembre 2019 (ouragan Dorian) aux Îles-de-la-Madeleine. Les travaux consistent à faire de l’empierrement et du rechargement de plage.",17700000,17700000,0,2019-09-30,2023-12-31,En service,"Mars 2022_x000D_
Une baisse de 21,8 M$ au coût du projet a été autorisée. Initialement prévu à 39,4 M$, le coût est maintenant de 17,6 M$. De plus, La modification de la date de la mise en service a été autorisée. Initialement prévue en septembre 2023, elle est reportée à décembre 2023._x000D_
Mars 2021_x000D_
La mise en service partielle de l’infrastructure a été autorisée au cours de l’année financière 2020-2021.",Ministre des Transports,Ministère des Transports,Ministère des Transports,Réseau routier,Économie et environnement,11 – Gaspésie–Îles-de-la-Madeleine,Route 199,Îles-de-la-Madeleine,Réfection
716,"Gare Lucien-L’Allier d’exo, quais – Montréal – Reconstruction","Le projet prévoit la reconstruction des quatre quais de la gare Lucien-L’Allier qui sont à la fin de leur vie utile, la mise aux normes des systèmes et des infrastructures, ainsi que l’ajout d’une marquise modulable pour améliorer l’expérience des clients.",,,,,,En planification,"Mars 2021_x000D_
Le projet a été autorisé à l’étape « En planification ».",Ministre des Transports,Exo,Exo,Transport collectif,Économie et environnement,06 – Montréal,Gare Lucien-L’Allier d’exo,Montréal,Reconstruction
722,Avion de transports sanitaire – Régions administratives du Québec – Acquisition et aménagement,Le projet consiste en l’acquisition et à l’aménagement d’un avion destiné au service de transport sanitaire aérien. Cet avion sera aménagé et équipé pour les besoins du ministère de la Santé et des Services sociaux.,,,,,,En planification,"Mai 2021_x000D_
Le nom du projet a été modifié. Il correspond au projet « Avion-ambulance – Régions administratives du Québec – Acquisition et réaménagement » présenté au Plan québécois des infrastructures (PQI) 2021-2031._x000D_
Mars 2021_x000D_
Le projet a été autorisé à l’étape « En planification ».",Ministre des Transports,Ministère des Transports,Ministère des Transports,"Transports maritime, aérien, ferroviaire et autres",Économie et environnement,Plusieurs régions du Québec,Avion de transports sanitaire,Région administratives du Québec,Acquisition et aménagement
724,Bâtiment culturel multifonctionnel – Laval – Construction,"Le projet consiste en la construction d’un bâtiment culturel multifonctionnel qui inclura une bibliothèque et un centre de création artistique professionnelle. La réalisation de ce grand projet viendra, entre autres, redynamiser et bonifier de manière substantielle l’offre du réseau des bibliothèques de la ville.",,,,,,En planification,"Mars 2021_x000D_
Le projet a été autorisé à l’étape « En planification ».",Ministre de la Culture et des Communications,Ville de Laval,Ville de Laval,Culture,Éducation et culture,13 – Laval,Bâtiment culturel multifonctionnel,Laval,Construction
725,Musée de l’Holocauste Montréal – Construction,"Le projet consiste en la construction du nouveau Musée de l’Holocauste Montréal à la suite d’un concours international d’architecture. Le bâtiment sera érigé sur un lot vacant situé au 3535, boulevard Saint-Laurent, à Montréal, et il remplacera également deux constructions existantes situées au 3521 et au 3529, boulevard Saint-Laurent. La nouvelle construction de quatre étages (comprenant un sous-sol), pour un total de 4 180 m² bruts, logera les fonctions du musée. Ce projet répondra au manque d’espace vécu par le musée existant en raison d’une importante croissance de l’achalandage.",,,,,,En planification,"Mars 2021_x000D_
Le projet a été autorisé à l’étape « En planification ».",Ministre de la Culture et des Communications,Musée de l’Holocauste Montréal,Musée de l’Holocauste Montréal,Culture,Éducation et culture,06 – Montréal,Musée de l’Holocauste Montréal,Montréal,Construction
726,"Édifice du 1141, route de l’Église – Québec – Réfection","Le projet consiste à effectuer des travaux qui visent la réfection de l’enveloppe extérieure du bâtiment situé au 1141, route de l’Église, à Québec.",21200000,21200000,0,,2024-01-31,En réalisation,"Juin 2021_x000D_
Le projet a été autorisé à l’étape « En réalisation »._x000D_
Mars 2021_x000D_
Le projet a été autorisé à l’étape « En planification ».",Ministre responsable de l’Administration gouvernementale,Société québécoise des infrastructures,Société québécoise des infrastructures,Administration gouvernementale,Gouverne et justice,03 – Capitale-Nationale,Édifice du 1141 route de l’Église,Québec,Réfection 
728,Station d’épuration des eaux usées – Saint-Hyacinthe – Réfection,"La station d’épuration des eaux usées, de type boues activées avec déphosphatation, a été mise en service en 1987 avec un débit de conception de 45 000 mètres cubes par jour. 
Ce projet vise la réfection de la station par le remplacement des équipements existants montrant des problèmes de désuétudes et l’augmentation de la capacité de la station par l’ajout d’équipement qui permettront de rendre conformes les rejets aqueux aux exigences environnementales du Règlement sur les ouvrages municipaux d’assainissement des eaux usées (ROMAEU). Le projet prévoit notamment l’ajout d’un dessableur, d’un bassin d’aération, d’un décanteur secondaire, d’un processus de désinfection et d’une centrifugeuse.",31500000,12600000,18900000,,2023-12-31,En réalisation,"Mars 2021_x000D_
Le projet a été autorisé à l’étape « En réalisation ».",Ministre des Affaires municipales et de l’Habitation,Ville de Saint-Hyacinthe,Ville de Saint-Hyacinthe,Municipalités,Économie et environnement,16 – Montérégie,Station de traitement des eaux usées,Saint-Hyacinthe,Réfection
729,Maison du loisir et du sport de Saint-Léonard – Montréal – Construction,"Le projet consiste à construire un établissement qui abritera les bureaux de la grande majorité des fédérations sportives québécoises, en plus d’autres organismes à vocation sportive et de loisir dans l’arrondissement de Saint-Léonard à Montréal.",25000000,25000000,0,,2022-12-31,En réalisation,"Mars 2022_x000D_
Le projet a été autorisé à l’étape « En réalisation »._x000D_
Mars 2021_x000D_
Le projet a été autorisé à l’étape « En planification ».",Ministre de l’Éducation,Regroupement loisir et sport du Québec,Regroupement loisir et sport du Québec,Développement du sport,Éducation et culture,06 – Montréal,Maison du loisir et du sport de Saint-Léonard,Montréal,Construction
732,Usine de biométhanisation – Varennes – Agrandissement,"Le projet consiste en l’agrandissement du centre de traitement des matières organiques par biométhanisation, situé dans le parc industriel Novoparc de Varennes. L’installation valorisera des résidus organiques putrescibles d’origine résidentielle ainsi qu’industrielle, commerciale et institutionnelle (ICI). Le projet vise à réduire la quantité de matières organiques destinées à l’élimination des déchets afin de favoriser la réalisation des objectifs environnementaux prévus dans la Politique québécoise de gestion des matières résiduelles. Il vise à réduire également les émissions de gaz à effet de serre afin de contribuer à l’atteinte des objectifs québécois de lutte contre les changements climatiques.",90500000,30800000,59700000,,2023-12-31,En réalisation,"Mars 2022_x000D_
Le projet a été autorisé à l’étape « En réalisation ».",Ministre de l’Environnement et de la Lutte contre les changements climatiques,Société d’Économie Mixte de l’Est de la Couronne Sud inc.,Société d’Économie Mixte de l’Est de la Couronne Sud inc.,Environnement,Économie et environnement,16 – Montérégie,Usine de biométhanisation,Varennes,Agrandissement
733,Usine de biométhanisation – Saint-Étienne-des-Grès – Construction,"Le projet consiste en la mise en place des installations de biométhanisation dans le secteur de la Mauricie, plus précisément dans la municipalité de Saint-Étienne-des-Grès, afin de valoriser l’ensemble des résidus organiques putrescibles générés par la population, c’est-à-dire d’origine résidentielle des municipalités régionales de comté de Maskinongé, de Mékinac et des Chenaux. Les produits résultant de la biométhanisation, un traitement par digestion anaérobie, sont le biogaz, un carburant renouvelable qui remplacera le combustible fossile, et le digestat qui pourront être utilisés par les citoyens et en horticulture. Le projet vise à réduire la quantité de matières organiques destinées à l’élimination des déchets afin de favoriser la réalisation des objectifs environnementaux prévus dans la Politique québécoise de gestion des matières résiduelles. Il vise à réduire également les émissions de gaz à effet de serre afin de contribuer à l’atteinte des objectifs québécois de lutte contre les changements climatiques.",52900000,16500000,36400000,,2024-08-31,En réalisation,"Mars 2022_x000D_
Le projet a été autorisé à l’étape « En réalisation ».",Ministre de l’Environnement et de la Lutte contre les changements climatiques,Énercycle,Énercycle,Environnement,Économie et environnement,04 – Mauricie,Usine de biométhanisation,Saint-Étienne-des-Grès,Construction
734,Réseau de télécommunication par fibre optique – Eeyou (sud-jamésien) – Construction,"Le projet a consisté à construire les réseaux de distribution locaux en fibre optique dans cinq communautés, dont quatre communautés jamésiennes (Matagami, Chapais, Lebel-sur-Quévillon et Chibougamau) et la communauté attikamek de Wemotaci, en Mauricie. De plus, un nouveau réseau de transport en fibre optique a été construit, ce qui rendra la distribution plus résiliente.",21200000,10000000,11200000,2019-07-01,2021-12-01,En service,"Mars 2022_x000D_
La mise en service complète de l’infrastructure a été autorisée au cours de l’année financière 2021-2022. Le projet sera retiré du Tableau de bord lors de la prochaine mise à jour annuelle._x000D_
Mars 2021_x000D_
La mise en service de l’infrastructure a été autorisée au cours de l’année financière 2020-2021.",Ministre de l’Économie et de l’Innovation,Société du Plan Nord,Réseau de communications Eeyou,"Agriculture, forêts, faune et autres",Économie et environnement,04 – Mauricie; 10 – Nord-du-Québec,Réseau de télécommunication,"Matagami, Chapais, Lebel-sur-Quévillon, Chibougamau et Wemotaci",Construction
735,Palais de justice de Longueuil (phase II) – Agrandissement,Le projet consiste en la phase II qui doit faire l’objet d’analyse des besoins et d’une planification selon les projections de l’activité judiciaire associée au palais de justice de Longueuil.,,,,,,En planification,"Mars 2021_x000D_
Le projet a été autorisé à l’étape « En planification ».",Ministre responsable de l’Administration gouvernementale,Ministère de la Justice,Société québécoise des infrastructures,Administration gouvernementale,Gouverne et justice,16 – Montérégie,Palais de justice de Longueuil,Longueuil,Agrandissement
736,École primaire Maribel du centre de services scolaire Beauce-Etchemin – Sainte-Marie – Reconstruction et agrandissement,"Le projet consiste en la démolition, la reconstruction et l’agrandissement de l’école primaire Maribel à Sainte-Marie, sur le territoire du centre de services scolaire Beauce-Etchemin. Afin de réduire le déficit d’espace reconnu par le Ministère, trois classes d’éducation préscolaire et dix-huit d’enseignement primaire sont prévues.",,,,,,En planification,"Mars 2021_x000D_
Le projet a été autorisé à l’étape « En planification ».",Ministre de l’Éducation,Centre de services scolaire de la Beauce-Etchemin,Centre de services scolaire de la Beauce-Etchemin,Éducation,Éducation et culture,12 – Chaudière-Appalaches,École primaire Maribel du centre de services scolaire Beauce-Etchemin,Sainte-Marie,Reconstruction et agrandissement
737,École primaire Saint-Philippe du centre de services scolaire de la Rivière-du-Nord – Brownsburg-Chatham – Reconstruction et agrandissement,"Le projet consiste en la démolition, la reconstruction et l’agrandissement de l’école primaire Saint-Philippe à Brownsburg-Chatham, sur le territoire du centre de services scolaire de la Rivière-du-Nord. Afin de réduire le déficit d’espace reconnu par le Ministère, une classe de maternelle 4 ans, deux d’éducation préscolaire et dix-huit d’enseignement primaire sont prévues.",,,,,,En planification,"Mars 2021_x000D_
Le projet a été autorisé à l’étape « En planification ».",Ministre de l’Éducation,Centre de services scolaire de la Rivière-du-Nord,Centre de services scolaire de la Rivière-du-Nord,Éducation,Éducation et culture,15 – Laurentides,École primaire Saint-Philippe du centre de services scolaire de la Rivière-du-Nord,Brownsburg-Chatham,Reconstruction et agrandissement
738,École secondaire de la Baie Saint-François du centre de services scolaire de la Vallée-des-Tisserands – Salaberry-de-Valleyfield – Agrandissement,"Le projet consiste en l’agrandissement de l’école secondaire de la Baie-Saint-François à Salaberry-de-Valleyfield, sur le territoire du centre de services scolaire de la Vallée-des-Tisserands. Ce projet permettra d’ajouter 698 places-élèves afin de réduire le déficit d’espace reconnu par le Ministère.",57600000,57600000,0,,2023-03-01,En réalisation,"Mars 2022_x000D_
Le projet a été autorisé à l’étape « En réalisation »._x000D_
Mars 2021_x000D_
Le projet a été autorisé à l’étape « En planification ».",Ministre de l’Éducation,Centre de services scolaire de la Vallée-des-Tisserands,Centre de services scolaire de la Vallée-des-Tisserands,Éducation,Éducation et culture,16 – Montérégie,École secondaire de la Baie Saint-François du centre de services scolaire de la Vallée-des-Tisserands,Salaberry-de-Valleyfield,Agrandissement
739,"Parc olympique, espaces touristiques de la Tour – Montréal – Réfection",Le projet consiste à entreprendre la réfection majeure du hall touristique et de l’observatoire de la Tour de Montréal. Les espaces sont désuets et leur rénovation devrait accroître l’achalandage touristique.,36000000,36000000,0,,2023-10-20,En réalisation,"Mars 2022_x000D_
Une hausse de 6,0 M$ au coût du projet a été autorisée. Initialement prévu à 30,0 M$, le coût est maintenant de 36,0 M$. De plus, la modification de la date de la mise en service a été autorisée. Initialement prévue en mai 2023, elle est reportée à octobre 2023._x000D_
Mars 2021_x000D_
Le projet a été autorisé à l’étape « En réalisation ».",Ministre du Tourisme,Parc olympique,Parc olympique,Tourisme et activités récréatives,Économie et environnement,06 – Montréal,Parc olympique,Montréal,Réfection
740,"Parc olympique, espaces locatifs – Montréal – Réfection","Le projet consiste à entreprendre la réfection majeure des anciens bureaux administratifs du 4141, avenue Pierre-De Coubertin pour les aménager en locaux à vocation commerciale de proximité.",,,,,,En planification,"Mars 2021_x000D_
Le projet a été autorisé à l’étape « En planification ».",Ministre du Tourisme,Parc olympique,Parc olympique,Tourisme et activités récréatives,Économie et environnement,06 – Montréal,Parc olympique,Montréal,Réfection
743,École primaire Marguerite-Bourgeois du centre de services scolaire du Chemin-du-Roy – Trois-Rivières – Reconstruction et agrandissement,"Le projet consiste en la démolition, la reconstruction et l’agrandissement de l’école primaire Marguerite-Bourgeois à Trois-Rivières, sur le territoire du centre de services scolaire du Chemin-du-Roy. Afin de réduire le déficit d’espace reconnu par le Ministère, une classe de maternelle 4 ans, trois d’éducation préscolaire et douze d’enseignement primaire sont prévues.",,,,,,En planification,"Mars 2021_x000D_
Le projet a été autorisé à l’étape « En planification ».",Ministre de l’Éducation,Centre de services scolaire du Chemin-du-Roy,Centre de services scolaire du Chemin-du-Roy,Éducation,Éducation et culture,04 – Mauricie,École primaire Marguerite-Bourgeois du centre de services scolaire du Chemin-du-Roy,Trois-Rivières,Reconstruction et agrandissement
744,Maisons des aînés et alternatives – Saguenay–Lac-Saint-Jean – Construction,"Les projets de maisons des aînés et alternatives permettront d’offrir aux résidents un milieu de vie à dimension humaine, climatisé et comportant des chambres individuelles avec toilette et douche adaptée pour chaque résident. Ce nouveau type d’hébergement, qui rappellera davantage un domicile, favorisera les contacts humains ainsi qu’un mode de vie plus actif, entre autres grâce à un accès à des espaces extérieurs aménagés et à des installations mieux adaptées aux besoins des proches aidants. Cette transformation sera aussi bénéfique pour le personnel qui travaille dans ces milieux, et contribuera d’ailleurs à l’attractivité et à la rétention de cette main-d’œuvre._x000D_
Le projet prévoit la construction de nouveaux bâtiments dans les villes de Saguenay dans l’arrondissement de Chicoutimi (120 places), d’Alma (120 places) et de Roberval (120 places).",221600000,221600000,0,,2022-09-01,En réalisation,"Juillet 2020_x000D_
Le projet a été autorisé à l’étape « En réalisation ».",Ministre de la Santé et des Services sociaux,Centre intégré universitaire de santé et de services sociaux du Saguenay–Lac-Saint-Jean,Société québécoise des infrastructures,Santé et Services sociaux,Santé et Services sociaux,02 – Saguenay–Lac-Saint-Jean,Maisons des aînés et alternatives,Saguenay–Lac-Saint-Jean,Construction
745,Maisons des aînés et alternatives – Capitale-Nationale – Construction,"Les projets de maisons des aînés et alternatives permettront d’offrir aux résidents un milieu de vie à dimension humaine, climatisé et comportant des chambres individuelles avec toilette et douche adaptée pour chaque résident. Ce nouveau type d’hébergement, qui rappellera davantage un domicile, favorisera les contacts humains ainsi qu’un mode de vie plus actif, entre autres grâce à un accès à des espaces extérieurs aménagés et à des installations mieux adaptées aux besoins des proches aidants. Cette transformation sera aussi bénéfique pour le personnel qui travaille dans ces milieux, et contribuera d’ailleurs à l’attractivité et à la rétention de cette main-d’œuvre._x000D_
Le projet prévoit la construction de nouveaux bâtiments dans les villes de Pont-Rouge (48 places), de St-Hilarion (48 places) et de Québec dans l’arrondissement Sainte-Foy–Sillery–Cap-Rouge (96 places) et dans l’arrondissement des Rivières (96 places).",207900000,207900000,0,,2022-09-01,En réalisation,"Mars 2022_x000D_
Une baisse de 0,4 M$ au coût du projet a été autorisée. Initialement prévu à 208,3 M$, le coût est maintenant de 207,9 M$._x000D_
Juillet 2020_x000D_
Le projet a été autorisé à l’étape « En réalisation ».",Ministre de la Santé et des Services sociaux,Centre intégré universitaire de santé et de services sociaux de la Capitale-Nationale,Société québécoise des infrastructures,Santé et Services sociaux,Santé et Services sociaux,03 – Capitale-Nationale,Maisons des aînés et alternatives,Capitale-Nationale,Construction
746,Maisons des aînés et alternatives – Mauricie et Centre-du-Québec – Construction,"Les projets de maisons des aînés et alternatives permettront d’offrir aux résidents un milieu de vie à dimension humaine, climatisé et comportant des chambres individuelles avec toilette et douche adaptée pour chaque résident. Ce nouveau type d’hébergement, qui rappellera davantage un domicile, favorisera les contacts humains ainsi qu’un mode de vie plus actif, entre autres grâce à un accès à des espaces extérieurs aménagés et à des installations mieux adaptées aux besoins des proches aidants. Cette transformation sera aussi bénéfique pour le personnel qui travaille dans ces milieux, et contribuera d’ailleurs à l’attractivité et à la rétention de cette main-d’œuvre._x000D_
Le projet prévoit la construction de nouveaux bâtiments dans les villes de Victoriaville (72 places), de Drummondville (72 places) et de Trois-Rivières (96 places).",163900000,163900000,0,,2022-09-01,En réalisation,"Juillet 2020_x000D_
Le projet a été autorisé à l’étape « En réalisation ».",Ministre de la Santé et des Services sociaux,Centre intégré universitaire de santé et de services sociaux de la Mauricie-et-du-Centre-du-Québec,Société québécoise des infrastructures,Santé et Services sociaux,Santé et Services sociaux,04 – Mauricie; 17 – Centre-du-Québec,Maisons des aînés et alternatives,Mauricie et Centre-du-Québec,Construction
747,Maisons des aînés et alternatives – Estrie – Construction,"Les projets de maisons des aînés et alternatives permettront d’offrir aux résidents un milieu de vie à dimension humaine, climatisé et comportant des chambres individuelles avec toilette et douche adaptée pour chaque résident. Ce nouveau type d’hébergement, qui rappellera davantage un domicile, favorisera les contacts humains ainsi qu’un mode de vie plus actif, entre autres grâce à un accès à des espaces extérieurs aménagés et à des installations mieux adaptées aux besoins des proches aidants. Cette transformation sera aussi bénéfique pour le personnel qui travaille dans ces milieux, et contribuera d’ailleurs à l’attractivité et à la rétention de cette main-d’œuvre._x000D_
Le projet prévoit la construction de nouveaux bâtiments dans les villes de Magog (48 places), de Sherbrooke (120 places), de Granby (48 places) et de Coaticook (148 places).",184700000,184700000,0,,2022-09-01,En réalisation,"Juillet 2020_x000D_
Le projet a été autorisé à l’étape « En réalisation ».",Ministre de la Santé et des Services sociaux,Centre intégré universitaire de santé et de services sociaux de l’Estrie - Centre hospitalier universitaire de Sherbrooke,Société québécoise des infrastructures,Santé et Services sociaux,Santé et Services sociaux,05 – Estrie,Maisons des aînés et alternatives,Estrie,Construction
748,Maisons alternatives – Montréal – Construction,"Les projets de maisons alternatives construites dans l’agglomération de Montréal permettront d’offrir aux résidents un milieu de vie à dimension humaine, climatisé et comportant des chambres individuelles avec toilette et douche adaptée pour chaque résident. Ce nouveau type d’hébergement, qui rappellera davantage un domicile, favorisera les contacts humains ainsi qu’un mode de vie plus actif, entre autres grâce à un accès à des espaces extérieurs aménagés et à des installations mieux adaptées aux besoins des proches aidants. Cette transformation sera aussi bénéfique pour le personnel qui travaille dans ces milieux, et contribuera d’ailleurs à l’attractivité et à la rétention de cette main-d’œuvre._x000D_
Le projet prévoit la construction de nouveaux bâtiments dans la ville de Dorval (72 places) et dans l’arrondissement de Rivière-des-Prairies–Pointe-aux-Trembles (72 places) de la ville de Montréal.",96100000,96100000,0,,2022-09-01,En réalisation,"Juillet 2020_x000D_
Le projet a été autorisé à l’étape « En réalisation ».",Ministre de la Santé et des Services sociaux,Centre intégré universitaire de santé et de services sociaux de l’Ouest-de-l’Île-de-Montréal et le Centre intégré universitaire de santé et de services sociaux du Nord-de-l’Île-de-Montréal,Société québécoise des infrastructures,Santé et Services sociaux,Santé et Services sociaux,06 – Montréal,Maisons alternatives,Montréal,Construction
749,Maisons des aînés et alternatives – Outaouais – Construction,"Les projets de maisons des aînés et alternatives permettront d’offrir aux résidents un milieu de vie à dimension humaine, climatisé et comportant des chambres individuelles avec toilette et douche adaptée pour chaque résident. Ce nouveau type d’hébergement, qui rappellera davantage un domicile, favorisera les contacts humains ainsi qu’un mode de vie plus actif, entre autres grâce à un accès à des espaces extérieurs aménagés et à des installations mieux adaptées aux besoins des proches aidants. Cette transformation sera aussi bénéfique pour le personnel qui travaille dans ces milieux, et contribuera d’ailleurs à l’attractivité et à la rétention de cette main-d’œuvre._x000D_
Le projet prévoit la construction de deux nouveaux bâtiments de 72 places chacune dans la ville de Gatineau.",98000000,98000000,0,,2022-09-01,En réalisation,"Juillet 2020_x000D_
Le projet a été autorisé à l’étape « En réalisation ».",Ministre de la Santé et des Services sociaux,Centre intégré de santé et de services sociaux de l’Outaouais,Société québécoise des infrastructures,Santé et Services sociaux,Santé et Services sociaux,07 – Outaouais,Maisons des aînés et alternatives,Outaouais,Construction
750,Maisons des aînés et alternatives – Abitibi-Témiscamingue – Construction,"Les projets de maisons des aînés et alternatives permettront d’offrir aux résidents un milieu de vie à dimension humaine, climatisé et comportant des chambres individuelles avec toilette et douche adaptée pour chaque résident. Ce nouveau type d’hébergement, qui rappellera davantage un domicile, favorisera les contacts humains ainsi qu’un mode de vie plus actif, entre autres grâce à un accès à des espaces extérieurs aménagés et à des installations mieux adaptées aux besoins des proches aidants. Cette transformation sera aussi bénéfique pour le personnel qui travaille dans ces milieux, et contribuera d’ailleurs à l’attractivité et à la rétention de cette main-d’œuvre._x000D_
Le projet prévoit la construction de nouvelles installations dans les villes de Val-d’Or (48 places) et de Rouyn-Noranda (48 places).",83500000,83500000,0,,2022-09-01,En réalisation,"Juillet 2020_x000D_
Le projet a été autorisé à l’étape « En réalisation ».",Ministre de la Santé et des Services sociaux,Centre intégré de santé et de services sociaux de l’Abitibi-Témiscamingue,Société québécoise des infrastructures,Santé et Services sociaux,Santé et Services sociaux,08 – Abitibi-Témiscamingue,Maisons des aînés et alternatives,Abitibi-Témiscamingue,Construction
751,Maisons des aînés et alternatives – Côte–Nord – Construction,"Les projets de maisons des aînés et alternatives permettront d’offrir aux résidents un milieu de vie à dimension humaine, climatisé et comportant des chambres individuelles avec toilette et douche adaptée pour chaque résident. Ce nouveau type d’hébergement, qui rappellera davantage un domicile, favorisera les contacts humains ainsi qu’un mode de vie plus actif, entre autres grâce à un accès à des espaces extérieurs aménagés et à des installations mieux adaptées aux besoins des proches aidants. Cette transformation sera aussi bénéfique pour le personnel qui travaille dans ces milieux, et contribuera d’ailleurs à l’attractivité et à la rétention de cette main-d’œuvre._x000D_
Le projet prévoit la construction de nouvelles installations dans les villes de Baie-Comeau (48 places) et de Havre-Saint-Pierre (48 places).",98500000,98500000,0,,2022-09-01,En réalisation,"Juillet 2020_x000D_
Le projet a été autorisé à l’étape « En réalisation ».",Ministre de la Santé et des Services sociaux,Centre intégré de santé et de services sociaux de la Côte-Nord,Société québécoise des infrastructures,Santé et Services sociaux,Santé et Services sociaux,09 – Côte-Nord,Maisons des aînés et alternatives,Côte–Nord,Construction
752,Maisons des aînés et alternatives – Chaudière-Appalaches – Construction,"Les projets de maisons des aînés et alternatives permettront d’offrir aux résidents un milieu de vie à dimension humaine, climatisé et comportant des chambres individuelles avec toilette et douche adaptée pour chaque résident. Ce nouveau type d’hébergement, qui rappellera davantage un domicile, favorisera les contacts humains ainsi qu’un mode de vie plus actif, entre autres grâce à un accès à des espaces extérieurs aménagés et à des installations mieux adaptées aux besoins des proches aidants. Cette transformation sera aussi bénéfique pour le personnel qui travaille dans ces milieux, et contribuera d’ailleurs à l’attractivité et à la rétention de cette main-d’œuvre._x000D_
Le projet prévoit la construction de nouveaux bâtiments dans les villes de Lévis (120 places), de Thetford Mines, secteur Black Lake (72 places) et de Saint-Martin (Beauce) (48 places).",154300000,154300000,0,,2022-09-01,En réalisation,"Juillet 2020_x000D_
Le projet a été autorisé à l’étape « En réalisation ».",Ministre de la Santé et des Services sociaux,Centre intégré de santé et de services sociaux de Chaudière-Appalaches,Société québécoise des infrastructures,Santé et Services sociaux,Santé et Services sociaux,12 – Chaudière-Appalaches,Maisons des aînés et alternatives,Chaudière-Appalaches,Construction
753,Maisons des aînés et alternatives – Laval – Construction,"Les projets de maisons des aînés et alternatives permettront d’offrir aux résidents un milieu de vie à dimension humaine, climatisé et comportant des chambres individuelles avec toilette et douche adaptée pour chaque résident. Ce nouveau type d’hébergement, qui rappellera davantage un domicile, favorisera les contacts humains ainsi qu’un mode de vie plus actif, entre autres grâce à un accès à des espaces extérieurs aménagés et à des installations mieux adaptées aux besoins des proches aidants. Cette transformation sera aussi bénéfique pour le personnel qui travaille dans ces milieux, et contribuera d’ailleurs à l’attractivité et à la rétention de cette main-d’œuvre._x000D_
Le projet prévoit la construction de deux bâtiments dans la ville de Laval, respectivement de 96 et 72 places.",117700000,117700000,0,,2022-09-01,En réalisation,"Juillet 2020_x000D_
Le projet a été autorisé à l’étape « En réalisation ».",Ministre de la Santé et des Services sociaux,Centre intégré de santé et de services sociaux de Laval,Société québécoise des infrastructures,Santé et Services sociaux,Santé et Services sociaux,13 – Laval,Maisons des aînés et alternatives,Laval,Construction
754,Maisons des aînés et alternatives – Lanaudière – Construction,"Les projets de maisons des aînés et alternatives permettront d’offrir aux résidents un milieu de vie à dimension humaine, climatisé et comportant des chambres individuelles avec toilette et douche adaptée pour chaque résident. Ce nouveau type d’hébergement, qui rappellera davantage un domicile, favorisera les contacts humains ainsi qu’un mode de vie plus actif, entre autres grâce à un accès à des espaces extérieurs aménagés et à des installations mieux adaptées aux besoins des proches aidants. Cette transformation sera aussi bénéfique pour le personnel qui travaille dans ces milieux, et contribuera d’ailleurs à l’attractivité et à la rétention de cette main-d’œuvre._x000D_
Le projet prévoit la construction de nouveaux bâtiments dans les villes de Mascouche (48 places), de Repentigny (48 places) et de l’Assomption (48 places).",121500000,121500000,0,,2022-09-01,En réalisation,"Juillet 2020_x000D_
Le projet a été autorisé à l’étape « En réalisation ».",Ministre de la Santé et des Services sociaux,Centre intégré de santé et de services sociaux de Lanaudière,Société québécoise des infrastructures,Santé et Services sociaux,Santé et Services sociaux,14 – Lanaudière,Maisons des aînés et alternatives,Lanaudière,Construction
755,Maisons des aînés et alternatives – Laurentides – Construction,"Les projets de maisons des aînés et alternatives permettront d’offrir aux résidents un milieu de vie à dimension humaine, climatisé et comportant des chambres individuelles avec toilette et douche adaptée pour chaque résident. Ce nouveau type d’hébergement, qui rappellera davantage un domicile, favorisera les contacts humains ainsi qu’un mode de vie plus actif, entre autres grâce à un accès à des espaces extérieurs aménagés et à des installations mieux adaptées aux besoins des proches aidants. Cette transformation sera aussi bénéfique pour le personnel qui travaille dans ces milieux, et contribuera d’ailleurs à l’attractivité et à la rétention de cette main-d’œuvre._x000D_
Le projet prévoit la construction de nouveaux bâtiments dans les villes de Sainte-Anne-des-Plaines (48 places), de Mirabel (72 places), de Prévost (48 places), de Blainville (72 places) et de Sainte-Agathe-des-Monts (48 places).",214300000,214300000,0,,2022-09-01,En réalisation,"Juillet 2020_x000D_
Le projet a été autorisé à l’étape « En réalisation ».",Ministre de la Santé et des Services sociaux,Centre intégré de santé et de services sociaux des Laurentides,Société québécoise des infrastructures,Santé et Services sociaux,Santé et Services sociaux,15 – Laurentides,Maisons des aînés et alternatives,Laurentides,Construction
756,Maisons des aînés et alternatives – Montérégie-Ouest – Construction,"Les projets de maisons des aînés et alternatives permettront d’offrir aux résidents un milieu de vie à dimension humaine, climatisé et comportant des chambres individuelles avec toilette et douche adaptée pour chaque résident. Ce nouveau type d’hébergement, qui rappellera davantage un domicile, favorisera les contacts humains ainsi qu’un mode de vie plus actif, entre autres grâce à un accès à des espaces extérieurs aménagés et à des installations mieux adaptées aux besoins des proches aidants. Cette transformation sera aussi bénéfique pour le personnel qui travaille dans ces milieux, et contribuera d’ailleurs à l’attractivité et à la rétention de cette main-d’œuvre._x000D_
Le projet prévoit la construction de nouveaux bâtiments dans les villes de Châteauguay (120 places) et de Salaberry-de-Valleyfield (96 places).",136700000,136700000,0,,2022-09-01,En réalisation,"Juillet 2020_x000D_
Le projet a été autorisé à l’étape « En réalisation ».",Ministre de la Santé et des Services sociaux,Centre intégré de santé et de services sociaux de la Montérégie-Ouest,Société québécoise des infrastructures,Santé et Services sociaux,Santé et Services sociaux,16 – Montérégie,Maisons des aînés et alternatives,Montérégie-Ouest,Construction
757,Maisons des aînés et alternatives – Montérégie-Centre – Construction,"Les projets de maisons des aînés et alternatives permettront d’offrir aux résidents un milieu de vie à dimension humaine, climatisé et comportant des chambres individuelles avec toilette et douche adaptée pour chaque résident. Ce nouveau type d’hébergement, qui rappellera davantage un domicile, favorisera les contacts humains ainsi qu’un mode de vie plus actif, entre autres grâce à un accès à des espaces extérieurs aménagés et à des installations mieux adaptées aux besoins des proches aidants. Cette transformation sera aussi bénéfique pour le personnel qui travaille dans ces milieux, et contribuera d’ailleurs à l’attractivité et à la rétention de cette main-d’œuvre._x000D_
Le projet prévoit la construction de nouveaux bâtiments dans les villes de Saint-Jean-sur-Richelieu (192 places) et une dans la ville de Carignan (96 places).",166400000,166400000,0,,2022-09-01,En réalisation,"Juillet 2020_x000D_
Le projet a été autorisé à l’étape « En réalisation ».",Ministre de la Santé et des Services sociaux,Centre intégré de santé et de services sociaux de la Montérégie-Centre,Société québécoise des infrastructures,Santé et Services sociaux,Santé et Services sociaux,16 – Montérégie,Maisons des aînés et alternatives,Montérégie-Centre,Construction
758,Maisons des aînés et alternatives – Montérégie-Est – Construction,"Les projets de maisons des aînés et alternatives permettront d’offrir aux résidents un milieu de vie à dimension humaine, climatisé et comportant des chambres individuelles avec toilette et douche adaptée pour chaque résident. Ce nouveau type d’hébergement, qui rappellera davantage un domicile, favorisera les contacts humains ainsi qu’un mode de vie plus actif, entre autres grâce à un accès à des espaces extérieurs aménagés et à des installations mieux adaptées aux besoins des proches aidants. Cette transformation sera aussi bénéfique pour le personnel qui travaille dans ces milieux, et contribuera d’ailleurs à l’attractivité et à la rétention de cette main-d’œuvre._x000D_
Le projet prévoit la construction de nouvelles installations dans les villes de Saint-Amable (72 places), de Longueuil (72 places) et de Beloeil (96 places).",163300000,163300000,0,,2022-09-01,En réalisation,"Juillet 2020_x000D_
Le projet a été autorisé à l’étape « En réalisation ».",Ministre de la Santé et des Services sociaux,Centre intégré de santé et de services sociaux de la Montérégie-Est,Société québécoise des infrastructures,Santé et Services sociaux,Santé et Services sociaux,16 – Montérégie,Maisons des aînés et alternatives,Montérégie-Est,Construction
759,Maisons des aînés et alternatives – Bas-Saint-Laurent – Construction,"Les projets de maisons des aînés et alternatives permettront d’offrir aux résidents un milieu de vie à dimension humaine, climatisé et comportant des chambres individuelles avec toilette et douche adaptée pour chaque résident. Ce nouveau type d’hébergement, qui rappellera davantage un domicile, favorisera les contacts humains ainsi qu’un mode de vie plus actif, entre autres grâce à un accès à des espaces extérieurs aménagés et à des installations mieux adaptées aux besoins des proches aidants. Cette transformation sera aussi bénéfique pour le personnel qui travaille dans ces milieux, et contribuera d’ailleurs à l’attractivité et à la rétention de cette main-d’œuvre._x000D_
Le projet prévoit la construction de nouvelles installations dans les villes de Rimouski (72 places) et de Rivière-du-Loup (120 places).",127200000,127200000,0,,2022-09-01,En réalisation,"Juillet 2020_x000D_
Le projet a été autorisé à l’étape « En réalisation ».",Ministre de la Santé et des Services sociaux,Centre intégré de santé et de services sociaux du Bas-Saint-Laurent,Société québécoise des infrastructures,Santé et Services sociaux,Santé et Services sociaux,01 – Bas-Saint-Laurent,Maisons des aînés et alternatives,Bas-Saint-Laurent,Construction
760,Maison des aînés et alternative – Gaspésie – Construction,"Les projets de maisons des aînés et alternatives permettront d’offrir aux résidents un milieu de vie à dimension humaine, climatisé et comportant des chambres individuelles avec toilette et douche adaptée pour chaque résident. Ce nouveau type d’hébergement, qui rappellera davantage un domicile, favorisera les contacts humains ainsi qu’un mode de vie plus actif, entre autres grâce à un accès à des espaces extérieurs aménagés et à des installations mieux adaptées aux besoins des proches aidants. Cette transformation sera aussi bénéfique pour le personnel qui travaille dans ces milieux, et contribuera d’ailleurs à l’attractivité et à la rétention de cette main-d’œuvre._x000D_
Le projet prévoit la construction d’une nouvelle installation dans le village de Rivière-au-Renard (48 places).",44300000,44300000,0,,2022-09-01,En réalisation,"Juillet 2020_x000D_
Le projet a été autorisé à l’étape « En réalisation ».",Ministre de la Santé et des Services sociaux,Centre intégré de santé et de services sociaux de la Gaspésie,Société québécoise des infrastructures,Santé et Services sociaux,Santé et Services sociaux,11 – Gaspésie–Îles-de-la-Madeleine,Maison des aînés et alternatives,Gaspésie,Construction
761,Maison des aînés – Îles-de-la-Madeleine – Construction,"Le projet consiste à construire une maison des aînés et alternative de 24 places. Cette nouvelle installation pourra accueillir des personnes en attente d’une place et répondra aux besoins futurs qui croissent._x000D_
Cette solution créera un environnement adapté de qualité pour 24 personnes résidentes et sera conçue selon le nouveau concept des maisons des aînés et alternatives.",39500000,39500000,0,,2024-01-01,En réalisation,"Août 2021_x000D_
La modification de la portée du projet qui est passée de 12 à 24 places a été autorisée. Par conséquent, une hausse de 24,1 M$ au coût du projet a été autorisée. Initialement prévu à 15,4 M$, le coût est maintenant de 39,5 M$. La modification de la date de la mise en service a également été autorisée. Initialement prévue en septembre 2022 elle est reportée à janvier 2024._x000D_
Juillet 2020_x000D_
Le projet a été autorisé à l’étape « En réalisation ».",Ministre de la Santé et des Services sociaux,Centre intégré de santé et de services sociaux des Îles,Société québécoise des infrastructures,Santé et Services sociaux,Santé et Services sociaux,11 – Gaspésie–Îles-de-la-Madeleine,Maison des aînés,Îles-de-la-Madeleine ,Construction
763,Infrastructures portuaires – Traverse L’Isle-aux-Coudres–Saint-Joseph-de-la-Rive – Maintien et bonification,Les interventions prévues permettront de remettre à niveau les infrastructures et d’assurer la pérennité du lien maritime entre L’Isle-aux-Coudres et Saint-Joseph-de-la-Rive.,,,,,,À l’étude,"Mars 2021_x000D_
Le projet a été autorisé à l’étape « À l’étude ».",Ministre des Transports,Société des traversiers du Québec,Société québécoise des infrastructures,"Transports maritime, aérien, ferroviaire et autres",Économie et environnement,03 – Capitale-Nationale,Infrastructures portuaires,L’Isle-aux-Coudres et Saint-Joseph-de-la-Rive,Maintien et bonification
764,Infrastructures portuaires – Lien fluvial entre le Bas-Saint-Laurent et Charlevoix – Maintien et bonification,Le projet consiste à assurer le maintien du lien fluvial entre le Bas-Saint-Laurent et Charlevoix.,,,,,,À l’étude,"Mars 2021_x000D_
Le projet a été autorisé à l’étape « À l’étude ».",Ministre des Transports,Société des traversiers du Québec,Société québécoise des infrastructures,"Transports maritime, aérien, ferroviaire et autres",Économie et environnement,01 – Bas-Saint-Laurent; 03 – Capitale-Nationale,Infrastructures portuaires,Bas-Saint-Laurent et Charlevoix,Maintien et bonification
772,Gares de L’Île–Perrot d’exo – Montérégie – Réfection,"Le projet consiste en l’évaluation du réaménagement des gares de L’Île-Perrot. Les gares visées sont la gare Pincourt–Terrasse-Vaudreuil et la gare Île-Perrot de la ligne exo1 Vaudreuil-Hudson, car ces deux gares sont désuètes et nécessitent de grandes améliorations. Le projet permettra d’identifier l’ensemble des enjeux et problématiques associés à ces gares et ainsi revoir dans son ensemble le réaménagement de ces deux gares afin de répondre aux besoins actuels et futurs de la clientèle et d’exo.",,,,,,En planification,"Mars 2021_x000D_
Le projet a été autorisé à l’étape « En planification ».",Ministre des Transports,Exo,Exo,Transport collectif,Économie et environnement,16 – Montérégie,Gares de L’Île–Perrot d’exo,Montréal,Réfection
773,"Centres de transport de la STM, programme d’électrification (phase I) – Montréal – Bonification et maintien","Le programme vise la planification et la mise en œuvre de l’électrification dans les futurs centres de transport ainsi que dans les centres existants. La phase I de ce programme englobe l’ingénierie, l’approvisionnement en équipements, les travaux d’installation des équipements nécessaires à l’électrification, ainsi que le plan de raccordement au réseau d’Hydro-Québec des centres de transport Bellechasse, est de Montréal, Saint-Michel et Stinson. La phase II de ce programme correspond au projet 920 du Tableau de bord.",,,,,,En planification,"Mars 2021_x000D_
Le projet a été autorisé à l’étape « En planification ».",Ministre des Transports,Société de transport de Montréal,Société de transport de Montréal,Transport collectif,Économie et environnement,06 – Montréal,Centres de transport de la STM,Montréal,Bonification et maintien
774,Centre de transport de la STO – Gatineau – Agrandissement,Le projet vise à agrandir et électrifier le centre de transport afin d’accueillir les futurs véhicules électriques et de supporter la mise en place de l’ensemble des infrastructures de recharge électrique. L’électrification complète du centre de transport permettra d’entretenir les nouveaux véhicules et leurs composantes au même endroit.,,,,,,En planification,"Mai 2021_x000D_
Le projet « Centre de transport de la STO, électrification – Gatineau – Agrandissement », présenté au Plan québécois des infrastructures (PQI) 2021-2031, a été fusionné au présent projet.",Ministre des Transports,Société de transport de l’Outaouais,Société de transport de l’Outaouais,Transport collectif,Économie et environnement,07 – Outaouais,Centre de transport de la STO,Gatineau,Agrandissement
781,"Autoroute 30 entre Brossard et Boucherville, chaussée et UAB – Réfection et aménagement",Le projet vise des travaux de réfection de la chaussée de l’autoroute 30 entre Brossard (autoroute 10) et Boucherville (autoroute 20) et l’aménagement de l’accotement pour utilisation par les autobus (UAB) comme mesure temporaire dans l’attente du projet majeur d’élargissement de l’autoroute 30.,60600000,60600000,0,2021-12-31,2022-12-31,En service,"Mars 2022_x000D_
Une baisse de 8,1 M$ au coût du projet a été autorisée. Initialement prévu à 68,6 M$, le coût est maintenant de 60,5 M$. De plus, la modification des dates de début et de fin de la mise en service a été autorisée. Initialement, elles étaient respectivement prévues en décembre 2022 et en décembre 2023. Elles sont maintenant décembre 2021 et décembre 2022. Ainsi, la mise en service partielle de l’infrastructure a été autorisée au cours de l’année financière 2021-2022._x000D_
Mars 2021_x000D_
Le projet a été autorisé à l’étape « En réalisation ».",Ministre des Transports,Ministère des Transports,Ministère des Transports,Réseau routier,Économie et environnement,16 – Montérégie,Autoroute 30 ,De Brossard à Boucherville,Réfection et aménagement
782,"Échangeur des autoroutes 30 et 40, voie réservée – Vaudreuil-Dorion – Aménagement","Le projet consiste à aménager une deuxième voie (voie réservée) par l’élargissement de la bretelle de l’autoroute 30, direction ouest, vers l’autoroute 40, direction est, à Vaudreuil-Dorion, et ce, sur une distance d’environ 1 km afin de diminuer le niveau de congestion dans ce corridor commercial à forte valeur économique.",,,,,,En planification,"Mars 2021_x000D_
Le projet a été autorisé à l’étape « En planification ».",Ministre des Transports,Ministère des Transports,Ministère des Transports,Réseau routier,Économie et environnement,16 – Montérégie,Échangeur des autoroutes 30 et 40,Vaudreuil-Dorion,Aménagement
783,Centre de services au Terminus Lagueux de la STLévis – Lévis – Construction,Le projet vise la construction d’un deuxième centre de services dans l’ouest de la ville de Lévis qui permettra d’augmenter le parc d’autobus et de réduire les coûts d’opération supplémentaires qu’entraîne la prestation de services dans cette partie du territoire. Il permettra surtout d’accueillir les autobus électriques que la Société de transport de Lévis devra acheter dès 2025.,,,,,,En planification,"Mars 2021_x000D_
Le projet a été autorisé à l’étape « En planification ».",Ministre des Transports,Société de transport de Lévis,Société de transport de Lévis,Transport collectif,Économie et environnement,12 – Chaudière-Appalaches,Centre de services au Terminus Lagueux de la STLévis,Lévis,Construction
784,Pont de Bailleul et route 341 entre l’autoroute 40 et la route 344 – L’Assomption – Reconstruction et élargissement,"Le projet vise à améliorer la mobilité dans l’axe de la route 341 entre l’autoroute 40 et la route 344 à L’Assomption. Il permettra également de corriger des enjeux liés à la sécurité, notamment aux diverses intersections. Le projet consiste à élargir la route 341 sur une longueur d’environ deux kilomètres incluant les élargissements du pont de Bailleul au-dessus de la rivière L’Assomption et du pont d’étagement au-dessus de l’autoroute 40.",,,,,,En planification,"Décembre 2020_x000D_
Le projet a été autorisé à l’étape « En planification ».",Ministre des Transports,Ministère des Transports,Ministère des Transports,Réseau routier,Économie et environnement,14 – Lanaudière,Pont de Bailleuil et route 341,L’Assomption,Reconstruction et élargissement
785,Autoroute 25 entre Saint-Esprit et Sainte-Julienne – Construction et réfection,Le projet vise à résoudre les problèmes de circulation et de sécurité sur la route 125 dans les secteurs de Saint-Esprit et de Sainte-Julienne. Il consiste au prolongement de l’autoroute 25.,286500000,286500000,0,2022-11-30,2028-12-13,En réalisation,"Mars 2022_x000D_
Le projet a été autorisé à l’étape « En réalisation »._x000D_
Décembre 2020_x000D_
Le projet a été autorisé à l’étape « En planification ».",Ministre des Transports,Ministère des Transports,Ministère des Transports,Réseau routier,Économie et environnement,14 – Lanaudière,Autoroute 25,Saint-Esprit et Sainte-Julienne,Construction et réfection
787,"Autoroute 10 entre Brossard et Carignan, voies réservées – Aménagement","Le projet vise à augmenter l’utilisation du transport collectif sur un tronçon de l’autoroute 10 par l’implantation de voies réservées entre l’autoroute 30, à Brossard, et l’autoroute 35, à Carignan, dans les deux directions.",,,,,,En planification,"Décembre 2020_x000D_
Le projet a été autorisé à l’étape « En planification ».",Ministre des Transports,Ministère des Transports,Ministère des Transports,Réseau routier,Économie et environnement,16 – Montérégie,Autoroute 10,De Brossard à Carignan,Aménagement
788,"Autoroute 25, direction nord, entre Laval et Terrebonne, voie réservée – Aménagement","Le projet vise l’aménagement d’une voie réservée permanente à Laval et Terrebonne par l’élargissement de l’autoroute 25, direction nord, entre l’autoroute 440 et l’île Saint-Jean.",,,,,,En planification,"Décembre 2020_x000D_
Le projet a été autorisé à l’étape « En planification ».",Ministre des Transports,Ministère des Transports,Ministère des Transports,Réseau routier,Économie et environnement,13 – Laval; 14 – Lanaudière,Autoroute 25,De Laval à Terrebonne,Aménagement
789,"Autoroute 440, direction est, entre la route 125 et l’autoroute 25, voie réservée – Laval – Aménagement","Le projet vise à implanter une voie réservée sur l’autoroute 440, direction est, entre la station Saint-Martin (SRB Pie-IX) et l’autoroute 25 afin de relier le stationnement incitatif à la voie réservée de l’autoroute 25, direction nord, sur une distance d’environ 4 km.",,,,,,En planification,"Décembre 2020_x000D_
Le projet a été autorisé à l’étape « En planification ».",Ministre des Transports,Ministère des Transports,Ministère des Transports,Réseau routier,Économie et environnement,13 – Laval,Autoroute 440,Laval,Aménagement
790,Route 104 (chemin de Saint-Jean) – La Prairie – Élargissement et réaménagement,"Le projet vise le réaménagement de la route 104 entre l’autoroute 30 et la limite de Saint-Jean-sur-Richelieu, sur une distance d’un peu plus de 6 km, afin d’améliorer l’insertion des véhicules sur la route, sans en diminuer la capacité. De plus, des modifications aux intersections seront requises ainsi que l’élargissement de la route 104 afin d’ajouter des voies de virage.",,,,,,En planification,"Décembre 2020_x000D_
Le projet a été autorisé à l’étape « En planification ».",Ministre des Transports,Ministère des Transports,Ministère des Transports,Réseau routier,Économie et environnement,16 – Montérégie,Route 104 (chemin de Saint-Jean,La Prairie,Élargissement et réaménagement
791,"Échangeur des autoroutes 440 et 15, bretelle aérienne – Laval – Construction","Le projet a pour but d’améliorer la sécurité routière et d’éliminer les zones d’entrecroisement pour accéder à l’autoroute 15, direction nord, par l’ajout d’une bretelle aérienne destinée aux usagers circulant sur l’autoroute 440, direction ouest. Une nouvelle entrée sur l’autoroute 15 nord en amont de l’échangeur est également prévue dans ce projet.",189400000,189400000,0,2022-06-30,2024-12-31,En réalisation,"Mars 2022_x000D_
Le projet a été autorisé à l’étape « En réalisation »._x000D_
Décembre 2020_x000D_
Le projet a été autorisé à l’étape « En planification ».",Ministre des Transports,Ministère des Transports,Ministère des Transports,Réseau routier,Économie et environnement,13 – Laval,Échangeur des autoroutes 440 et 15,Laval,Construction
792,Autoroute 73 – Saint-Georges – Prolongement,"Le projet de prolongement de l’autoroute 73 vise à bonifier et à sécuriser les déplacements dans la ville de Saint-Georges, assurer la fluidité des déplacements dans la région, relier les régions entre elles et favoriser le développement économique.",,,,,,En planification,"Mai 2021_x000D_
Le nom du projet a été modifié. Il correspond au projet « Autoroute 73 (boulevard urbain) – Saint-Georges – Construction » présenté au Plan québécois des infrastructures (PQI) 2021-2031._x000D_
Mars 2021_x000D_
Le projet a été autorisé à l’étape « En planification ».",Ministre des Transports,Ministère des Transports,Ministère des Transports,Réseau routier,Économie et environnement,12 – Chaudière-Appalaches,Autoroute 73 ,Saint-Georges,Prolongement
793,Voie de contournement – Saint-Lin–Laurentides – Construction,"Le projet a pour objectif d’accroître la sécurité, de faciliter la gestion de la circulation et de restaurer la fluidité dans l’axe est-ouest. Il consiste en la construction d’une voie de contournement de la zone urbaine de la municipalité de Saint-Lin–Laurentides.",63300000,63200000,100000,2022-12-31,2026-12-18,En réalisation,"Mars 2022_x000D_
Le projet a été autorisé à l’étape « En réalisation »._x000D_
Décembre 2020_x000D_
Le projet a été autorisé à l’étape « En planification ».",Ministre des Transports,Ministère des Transports,Ministère des Transports,Réseau routier,Économie et environnement,14 – Lanaudière,Voie de contournement,Saint-Lin–Laurentides,Construction
794,Route 293 – Notre-Dame-des-Neiges – Réaménagement,"Le projet vise la correction de la géométrie et du profil de la route 293 sur 4 km, dans le secteur situé au sud du 2e Rang, qui présente des courbes devant être adaptées aux normes actuelles. De plus, le projet permettra d’accroître la sécurité des usagers.",,,,,,En planification,"Mars 2021_x000D_
Le projet a été autorisé à l’étape « En planification ».",Ministre des Transports,Ministère des Transports,Ministère des Transports,Réseau routier,Économie et environnement,01 – Bas-Saint-Laurent,Route 293,Notre-Dame-des-Neiges,Réaménagement
795,Pont Arthur-Bergeron et route 132 – Grand-Métis – Reconstruction et réaménagement,"Le projet vise la reconstruction du pont Arthur-Bergeron, au sud de sa présente localisation, ainsi que la correction de la géométrie et du profil d’un tronçon de 2 km de la route 132. Le pont Arthur-Bergeron a atteint sa durée de vie utile. Les travaux permettront d’accroître la sécurité routière sur la route 132, entre l’accès du Parc régional de la rivière Mitis et le chemin Perreault.",,,,,,En planification,"Mars 2021_x000D_
Le projet a été autorisé à l’étape « En planification ».",Ministre des Transports,Ministère des Transports,Ministère des Transports,Réseau routier,Économie et environnement,01 – Bas-Saint-Laurent,Pont Arthur-Bergeron et route 132,Grand-Métis,Reconstruction et réaménagement
796,Route 170 – L’Anse-Saint-Jean – Réaménagement,"Le projet de correction de courbes sous-standards du km 70 au km 73 sur la route 170, dans la municipalité de L’Anse-Saint-Jean, est prévu en raison de problématiques liées à sa géométrie et affectant son entretien hivernal. Le projet vise donc à améliorer la sécurité et la fluidité de la circulation du secteur en réaménageant le tracé et en harmonisant le raccordement des chemins municipaux avec la route 170.",,,,,,En planification,"Mars 2021_x000D_
Le projet a été autorisé à l’étape « En planification ».",Ministre des Transports,Ministère des Transports,Ministère des Transports,Réseau routier,Économie et environnement,02 – Saguenay–Lac-Saint-Jean,"Route 170_x000D_
P-02419",L’Anse-Saint-Jean,Réaménagement
797,Échangeur Saint-Alexandre de l’autoroute 35 – Construction,Le projet consiste en la construction d’un nouvel échangeur en forme de demi-trèfle au km 27 de l’autoroute 35. Cet échangeur assurera un accès rapide au réseau autoroutier pour la population de Saint-Alexandre et permettra d’établir un lien avec le réseau routier via l’accès à la route 227.,,,,,,En planification,"Décembre 2020_x000D_
Le projet a été autorisé à l’étape « En planification ».",Ministre des Transports,Ministère des Transports,Ministère des Transports,Réseau routier,Économie et environnement,16 – Montérégie,Échangeur Saint-Alexandre de l’autoroute 35,Saint-Alexandre,Construction
813,"Centre hospitalier universitaire Sainte-Justine, centre de réadaptation Marie Enfant – Montréal – Maintien et bonification","Le projet vise à garantir la qualité et la sécurité des soins et des services prodigués à la clientèle du centre de réadaptation Marie Enfant du centre hospitalier universitaire Sainte-Justine, par le maintien et la bonification de cette infrastructure.",,,,,,À l’étude,"Août 2021_x000D_
Le projet a été autorisé à l’étape « À l’étude ».",Ministre de la Santé et des Services sociaux,Centre hospitalier universitaire Sainte-Justine,Société québécoise des infrastructures,Santé et Services sociaux,Santé et Services sociaux,06 – Montréal,Centre hospitalier universitaire Sainte-Justine,Montréal,Maintien et bonification
814,Hôpital de réadaptation Villa Medica – Montréal – Bonification,"Le projet vise à offrir une capacité de 144 lits. Il offre des services de consultation externe et des services spécialisés et surspécialisés de réadaptation fonctionnelle intensive à des personnes qui ont une déficience physique ou des problèmes de santé. Dans la région de Montréal et dans l’ouest du Québec, il offre aussi des services spécialisés aux personnes qui ont subi des brûlures graves._x000D_
_x000D_L’environnement physique du bâtiment, construit en 1964, est devenu le principal facteur de risques pour la clientèle du centre._x000D_
Afin d’offrir à ce dernier un milieu de qualité qui répond aux normes techniques et fonctionnelles en vigueur, le projet vise la relocalisation de l’hôpital de réadaptation et la construction d’un autre bâtiment.",,,,,,À l’étude,"Août 2021_x000D_
Le projet a été autorisé à l’étape « À l’étude ».",Ministre de la Santé et des Services sociaux,Centre intégré universitaire de santé et de services sociaux du Centre-Sud-de-l’Île-de-Montréal,Société d’habitation du Québec,Santé et Services sociaux,Santé et Services sociaux,06 – Montréal,Hôpital de réadaptation Villa Medica,Montréal,Bonification
815,Maison des aînés (ancien CHSLD Georges-Phaneuf) – Saint-Jean-sur-Richelieu – Maintien et bonification,"Le projet vise la construction d’un bâtiment d’un minimum de 125 places, fortement inspiré du modèle de maison des aînés et alternatives, pour permettre d’accueillir la clientèle actuellement hébergée au centre d’hébergement et de soins de longue durée (CHSLD) Georges-Phaneuf. Construit en 1931, il a subi de multiples modifications au cours des années. Toutefois, malgré les investissements en maintiens des actifs et en rénovations fonctionnelles, le bâtiment présente un état de vétusté très avancé avec un indice d’état gouvernemental de ""E"" soit en très mauvais état. Le besoin est donc généré principalement par l’état de vétusté physique et fonctionnel. Le Centre intégré de santé et de services sociaux de la Montérégie-Centre projette actuellement de céder ce bâtiment, qui ne répond plus aux besoins ni aux exigences et aux normes. Les aménagements actuels ne permettent pas aux personnes résidentes d’y effectuer toutes les activités de la vie quotidienne comme elles le devraient.",,,,,,À l’étude,"Août 2021_x000D_
Le projet a été autorisé à l’étape « À l’étude ».",Ministre de la Santé et des Services sociaux,Centre intégré de santé et de services sociaux de la Montérégie-Centre,Société québécoise des infrastructures,Santé et Services sociaux,Santé et Services sociaux,16 – Montérégie,Maison des aînés (ancien CHSLD Georges-Phaneuf),Saint-Jean-sur-Richelieu,Maintien et bonification
816,École secondaire du centre de services scolaire de la Rivière-du-Nord – Prévost – Construction,"Le projet consiste en la construction d’une école secondaire à Prévost, sur le territoire du centre de services scolaire de la Rivière-du-Nord à Prévost. Afin de réduire le déficit d’espace reconnu par le Ministère, 1 000 places-élèves sont prévues.",,,,,,En planification,"Juin 2021_x000D_
Le projet a été autorisé à l’étape « En planification ».",Ministre de l’Éducation,Centre de services scolaire de la Rivière-du-Nord,Société québécoise des infrastructures,Éducation,Éducation et culture,15 – Laurentides,École secondaire du centre de services scolaire de la Rivière-du-Nord,Prévost,Construction
817,École secondaire du centre de services scolaire de la Capitale – Sainte-Catherine-de-la-Jacques-Cartier – Bonification,Le projet consiste à construire une école secondaire d’approximativement 800 places-élèves sur le territoire du centre de services scolaire de la Capitale à Sainte-Catherine-de-la-Jacques-Cartier afin de réduire le déficit d’espace reconnu en fonction des places-élèves du centre de services scolaire.,,,,,,À l’étude,"Juin 2021_x000D_
Le projet a été autorisé à l’étape « À l’étude ».",Ministre de l’Éducation,Centre de services scolaire de la Capitale,Société québécoise des infrastructures,Éducation,Éducation et culture,03 – Capitale-Nationale,École secondaire du centre de services scolaire de la Capitale,Sainte-Catherine-de-la-Jacques-Cartier,Bonification
819,École secondaire du centre de services scolaire des Mille-Îles – Blainville – Bonification,"Le projet consiste en la construction d’une école secondaire d’approximativement 1 000 places-élèves à Blainville, sur le territoire du centre de services scolaire des Mille-Îles, afin de réduire le déficit d’espace reconnu par le Ministère.",,,,,,À l’étude,"Juin 2021_x000D_
Le projet a été autorisé à l’étape « À l’étude ».",Ministre de l’Éducation,Centre de services scolaire des Mille-Îles,Société québécoise des infrastructures,Éducation,Éducation et culture,15 – Laurentides,École secondaire du centre de services scolaire des Mille-Îles,Blainville,Bonification
820,"Centre mère-enfant Soleil, services de neurologie pédiatrique – Québec – Agrandissement et réaménagement","Le projet consiste à mettre à niveau les infrastructures de l’hôpital afin de permettre le rapatriement entier de la clientèle des services neurochirurgicaux de l’Est-du-Québec. Cette mise à niveau se réalise en quatre phases. La première phase consistait en la dotation d’une salle d’opération avec des équipements utilisés pour les interventions d’urgence en neurochirurgie pédiatrique._x000D_
La seconde phase (le présent projet) consiste en l’agrandissement et au réaménagement de l’unité de soins intensifs pédiatriques afin d’y ajouter l’espace pour six lits supplémentaires et d’autres locaux adaptés, soit deux salles d’isolement respiratoire et une pièce en environnement protégé. Les troisième et quatrième phases sont à venir.",21600000,17100000,4500000,,2023-09-30,En réalisation,"Mars 2022_x000D_
Le projet a été autorisé à l’étape « En réalisation ».",Ministre de la Santé et des Services sociaux,CHU de Québec-Université Laval,CHU de Québec-Université Laval,Santé et Services sociaux,Santé et Services sociaux,03 – Capitale-Nationale,Centre mère-enfant Soleil,Québec,Agrandissement et réaménagement
822,Sanctuaire Notre-Dame-du-Cap – Trois-Rivières – Réaménagement,"Le projet vise à réaménager les espaces du Sanctuaire Notre-Dame-du-Cap. Il consiste notamment à bonifier les aires d’accueil et à améliorer l’expérience des visiteurs en leur donnant accès au fleuve Saint-Laurent grâce à une promenade et à un espace de rassemblement où se tiendront des spectacles et des conférences. L’aménagement d’un espace pour les familles comprenant un bassin et des jeux d’eau ainsi que la mise en valeur des lieux de culte, de recueillement et le patrimoine présents sur le site sont prévus.",,,,,,En planification,"Mars 2022_x000D_
Le projet a été autorisé à l’étape « En planification ».",Ministre du Tourisme,Sanctuaire Notre-Dame-du-Cap,Sanctuaire Notre-Dame-du-Cap,Tourisme et activités récréatives,Économie et environnement,04 – Mauricie,Sanctuaire Notre-Dame-du-Cap,Trois-Rivières,Réaménagement
824,Promenade Gérard-Côté – Saint-Hyacinthe – Réaménagement,"Ce projet vise à restaurer et à consolider un ouvrage d’art qui longe la rivière Yamaska sur 2,4 km. Construit il y a plus de quarante ans, il inclut notamment une piste cyclable, un corridor piétonnier et un sentier naturel. L’ouvrage multifonctionnel permet de préserver la partie basse du centre-ville de la crue des eaux de la rivière Yamaska.",,,,,,En planification,"Mars 2022_x000D_
Le projet a été autorisé à l’étape « En planification ».",Ministre des Affaires municipales et de l’Habitation,Ville de Saint-Hyacinthe,Ville de Saint-Hyacinthe,Municipalités,Économie et environnement,16 – Montérégie,Promenade Gérard-Côté,Saint-Hyacinthe,Réaménagement
825,Route Billy-Diamond (phase II) – Nord-du-Québec – Maintien,"Le projet s’inscrit à la suite des travaux réalisés depuis 2015 dans le cadre d’une première phase de réfection de la route Billy-Diamond. Il vise à améliorer la sécurité des usagers et à assurer la pérennité de cette route, laquelle représente le principal lien menant à la Baie-James._x000D_
À terme, les travaux permettront la conservation des liens avec les autres routes de la région, notamment celles qui mènent aux différents sites d’activité économique (centrales hydroélectriques, sites miniers et autres) ainsi qu’aux diverses localités._x000D_
Plus concrètement, les objectifs poursuivis par le projet visent à :_x000D_
• 	Améliorer la surface de roulement pour assurer une conduite plus stable et sécuritaire et réduire les risques d’effondrement des ponceaux déficients_x000D_
• Installer une signalisation et des glissières de sécurité conformes aux normes en vigueur_x000D_
• Favoriser une meilleure visibilité le long de la route en réduisant la densité de la végétation_x000D_
• Prolonger la durée de vie de la chaussée en assurant un drainage efficace des eaux dans les fossés latéraux_x000D_
• Aménager l’intersection de la route Billy-Diamond avec celle de la route 19900, laquelle se rend à Lebel-sur-Quévillon",,,,,,À l’étude,"Juin 2021_x000D_
Le projet a été autorisé à l’étape « À l’étude ».",Ministre de l’Énergie et des Ressources naturelles,Société de développement de la Baie James,Société de développement de la Baie James,Développement du territoire nordique,Économie et environnement,10 – Nord-du-Québec,Route Billy-Diamond,Nord-du-Québec,Maintien
827,Réseau de mesures préférentielles en transport collectif – Région métropolitaine de Québec – Aménagement,"Dans le cadre du Réseau express de la Capitale (REC), le projet vise à mettre en place des mesures préférentielles pour le transport collectif (voies réservées accueillant des autobus et du covoiturage, utilisation de l’accotement par les autobus, stationnements incitatifs, etc.) afin d’améliorer la desserte des banlieues et favoriser un transfert modal vers le transport collectif.",,,,,,En planification,"Mars 2022_x000D_
Le nom du projet a été modifié. Initialement, il se nommait « Voies réservées sur les autoroutes 73, 573, 973, 40 et 440 ainsi que sur le réseau municipal – Québec – Aménagement »._x000D_
Avril 2021_x000D_
Le projet a été autorisé à l’étape « En planification ».",Ministre des Transports,Ministère des Transports,Ministère des Transports,Réseau routier,Économie et environnement,03 – Capitale-Nationale,"Autoroutes 73, 573, 973, 40 et 440 et réseau municipal",Région métropolitaine de Québec,Aménagement
831,Maison des aînés et alternative – Chisasibi – Construction,"Le projet consiste à construire une maison des aînés et alternative d’une capacité de 33 places et d’une superficie approximative brute de 4 820 m² dans la communauté de Chisasibi. Les projets du Nord-du-Québec ont été conçus dans le respect des exigences fonctionnelles du modèle de maisons des aînés et alternatives, tout en tenant compte des particularités culturelles et des conditions climatiques particulières qui prévalent dans cette région.",47400000,47400000,0,,2022-09-01,En réalisation,"Juin 2021_x000D_
Le projet a été autorisé à l’étape « En réalisation ».",Ministre de la Santé et des Services sociaux,Conseil cri de la santé et des services sociaux de la Baie James,Conseil cri de la santé et des services sociaux de la Baie James en association avec la Société québécoise des infrastructures,Santé et Services sociaux,Santé et Services sociaux,10 – Nord-du-Québec,Maison des ainés et alternative,Chisasibi,Construction
832,Maison des aînés et alternative – Mistissini – Construction,"Le projet consiste à construire une maison des aînés et alternative d’une capacité de 33 places et d’une superficie approximative brute de 4 820 m² dans la communauté de Mistissini. Les projets du Nord-du-Québec ont été conçus dans le respect des exigences fonctionnelles du modèle de maisons des aînés et alternatives, tout en tenant compte des particularités culturelles et des conditions climatiques particulières qui prévalent dans cette région.",38000000,38000000,0,,2022-09-01,En réalisation,"Juin 2021_x000D_
Le projet a été autorisé à l’étape « En réalisation ».",Ministre de la Santé et des Services sociaux,Conseil cri de la santé et des services sociaux de la Baie James,Conseil cri de la santé et des services sociaux de la Baie James en association avec la Société québécoise des infrastructures,Santé et Services sociaux,Santé et Services sociaux,10 – Nord-du-Québec,Maison des ainés et alternative,Mistissini,Construction
833,Maison des aînés et alternative – Waskaganish – Construction,"Le projet consiste à construire une maison des aînés et alternative d’une capacité de 33 places et d’une superficie approximative brute de 4 820 m² dans la communauté de Waskaganish. Les projets du Nord-du-Québec ont été conçus dans le respect des exigences fonctionnelles du modèle de maisons des aînés et alternatives, tout en tenant compte des particularités culturelles et des conditions climatiques particulières qui prévalent dans cette région.",41600000,41600000,0,,2022-09-01,En réalisation,"Juin 2021_x000D_
Le projet a été autorisé à l’étape « En réalisation ».",Ministre de la Santé et des Services sociaux,Conseil cri de la santé et des services sociaux de la Baie James,Conseil cri de la santé et des services sociaux de la Baie James en association avec la Société québécoise des infrastructures,Santé et Services sociaux,Santé et Services sociaux,10 – Nord-du-Québec,Maison des ainés et alternative,Waskaganish,Construction
834,"Université McGill, 12 pavillons – Montréal – Réfection et réaménagement","La réalisation du projet de l’Université McGill sur une partie du site de l’ancien hôpital Royal Victoria permettra de rassembler au sein du site des activités d’enseignement et de recherche présentement disséminées sur le campus principal de l’Université._x000D_
Par un effet de cascade, les espaces laissés vacants sur le campus principal de l’Université devront être réaffectés afin d’accueillir adéquatement d’autres groupes académiques présentement logés en location externe au centre-ville de Montréal.",,,,,,En planification,"Mai 2021_x000D_
Le projet a été autorisé à l’étape « En planification ».",Ministre de l’Enseignement supérieur,Université McGill,Université McGill,Enseignement supérieur,Éducation et culture,06 – Montréal,Université McGill,Montréal,Réfection et réaménagement
835,École secondaire du centre de services scolaire des Grandes-Seigneuries – Montérégie (secteur ouest) – Bonification,"Le projet consiste en la construction d’une école secondaire d’approximativement 1 000 places-élèves sur le territoire du centre de services scolaire des Grandes-Seigneuries, afin de réduire le déficit d’espace reconnu en fonction des places-élèves du centre de services scolaire.",,,,,,À l’étude,"Juin 2021_x000D_
Le projet a été autorisé à l’étape « À l’étude ».",Ministre de l’Éducation,Centre de services scolaire des Grandes-Seigneuries,Société québécoise des infrastructures,Éducation,Éducation et culture,16 – Montérégie,École secondaire du centre de services scolaire des Grandes-Seigneuries,Montérégie (secteur ouest),Bonification
836,Cégep Montmorency – Laval – Bonification,"Le projet vise à répondre à un déficit d’espace auquel fait face le cégep Montmorency. Ce problème sera exacerbé par l’augmentation du nombre d’inscriptions prévue à l’horizon 2029. Un ajout d’espace doit donc être effectué, et ce, afin que l’établissement soit doté d’une capacité d’accueil adéquate pour ses futurs étudiants et étudiantes.",,,,,,À l’étude,"Juillet 2021_x000D_
Le projet a été autorisé à l’étape « À l’étude ».",Ministre de l’Enseignement supérieur,Ministère de l’Enseignement supérieur,Société québécoise des infrastructures,Enseignement supérieur,Éducation et culture,13 – Laval,Cégep Montmorency,Laval,Bonification
837,Cégep Lionel-Groulx – Sainte-Thérèse – Bonification,"Le projet vise à répondre à un déficit d’espace auquel fait face le cégep Lionel-Groulx. Ce problème sera exacerbé par l’augmentation du nombre d’inscriptions prévue à l’horizon 2029. Un ajout d’espace doit donc être effectué, et ce, afin que l’établissement soit doté d’une capacité d’accueil adéquate pour ses futurs étudiants et étudiantes.",,,,,,À l’étude,"Juillet 2021_x000D_
Le projet a été autorisé à l’étape « À l’étude ».",Ministre de l’Enseignement supérieur,Ministère de l’Enseignement supérieur,Société québécoise des infrastructures,Enseignement supérieur,Éducation et culture,15 – Laurentides,Cégep Lionel-Groulx,Sainte-Thérèse,Bonification
838,Cégep de Saint-Jérôme – Bonification,"Le projet vise à répondre à un déficit d’espace auquel fait face le cégep de Saint-Jérôme. Ce problème sera exacerbé par l’augmentation du nombre d’inscriptions prévue à l’horizon 2029. Un ajout d’espace doit donc être effectué, et ce, afin que l’établissement soit doté d’une capacité d’accueil adéquate pour ses futurs étudiants et étudiantes.",,,,,,À l’étude,"Juillet 2021_x000D_
Le projet a été autorisé à l’étape « À l’étude ».",Ministre de l’Enseignement supérieur,Ministère de l’Enseignement supérieur,Société québécoise des infrastructures,Enseignement supérieur,Éducation et culture,15 – Laurentides,Cégep de Saint-Jérôme,Saint-Jérôme,Bonification
839,École secondaire du centre de services scolaire des Samares – Saint-Lin–Laurentides – Bonification,"Le projet consiste en la construction d’une école secondaire d’approximativement 800 places-élèves sur le territoire du centre de services scolaire des Samares, afin de réduire le déficit d’espace reconnu en fonction des places-élèves du centre de services scolaire.",,,,,,À l’étude,"Août 2021_x000D_
Le projet a été autorisé à l’étape « À l’étude ».",Ministre de l’Éducation,Centre de services scolaire des Samares,Société québécoise des infrastructures,Éducation,Éducation et culture,14 – Lanaudière,École secondaire du centre de services scolaire des Samares,Saint-Lin–Laurentides,Bonification
840,"Complexe d’hébergement, 80 logements – Chisasibi – Construction","Le projet consiste à construire un bâtiment de 80 unités d’hébergement de type « studio » à Chisasibi pour les employés du réseau de la Santé et des Services sociaux. Le complexe comprend également des installations fonctionnelles et d’accueil comme une salle de conférence, une salle à manger communautaire, un espace de bureau et une salle d’activité physique. La superficie du bâtiment est estimée à 3 300 m².",35500000,35500000,0,,2022-09-30,En réalisation,"Juillet 2021_x000D_
Le projet a été autorisé à l’étape « En réalisation ».",Ministre de la Santé et des Services sociaux,Centre régional de santé et de services sociaux de la Baie-James,Conseil cri de la santé et des services sociaux de la Baie James en association avec la Société québécoise des infrastructures,Santé et Services sociaux,Santé et Services sociaux,10 – Nord-du-Québec,Complexe d’hébergement,Chisasibi,Construction
841,Espace bleu de la Capitale-Nationale – Québec – Réaménagement,Le projet consiste à la mise en opération de l’Espace bleu de la Capitale-Nationale dans le pavillon Camille-Roy de la Cité du Séminaire. Le montant autorisé servira à la restauration du bâtiment et à son réaménagement pour y accueillir la programmation type prévue. Cet Espace bleu fait office de tête du Réseau des Espaces bleus et offre une programmation bonifiée.,49700000,47200000,2500000,,2023-06-01,En réalisation,"Juillet 2021_x000D_
Le projet a été autorisé à l’étape « En réalisation ».",Ministre de la Culture et des Communications,Ministère de la Culture et des Communications,Ministère de la Culture et des Communications,Culture,Éducation culture,03 – Capitale-Nationale,Espace bleu de la Capitale-Nationale,Québec,Réaménagement
842,"Espace bleu de la Gaspésie – Percé – Acquisition, agrandissement et réaménagement","Le projet consiste à la mise en opération de l’Espace bleu de la Gaspésie dans la Villa Frederick-James de Percé acquise par le Musée de la civilisation. Le montant autorisé servira à la sauvegarde du bâtiment par son déménagement, sa restauration, son agrandissement au sous-sol et son réaménagement pour y inscrire une partie de la programmation type prévue.",20800000,20800000,0,,2023-06-01,En réalisation,"Janvier 2022_x000D_
Le projet a été autorisé à l’étape « En réalisation ».",Ministre de la Culture et des Communications,Ministère de la Culture et des Communications,Ministère de la Culture et des Communications,Culture,Éducation culture,11 – Gaspésie–Îles-de-la-Madeleine,Espace bleu de la Gaspésie,Percé,"Acquisition, agrandissement et réaménagement"
843,"Espace bleu de l’Abitibi-Témiscamingue – Amos – Acquisition, agrandissement et réaménagement","Le projet consiste à la mise en opération de l’Espace bleu de l’Abitibi-Témiscamingue dans le Vieux-Palais d’Amos acquis par le Musée de la civilisation. Le montant autorisé servira à la restauration du bâtiment, à son agrandissement et à son réaménagement pour y inscrire la programmation type prévue.",26300000,26300000,0,,2023-03-01,En réalisation,"Décembre 2021_x000D_
Le projet a été autorisé à l’étape « En réalisation ».",Ministre de la Culture et des Communications,Ministère de la Culture et des Communications,Ministère de la Culture et des Communications,Culture,Éducation culture,08 – Abitibi-Témiscamingue,Espace bleu de l’Abitibi-Témiscamingue,Amos,"Acquisition, agrandissement et réaménagement "
844,Espace bleu de Charlevoix – Baie-Saint-Paul – Acquisition et réaménagement,"Le projet consiste à la mise en opération de l’Espace bleu de Charlevoix dans une partie de la maison mère des petites Franciscaines de Marie, à Baie-Saint-Paul. Le montant autorisé servira à la restauration du bâtiment et à son aménagement pour y inscrire la programmation type prévue.",,,,,,En planification,"Juillet 2021_x000D_
Le projet a été autorisé à l’étape « En planification ».",Ministre de la Culture et des Communications,Ministère de la Culture et des Communications,Ministère de la Culture et des Communications,Culture,Éducation culture,03 – Capitale-Nationale,Espace bleu de Charlevoix,Baie-Saint-Paul,Acquisition et réaménagement
845,"Port de Trois-Rivières, quais, voies d’accès, entrepôt – Construction","Le projet consiste principalement en la construction d’un quai linéaire encadré de deux quais en enrochement, d’une nouvelle voie d’accès par camion, de deux voies ferroviaires et en l’ajout d’espaces d’entreposage.",,,,,,En planification,"Mars 2022_x000D_
Le projet a été autorisé à l’étape « En planification ».",Ministre des Transports,Administration portuaire de Trois-Rivières,Administration portuaire de Trois-Rivières,"Transports maritime, aérien, ferroviaire et autres",Économie et environnement,04 – Mauricie,Port de Trois-Rivières,Trois-Rivières,Construction
847,Maison des aînés (ancien CHSLD) – Montmagny – Construction,"Le projet de maison des aînés à Montmagny consiste en une construction neuve d’une capacité totale de 96 lits, dont 4 aux soins palliatifs afin de reloger les personnes résidentes du centre d’hébergement et de soins de longue durée (CHSLD) de Montmagny, de l’hôpital de Montmagny et du CHSLD de Saint-Fabien-de-Panet. Le besoin de reloger les personnes résidentes se base sur la vétusté fonctionnelle et technique des installations actuelles. _x000D_
Cette solution créera un environnement adapté de qualité pour 96 personnes résidentes et sera conçue selon le nouveau concept des maisons des aînés et alternatives.",,,,,,En planification,"Août 2021_x000D_
Le projet a été autorisé à l’étape « En planification ».",Ministre de la Santé et des Services sociaux,Centre intégré de santé et de services sociaux de Chaudière-Appalaches,Société québécoise des infrastructures,Santé et Services sociaux,Santé et Services sociaux,12 – Chaudière-Appalaches,Maison des aînés (ancien CHSLD),Montmagny,Construction
850,Édifices Hector-Fabre et Marie-Fitzbach – Québec – Réaménagement,"Le projet consiste à relocaliser et à réaménager des espaces d’un ministère et de deux organismes du gouvernement du Québec situés sur la colline parlementaire. Il s’inscrit dans la démarche du projet gouvernemental de transformation des milieux de travail de la fonction publique, en plus d’être une excellente opportunité d’approche intégrée permettant d’optimiser les ressources et d’avoir un impact à long terme sur l’occupation du parc immobilier du gouvernement. Tout en ayant une préoccupation de saine gestion des fonds publics, ce projet permettra la mise en œuvre d’aménagements selon les concepts du nouveau milieu de travail axé sur les activités (MTAA) et réduira la superficie des espaces en location.",35600000,35600000,0,2022-08-31,2023-12-31,En réalisation,"Septembre 2021_x000D_
Le projet a été autorisé à l’étape « En réalisation ».",Ministre responsable de l’Administration gouvernementale,Société québécoise des infrastructures,Société québécoise des infrastructures,Administration gouvernementale,Gouverne et justice,03 – Capitale-Nationale,Édifices Hector-Fabre et Marie-Fitzbach,Québec,Réaménagement
851,Centre d’accueil Marcelle-Ferron – Brossard – Agrandissement,"Le projet consiste à agrandir le centre d’accueil Marcelle-Ferron, un centre d’hébergement et de soins de longue durée privé conventionné, afin d’y ajouter 77 places. Le centre, qui compte actuellement 273 places, offrira ainsi une capacité d’accueil totale de 350 places.",49300000,49300000,0,,2022-12-31,En réalisation,"Août 2021_x000D_
Le projet a été autorisé à l’étape « En réalisation ».",Ministre de la Santé et des Services sociaux,Centre intégré de santé et de services sociaux de la Montérégie-Centre,Centre intégré de santé et de services sociaux de la Montérégie-Centre,Santé et Services sociaux,Santé et Services sociaux,16 – Montérégie,Centre d’accueil Marcelle-Ferron,Brossard,Agrandissement
852,Théâtre Les Gros becs – Québec – Agrandissement,"Le projet consiste à agrandir la caserne Dalhousie pour y relocaliser Les Productions Les Gros Becs et ainsi avoir un nouveau lieu de diffusion avec des équipements spécialisés neufs._x000D_
Les Productions Les Gros Becs est un organisme de diffusion de spectacles de théâtre jeunesse. Depuis 2002, l’organisme est à la recherche d’un nouveau lieu, car ses installations ne répondent plus du tout à ses besoins. En 2013, il a déposé une demande d’aide financière au Ministère pour se relocaliser dans la caserne Dalhousie, un bâtiment situé au cœur du site patrimonial déclaré du Vieux-Québec._x000D_
Ce nouveau site de diffusion permettra à l’organisme de présenter une programmation professionnelle diversifiée en théâtre pour les jeunes publics, de la petite enfance à l’adolescence. Il permettra également de donner une nouvelle vocation à la caserne Dalhousie.",,,,,,En planification,"Mars 2022_x000D_
Le projet a été autorisé à l’étape « En planification ».",Ministre de la Culture et des Communications,Productions Les Gros Becs,Productions Les Gros Becs,Culture,Éducation et culture,03 – Capitale-Nationale,Théâtre Les Gros Becs,Québec,Agrandissement
853,Bibliothèque Lucy-Faris – Gatineau – Reconstruction,"Le projet de reconstruction de la bibliothèque Lucy-Faris vise à permettre à la Ville de Gatineau d’offrir aux citoyens du secteur Aylmer, une bibliothèque qui répond à des besoins plus variés qu’uniquement le prêt de livres. En effet, la ferveur moderne pousse les bibliothèques à se redéfinir comme un troisième lieu où se mêlent culture, éducation, technologie, divertissement, socialisation et confort. La bibliothèque Lucy-Faris, qui était déjà trop petite au moment de son ouverture en 2002, doit donc moduler ses espaces et s’adapter. Or, le bâtiment actuel de la bibliothèque ne permet pas une telle modernisation puisqu’il est structurellement instable._x000D_
Il est donc prévu de démolir le bâtiment existant et de reconstruire, au même endroit, un bâtiment certifié Leed argent de trois étages (les coûts reliés à la démolition du bâtiment existant seront assumés par la Ville de Gatineau). Deux étages seront destinés à une bibliothèque d’une superficie prévue de 3 700 m² et un étage dédié aux services municipaux._x000D_
La modernisation de la bibliothèque Lucy-Faris est fort attendue par les citoyens de cet arrondissement, mais bénéficiera à l’ensemble de la population de la municipalité, en plus d’être une contribution essentielle à la modernisation du réseau de bibliothèques de la Ville de Gatineau.",,,,,,En planification,"Mars 2022_x000D_
Le projet a été autorisé à l’étape « En planification ».",Ministre de la Culture et des Communications,Bibliothèque Lucy-Faris,Bibliothèque Lucy-Faris,Culture,Éducation culture,07 – Outaouais,Bibliothèque Lucy-Faris,Gatineau,Reconstruction
865,École primaire (A) du centre de services scolaire Marie-Victorin – Longueuil – Construction,"Le projet consiste en la construction d’une école primaire à Longueuil, sur le territoire du centre de services scolaire Marie-Victorin. Afin de réduire le déficit d’espace reconnu par le Ministère, trois classes de maternelle 4 ans, trois d’éducation préscolaire et dix-huit d’enseignement primaire sont prévues.",,,,,,En planification,"Mars 2022_x000D_
Le projet a été autorisé à l’étape « En planification ».",Ministre de l’Éducation,Centre de services scolaire Marie-Victorin,Centre de services scolaire Marie-Victorin,Éducation,Éducation et culture,16 – Montérégie,École primaire (A) du centre de services scolaire Marie-Victorin,Longueuil,Construction
866,École primaire du centre de services scolaire des Patriotes – Boucherville – Construction,"Le projet consiste en la construction d’une école primaire à Boucherville, sur le territoire du centre de services scolaires des Patriotes. Afin de réduire le déficit d’espace reconnu par le Ministère, deux classes de maternelle 4 ans, deux d’éducation préscolaire et douze d’enseignement primaire sont prévues.",,,,,,En planification,"Mars 2022_x000D_
Le projet a été autorisé à l’étape « En planification ».",Ministre de l’Éducation,Centre de services scolaire des Patriotes,Centre de services scolaire des Patriotes,Éducation,Éducation et culture,16 – Montérégie,École primaire du centre de services scolaire des Patriotes,Boucherville,Construction
867,École primaire (B) du centre de services scolaire de Montréal (arrondissement de Mercier–Hochelaga-Maisonneuve) – Reconstruction,"Le projet consiste en la démolition et la reconstruction du bâtiment situé au 8075, rue Hochelaga, en école primaire, sur le territoire du centre de services scolaire de Montréal. Afin de réduire le déficit d’espace reconnu par le Ministère, quatre classes d’éducation préscolaire et douze d’enseignement primaire sont prévues.",,,,,,En planification,"Mars 2022_x000D_
Le projet a été autorisé à l’étape « En planification ».",Ministre de l’Éducation,Centre de services scolaire de Montréal,Centre de services scolaire de Montréal,Éducation,Éducation et culture,06 – Montréal,École primaire (B) du centre de services scolaire de Montréal,Montréal (arrondissement de Mercier–Hochelaga-Maisonneuve),Reconstruction
868,École primaire du centre de services scolaire de la Région-de-Sherbrooke – Sherbrooke – Construction,"Le projet consiste en la construction d’une école primaire à Sherbrooke, sur le territoire du centre de services scolaire de la Région-de-Sherbrooke. Afin de réduire le déficit d’espace reconnu par le Ministère, deux classes de maternelle 4 ans, deux d’éducation préscolaire et douze d’enseignement primaire sont prévues.",,,,,,En planification,"Mars 2022_x000D_
Le projet a été autorisé à l’étape « En planification ».",Ministre de l’Éducation,Centre de services scolaire de la Région-de-Sherbrooke,Centre de services scolaire de la Région-de-Sherbrooke,Éducation,Éducation et culture,05 – Estrie,École primaire du centre de services scolaire de la Région-de-Sherbrooke,Sherbrooke,Construction
869,École primaire du centre de services scolaire des Grandes-Seigneuries – Candiac – Construction,"Le projet consiste en la construction d’une école primaire à Candiac, dans le quartier de la gare, sur le territoire du centre de services scolaire des Grandes-Seigneuries. Afin de réduire le déficit d’espace reconnu par le Ministère, trois classes de maternelle 4 ans, trois d’éducation préscolaire et vingt d’enseignement primaire sont prévues.",,,,,,En planification,"Mars 2022_x000D_
Le projet a été autorisé à l’étape « En planification ».",Ministre de l’Éducation,Centre de services scolaire des Grandes-Seigneuries,Centre de services scolaire des Grandes-Seigneuries,Éducation,Éducation et culture,16 – Montérégie,École primaire du centre de services scolaire des Grandes-Seigneuries,Candiac,Construction
870,École primaire de la commission scolaire Lester-B.-Pearson – Montérégie – Construction,"Le projet consiste en la construction d’une école primaire sur le territoire de la commission scolaire Lester-B.-Pearson, en Montérégie. Afin de réduire le déficit d’espace reconnu par le Ministère, deux classes de maternelle 4 ans, trois d’éducation préscolaire et seize d’enseignement primaire sont prévues.",,,,,,En planification,"Mars 2022_x000D_
Le projet a été autorisé à l’étape « En planification ».",Ministre de l’Éducation,Commission scolaire Lester-B.-Pearson,Commission scolaire Lester-B.-Pearson,Éducation,Éducation et culture,16 – Montérégie,École primaire de la commission scolaire Lester-B.-Pearson,Montérégie,Construction
871,École primaire du centre de services scolaire des Grandes-Seigneuries – Châteauguay – Construction,"Le projet consiste en la construction d’une école primaire à Châteauguay, secteur ouest, sur le territoire du centre de services scolaire des Grandes-Seigneuries. Afin de réduire le déficit d’espace reconnu par le Ministère, deux classes de maternelle 4 ans, deux d’éducation préscolaire et quatorze d’enseignement primaire sont prévues.",,,,,,En planification,"Mars 2022_x000D_
Le projet a été autorisé à l’étape « En planification ».",Ministre de l’Éducation,Centre de services scolaire des Grandes-Seigneuries,Centre de services scolaire des Grandes-Seigneuries,Éducation,Éducation et culture,16 – Montérégie,École primaire du centre de services scolaire des Grandes-Seigneuries,Châteauguay,Construction
872,École secondaire de l’Amitié du centre de services scolaire des Affluents – L’Assomption – Agrandissement,"Le projet consiste en l’agrandissement de l’école secondaire de l’Amitié à L’Assomption, sur le territoire du centre de services scolaire des Affluents. Afin de réduire le déficit d’espace reconnu par le Ministère, l’ajout de 174 places-élèves est prévu. Ainsi, la capacité d’accueil de l’école sera de 696 places-élèves.",,,,,,En planification,"Mars 2022_x000D_
Le projet a été autorisé à l’étape « En planification ».",Ministre de l’Éducation,Centre de services scolaire des Affluents,Centre de services scolaire des Affluents,Éducation,Éducation et culture,14 – Lanaudière,École secondaire de l’Amitié du centre de services scolaire des Affluents,L’Assomption,Agrandissement
873,École secondaire Maquatua Eeyou de la commission scolaire crie – Wemindji – Agrandissement et réaménagement,"Le projet consiste à l’agrandissement et au réaménagement de l’école secondaire Maquatua Eeyou à Wemindji, sur le territoire de la commission scolaire crie._x000D_
Les résultats de l’analyse du besoin, actuellement en cours, permettront de déterminer le nombre de places-élèves nécessaires pour réduire le déficit d’espace reconnu par le Ministère.",,,,,,En planification,"Mars 2022_x000D_
Le projet a été autorisé à l’étape « En planification ».",Ministre de l’Éducation,Commission scolaire crie,Commission scolaire crie,Éducation,Éducation et culture,10 – Nord-du-Québec,École secondaire Maquatua Eeyou de la commission scolaire crie,Wemindji,Agrandissement et réaménagement
875,École primaire du centre de services scolaire de Saint-Hyacinthe – Construction,"Le projet consiste en la construction d’une école primaire à Saint-Hyacinthe, sur le territoire du centre de services scolaire de Saint-Hyacinthe. Afin de réduire le déficit d’espace reconnu par le Ministère, une classe de maternelle 4 ans, deux d’éducation préscolaire et onze d’enseignement primaire sont prévues.",,,,,,En planification,"Mars 2022_x000D_
Le projet a été autorisé à l’étape « En planification ».",Ministre de l’Éducation,Centre de services scolaire de Saint-Hyacinthe,centre de services scolaire de Saint-Hyacinthe,Éducation,Éducation et culture,16 – Montérégie,École primaire du centre de services scolaire de Saint-Hyacinthe ,Saint-Hyacinthe,Construction
876,École primaire (B) du centre de services scolaire Marie-Victorin – Longueuil – Construction,"Le projet consiste en la construction d’une école primaire à Longueuil, sur le territoire du centre de services scolaire Marie-Victorin. Afin de réduire le déficit d’espace reconnu par le Ministère, trois classes de maternelle 4 ans, trois d’éducation préscolaire et dix-huit d’enseignement primaire sont prévues.",,,,,,En planification,"Mars 2022_x000D_
Le projet a été autorisé à l’étape « En planification ».",Ministre de l’Éducation,Centre de services scolaire Marie-Victorin,Centre de services scolaire Marie-Victorin,Éducation,Éducation et culture,16 – Montérégie,École primaire du centre de services scolaire Marie-Victorin,Longueuil,Construction
877,École primaire du centre de services scolaire des Grandes-Seigneuries – Saint-Constant – Construction,"Le projet consiste en la construction d’une école primaire à Saint-Constant, sur le territoire du centre de services scolaire des Grandes-Seigneuries. Afin de réduire le déficit d’espace reconnu par le Ministère, trois classes de maternelle 4 ans, trois d’éducation préscolaire et vingt d’enseignement primaire sont prévues.",,,,,,En planification,"Mars 2022_x000D_
Le projet a été autorisé à l’étape « En planification ».",Ministre de l’Éducation,Centre de services scolaire des Grandes-Seigneuries,Centre de services scolaire des Grandes-Seigneuries,Éducation,Éducation et culture,16 – Montérégie,École primaire du centre de services scolaire des Grandes-Seigneuries,Saint-Constant,Construction
878,École secondaire internationale de Saint-Lambert de la commission scolaire Riverside – Agrandissement,"Le projet consiste en l’agrandissement de l’école secondaire internationale de Saint-Lambert, sur le territoire de la commission scolaire Riverside. Afin de répondre aux besoins de la clientèle du service régional ou suprarégional de scolarisation et des élèves handicapés ou en difficulté d’adaptation ou d’apprentissage, dix-sept classes d’enseignement préscolaire et primaire sont prévues.",,,,,,En planification,"Mars 2022_x000D_
Le projet a été autorisé à l’étape « En planification ».",Ministre de l’Éducation,Commission scolaire Riverside,Commission scolaire Riverside,Éducation,Éducation et culture,16 – Montérégie,École secondaire internationale de Saint-Lambert de la commission scolaire Riverside,Saint-Lambert,Agrandissement
879,"Université du Québec à Trois-Rivières, pavillon de la recherche et de l’innovation sur les technologies vertes et durables – Construction","Le projet vise la construction d’un pavillon au centre-ville de Trois-Rivières qui sera conçu selon un modèle de développement carboneutre et certifié LEED, indépendant et autonome énergiquement, et qui se veut un modèle de construction orienté vers la transition énergétique en plus d’être innovant et de réunir divers créneaux de recherches phares de l’UQTR. L’édifice comprendra un environnement contrôlé avec des espaces de culture intérieure (éclairage artificiel), une serre sur le toit, un parc commun, des équipements de recherche et de nombreux laboratoires d’analyse interdisciplinaires à la fine pointe de la technologie.",,,,,,En planification,"Mars 2022_x000D_
Le projet a été autorisé à l’étape « En planification ».",Ministre de l’Économie et de l’Innovation,Université du Québec à Trois-Rivières,Université du Québec à Trois-Rivières,Recherche,Économie et environnement,04 – Mauricie,Université du Québec à Trois-Rivières,Trois-Rivières,Construction
881,"Hôpital du Haut-Richelieu, centre mère-enfant et laboratoire de biologie médicale – Saint-Jean-sur-Richelieu – Réaménagement","Le projet consiste, dans un premier temps, à aménager un espace vacant ayant une superficie brute de 3 245 m² au troisième étage du nouveau pavillon de l’hôpital du Haut-Richelieu pour y implanter un centre mère-enfant (CME) sur une superficie brute de 1 708 m², un laboratoire associé de biologie médicale ainsi que des espaces de bureaux et publics. Dans un deuxième temps, le réaménagement de la clinique de grossesse à risque élevé (GARE) sera réalisé dans des espaces laissés vacants par la relocalisation du CME. Le projet comprend également des travaux à la salle mécanique de l’appentis, la salle électrique principale au sous-sol, le local d’eau osmosée, l’enclos des groupes électrogènes ainsi que l’ajout d’un corridor vers les ascenseurs existants.",28800000,23800000,5000000,2023-05-01,2024-09-01,En réalisation,"Février 2022_x000D_
Le projet a été autorisé à l’étape « En réalisation ».",Ministère de la Santé et des Services sociaux,Centre de santé et des services sociaux de la Montérégie-Centre,Société québécoise des infrastructures,Santé et Services sociaux,Santé et Services sociaux,16 – Montérégie,Hôpital du Haut-Richelieu,Saint-Jean-sur-Richelieu,Réaménagement
882,"Institut universitaire de cardiologie et de pneumologie de Québec, unité de soins – Construction",Le projet consiste en la construction d’un bâtiment modulaire de deux étages reliés à l’installation principale afin d’y aménager deux unités de soins de 32 lits chacune pour un total de 64 lits pour ainsi réduire la congestion des unités de soins et de répondre aux besoins des intervenants et des usagers.,,,,,,En planification,"Mars 2022_x000D_
Le projet a été autorisé à l’étape « En planification ».",Ministre de la Santé et des Services sociaux,Institut universitaire de cardiologie et de pneumologie de Québec – Université Laval,Société québécoise des infrastructures,Santé et Services sociaux,Santé et Services sociaux,03 – Capitale-Nationale,Institut universitaire de cardiologie et de pneumologie de Québec,Québec,Construction
883,Centre d’hébergement et de soins de longue durée des Collines – La Pêche – Agrandissement et réaménagement,"Le projet consiste au réaménagement du rez-de-chaussée du centre d’hébergement de soins de longue durée (CHSLD) des Collines pour y ajouter 24 places au 56 places existantes, à la suite de la relocalisation du CLSC de La Pêche._x000D_
La réalisation des deux volets du projet permettra de résoudre la problématique du transfert d’usagers vers les centres urbains pour de l’hébergement de longue durée, de même que l’hébergement de longue durée en milieu hospitalier.",,,,,,En planification,"Mars 2022_x000D_
Le projet a été autorisé à l’étape « En planification ».",Ministre de la Santé et des Services sociaux,Centre intégré de santé et de services sociaux de l’Outaouais,Centre intégré de santé et de services sociaux de l’Outaouais,Santé et Services sociaux,Santé et Services sociaux,07 – Outaouais,Centre d’hébergement et de soins de longue durée des Collines,La Pêche,Agrandissement et réaménagement
884,"Parc de la Chute-Montmorency, sentiers et passerelle semi-submersible – Québec – Construction","Le parc de la Chute-Montmorency est le deuxième attrait touristique le plus visité de la région de Québec. En 2019-2020, il a accueilli plus d’un million de visiteurs dont 60 % provenaient de l’extérieur du Québec._x000D__x000D_ Le projet vise à accroître le nombre de visiteurs et à améliorer leur expérience. Ainsi, il est prévu la construction d’un circuit complet d’expériences au pied de la chute Montmorency qui comprend :_x000D__x000D__x000D_
• La passerelle semi-submersible : elle sera installée au pied de la chute. Celle-ci est une prouesse technique de 18 mètres de longueur qui traversera le bassin et qui offrira aux visiteurs une expérience multisensorielle en s’approchant du pied de la chute pour en ressentir toute sa force_x000D_
• Le sentier nature : il est composé d’un long sentier de bois de 410 mètres qui prévoit plusieurs accès à l’eau; ce sentier est le site idéal pour les pêcheurs qui souhaitent continuer à lancer leur ligne dans le bassin et les promeneurs qui souhaitent s’approcher de la chute. Ce sentier mène au versant ouest de la passerelle semi-submersible_x000D_
• Le sentier minéral : élargissement et rehaussement du sentier actuel. Le parcours sera enjolivé par des aménagements paysagers. Ce sentier mène au versant est de la passerelle semi-submersible",32400000,32400000,0,2021-09-01,2022-09-01,En service,"Mars 2022_x000D_
La mise en service partielle de l’infrastructure a été autorisée au cours de l’année financière 2021-2022._x000D_
Février 2022_x000D_
Le projet a été autorisé à l’étape « En réalisation ».","Ministre des Forêts, de la Faune et des Parcs",Société des établissements de plein air du Québec,Société des établissements de plein air du Québec,Tourisme et activités récréatives,Économie et environnement,03 – Capitale-Nationale,"Parc de la Chute-Montmorency, sentiers et passerelle semi-submersible",Québec,Construction
885,"Parc olympique, systèmes électriques et mécaniques de l’enceinte du Stade – Montréal – Remplacement","Le projet consiste à remplacer les systèmes électriques et mécaniques de l’enceinte du Stade, actuellement en fin de vie utile. Le remplacement de ces équipements permettra d’effectuer une mise aux normes des systèmes de ventilation, d’évacuation de l’air et du système de désenfumage à l’intérieur de l’enceinte.",,,,,,En planification,"Mars 2022_x000D_
Le projet a été autorisé à l’étape « En planification ».",Ministre du Tourisme,Parc olympique,Parc olympique,Tourisme et activités récréatives,Économie et environnement,06 – Montréal,Parc olympique,Montréal,Remplacement
886,"Musée national des beaux-arts du Québec, Espace Riopelle – Québec – Agrandissement","Dans le cadre de la réalisation du projet Espace Riopelle, le Gouvernement du Québec, la Fondation Jean Paul Riopelle et ses fondateurs ainsi que le Musée national des beaux-arts du Québec (MNBAQ) et sa Fondation s’unissent pour concevoir un partenariat inédit visant à doter le Québec d’une vitrine internationale en hommage à Jean Paul Riopelle en vue du centenaire de sa naissance en 2023. Le projet vise à créer un espace de diffusion permanent dédié à l’artiste par un agrandissement du pavillon central du complexe muséal du MNBAQ. Le projet fera l’objet d’un concours d’architecture.",,,,,,En planification,"Mars 2022_x000D_
Le projet a été autorisé à l’étape « En planification ».",Ministre de la Culture et des Communications,Musée national des beaux-arts du Québec,Musée national des beaux-arts du Québec,Culture,Éducation et culture,03 – Capitale-Nationale,Musée national des beaux-arts du Québec,Québec,Agrandissement
891,Route éolienne – Gaspé – Construction,"Le projet consiste en la construction d’un nouveau lien routier d’utilité publique d’environ 7,5 kilomètres de long pour permettre, notamment, le transport de pales d’éoliennes.",,,,,,En planification,"Mars 2022_x000D_
Le projet a été autorisé à l’étape « En planification ».",Ministre des Affaires municipales et de l’Habitation,Ville de Gaspé,Ville de Gaspé,Municipalités,Économie et environnement,11 – Gaspésie–Îles-de-la-Madeleine,Route éolienne,Gaspé,Construction
892,École secondaire Paul-Gérin-Lajoie-d’Outremont du centre de services scolaire Marguerite-Bourgeoys – Montréal – Agrandissement,"Le projet consiste en l’agrandissement de l’école secondaire Paul-Guérin-Lajoie-d’Outremont à Montréal, sur le territoire du centre de services scolaire Marguerite-Bourgeoys. Le projet permettra d’ajouter 358 places-élèves et un gymnase afin de réduire le déficit d’espace reconnu par le Ministère.",27100000,27100000,0,,2023-08-31,En réalisation,"Mars 2022_x000D_
Le projet a été autorisé à l’étape « En réalisation ».",Ministre de l’Éducation,Centre de services scolaire Marguerite-Bourgeoys,Centre de services scolaire Marguerite-Bourgeoys,Éducation,Éducation et culture,06 – Montréal,École secondaire Paul-Gérin-Lajoie-d’Outremont du centre de services scolaire Marguerite-Bourgeoys,Montréal,Agrandissement
893,École primaire Christ-Roi du centre de services scolaire Marie-Victorin – Longueuil – Agrandissement,"Le projet consiste en l’agrandissement de l’école primaire Christ-Roi à Longueuil, sur le territoire du centre de services scolaire Marie-Victorin. Afin de réduire le déficit d’espace reconnu par le Ministère, trois classes d’éducation préscolaire et douze d’enseignement primaire sont prévues. La capacité d’accueil de l’école sera de trente-sept classes.",41300000,41300000,0,,2023-08-31,En réalisation,"Mars 2022_x000D_
Le projet a été autorisé à l’étape « En réalisation ».",Ministre de l’Éducation,Centre de services scolaire Marie-Victorin,Centre de services scolaire Marie-Victorin,Éducation,Éducation et culture,16 – Montérégie,École primaire Christ-Roi du centre de services scolaire Marie-Victorin,Longueuil,Agrandissement
894,École primaire Marie-Victorin du centre de services scolaire Marie-Victorin – Brossard – Agrandissement,"Le projet consiste en l’agrandissement de l’école primaire Marie-Victorin à Brossard, sur le territoire du centre de services scolaire Marie-Victorin. Afin de réduire le déficit d’espace reconnu par le Ministère, quatre classes d’éducation préscolaire et douze d’enseignement primaire seront ajoutées. La capacité d’accueil de l’école sera de trente-deux classes.",29500000,29500000,0,,2022-08-31,En réalisation,"Mars 2022_x000D_
Le projet a été autorisé à l’étape « En réalisation ».",Ministre de l’Éducation,Centre de services scolaire Marie-Victorin,Centre de services scolaire Marie-Victorin,Éducation,Éducation et culture,16 – Montérégie,École primaire Marie-Victorin du centre de services scolaire Marie-Victorin,Brossard,Agrandissement
895,École secondaire Joseph-François-Perrault du centre de services scolaire de la Capitale – Québec – Agrandissement,"Le projet consiste en l’agrandissement de l’école secondaire Joseph-François-Perrault à Québec, sur le territoire du centre de services scolaire de la Capitale. Le projet permettra d’ajouter 348 places-élèves ainsi qu’un gymnase afin de réduire le déficit d’espace reconnu par le Ministère.",30600000,30600000,0,,2023-08-31,En réalisation,"Mars 2022_x000D_
Le projet a été autorisé à l’étape « En réalisation ».",Ministre de l’Éducation,Centre de services scolaire de la Capitale,Centre de services scolaire de la Capitale,Éducation,Éducation et culture,03 – Capitale-Nationale,École secondaire Joseph-François-Perrault du centre de services scolaire de la Capitale,Québec,Agrandissement
896,École secondaire du centre de services scolaire de Montréal (arrondissement Rosemont–La Petite-Patrie) – Réaménagement,"Le projet consiste au réaménagement du bâtiment excédentaire situé au 3641, avenue Prud’homme en école secondaire dans l’arrondissement de Rosemont–La-Petite-Patrie, sur le territoire du centre de services scolaire de Montréal. Afin de réduire le déficit d’espace reconnu par le Ministère, 435 places-élèves seront aménagées.",24900000,24900000,0,,2022-08-31,En réalisation,"Mars 2022_x000D_
Le projet a été autorisé à l’étape « En réalisation ».",Ministre de l’Éducation,Centre de services scolaire de Montréal,Centre de services scolaire de Montréal,Éducation,Éducation et culture,06 – Montréal,École secondaire du centre de services scolaire de Montréal ,Montréal,Réaménagement
897,École primaire (B) du centre de services scolaire des Mille-Îles – Mirabel – Construction,"Le projet consiste en la construction d’une école primaire à Mirabel, sur le territoire du centre de services scolaire des Mille-Îles. Afin de réduire le déficit d’espace reconnu par le Ministère, sept classes d’éducation préscolaire seront construites.",25800000,25800000,0,,2023-08-31,En réalisation,"Mars 2022_x000D_
 Le projet a été autorisé à l’étape « En réalisation ».",Ministre de l’Éducation,Centre de services scolaire des Mille-Îles,Centre de services scolaire des Mille-Îles,Éducation,Éducation et culture,15 – Laurentides,École primaire (B) du centre de services scolaire des Mille-Îles,Mirabel,Construction
898,École primaire Saint-Louis du centre de services scolaire Marguerite-Bourgeoys – Pointe-Claire – Agrandissement,"Le projet consiste en l’agrandissement de l’école primaire Saint-Louis à Pointe-Claire, sur le territoire du centre de services scolaire Marguerite-Bourgeoys. Afin de réduire le déficit d’espace reconnu par le Ministère, quatre classes d’éducation préscolaire et huit d’enseignement primaire seront ajoutées. La capacité d’accueil de l’école sera de trente classes.",28000000,28000000,0,,2023-08-31,En réalisation,"Mars 2022_x000D_
Le projet a été autorisé à l’étape « En réalisation ».",Ministre de l’Éducation,Centre de services scolaire Marguerite-Bourgeoys,Centre de services scolaire Marguerite-Bourgeoys,Éducation,Éducation et culture,06 – Montréal,École primaire Saint-Louis du centre de services scolaire Marguerite-Bourgeoys,Pointe-Claire,Agrandissement
899,École primaire Saint-Rémi du centre de services scolaire Marguerite-Bourgeoys – Beaconsfield – Agrandissement,"Le projet consiste en l’agrandissement de l’école primaire Saint-Rémi à Beaconsfield, sur le territoire du centre de services scolaire Marguerite-Bourgeoys. Afin de réduire le déficit d’espace reconnu par le Ministère, six classes d’éducation préscolaire et huit d’enseignement primaire seront ajoutées. La capacité d’accueil de l’école sera de trente classes.",28000000,28000000,0,,2023-08-31,En réalisation,"Mars 2022_x000D_
Le projet a été autorisé à l’étape « En réalisation ».",Ministre de l’Éducation,Centre de services scolaire Marguerite-Bourgeoys,Centre de services scolaire Marguerite-Bourgeoys,Éducation,Éducation et culture,06 – Montréal,École primaire Saint-Rémi,Beaconsfield,Agrandissement
900,École primaire du centre de services scolaire au Cœur-des-Vallées – L’Ange-Gardien – Construction,"Le projet consiste en la construction d’une école primaire à L’Ange-Gardien, sur le territoire du centre de services scolaire au Cœur-des-Vallées. Afin de réduire le déficit d’espace reconnu par le Ministère, quatre classes d’éducation préscolaire et douze d’enseignement primaire seront construites.",24400000,24400000,0,,2023-08-31,En réalisation,"Mars 2022_x000D_
Le projet a été autorisé à l’étape « En réalisation ».",Ministre de l’Éducation,Centre de services scolaire au Cœur-des-Vallées,Centre de services scolaire au Cœur-des-Vallées,Éducation,Éducation et culture,07 – Outaouais,École primaire du centre de services scolaire au Cœur-des-Vallées,L’Ange-Gardien,Construction
901,École primaire Pierre-Elliott-Trudeau de la commission scolaire Western Québec – Gatineau – Agrandissement,"Le projet consiste à l’agrandissement de l’école primaire Pierre-Elliot-Trudeau à Gatineau, sur le territoire de la commission scolaire Western Québec. Afin de réduire le déficit d’espace reconnu par le Ministère, quatre classes d’éducation préscolaire et quatre d’enseignement primaire sont prévues. La capacité d’accueil de l’école sera de trente-quatre classes.",,,,,,En planification,"Mars 2022_x000D_
Le projet a été autorisé à l’étape « En planification ».",Ministre de l’Éducation,Commission scolaire Western Québec,Commission scolaire Western Québec,Éducation,Éducation et culture,07 – Outaouais,École primaire Pierre-Elliott-Trudeau de la commission scolaire Western Québec,Gatineau,Agrandissement
902,École primaire du Trait-d’Union du centre de services scolaire des Mille-Îles – Sainte-Thérèse – Reconstruction et agrandissement,"Le projet consiste en la démolition, la reconstruction et l’agrandissement de l’école primaire du Trait-d’Union, pavillon Adolphe-Chapeau, à Sainte-Thérèse, sur le territoire du centre de services scolaire des Mille-Îles. Afin de réduire le déficit d’espace reconnu par le Ministère, six classes d’éducation préscolaire sont prévues. Ainsi, la capacité d’accueil de la nouvelle école sera de vingt-quatre classes.",,,,,,En planification,"Mars 2022_x000D_
Le projet a été autorisé à l’étape « En planification ».",Ministre de l’Éducation,Centre de services scolaire des Mille-Îles,Centre de services scolaire des Mille-Îles,Éducation,Éducation et culture,15 – Laurentides,École primaire du Trait-d’Union du centre de services scolaire des Mille-Îles,Sainte-Thérèse,Reconstruction et agrandissement
903,École primaire (A) du centre de services scolaire du Val-des-Cerfs – Granby – Construction,"Le projet consiste en la construction d’une école primaire à Granby, sur le territoire du centre de services scolaire du Val-des-Cerfs. Afin de réduire le déficit d’espace reconnu par le Ministère, quatre classes d’éducation préscolaire et douze classes d’enseignement primaire seront construites.",24700000,24700000,0,,2023-08-31,En réalisation,"Mars 2022_x000D_
Le projet a été autorisé à l’étape « En réalisation ».",Ministre de l’Éducation,Centre de services scolaire du Val-des-Cerfs,Centre de services scolaire du Val-des-Cerfs,Éducation,Éducation et culture,05 – Estrie,École primaire (A) du centre de services scolaire du Val-des-Cerfs,Granby,Construction
904,École primaire des Rayons-de-Soleil du centre de services scolaire de la Côte-du-Sud – Saint-Damien-de-Buckland – Reconstruction,"Le projet consiste en la démolition et la reconstruction de l’école primaire des Rayons-de-soleil à Saint-Damien-de-Buckland, sur le territoire du centre de services scolaire de la Côte-du-Sud. La nouvelle école aura une capacité d’accueil égale à l’ancienne, soit deux classes d’éducation préscolaire et sept d’enseignement primaire.",,,,,,En planification,"Mars 2022_x000D_
Le projet a été autorisé à l’étape « En planification ».",Ministre de l’Éducation,Centre de services scolaire de la Côte-du-Sud,Centre de services scolaire de la Côte-du-Sud,Éducation,Éducation et culture,12 – Chaudière-Appalaches,École primaire des Rayons-de-Soleil du centre de services scolaire de la Côte-du-Sud,Saint-Damien-de-Buckland,Reconstruction
905,École primaire du centre de services scolaire des Mille-Îles – Saint-Eustache – Reconstruction et agrandissement,"Le projet consiste en la démolition des écoles primaires Villages-des-Jeunes et Notre-Dame à Saint-Eustache, sur le territoire du centre de services scolaire des Mille-Îles et en la reconstruction d’une seule grande école. La nouvelle école aura une capacité d’accueil de deux classes de maternelle 4 ans, deux d’éducation préscolaire et vingt-cinq d’enseignement primaire.",,,,,,En planification,"Mars 2022_x000D_
Le projet a été autorisé à l’étape « En planification ».",Ministre de l’Éducation,Centre de services scolaire des Mille-Îles,Centre de services scolaire des Mille-Îles,Éducation,Éducation et culture,15 – Laurentides,École primaire du centre de services scolaire des Mille-Îles ,Saint-Eustache,Reconstruction et agrandissement
906,École primaire du centre de services scolaire des Samares – Saint-Gabriel – Reconstruction et agrandissement,"Le projet consiste en la démolition des écoles primaires Tourbillons, des Rafales et de l’envolée à Saint-Gabriel, sur le territoire du centre de services scolaire des Samares et en la reconstruction d’une seule grande école. Afin de réduire le déficit d’espace reconnu par le Ministère, trois classes d’éducation préscolaire sont prévues. Ainsi, la capacité d’accueil de la nouvelle école sera de vingt-deux classes.",,,,,,En planification,"Mars 2022_x000D_
Le projet a été autorisé à l’étape « En planification ».",Ministre de l’Éducation,Centre de services scolaire des Samares,Centre de services scolaire des Samares,Éducation,Éducation et culture,14 – Lanaudière,École primaire du centre de services scolaire des Samares,Saint-Gabriel,Reconstruction et agrandissement
907,New Carlisle High School de la commission scolaire Eastern Shores – Reconstruction,"Le projet consiste en la démolition et la reconstruction de l’école New Carlisle High School, sur le territoire de la commission scolaire Eastern-Shores. La nouvelle école secondaire prévoit une capacité d’accueil de 145 places-élèves.",,,,,,En planification,"Mars 2022_x000D_
Le projet a été autorisé à l’étape « En planification ».",Ministre de l’Éducation,Commission scolaire Eastern Shores,Commission scolaire Eastern Shores,Éducation,Éducation et culture,11 – Gaspésie–Îles-de-la-Madeleine,New Carlisle High School de la commission scolaire Eastern Shores,New Carlisle,Reconstruction
908,"École primaire des Monarques du centre de services scolaire de Montréal, édifice Marie-Rollet – Montréal – Reconstruction","Le projet consiste en la démolition et la reconstruction de l’édifice Marie-Rollet de l’école primaire des Monarques, à Montréal, sur le territoire du centre de services scolaire de Montréal. Afin de réduire le déficit d’espace reconnu par le Ministère, deux classes d’éducation préscolaire et douze d’enseignement primaire sont prévues.",,,,,,En planification,"Mars 2022_x000D_
Le projet a été autorisé à l’étape « En planification ».",Ministre de l’Éducation,Centre de services scolaire de Montréal,Centre de services scolaire de Montréal,Éducation,Éducation et culture,06 – Montréal,École primaire des Monarques du centre de services scolaire de Montréal,Montréal,Reconstruction
909,"Métro de Montréal, voitures de métro MR-73 (phase II) – Maintien et bonification","Le projet consiste à prolonger la vie utile des voitures de métro MR-73 jusqu’à 60 ans, et ce, tout en assurant la fiabilité et la disponibilité des équipements. La phase I de ce projet correspond au projet 176 du Tableau de bord.",,,,,,En planification,"Mars 2022_x000D_
Le projet a été autorisé à l’étape « En planification ».",Ministre des Transports,Société de transport de Montréal,Société de transport de Montréal,Transport collectif,Économie et environnement,06 – Montréal,Métro de Montréal,Montréal,Maintien et bonification
910,Complexe aquatique – Laval – Construction,"Le projet vise la construction d’un complexe aquatique intérieur comprenant principalement trois bassins aquatiques, des locaux techniques, des espaces d’accueil, des espaces de services (vestiaires, toilettes, etc.) et de circulation ainsi que d’autres espaces récréatifs (salles multifonctionnelles).",,,,,,En planification,"Mars 2022_x000D_
Le projet a été autorisé à l’étape « En planification ».",Ministre de l’Éducation,Ville de Laval,Ville de Laval,Développement du sport,Éducation et culture,13 – Laval,Complexe aquatique ,Laval,Construction
911,Complexe récréatif Gadbois – Montréal – Réfection et reconstruction,"Le projet vise la rénovation et la reconstruction partielle du complexe récréatif Gadbois. Il permettra, à terme, d’offrir des espaces récréatifs et sportifs, dont des gymnases, une palestre de gymnastique, une piscine intérieure, des gradins, des vestiaires, des salles pour les arts martiaux, une salle de conditionnement physique, une salle d’haltérophilie et des locaux de services.",,,,,,En planification,"Mars 2022_x000D_
Le projet a été autorisé à l’étape « En planification ».",Ministre de l’Éducation,Ville de Montréal,Ville de Montréal,Développement du sport,Éducation et culture,06 – Montréal,Complexe récréatif Gadbois,Montréal,Réfection et reconstruction
912,Complexe sportif – Sorel-Tracy – Construction,"Le projet vise la construction d’un nouveau complexe sportif à Sorel-Tracy. Le bâtiment inclura principalement les éléments suivants : deux piscines, leurs équipements associés et une zone de jeux d’eau intérieurs, des espaces de circulation, une salle polyvalente, un sauna sec, des vestiaires, une aire de services, des gradins, une aire d’accueil, une conciergerie, des locaux techniques et d’entretien, des bureaux, une aire publique avec vue sur les bassins et des locaux de rangement. Des espaces de stationnements sont aussi prévus ainsi que l’aménagement extérieur.",,,,,,En planification,"Mars 2022_x000D_
Le projet a été autorisé à l’étape « En planification ».",Ministre de l’Éducation,Ville de Sorel-Tracy,Ville de Sorel-Tracy,Développement du sport,Éducation et culture,16 – Montérégie,Complexe sportif,Sorel-Tracy,Construction
913,Complexe aquatique – Châteauguay – Construction,"Le projet vise la construction d’un complexe aquatique intérieur à Châteauguay. Un premier bassin sportif incluant des tremplins est prévu pour répondre aux besoins exprimés depuis plusieurs années par les associations sportives de la région. Un second bassin récréatif est aussi prévu. De plus, le complexe comportera une salle d’entraînement, des locaux pour les sauveteurs, des vestiaires, deux salles d’aérobie/danse, une salle multifonctionnelle, un espace de restauration santé, une boutique, des gradins, un bureau pour organismes sportifs, des espaces d’entreposage, des locaux pour les installations mécaniques et de service électrique, une conciergerie, un stationnement et un débarcadère.",,,,,,En planification,"Mars 2022_x000D_
Le projet a été autorisé à l’étape « En planification ».",Ministre de l’Éducation,Régie Sports et loisirs Beau-Château,Régie Sports et loisirs Beau-Château,Développement du sport,Éducation et culture,16 – Montérégie,Complexe aquatique,Châteauguay,Construction
914,Centre sportif et récréatif – Montréal-Ouest – Construction,"Le projet vise la construction d’un nouveau centre sportif et récréatif à Montréal-Ouest. Il offrira notamment les locaux suivants : une patinoire intérieure, une piscine extérieure, un hall d’entrée, des espaces d’accueil et de services, des vestiaires, des toilettes et des douches, des locaux de rangement, des bureaux de sauveteurs, des salles polyvalentes, un local pour les arbitres, des locaux de rencontre et de rangement pour les clubs sportifs, des espaces pour les appareils mécaniques, d’entretien et de repos pour les employés, des bureaux pour les employés et une salle d’entraînement.",,,,,,En planification,"Mars 2022_x000D_
Le projet a été autorisé à l’étape « En planification ».",Ministre de l’Éducation,Ville de Montréal,Ville de Montréal,Développement du sport,Éducation et culture,06 – Montréal,Centre sportif et récréatif,Montréal-Ouest,Construction
915,Gare Montréal-Ouest (secteur nord) – Montréal – Construction et réaménagement,"Le projet s’inscrit dans une démarche d’amélioration continue des conditions de sécurité dans le secteur de la gare Montréal-Ouest, qui est encadrée par deux passages à niveau. Il prévoit d’améliorer les accès à la gare ainsi que la mise en service permanente du quai nord. Le tunnel actuel de la gare sera prolongé vers l’avenue Sherbrooke et un nouvel édicule sera construit une fois toutes les approbations obtenues.",29500000,21300000,8200000,2023-08-01,2023-12-01,En réalisation,"Mars 2022_x000D_
Le projet a été autorisé à l’étape « En réalisation ».",Ministre des Transports,exo,exo,Transport collectif,Économie et environnement,06 – Montréal,Gare Montréal-Ouest,Montréal,Aménagement
916,Centre d’exploitation de Saint-Hubert du RTL (phase II) – Longueuil – Réfection,"Le centre d’exploitation de Saint-Hubert est constitué de deux bâtiments qui ont été construits en deux étapes. La première a été achevée en 1974. Quant à la seconde, elle a été construite en 1977. Des études de vétusté ont démontré le piètre état de ce centre et la nécessité d’effectuer des travaux afin que les installations soient conformes aux règlements en vigueur et pour assurer la sécurité des travailleurs. La phase I du présent projet correspond au projet 182 du Tableau de bord.",,,,,,En planification,"Mars 2022_x000D_
Le projet a été autorisé à l’étape « En planification ».",Ministre des Transports,Réseau de transport de Longueuil,Réseau de transport de Longueuil,Transport collectif,Économie et environnement,16 – Montérégie,Centre d’exploitation de Saint-Hubert du RTL,Longueuil,Réfection
917,Réseau structurant de transport en commun de la STS (phase I) – Sherbrooke – Aménagement,"Le projet vise à mettre en place un réseau structurant de transport en commun sur les axes stratégiques de la ville, par l’aménagement de mesures préférentielles et d’arrêts à haut niveau de service.",,,,,,En planification,"Mars 2022_x000D_
Le projet a été autorisé à l’étape « En planification ».",Ministre des Transports,Société de transport de Sherbrooke,Société de transport de Sherbrooke,Transport collectif,Économie et environnement,05 – Estrie,Réseau structurant de transport en commun de la Société de transport de Sherbrooke,Sherbrooke,Aménagement
918,Garage d’exo – Montérégie (secteur Sainte-Julie) – Construction,Le projet consiste à construire un centre de transport permettant de réaliser toutes les tâches reliées à l’exploitation des nouveaux autobus 100 % électriques du secteur de Sainte-Julie. Ce projet permettra de revoir le modèle d’affaires en place chez exo pour la gestion des infrastructures fixes et du personnel dédié aux opérations des autobus de transport régulier.,,,,,,En planification,"Mars 2022_x000D_
Le projet a été autorisé à l’étape « En planification ».",Ministre des Transports,exo,exo,Transport collectif,Économie et environnement,16 – Montérégie,Garage d’exo,Montérégie (secteur Sainte-Julie),Construction
919,Garage d’exo – Montérégie (secteur La Presqu’Île) – Construction,"Le projet consiste à construire un centre de transport permettant de réaliser toutes tâches reliées à l’exploitation des nouveaux autobus 100% électriques du secteur de La Presqu’Île. Ce projet, qui est un élément essentiel à la réalisation du programme Exobus, permettra de revoir le modèle d’affaires en place chez exo pour la gestion des infrastructures fixes et du personnel dédié aux opérations autobus de transport régulier.",,,,,,En planification,"Mars 2022_x000D_
Le projet a été autorisé à l’étape « En planification ».",Ministre des Transports,exo,exo,Transport collectif,Économie et environnement,16 – Montérégie,Garage d’exo,Montérégie (secteur La Presqu’Île),Construction
920,"Centres de transport de la STM, programme d’électrification (phase II) – Montréal – Bonification et maintien","Le programme vise la planification et la mise en œuvre de l’électrification dans les futurs centres de transport ainsi que dans les centres existants. La phase II de ce programme englobe l’ingénierie, l’approvisionnement en équipements, les travaux d’installation des équipements nécessaires à l’électrification ainsi que le plan de raccordement au réseau d’Hydro-Québec des centres de transport Legendre et Saint-Laurent. La phase I de ce programme correspond au projet 773 du Tableau de bord.",,,,,,En planification,"Mars 2022_x000D_
Le projet a été autorisé à l’étape « En planification ».",Ministre des Transports,Société de transport de Montréal,Société de transport de Montréal,Transport collectif,Économie et environnement,06 – Montréal,Centres de transport de la STM,Montréal,Bonification et maintien
922,Ponts de l’autoroute 40 (Félix-Leclerc) au-dessus de la rivière Saint-Charles – Québec – Reconstruction,Le projet vise la reconstruction des ponts de l’autoroute 40 au-dessus de la rivière Saint-Charles afin d’en améliorer l’état.,,,,,,En planification,"Mars 2022_x000D_
Le projet a été autorisé à l’étape « En planification ».",Ministre des Transports,Ministère des Transports,Ministre des Transports,Réseau routier,Économie et environnement,03 – Capitale-Nationale,Ponts de l’autoroute 40 (Félix-Leclerc),Québec,Reconstruction
923,Pont de la route 169 au-dessus de la rivière Métabetchouane – Desbiens – Réfection,"Le projet vise la remise en état de la structure ayant atteint sa durée de vie utile, grâce à la réfection du tablier et des poutres du pont de la route 169 au-dessus de la rivière Métabetchouane à Desbiens.",,,,,,En planification,"Mars 2022_x000D_
Le projet a été autorisé à l’étape « En planification ».",Ministre des Transports,Ministère des Transports,Ministre des Transports,Réseau routier,Économie et environnement,02 – Saguenay–Lac-Saint-Jean,Pont de la route 169,Desbiens,Réfection
924,"Route 116, écran antibruit – Longueuil – Construction","L’objectif du projet est de réduire le climat sonore (supérieur à 65 décibels) du secteur résidentiel aux abords de la route 116, entre les rues Martineau et Morneau, afin de respecter la Politique sur le bruit routier du ministère des Transports. Ainsi, le projet consiste en la construction d’un écran antibruit de 1 900 m.",,,,,,En planification,"Mars 2022_x000D_
Le projet a été autorisé à l’étape « En planification ».",Ministre des Transports,Ministère des Transports,Ministre des Transports,Réseau routier,Économie et environnement,16 – Montérégie,Route 116,Longueuil,Construction
925,Ponts d’étagement de l’autoroute 40 (Félix-Leclerc) au-dessus des boulevards Masson et de l’Ormière – Québec – Reconstruction,Le projet vise la reconstruction des ponts d’étagement de l’autoroute 40 au-dessus des boulevards Masson et de l’Ormière afin d’en améliorer l’état.,,,,,,En planification,"Mars 2022_x000D_
Le projet a été autorisé à l’étape « En planification ».",Ministre des Transports,Ministère des Transports,Ministre des Transports,Réseau routier,Économie et environnement,03 – Capitale-Nationale,Ponts d’étagement de l’autoroute 40 (Félix-Leclerc),Québec,Reconstruction
926,"Route 199, secteur de Pointe-aux-Loups – Îles-de-la-Madeleine – Réaménagement","Le projet consiste à construire un ouvrage de protection des berges le long de la route 199 aux Îles-de-la-Madeleine, dans le secteur de Pointe-aux-Loups, au moyen d’une recharge de plage massive. Le projet nécessite de déplacer du sable dans le chenal de la Grande-Entrée, de le transporter et de le mettre en place dans le secteur de Pointe-aux-Loups.",,,,,,En planification,"Mars 2022_x000D_
Le projet a été autorisé à l’étape « En planification ».",Ministre des Transports,Ministère des Transports,Ministre des Transports,Réseau routier,Économie et environnement,11 – Gaspésie–Îles-de-la-Madeleine,Route 199,Îles-de-la-Madeleine,Bonification
927,Échangeur de l’autoroute 640 et de la montée des Pionniers – Terrebonne – Réfection,Le projet consiste en la réfection du drainage de l’échangeur de l’autoroute 640 et de la montée des Pionniers.,,,,,,En planification,"Mars 2022_x000D_
Le projet a été autorisé à l’étape « En planification ».",Ministre des Transports,Ministère des Transports,Ministre des Transports,Réseau routier,Économie et environnement,14 – Lanaudière,Échangeur de l’autoroute 640 et de la montée des Pionniers,Terrebonne,Réfection
928,"Route 199, secteur de la Jetée du Détroit – Îles-de-la-Madeleine – Construction","Le projet vise la construction d’un ouvrage de protection contre l’érosion côtière sur la route 199, dans le secteur de la jetée du détroit. La construction de cet ouvrage en abord de la route permettra le réaménagement du secteur afin de réduire les enjeux liés aux glissements de terrain et à l’érosion côtière. Il s’agit d’un projet lié à l’adaptation aux changements climatiques.",,,,,,En planification,"Mars 2022_x000D_
Le projet a été autorisé à l’étape « En planification ».",Ministre des Transports,Ministère des Transports,Ministre des Transports,Réseau routier,Économie et environnement,11 – Gaspésie–Îles-de-la-Madeleine,Route 199,Îles-de-la-Madeleine,Construction
929,Échangeur Darche – Sherbrooke – Reconstruction et réaménagement,Le projet consiste à reconstruire et réaménager l’échangeur Darche ainsi qu’à déplacer le ponceau du ruisseau Lyon afin de remettre en état cette structure ayant atteint sa durée de vie utile.,,,,,,En planification,"Mars 2022_x000D_
Le projet a été autorisé à l’étape « En planification ».",Ministre des Transports,Ministère des Transports,Ministre des Transports,Réseau routier,Économie et environnement,05 – Estrie,Échangeur Darche,Sherbrooke,Reconstruction et réaménagement
930,Autoroute 20 entre Notre-Dame-des-Neiges et Rimouski – Bonification,"Le projet constite à la prolongation de l’autoroute 20, entre Notre-Dame-des Neiges et Rimouski, soit sur un tronçon d’approximativement de 53 km, et qui pourrait comprendre la construction d’un pont au-dessus de la rivière des Trois Pistoles._x000D_
Ce projet vise également à:_x000D_
• Garantir un gain en matière de fluidité et de capacité ainsi que de sécurité routière pour les usagers de la route_x000D_
• Favoriser le développement économique et touristique de la région_x000D_
• Unifier les sections existantes de l’autoroute 20",,,,,,À l’étude,"Mars 2022_x000D_
Le projet a été autorisé à l’étape « À l’étude ».",Ministre des Transports,Ministère des Transports,Ministère des Transports,Réseau routier,Économie et environnement,01 – Bas-Saint-Laurent,Autoroute 20,De Notre-Dame-des-Neiges à Rimouski,Bonification
932,"Université McGill, pavillon Macdonald-Stewart (campus Macdonald) – Sainte-Anne-de-Bellevue – Réfection","Le projet prévoit la réfection et la mise aux normes du pavillon Macdonald-Stewart à Sainte-Anne-de-Bellevue, notamment l’installation de gicleurs, des réparations à l’enveloppe du bâtiment pour prévenir les infiltrations d’eau, et le remplacement des systèmes de chauffage, de ventilation et de conditionnement d’air.",,,,,,En planification,"Mars 2022_x000D_
Le projet a été autorisé à l’étape « En planification ».",Ministre de l’Enseignement supérieur,Ministère de l’Enseignement supérieur,Université McGill,Enseignement supérieur,Éducation et culture,06 – Montréal,Université McGill,Sainte-Anne-de-Bellevue,Réfection
934,"Université McGill, pavillon Ferrier – Montréal – Réfection","Le projet consiste principalement à remplacer la chaudière numéro 2 de la station électrique du pavillon Ferrier, actuellement alimentée au gaz naturel, par des chaudières électriques d’une capacité totale d’environ 10 MW.",24900000,22300000,2600000,,2025-03-01,En réalisation,"Mars 2022_x000D_
Le projet a été autorisé à l’étape « En réalisation ».",Ministre de l’Enseignement supérieur,Ministère de l’Enseignement supérieur,Université McGill,Enseignement supérieur,Éducation et culture,06 – Montréal,Université McGill,Montréal,Réfection
935,"Université McGill, pavillon de musique Strathcona – Montréal – Réfection","Le projet consiste à rénover l’enveloppe du pavillon de musique Strathcona, situé au 555, rue Sherbrooke ouest, comprenant le remplacement du toit, la réhabilitation des murs de maçonnerie, le remplacement des fenêtres, les escaliers et la réparation de la fondation.",25100000,11500000,13600000,,2025-03-01,En réalisation,"Mars 2022_x000D_
Le projet a été autorisé à l’étape « En réalisation ».",Ministre de l’Enseignement supérieur,Ministère de l’Enseignement supérieur,Université McGill,Enseignement supérieur,Éducation et culture,06 – Montréal,Université McGill,Montréal,Réfection
936,"Université McGill, pavillon Raymond – Montréal – Réfection","Le projet concerne des travaux d’entretien différés au pavillon Raymond, notamment la conformité à la protection incendie, des travaux de réfection de la toiture et de l’enveloppe, la mise aux normes des systèmes de ventilation, etc.",45200000,45200000,0,,2024-03-01,En réalisation,"Mars 2022_x000D_
Le projet a été autorisé à l’étape « En réalisation ».",Ministre de l’Enseignement supérieur,Ministère de l’Enseignement supérieur,Université McGill,Enseignement supérieur,Éducation et culture,06 – Montréal,Université McGill,Montréal,Réfection
938,"Port de Matane, poste à quai et entrepôt – Construction",Le projet consiste en la construction d’un deuxième poste à quai et d’une aire d’entreposage afin d’augmenter la capacité d’accueil du port de Matane et permettre la poursuite des activités pendant la rénovation du poste à quai actuel.,,,,,,En planification,"Mars 2022_x000D_
Le projet a été autorisé à l’étape « En planification ».",Ministre des Transports,Société portuaire du Bas-Saint-Laurent et de la Gaspésie,Société portuaire du Bas-Saint-Laurent et de la Gaspésie,"Transports maritime, aérien, ferroviaire et autres",Économie et environnement,01 – Bas-Saint-Laurent,Port de Matane,Matane,Construction
939,"Réseau ferroviaire, pont Pie-IX et quai 28 – Montréal – Réfection et élargissement","Le projet consiste en la réfection des fondations du pont, des systèmes structuraux, des appareils d’appui, du système de drainage ainsi que de l’ensemble des matériaux ferroviaires.",,,,,,En planification,"Mars 2022_x000D_
Le projet a été autorisé à l’étape « En planification ».",Ministre des Transports,Administration portuaire de Montréal,Administration portuaire de Montréal,"Transports maritime, aérien, ferroviaire et autres",Économie et environnement,06 – Montréal,Pont ferroviaire et quai,Montréal,Réfection et élargissement
940,"Port de Valleyfield, entrepôts et quai – Construction et réaménagement","Le projet consiste essentiellement en la construction d’un entrepôt, au réaménagement d’un quai et d’un entrepôt existant ainsi qu’en l’acquisition d’équipements de transport (barge, remorqueur, navires, conteneurs) et d’équipements de manutention (grue mobile, chargeur, excavatrice et camions).",,,,,,En planification,"Mars 2022_x000D_
Le projet a été autorisé à l’étape « En planification ».",Ministre des Transports,Société du port de Valleyfield,Société du port de Valleyfield,"Transports maritime, aérien, ferroviaire et autres",Économie et environnement,16 – Montérégie,Port de Valleyfield,Valleyfield,Construction et réaménagement
941,École primaire (B) du centre de services scolaire du Val-des-Cerfs – Granby – Construction,"Le projet consiste en la construction d’une école primaire à Granby, sur le territoire du centre de services scolaire du Val-des-Cerfs. Afin de réduire le déficit d’espace reconnu par le Ministère, quatre classes d’éducation préscolaire et douze classes d’enseignement primaire seront construites.",25400000,25400000,0,,2023-08-31,En réalisation,"Mars 2022_x000D_
Le projet a été autorisé à l’étape « En réalisation ».",Ministre de l’Éducation,Centre de services scolaire du Val-des-Cerfs,Centre de services scolaire du Val-des-Cerfs,Éducation,Éducation et culture,05 – Estrie,École primaire (B) du centre de services scolaire du Val-des-Cerfs,Granby,Construction
942,École primaire du centre de services scolaire du Val-des-Cerfs – Cowansville – Construction,"Le projet consiste en la construction d’une école primaire à Cowansville, sur le territoire du centre de services scolaire du Val-des-Cerfs. Afin de réduire le déficit d’espace reconnu par le Ministère, quatre classes d’éducation préscolaire et douze classes d’enseignement primaire seront construites.",25400000,25400000,0,,2023-08-31,En réalisation,"Mars 2022_x000D_
Le projet a été autorisé à l’étape « En réalisation ».",Ministre de l’Éducation,Centre de services scolaire du Val-des-Cerfs,Centre de services scolaire du Val-des-Cerfs,Éducation,Éducation et culture,05 – Estrie,École primaire du centre de services scolaire du Val-des-Cerfs,Cowansville,Construction
943,Centre de compostage régional du Haut-Richelieu – Saint-Jean-sur-Richelieu – Construction,"Le projet consiste en la construction d’une installation de compostage fermée qui traitera les résidus alimentaires et verts produits par la population, les industries, les commerces et les institutions. Le bâtiment fermé permettra le traitement de l’air vicié par un biofiltre muni d’une cheminée. Le produit qui résulte du compostage, un traitement biologique en aérobie, est le compost. Celui-ci sera distribué aux citoyens, aux municipalités et aux agriculteurs en fonction de leurs besoins._x000D_
Le projet vise à diminuer la quantité de matières organiques destinées à l’élimination des déchets afin de favoriser la réalisation des objectifs environnementaux prévus dans la Politique québécoise de gestion des matières résiduelles et à réduire les émissions de gaz à effet de serre en vue de contribuer à l’atteinte des objectifs québécois de lutte contre les changements climatiques.",53600000,21200000,32400000,,2022-12-31,En réalisation,"Mars 2022_x000D_
Le projet a été autorisé à l’étape « En réalisation ».",Ministre de l’Environnement et de la Lutte contre les changements climatiques,Compo-Haut-Richelieu Inc. ,Compo-Haut-Richelieu Inc. ,Environnement,Économie et environnement,16 – Montérégie,Centre de compostage régional du Haut-Richelieu,Saint-Jean-sur-Richelieu ,Construction
944,Centre PHI – Montréal – Réfection et construction,"Le projet vise la restauration et la réfection de plusieurs bâtiments patrimoniaux du Vieux-Montréal, ainsi que la construction d’un nouvel immeuble sur un terrain vacant. Le nouveau site abritera, entre autres, des espaces d’exposition, un réseau de galeries ainsi que des espaces studio, de médiation et de recherche._x000D_
De façon détaillée, le projet centre PHI des arts contemporains prévoit la construction d’une infrastructure culturelle dans l’est du Vieux-Montréal, qui répondra autant aux besoins de la population montréalaise qu’à l’importante population touristique du secteur. Le projet sera d’une grande qualité architecturale et comprendra l’intégration d’un bloc de bâtiments historiques (dont la Maison Pierre du Calvet et la Maison Viger) avec de nouvelles constructions adaptées aux ambitions et aux exigences de la nouvelle institution. La transformation du site en institution muséale et en centre pour la diffusion de projets culturels permettra la mise en valeur de quatre immeubles patrimoniaux ainsi que la conversion d’un lot vacant (actuellement utilisé comme stationnement) en ensemble architectural conçu par une équipe de calibre international. _x000D_
Au cours des prochaines années, PHI prévoit élargir son programme de résidence et s’adresser à un éventail de praticiens créatifs notamment des artistes, des technologistes, des commissaires, des éducateurs et des chercheurs à différentes étapes de leurs carrières et de leurs projets; et leur offrir un mentorat, des espaces de travail et un accès continu à son infrastructure de production grandissante ainsi qu’à son réseau de partenaires. Le site PHI Contemporain fournira un espace studio, un espace de travail collectif, des espaces d’éducation et des espaces publics dans lesquels les participants au programme de résidence pourront être présents et dialoguer avec les publics et les communautés de PHI.",,,,,,En planification,"Mars 2022_x000D_
Le projet a été autorisé à l’étape « En planification ».",Ministre de la Culture et des Communications,Fondation PHI pour l’art contemporain,Fondation PHI pour l’art contemporain,Culture,Éducation et culture,06 – Montréal,Centre PHI,Montréal,Réfection et construction
945,"Hôpital du Suroît, urgence – Salaberry-de-Valleyfield – Maintien et bonification","Le projet consiste à réaménager, à agrandir et à mettre aux normes l’urgence de l’hôpital, grandement achalandée, afin de répondre aux besoins de la population de la région du Suroît en matière de qualité et de sécurité des soins",,,,,,À l’étude,"Mars 2022_x000D_
Le projet a été autorisé à l’étape « À l’étude ».",Ministre de la Santé et des Services sociaux,Centre intégré de santé et de services sociaux de la Montérégie-Ouest,Société québécoise des infrastructures ,Santé et Services sociaux,Santé et Services sociaux,16 – Montérégie,Hôpital du Suroît,Salaberry-de-Valleyfield,Maintien et bonification
946,École secondaire du centre de services scolaire Marie-Victorin – Longueuil – Bonification,"Le projet vise à réduire le déficit d’espace du centre de services scolaire Marie-Victorin, reconnu par le Ministère, estimé à 2 000 places-élèves de niveau secondaire.",,,,,,À l’étude,"Mars 2022_x000D_
Le projet a été autorisé à l’étape « À l’étude ».",Ministre de l’Éducation,Centre de services scolaire Marie-Victorin,Société québécoise des infrastructures,Éducation,Éducation et culture,16 – Montérégie,École secondaire du centre de service scolaire Marie-Victorin,Longueuil,Bonification
948,Cégep régional de Lanaudière – Terrebonne – Bonification,"Le projet vise à répondre à un déficit d’espace auquel fait face le cégep régional de Lanaudière à Terrebonne. Ainsi, un ajout d’espace doit être effectué pour doter l’établissement d’une capacité d’accueil adéquate pour les futurs étudiants.",,,,,,À l’étude,"Mars 2022_x000D_
Le projet a été autorisé à l’étape « À l’étude ».",Ministre de l’Enseignement supérieur,Cégep régional de Lanaudière,Société québécoise des infrastructures,Enseignement supérieur,Éducation et culture,14 – Lanaudière,Cégep régional de Lanaudière,Terrebonne,Bonification
949,Cégep de Saint-Hyacinthe – Bonification,"Le projet vise à répondre à un déficit d’espace auquel fait face le cégep de Saint-Hyacinthe. Ainsi, un ajout d’espace doit être effectué pour doter l’établissement d’une capacité d’accueil adéquate pour les futurs étudiants et étudiantes.",,,,,,À l’étude,"Mars 2022_x000D_
Le projet a été autorisé à l’étape « À l’étude ».",Ministre de l’Enseignement supérieur,Cégep de Saint-Hyacinthe,Société québécoise des infrastructures,Enseignement supérieur,Éducation et culture,16 – Montérégie,Cégep de Saint-Hyacinthe,Saint-Hyacinthe,Bonification
950,Édifice Marie-Guyart – Québec – Maintien,Le projet consiste à réaliser des travaux d’aménagement démontrant les bénéfices de la transformation des milieux de travail en milieu de travail axé sur les activités (MTAA) dans l’édifice Marie-Guyart à Québec. Le projet permettra d’optimiser les espaces dans cet immeuble d’envergure tout en générant une économie substantielle du loyer de l’État à long terme. Ces nouveaux espaces de travail permettront de répondre à une prestation de travail en mode hybride au sein de la fonction publique.,,,,,,À l’étude,"Mars 2022_x000D_
Le projet a été autorisé à l’étape « À l’étude ».",Ministre responsable de l’Administration gouvernementale,Société québécoise des infrastructures,Société québécoise des infrastructures,Administration gouvernementale,Économie et environnement,03 – Capitale-Nationale,Édifice Marie-Guyart,Québec,Maintien
951,"Édifice du 600, rue Fullum – Montréal – Maintien",Le projet consiste à réaliser des travaux d’aménagement démontrant les bénéfices de la transformation des milieux de travail en milieu de travail axé sur les activités (MTAA) dans l’immeuble situé au 600 rue Fullum à Montréal. Le projet permettra d’optimiser les espaces dans cet immeuble d’envergure tout en générant une économie substantielle du loyer de l’État à long terme. Ces nouveaux espaces de travail permettront de répondre à une prestation de travail en mode hybride au sein de la fonction publique.,,,,,,À l’étude,"Mars 2022_x000D_
Le projet a été autorisé à l’étape « À l’étude ».",Ministre responsable de l’Administration gouvernementale,Société québécoise des infrastructures,Société québécoise des infrastructures,Administration gouvernementale,Économie et environnement,06 – Montréal,"Édifice du 600, rue Fullum",Montréal,Maintien
952,"Université de Montréal, pavillon de médecine vétérinaire – Saint-Hyacinthe – Construction",Le projet consiste en la construction d’un nouveau pôle animalier regroupant les laboratoires et les animaleries d’enseignement. La construction de ce pavillon permettra une amélioration des espaces d’enseignement pour les étudiants et une amélioration des espaces d’hébergement des animaux d’enseignement qui répondront aux normes du Conseil canadien de protection des animaux (CCPA). Cette construction sera localisée au campus de Saint-Hyacinthe.,,,,,,En planification,"Mars 2022_x000D_
Le projet a été autorisé à l’étape « En planification ».",Ministre de l’Enseignement supérieur,Université de Montréal,Université de Montréal,Enseignement supérieur,Éducation et culture,16 – Montérégie,Université de Montréal,Saint-Hyacinthe,Construction
953,"Université du Québec, pavillon de médecine vétérinaire – Rimouski – Construction et réaménagement","Le projet vise à répondre aux besoins de décentralisation de la médecine vétérinaire, en collaboration avec l’Université de Montréal, visant à former davantage de vétérinaires prenant en compte les enjeux et besoins des régions._x000D_
Le projet prévoit une nouvelle construction et le réaménagement des espaces existants adjacents au campus principal de l’Université du Québec à Rimouski (UQAR) afin de permettre la formation de trois cohortes d’étudiants en médecine vétérinaire.",,,,,,En planification,"Mars 2022_x000D_
Le projet a été autorisé à l’étape « En planification ».",Ministre de l’Enseignement supérieur,Université du Québec à Rimouski,Université du Québec à Rimouski,Enseignement supérieur,Éducation et culture,01 – Bas-Saint-Laurent,Université du Québec,Rimouski,Construction et réaménagement
954,"Cégep de Drummondville, nouveau pavillon – Construction",Le projet consiste en la construction d’un nouveau pavillon de 3 945 m² nets ou environ 6 300 m² bruts sur le terrain du cégep afin de répondre à son besoin d’espace à long terme.,,,,,,En planification,"Mars 2022_x000D_
Le projet a été autorisé à l’étape « En planification ».",Ministre de l’Enseignement supérieur,Cégep de Drummondville,Cégep de Drummondville,Enseignement supérieur,Éducation et culture,17 – Centre-du-Québec,Cégep de Drummondville,Drummondville,Construction
955,"Cégep John Abbott, pavillon Brittain Hall – Sainte-Anne-de-Bellevue – Réfection et réaménagement","Le projet consiste à procéder à la rénovation d’une portion du pavillon Brittain Hall d’environ 5 085 m² bruts et à la réalisation de travaux de sécurisation et de mise en disponibilité de la superficie restante d’environ 4 600 m² bruts. Des travaux de décontamination y sont aussi prévus, notamment l’enlèvement de matériaux contenant de l’amiante. Les aménagements prévus à cette solution immobilière tiennent compte du fait que le pavillon servait de résidence étudiante et constitue une infrastructure plus que centenaire. En effet, certains murs des anciennes chambres sont éliminés, ce qui permettra d’aménager de grands espaces conformément aux besoins du cégep et d’offrir une plus grande flexibilité pour faire face à de nouveaux besoins.",,,,,,En planification,"Mars 2022_x000D_
Le projet a été autorisé à l’étape « En planification ».",Ministre de l’Enseignement supérieur,Cégep John Abbott,Cégep John Abbott,Enseignement supérieur,Éducation et culture,06 – Montréal,Cégep John Abbott,Sainte-Anne-de-Bellevue,Réfection et réaménagement
956,"Université Laval, Carrefour international – Québec – Construction","Le projet consiste en la construction d’un nouveau pavillon sur le site de l’Université Laval, le Carrefour international, qui sera un pôle d’innovation en enseignement et en recherche pluridisciplinaires sur les enjeux internationaux. En partenariat avec des donateurs privés, le développement de ce carrefour vise à créer un véritable carrefour autour duquel gravite notamment l’École supérieure d’études internationales (ÉSÉI), certaines associations étudiantes, le recrutement international, la mobilité internationale et les missions commerciales, ainsi que les équipes de recherche sur les enjeux internationaux.",,,,,,En planification,"Mars 2022_x000D_
Le projet a été autorisé à l’étape « En planification ».",Ministre des Relations internationales et de la Francophonie,Université Laval,Université Laval,Administration gouvernementale,Économie et environnement,03 – Capitale-Nationale,Université Laval,Québec,Construction
