"no_projet","nom_projet","description","cout_total","contribution_quebec","contribution_partenaires","date_debut_mise_en_service","date_fin_mise_en_service","etat_avancement","suivi_modifications","ministre","organisme","gestionnaire","secteur_activite","mission","region","nom_infrastructure","localisation","nature_travaux"
"208","Autoroute 50 entre L'Ange-Gardien et Mirabel – Élargissement et réaménagement","Le projet vise à améliorer la fluidité et la sécurité de l'axe autoroutier sur l'ensemble du tronçon, entre L'Ange-Gardien et Mirabel. Ce projet de bonification comprend la séparation des chaussées, le doublement des voies, pour les sections à chaussée unique, par la construction d'une nouvelle chaussée au nord de la chaussée existante.",,,,,,"En planification","Décembre 2020
Le projet a été autorisé à l'étape « En planification ».


Septembre 2019
Le projet « Amélioration de l'autoroute 50 entre Gatineau et Mirabel » a été scindé en deux projets distincts. Ainsi, le présent projet renommé « 208 - Autoroute 50","Ministre des Transports et de la Mobilité durable","Ministère des Transports et de la Mobilité durable","Ministère des Transports et de la Mobilité durable","Réseau routier","Économie et environnement","07 – Outaouais; 15 – Laurentides","Autoroute 50","De L'Ange-Gardien à Mirabel","Élargissement et réaménagement"
"209","Tunnel entre Québec et Lévis – Construction","Le projet du tunnel entre Québec et Lévis a pour objectif d'optimiser les déplacements entre les deux rives en réduisant la congestion aux heures de pointe, en maximisant le transport des marchandises et en favorisant l'utilisation du transport collectif.",,,,,,"En planification","Mars 2019
Le projet a été autorisé à l'étape « En planification ».","Ministre des Transports et de la Mobilité durable","Ministère des Transports et de la Mobilité durable","Ministère des Transports et de la Mobilité durable","Réseau routier","Économie et environnement","03 – Capitale-Nationale; 12 – Chaudière-Appalaches","Tunnel","De Québec à Lévis","Construction"
"211","Autoroute de l'Aluminium (autoroute 70) entre le chemin de la Grande-Anse et l'arrondissement de La Baie – Saguenay–Lac-Saint-Jean – Construction","Le projet concerne la phase II du parachèvement de l'autoroute de l'Aluminium (autoroute 70) entre les arrondissements de Chicoutimi et de La Baie, à Saguenay. Globalement, ces travaux s'intègrent au grand projet de lien routier entre Alma et l'arrondissement de La Baie, qui vise à assurer des déplacements plus efficaces et sécuritaires. La phase II concerne un tronçon d'environ 6,9 km entre le chemin de la Grande-Anse et l'arrondissement de La Baie.",307.40,307.40,0.00,,2028-10-01,"En réalisation","Mars 2022
Le projet a été autorisé à l'étape « En réalisation ».
Juillet 2018
Le projet a été autorisé à l'étape « En planification ».
Mars 2017
Le projet a été autorisé à l’étape « À l'étude ».","Ministre des Transports et de la Mobilité durable","Ministère des Transports et de la Mobilité durable","Ministère des Transports et de la Mobilité durable","Réseau routier","Économie et environnement","02 – Saguenay–Lac-Saint-Jean","Autoroute de l'Aluminium (autoroute 70)","De Grande-Anse à La Baie","Construction"
"216","Pont entre Tadoussac et Baie-Sainte-Catherine – Bonification","La route 138 et la traverse de Tadoussac–Baie-Sainte-Catherine, exploitée par la Société des traversiers du Québec (STQ), constituent le principal lien de transport routier entre la région de la Côte-Nord et le reste du Québec. La création d'un lien routier continu qui permet d'enjamber la rivière Saguenay entre Baie-Sainte-Catherine et Tadoussac fait actuellement l'objet d'études.",,,,,,"À l'étude","Mars 2018
Le projet a été autorisé à l'étape « À l'étude ».","Ministre des Transports et de la Mobilité durable","Ministère des Transports et de la Mobilité durable","Ministère des Transports et de la Mobilité durable","Réseau routier","Économie et environnement","03 – Capitale-Nationale; 09 – Côte-Nord","Pont entre Tadoussac et Baie-Sainte-Catherine","De Tadoussac à Baie-Sainte-Catherine","Bonification"
"522","Maison des aînés et alternative de Magog – Construction","Les maisons des aînés et alternatives offriront aux personnes résidentes un milieu de vie climatisé, à dimension humaine. Elles comporteront des chambres individuelles avec une toilette et une douche adaptées à chaque résidente ou résident, qu'il s'agisse d'un aîné ou d'un adulte ayant des besoins particuliers.
Ce nouveau type d'hébergement, qui s'apparentera davantage à un domicile, favorisera les contacts humains ainsi qu'un mode de vie plus actif, entre autres grâce à un accès à des aires extérieures aménagées et à des installations mieux adaptées aux besoins des proches aidants et aidantes. Cette transformation sera aussi bénéfique pour le personnel qui y travaillera et contribuera d'ailleurs à l'attractivité et à la rétention de cette main-d'œuvre.
Le projet prévoit la construction d'une installation de 48 places.",42.00,42.00,0.00,,2022-11-30,"En service","Mars 2023
Mise en service complète de l'infrastructure au cours de l'année financière 2022-2023.
Avril 2022
Une hausse de 4,4 M$ au coût du projet a été autorisée. Initialement prévu à 37,6 M$, le coût est maintenant de 42,0 M$. De plus, la modificatio","Ministre de la Santé","Centre intégré universitaire de santé et de services sociaux de l'Estrie – Centre hospitalier universitaire de Sherbrooke","Société québécoise des infrastructures","Santé et Services sociaux","Santé et Services sociaux","05 – Estrie","Maison des aînés et alternative","Magog","Construction"
"523","Maison des aînés et alternative de Sherbrooke – Construction","Pour répondre aux besoins, une maison des aînés et alternative de 120 places a été construite à Sherbrooke.
Les maisons des aînés et alternatives visent à offrir aux personnes résidentes un milieu de vie climatisé, à dimension humaine. Elles comportent des chambres individuelles avec une toilette et une douche adaptées à chaque résident.
Ce nouveau type d'hébergement, qui s'apparente davantage à un domicile, favorise les contacts humains ainsi qu'un mode de vie plus actif, entre autres grâce à un accès à des aires extérieures aménagées et à des installations mieux adaptées aux besoins des proches aidants. Cette transformation est aussi bénéfique pour le personnel qui y travaille et contribue d'ailleurs à l'attractivité et à la rétention de cette main-d'œuvre.",80.00,80.00,0.00,,2022-09-15,"En service","Mars 2023
Mise en service complète de l'infrastructure au cours de l'année financière 2022-2023.
Avril 2022
Une hausse de 5,4 M$ au coût du projet a été autorisée. Initialement prévu à 74,6 M$, le coût est maintenant de 80,0 M$.
Juillet 2020
Le proje","Ministre de la Santé","Centre intégré universitaire de santé et de services sociaux de l'Estrie – Centre hospitalier universitaire de Sherbrooke","Société québécoise des infrastructures","Santé et Services sociaux","Santé et Services sociaux","05 – Estrie","Maison des aînés et alternative","Sherbrooke","Construction"
"520","Maison des aînés et alternative de Baie-Comeau – Construction","Les maisons des aînés et alternatives offriront aux personnes résidentes un milieu de vie climatisé, à dimension humaine. Elles comporteront des chambres individuelles avec une toilette et une douche adaptées à chaque résidente ou résident, qu'il s'agisse d'un aîné ou d'un adulte ayant des besoins particuliers.
Ce nouveau type d'hébergement, qui s'apparentera davantage à un domicile, favorisera les contacts humains ainsi qu'un mode de vie plus actif, entre autres grâce à un accès à des aires extérieures aménagées et à des installations mieux adaptées aux besoins des proches aidants et aidantes. Cette transformation sera aussi bénéfique pour le personnel qui y travaillera et contribuera d'ailleurs à l'attractivité et à la rétention de cette main-d'œuvre.
Le projet prévoit la construction d'une installation de 48 places.",57.80,57.80,0.00,,2023-12-31,"En réalisation","Avril 2022
Une hausse de 11,2 M$ au coût du projet a été autorisée. Initialement prévu à 46,6 M$, le coût est maintenant de 57,8 M$. De plus, la modification de la date de la mise en service a été autorisée. Initialement prévue en septembre 2022, elle es","Ministre de la Santé","Centre intégré de santé et de services sociaux de la Côte-Nord","Société québécoise des infrastructures","Santé et Services sociaux","Santé et Services sociaux","09 – Côte-Nord","Maison des aînés et alternative","Baie-Comeau","Construction"
"217","Autoroute 15, chaussée et voies réservées – Laval et Boisbriand – Réfection et aménagement ","Le projet a pour objectif d'améliorer la mobilité dans la grande région montréalaise. Il consiste à refaire la chaussée de la portion lavalloise de l'autoroute 15 et à mettre en place des voies réservées à Laval et sur la couronne nord pour améliorer la desserte en transport collectif. Le projet est arrimé à celui de la reconstruction du pont Gédéon-Ouimet, également situé dans l'axe de l'autoroute 15, entre Laval et Boisbriand.",,,,,,"En planification","Décembre 2020
Le projet a été autorisé à l'étape « En planification ».","Ministre des Transports et de la Mobilité durable","Ministère des Transports et de la Mobilité durable","Ministère des Transports et de la Mobilité durable","Réseau routier","Économie et environnement","13 – Laval; 15 – Laurentides","Autoroute 15","De Laval à Boisbriand","Réfection et aménagement"
"218","Route 117 entre Labelle et Rivière-Rouge – Élargissement","Le projet a pour objectif d'améliorer la fluidité et la sécurité de la route 117 dans les Laurentides, entre Labelle et Rivière-Rouge. Le projet vise l'élargissement à quatre voies de la route 117 actuelle. Cette route nationale relie plusieurs régions administratives québécoises et constitue un axe majeur vers le nord-ouest de la province.",222.30,222.30,0.00,2023-11-30,2027-11-30,"En réalisation","Mars 2022
Le projet a été autorisé à l'étape « En réalisation ».
Décembre 2020
Le projet a été autorisé à l'étape « En planification ».
Mars 2018
Le projet a été autorisé à l’étape « À l'étude ».","Ministre des Transports et de la Mobilité durable","Ministère des Transports et de la Mobilité durable","Ministère des Transports et de la Mobilité durable","Réseau routier","Économie et environnement","15 – Laurentides","Route 117","De Labelle à Rivière-Rouge","Élargissement"
"266","Route 138 – Traverse Tadoussac–Baie-Sainte-Catherine – Réaménagement","Le projet prévoit un réaménagement des voies de circulation pour un nouveau traversier reliant Tadoussac et Baie-Sainte-Catherine.",,,,,,"En planification","Mars 2019
Le projet a été autorisé à l'étape « En planification ».","Ministre des Transports et de la Mobilité durable","Ministère des Transports et de la Mobilité durable","Ministère des Transports et de la Mobilité durable","Réseau routier","Économie et environnement","09 – Côte-Nord","Route 138","Tadoussac et Baie-Sainte-Catherine","Réaménagement"
"268","Autoroute 40 (Félix-Leclerc), direction est, entre Kirkland et Baie-D'Urfé – Reconstruction","Le projet visait à maintenir le niveau de service des infrastructures routières de l'autoroute 40 en direction est, du boulevard des Anciens-Combattants au boulevard Saint-Charles, à Senneville, Sainte-Anne-de-Bellevue, Baie-D'Urfé et Kirkland. Les dalles de béton existantes ont atteint leur durée de vie utile. Le projet consistait à les reconstruire et à assurer une qualité de roulement aux usagers de la route.",110.80,110.80,0.00,,2025-12-31,"En réalisation","Mars 2023
La modification de la date de la mise en service complète a été autorisée. Initialement prévue en décembre 2022, elle est reportée à décembre 2025. De plus, une hausse de 7,3 M$ au coût du projet a été autorisée. Initialement prévu à 103,5 M$, ","Ministre des Transports et de la Mobilité durable","Ministère des Transports et de la Mobilité durable","Ministère des Transports et de la Mobilité durable","Réseau routier","Économie et environnement","06 – Montréal","Autoroute 40 (Félix-Leclerc)","De Kirkland à Baie-D'Urfé","Reconstruction"
"271","Pont d'étagement du chemin des Quatre-Bourgeois au-dessus de l'autoroute 73 – Québec – Reconstruction","Le projet consiste en la reconstruction complète des structures situées sur le chemin des Quatre-Bourgeois, puisqu'elles ont atteint leur durée de vie utile. Cela permettra de mettre aux normes le dégagement de ces structures, ce qui autorisera le transport hors norme sur l'autoroute Henri-IV, et d'y inclure l'aménagement nécessaire au réseau structurant du transport en commun prévu par la Ville de Québec.",87.00,81.80,5.20,2021-12-31,2023-09-30,"En service","Mars 2023
Une hausse de 0,4 M$ au coût du projet a été autorisée. Prévu à 86,6 M$, le coût est maintenant de 87,0 M$. Ainsi, la contribution du Québec passe de 81,7 M$ à 81,8 M$ et celle des partenaires passe de 4,9 M$ à 5,2 M$. 
Mars 2022
Une hausse d","Ministre des Transports et de la Mobilité durable","Ministère des Transports et de la Mobilité durable","Ministère des Transports et de la Mobilité durable","Réseau routier","Économie et environnement","03 – Capitale-Nationale","Pont d'étagement du chemin des Quatre-Bourgeois","Québec","Reconstruction"
"273","Route d'Obedjiwan entre La Tuque et Lac-Ashuapmushuan – Réaménagement et élargissement","Le projet vise à améliorer la qualité et la sécurité de la route d'accès à la communauté autochtone d'Obedjiwan, qui débute sur la route 167. Il est issu d'un plan d'intervention qui vise à corriger la géométrie de cinq secteurs déficients et à élargir à deux voies les huit ponts existants afin de permettre la circulation dans les deux sens sur toute la route. Au terme du projet, dix ponts seront construits, dont quatre seront situés à l'intérieur de deux nouveaux tracés.",77.20,77.20,0.00,2016-04-30,2025-12-31,"En service","Mars 2022
La modification de la date de la mise en service complète a été autorisée. Prévue en décembre 2024, elle est reportée à décembre 2025. De plus, l'autorisation de la mise en service partielle remonte à l'année financière 2016-2017.
Mars 2020
L","Ministre des Transports et de la Mobilité durable","Ministère des Transports et de la Mobilité durable","Ministère des Transports et de la Mobilité durable","Réseau routier","Économie et environnement","02 – Saguenay–Lac-Saint-Jean; 04 – Mauricie","Route Obedjiwan","De La Tuque au Lac-Ashuapmushuan","Réaménagement et élargissement"
"274","Autoroute 13 entre Saint-Eustache et Mirabel – Bonification","Le projet vise la mise en œuvre d'une solution de transport dans le secteur situé dans le prolongement de l'autoroute 13 afin d'améliorer les déplacements au nord de l'autoroute 640.",,,,,,"À l'étude","Mars 2019
Le projet a été autorisé à l'étape « À l'étude ».","Ministre des Transports et de la Mobilité durable","Ministère des Transports et de la Mobilité durable","Ministère des Transports et de la Mobilité durable","Réseau routier","Économie et environnement","15 – Laurentides","Autoroute 13","De Saint-Eustache à Mirabel","Bonification"
"276","Réseau de mesures préférentielles en transport collectif – Région métropolitaine de Montréal – Bonification","Le projet vise à développer et déployer une planification d'un réseau métropolitain intégré et flexible de mesures préférentielles et de systèmes de transport intelligent accueillant des autobus et du covoiturage. Cette planification s'inscrit dans la volonté d'optimiser la desserte en transport collectif des pôles d'activités dans la région métropolitaine de Montréal et par le fait même d'améliorer l'efficacité des réseaux de transport des personnes et des marchandises sur l'ensemble du territoire québécois.",,,,,,"À l'étude","Mars 2022
Le nom du projet a été modifié. Initialement, il se nommait : « Voies réservées sur les autoroutes 13, 20, 25, 440, 640 et la route 116 – Région métropolitaine de Montréal – Bonification ».
Mars 2019
Le projet a été autorisé à l'étape « À l'é","Ministre des Transports et de la Mobilité durable","Ministère des Transports et de la Mobilité durable","Ministère des Transports et de la Mobilité durable","Réseau routier","Économie et environnement","06 – Montréal; 13 – Laval; 15 – Laurentides; 16 – Montérégie","Autoroutes 13, 20, 25, 440, 640 et la route 116","Région métropolitaine de Montréal","Bonification"
"277","Route 132 entre Delson, Sainte-Catherine et Saint-Constant – Bonification","Le projet consiste à réaménager un tronçon de la route 132 et vise notamment à améliorer l'offre de transport collectif et actif afin d'appuyer le réaménagement urbain en bordure du corridor routier.",,,,,,"À l'étude","Mars 2019
Le projet a été autorisé à l'étape « À l'étude ».","Ministre des Transports et de la Mobilité durable","Ministère des Transports et de la Mobilité durable","Ministère des Transports et de la Mobilité durable","Réseau routier","Économie et environnement","16 – Montérégie","Route 132","Delson, Sainte-Catherine et Saint-Constant","Bonification"
"286","Autoroute 20 entre la route du Président-Kennedy et l'accès au pont Pierre-Laporte – Lévis – Élargissement","Le projet consiste en l'ajout d'une 3e voie de circulation sur l'autoroute 20, dans les deux directions, pour améliorer la sécurité et la fluidité entre l'échangeur 325 (Président-Kennedy) et les accès sud aux ponts Pierre-Laporte et de Québec. Cet ajout est préconisé afin de limiter la densité de trafic qui est très élevée aux heures de pointe du matin et du soir.",80.20,80.20,0.00,2025-12-01,2028-12-01,"En réalisation","Mars 2023
Une hausse de 9,9 M$ au coût du projet a été autorisée. Initialement prévu à 70,3 M$, le coût est maintenant de 80,2 M$.De plus, la modification des dates de la mise en service partielle et complète a été autorisée. Initialement, elles étaient ","Ministre des Transports et de la Mobilité durable","Ministère des Transports et de la Mobilité durable","Ministère des Transports et de la Mobilité durable","Réseau routier","Économie et environnement","12 – Chaudière-Appalaches","Autoroute 20","Lévis","Élargissement"
"318","Autoroute 35 entre Saint-Sébastien et Saint-Armand (phase III) – Construction","Le prolongement de l'autoroute 35 vise à compléter le lien entre Montréal et Boston pour accroître les échanges commerciaux et touristiques avec la Nouvelle-Angleterre. Ce projet améliorera la sécurité routière et la qualité de vie des résidents en bordure de la route 133 en y diminuant la circulation de transit. Le projet consiste à construire une autoroute à deux voies par direction sur chaussées séparées. La phase III de ce projet vise à compléter le lien entre Saint-Sébastien et Saint-Armand, sur 8,9 km. Les deux premières phases du projet ont été mises en service en 2014, tandis que la phase IV de ce projet correspond au projet « 104 - Autoroute 35 entre Saint-Armand et la frontière américaine (phase IV) – Construction » du Tableau de bord.",222.90,140.80,82.10,,2023-09-30,"En réalisation","Mars 2020
Une hausse de 20,7 M$ au coût du projet a été autorisée. Initialement prévu à 202,2 M$, le coût est maintenant de 222,9 M$. Ainsi, la contribution du Québec passe de 120,1 M$ à 140,8 M$ et celle des partenaires demeure à 82,1 M$.
Août 2019
Le","Ministre des Transports et de la Mobilité durable","Ministère des Transports et de la Mobilité durable","Ministère des Transports et de la Mobilité durable","Réseau routier","Économie et environnement","05 – Estrie; 16 – Montérégie","Autoroute 35","De Saint-Sébastien à Saint-Armand","Construction"
"319","Autoroute 50 entre Gatineau et L'Ange-Gardien – Élargissement","Le projet d'amélioration de l'autoroute 50, entre Gatineau et L'Ange-Gardien, consiste en la réalisation de travaux qui permettront de rehausser la sécurité de cette autoroute. Les travaux, sur ce tronçon de 7,8 km, ont été priorisés parmi les autres secteurs de l'autoroute, qui sont encore en voies contigües.",115.00,115.00,0.00,,2023-11-30,"En réalisation","Mars 2023
Une hausse de 4,6 M$ au coût du projet a été autorisée. Initialement prévu à 110,4M$, le coût est maintenant de 115,0 M$.
Mars 2022
Le projet a été autorisé à l'étape « En réalisation ».
Septembre 2019
Le projet a été autorisé à l'étape « E","Ministre des Transports et de la Mobilité durable","Ministère des Transports et de la Mobilité durable","Ministère des Transports et de la Mobilité durable","Réseau routier","Économie et environnement","07 – Outaouais","Autoroute 50","De Gatineau à L'Ange-Gardien","Élargissement"
"322","Autoroute 15, direction nord, entre Boisbriand et Mirabel, voie réservée – Aménagement","Le projet vise l'aménagement d'une voie réservée sur l'autoroute 15, en direction nord, entre l'autoroute 640 et l'autoroute 50, soit entre Boisbriand et Mirabel. Cette construction permettra d'améliorer les conditions de circulation aux heures de pointe.",191.70,191.70,0.00,2023-12-31,2025-08-30,"En réalisation","Mars 2022
Le projet a été autorisé à l'étape « En réalisation ».
Décembre 2020
Le projet a été autorisé à l'étape « En planification ».","Ministre des Transports et de la Mobilité durable","Ministère des Transports et de la Mobilité durable","Ministère des Transports et de la Mobilité durable","Réseau routier","Économie et environnement","15 – Laurentides","Autoroute 15 (des Laurentides)","De Boisbriand à Mirabel","Aménagement"
"323","Autoroute 40 (Métropolitaine) secteur est, entre les boulevards Provencher et Saint-Laurent – Montréal – Réfection","Le projet du secteur est de l'autoroute Métropolitaine consiste en une réfection majeure avec une reconstruction des côtés extérieurs des dalles et des glissières latérales, dans l'objectif d'éviter toute intervention importante pour une période de 25 ans. La réfection majeure du secteur est de l'autoroute Métropolitaine consiste à mettre à niveau les structures afin de freiner leur dégradation et d'assurer leur pérennité.",,,,,,"En planification","Septembre 2019
Le projet « Réfection majeure de l'autoroute Métropolitaine à Montréal » a été scindé en deux projets distincts. Ainsi, le projet « 113 - Autoroute 40 (Métropolitaine) secteur ouest, entre le boulevard Saint-Laurent et l'autoroute 520 – Mo","Ministre des Transports et de la Mobilité durable","Ministère des Transports et de la Mobilité durable","Ministère des Transports et de la Mobilité durable","Réseau routier","Économie et environnement","06 – Montréal","Autoroute 40 (Métropolitaine)","Montréal","Réfection"
"343","Pont Alonzo-Wright et approches est et ouest – Gatineau – Construction et réaménagement","Le projet consiste en l'élargissement du pont Alonzo-Wright, de deux à quatre voies, ce qui inclut le réaménagement du carrefour des côtés est (avenue du pont et route 307) et ouest (chemin Alonzo Wright et route 105). Les voies ainsi ajoutées seront dédiées au transport collectif et au covoiturage. Le projet permettra d'améliorer la fonctionnalité, le bilan de sécurité et le niveau de service. Il assurera également la cohabitation entre les divers usagers (piétons, cyclistes, voitures et transport en commun).",,,,,,"En planification","Mars 2020
Le projet a été autorisé à l'étape « En planification ».","Ministre des Transports et de la Mobilité durable","Ministère des Transports et de la Mobilité durable","Ministère des Transports et de la Mobilité durable","Réseau routier","Économie et environnement","07 – Outaouais","Pont Alonzo Wright","Gatineau","Construction et réaménagement"
"345","Rue Notre-Dame Ouest entre le boulevard Angrignon et la rue De Courcelle (secteur de Turcot) – Montréal – Réaménagement","Le projet vise l'amélioration de l'axe Notre-Dame Ouest, dans le secteur de l'échangeur Turcot, pour ainsi favoriser la connectivité entre les différents secteurs de la ville de Montréal, via un réseau routier local plus performant.",,,,,,"En planification","Mars 2020
Le projet a été autorisé à l'étape « En planification ».","Ministre des Transports et de la Mobilité durable","Ministère des Transports et de la Mobilité durable","Ministère des Transports et de la Mobilité durable","Réseau routier","Économie et environnement","06 – Montréal","Rue Notre-Dame","Montréal","Réaménagement"
"346","Route 139 – Granby – Réfection et construction","Le plan d'intervention sur la route 139 se situe entre l'autoroute 10 et la rue Dufferin. Il vise à améliorer la fluidité et la sécurité des usagers sur ce tronçon de la route 139. Il comporte trois interventions, soit le réaménagement de l'échangeur 68, dont les travaux ont été complétés en 2022, ainsi que la construction d'un échangeur à l'intersection de la route 112, et le réaménagement de la route 139 entre la route 112 et la rue Dufferin, à Granby.",96.10,94.40,1.70,2022-10-31,2024-11-30,"En service","Mars 2023
Mise en service partielle de l'infrastructure au cours de l'année financière 2022-2023.
Mars 2022
Le projet a été autorisé à l'étape « En réalisation ».
Mars 2020
Le projet a été autorisé à l'étape « En planification ».","Ministre des Transports et de la Mobilité durable","Ministère des Transports et de la Mobilité durable","Ministère des Transports et de la Mobilité durable","Réseau routier","Économie et environnement","05 – Estrie","Route 139","Granby","Réfection et construction"
"348","Structures de l'autoroute 720 (route 136) – Montréal (arrondissement de Ville-Marie) – Réfection","Le projet concerne la portion de l'autoroute 720 dans l'arrondissement de Ville-Marie à Montréal, entre l'avenue Greene et le tunnel Ville-Marie, qui n'a pas été reconstruite lors du projet de l'échangeur Turcot. Il vise à assurer la sécurité des usagers et la pérennité des infrastructures.",92.80,92.80,0.00,2021-12-31,2028-12-31,"En service","Mars 2022
La mise en service partielle de l'infrastructure a été autorisée au cours de l'année financière 2021-2022. De plus, la modification de la date de la mise en service complète a été autorisée. Initialement prévue en décembre 2031, elle est devanc","Ministre des Transports et de la Mobilité durable","Ministère des Transports et de la Mobilité durable","Ministère des Transports et de la Mobilité durable","Réseau routier","Économie et environnement","06 – Montréal","Structures de l'autoroute 720 (route 136)","Montréal","Réfection"
"358","Autoroute 20, direction est, entre Beloeil et Sainte-Julie, voie réservée – Aménagement","Le projet consiste en l'élargissement de l'autoroute 20 est de Sainte-Julie à Beloeil sur un tronçon d'environ 13 km à l'intérieure de l'emprise existante. Ce projet vise à résoudre un problème de congestion par l'aménagement d'une voie réservée sur l'autoroute 20 est entre l'autoroute 30 et la rivière Richelieu.",154.80,154.80,0.00,,2026-08-30,"En réalisation","Mars 2022
Le projet a été autorisé à l'étape « En réalisation ».
Décembre 2020
Le projet a été autorisé à l'étape « En planification ».","Ministre des Transports et de la Mobilité durable","Ministère des Transports et de la Mobilité durable","Ministère des Transports et de la Mobilité durable","Réseau routier","Économie et environnement","16 – Montérégie","Autoroute 20","De Beloeil à Sainte-Julie","Aménagement"
"360","Structures de l'autoroute 520 (Côte-de-Liesse) entre l'autoroute 20 et l'autoroute 40 – Montréal et Dorval – Reconstruction","Les projets visent la reconstruction de six ponts de l'autoroute 520 (Côte-de-Liesse) au-dessus du boulevard Cavendish, de la rue Hickmore, de la montée de Liesse, de l'autoroute 13, de la 43e Avenue et de la 55e Avenue. Ces structures sont situées entre l'autoroute 20 et l'autoroute 40 à Montréal et à Dorval. L'objectif est d'avoir de nouveaux ponts d'une durée de vie utile de 75 ans, ainsi que de séparer les structures de compétence municipale de celle sous la responsabilité du MTMD.",93.00,91.90,1.10,2020-03-01,2026-03-01,"En service","Mars 2023
Une hausse de 3,3 M$ au coût du projet a été autorisée. Prévu à 89,7 M$, le coût est maintenant de 93,0 M$. Ainsi, la contribution du Québec passe de 88,6 M$ à 91,9 M$ et celle des partenaires demeure à 1,1 M$.
Mars 2022
Une hausse de 21 M$ a","Ministre des Transports et de la Mobilité durable","Ministère des Transports et de la Mobilité durable","Ministère des Transports et de la Mobilité durable","Réseau routier","Économie et environnement","06 – Montréal","Structures de l'autoroute 520","Montréal et Dorval","Reconstruction"
"361","Route 138 entre La Romaine et Tête-à-la-Baleine – Bonification","Le prolongement de la route 138, entre Kegaska et Vieux-Fort (environ 400 km), vise à relier les communautés du Golfe-du-Saint-Laurent entre elles et avec le reste du Québec et, ainsi, à désenclaver cette population qui n'a pas d'accès direct au réseau routier québécois. Plus particulièrement, le parachèvement de la route 138, entre La Romaine et Tête-à-la-Baleine, représente un segment d'environ 150 kilomètres qui permettra d'améliorer la mobilité des personnes et des marchandises ainsi que l'accès aux services et aux commerces.",,,,,,"À l'étude","Mars 2020
Le projet a été autorisé à l'étape « À l'étude ».","Ministre des Transports et de la Mobilité durable","Ministère des Transports et de la Mobilité durable","Ministère des Transports et de la Mobilité durable","Réseau routier","Économie et environnement","09 – Côte-Nord","Route 138","De La Romaine à Tête-à-la-Baleine","Bonification"
"341","Bromont, montagne d'expériences – Agrandissement et réfection","Le projet vise à attirer davantage de touristes d'ici et d'ailleurs pour les inciter à prolonger leur séjour dans la région afin d'accroître les retombées économiques.
Il consiste notamment en l'agrandissement et la modernisation des infrastructures d'accueil et d'accès à la montagne, à la mise en valeur de la montagne, à l'ajout d'activités et à la mise en place d'hébergements adaptés qui permettront d'enrichir l'offre durant les quatre saisons.",75.70,9.60,66.10,2017-01-01,2025-03-31,"En service","Mars 2022
La modification de la date de la mise en service complète a été autorisée. Prévue en mai 2023, elle est reportée à mars 2025.
Mars 2021
La mise en service partielle de l'infrastructure a été autorisée au cours de l'année financière 2020-2021.","Ministre du Tourisme","Bromont, montagne d'expériences","Bromont, montagne d'expériences","Tourisme et activités récréatives","Économie et environnement","05 – Estrie","Bromont, montagne d'expériences","Bromont","Agrandissement et réfection"
"342","Station touristique Owl's Head – Mansonville – Réfection","Le projet vise à attirer davantage de touristes d'ici et d'ailleurs pour les inciter à prolonger leur séjour dans la région afin d'accroître les retombées économiques. 
Il consiste notamment en la modernisation des infrastructures actuelles et l'ajout d'installations récréotouristiques en vue d'une pratique multiactivités, de même qu'à la mise en place d'hébergements intégrés et adaptés qui permettront d'enrichir l'offre durant les quatre saisons.",161.90,20.40,141.50,2018-01-01,2030-04-30,"En service","Mars 2023
La modification de la date de la mise en service complète a été autorisée. Prévue en mars 2030, elle est reportée à avril 2030.
Mars 2022
La modification de la date de la mise en service complète a été autorisée. Initialement prévue en avril ","Ministre du Tourisme","Destination Owl's Head inc.","Destination Owl's Head inc.","Tourisme et activités récréatives","Économie et environnement","05 – Estrie","Station touristique Owl's Head ","Mansonville","Réfection"
"822","Sanctuaire Notre-Dame-du-Cap – Trois-Rivières – Réaménagement","Le projet vise à réaménager les espaces du sanctuaire Notre-Dame-du-Cap. Il consiste notamment à bonifier les aires d'accueil et à améliorer l'expérience des visiteurs en leur donnant accès au fleuve Saint-Laurent grâce à une promenade et à un espace de rassemblement où se tiendront des spectacles et des conférences. L'aménagement d'un espace pour les familles comprenant un bassin et des jeux d'eau ainsi que la mise en valeur des lieux de culte et de recueillement ainsi que le patrimoine présents sur le site sont prévus.",,,,,,"En planification","Mars 2022
Le projet a été autorisé à l'étape « En planification ».","Ministre du Tourisme","Sanctuaire Notre-Dame-du-Cap","Sanctuaire Notre-Dame-du-Cap","Tourisme et activités récréatives","Économie et environnement","04 – Mauricie","Sanctuaire Notre-Dame-du-Cap","Trois-Rivières","Réaménagement"
"409","Théâtre du Nouveau Monde – Montréal – Agrandissement et réaménagement","Le projet vise l'agrandissement et le réaménagement de plusieurs locaux du théâtre, le maintien de certains actifs ainsi que l'achat d'équipements spécialisés. Plus précisément, une salle de répétition et une salle d'affaires seront ajoutées. Le hall d'entrée et les locaux administratifs seront agrandis. Les foyers et la billetterie seront reconfigurés. Finalement, les équipements scéniques seront renouvelés.",31.50,17.90,13.60,,2024-01-30,"En réalisation","Mars 2023
Le projet a été autorisé à l'étape « En réalisation ».
Mars 2020
Le projet a été autorisé à l'étape « En planification ».","Ministre de la Culture et des Communications","Théâtre du Nouveau Monde","Théâtre du Nouveau Monde","Culture","Éducation et culture","06 – Montréal","Théâtre du Nouveau Monde","Montréal","Agrandissement et réaménagement"
"724","Bâtiment culturel multifonctionnel – Laval – Construction","Le projet consiste en la construction d'un bâtiment culturel multifonctionnel qui inclura une bibliothèque et un centre de création artistique professionnelle. La réalisation de ce grand projet viendra, entre autres, redynamiser et bonifier de manière substantielle l'offre du réseau des bibliothèques de la ville de Laval.",,,,,,"En planification","Mars 2021
Le projet a été autorisé à l'étape « En planification ».","Ministre de la Culture et des Communications","Ville de Laval","Ville de Laval","Culture","Éducation et culture","13 – Laval","Bâtiment culturel multifonctionnel","Laval","Construction"
"725","Musée de l'Holocauste – Montréal – Construction","Le projet consiste en la construction du nouveau Musée de l'Holocauste à Montréal à la suite d'un concours international d'architecture. Le bâtiment sera érigé sur un lot vacant situé au 3535, boulevard Saint-Laurent, à Montréal, et remplacera également deux constructions existantes situées au 3521 et au 3529, boulevard Saint-Laurent. La nouvelle construction de quatre étages (comprenant un sous-sol), pour un total de 4 180 m² bruts, logera les fonctions du musée. Ce projet répondra au manque d'espace vécu par le musée existant en raison d'une importante croissance de l'achalandage.",,,,,,"En planification","Mars 2021
Le projet a été autorisé à l'étape « En planification ».","Ministre de la Culture et des Communications","Musée de l'Holocauste Montréal","Musée de l'Holocauste Montréal","Culture","Éducation et culture","06 – Montréal","Musée de l'Holocauste Montréal","Montréal","Construction"
"852","Théâtre Les Gros becs – Québec – Agrandissement","Le projet consiste à agrandir la caserne Dalhousie pour y relocaliser Les Productions Les Gros Becs et ainsi avoir un nouveau lieu de diffusion avec des équipements spécialisés neufs.
Les Productions Les Gros Becs est un organisme de diffusion de spectacles de théâtre jeunesse. Depuis 2002, l'organisme est à la recherche d'un nouveau lieu, car ses installations ne répondent plus du tout à ses besoins. En 2013, il a déposé une demande d'aide financière au Ministère de la Culture et des Communications pour se relocaliser dans la caserne Dalhousie, un bâtiment situé au cœur du site patrimonial déclaré du Vieux-Québec.
Ce nouveau site de diffusion permettra à l'organisme de présenter une programmation professionnelle diversifiée en théâtre pour les jeunes publics, de la petite enfance à l'adolescence. Il permettra également de donner une nouvelle vocation à la caserne Dalhousie.",,,,,,"En planification","Mars 2022
Le projet a été autorisé à l'étape « En planification ».","Ministre de la Culture et des Communications","Productions Les Gros Becs","Productions Les Gros Becs","Culture","Éducation et culture","03 – Capitale-Nationale","Théâtre Les Gros Becs","Québec","Agrandissement"
"853","Bibliothèque Lucy-Faris – Gatineau – Reconstruction","Le projet de reconstruction de la bibliothèque Lucy-Faris vise à permettre à la Ville de Gatineau d'offrir aux citoyens du secteur Aylmer, une bibliothèque qui répond à des besoins plus variés qu'uniquement le prêt de livres. En effet, la ferveur moderne pousse les bibliothèques à se redéfinir comme un troisième lieu où se mêlent culture, éducation, technologie, divertissement, socialisation et confort. La bibliothèque Lucy-Faris, qui était déjà trop petite au moment de son ouverture en 2002, doit donc moduler ses espaces et s'adapter aux changements. Or, le bâtiment actuel de la bibliothèque ne permet pas une telle modernisation puisqu'il est structurellement instable.
Il est donc prévu de démolir le bâtiment existant et de reconstruire, au même endroit, un bâtiment certifié Leed argent de trois étages (les coûts reliés à la démolition du bâtiment existant seront assumés par la Ville de Gatineau). Deux étages seront destinés à une bibliothèque d'une superficie prévue de 3 700 m² et un étage dédié aux services municipaux.
La modernisation de la bibliothèque Lucy-Faris est fort attendue par les citoyens de cet arrondissement, mais bénéficiera à l'ensemble de la population de la municipalité. Elle constitue une contribution essentielle à la modernisation du réseau de bibliothèques de la ville de Gatineau.",,,,,,"En planification","Mars 2022
Le projet a été autorisé à l'étape « En planification ».","Ministre de la Culture et des Communications","Bibliothèque Lucy-Faris","Bibliothèque Lucy-Faris","Culture","Éducation et culture","07 – Outaouais","Bibliothèque Lucy-Faris","Gatineau","Reconstruction"
"362","Route 138 entre La Tabatière et Vieux-Fort – Bonification","Le prolongement de la route 138, entre Kegaska et Vieux-Fort (environ 400 km), vise à relier les communautés du Golfe-du-Saint-Laurent entre elles et avec le reste du Québec et, ainsi, à désenclaver cette population qui n'a pas d'accès direct au réseau routier québécois. Plus particulièrement, le parachèvement de la route 138, entre La Tabatière et Vieux-Fort, représente un segment d'environ 150 kilomètres qui permettra d'améliorer la mobilité des personnes et des marchandises ainsi que l'accès aux services et aux commerces.",,,,,,"À l'étude","Mars 2020
Le projet a été autorisé à l'étape « À l'étude ».","Ministre des Transports et de la Mobilité durable","Ministère des Transports et de la Mobilité durable","Ministère des Transports et de la Mobilité durable","Réseau routier","Économie et environnement","09 – Côte-Nord","Route 138","De La Tabatière à Vieux-Fort","Bonification"
"460","Route entre Schefferville et Kawawachikamach – Réfection","Le projet propose une réfection majeure sur près de 14 km du chemin unique, comportant deux routes collectrices, permettant de relier la gare ferroviaire, la ville de Schefferville, l'aéroport, la communauté de Matimekush et la communauté de Kawawachikamach.
Le projet vise notamment le remplacement de ponceaux, la mise aux normes des courbes sous-standards et du profil vertical, le remplacement du système de drainage fermé ainsi que l'amélioration de celui-ci aux abords de la route, la mise aux normes des glissières ainsi que la pose d'enrobé bitumineux. Les objectifs sont également d'assurer la mobilité durable des personnes et des marchandises par des systèmes de transport efficaces et sécuritaires qui contribuent au développement du Québec en améliorant la géométrie routière et le drainage routier, en atténuant les zones de vent et en favorisant le transport actif.",,,,,,"En planification","Mars 2020
Le projet a été autorisé à l'étape « En planification ».","Ministre des Transports et de la Mobilité durable","Ministère des Transports et de la Mobilité durable","Ministère des Transports et de la Mobilité durable","Développement du territoire nordique","Économie et environnement","09 – Côte-Nord","Route entre Schefferville et Kawawachikamach","De Schefferville à Kawawachikamach","Réfection"
"471","Échangeur des Sources entre Pointe-Claire et Dorval – Réfection","Le projet vise la réfection des structures dans l'échangeur des Sources situé à l'intersection de l'autoroute 20 et du boulevard des Sources, à la limite de Dorval et de Pointe-Claire. Le projet permettra la réparation des colonnes, le renforcement des poutres, la réparation des glissières de sécurité et la réalisation de trappes d'accès pour accéder aux caissons des structures afin d'en faciliter l'inspection.",60.40,57.80,2.60,2021-10-31,2023-12-31,"En service","Mars 2023
Une hausse de 0,1 M$ au coût du projet a été autorisée. Prévu à 60,3 M$, le coût est maintenant de 60,4 M$. Ainsi, la contribution du Québec passe de 60,3 M$ à 60,4 M$ et celle des partenaires demeure à 2,6 M$.
Mars 2022
Une hausse de 11,1 M$","Ministre des Transports et de la Mobilité durable","Ministère des Transports et de la Mobilité durable","Ministère des Transports et de la Mobilité durable","Réseau routier","Économie et environnement","06 – Montréal","Échangeur des Sources","De Pointe-Claire à Dorval","Réfection"
"472","Autoroute 20 – Saint-Janvier-de-Joly – Reconstruction","Le projet a permis la reconstruction d'une chaussée en béton sur l'autoroute 20 ouest à Saint-Janvier-de-Joly. Ce projet s'inscrit dans la continuité du plan d'intervention visant la reconstruction de la chaussée en béton de l'autoroute 20.",38.90,38.90,0.00,,2022-12-01,"En service","Mars 2023
Une hausse de 0,1 M$ au coût du projet a été autorisée. Initialement prévu à 38,8 M$, le coût est maintenant de 38,9 M$. De plus, la mise en service complète de l'infrastructure a été réalisée au cours de l'année financière 2022-2023. Le projet","Ministre des Transports et de la Mobilité durable","Ministère des Transports et de la Mobilité durable","Ministère des Transports et de la Mobilité durable","Réseau routier","Économie et environnement","12 – Chaudière-Appalaches","Autoroute 20","Saint-Janvier-de-Joly","Reconstruction"
"473","Route 199, ouvrages de protection – Les Îles-de-la-Madeleine (divers secteurs) –  Construction et réfection","Le projet a permis la réfection des ouvrages de protection des berges dans divers secteurs de la route 199 lourdement affectés à la suite des tempêtes de novembre 2018 et de septembre 2019 (ouragan Dorian) aux Îles-de-la-Madeleine. Au total, les travaux consistaient à construire ou reconstruire 6000 mètres d'empierrement et 500 mètres de rechargement de plage.",19.90,19.90,0.00,2020-10-31,2022-12-01,"En service","Mars 2023
Une baisse de 1,8 M$ au coût du projet a été autorisée. Initialement prévu à 21,7 M$, le coût est maintenant de 19,9 M$.De plus, la mise en service complète de l'infrastructure a été réalisée au cours de l'année financière 2022-2023. Le projet ","Ministre des Transports et de la Mobilité durable","Ministère des Transports et de la Mobilité durable","Ministère des Transports et de la Mobilité durable","Réseau routier","Économie et environnement","11 – Gaspésie–Îles-de-la-Madeleine","Route 199, ouvrages de protection","Les Îles-de-la-Madeleine","Construction et réfection"
"479","Pont Dubuc entre Chicoutimi et Chicoutimi-Nord, éléments du tablier – Saguenay – Réfection","Le projet a permis la réfection d'éléments du pont Dubuc et des structures aux approches. Le projet a permis également d'améliorer les approches nord et sud, notamment par l'ajout d'un accès au pont via la rue Montcalm, la correction et l'allongement de l'approche nord du pont et l'allongement de la voie de virage à gauche du boulevard Saint-Paul, en direction sud, pour l'accès au boulevard Jacques-Cartier.",47.70,47.70,0.00,,2022-12-31,"En service","Mars 2023
Mise en service complète de l'infrastructure au cours de l'année financière 2022-2023. Le projet sera retiré du Tableau de bord lors de la prochaine mise à jour annuelle. 
Mars 2022
Une hausse de 2,9 M$ au coût du projet a été autorisée. Prév","Ministre des Transports et de la Mobilité durable","Ministère des Transports et de la Mobilité durable","Ministère des Transports et de la Mobilité durable","Réseau routier","Économie et environnement","02 – Saguenay–Lac-Saint-Jean","Pont Dubuc","Saguenay","Réfection"
"611","Autoroute 20, direction est, entre Saint-Apollinaire et Laurier-Station – Reconstruction","Le projet consiste à remplacer la chaussée de béton bitumineux par une chaussée de béton de ciment sur l'autoroute 20 est, entre Saint-Apollinaire et Laurier-Station. Le tronçon de l'autoroute 20 en direction est, situé entre les kilomètres 287 et 292, a été mis en service en 2022. Ce projet est la continuité du plan d'intervention de la reconstruction de la chaussée en béton de l'autoroute 20.",76.70,76.70,0.00,2022-12-01,2024-12-01,"En service","Mars 2023
Une hausse de 18,4 M$ au coût du projet a été autorisée. Initialement prévu à 58,3 M$, le coût est maintenant de 76,7 M$. De plus, la mise en service partielle de l'infrastructure a été réalisée au cours de l'année financière 2022-2023.
Mars 2","Ministre des Transports et de la Mobilité durable","Ministère des Transports et de la Mobilité durable","Ministère des Transports et de la Mobilité durable","Réseau routier","Économie et environnement","12 – Chaudière-Appalaches","Autoroute 20","De Saint-Apollinaire à Laurier-Station","Reconstruction"
"612","Chemin de Manawan entre Lac-Matawin et Saint-Michel-des-Saints – Réfection","Le chemin de Manawan (route 34201) constitue le principal lien pour la communauté attikamek avec la population hors territoire. Le projet consiste en la réfection majeure de cette route afin d'améliorer la sécurité des infrastructures routières par la mise à niveau des caractéristiques géométriques « sous-standards ».",,,,,,"En planification","Mars 2021
Le projet a été autorisé à l'étape « En planification ».","Ministre des Transports et de la Mobilité durable","Ministère des Transports et de la Mobilité durable","Ministère des Transports et de la Mobilité durable","Réseau routier","Économie et environnement","14 – Lanaudière","Chemin de Manawan","De Lac-Matawin à Saint-Michel-des-Saints","Réfection"
"613","Pont Charles-De Gaulle entre Montréal et Terrebonne – Réfection","Le projet consiste en la réfection du pont Charles-De Gaulle situé sur l'autoroute 40, lien important entre Montréal (arrondissement de Rivière-des-Prairies–Pointe-aux-Trembles) et Terrebonne.",,,,,,"En planification","Mars 2021
Le projet a été autorisé à l'étape « En planification ».","Ministre des Transports et de la Mobilité durable","Ministère des Transports et de la Mobilité durable","Ministère des Transports et de la Mobilité durable","Réseau routier","Économie et environnement","06 – Montréal; 14 – Lanaudière","Pont Charles-De Gaulle","De Montréal à Terrebonne","Réfection"
"615","Pont d'étagement du boulevard des Galeries-d'Anjou au-dessus de l'autoroute 40 – Montréal – Reconstruction","Le projet, réalisé en partenariat avec la Ville de Montréal, consiste à reconstruire le pont d'étagement des Galeries-d'Anjou et à réorganiser les artères desservies par cette structure dans l'arrondissement d'Anjou. Ce pont d'étagement nord-sud permet la mobilité de part et d'autre de l'autoroute Métropolitaine dans l'arrondissement d'Anjou et constituera un lien important dans le contexte du prolongement de la ligne bleue du métro.",35.50,28.40,7.10,,2023-12-31,"En réalisation","Mars 2022
Une baisse de 5,5 M$ au coût du projet a été autorisée. Initialement prévu à 41,0 M$, le coût est maintenant de 35,5 M$. Ainsi, la contribution du Québec passe de 31,4 M$ à 28,4 M$ et celle des partenaires, de 9,6 M$ à 7,1 M$. De plus, une modi","Ministre des Transports et de la Mobilité durable","Ministère des Transports et de la Mobilité durable","Ministère des Transports et de la Mobilité durable","Réseau routier","Économie et environnement","06 – Montréal","Pont d'étagement du boulevard des Galeries-d'Anjou","Montréal","Reconstruction"
"616","Pont Rivest – Repentigny – Reconstruction et élargissement","Le projet vise à remplacer la dalle existante du Pont Rivest (boulevard Brien) qui a atteint sa durée de vie utile. La solution retenue consiste à remplacer la dalle et à élargir le pont de deux à quatre voies, avec deux accotements, un trottoir et une piste multifonctionnelle sur dalle.",30.50,20.50,10.00,2023-12-31,2025-12-31,"En réalisation","Mars 2023
Une baisse de 2,6 M$ au coût du projet a été autorisée. Initialement prévu à 33,1 M$, le coût est maintenant de 30,5 M$. Ainsi, la contribution du Québec demeure à 20,5 M$ et celle des partenaires passe de 12,6 M$ à 10,0 M$. De plus, la modific","Ministre des Transports et de la Mobilité durable","Ministère des Transports et de la Mobilité durable","Ministère des Transports et de la Mobilité durable","Réseau routier","Économie et environnement","14 – Lanaudière","Pont Rivest","Repentigny","Reconstruction et élargissement"
"618","Route 117 – Réservoir-Dozois – Réfection","Le projet a permis la réfection de la route 117, entre le lac Morrisson et le lac Para, dans le secteur de Réservoir-Dozois.",27.10,27.10,0.00,2021-10-30,2022-11-15,"En service","Mars 2023
Une baisse de 1,9 M$ au coût du projet a été autorisée. Initialement prévu à 29,0 M$, le coût est maintenant de 27,1 M$. La mise en service complète de l'infrastructure a été réalisée au cours de l'année financière 2022-2023. Le projet sera ret","Ministre des Transports et de la Mobilité durable","Ministère des Transports et de la Mobilité durable","Ministère des Transports et de la Mobilité durable","Réseau routier","Économie et environnement","08 – Abitibi-Témiscamingue","Route 117","Réservoir-Dozois","Réfection"
"620","Route 138, côte Nadeau – Baie-Trinité – Réaménagement et élargissement","Le projet vise la correction du profil de la route 138 et l'ajout d'une voie de dépassement dans le secteur de la côte Nadeau, entre les municipalités de Godbout et de Baie-Trinité, afin de réduire les risques d'accident dus au ralentissement des véhicules lourds pour monter la pente abrupte.",,,,,,"En planification","Mars 2022
Le projet a été autorisé à l'étape « En planification ».","Ministre des Transports et de la Mobilité durable","Ministère des Transports et de la Mobilité durable","Ministère des Transports et de la Mobilité durable","Réseau routier","Économie et environnement","09 – Côte-Nord","Route 138","Baie-Trinité","Réaménagement et élargissement"
"622","Route 389 (D) entre la centrale Jean-Lesage (Manic-2) et la centrale René-Lévesque (Manic-3) – Reconstruction","Le projet s'inscrit dans un vaste programme d'amélioration de la route 389, entre Baie-Comeau et Fermont. Il vise à réaliser les correctifs essentiels à l'optimisation de la sécurité et du confort des usagers et à faciliter l'accès aux ressources et au territoire du Nord-du-Québec. Le projet consiste en la correction de courbes entre la centrale hydroélectrique Jean-Lesage (Manic-2) et la centrale hydroélectrique René-Lévesque (Manic-3).",35.20,32.20,3.00,2015-09-01,2024-12-31,"En service","Mars 2023
Une baisse de 1,0 M$ au coût du projet a été autorisée. Prévu à 36,2 M$, le coût est maintenant de 35,2 M$. Ainsi, la contribution du Québec passe de 33,1 M$ à 32,2 M$ et celle des partenaires passe de 3,1 M$ à 3,0 M$.
Mars 2022
Une hausse de","Ministre des Transports et de la Mobilité durable","Ministère des Transports et de la Mobilité durable","Ministère des Transports et de la Mobilité durable","Réseau routier","Économie et environnement","09 – Côte-Nord","Route 389","De la centrale Jean-Lesage (Manic-2) à la centrale René-Lévesque (Manic-3)","Reconstruction"
"623","Route 389 (E) entre la centrale René-Lévesque (Manic-3) et le barrage Daniel-Johnson (Manic-5) – Reconstruction","Le projet s'inscrit dans un vaste programme d'amélioration de la route 389, entre Baie-Comeau et Fermont. Il vise à réaliser les correctifs essentiels à l'optimisation de la sécurité et du confort des usagers et à faciliter l'accès aux ressources et au territoire du Nord-du-Québec. Le projet consiste en la correction de courbes entre la centrale hydroélectrique René-Lévesque (Manic-3) et le barrage Daniel-Johnson (Manic-5).",48.80,48.70,0.10,2016-10-01,2025-12-31,"En service","Mars 2023
Une hausse de 0,9 M$ au coût du projet a été autorisée. Prévu à 47,9 M$, le coût est maintenant de 48,8 M$. Ainsi, la contribution du Québec passe de 47,8 M$ à 48,7 M$ et celle des partenaires demeure à 0,1 M$.
Mars 2022
Une baisse de 0,7 M$ ","Ministre des Transports et de la Mobilité durable","Ministère des Transports et de la Mobilité durable","Ministère des Transports et de la Mobilité durable","Réseau routier","Économie et environnement","09 – Côte-Nord","Route 389","De la centrale René-Lévesque (Manic-3) au barrage Daniel-Johnson (Manic-5)","Reconstruction"
"713","Pont du Boys Farm – Prévost – Reconstruction","Le projet consiste en la démolition et la reconstruction complète de la structure du pont du Boys Farm au-dessus de la Rivière-du-Nord sur la route 117 à Prévost.",,,,,,"En planification","Mars 2021
Le projet a été autorisé à l'étape « En planification ».","Ministre des Transports et de la Mobilité durable","Ministère des Transports et de la Mobilité durable","Ministère des Transports et de la Mobilité durable","Réseau routier","Économie et environnement","15 – Laurentides","Pont du Boys Farm","Prévost","Reconstruction"
"714","Pont de la route 132 au-dessus de la rivière Rimouski – Rimouski – Réfection","Le projet vise à maintenir et prolonger la durée de vie du pont actuel qui est situé dans un secteur névralgique de la ville de Rimouski.",30.30,30.30,0.00,2023-10-27,2024-09-20,"En réalisation","Mars 2022
Le projet a été autorisé à l'étape « En réalisation ».
Mars 2021
Le projet a été autorisé à l'étape « En planification ».","Ministre des Transports et de la Mobilité durable","Ministère des Transports et de la Mobilité durable","Ministère des Transports et de la Mobilité durable","Réseau routier","Économie et environnement","01 – Bas-Saint-Laurent","Pont de la route 132","Rimouski","Réfection"
"715","Route 199, ouvrages de protection – Les Îles-de-la-Madeleine (divers secteurs) – Construction","Le projet vise à construire des ouvrages de protection des berges dans divers secteurs de la route 199, lourdement affectés à la suite de la tempête de septembre 2019 (ouragan Dorian) aux Îles-de-la-Madeleine. Les travaux consistent à faire de l'empierrement et du rechargement de plage.",17.70,17.70,0.00,2019-09-30,2023-12-31,"En service","Mars 2022
Une baisse de 21,8 M$ au coût du projet a été autorisée. Initialement prévu à 39,4 M$, le coût est maintenant de 17,6 M$. De plus, La modification de la date de la mise en service a été autorisée. Initialement prévue en septembre 2023, elle est","Ministre des Transports et de la Mobilité durable","Ministère des Transports et de la Mobilité durable","Ministère des Transports et de la Mobilité durable","Réseau routier","Économie et environnement","11 – Gaspésie–Îles-de-la-Madeleine","Route 199, ouvrages de protection","Les Îles-de-la-Madeleine","Construction"
"781","Autoroute 30 entre Brossard et Boucherville, chaussée et UAB – Réfection et aménagement","Le projet a permis la réfection de la chaussée de l'autoroute 30 entre Brossard (autoroute 10) et Boucherville (autoroute 20) et l'aménagement de l'accotement pour utilisation par les autobus (UAB) comme mesure temporaire dans l'attente du projet majeur d'élargissement de l'autoroute 30.",65.10,65.10,0.00,2021-12-31,2022-12-31,"En service","Mars 2023
Une hausse de 4,5 M$ au coût du projet a été autorisée. Prévu à 60,6 M$, le coût est maintenant de 65,1 M$.La mise en service complète de l'infrastructure a été réalisée au cours de l'année financière 2022-2023. Le projet sera retiré du Tableau","Ministre des Transports et de la Mobilité durable","Ministère des Transports et de la Mobilité durable","Ministère des Transports et de la Mobilité durable","Réseau routier","Économie et environnement","16 – Montérégie","Autoroute 30 ","De Brossard à Boucherville","Réfection et aménagement"
"782","Échangeur des autoroutes 30 et 40, voie réservée – Vaudreuil-Dorion – Aménagement","Le projet consiste à aménager une deuxième voie (voie réservée) par l'élargissement de la bretelle de l'autoroute 30, direction ouest, vers l'autoroute 40, direction est, à Vaudreuil-Dorion, et ce, sur une distance d'environ 1 km afin de diminuer le niveau de congestion dans ce corridor commercial à forte valeur économique.",,,,,,"En planification","Mars 2021
Le projet a été autorisé à l'étape « En planification ».","Ministre des Transports et de la Mobilité durable","Ministère des Transports et de la Mobilité durable","Ministère des Transports et de la Mobilité durable","Réseau routier","Économie et environnement","16 – Montérégie","Échangeur des autoroutes 30 et 40","Vaudreuil-Dorion","Aménagement"
"784","Pont de Bailleul et route 341 entre l'autoroute 40 et la route 344 – L'Assomption – Reconstruction et élargissement","Le projet vise à améliorer la mobilité dans l'axe de la route 341 entre l'autoroute 40 et la route 344 à L'Assomption. Il permettra également de corriger des enjeux liés à la sécurité, notamment aux diverses intersections. Le projet consiste à élargir la route 341 sur une longueur d'environ deux kilomètres incluant les élargissements du pont de Bailleul au-dessus de la rivière L'Assomption et du pont d'étagement au-dessus de l'autoroute 40.",,,,,,"En planification","Décembre 2020
Le projet a été autorisé à l'étape « En planification ».","Ministre des Transports et de la Mobilité durable","Ministère des Transports et de la Mobilité durable","Ministère des Transports et de la Mobilité durable","Réseau routier","Économie et environnement","14 – Lanaudière","Pont de Bailleuil et route 341","L'Assomption","Reconstruction et élargissement"
"785","Autoroute 25 entre Saint-Esprit et Sainte-Julienne – Construction et réfection","Le projet vise à résoudre les problèmes de circulation et de sécurité sur la route 125 dans les secteurs de Saint-Esprit et de Sainte-Julienne.  Il consiste en un prolongement de l'autoroute 25. Dans l'objectif d'améliorer la route 125, le secteur urbain de Sainte-Julienne a été mis en service partiellement en 2022.",286.50,286.50,0.00,2022-11-30,2028-12-13,"En service","Mars 2023
Mise en service partielle de l'infrastructure au cours de l'année financière 2022-2023.
Mars 2022
Le projet a été autorisé à l'étape « En réalisation ».
Décembre 2020
Le projet a été autorisé à l'étape « En planification ».","Ministre des Transports et de la Mobilité durable","Ministère des Transports et de la Mobilité durable","Ministère des Transports et de la Mobilité durable","Réseau routier","Économie et environnement","14 – Lanaudière","Autoroute 25","Saint-Esprit et Sainte-Julienne","Construction et réfection"
"512","Maison des aînés et alternative de Lebourgneuf – Québec – Construction","Les maisons des aînés et alternatives offriront aux personnes résidentes un milieu de vie climatisé, à dimension humaine. Elles comporteront des chambres individuelles avec une toilette et une douche adaptées à chaque résidente ou résident, qu'il s'agisse d'un aîné ou d'un adulte ayant des besoins particuliers.
Ce nouveau type d'hébergement, qui s'apparentera davantage à un domicile, favorisera les contacts humains ainsi qu'un mode de vie plus actif, entre autres grâce à un accès à des aires extérieures aménagées et à des installations mieux adaptées aux besoins des proches aidants et aidantes. Cette transformation sera aussi bénéfique pour le personnel qui y travaillera et contribuera d'ailleurs à l'attractivité et à la rétention de cette main-d'œuvre.
Le projet prévoit la construction d'une installation de 96 places.",66.00,66.00,0.00,,2022-10-31,"En réalisation","Avril 2022
Une baisse de 1,6 M$ au coût du projet a été autorisée. Initialement prévu à 67,6 M$, le coût est maintenant de 66,0 M$. De plus, la modification de la date de la mise en service a été autorisée. Initialement prévue en septembre 2022, elle est","Ministre de la Santé","Centre intégré universitaire de santé et de services sociaux de la Capitale-Nationale","Société québécoise des infrastructures","Santé et Services sociaux","Santé et Services sociaux","03 – Capitale-Nationale","Maison des aînés et alternative","Québec","Construction"
"513","Maison des aînés et alternative de Saint-Hilarion – Construction","Les maisons des aînés et alternatives offriront aux personnes résidentes un milieu de vie climatisé, à dimension humaine. Elles comporteront des chambres individuelles avec une toilette et une douche adaptées à chaque résidente ou résident, qu'il s'agisse d'un aîné ou d'un adulte ayant des besoins particuliers.
Ce nouveau type d'hébergement, qui s'apparentera davantage à un domicile, favorisera les contacts humains ainsi qu'un mode de vie plus actif, entre autres grâce à un accès à des aires extérieures aménagées et à des installations mieux adaptées aux besoins des proches aidants et aidantes. Cette transformation sera aussi bénéfique pour le personnel qui y travaillera et contribuera d'ailleurs à l'attractivité et à la rétention de cette main-d'œuvre.
Le projet prévoit la construction d'une installation de 48 places.",50.50,50.50,0.00,,2023-09-30,"En réalisation","Avril 2022
Une hausse de 13,4 M$ au coût du projet a été autorisée. Initialement prévu à 37,1 M$, le coût est maintenant de 50,5 M$. De plus, la modification de la date de la mise en service a été autorisée. Initialement prévue en septembre 2022, elle es","Ministre de la Santé","Centre intégré universitaire de santé et de services sociaux de la Capitale-Nationale","Société québécoise des infrastructures","Santé et Services sociaux","Santé et Services sociaux","03 – Capitale-Nationale","Maison des aînés et alternative","Saint-Hilarion","Construction"
"104","Autoroute 35 entre Saint-Armand et la frontière américaine (phase IV) – Construction","Le prolongement de l'autoroute 35 vise à compléter le lien entre Montréal et Boston, pour accroître les échanges commerciaux et touristiques avec la Nouvelle-Angleterre. Ce projet améliorera la sécurité routière et la qualité de vie des personnes qui résident en bordure de la route 133 en y diminuant la circulation de transit. Il consiste à construire une autoroute à deux voies par direction sur chaussées séparées. La phase IV de ce projet est la dernière et elle complètera le lien entre Saint-Armand et la frontière américaine, sur 4,5 km. Les deux premières phases du projet ont été mises en service en 2014, tandis que la phase III de ce projet correspond au projet « 318 - Autoroute 35 entre Saint-Sébastien et Saint-Armand (phase III) – Construction » du Tableau de bord.",,,,,,"En planification","Août 2019
Le projet « Prolongement de l'autoroute 35 jusqu'à la frontière américaine – Phases III et IV » a été scindé en deux projets distincts. Ainsi, le présent projet « 104 - Prolongement de l'autoroute 35 (phase IV) de Saint-Armand jusqu'à la fronti","Ministre des Transports et de la Mobilité durable","Ministère des Transports et de la Mobilité durable","Ministère des Transports et de la Mobilité durable","Réseau routier","Économie et environnement","05 – Estrie","Autoroute 35","Saint-Armand
","Construction"
"787","Autoroute 10 entre Brossard et Carignan, voies réservées – Aménagement","Le projet vise à augmenter l'utilisation du transport collectif sur un tronçon de l'autoroute 10 par l'implantation de voies réservées entre l'autoroute 30, à Brossard, et l'autoroute 35, à Carignan, dans les deux directions.",,,,,,"En planification","Décembre 2020
Le projet a été autorisé à l'étape « En planification ».","Ministre des Transports et de la Mobilité durable","Ministère des Transports et de la Mobilité durable","Ministère des Transports et de la Mobilité durable","Réseau routier","Économie et environnement","16 – Montérégie","Autoroute 10","De Brossard à Carignan","Aménagement"
"788","Autoroute 25, direction nord, entre Laval et Terrebonne, voie réservée – Aménagement","Le projet vise l'aménagement d'une voie réservée permanente à Laval et Terrebonne par l'élargissement de l'autoroute 25, direction nord, entre l'autoroute 440 et l'île Saint-Jean.",,,,,,"En planification","Décembre 2020
Le projet a été autorisé à l'étape « En planification ».","Ministre des Transports et de la Mobilité durable","Ministère des Transports et de la Mobilité durable","Ministère des Transports et de la Mobilité durable","Réseau routier","Économie et environnement","13 – Laval; 14 – Lanaudière","Autoroute 25","De Laval à Terrebonne","Aménagement"
"789","Autoroute 440, direction est, entre la route 125 et l'autoroute 25, voie réservée – Laval – Aménagement","Le projet vise à implanter une voie réservée sur l'autoroute 440, direction est, entre la station Saint-Martin (SRB Pie-IX) et l'autoroute 25 afin de relier le stationnement incitatif à la voie réservée de l'autoroute 25, direction nord, sur une distance d'environ 4 km.",,,,,,"En planification","Décembre 2020
Le projet a été autorisé à l'étape « En planification ».","Ministre des Transports et de la Mobilité durable","Ministère des Transports et de la Mobilité durable","Ministère des Transports et de la Mobilité durable","Réseau routier","Économie et environnement","13 – Laval","Autoroute 440","Laval","Aménagement"
"790","Route 104 (chemin de Saint-Jean) – La Prairie – Élargissement et réaménagement","Le projet vise le réaménagement de la route 104 entre l'autoroute 30 et la limite de Saint-Jean-sur-Richelieu, sur une distance d'un peu plus de 6 km, afin d'améliorer l'insertion des véhicules sur la route, sans en diminuer la capacité. De plus, des modifications aux intersections seront requises ainsi que l'élargissement de la route 104 afin d'ajouter des voies de virage.",,,,,,"En planification","Décembre 2020
Le projet a été autorisé à l'étape « En planification ».","Ministre des Transports et de la Mobilité durable","Ministère des Transports et de la Mobilité durable","Ministère des Transports et de la Mobilité durable","Réseau routier","Économie et environnement","16 – Montérégie","Route 104 (chemin de Saint-Jean","La Prairie","Élargissement et réaménagement"
"791","Échangeur des autoroutes 440 et 15, bretelle aérienne – Laval – Construction","Le projet a pour but d'améliorer la sécurité routière et d'éliminer les zones d'entrecroisement pour accéder à l'autoroute 15, direction nord, par l'ajout d'une bretelle aérienne destinée aux usagers circulant sur l'autoroute 440, direction ouest. L'aménagement d'une nouvelle entrée sur l'autoroute 15 nord en amont de l'échangeur est également inclus dans ce projet.",189.40,189.40,0.00,2022-06-30,2024-12-31,"En réalisation","Mars 2022
Le projet a été autorisé à l'étape « En réalisation ».
Décembre 2020
Le projet a été autorisé à l'étape « En planification ».","Ministre des Transports et de la Mobilité durable","Ministère des Transports et de la Mobilité durable","Ministère des Transports et de la Mobilité durable","Réseau routier","Économie et environnement","13 – Laval","Échangeur des autoroutes 440 et 15","Laval","Construction"
"792","Autoroute 73 – Saint-Georges – Prolongement","Le projet de prolongement de l'autoroute 73 vise à bonifier et à sécuriser les déplacements dans la ville de Saint-Georges, assurer la fluidité des déplacements dans la région, relier les régions entre elles et favoriser le développement économique.",,,,,,"En planification","Mai 2021
Le nom du projet a été modifié. Il correspond au projet « Autoroute 73 (boulevard urbain) – Saint-Georges – Construction » présenté au Plan québécois des infrastructures (PQI) 2021-2031.
Mars 2021
Le projet a été autorisé à l'étape « En planif","Ministre des Transports et de la Mobilité durable","Ministère des Transports et de la Mobilité durable","Ministère des Transports et de la Mobilité durable","Réseau routier","Économie et environnement","12 – Chaudière-Appalaches","Autoroute 73 ","Saint-Georges","Prolongement"
"793","Voie de contournement – Saint-Lin–Laurentides – Construction","Le projet a pour objectif d'accroître la sécurité, de faciliter la gestion de la circulation et de restaurer la fluidité dans l'axe est-ouest. Il consiste en la construction d'une voie de contournement de la zone urbaine de la municipalité de Saint-Lin–Laurentides. La partie du noyau urbain de Saint-Lin–Laurentides est terminée et a été mise en service partiel depuis 2022, et ce, dans l'objectif d'améliorer la route 335-337.",78.70,78.60,0.10,2022-12-31,2027-12-18,"En service","Mars 2023
Une hausse de 15,4 M$ au coût du projet a été autorisée. Initialement prévu à 63,3 M$, le coût est maintenant de 78,7 M$. Ainsi, la contribution du Québec passe de 63,2 M$ à 78,6 M$ et celle des partenaires demeure à 0,1 M$. 
De plus, la modif","Ministre des Transports et de la Mobilité durable","Ministère des Transports et de la Mobilité durable","Ministère des Transports et de la Mobilité durable","Réseau routier","Économie et environnement","14 – Lanaudière","Voie de contournement","Saint-Lin–Laurentides","Construction"
"794","Route 293 – Notre-Dame-des-Neiges – Réaménagement","Le projet vise la correction de la géométrie et du profil de la route 293 sur 4 km, dans le secteur situé au sud du 2e Rang, qui présente des courbes devant être adaptées aux normes actuelles. De plus, le projet permettra d'accroître la sécurité des usagers.",,,,,,"En planification","Mars 2021
Le projet a été autorisé à l'étape « En planification ».","Ministre des Transports et de la Mobilité durable","Ministère des Transports et de la Mobilité durable","Ministère des Transports et de la Mobilité durable","Réseau routier","Économie et environnement","01 – Bas-Saint-Laurent","Route 293","Notre-Dame-des-Neiges","Réaménagement"
"795","Pont Arthur-Bergeron et route 132 – Grand-Métis – Reconstruction et réaménagement","Le projet vise la reconstruction du pont Arthur-Bergeron, au sud de sa présente localisation, ainsi que la correction de la géométrie et du profil d'un tronçon de 2 km de la route 132. Le pont Arthur-Bergeron a atteint sa durée de vie utile. Les travaux permettront d'accroître la sécurité routière sur la route 132, entre l'accès du Parc régional de la rivière Mitis et le chemin Perreault.",,,,,,"En planification","Mars 2021
Le projet a été autorisé à l'étape « En planification ».","Ministre des Transports et de la Mobilité durable","Ministère des Transports et de la Mobilité durable","Ministère des Transports et de la Mobilité durable","Réseau routier","Économie et environnement","01 – Bas-Saint-Laurent","Pont Arthur-Bergeron et route 132","Grand-Métis","Reconstruction et réaménagement"
"796","Route 170 – L'Anse-Saint-Jean – Réaménagement","Le projet de correction de courbes sous-standards du km 70 au km 73 sur la route 170, dans la municipalité de L'Anse-Saint-Jean, est prévu en raison de problématiques liées à sa géométrie et affectant son entretien hivernal. Le projet vise donc à améliorer la sécurité et la fluidité de la circulation du secteur en réaménageant le tracé et en harmonisant le raccordement des chemins municipaux avec la route 170.",32.00,32.00,0.00,,2026-12-01,"En réalisation","Mars 2023
Le projet a été autorisé à l'étape « En réalisation ».
Mars 2021
Le projet a été autorisé à l'étape « En planification ».","Ministre des Transports et de la Mobilité durable","Ministère des Transports et de la Mobilité durable","Ministère des Transports et de la Mobilité durable","Réseau routier","Économie et environnement","02 – Saguenay–Lac-Saint-Jean","Route 170","L'Anse-Saint-Jean","Réaménagement"
"797","Échangeur Saint-Alexandre de l'autoroute 35 – Construction","Le projet consiste en la construction d'un nouvel échangeur en forme de demi-trèfle au km 27 de l'autoroute 35. Cet échangeur assurera un accès rapide au réseau autoroutier pour la population de Saint-Alexandre et permettra d'établir un lien avec le réseau routier via l'accès à la route 227.",,,,,,"En planification","Décembre 2020
Le projet a été autorisé à l'étape « En planification ».","Ministre des Transports et de la Mobilité durable","Ministère des Transports et de la Mobilité durable","Ministère des Transports et de la Mobilité durable","Réseau routier","Économie et environnement","16 – Montérégie","Échangeur Saint-Alexandre de l'autoroute 35","Saint-Alexandre","Construction"
"827","Réseau de mesures préférentielles en transport collectif – Région métropolitaine de Québec – Aménagement","Dans le cadre du Réseau express de la Capitale (REC), le projet vise à mettre en place des mesures préférentielles pour le transport collectif (voies réservées accueillant des autobus et du covoiturage, utilisation de l'accotement par les autobus, stationnements incitatifs, etc.) afin d'améliorer la desserte des banlieues et favoriser un transfert modal vers le transport collectif.",,,,,,"En planification","Mars 2022
Le nom du projet a été modifié. Initialement, il se nommait « Voies réservées sur les autoroutes 73, 573, 973, 40 et 440 ainsi que sur le réseau municipal – Québec – Aménagement ».
Avril 2021
Le projet a été autorisé à l'étape « En planificat","Ministre des Transports et de la Mobilité durable","Ministère des Transports et de la Mobilité durable","Ministère des Transports et de la Mobilité durable","Réseau routier","Économie et environnement","03 – Capitale-Nationale","Autoroutes 73, 573, 973, 40 et 440 et réseau municipal","Région métropolitaine de Québec","Aménagement"
"923","Pont de la route 169 au-dessus de la rivière Métabetchouane – Desbiens – Réfection","Le projet vise la mise aux normes de la structure ayant atteint sa durée de vie utile, grâce à la réfection du tablier et des poutres du pont de la route 169 au-dessus de la rivière Métabetchouane à Desbiens.",,,,,,"En planification","Mars 2022
Le projet a été autorisé à l'étape « En planification ».","Ministre des Transports et de la Mobilité durable","Ministère des Transports et de la Mobilité durable","Ministère des Transports et de la Mobilité durable","Réseau routier","Économie et environnement","02 – Saguenay–Lac-Saint-Jean","Pont de la route 169","Desbiens","Réfection"
"924","Route 116, écran antibruit – Longueuil – Construction","L'objectif du projet est de réduire le climat sonore (supérieur à 65 décibels) du secteur résidentiel aux abords de la route 116, entre les rues Martineau et Morneau, afin de respecter la Politique sur le bruit routier du ministère des Transports et de la Mobilité durable. Ainsi, le projet consiste en la construction d'un écran antibruit de 1 900 m.",,,,,,"En planification","Mars 2022
Le projet a été autorisé à l'étape « En planification ».","Ministre des Transports et de la Mobilité durable","Ministère des Transports et de la Mobilité durable","Ministère des Transports et de la Mobilité durable","Réseau routier","Économie et environnement","16 – Montérégie","Route 116","Longueuil","Construction"
"925","Autoroute 40 (Félix-Leclerc) entre le boulevard Masson et la rivière Saint-Charles – Québec – Reconstruction","Le projet vise la reconstruction complète de l'autoroute Félix-Leclerc entre l'autoroute Henri-IV et le boulevard Neuvialle à Québec. Il vise à reconstruire les ponts d'étagement situés au-dessus du boulevard de l'Ormière et de la rivière Saint-Charles, à réparer le pont d'étagement du boulevard Neuvialle et à reconstruire la chaussée en béton de ciment afin de respecter l'orientation ministérielle sur le choix des types de chaussées tout en modernisant le système d'éclairage désuet.",,,,,,"En planification","Mars 2022
Le projet a été autorisé à l'étape « En planification ».","Ministre des Transports et de la Mobilité durable","Ministère des Transports et de la Mobilité durable","Ministère des Transports et de la Mobilité durable","Réseau routier","Économie et environnement","03 – Capitale-Nationale","Autoroute 40 (Félix-Leclerc)","Québec","Reconstruction"
"926","Route 199, ouvrage de protection – Les Îles-de-la-Madeleine (secteur de Pointe-aux-Loups) – Construction","Le projet consiste à construire un ouvrage de protection des berges le long de la route 199 aux Îles-de-la-Madeleine, dans le secteur de Pointe-aux-Loups, au moyen d'une recharge de plage massive. Le projet nécessite de déplacer du sable dans le chenal de la Grande-Entrée, de le transporter et de le mettre en place dans le secteur de Pointe-aux-Loups.",48.10,48.10,0.00,2023-12-01,2024-06-01,"En réalisation","Mars 2023
Le projet a été autorisé à l'étape « En réalisation ».
Mars 2022
Le projet a été autorisé à l'étape « En planification ».","Ministre des Transports et de la Mobilité durable","Ministère des Transports et de la Mobilité durable","Ministère des Transports et de la Mobilité durable","Réseau routier","Économie et environnement","11 – Gaspésie–Îles-de-la-Madeleine","Route 199, ouvrage de protection","Les Îles-de-la-Madeleine","Construction"
"927","Échangeur de l'autoroute 640 et de la montée des Pionniers – Terrebonne – Réfection","Le projet consiste en la réfection du drainage de l'échangeur de l'autoroute 640 et de la montée des Pionniers.",,,,,,"En planification","Mars 2022
Le projet a été autorisé à l'étape « En planification ».","Ministre des Transports et de la Mobilité durable","Ministère des Transports et de la Mobilité durable","Ministère des Transports et de la Mobilité durable","Réseau routier","Économie et environnement","14 – Lanaudière","Échangeur de l'autoroute 640 et de la montée des Pionniers","Terrebonne","Réfection"
"928","Route 199, ouvrage de protection – Les Îles-de-la-Madeleine (secteur de la Jetée du Détroit) – Construction","Le projet vise la construction d'un ouvrage de protection contre l'érosion côtière sur la route 199, dans le secteur de la jetée du détroit. La construction de cet ouvrage en abord de la route permettra le réaménagement du secteur afin de réduire les enjeux liés aux glissements de terrain et à l'érosion côtière. Il s'agit d'un projet lié à l'adaptation aux changements climatiques.",35.30,35.30,0.00,,2023-12-31,"En réalisation","Mars 2023
Le projet a été autorisé à l'étape « En réalisation ».
Mars 2022
Le projet a été autorisé à l'étape « En planification ».","Ministre des Transports et de la Mobilité durable","Ministère des Transports et de la Mobilité durable","Ministère des Transports et de la Mobilité durable","Réseau routier","Économie et environnement","11 – Gaspésie–Îles-de-la-Madeleine","Route 199, ouvrage de protection","Les Îles-de-la-Madeleine","Construction"
"929","Échangeur Darche – Sherbrooke – Reconstruction et réaménagement","Le projet consiste à reconstruire et réaménager l'échangeur Darche ainsi qu'à déplacer le ponceau du ruisseau Lyon afin de remettre en état cette structure ayant atteint sa durée de vie utile.",,,,,,"En planification","Mars 2022
Le projet a été autorisé à l'étape « En planification ».","Ministre des Transports et de la Mobilité durable","Ministère des Transports et de la Mobilité durable","Ministère des Transports et de la Mobilité durable","Réseau routier","Économie et environnement","05 – Estrie","Échangeur Darche","Sherbrooke","Reconstruction et réaménagement"
"930","Autoroute 20 entre Notre-Dame-des-Neiges et Rimouski – Bonification","Le projet consiste à prolonger l'autoroute 20, entre Notre-Dame-des Neiges et Rimouski, soit sur un tronçon d'approximativement de 53 km, et qui pourrait comprendre la construction d'un pont au-dessus de la rivière des Trois Pistoles.
Ce projet vise également à:
• Garantir un gain en matière de fluidité et de capacité ainsi que de sécurité routière pour les usagers de la route
• Favoriser le développement économique et touristique de la région
• Unifier les sections existantes de l'autoroute 20",,,,,,"À l'étude","Mars 2022
Le projet a été autorisé à l'étape « À l'étude ».","Ministre des Transports et de la Mobilité durable","Ministère des Transports et de la Mobilité durable","Ministère des Transports et de la Mobilité durable","Réseau routier","Économie et environnement","01 – Bas-Saint-Laurent","Autoroute 20","De Notre-Dame-des-Neiges à Rimouski","Bonification"
"1038","Autoroute 13 entre les ponts Louis-Bisson et Vachon – Laval – Réfection","Le projet vise la réfection du segment de l'autoroute 13 en direction nord situé entre les ponts Louis-Bisson et Vachon. Il consiste à réparer localement la dalle de béton et à la recouvrir d'asphalte afin de rétablir les conditions d'adhérence requise, d'assurer un meilleur confort et une sécurité accrue aux usagers de la route.",24.70,24.70,0.00,2024-08-01,2024-11-01,"En réalisation","Mars 2023
Le projet a été autorisé à l'étape « En réalisation ».","Ministre des Transports et de la Mobilité durable","Ministère des Transports et de la Mobilité durable","Ministère des Transports et de la Mobilité durable","Réseau routier","Économie et environnement","13 – Laval","Autoroute 13","Laval","Réfection"
"1039","Autoroute 50 entre la montée Mineault et la rue Georges – Gatineau – Réfection","Le projet vise la reconstruction de ponceaux selon certaines exigences environnementales, en élargissant l'ouverture des ponceaux. Ce projet est le premier d'une série de quatre projets se terminant par l'intervention chaussée.",,,,,,"En planification","Mars 2023
Le projet a été autorisé à l'étape « En planification ».","Ministre des Transports et de la Mobilité durable","Ministère des Transports et de la Mobilité durable","Ministère des Transports et de la Mobilité durable","Réseau routier","Économie et environnement","07 – Outaouais","Autoroute 50","Gatineau","Réfection"
"1040","Pont des Piles – Shawinigan – Reconstruction","Le projet vise la reconstruction du pont des Piles de l'autoroute 55. Cette structure en béton précontraint à une seule poutre-caisson permet d'assurer la pérennité de ce lien stratégique que représentent l'autoroute 55 et la route 155.  La nouvelle structure, un pont en arc en acier tablier, sera située en aval de la structure existante. Le projet inclut notamment la construction de la nouvelle chaussée, le remplacement d'un ponceau sous l'autoroute 55 ainsi que la démolition complète du pont existant.",88.30,88.30,0.00,,2025-12-01,"En réalisation","Mars 2023
Le projet a été autorisé à l'étape « En réalisation ».","Ministre des Transports et de la Mobilité durable","Ministère des Transports et de la Mobilité durable","Ministère des Transports et de la Mobilité durable","Réseau routier","Économie et environnement","04 – Mauricie","Pont des Piles","Shawinigan","Reconstruction"
"340","Projet structurant de transport collectif de type service rapide par bus dans l'axe des boulevards Notre-Dame et de la Concorde – Laval – Bonification","Le projet vise l'implantation d'un mode structurant de transport collectif dans l'axe des boulevards Notre-Dame et de la Concorde, sur le territoire de Laval, qui permettrait de répondre à certains enjeux de mobilité pressants.",,,,,,"À l'étude","Mars 2020
Le projet a été autorisé à l'étape « À l'étude ».","Ministre des Transports et de la Mobilité durable","Société de transport de Laval","Société de transport de Laval","Transport collectif","Économie et environnement","13 – Laval","Infrastructure de transport collectif - boulevards  Notre-Dame et de la Concorde","Laval","Bonification"
"1046","Infrastructures portuaires, quai – Saint-Augustin – Reconstruction","D'avril à février de chaque année, la Société des traversiers du Québec (STQ) est responsable du transport des marchandises entre le quai de Pointe-à-la-Truite et le quai de la municipalité de Saint-Augustin.

Le quai de Saint-Augustin, principalement utilisé pour le chargement et le déchargement du navire affecté à ce transport, a atteint sa durée de vie utile. Sa reconstruction est requise afin d'assurer la pérennité du service offert par la STQ.

Sa reconfiguration sera également optimisée pour faciliter les mouvements du futur navire de transport des marchandises qui sera en service complet en août 2023.",22.00,22.00,0.00,2023-06-01,2023-08-31,"En réalisation","Mars 2023
Le projet a été autorisé à l'étape « En réalisation ».","Ministre des Transports et de la Mobilité durable","Société des traversiers du Québec","Société québécoise des infrastructures","Transports maritime, aérien, ferroviaire et autres","Économie et environnement","09 – Côte-Nord","Port de Saint-Augustin","Saint-Augustin","Reconstruction"
"1047","Infrastructures portuaires – Saint-Siméon – Réfection","Pour assurer la pérennité du lien maritime entre les régions de Charlevoix et du Bas-Saint-Laurent, la Société des traversiers du Québec prévoit d'effectuer des travaux de réfection sur ses infrastructures portuaires de Saint-Siméon dans Charlevoix. 

Ces infrastructures doivent être adaptées et mises aux normes afin de mettre le NM Saaremaa I en service en avril 2026 (voir projet 365) et afin d'accueillir le navire de relève NM Félix-Antoine-Savard lors de l'arrêt technique annuel réglementaire du NM Saaremaa I.",,,,,,"En planification","Mars 2023
Le projet a été autorisé à l'étape « En planification ».","Ministre des Transports et de la Mobilité durable","Société des traversiers du Québec","Société des traversiers du Québec","Transports maritime, aérien, ferroviaire et autres","Économie et environnement","03 – Capitale-Nationale","Infrastructures portuaires","Saint-Siméon","Réfection"
"1045","Infrastructures portuaires, quai ouest – Lévis – Réfection et agrandissement","La Société des traversiers du Québec souhaite se doter d'un deuxième quai à son usage exclusif à proximité de la traverse Québec-Lévis, et ce, en raison de la disponibilité de plus en plus restreinte des quais environnants appartenant à des tiers.
Le projet consiste en la réfection et l'agrandissement du quai voisin de ses infrastructures portuaires de Lévis. En plus de répondre de façon pérenne aux besoins d'amarrage, le projet permettra notamment une réduction des coûts de quayage.",,,,,,"En planification","Mars 2023
Le projet a été autorisé à l'étape « En planification ».","Ministre des Transports et de la Mobilité durable","Société des traversiers du Québec","Société des traversiers du Québec","Transports maritime, aérien, ferroviaire et autres","Économie et environnement","12 – Chaudière-Appalaches","Infrastructures portuaires","Lévis","Réfection et agrandissement"
"539","Maison des aînés et alternative de Trois-Rivières – Construction","Les maisons des aînés et alternatives offriront aux personnes résidentes un milieu de vie climatisé, à dimension humaine. Elles comporteront des chambres individuelles avec une toilette et une douche adaptées à chaque résidente ou résident, qu'il s'agisse d'un aîné ou d'un adulte ayant des besoins particuliers.
Ce nouveau type d'hébergement, qui s'apparentera davantage à un domicile, favorisera les contacts humains ainsi qu'un mode de vie plus actif, entre autres grâce à un accès à des aires extérieures aménagées et à des installations mieux adaptées aux besoins des proches aidants et aidantes. Cette transformation sera aussi bénéfique pour le personnel qui y travaillera et contribuera d'ailleurs à l'attractivité et à la rétention de cette main-d'œuvre.
Le projet prévoit la construction d'une installation de 96 places.",93.80,93.80,0.00,,2023-12-31,"En réalisation","Avril 2022
Une hausse de 29,2 M$ au coût du projet a été autorisée. Initialement prévu à 64,6 M$, le coût est maintenant de 93,8 M$. De plus, la modification de la date de la mise en service a été autorisée. Initialement prévue en septembre 2022, elle es","Ministre de la Santé","Centre intégré universitaire de santé et de services sociaux de la Mauricie-et-du-Centre-du-Québec","Société québécoise des infrastructures","Santé et Services sociaux","Santé et Services sociaux","04 – Mauricie","Maison des aînés et alternative","Trois-Rivières","Construction"
"773","Centres de transport de la STM, programme d'électrification (phase I) – Montréal – Bonification et maintien","Le programme vise la planification et la mise en œuvre de l'électrification dans les futurs centres de transport ainsi que dans les centres existants. La phase I de ce programme englobe l'ingénierie, l'approvisionnement en équipements, les travaux d'installation des équipements nécessaires à l'électrification, ainsi que le plan de raccordement au réseau d'Hydro-Québec des centres de transport Bellechasse, est de Montréal, Saint-Michel et Stinson. La phase II de ce projet correspond au projet « 920 - Centres de transport de la STM, programme d'électrification (phase II) – Montréal – Bonification et maintien » du Tableau de bord.",,,,,,"En planification","Mars 2021
Le projet a été autorisé à l'étape « En planification ».","Ministre des Transports et de la Mobilité durable","Société de transport de Montréal","Société de transport de Montréal","Transport collectif","Économie et environnement","06 – Montréal","Centres de transport de la STM","Montréal","Bonification et maintien"
"1042","Lieu de diffusion spécialisée danse-théâtre enfance-jeunesse – Sherbrooke – Construction","Le projet vise la construction d'une salle de 300 places, spécialisée en théâtre et en danse avec encadrement professionnel et adaptée à la présentation de spectacles s'adressant à un jeune public.",21.80,9.30,12.50,,2024-12-31,"En réalisation","Mars 2023
Le projet a été autorisé à l'étape « En réalisation ».","Ministre de la Culture et des Communications","Ville de Sherbrooke","Ville de Sherbrooke","Culture","Éducation et culture","05 – Estrie","Lieu de diffusion culturel","Sherbrooke","Construction"
"1012","Routes 116 et 132 entre l'autoroute 20 et le pont de Québec – Lévis  – Réaménagement et élargissement","Le projet consiste au réaménagement des routes 116 et 132 à quatre voies de circulation avec l'ajout d'un terre-plein central incluant des voies réservées pour autobus et pour le covoiturage ainsi qu'une piste cyclable et des trottoirs.",,,,,,"En planification","Mars 2023
Le projet a été autorisé à l'étape « En planification ».","Ministre des Transports et de la Mobilité durable","Ministère des Transports et de la Mobilité durable","Ministère des Transports et de la Mobilité durable","Réseau routier","Économie et environnement","12 – Chaudière-Appalaches","Routes 116 et 132","Lévis","Réaménagement et élargissement"
"516","Maison des aînés et alternative de Victoriaville – Construction","Les maisons des aînés et alternatives offriront aux personnes résidentes un milieu de vie climatisé, à dimension humaine. Elles comporteront des chambres individuelles avec une toilette et une douche adaptées à chaque résidente ou résident, qu'il s'agisse d'un aîné ou d'un adulte ayant des besoins particuliers.
Ce nouveau type d'hébergement, qui s'apparentera davantage à un domicile, favorisera les contacts humains ainsi qu'un mode de vie plus actif, entre autres grâce à un accès à des aires extérieures aménagées et à des installations mieux adaptées aux besoins des proches aidants et aidantes. Cette transformation sera aussi bénéfique pour le personnel qui y travaillera et contribuera d'ailleurs à l'attractivité et à la rétention de cette main-d'œuvre.
Le projet prévoit la construction d'une installation de 72 places.",52.40,52.40,0.00,,2022-12-31,"En réalisation","Avril 2022
Une hausse de 3,2 M$ au coût du projet a été autorisée. Initialement prévu à 49,2 M$, le coût est maintenant de 52,4 M$. De plus, la modification de la date de la mise en service a été autorisée. Initialement prévue en septembre 2022, elle est","Ministre de la Santé","Centre intégré universitaire de santé et de services sociaux de la Mauricie-et-du-Centre-du-Québec","Société québécoise des infrastructures","Santé et Services sociaux","Santé et Services sociaux","17 – Centre-du-Québec","Maison des aînés et alternative","Victoriaville","Construction"
"515","Maison des aînés et alternative de Drummondville – Construction","Les maisons des aînés et alternatives offriront aux personnes résidentes un milieu de vie climatisé, à dimension humaine. Elles comporteront des chambres individuelles avec une toilette et une douche adaptées à chaque résidente ou résident, qu'il s'agisse d'un aîné ou d'un adulte ayant des besoins particuliers.
Ce nouveau type d'hébergement, qui s'apparentera davantage à un domicile, favorisera les contacts humains ainsi qu'un mode de vie plus actif, entre autres grâce à un accès à des aires extérieures aménagées et à des installations mieux adaptées aux besoins des proches aidants et aidantes. Cette transformation sera aussi bénéfique pour le personnel qui y travaillera et contribuera d'ailleurs à l'attractivité et à la rétention de cette main-d'œuvre.
Le projet prévoit la construction d'une installation de 72 places.",53.10,53.10,0.00,,2022-12-31,"En réalisation","Avril 2022
Une hausse de 2,8 M$ au coût du projet a été autorisée. Initialement prévu à 50,3 M$, le coût est maintenant de 53,1 M$. De plus, la modification de la date de la mise en service a été autorisée. Initialement prévue en septembre 2022, elle est","Ministre de la Santé","Centre intégré universitaire de santé et de services sociaux de la Mauricie-et-du-Centre-du-Québec","Société québécoise des infrastructures","Santé et Services sociaux","Santé et Services sociaux","17 – Centre-du-Québec","Maison des aînés et alternative","Drummondville","Construction"
"521","Maison des aînés et alternative de Havre-Saint-Pierre – Construction","Les maisons des aînés et alternatives offriront aux personnes résidentes un milieu de vie climatisé, à dimension humaine. Elles comporteront des chambres individuelles avec une toilette et une douche adaptées à chaque résidente ou résident, qu'il s'agisse d'un aîné ou d'un adulte ayant des besoins particuliers.
Ce nouveau type d'hébergement, qui s'apparentera davantage à un domicile, favorisera les contacts humains ainsi qu'un mode de vie plus actif, entre autres grâce à un accès à des aires extérieures aménagées et à des installations mieux adaptées aux besoins des proches aidants et aidantes. Cette transformation sera aussi bénéfique pour le personnel qui y travaillera et contribuera d'ailleurs à l'attractivité et à la rétention de cette main-d'œuvre.
Le projet prévoit la construction d'une installation de 48 places.",56.60,56.60,0.00,,2022-12-31,"En réalisation","Avril 2022
Une hausse de 5,4 M$ au coût du projet a été autorisée. Initialement prévu à 51,2 M$, le coût est maintenant de 56,6 M$. De plus, la modification de la date de la mise en service a été autorisée. Initialement prévue en septembre 2022, elle est","Ministre de la Santé","Centre intégré de santé et de services sociaux de la Côte-Nord","Société québécoise des infrastructures","Santé et Services sociaux","Santé et Services sociaux","09 – Côte-Nord","Maison des aînés et alternative","Havre-Saint-Pierre","Construction"
"524","Maison des aînés et alternative de Granby – Construction","Les maisons des aînés et alternatives offriront aux personnes résidentes un milieu de vie climatisé, à dimension humaine. Elles comporteront des chambres individuelles avec une toilette et une douche adaptées à chaque résidente ou résident, qu'il s'agisse d'un aîné ou d'un adulte ayant des besoins particuliers.
Ce nouveau type d'hébergement, qui s'apparentera davantage à un domicile, favorisera les contacts humains ainsi qu'un mode de vie plus actif, entre autres grâce à un accès à des aires extérieures aménagées et à des installations mieux adaptées aux besoins des proches aidants et aidantes. Cette transformation sera aussi bénéfique pour le personnel qui y travaillera et contribuera d'ailleurs à l'attractivité et à la rétention de cette main-d'œuvre.
Le projet prévoit la construction d'une installation de 48 places.",50.70,50.70,0.00,,2023-12-31,"En réalisation","Avril 2022
Une hausse de 15,2 M$ au coût du projet a été autorisée. Initialement prévu à 35,5 M$, le coût est maintenant de 50,7 M$. De plus, la modification de la date de la mise en service a été autorisée. Initialement prévue en septembre 2022, elle es","Ministre de la Santé","Centre intégré universitaire de santé et de services sociaux de l'Estrie – Centre hospitalier universitaire de Sherbrooke","Société québécoise des infrastructures","Santé et Services sociaux","Santé et Services sociaux","05 – Estrie","Maison des aînés et alternative","Granby","Construction"
"548","Maison alternative de Rivière-des-Prairies – Montréal – Construction","Les maisons des aînés et alternatives offriront aux personnes résidentes un milieu de vie climatisé, à dimension humaine. Elles comporteront des chambres individuelles avec une toilette et une douche adaptées à chaque résidente ou résident, qu'il s'agisse d'un aîné ou d'un adulte ayant des besoins particuliers.
Ce nouveau type d'hébergement, qui s'apparentera davantage à un domicile, favorisera les contacts humains ainsi qu'un mode de vie plus actif, entre autres grâce à un accès à des aires extérieures aménagées et à des installations mieux adaptées aux besoins des proches aidants et aidantes. Cette transformation sera aussi bénéfique pour le personnel qui y travaillera et contribuera d'ailleurs à l'attractivité et à la rétention de cette main-d'œuvre.
Le projet prévoit la construction d'une installation de 72 places.",48.20,48.20,0.00,,2022-10-31,"En réalisation","Avril 2022
Une hausse de 0,9 M$ au coût du projet a été autorisée. Initialement prévu à 47,3 M$, le coût est maintenant de 48,2 M$. De plus, la modification de la date de la mise en service a été autorisée. Initialement prévue en septembre 2022, elle est","Ministre de la Santé","Centre intégré universitaire de santé et de services sociaux de l'Ouest-de-l'Île-de-Montréal; Centre intégré universitaire de santé et de services sociaux du Nord-de-l'Île-de-Montréal","Société québécoise des infrastructures","Santé et Services sociaux","Santé et Services sociaux","06 – Montréal","Maison des aînés et alternative","Montréal","Construction"
"550","Maison des aînés et alternative du Parc-de-la-Montagne – Gatineau – Construction","Les maisons des aînés et alternatives offriront aux personnes résidentes un milieu de vie climatisé, à dimension humaine. Elles comporteront des chambres individuelles avec une toilette et une douche adaptées à chaque résidente ou résident, qu'il s'agisse d'un aîné ou d'un adulte ayant des besoins particuliers.
Ce nouveau type d'hébergement, qui s'apparentera davantage à un domicile, favorisera les contacts humains ainsi qu'un mode de vie plus actif, entre autres grâce à un accès à des aires extérieures aménagées et à des installations mieux adaptées aux besoins des proches aidants et aidantes. Cette transformation sera aussi bénéfique pour le personnel qui y travaillera et contribuera d'ailleurs à l'attractivité et à la rétention de cette main-d'œuvre.
Le projet prévoit la construction d'une installation de 72 places.",55.10,55.10,0.00,,2022-12-31,"En réalisation","Avril 2022
Une hausse de 7,6 M$ au coût du projet a été autorisée. Initialement prévu à 47,5 M$, le coût est maintenant de 55,1 M$. De plus, la modification de la date de la mise en service a été autorisée. Initialement prévue en septembre 2022, elle est","Ministre de la Santé","Centre intégré de santé et de services sociaux de l'Outaouais","Société québécoise des infrastructures","Santé et Services sociaux","Santé et Services sociaux","07 – Outaouais","Maison des aînés et alternative","Gatineau","Construction"
"549","Maison des aînés et alternative de Masson-Angers – Gatineau – Construction","Les maisons des aînés et alternatives offriront aux personnes résidentes un milieu de vie climatisé, à dimension humaine. Elles comporteront des chambres individuelles avec une toilette et une douche adaptées à chaque résidente ou résident, qu'il s'agisse d'un aîné ou d'un adulte ayant des besoins particuliers.
Ce nouveau type d'hébergement, qui s'apparentera davantage à un domicile, favorisera les contacts humains ainsi qu'un mode de vie plus actif, entre autres grâce à un accès à des aires extérieures aménagées et à des installations mieux adaptées aux besoins des proches aidants et aidantes. Cette transformation sera aussi bénéfique pour le personnel qui y travaillera et contribuera d'ailleurs à l'attractivité et à la rétention de cette main-d'œuvre.
Le projet prévoit la construction d'une installation de 72 places.",67.80,67.80,0.00,,2023-12-31,"En réalisation","Avril 2022
Une hausse de 18,3 M$ au coût du projet a été autorisée. Initialement prévu à 49,5 M$, le coût est maintenant de 67,8 M$. De plus, la modification de la date de la mise en service a été autorisée. Initialement prévue en septembre 2022, elle es","Ministre de la Santé","Centre intégré de santé et de services sociaux de l'Outaouais","Société québécoise des infrastructures","Santé et Services sociaux","Santé et Services sociaux","07 – Outaouais","Maison des aînés et alternative","Gatineau","Construction"
"508","Maison des aînés et alternative de Val-d'Or – Construction","Les maisons des aînés et alternatives offriront aux personnes résidentes un milieu de vie climatisé, à dimension humaine. Elles comporteront des chambres individuelles avec une toilette et une douche adaptées à chaque résidente ou résident, qu'il s'agisse d'un aîné ou d'un adulte ayant des besoins particuliers.
Ce nouveau type d'hébergement, qui s'apparentera davantage à un domicile, favorisera les contacts humains ainsi qu'un mode de vie plus actif, entre autres grâce à un accès à des aires extérieures aménagées et à des installations mieux adaptées aux besoins des proches aidants et aidantes. Cette transformation sera aussi bénéfique pour le personnel qui y travaillera et contribuera d'ailleurs à l'attractivité et à la rétention de cette main-d'œuvre.
Le projet prévoit la construction d'une installation de 48 places.",38.20,38.20,0.00,,2022-11-30,"En réalisation","Avril 2022
Une baisse de 1,8 M$ au coût du projet a été autorisée. Initialement prévu à 40,0 M$, le coût est maintenant de 38,2 M$. De plus, la modification de la date de la mise en service a été autorisée. Initialement prévue en septembre 2022, elle est","Ministre de la Santé","Centre intégré de santé et de services sociaux de l'Abitibi-Témiscamingue","Société québécoise des infrastructures","Santé et Services sociaux","Santé et Services sociaux","08 – Abitibi-Témiscamingue","Maison des aînés et alternative","Val-d'Or","Construction"
"527","Maison des aînés et alternative de Rivière-au-Renard – Gaspé – Construction","Les maisons des aînés et alternatives offriront aux personnes résidentes un milieu de vie climatisé, à dimension humaine. Elles comporteront des chambres individuelles avec une toilette et une douche adaptées à chaque résidente ou résident, qu'il s'agisse d'un aîné ou d'un adulte ayant des besoins particuliers.
Ce nouveau type d'hébergement, qui s'apparentera davantage à un domicile, favorisera les contacts humains ainsi qu'un mode de vie plus actif, entre autres grâce à un accès à des aires extérieures aménagées et à des installations mieux adaptées aux besoins des proches aidants et aidantes. Cette transformation sera aussi bénéfique pour le personnel qui y travaillera et contribuera d'ailleurs à l'attractivité et à la rétention de cette main-d'œuvre.
Le projet prévoit la construction d'une installation de 48 places dans le secteur de Rivière-au-Renard à Gaspé.",40.50,40.50,0.00,,2022-10-31,"En réalisation","Avril 2022
Une baisse de 3,1 M$ au coût du projet a été autorisée. Initialement prévu à 43,6 M$, le coût est maintenant de 40,5 M$. De plus, la modification de la date de la mise en service a été autorisée. Initialement prévue en septembre 2022, elle est","Ministre de la Santé","Centre intégré de santé et de services sociaux de la Gaspésie","Société québécoise des infrastructures","Santé et Services sociaux","Santé et Services sociaux","11 – Gaspésie–Îles-de-la-Madeleine","Maison des aînés et alternative","Gaspé","Construction"
"526","Maison des aînés et alternative des Îles – Les Îles-de-la-Madeleine – Construction","Les projets de maisons des aînés et alternatives permettront d'offrir aux résidents un milieu de vie à dimension humaine, climatisé et comportant des chambres individuelles avec toilette et douche adaptées pour chaque résident. Ce nouveau type d'hébergement, qui rappellera davantage un domicile, favorisera les contacts humains ainsi qu'un mode de vie plus actif, entre autres grâce à un accès à des espaces extérieurs aménagés et à des installations mieux adaptées aux besoins des proches aidants. Cette transformation sera aussi bénéfique pour le personnel qui travaille dans ces milieux, et contribuera d'ailleurs à l'attractivité et à la rétention de cette main-d'œuvre.
Le projet prévoit la construction d'une installation de 24 places.",39.20,39.20,0.00,,2024-12-31,"En réalisation","Avril 2022
Une hausse de 0,5 M$ au coût du projet a été autorisée. Initialement prévu à 38,7 M$, le coût est maintenant de 39,2 M$. 
De plus, la modification de la date de la mise en service complète a été autorisée. Initialement prévue en janvier 2024,","Ministre de la Santé","Centre intégré de santé et de services sociaux des Îles","Société québécoise des infrastructures","Santé et Services sociaux","Santé et Services sociaux","11 – Gaspésie–Îles-de-la-Madeleine","Maison des aînés et alternative des Îles","Les Îles-de-la-Madeleine","Construction"
"517","Maison des aînés et alternative de Saint-Étienne-de-Lauzon – Lévis – Construction","Les maisons des aînés et alternatives offriront aux personnes résidentes un milieu de vie climatisé, à dimension humaine. Elles comporteront des chambres individuelles avec une toilette et une douche adaptées à chaque résidente ou résident, qu'il s'agisse d'un aîné ou d'un adulte ayant des besoins particuliers.
Ce nouveau type d'hébergement, qui s'apparentera davantage à un domicile, favorisera les contacts humains ainsi qu'un mode de vie plus actif, entre autres grâce à un accès à des aires extérieures aménagées et à des installations mieux adaptées aux besoins des proches aidants et aidantes. Cette transformation sera aussi bénéfique pour le personnel qui y travaillera et contribuera d'ailleurs à l'attractivité et à la rétention de cette main-d'œuvre.
Le projet prévoit la construction d'une installation de 120 places.",79.00,79.00,0.00,,2022-09-30,"En service","Mars 2023
Mise en service complète de l'infrastructure au cours de l'année financière 2022-2023.
Avril 2022
Une hausse de 3,2 M$ au coût du projet a été autorisée. Initialement prévu à 75,8 M$, le coût est maintenant de 79,0 M$.
Juillet 2020
Le proje","Ministre de la Santé","Centre intégré de santé et de services sociaux de Chaudière-Appalaches","Société québécoise des infrastructures","Santé et Services sociaux","Santé et Services sociaux","12 – Chaudière-Appalaches","Maison des aînés et alternative","Lévis","Construction"
"229","Réseau ferroviaire de la Gaspésie entre Port-Daniel–Gascons et Gaspé – Réfection et reconstruction","Le projet vise la reprise du transport ferroviaire des marchandises et des personnes entre Port-Daniel – Gascons et Gaspé. Les interventions consistent principalement en des travaux de structures, dont la reconstruction ou la réparation de ponts, de ponceaux circulaires en acier et de murs de soutènement. Des travaux de voie sont également prévus, dont la remise en état de la voie ferrée sur 127 km, la reconstruction ou la réparation de section d’enrochement et de passages à niveau. Finalement, des travaux de génie civil sont prévus, dont le remplacement de ponceaux et le déplacement de voies.",517.60,517.60,0.00,,2026-12-31,"En réalisation","Juin 2023
Le projet a été autorisé à l’étape « En réalisation ».
Décembre 2019
Le projet a été autorisé à l'étape « En planification ».","Ministre des Transports et de la Mobilité durable","Ministère des Transports et de la Mobilité durable","Ministère des Transports et de la Mobilité durable","Transports maritime, aérien, ferroviaire et autres","Économie et environnement","11 – Gaspésie–Îles-de-la-Madeleine","Réseau ferroviaire de la Gaspésie","De Port-Daniel–Gascons à Gaspé","Réfection et reconstruction"
"228","Réseau ferroviaire de la Gaspésie entre Caplan et Port-Daniel–Gascons – Réfection et reconstruction","Le projet vise la reprise du transport ferroviaire des marchandises et des personnes entre Caplan et Port-Daniel – Gascons. Les interventions consistent principalement en la réfection ou la reconstruction de ponts et de ponceaux, le déplacement de la voie à Port-Daniel – Gascons ainsi qu’en des travaux de protection contre l’érosion et la submersion côtière.",299.70,290.50,9.20,,2024-12-31,"En réalisation","Juin 2023
Une modification de la portée du projet a été autorisée par l’ajout d’interventions ainsi que par l’ajout de travaux pour contrer l’érosion. De plus, une hausse de 200,8 M$ au coût du projet a été autorisée. Initialement prévu à 98,9 M$, le coû","Ministre des Transports et de la Mobilité durable","Ministère des Transports et de la Mobilité durable","Ministère des Transports et de la Mobilité durable","Transports maritime, aérien, ferroviaire et autres","Économie et environnement","11 – Gaspésie–Îles-de-la-Madeleine","Réseau ferroviaire de la Gaspésie","De Caplan à Port-Daniel–Gascons","Réfection et reconstruction"
"344","Route 158 entre Saint-Alexis et Joliette – Réaménagement","Le projet vise à renforcer la sécurité routière en plus d'améliorer la fluidité de la circulation de cet axe routier entre Saint-Alexis et Joliette. Il consiste en un réaménagement de cette portion de la route 158, qui comportera quatre voies avec un séparateur physique ainsi qu'un échangeur, à l'intersection de la route 343, à Saint-Paul.",,,,,,"En planification","Mars 2020
Le projet a été autorisé à l'étape « En planification ».","Ministre des Transports et de la Mobilité durable","Ministère des Transports et de la Mobilité durable","Ministère des Transports et de la Mobilité durable","Réseau routier","Économie et environnement","14 – Lanaudière","Route 158","De Saint-Alexis à Joliette","Réaménagement"
"882","Institut universitaire de cardiologie et de pneumologie de Québec, unités de soins – Agrandissement","Le projet vise un agrandissement du pavillon J sur trois étages, dont deux hors-sol afin de relocaliser 64 lits, soit 43 des unités de soins de médecine pulmonaire et 21 de l’unité de médecine interne répartis sur les deux étages supérieurs. Le projet prévoit également l’aménagement d’une clinique ambulatoire au 1er étage.",66.40,65.70,0.70,,2025-11-18,"En réalisation","Juillet 2023
Le projet a été autorisé à l’étape « En réalisation ».
Juin 2022
La modification du gestionnaire de projet a été autorisée. Initialement assurée par la Société québécoise des infrastructures, la gestion du projet sera réalisée par l'Instit","Ministre de la Santé","Institut universitaire de cardiologie et de pneumologie de Québec – Université Laval","Institut universitaire de cardiologie et de pneumologie de Québec – Université Laval en association avec la Société québécoise des infrastructures","Santé et Services sociaux","Santé et Services sociaux","03 – Capitale-Nationale","Institut universitaire de cardiologie et de pneumologie de Québec","Québec","Agrandissement"
"312","Collège Ahuntsic – Montréal – Agrandissement et réaménagement","Le projet consiste en la construction d’un nouveau pavillon à l’arrière du collège Ahuntsic et le réaménagement des espaces libérés. À terme, cela permettra d’offrir un regroupement des pôles académique, collectif, administratif et sportif, en plus de combler partiellement le déficit d’espaces d’enseignement de l’établissement.",,,,,,"En planification","Juillet 2023
Le projet a été autorisé à l’étape « En planification ».
Juillet 2019
Le projet a été autorisé à l'étape « À l'étude ».","Ministre de l'Enseignement supérieur","Collège Ahuntsic","Société québécoise des infrastructures","Enseignement supérieur","Éducation et culture","06 – Montréal","Collège Ahuntsic","Montréal","Agrandissement et réaménagement"
"127","Route 389 (A) entre Fire Lake et Fermont – Reconstruction","Le projet s’inscrit dans un vaste programme d’amélioration de la route 389, entre Baie-Comeau et Fermont, qui vise à réaliser les correctifs essentiels à l’optimisation de la sécurité et du confort des usagères et usagers ainsi qu’à faciliter l’accès aux ressources et au Nord-du-Québec. Pour le segment de près de 70 km, entre Fire Lake et Fermont, il s’agit de construire un nouveau tracé d’environ 60 km et de faire une réfection majeure, sur 10,5 km, de la route existante. Ces travaux réduiront le trajet actuel de 19 km.",493.50,376.00,117.50,,2028-11-30,"En réalisation","Juillet 2023
Une hausse de 213,3 M$ au coût du projet a été autorisée. Initialement prévu à 280,2 M$, le coût est maintenant de 493,5 M$. Ainsi, la contribution du Québec passe de 162,7 M$ à 376,0 M$ et celle des partenaires demeure à 117,5 M$. De plus, ","Ministre des Transports et de la Mobilité durable","Ministère des Transports et de la Mobilité durable","Ministère des Transports et de la Mobilité durable","Réseau routier","Économie et environnement","09 – Côte-Nord","Route 389","De Fire Lake à Fermont","Reconstruction"
"439","Maison des aînés et alternative (ancien CHSLD) – Maniwaki – Construction","Le projet consiste en la construction d’une maison des aînés et alternative d’une capacité de 100 places sur un terrain situé à proximité de l’hôpital de Maniwaki. Il permettra le regroupement des 69 places de l’actuel centre d’hébergement et de soins de longue durée (CHSLD) de Maniwaki et des 14 places de l’unité de soins de longue durée de l’hôpital de Maniwaki. De plus, 17 places supplémentaires seront créées pour mieux servir la clientèle âgée grandissante, à proximité, dans un milieu adapté à sa condition.
Le projet inclut également un centre de jour d’une capacité de 15 à 20 personnes ainsi qu’une salle des familles où sera intégrée la culture autochtone. Une maisonnée de 12 places sera aménagée pour répondre aux besoins particuliers de la clientèle alternative.",127.40,127.40,0.00,,2025-02-28,"En réalisation","Avril 2023
Une hausse de 15,0 M$ au coût du projet a été autorisée. Prévu à 112,4 M$, le coût est maintenant de 127,4 M$. De plus, une modification de la date de la mise en service complète a été autorisée. Prévue en octobre 2024, elle est reportée à fév","Ministre de la Santé","Centre intégré de santé et de services sociaux de l'Outaouais","Société québécoise des infrastructures","Santé et services sociaux","Santé et Services sociaux","07 – Outaouais","Maison des aînés et alternative (ancien CHSLD)","Maniwaki","Construction"
"608","Hôpital Saint-François d'Assise, centre de service en psychiatrie et urgence – Québec – Construction, agrandissement et réaménagement","Le projet consiste en la construction et l'agrandissement de l'urgence actuelle de l’Hôpital Saint-François d’Assise pour y construire un bâtiment de trois étages qui inclura une partie de l’urgence actuelle, un service d’urgence psychiatrique, une unité d'intervention brève de dix lits ainsi que des cliniques externes. Le réaménagement d'une partie de l'urgence actuelle est également nécessaire pour permettre l'ajout de civières additionnelles.",,,,,,"En planification","Mars 2021
Le projet a été autorisé à l'étape « En planification ».","Ministre de la Santé","Centre hospitalier universitaire de Québec – Université Laval","Société québécoise des infrastructures","Santé et Services sociaux","Santé et Services sociaux","03 – Capitale-Nationale","Hôpital Saint-François d'Assise","Québec","Construction, agrandissement et réaménagement"
"683","École transitoire primaire-secondaire du centre de services scolaire de Montréal (arrondissement d’Ahuntsic-Cartierville) – Construction","Le projet consiste en la construction d'une école transitoire primaire-secondaire sur le territoire du du centre de services scolaire des Grandes-Seigneuries. La construction aura lieu sur le terrain de l'école secondaire Marie-Anne à Montréal dans l'arrondissement d’Ahuntsic-Cartierville. Afin de réduire le déficit d'espace reconnu par le Ministère, vingt-sept classes d'enseignement primaire, convertibles en 464 places-élèves d'enseignement secondaire sont prévues.",54.80,54.80,0.00,,2025-09-30,"En réalisation","Juin 2023
Le projet a été autorisé à l’étape « En réalisation ».
Mars 2021
Le projet a été autorisé à l'étape « En planification ».","Ministre de l'Éducation","Centre de services scolaire de Montréal","Centre de services scolaire de Montréal","Éducation","Éducation et culture","06 – Montréal","École transitoire primaire-secondaire du centre de services scolaire de Montréal","Montréal","Construction"
"170","Complexe scientifique de l'Institut nordique du Québec – Québec – Construction","Le projet consiste en la construction d'un complexe scientifique pour regrouper, sur le campus de l'Université Laval, les activités de l'Institut nordique du Québec. D'une superficie approximative de 10 400 m², ce pavillon, qui sera relié aux autres pavillons de l'Université, constituera un carrefour pour plusieurs centres québécois d'excellence nordique en plus de contribuer à résorber le déficit d'espace de l'Université Laval. Il permettra de créer des synergies interdisciplinaires en hébergeant différentes équipes permanentes de recherche nordique couvrant autant les sciences naturelles, la santé et le génie que les sciences sociales et économiques.
Le pavillon comprendra des installations spécialisées, telles que des laboratoires, des entrepôts et des ateliers d'innovation technologique et de préparation des missions nordiques en milieux terrestres et marins, ainsi que des aires collectives et publiques pour la diffusion du savoir.",104.90,42.10,62.80,,2026-02-28,"En réalisation","Mai 2023
Le projet a été autorisé à l'étape « En réalisation ».
Décembre 2016
Le projet a été autorisé à l'étape « En planification ».","Ministre des Ressources naturelles et des Forêts; Ministre de l'Enseignement supérieur","Université Laval","Université Laval en association avec la Société québécoise des infrastructures","Développement du territoire nordique","Économie et environnement","03 – Capitale-Nationale","Complexe scientifique de l'Institut nordique du Québec","Québec","Construction"
"582","Hôpital de Dolbeau-Mistassini, bloc opératoire, chirurgie d'un jour et unité de retraitement des dispositifs médicaux et des endoscopes – Agrandissement et réaménagement","Le projet consiste en l'agrandissement de l'hôpital de Dolbeau-Mistassini et au réaménagement de l'actuel bloc opératoire. Ces interventions immobilières consistent en un bloc de quatre salles (chirurgie générale, chirurgie spécialisée, endoscopie et chirurgie mineure) en vue de rapatrier toutes les activités à un seul endroit. La mise aux normes de l'unité de retraitement des dispositifs médicaux est également prévue.",70.30,70.30,0.00,,2025-05-31,"En réalisation","Mai 2023
Une hausse de 10,2 M$ au coût du projet a été autorisée. Prévu à 60,1 M$, le coût est maintenant de 70,3 M$. De plus, une modification de la date de la mise en service complète a été autorisée. Prévue en janvier 2025, elle est reportée à mai 202","Ministre de la Santé","Centre intégré universitaire de santé et de services sociaux du Saguenay–Lac-Saint-Jean","Société québécoise des infrastructures","Santé et Services sociaux","Santé et Services sociaux","02 – Saguenay–Lac-Saint-Jean","Hôpital de Dolbeau-Mistassini","Dolbeau-Mistassini","Agrandissement et réaménagement"
"639","Chemin de fer Québec Central entre Vallée-Jonction et Thetford Mines – Réfection et reconstruction","Le projet vise la réfection et la reconstruction des infrastructures du chemin de fer Québec Central entre Vallée-Jonction et Thetford Mines notamment par le remplacement de la voie ferrée sur 58 km, la reconstruction de 17 ponts, le remplacement de 102 ponceaux et la reconstruction de 40 passages à niveau. Ainsi, cette réfection de l'infrastructure ferroviaire permettra l'optimisation des activités et la reprise du transport ferroviaire.",440.30,440.30,0.00,,2025-12-31,"En réalisation","Mai 2023
Le projet a été autorisé à l'étape « En réalisation ».
Mars 2021
Le projet a été autorisé à l'étape « En planification ».","Ministre des Transports et de la Mobilité durable","Ministère des Transports et de la Mobilité durable","Ministère des Transports et de la Mobilité durable","Transports maritime, aérien, ferroviaire et autres","Économie et environnement","12 – Chaudière-Appalaches","Chemin de fer Québec Central","De Vallée-Jonction à Thetford Mines","Réfection et reconstruction"
"239","Hôpital Charles-Le Moyne, bloc opératoire et chirurgie d'un jour – Longueuil – Agrandissement et réaménagement","Le projet consiste en un agrandissement qui permettra d'accueillir une nouvelle unité de bloc opératoire de seize salles d'opération (huit salles de chirurgie générale, six salles de chirurgie spécialité, une salle hybride pour les chirurgies vasculaires et une salle pour les urgences) et un bloc de deux salles de chirurgie mineure. L'aménagement d'une nouvelle unité de retraitement des dispositifs médicaux et d'une nouvelle unité de soins intensifs est aussi prévu.
De plus, une unité d'intervention brève en santé mentale ainsi qu'une unité d'hospitalisation brève sont intégrées au projet. Celui-ci inclut aussi l'acquisition et l'aménagement d'un tomographe à émission de positrons, l'ajout d'un nouvel appareil d'IRM et la relocalisation de la médecine nucléaire. Un laboratoire associé sera également implanté dans cet hôpital.
Le projet vise à résoudre des problèmes liés à l'exigüité des locaux actuels et à leur vétusté importante.",,,,,,"En planification","Décembre 2020
Le projet a été autorisé à l'étape « En planification ».","Ministre de la Santé","Centre intégré de santé et de services sociaux de la Montérégie-Centre","Société québécoise des infrastructures","Santé et Services sociaux","Santé et Services sociaux","16 – Montérégie","Hôpital Charles-Le Moyne","Longueuil","Agrandissement et réaménagement"
"99","Pont de l'Île-aux-Tourtes entre Vaudreuil-Dorion et Senneville – Reconstruction et élargissement","Le projet de reconstruction du pont de l’Île-aux-Tourtes vise à maintenir la pérennité du lien interrives, dans l’axe de l’autoroute Félix-Leclerc, (autoroute 40) entre l’île de Montréal (village de Senneville) et la Montérégie (ville de Vaudreuil-Dorion).
Il consiste en la reconstruction d’un nouveau pont élargi, au nord de celui en place, qui comportera trois voies de circulation, un accotement adapté à une utilisation par les autobus (UAB) ainsi qu’une piste polyvalente. Le projet prévoit également la préservation d’un corridor qui assurera la possible implantation d’un mode de transport collectif à haut niveau de service. Il prévoit aussi la construction de voies latérales, à Senneville, la réfection de la chaussée de béton, aux approches du pont, de même que la déconstruction de la structure actuelle.",2301.60,2301.60,0.00,2026-12-01,2027-12-31,"En réalisation","Avril 2023
Une hausse de 826,2 M$ au coût du projet a été autorisée. Initialement prévu à 1 475,4 M$, le coût est maintenant de 2 301,6 M$. De plus, une modification des dates de la mise en service partielle et complète a été autorisée. Initialement, ell","Ministre des Transports et de la Mobilité durable","Ministère des Transports et de la Mobilité durable","Ministère des Transports et de la Mobilité durable en association avec la Société québécoise des infrastructures","Réseau routier","Économie et environnement","06 – Montréal; 16 – Montérégie","Pont de l'Île-aux-Tourtes","De Vaudreuil-Dorion à Senneville","Reconstruction et élargissement"
"336","Centre Newton du RTC – Québec – Acquisition et reconstruction","Le projet consiste en l’acquisition de l’immeuble situé au 1515 avenue Galilée et 700 avenue Newton qui sera démoli puis reconstruit. Ce nouveau bâtiment deviendra le troisième centre d'exploitation, du réseau de transport collectif actuel, en vue d'améliorer l'efficacité et la fonctionnalité des activités avec des véhicules électriques. L'ajout d'un troisième centre d'exploitation permettra, en complémentarité avec le centre Métrobus modifié et le centre Lebourgneuf, de disposer de suffisamment d'espace pour la totalité de la flotte du RTC, sans nuire aux activités quotidiennes.",,,,,,"En planification","Décembre 2021
Le projet a été autorisé à l'étape « En planification ».
Mars 2020
Le projet a été autorisé à l'étape « À l'étude ».","Ministre des Transports et de la Mobilité durable","Réseau de transport de la Capitale","Réseau de transport de la Capitale","Transport collectif","Économie et environnement","03 – Capitale-Nationale","Centre Newton du RTC","Québec","Acquisition et reconstruction"
"809","Route 337 entre la rue Rodrigue et la rue de l'Hortensia – Terrebonne – Élargissement et réfection","Le projet vise à améliorer la fonctionnalité de la route 337 (chemin Gascon) en y réduisant la congestion par l'élargissement de 2 à 4 voies sur une longueur de 1,56 km de la rue Rodrigue à la rue Florence à Terrebonne. Le projet comprend également le resurfaçage de la chaussée sur une longueur de 1,5 km, de la rue Florence à la rue Hortensia. Le projet comprend aussi l'optimisation de la programmation de certains feux de circulation,  le prolongement de l'îlot, le retrait des voies de virage à gauche, l'ajout de trottoirs et l'installation d'éclairage de rue.",39.00,38.70,0.30,2024-09-01,2024-11-30,"En réalisation","Mars 2023
Le projet a été autorisé à l'étape « En réalisation ».","Ministre des Transports et de la Mobilité durable","Ministère des Transports et de la Mobilité durable","Ministère des Transports et de la Mobilité durable","Réseau routier","Économie et environnement","14 – Lanaudière","Route 337","Terrebonne","Réfection et élargissement"
"234","Hôpital Maisonneuve-Rosemont, complexe hospitalier – Montréal – Construction, agrandissement et réaménagement","Le projet vise principalement la modernisation des installations de l'hôpital Maisonneuve-Rosemont qui connaît, dans plusieurs de ses pavillons des problèmes importants de vétusté fonctionnelle et physique. 
Il vise aussi à augmenter la capacité d'accueil en fonction des besoins cliniques reconnus par le ministère de la Santé et des Services sociaux notamment par l’ajout de 202 lits. Ainsi, une nouvelle construction accueillera la totalité des lits en chambres individuelles.",,,,,,"En planification","Août 2021
Le projet a été autorisé à l'étape « En planification ».","Ministre de la Santé","Centre intégré universitaire de santé et de services sociaux de l'Est-de-l'Île-de-Montréal","Société québécoise des infrastructures","Santé et Services sociaux","Santé et Services sociaux","06 – Montréal","Hôpital Maisonneuve-Rosemont","Montréal","Construction, agrandissement et réaménagement"
"94","Hôpital de La Malbaie, complexe hospitalier – Agrandissement et réaménagement","Le projet consiste en l'agrandissement et le réaménagement de l'hôpital. Il permettra de résoudre les problèmes de vétusté fonctionnelle et de bonifier les infrastructures de l'hôpital, notamment dans les secteurs de l'urgence, des unités de soins et des consultations externes. Pour permettre l’agrandissement, l’acquisition de bâtiments, qui devront être démolis, est requise.",,,,,,"En planification","Décembre 2019
Le projet a été autorisé à l'étape « En planification ».","Ministre de la Santé","Centre intégré universitaire de santé et de services sociaux de la Capitale-Nationale","Société québécoise des infrastructures","Santé et Services sociaux","Santé et Services sociaux","03 – Capitale-Nationale","Hôpital de La Malbaie","La Malbaie","Agrandissement et réaménagement"
"235","Hôpital général du Lakeshore, urgence – Pointe-Claire – Agrandissement","Le projet vise la construction d’un agrandissement localisé sur la portion nord du site de l’hôpital général du Lakeshore pour accueillir une nouvelle urgence de 42 civières, une unité d’hospitalisation brève de 12 lits et une unité d’intervention brève de 6 lits. Ces travaux contribueront à l’amélioration des conditions de pratique et de l’offre de services médicaux à la population desservie. Ils permettront notamment une prestation optimale sur les plans de la qualité, de l’accessibilité, de la fonctionnalité, de l’organisation des soins, de la sécurité, de la prévention et du contrôle des infections, de l’efficience et de l’efficacité des services rendus grâce aux nouveaux environnements de travail.",,,,,,"En planification","Juin 2023
Le projet a été autorisé à l’étape « En planification ».
Mars 2018
Le projet a été autorisé à l'étape « À l'étude ».","Ministre de la Santé","Centre intégré universitaire de santé et de services sociaux de l'Ouest-de-l'Île-de-Montréal","Société québécoise des infrastructures","Santé et Services sociaux","Santé et Services sociaux","06 – Montréal","Hôpital général du Lakeshore","Pointe-Claire","Agrandissement"
"306","Route 389 (B) entre Baie-Comeau et la centrale Jean-Lesage (Manic-2) – Reconstruction","Ce projet s'inscrit dans un vaste programme d'amélioration de la route 389, entre Baie-Comeau et Fermont. Il vise à réaliser les correctifs essentiels à l'optimisation de la sécurité et du confort des usagers ainsi qu'à faciliter l'accès aux ressources et à la région du Nord-du-Québec. Le projet s'étend sur près de 22 km, entre Baie-Comeau et la centrale hydroélectrique Jean-Lesage (Manic-2). Les travaux consistent à relocaliser les quatre premiers kilomètres, à partir de la route 138, et à effectuer la réfection complète de la route, entre les kilomètres 4 et 22.",121.80,75.10,46.70,,2023-11-30,"En réalisation","Juin 2023
Une modification de la date de la mise en service complète a été autorisée. Initialement prévue en novembre 2022, elle est reportée à novembre 2023.
Mars 2020
Une hausse de 9,5 M$ au coût du projet a été autorisée. Initialement prévu à 112,3 ","Ministre des Transports et de la Mobilité durable","Ministère des Transports et de la Mobilité durable","Ministère des Transports et de la Mobilité durable","Réseau routier","Économie et environnement","09 – Côte-Nord","Route 389","De Baie-Comeau à la centrale Jean-Lesage (Manic-2)","Reconstruction"
"877","École primaire du centre de services scolaire des Grandes-Seigneuries – Saint-Constant – Construction","Le projet consiste en la construction d'une école primaire à Saint-Constant, sur le territoire du centre de services scolaire des Grandes-Seigneuries. Afin de réduire le déficit d'espace reconnu par le Ministère, vingt-six classes sont prévues.",,,,,,"En planification","Mars 2022
Le projet a été autorisé à l'étape « En planification ».","Ministre de l'Éducation","Centre de services scolaire des Grandes-Seigneuries","Centre de services scolaire des Grandes-Seigneuries","Éducation","Éducation et culture","16 – Montérégie","École primaire du centre de services scolaire des Grandes-Seigneuries","Saint-Constant","Construction"
"1024","École secondaire Horizon Jeunesse du centre de services scolaire de Laval – Réaménagement","Le projet consiste en un réaménagement de l'école Horizon Jeunesse du centre de services scolaire de Laval à Laval. Le bâtiment, qui abrite actuellement de la formation professionnelle, sera réaménagé. Afin de réduire le déficit d'espace reconnu par le Ministère,  500 places-élèves additionnelles sont prévues. Ainsi, la capacité d'accueil de l'école sera de 1 800 places-élèves.",,,,,,"En planification","Mars 2023
Le projet a été autorisé à l'étape « En planification ».","Ministre de l'Éducation","Centre de services scolaire de Laval","Centre de services scolaire de Laval","Éducation","Éducation et culture","13 – Laval","École secondaire Horizon Jeunesse du centre de services scolaire de Laval","Laval","Réaménagement"
"875","École primaire Bois-Joli – Sacré-Cœur du centre de services scolaire de Saint-Hyacinthe, immeuble Bois-Joli – Agrandissement","L'école primaire Bois-Joli – Sacré-Cœur est composée de deux immeubles, soit Bois-Joli et Sacré-Cœur. Le projet consiste en l'agrandissement de l'immeuble Bois-Joli de l'école primaire Bois-Joli – Sacré-Cœur du centre de services scolaire de Saint-Hyacinthe. Afin de réduire le déficit d'espace reconnu par le Ministère, quatorze classes sadditionnelles ont prévues. L'immeuble Bois-Joli aura une capacité de vingt-cinq classes.
L'immeuble Sacré-Cœur a une capacité de seize classes. L'école primaire Bois-Joli – Sacré-Cœur aura une capacité d'accueil totale de quarante et une classes.",,,,,,"En planification","Mars 2022
Le projet a été autorisé à l'étape « En planification ».","Ministre de l'Éducation","Centre de services scolaire de Saint-Hyacinthe","Centre de services scolaire de Saint-Hyacinthe","Éducation","Éducation et culture","16 – Montérégie","École primaire Bois-Joli – Sacré-Cœur du centre de services scolaire de Saint-Hyacinthe","Saint-Hyacinthe","Construction"
"825","Route Billy-Diamond (phase II) – Nord-du-Québec – Réfection","Le projet s'inscrit à la suite des travaux réalisés depuis 2015 dans le cadre d'une première phase de réfection de la route Billy-Diamond. Il a pour objectifs d'améliorer la sécurité des automobilistes et d'assurer la pérennité de cette route, laquelle représente le principal lien vers la municipalité d’Eeyou Istchee Baie-James.
Les travaux de la phase II consisteront essentiellement dans la réfection de la chaussée de la portion nord de la route Billy-Diamond et du chemin de Chisasibi et dans le remplacement de ponceaux déficients afin que la sécurité des usagers soit assurée.
À terme, le projet permettra la conservation des liens avec les autres routes de la région, notamment celles qui mènent aux différents sites d'activité économique (centrales hydroélectriques, sites miniers et autres) ainsi qu'aux diverses localités. 
La phase I de ce projet correspond au projet « 148 – Route Billy-Diamond (Route de la Baie-James) (phase I) – Nord-du-Québec – Réfection » du Tableau de bord.",358.70,227.00,131.70,,2027-10-31,"En réalisation","Juin 2023
Le projet a été autorisé à l’étape « En réalisation ».
Juin 2022
Le projet a été autorisé à l'étape « En planification ».
Juin 2021
Le projet a été autorisé à l'étape « À l'étude ».","Ministre des Ressources naturelles et des Forêts","Société de développement de la Baie-James","Société de développement de la Baie-James","Développement du territoire nordique","Économie et environnement","10 – Nord-du-Québec","Route Billy-Diamond","Nord-du-Québec","Réfection"
"699","École primaire-secondaire de la commission scolaire Kativik – Quaqtaq – Construction","Le projet consiste en la construction d’une école primaire-secondaire, à Quaqtaq, sur le territoire de la commission scolaire Kativik pour répondre aux besoins grandissants des régions nordiques. Afin de réduire le déficit d’espace reconnu par le Ministère, vingt-neuf classes d’enseignement primaire et 250 places-élèves d’enseignement secondaire sont prévues.",,,,,,"En planification","Juin 2023
Le projet a été autorisé à l’étape « En planification ».
Novembre 2021
La commission scolaire Kativik a été autorisée à demeurer gestionnaire du projet, et ce, en association avec la Société québécoise des infrastructures.
Mars 2021
Le proj","Ministre de l'Éducation","Commission scolaire Kativik","Commission scolaire Kativik en association avec la Société québécoise des infrastructures","Éducation","Éducation et culture","10 – Nord-du-Québec","École primaire-secondaire de la commission scolaire Kativik","Quaqtaq","Construction"
"384","École primaire du centre de services scolaire des Laurentides – Saint-Sauveur – Construction","Le projet consiste en la construction d'une école primaire à Saint-Sauveur, sur le territoire du centre de services scolaire des Laurentides. Afin de réduire le déficit d'espace reconnu par le Ministère, trente-et-une classes sont prévues.",,,,,,"En planification","Mars 2020
Le projet a été autorisé à l'étape « En planification ».","Ministre de l'Éducation","Centre de services scolaire des Laurentides","Centre de services scolaire des Laurentides","Éducation","Éducation et culture","15 – Laurentides","École primaire du centre de services scolaire des Laurentides","Saint-Sauveur","Construction"
"690","École primaire (A) du centre de services scolaire des Mille-Îles – Mirabel – Construction","Le projet consiste en la construction d'une école primaire à Mirabel, dans le secteur Domaine-Vert Nord, sur le territoire du centre de services scolaire des Mille-Îles. Afin de réduire le déficit d'espace reconnu par le Ministère, vingt-cinq classes sont prévues.",,,,,,"En planification","Mars 2021
Le projet a été autorisé à l'étape « En planification ».","Ministre de l'Éducation","Centre de services scolaire des Mille-Îles","Centre de services scolaire des Mille-Îles","Éducation","Éducation et culture","15 – Laurentides","École primaire du centre de services scolaire des Mille-Îles","Mirabel","Construction"
"691","École primaire du centre de services scolaire des Mille-Îles – Blainville – Construction","Le projet consiste en la construction d'une école primaire à Blainville, sur le territoire du centre de services scolaire des Mille-Îles. Afin de réduire le déficit d'espace reconnu par le Ministère, vingt-cinq classes sont prévues.",,,,,,"En planification","Mars 2021
Le projet a été autorisé à l'étape « En planification ».","Ministre de l'Éducation","Centre de services scolaire des Mille-Îles","Centre de services scolaire des Mille-Îles","Éducation","Éducation et culture","15 – Laurentides","École primaire du centre de services scolaire des Mille-Îles","Blainville","Construction"
"240","Hôpital Pierre-Boucher, urgence et unité d’hospitalisation brève – Longueuil – Agrandissement","Le projet consiste en la construction d’un nouveau pavillon en vue d’accueillir l’urgence, l’unité d’hospitalisation brève ainsi que des espaces polyvalents. Ces travaux permettront de répondre à la demande toujours croissante de la population de la région et de résoudre la problématique fonctionnelle et le manque de capacité du bâtiment.",,,,,,"En planification","Juillet 2023
Le projet a été autorisé à l’étape « En planification ».
Mars 2018
Le projet a été autorisé à l'étape « À l'étude ».","Ministre de la Santé","Centre intégré de santé et de services sociaux de la Montérégie-Est","Société québécoise des infrastructures","Santé et Services sociaux","Santé et Services sociaux","16 – Montérégie","Hôpital Pierre-Boucher","Longueuil","Agrandissement"
"133","Service rapide par bus intégré sur le boulevard Pie-IX entre Montréal et Laval – Aménagement et construction","Le projet de service rapide par bus, dans l’axe du boulevard Pie-IX, vise à permettre à près de 70 000 usagers quotidiens de profiter d’aménagements sécuritaires, efficaces et agréables. Traversant Montréal du nord au sud et reliant l’île à l’est de Laval, le boulevard Pie-IX est l’une des artères les plus achalandées de la métropole. Le projet comprend la construction de près de 13 km de voie réservée (environ 11 km à Montréal et 2 km à Laval), d’un stationnement incitatif de 750 places à Laval et de 20 stations accessibles aux personnes à mobilité réduite. 

L’ensemble des interventions prévues permettra d’offrir un haut niveau de service en transport collectif dans cet axe. Le tronçon allant du boulevard Saint-Martin, à Laval, jusqu’à l’avenue Pierre-De Coubertin, à Montréal, a été mis en service le 7 novembre 2022, à l’exception de la voie réservée sur le pont Pie-IX, du lot Jean-Talon, où se construit un tunnel piétonnier reliant le SRB Pie-IX au futur prolongement de la ligne bleue du réseau de métro, et de l’installation d’un abri à la station Pierre-De Coubertin, en direction nord. Ces trois lots seront complétés à l’automne 2023. La mise en service complète est reportée de décembre 2023 à décembre 2027 afin de compléter le prolongement allant de l’avenue Pierre-De Coubertin à la rue Notre-Dame, à Montréal.",442.50,316.80,125.70,2022-11-07,2027-12-31,"En service","Juin 2023
Une modification de la portée du projet a été autorisée, et ce, par le retrait de l'acquisition des vingt autobus électriques articulés de la Société de transport de Montréal et des quatre autobus hybrides réguliers de la Société de transport d","Ministre des Transports et de la Mobilité durable","Autorité régionale de transport métropolitain","Société de transport de Montréal en association avec la Société québécoise des infrastructures","Transport collectif","Économie et environnement","06 – Montréal; 13 – Laval","Infrastructure de transport collectif - boulevard Pie-IX","De Montréal à Laval","Aménagement et construction"
"313","Université de Montréal, complexe des sciences (phase II - Sciences des données et Institut Courtois) – Montréal – Construction","Le projet consiste en la construction de la phase II du complexe des sciences existant, la phase I correspondant au projet 132 du Tableau de bord. La construction du bâtiment à l’ouest du pavillon de l’enseignement et de la bibliothèque comprendra le volet des Sciences des données. La construction d’un deuxième bâtiment, à l’est du pavillon des sciences, comprendra l’Institut Courtois.",,,,,,"En planification","Juillet 2023
Le projet a été autorisé à l’étape « En planification ».
Juillet 2019
Le projet a été autorisé à l'étape « À l'étude ».","Ministre de l'Enseignement supérieur","Université de Montréal","Université de Montréal en association avec la Société québécoise des infrastructures","Enseignement supérieur","Éducation et culture","06 – Montréal","Université de Montréal","Montréal","Construction"
"997","École primaire de la commission scolaire Sir-Wilfrid-Laurier – Laurentides – Construction","Le projet consiste en la construction d'une école primaire dans la région des Laurentides sur le territoire de la commission scolaire Sir-Wilfrid-Laurier. Afin de réduire le déficit d'espace reconnu par le Ministère, vingt-quatre classes sont prévues.",,,,,,"En planification","Mai 2022
Le projet a été autorisé à l'étape « En planification ».","Ministre de l'Éducation","Commission scolaire Sir-Wilfrid-Laurier","Commission scolaire Sir-Wilfrid-Laurier","Éducation","Éducation et culture","15 – Laurentides","École primaire de la commission scolaire Sir-Wilfrid-Laurier","Laurentides","Construction"
"843","Espace bleu de l'Abitibi-Témiscamingue – Amos – Réfection, agrandissement et réaménagement","Le projet consiste en la mise en activité de l'Espace bleu de l'Abitibi-Témiscamingue dans le Vieux-Palais d'Amos acquis par le Musée de la civilisation. Le montant autorisé servira à la restauration du bâtiment, à son agrandissement et à son réaménagement pour y accueillir le public.",26.30,26.30,0.00,,2025-06-30,"En réalisation","Mars 2023
La modification de la date de la mise en service complète a été autorisée. Initialement prévue en mars 2023, elle est reportée à juin 2025.
Décembre 2021
Le projet a été autorisé à l'étape « En réalisation ».","Ministre de la Culture et des Communications","Ministère de la Culture et des Communications","Ministère de la Culture et des Communications","Culture","Éducation et culture","08 – Abitibi-Témiscamingue","Espace bleu de l'Abitibi-Témiscamingue","Amos","Réfection, agrandissement et réaménagement"
"965","Bibliothèque Saint-Sulpice, Maison de la chanson et de la musique du Québec – Montréal – Réaménagement","Le projet consiste à réaménager la bibliothèque Saint-Sulpice et à lui donner une nouvelle vocation d'espace voué à la chanson et à la musique québécoises. Le projet est en partenariat avec Écho sonore, un organisme à but non lucratif fondé par Mme Monique Giroux et M. Luc Plamondon. Il se veut un lieu de rassemblement pour les professionnels et les artistes ainsi qu'un lieu accessible au grand public afin de partager et de faire découvrir la musique et la chanson d'ici pour assurer sa pérennité. La Maison de la chanson et de la musique du Québec permettra au public de :
- découvrir la trame sonore du Québec;
- consulter des archives manuscrites, sonores, numériques, visuelles et audiovisuelles de chansons québécoises;
- créer des œuvres;
- pratiquer la musique;
- participer à des ateliers;
- accéder à des contenus numériques.",,,,,,"En planification","Mars 2023
Le projet a été autorisé à l'étape « En planification ».","Ministre de la Culture et des Communications","Bibliothèque et Archives nationales du Québec","Bibliothèque et Archives nationales du Québec","Culture","Éducation et culture","06 – Montréal","Bibliothèque Saint-Sulpice","Montréal","Réaménagement"
"53","Parc olympique, toiture du Stade – Montréal – Reconstruction","Le projet consiste à remplacer la toiture du stade qui a atteint sa fin de vie utile et qui accuse plusieurs problèmes de désuétude.
À la suite des travaux, le stade pourra remplir sa pleine vocation par la tenue d'activités durant toute l'année. Ainsi, l'ajout d'activités devrait générer des retombées économiques supplémentaires.",,,,,,"En planification","Octobre 2017
Le projet a été autorisé à l'étape « En planification ».","Ministre du Tourisme","Parc olympique","Parc olympique en association avec la Société québécoise des infrastructures","Tourisme et activités récréatives","Économie et environnement","06 – Montréal","Parc olympique","Montréal","Reconstruction"
"459","Parc olympique, funiculaire de la Tour – Montréal – Réfection","Le projet consiste à remplacer le funiculaire de la Tour de Montréal ainsi qu'à mettre à niveau les gares inférieures et supérieures. Construit en 1987, le funiculaire est en fin de vie utile. Son remplacement permettra d'accroître l'achalandage touristique.",27.20,27.20,0.00,,2024-10-20,"En réalisation","Mars 2023
Une hausse de 2,2 M$ au coût du projet a été autorisée. Initialement prévu à 25,0 M$ le coût est maintenant de 27,2 M$. De plus, la modification de la date de la mise en service complète a été autorisée. Initialement prévue en octobre 2023, ell","Ministre du Tourisme","Parc olympique","Parc olympique","Tourisme et activités récréatives","Économie et environnement","06 – Montréal","Parc olympique","Montréal","Réfection"
"739","Parc olympique, espaces touristiques de la Tour – Montréal – Réfection","Le projet consiste à entreprendre la réfection majeure du hall touristique et de l'observatoire de la tour de Montréal. Les espaces sont désuets et leur rénovation devrait accroître l'achalandage touristique.",36.80,36.80,0.00,,2024-10-20,"En réalisation","Mars 2023
Une hausse de 0,8 M$ au coût du projet a été autorisée. Initialement prévu à 36,0 M$, le coût est maintenant de 36,8 M$. De plus, la modification de la date de la mise en service complète a été autorisée. Prévue en octobre 2023, elle est report","Ministre du Tourisme","Parc olympique","Parc olympique","Tourisme et activités récréatives","Économie et environnement","06 – Montréal","Parc olympique","Montréal","Réfection"
"740","Parc olympique, espaces locatifs – Montréal – Réfection","Le projet consiste à entreprendre la réfection majeure des anciens bureaux administratifs du 4141, avenue Pierre-De Coubertin pour les aménager en locaux à vocation commerciale de proximité.",,,,,,"En planification","Mars 2021
Le projet a été autorisé à l'étape « En planification ».","Ministre du Tourisme","Parc olympique","Parc olympique","Tourisme et activités récréatives","Économie et environnement","06 – Montréal","Parc olympique","Montréal","Réfection"
"885","Parc olympique, systèmes électriques et mécaniques de l'enceinte du Stade – Montréal – Remplacement","Le projet consiste à remplacer les systèmes électriques et mécaniques de l'enceinte du Stade, actuellement en fin de vie utile. Le remplacement de ces équipements permettra d'effectuer une mise aux normes des systèmes de ventilation, d'évacuation de l'air et du système de désenfumage à l'intérieur de l'enceinte.",,,,,,"En planification","Mars 2022
Le projet a été autorisé à l'étape « En planification ».","Ministre du Tourisme","Parc olympique","Parc olympique","Tourisme et activités récréatives","Économie et environnement","06 – Montréal","Parc olympique","Montréal","Remplacement"
"576","Maison des aînés (ancien CHSLD Nicolet) – Montréal – Construction","Le projet consiste en la construction d’une nouvelle installation de 240 places sur le site du centre d’hébergement et de soins de longue durée (CHSLD) Benjamin‑Victor‑Rousselot. L’installation permettra la relocalisation de 63 résidents du CHSLD Jeanne‑Le Ber (voir projet 578), des 145 résidents du CHSLD Nicolet, jugé vétuste, et de 32 résidents du centre intégré universitaire de santé et de services sociaux de l’Est‑de‑l’Île‑de‑Montréal. Le besoin est généré principalement par l’état de vétusté fonctionnelle et physique des bâtiments.

Après le déménagement des résidents dans cette nouvelle construction, prévu au printemps 2026, le CHSLD Nicolet sera fermé.

Ce projet, fortement inspiré du modèle de maison des aînés et alternative, permettra de desservir la clientèle âgée grandissante, à proximité, dans des milieux adaptés à sa condition, favorisant un service axé sur les meilleures pratiques en soins de longue durée. Il vise aussi à réduire le nombre de chambres en occupation multiple dans les CHSLD du territoire.",266.70,266.70,0.00,,2026-04-21,"En réalisation","Juillet 2023
Le projet a été autorisé à l’étape « En réalisation ».
Mars 2021
Le projet a été autorisé à l'étape « En planification ».","Ministre de la Santé","Centre intégré universitaire de santé et de services sociaux de l'Est-de-l'Île-de-Montréal","Société québécoise des infrastructures","Santé et Services sociaux","Santé et Services sociaux","06 – Montréal","Maison des aînés (ancien CHSLD Nicolet)","Montréal","Construction"
"264","Hôpital de Saint-Eustache, urgence – Agrandissement et réaménagement","Le projet consiste en l'agrandissement et le réaménagement des espaces existants de l'hôpital de Saint Eustache. Il comprend la construction d'un bâtiment d'une superficie de 17 880 m² à trois niveaux. L'agrandissement permettra d'améliorer le fonctionnement de l'urgence et de répondre aux normes de sécurité avec 38 civières fermées et 4 civières de choc. Afin de fournir un environnement propice pour la clientèle en santé mentale et permettre un aménagement adéquat pour l'application des meilleures pratiques de soin, 10 lits en chambre individuelle seront disponibles pour l'unité d'intervention brève (UIB) avec une cour intérieure. Les espaces libérés par l'urgence et par l'UIB seront réaménagés afin de permettre un agrandissement du secteur lié à la mission ambulatoire de l'hôpital.",,,,,,"En planification","Juillet 2023
Le projet a été autorisé à l'étape « En planification ».
Janvier 2019
Le projet a été autorisé à l'étape « À l'étude ».","Ministre de la Santé","Centre intégré de santé et de services sociaux des Laurentides","Société québécoise des infrastructures","Santé et Services sociaux","Santé et Services sociaux","15 – Laurentides","Hôpital de Saint-Eustache","Saint-Eustache","Agrandissement et réaménagement"
"495","École de formation professionnelle de Châteauguay du centre de services scolaire des Grandes-Seigneuries – Construction","Le projet consiste en la construction d'un bâtiment afin d'accueillir l’école de formation professionnelle de Châteauguay, qui se trouve actuellement dans le complexe Louis-Philippe-Paré. Le projet permettra de répondre aux problèmes de vétusté et de superficie restreinte du lieu actuel (voir projet 253).
Le nouveau bâtiment aura la capacité d’accueillir les étudiants de tous les programmes d’études reconnus par le Ministère.",232.20,232.20,0.00,,2026-03-31,"En réalisation","Juillet 2023
Le projet a été autorisé à l’étape « En réalisation ».
Juillet 2020
Le projet « Complexe Louis-Philippe-Paré du centre de services scolaire des Grandes-Seigneuries – Châteauguay – Agrandissement et réaménagement » a été scindé en deux proj","Ministre de l'Éducation","Centre de services scolaire des Grandes-Seigneuries","Société québécoise des infrastructures","Éducation","Éducation et culture","16 – Montérégie","École de formation professionnelle de Châteauguay du centre de services scolaire des Grandes-Seigneuries","Châteauguay","Construction"
"85","Édifice Marie-Guyart, stationnement – Québec – Réfection","Le projet a consisté en la réfection du stationnement de l’édifice Marie-Guyart. Situé sur la colline Parlementaire, à Québec, le stationnement intérieur comporte quelque 1 470 places.
Après 40 ans d’utilisation, malgré l’entretien régulier, l’ajout de membranes d’étanchéité et les réparations réalisées, le sel transporté par les véhicules a affecté certains éléments de béton armé de ce stationnement intérieur. 
Ce projet majeur de réfection d’infrastructure a été réalisé par phases, depuis 2012, afin que le stationnement demeure ouvert et pleinement sécuritaire pendant toute la durée des travaux. 
Les travaux réalisés ont redonné au stationnement une durée de vie utile de plusieurs décennies.",46.70,46.70,0.00,2013-01-01,2022-03-31,"En service","Mars 2023
Une baisse de 7,3 M$ au coût du projet a été autorisée. Prévu à 54,0 M$, le coût est maintenant de 46,7 M$. De plus, la date de la mise en service complète de l’infrastructure, prévue en octobre 2021, a été reportée à mars 2022. Ainsi, la mise ","Ministre responsable des Infrastructures","Société québécoise des infrastructures","Société québécoise des infrastructures","Administration gouvernementale","Gouverne et justice","03 – Capitale-Nationale","Édifice Marie-Guyart","Québec","Réfection"
"369","École secondaire Jean-Baptiste-Meilleur du centre de services scolaire des Affluents – Repentigny – Agrandissement","Le projet consiste en l'agrandissement de l'école secondaire Jean-Baptiste-Meilleur à Repentigny, sur le territoire du centre de services scolaire des Affluents. Afin de réduire le déficit d'espace reconnu par le Ministère, 667 places-élèves additionnelles sont prévues. Ainsi, la capacité d'accueil de l'école sera de 2 650 places-élèves.",49.50,49.50,0.00,,2023-08-31,"En réalisation","Mars 2022
Le projet a été autorisé à l'étape « En réalisation ».
Mars 2020
Le projet a été autorisé à l'étape « En planification ».","Ministre de l'Éducation","Centre de services scolaire des Affluents","Centre de services scolaire des Affluents","Éducation","Éducation et culture","14 – Lanaudière","École secondaire Jean-Baptiste-Meilleur du centre de services scolaire des Affluents","Repentigny","Agrandissement"
"374","École secondaire Armand-Corbeil du centre de services scolaire des Affluents – Terrebonne – Agrandissement","Le projet consiste en l'agrandissement de l'école secondaire Armand-Corbeil à Terrebonne, sur le territoire du centre de services scolaire des Affluents. Afin de réduire le déficit d'espace reconnu par le Ministère, 416 places-élèves additionnelles sont prévues. Ainsi, la capacité d'accueil de l'école sera de 2 736 places-élèves.",48.70,48.70,0.00,,2023-08-31,"En réalisation","Mars 2022
Le projet a été autorisé à l'étape « En réalisation ».
Mars 2020
Le projet a été autorisé à l'étape « En planification ».","Ministre de l'Éducation","Centre de services scolaire des Affluents","Centre de services scolaire des Affluents","Éducation","Éducation et culture","14 – Lanaudière","École secondaire Armand-Corbeil du centre de services scolaire des Affluents","Terrebonne","Agrandissement"
"376","École secondaire le Carrefour du centre de services scolaire des Patriotes – Varennes – Agrandissement","Le projet consiste en l'agrandissement de l'école secondaire le Carrefour du centre de services scolaire des Patriotes à Varennes. Afin de réduire le déficit d'espace reconnu par le Ministère, 377 places-élèves additionnelles seront construites. Ainsi, la capacité d'accueil de l'école sera de 1 305 places-élèves.",30.40,30.40,0.00,,2023-08-31,"En réalisation","Mars 2022
Le projet a été autorisé à l'étape « En réalisation ».
Mars 2020
Le projet a été autorisé à l'étape « En planification ».","Ministre de l'Éducation","Centre de services scolaire des Patriotes","Centre de services scolaire des Patriotes","Éducation","Éducation et culture","16 – Montérégie","École secondaire le Carrefour du centre de services scolaire des Patriotes","Varennes","Agrandissement"
"405","École primaire Les-Enfants-du-Monde du centre de services scolaire de Montréal – Agrandissement","Le projet consiste en l'agrandissement de l'école primaire Les-Enfants-du-Monde du centre de services scolaire de Montréal. Afin de réduire le déficit d'espace reconnu par le Ministère, quatorze classes additionnelles sont prévues. Ainsi, la capacité d'accueil de l'école sera de trente-sept classes.",,,,,,"En planification","Mars 2020
Le projet a été autorisé à l'étape « En planification ».","Ministre de l'Éducation","Centre de services scolaire de Montréal","Centre de services scolaire de Montréal","Éducation","Éducation et culture","06 – Montréal","École primaire Les-Enfants-du-Monde du centre de services scolaire de Montréal","Montréal","Agrandissement"
"407","École primaire-secondaire Tukisiniarvik de la commission scolaire Kativik – Akulivik – Agrandissement","Le projet consiste en l'agrandissement de l'école primaire et secondaire Tukisiniarvik à Akulivik, sur le territoire de la commission scolaire Kativik. Afin de réduire le déficit d'espace reconnu par le Ministère et répondre aux particularités du Nunavik, deux classes additionnelles d'enseignement primaire et 180 places-élèves additionnelles d'enseignement secondaire seront construites. Ainsi, la capacité d'accueil de l'école sera de treize classes et de 255 places-élèves.",48.70,36.50,12.20,,2023-12-31,"En réalisation","Mars 2023
Le projet a été autorisé à l'étape « En réalisation ».
Mars 2020
Le projet a été autorisé à l'étape « En planification ».","Ministre de l'Éducation","Commission scolaire Kativik","Commission scolaire Kativik","Éducation","Éducation et culture","10 – Nord-du-Québec","École primaire-secondaireTukisiniarvik de la commission scolaire Kativik","Akulivik","Agrandissement"
"504","École secondaire de la commission scolaire crie – Chisasibi – Construction","Le projet consiste en la construction d'une école secondaire à Chisasibi, sur le territoire de la commission scolaire crie. Afin de réduire le déficit d'espace reconnu par le Ministère et répondre aux besoins et aux particularités de la communauté crie, 585 places-élèves seront construites.",153.30,38.30,115.00,,2023-08-01,"En réalisation","Décembre 2021
Une hausse de 13,1 M$ au coût du projet a été autorisée. Initialement prévu à 140,2 M$, le coût est maintenant de 153,3 M$. Ainsi, la contribution du Québec passe de 35,0 M$ à 38,3 M$, et celle des partenaires, de 105,2 M$ à 115,0 M$. De pl","Ministre de l'Éducation","Commission scolaire crie","Commission scolaire crie en association avec la Société québécoise des infrastructures","Éducation","Éducation et culture","10 – Nord-du-Québec","École secondaire de la commission scolaire crie","Chisasibi","Construction"
"601","École primaire Félix-Antoine-Savard du centre de services scolaire de Charlevoix – La Malbaie – Reconstruction et agrandissement","Le projet consiste en la reconstruction et l'agrandissement de l'école primaire Félix-Antoine-Savard du centre de services scolaire de Charlevoix à La Malbaie. Afin de réduire le déficit d'espace reconnu par le Ministère et répondre aux besoins d'espace suite à la cession de l'école Marguerite d'Youville dans le cadre du projet d'agrandissement de l'hôpital de La Malbaie, dix classes additionnelles seront contruites. Ainsi, la capacité d'accueil de l'école sera de vingt-sept classes.",53.10,52.60,0.50,,2023-08-31,"En réalisation","Mars 2022
Le projet a été autorisé à l'étape « En réalisation ».
Mars 2021
Le projet a été autorisé à l'étape « En planification ».","Ministre de l'Éducation","Centre de services scolaire de Charlevoix","Centre de services scolaire de Charlevoix","Éducation","Éducation et culture","03 – Capitale-Nationale","École primaire Félix-Antoine-Savard du centre de services scolaire de Charlevoix","La Malbaie","Reconstruction et agrandissement"
"609","École primaire de la commission scolaire crie – Chisasibi – Construction","Le projet consiste en la construction d'une école primaire à Chisasibi, sur le territoire de la commission scolaire crie. Afin de réduire le déficit d'espace reconnu par le Ministère et répondre aux particularités propres aux régions nordiques, trente classes seront construites.",69.30,17.30,52.00,,2023-09-30,"En réalisation","Mars 2022
Une hausse de 13,3 M$ au coût du projet a été autorisée. Initialement prévu à 56,0 M$, le coût est maintenant de 69,3 M$. Ainsi, la contribution du Québec passe de 19,1 M$ à 17,3 M$ et celle des partenaires de 36,9 M$ à 52,0 M$. De plus, la mod","Ministre de l'Éducation","Commission scolaire crie","Commission scolaire crie","Éducation","Éducation et culture","10 – Nord-du-Québec","École primaire de la commission scolaire crie","Chisasibi","Construction"
"662","École secondaire Mont-Royal du centre de services scolaire Marguerite-Bourgeoys – Montréal – Agrandissement","Le projet consiste en l'agrandissement de l'école secondaire Mont-Royal du centre de services scolaire Marguerite-Bourgeoys à Montréal. Afin de réduire le déficit d'espace reconnu par le Ministère, 348 places-élèves additionnelles sont prévues. Ainsi, la capacité d'accueil de l'école sera de 1 392 places-élèves.",,,,,,"En planification","Mars 2021
Le projet a été autorisé à l'étape « En planification ».","Ministre de l'Éducation","Centre de services scolaire Marguerite-Bourgeoys","Centre de services scolaire Marguerite-Bourgeoys","Éducation","Éducation et culture","06 – Montréal","École secondaire Mont-Royal du centre de services scolaire Marguerite-Bourgeoys","Montréal","Agrandissement"
"665","École secondaire du centre de services scolaire de Montréal (arrondissement d'Ahuntsic-Cartierville) – Construction","Le projet consiste en la construction d'une école secondaire à Montréal, dans l'arrondissement d'Ahuntsic-Cartierville, sur le territoire du centre de services scolaire de Montréal. Afin de réduire le déficit d'espace reconnu par le Ministère, 623 places-élèves sont prévues.",,,,,,"En planification","Mars 2021
Le projet a été autorisé à l'étape « En planification ».","Ministre de l'Éducation","Centre de services scolaire de Montréal","Centre de services scolaire de Montréal","Éducation","Éducation et culture","06 – Montréal","École secondaire du centre de services scolaire de Montréal","Montréal","Construction"
"680","École primaire Jacques-Rousseau du centre de services scolaire de la Pointe-de-l'Île – Montréal – Agrandissement","Le projet consiste en l'agrandissement de l'école primaire Jacques-Rousseau du centre de services scolaire de la Pointe-de-l'Île, dans l'arrondissement d'Anjou, à Montréal. Afin de réduire le déficit d'espace reconnu par le Ministère, vingt classes additionnelles sont prévues. Ainsi, la capacité d'accueil de l'école sera de cinquante-deux classes.",,,,,,"En planification","Mars 2021
Le projet a été autorisé à l'étape « En planification ».","Ministre de l'Éducation","Centre de services scolaire de la Pointe-de-l'Île","Centre de services scolaire de la Pointe-de-l'Île","Éducation","Éducation et culture","06 – Montréal","École primaire Jacques-Rousseau du centre de services scolaire de la Pointe-de-l'Île","Montréal","Agrandissement"
"686","École primaire L'Eau-Vive du centre de services scolaire Marguerite-Bourgeoys – Montréal – Agrandissement","Le projet consiste en l'agrandissement de l'école primaire L'Eau-Vive du centre de services scolaire Marguerite-Bourgeoys à Montréal. Afin de réduire le déficit d'espace reconnu par le Ministère, dix-huit classes additionnelles sont prévues. Ainsi, la capacité d'accueil de l'école sera de trente-huit classes.",,,,,,"En planification","Mars 2021
Le projet a été autorisé à l'étape « En planification ».","Ministre de l'Éducation","Centre de services scolaire Marguerite-Bourgeoys","Centre de services scolaire Marguerite-Bourgeoys","Éducation","Éducation et culture","06 – Montréal","École primaire L'Eau-Vive du centre de services scolaire Marguerite-Bourgeoys","Montréal","Agrandissement"
"688","École secondaire du Harfang du centre de services scolaire des Mille-Îles – Sainte-Anne-des-Plaines – Agrandissement","Le projet consiste en l'agrandissement de l'école secondaire du Harfang du centre de services scolaire des Mille-Îles à Sainte-Anne-des-Plaines. Afin de réduire le déficit d'espace reconnu par le Ministère, 232 places-élèves additionnelles sont prévues. Ainsi, la capacité d'accueil de l'école sera de 957 places-élèves.",,,,,,"En planification","Mars 2021
Le projet a été autorisé à l'étape « En planification ».","Ministre de l'Éducation","Centre de services scolaire des Mille-Îles","Centre de services scolaire des Mille-Îles","Éducation","Éducation et culture","15 – Laurentides","École secondaire du Harfang du centre de services scolaire des Mille-Îles","Sainte-Anne-des-Plaines","Agrandissement"
"695","École secondaire Saint-Edmond du centre de services scolaire Marie-Victorin – Longueuil – Agrandissement","Le projet consiste en l'agrandissement de l'école secondaire Saint-Edmond du centre de services scolaire Marie-Victorin à Longueuil. Afin de réduire le déficit d'espace reconnu par le Ministère, 300 places-élèves additionnelles sont prévues. Ainsi, la capacité d'accueil de l'école sera de 1 103 places-élèves.",,,,,,"En planification","Mars 2021
Le projet a été autorisé à l'étape « En planification ».","Ministre de l'Éducation","Centre de services scolaire Marie-Victorin","Centre de services scolaire Marie-Victorin","Éducation","Éducation et culture","16 – Montérégie","École secondaire Saint-Edmond du centre de services scolaire Marie-Victorin","Longueuil","Agrandissement"
"696","École secondaire internationale Lucille-Teasdale du centre de services scolaire Marie-Victorin – Brossard – Agrandissement","Le projet consiste en l'agrandissement de l'école secondaire internationale Lucille-Teasdale du centre de services scolaire Marie-Victorin à Brossard. Afin de réduire le déficit d'espace reconnu par le Ministère, 500 places-élèves additionnelles sont prévues. Ainsi, la capacité d'accueil de l'école sera de 1 508 places-élèves.",,,,,,"En planification","Mars 2021
Le projet a été autorisé à l'étape « En planification ».","Ministre de l'Éducation","Centre de services scolaire Marie-Victorin","Centre de services scolaire Marie-Victorin","Éducation","Éducation et culture","16 – Montérégie","École secondaire internationale Lucille-Teasdale du centre de services scolaire Marie-Victorin","Brossard","Agrandissement"
"698","École primaire-secondaire Ajagudak de la commission scolaire Kativik – Tasiujaq – Agrandissement","Le projet consiste en l'agrandissement de l'école Ajagudak de la commission scolaire Kativik à Tasiujaq. 
Les résultats de l'analyse du besoin, actuellement en cours, permettront de déterminer le nombre de classes et de places-élèves nécessaires afin de réduire le déficit d'espace reconnu par le Ministère et de répondre aux particularités du Nunavik.",,,,,,"En planification","Mars 2021
Le projet a été autorisé à l'étape « En planification ».","Ministre de l'Éducation","Commission scolaire Kativik","Commission scolaire Kativik","Éducation","Éducation et culture","10 – Nord-du-Québec","École primaire-secondaire Ajagudak de la commission scolaire Kativik","Tasiujaq","Agrandissement"
"705","École primaire Coursol du centre de services scolaire de Laval – Reconstruction et agrandissement","Le projet consiste en la démolition, la reconstruction et l'agrandissement de l'école primaire Coursol à Laval, sur le territoire du centre de services scolaire de Laval. Afin de réduire le déficit d'espace reconnu par le Ministère, six classes additionnelles sont prévues. Ainsi, la capacité d'accueil de l'école sera de vingt classes, dont quatre pour les élèves handicapés et en difficulté d'adaptation ou d'apprentissage.",,,,,,"En planification","Mars 2021
Le projet a été autorisé à l'étape « En planification ».","Ministre de l'Éducation","Centre de services scolaire de Laval","Centre de services scolaire de Laval","Éducation","Éducation et culture","13 – Laval","École primaire Coursol du centre de services scolaire de Laval","Laval","Reconstruction et agrandissement"
"707","École primaire Sainte-Thérèse-de-l'Enfant-Jésus du centre de services scolaire de la Rivière-du-Nord – Saint-Jérôme – Reconstruction et agrandissement","Le projet consiste en la démolition, la reconstruction et l'agrandissement de l'école primaire Sainte-Thérèse-de-l'Enfant-Jésus du centre de services scolaire de la Rivière-du-Nord à Saint-Jérôme. Afin de réduire le déficit d'espace reconnu par le Ministère, cinq classes additionnelles sont prévues. Ainsi, la capacité d'accueil de l'école sera de vingt-cinq classes.",,,,,,"En planification","Mars 2021
Le projet a été autorisé à l'étape « En planification ».","Ministre de l'Éducation","Centre de services scolaire de la Rivière-du-Nord","Centre de services scolaire de la Rivière-du-Nord","Éducation","Éducation et culture","15 – Laurentides","École primaire Sainte-Thérèse-de-l'Enfant-Jésus du centre de services scolaire de la Rivière-du-Nord","Saint-Jérôme","Reconstruction et agrandissement"
"712","École primaire Notre-Dame du centre de services scolaire des Patriotes – Otterburn Park – Reconstruction et agrandissement","Le projet consiste en la démolition des écoles primaires Notre-Dame 1 et 2 afin d'en faire une seule école à Otterburn Park, sur le territoire du centre de services scolaire des Patriotes. Afin de réduire le déficit d'espace reconnu par le Ministère, cinq classes additionnelles sont prévues. Ainsi la capacité d'accueil de l'école sera de trente-deux classes.",,,,,,"En planification","Mars 2021
Le projet a été autorisé à l'étape « En planification ».","Ministre de l'Éducation","Centre de services scolaire des Patriotes","Centre de services scolaire des Patriotes","Éducation","Éducation et culture","16 – Montérégie","École primaire Notre-Dame du centre de services scolaire des Patriotes","Otterburn Park","Reconstruction et agrandissement"
"738","École secondaire de la Baie-Saint-François du centre de services scolaire de la Vallée-des-Tisserands – Salaberry-de-Valleyfield – Agrandissement","Le projet consiste en l'agrandissement de l'école secondaire de la Baie-Saint-François, sur le territoire du centre de services scolaire de la Vallée-des-Tisserands. Afin de réduire le déficit d'espace reconnu par le Ministère, 687 places-élèves additionnelles sont prévues. Ainsi, la capacité d'accueil de l'école sera de 2 175 places-élèves.",57.60,57.60,0.00,,2023-08-01,"En réalisation","Mars 2022
Le projet a été autorisé à l'étape « En réalisation ».
Mars 2021
Le projet a été autorisé à l'étape « En planification ».","Ministre de l'Éducation","Centre de services scolaire de la Vallée-des-Tisserands","Centre de services scolaire de la Vallée-des-Tisserands","Éducation","Éducation et culture","16 – Montérégie","École secondaire de la Baie-Saint-François du centre de services scolaire de la Vallée-des-Tisserands","Salaberry-de-Valleyfield","Agrandissement"
"944","Centre PHI – Montréal – Réfection et construction","Le projet vise la restauration et la réfection de plusieurs bâtiments patrimoniaux du Vieux-Montréal, ainsi que la construction d'un nouvel immeuble sur un terrain vacant. Le nouveau site abritera, entre autres, des espaces d'exposition, un réseau de galeries ainsi que des espaces studio, de médiation et de recherche.
De façon détaillée, le projet centre PHI des arts contemporains prévoit la construction d'une infrastructure culturelle dans l'est du Vieux-Montréal, qui répondra autant aux besoins de la population montréalaise qu'à l'importante population touristique du secteur. Le projet sera d'une grande qualité architecturale et comprendra l'intégration d'un bloc de bâtiments historiques (dont la Maison du Calvet et la Maison Louis-Viger) avec de nouvelles constructions adaptées aux ambitions et aux exigences de la nouvelle institution. La transformation du site en institution muséale et en centre pour la diffusion de projets culturels permettra la mise en valeur de quatre immeubles patrimoniaux ainsi que la conversion d'un lot vacant (actuellement utilisé comme stationnement) en ensemble architectural conçu par une équipe de calibre international. 
Au cours des prochaines années, PHI prévoit élargir son programme de résidence et s'adresser à un éventail de praticiens créatifs notamment des artistes, des technologistes, des commissaires, des éducateurs et des chercheurs à différentes étapes de leurs carrières et de leurs projets. Il prévoit offrir à ces praticiens créatifs un mentorat, des espaces de travail et un accès continu à son infrastructure de production grandissante ainsi qu'à son réseau de partenaires. Le site PHI Contemporain fournira un espace studio, un espace de travail collectif, des espaces d'éducation et des espaces publics dans lesquels les participants au programme de résidence pourront être présents et dialoguer avec les publics et les communautés de PHI.",,,,,,"En planification","Mars 2022
Le projet a été autorisé à l'étape « En planification ».","Ministre de la Culture et des Communications","Fondation PHI pour l'art contemporain","Fondation PHI pour l'art contemporain","Culture","Éducation et culture","06 – Montréal","Centre PHI","Montréal","Réfection et construction"
"1021","Cinéma Impérial – Montréal – Réfection et réaménagement","Le projet vise la réfection et le réaménagement de la salle du cinéma et de ses équipements, afin d'en faire une salle plus versatile et multifonctionnelle qui pourra être davantage utilisée et fréquentée par la communauté. La réalisation du projet permettra au Cinéma Impérial de participer activement à l'offre culturelle du secteur. 

Plus spécifiquement, les travaux suivants sont prévus : 
– réfection de la scène;
– augmentation de la jauge de la salle;
– réaménagement des loges;
– ajout d'espace d'entreposage;
– mise aux normes du débarcadère;
– agrandissement du hall; 
– réfection des escaliers intérieurs et des trappes de désenfumage; 
– correction des infiltrations d'eau; 
– ajout de blocs sanitaires; 
– réaménagement des couloirs de circulation; 
– mise aux normes des gicleurs et du système électrique.

Ce projet s'inscrit dans un repositionnement de la salle afin de lui redonner ses lettres de noblesse et d'en faire un lieu distinctif et plus ouvert sur toute la communauté culturelle et artistique. Cette offre élargie contribuera à la relance du centre-ville de Montréal tout en s'inscrivant en complémentarité avec d'autres lieux de diffusion du Quartier des spectacles.",20.60,5.70,14.90,,2025-01-01,"En réalisation","Juin 2022
Le projet a été autorisé à l'étape « En réalisation ».","Ministre de la Culture et des Communications","Ministère de la Culture et des Communications","Ministère de la Culture et des Communications","Culture","Éducation et culture","06 – Montréal","Centre Cinéma Impérial","Montréal","Réfection et réaménagement"
"819","École secondaire du centre de services scolaire des Mille-Îles – Blainville – Bonification","Le projet consiste en la construction d'une école secondaire à Blainville, sur le territoire du centre de services scolaire des Mille-Îles. Afin de réduire le déficit d'espace reconnu par le Ministère, 1 000 places-élèvessont prévues.",,,,,,"À l'étude","Juin 2021
Le projet a été autorisé à l'étape « À l'étude ».","Ministre de l'Éducation","Centre de services scolaire des Mille-Îles","Société québécoise des infrastructures","Éducation","Éducation et culture","15 – Laurentides","École secondaire du centre de services scolaire des Mille-Îles","Blainville","Bonification"
"835","École secondaire du centre de services scolaire des Grandes-Seigneuries – Montérégie (secteur ouest) – Bonification","Le projet consiste en la construction d'une école secondaire en Montérégie (secteur ouest) sur le territoire du centre de services scolaire des Grandes-Seigneuries. Afin de réduire le déficit d'espace reconnu par le Ministère, 1 000 places-élèves sont prévues.",,,,,,"À l'étude","Juin 2021
Le projet a été autorisé à l'étape « À l'étude ».","Ministre de l'Éducation","Centre de services scolaire des Grandes-Seigneuries","Société québécoise des infrastructures","Éducation","Éducation et culture","16 – Montérégie","École secondaire du centre de services scolaire des Grandes-Seigneuries","Montérégie (secteur ouest)","Bonification"
"839","École secondaire du centre de services scolaire des Samares – Saint-Lin–Laurentides – Bonification","Le projet consiste en la construction d'une école secondaire à Saint-Lin–Laurentides sur le territoire du centre de services scolaire des Samares. Afin de réduire le déficit d'espace reconnu par le Ministère, 800 places-élèves sont prévues.",,,,,,"À l'étude","Août 2021
Le projet a été autorisé à l'étape « À l'étude ».","Ministre de l'Éducation","Centre de services scolaire des Samares","Société québécoise des infrastructures","Éducation","Éducation et culture","14 – Lanaudière","École secondaire du centre de services scolaire des Samares","Saint-Lin–Laurentides","Bonification"
"870","École primaire (A) de la commission scolaire Lester-B.-Pearson – Montérégie – Construction","Le projet consiste en la construction d'une école primaire en Montérégie sur le territoire de la commission scolaire Lester-B.-Pearson. Afin de réduire le déficit d'espace reconnu par le Ministère, vingt et une classes sont prévues.",,,,,,"En planification","Mars 2022
Le projet a été autorisé à l'étape « En planification ».","Ministre de l'Éducation","Commission scolaire Lester-B.-Pearson","Commission scolaire Lester-B.-Pearson","Éducation","Éducation et culture","16 – Montérégie","École primaire (A) de la commission scolaire Lester-B.-Pearson","Montérégie","Construction"
"872","École secondaire de l'Amitié du centre de services scolaire des Affluents – L'Assomption – Agrandissement","Le projet consiste en l'agrandissement de l'école secondaire de l'Amitié du centre de services scolaire des Affluents à L'Assomption. Afin de réduire le déficit d'espace reconnu par le Ministère, 174 places-élèves additionnelles sont prévues. Ainsi, la capacité d'accueil de l'école sera de 696 places-élèves.",,,,,,"En planification","Mars 2022
Le projet a été autorisé à l'étape « En planification ».","Ministre de l'Éducation","Centre de services scolaire des Affluents","Centre de services scolaire des Affluents","Éducation","Éducation et culture","14 – Lanaudière","École secondaire de l'Amitié du centre de services scolaire des Affluents","L'Assomption","Agrandissement"
"984","École primaire Saint-Jude du centre de services scolaire des Grandes-Seigneuries – Châteauguay – Reconstruction et agrandissement","Le projet consiste en la démolition, la reconstruction et l'agrandissement de l'école primaire Saint-Jude, sur le territoire du centre de services scolaire des Grandes-Seigneuries. Afin de réduire le déficit d'espace reconnu par le Ministère, neuf classes supplémentaires sont prévues. Ainsi, la capacité d'accueil sera de vingt-huit classes.",,,,,,"En planification","","Ministre de l'Éducation","Centre de services scolaire des Grandes-Seigneuries","Centre de services scolaire des Grandes-Seigneuries","Éducation","Éducation et culture","16 – Montérégie","École primaire Saint-Jude du centre de services scolaire des Grandes-Seigneuries","Châteauguay","Reconstruction et agrandissement"
"396","École primaire du centre de services scolaire de Montréal (secteur Griffintown) – Construction","Le projet consiste en la construction d'une école primaire à Montréal, dans le secteur Griffintown, sur le territoire du centre de services scolaire de Montréal. Afin de réduire le déficit d'espace reconnu par le Ministère, vingt-quatre classes sont prévues.",,,,,,"En planification","Mars 2020
Le projet a été autorisé à l'étape « En planification ».","Ministre de l'Éducation","Centre de services scolaire de Montréal","Centre de services scolaire de Montréal","Éducation","Éducation et culture","06 – Montréal","École primaire du centre de services scolaire de Montréal (secteur Griffintown)","Montréal","Construction"
"892","École secondaire Paul-Gérin-Lajoie-d'Outremont du centre de services scolaire Marguerite-Bourgeoys – Montréal – Agrandissement","Le projet consiste en l'agrandissement de l'école secondaire Paul-Gérin-Lajoie-d'Outremont du centre de services scolaire Marguerite-Bourgeoys à Montréal. Afin de réduire le déficit d'espace reconnu par le Ministère, 358  places-élèves additionnelles et un gymnase seront construits. Ainsi, la capacité d'accueil de l'école sera de 1  189 places-élèves.",27.10,27.10,0.00,,2023-08-31,"En réalisation","Mars 2022
Le projet a été autorisé à l'étape « En réalisation ».","Ministre de l'Éducation","Centre de services scolaire Marguerite-Bourgeoys","Centre de services scolaire Marguerite-Bourgeoys","Éducation","Éducation et culture","06 – Montréal","École secondaire Paul-Gérin-Lajoie-d'Outremont du centre de services scolaire Marguerite-Bourgeoys","Montréal","Agrandissement"
"895","École secondaire Joseph-François-Perrault du centre de services scolaire de la Capitale – Québec – Agrandissement","Le projet consiste en l'agrandissement de l'école secondaire Joseph-François-Perrault du centre de services scolaire de la Capitale à Québec. Afin de réduire le déficit d'espace reconnu par le Ministère, 348 places-élèves additionnelles ainsi qu'un gymnase seront construits. Ainsi, la capacité d'accueil de l'école sera de 1 019 places-élèves.",30.60,30.60,0.00,,2023-08-01,"En réalisation","Mars 2022
Le projet a été autorisé à l'étape « En réalisation ».","Ministre de l'Éducation","Centre de services scolaire de la Capitale","Centre de services scolaire de la Capitale","Éducation","Éducation et culture","03 – Capitale-Nationale","École secondaire Joseph-François-Perrault du centre de services scolaire de la Capitale","Québec","Agrandissement"
"898","École primaire Saint-Louis du centre de services scolaire Marguerite-Bourgeoys – Pointe-Claire – Agrandissement","Le projet consiste en l'agrandissement de l'école primaire Saint-Louis du centre de services scolaire Marguerite-Bourgeoys à Pointe-Claire. Afin de réduire le déficit d'espace reconnu par le Ministère, douze classes additionnelles seront construites. Ainsi, la capacité d'accueil de l'école sera de trente classes.",28.00,28.00,0.00,,2023-08-31,"En réalisation","Mars 2022
Le projet a été autorisé à l'étape « En réalisation ».","Ministre de l'Éducation","Centre de services scolaire Marguerite-Bourgeoys","Centre de services scolaire Marguerite-Bourgeoys","Éducation","Éducation et culture","06 – Montréal","École primaire Saint-Louis du centre de services scolaire Marguerite-Bourgeoys","Pointe-Claire","Agrandissement"
"899","École primaire Saint-Rémi du centre de services scolaire Marguerite-Bourgeoys – Beaconsfield – Agrandissement","Le projet consiste en l'agrandissement de l'école primaire Saint-Rémi du centre de services scolaire Marguerite-Bourgeoys à Beaconsfield. Afin de réduire le déficit d'espace reconnu par le Ministère, quatorze classes additionnelles seront construites. Ainsi, la capacité d'accueil de l'école sera de trente classes.",28.00,28.00,0.00,,2023-08-31,"En réalisation","Mars 2022
Le projet a été autorisé à l'étape « En réalisation ».","Ministre de l'Éducation","Centre de services scolaire Marguerite-Bourgeoys","Centre de services scolaire Marguerite-Bourgeoys","Éducation","Éducation et culture","06 – Montréal","École primaire Saint-Rémi du centre de services scolaire Marguerite-Bourgeoys ","Beaconsfield","Agrandissement"
"985","École primaire Albert-Schweitzer du centre de services scolaire des Patriotes – Saint-Bruno-de-Montarville – Reconstruction et agrandissement","Le projet consiste en la démolition, la reconstruction et l'agrandissement de l'école primaire Albert-Schweitzer du centre de services scolaire des Patriotes à Saint-Bruno-de-Montarville. Afin de réduire le déficit d'espace reconnu par le Ministère, six classes additionnelles sont prévues. Ainsi, la capacité d'accueil de l'école sera de vingt-quatre classes.",,,,,,"En planification","Mai 2022
Le projet a été autorisé à l'étape « En planification ».","Ministre de l'Éducation","Centre de services scolaire des Patriotes","Centre de services scolaire des Patriotes","Éducation","Éducation et culture","16 – Montérégie","École primaire Albert-Schweitzer du centre de services scolaire des Patriotes ","Saint-Bruno-de-Montarville","Reconstruction et agrandissement"
"986","École primaire des Mésanges du centre de services scolaire des Mille-Îles – Deux-Montagnes – Reconstruction et agrandissement","Le projet consiste en la démolition, la reconstruction et l'agrandissement de l'école primaire des Mésanges du centre de services scolaire des Mille-Îles à Deux-Montagnes. Afin de réduire le déficit d'espace reconnu par le Ministère, neuf classes additionnelles sont prévues. Ainsi, la capacité d'accueil de l'école sera de vingt-huit classes.",,,,,,"En planification","Mai 2022
Le projet a été autorisé à l'étape « En planification ».","Ministre de l'Éducation","Centre de services scolaire des Mille-Îles","Centre de services scolaire des Mille-Îles","Éducation","Éducation et culture","15 – Laurentides","École primaire des Mésanges du centre de services scolaire des Mille-Îles ","Deux-Montagnes","Reconstruction et agrandissement"
"987","École primaire Louis-Hyppolyte-Lafontaine du centre de services scolaire des Patriotes – Boucherville – Reconstruction et agrandissement","Le projet consiste en la démolition, la reconstruction et l'agrandissement de l'école primaire Louis-Hyppolyte-Lafontaine du centre de services scolaire des Patriotes à Boucherville. Afin de réduire le déficit d'espace reconnu par le Ministère, trois classes additionnelles sont prévues. Ainsi, la capacité d'accueil de l'école sera de seize classes.",,,,,,"En planification","Mai 2022
Le projet a été autorisé à l'étape « En planification ».","Ministre de l'Éducation","Centre de services scolaire des Patriotes","Centre de services scolaire des Patriotes","Éducation","Éducation et culture","16 – Montérégie","École primaire Louis-Hyppolyte-Lafontaine du centre de services scolaire des Patriotes","Boucherville","Reconstruction et agrandissement"
"419","Université McGill, pavillon Macdonald-Stewart – Montréal – Réfection","Le pavillon Macdonald-Stewart de l'Université McGill, qui abrite la bibliothèque, date de 1893. Il affiche un indice de vétusté préoccupant et présente un important déficit de maintien des actifs.
Le projet vise à restaurer l'enveloppe du bâtiment, à procéder à la réfection de la maçonnerie des façades prioritaires de l'immeuble et à effectuer plusieurs mises aux normes et régler de nombreux éléments d'entretien différé.",36.70,36.70,0.00,,2023-12-01,"En réalisation","Mars 2023
Une hausse de 6,9 M$ au coût du projet a été autorisée. Prévu à 29,9 M$, le coût est maintenant de 36,7 M$.
Mars 2022
Une hausse de 3,7 M$ au coût du projet a été autorisée. Initialement prévu à 26,2 M$, le coût est maintenant de 29,9 M$. De ","Ministre de l'Enseignement supérieur","Université McGill","Université McGill","Enseignement supérieur","Éducation et culture","06 – Montréal","Université McGill","Montréal","Réfection"
"989","École primaire Saint-Pierre du centre de services scolaire des Mille-Îles – Sainte-Thérèse – Reconstruction et agrandissement","Le projet consiste en la démolition, la reconstruction et l'agrandissement de l'école primaire Saint-Pierre du centre de services scolaire des Mille-Îles à Sainte-Thérèse. Afin de réduire le déficit d'espace reconnu par le Ministère, quatre classes additionnelles sont prévues. Ainsi, la capacité d'accueil de l'école sera de vingt-six classes.",,,,,,"En planification","Mai 2022
Le projet a été autorisé à l'étape « En planification ».","Ministre de l'Éducation","Centre de services scolaire des Mille-Îles","Centre de services scolaire des Mille-Îles","Éducation","Éducation et culture","15 – Laurentides","École primaire Saint-Pierre du centre de services scolaire des Mille-Îles","Sainte-Thérèse","Reconstruction et agrandissement"
"991","École primaire Saint-Paul-Apôtre du centre de services scolaire de la Capitale – Québec – Agrandissement","Le projet consiste en l'agrandissement de l'école primaire Saint-Paul-Apôtre du centre de services scolaire de la Capitale à Québec. Afin de réduire le déficit d'espace reconnu par le Ministère, dix classes additionnelles sont prévues. Ainsi, la capacité d'accueil de l'école sera de dix-neuf classes.",,,,,,"En planification","Mai 2022
Le projet a été autorisé à l'étape « En planification ».","Ministre de l'Éducation","Centre de services scolaire de la Capitale","Centre de services scolaire de la Capitale","Éducation","Éducation et culture","03 – Capitale-Nationale","École primaire Saint-Paul-Apôtre du centre de services scolaire des Découvreurs","Québec","Agrandissement"
"994","École primaire du Sacré-Cœur du centre de services scolaire au Cœur-des-Vallées – Gatineau – Agrandissement et réaménagement","Le projet consiste en la démolition, la reconstruction et l'agrandissement de l'école primaire Saint-Jude, sur le territoire du centre de services scolaire des Grandes-Seigneuries. Afin de réduire le déficit d'espace reconnu par le Ministère, neuf classes additionnelles sont prévues. Ainsi, la capacité d'accueil de l'école sera de vingt-huit classes.",,,,,,"En planification","Mai 2022
Le projet a été autorisé à l'étape « En planification ».","Ministre de l'Éducation","Centre de services scolaire au Cœur-des-Vallées","Centre de services scolaire au Cœur-des-Vallées","Éducation","Éducation et culture","07 – Outaouais","École primaire du Sacré-Cœur du centre de services scolaire au Cœur-des-Vallées","Gatineau","Agrandissement et réaménagement"
"1002","École primaire (B) de la commission scolaire Lester-B.-Pearson – Montérégie – Construction","Le projet consiste en la construction d'une école primaire en Montérégie sur le territoire de la commission scolaire Lester-B.-Pearson. Afin de réduire le déficit d'espace reconnu, vingt-trois classes sont prévues.",,,,,,"En planification","Mai 2022
Le projet a été autorisé à l'étape « En planification ».","Ministre de l'Éducation","Commission scolaire Lester-B.-Pearson","Commission scolaire Lester-B.-Pearson","Éducation","Éducation et culture","16 – Montérégie","École primaire (B) de la commission scolaire Lester-B.-Pearson","Montérégie","Construction"
"1003","École primaire au Cœur-des-Collines du centre de services scolaire des Portages-de-l'Outaouais, immeuble La Pêche – Gatineau – Agrandissement et réaménagement","Le projet consiste en l'agrandissement et au réaménagement de l'immeuble La Pêche de l'école primaire au Cœur-des-Collines du centre de services scolaire des Portages-de-l'Outaouais à Gatineau. Afin de réduire le déficit d'espace reconnu par le Ministère, dix classes additionnelles seront construites. Ainsi, la capacité d'accueil de l'école sera de trente-sept classes.",27.50,27.50,0.00,,2024-08-31,"En réalisation","Mars 2023
Le projet a été autorisé à l'étape « En réalisation ».
Mai 2022
Le projet a été autorisé à l'étape « En planification ».","Ministre de l'Éducation","Centre de services scolaire des Portages-de-l'Outaouais","Centre de services scolaire des Portages-de-l'Outaouais","Éducation","Éducation et culture","07 – Outaouais","École primaire au Cœur-des-Collines du centre de services scolaire des Portages-de-l'Outaouais","Gatineau","Agrandissement et réaménagement"
"1023","École primaire du Buisson du centre de services scolaire de la Capitale – Québec – Agrandissement et réfection","Le projet consiste en l'agrandissement et la réfection de l'école du Buisson du centre de services scolaire de la Capitale à Québec. Afin de réduire le déficit d'espace reconnu par le Ministère, dix classes additionnelles seront construites. Ainsi, la capacité d'accueil de l'école sera de vingt et une classes.",23.90,23.60,0.30,,2023-08-31,"En réalisation","Mars 2023
Le projet a été autorisé à l'étape « En réalisation ».","Ministre de l'Éducation","Centre de services scolaire de la Capitale","Centre de services scolaire de la Capitale","Éducation","Éducation et culture","03 – Capitale-Nationale","École primaire du Buisson du centre de services scolaire de la Capitale ","Québec","Agrandissement et réfection"
"253","École secondaire Louis-Philippe-Paré du centre de services scolaire des Grandes-Seigneuries – Châteauguay – Reconstruction et agrandissement","Le complexe Louis-Philippe-Paré regroupe actuellement l'école secondaire Louis-Philippe-Paré et le centre de formation professionnelle de Châteauguay.
La construction de l'école secondaire Louis-Philippe-Paré du centre de services scolaire des Grandes-Seigneuries vise à remplacer l'école actuelle qui sera démolie en raison de problèmes de vétusté. Afin de réduire le déficit d'espace reconnu par le Ministère, 750 places-élèves additionnelles sont prévues. Ainsi, la capacité d'accueil de l'école sera de 2 512 places-élèves.
Pour sa part, l'école de formation professionnelle de Châteauguay est en construction (voir projet 495).",371.00,364.50,6.50,,2025-09-01,"En réalisation","Mars 2022
Une hausse de 27,4 M$ au coût du projet a été autorisée. Initialement prévu à 343,6 M$, le coût est maintenant de 371,0 M$. Ainsi, la contribution du Québec passe de 337,1 M$ à 364,5 M$ et celle des partenaires demeure à 6,5 M$.
Mars 2021
Le ","Ministre de l'Éducation","Centre de services scolaire des Grandes-Seigneuries","Société québécoise des infrastructures","Éducation","Éducation et culture","16 – Montérégie","École secondaire Louis-Philippe-Paré du centre de services scolaire des Grandes-Seigneuries","Châteauguay","Reconstruction et agrandissement"
"260","Centre de formation professionnelle 24-Juin du centre de services scolaire de la Région-de-Sherbrooke – Bonification","Le projet consiste principalement en l'agrandissement et le réaménagement du bâtiment principal du centre de formation professionnelle 24-Juin du centre de services scolaire de la Région-de-Sherbrooke. Les travaux permettront d'avoir la capacité d'accueillir les étudiants de tous les programmes d'études offerts.",,,,,,"À l'étude","Janvier 2019
Le projet a été autorisé à l'étape « À l'étude ».","Ministre de l'Éducation","Centre de services scolaire de la Région-de-Sherbrooke","Société québécoise des infrastructures","Éducation","Éducation et culture","05 – Estrie","Centre de formation professionnelle 24-Juin du centre de services scolaire de la Région-de-Sherbrooke","Sherbrooke","Bonification"
"292","École secondaire du centre de services scolaire Marguerite-Bourgeoys – Montréal (arrondissement de Saint-Laurent) – Réaménagement","Le projet consiste en un réaménagement des bâtiments existants acquis de la congrégation des Sœurs de Sainte-Croix situés à Montréal, dans l'arrondissement de Saint-Laurent, sur le territoire du centre de services scolaire Marguerite-Bourgeoys. Afin de réduire le déficit d'espace reconnu par le Ministère, 1 908 places-élèves sont prévues.",,,,,,"En planification","Juin 2019
Le projet a été autorisé à l'étape « En planification ».","Ministre de l'Éducation","Centre de services scolaire Marguerite-Bourgeoys","Société québécoise des infrastructures","Éducation","Éducation et culture","06 – Montréal","École secondaire du centre de services scolaire Marguerite-Bourgeoys","Montréal","Réaménagement"
"305","École secondaire de Chambly du centre de services scolaire des Patriotes – Agrandissement","Le projet consiste en l'agrandissement de l'école secondaire de Chambly du centre de services scolaire des Patriotes. Afin de réduire le déficit d'espace reconnu par le Ministère, 1 365 places-élèves seront construites. Ainsi la capacité d'accueil de l'école sera de 2 239 places-élèves.",177.30,177.30,0.00,,2023-09-01,"En réalisation","Mars 2022
Une hausse de 18,9 M$ au coût du projet a été autorisée. Initialement prévu à 158,4 M$, le coût est maintenant de 177,3 M$. De plus, la modification de la date de la mise en service a été autorisée. Initialement prévue en septembre 2022, elle e","Ministre de l'Éducation","Centre de services scolaire des Patriotes","Société québécoise des infrastructures","Éducation","Éducation et culture","16 – Montérégie","École secondaire de Chambly du centre de services scolaire des Patriotes","Chambly","Agrandissement"
"370","École secondaire spécialisée Irénée-Lussier du centre de services scolaire de Montréal – Construction","Le projet consiste en la construction d'une école secondaire spécialisée pour des élèves handicapés ou en difficulté d'adaptation ou d'apprentissage, soit l'école Irénée-Lussier du centre de services scolaire de Montréal, répartie actuellement sur trois sites. Afin de réduire le déficit d'espace reconnu par le Ministère, 25 places-élèves additionnelles sont prévues. Ainsi, la capacité d'accueil de l'école sera de 250 places-élèves.",77.10,77.10,0.00,,2023-06-01,"En réalisation","Décembre 2020
Le projet a été autorisé à l'étape « En réalisation ».
Mars 2020
Le projet a été autorisé à l'étape « En planification ».","Ministre de l'Éducation","Centre de services scolaire de Montréal","Centre de services scolaire de Montréal en association avec la Société québécoise des infrastructures","Éducation","Éducation et culture","06 – Montréal","École secondaire spécialisée Irénée-Lussier du centre de services scolaire de Montréal","Montréal","Construction"
"371","École primaire Allancroft du centre de services scolaire Marguerite-Bourgeoys – Beaconsfield – Acquisition, agrandissement et réaménagement","Le projet consiste en l'acquisition, l'agrandissement et le réaménagement de l'école primaire Allancroft, à Beaconsfield, par le centre de services scolaire Marguerite-Bourgeoys. Afin de répondre aux besoins de la clientèle du service régional ou suprarégional de scolarisation et des élèves handicapés ou en difficulté d'adaptation ou d'apprentissage, dix-neuf classes additionnelles sont prévues.",,,,,,"En planification","Mars 2020
Le projet a été autorisé à l'étape « En planification ».","Ministre de l'Éducation","Centre de services scolaire Marguerite-Bourgeoys","Centre de services scolaire Marguerite-Bourgeoys","Éducation","Éducation et culture","06 – Montréal","École primaire Allancroft du centre de services scolaire Marguerite-Bourgeoys","Beaconsfield","Acquisition, agrandissement et réaménagement"
"372","École spécialisée du centre de services scolaire de Laval (secteur Laval-des-Rapides) – Construction","Le projet consiste en la construction d'une école spécialisée à Laval, dans le secteur de Laval-des-Rapides, sur le territoire du centre de services scolaire de Laval. Afin de répondre aux besoins de la clientèle du service régional ou suprarégional de scolarisation et des élèves handicapés ou en difficulté d'adaptation ou d'apprentissage, treize classes additionnelles sont prévues.",,,,,,"En planification","Mars 2020
Le projet a été autorisé à l'étape « En planification ».","Ministre de l'Éducation","Centre de services scolaire de Laval","Centre de services scolaire de Laval","Éducation","Éducation et culture","13 – Laval","École spécialisée du centre de services scolaire de Laval (secteur Laval-des-Rapides","Laval","Construction"
"382","École primaire (A) du centre de services scolaire de Montréal (arrondissement de Mercier–Hochelaga-Maisonneuve) – Réaménagement ","Le projet consiste en un réaménagement de la bâtisse qui abritait l'ancienne école primaire Hochelaga du centre de services scolaire de Montréal à Montréal, dans l'arrondissement de Mercier–Hochelaga-Maisonneuve. Afin de réduire le déficit d'espace reconnu par le Ministère, vingt et une classes sont prévues.",,,,,,"En planification","Mars 2020
Le projet a été autorisé à l'étape « En planification ».","Ministre de l'Éducation","Centre de services scolaire de Montréal","Société québécoise des infrastructures","Éducation","Éducation et culture","06 – Montréal","École primaire (A) du centre de services scolaire de Montréal","Montréal","Réaménagement"
"387","École spécialisée du centre de services scolaire de Laval (secteur Sainte-Rose) – Construction","Le projet consiste en la construction d'une école spécialisée dans le secteur Sainte-Rose sur le territoire du centre de service scolaire de Laval. Afin de répondre aux besoins de la clientèle du service régional ou suprarégional de scolarisation et des élèves handicapés ou en difficulté d'adaptation ou d'apprentissage, treize classes additionnelles sont prévues.",48.30,48.30,0.00,,2023-08-31,"En réalisation","Mars 2022
Le projet a été autorisé à l'étape « En réalisation ».
Mars 2020
Le projet a été autorisé à l'étape « En planification ».","Ministre de l'Éducation","Centre de services scolaire de Laval","Centre de services scolaire de Laval","Éducation","Éducation et culture","13 – Laval","École spécialisée du centre de services scolaire de Laval (secteur Sainte-Rose)","Laval","Construction"
"400","Polyvalente de Saint-Georges du centre de services scolaire de la Beauce-Etchemin – Saint-Georges – Agrandissement","Le projet consiste en l'agrandissement de la polyvalente de Saint-Georges du centre de services scolaire de la Beauce-Etchemin. Afin de réduire le déficit d'espace reconnu par le Ministère, 116 places-élèves additionnelles, un gymnase et une piscine seront construits. Ainsi la capacité d'accueil de l'école sera de 1 943 places-élèves. Ce projet est réalisé en partenariat avec la Ville de Saint-Georges.",42.60,36.10,6.50,,2023-08-30,"En réalisation","Mars 2023
La modification de la date de la mise en service complète a été autorisée. Prévue en août 2022, la mise en service est reportée à août 2023.
Mars 2022
Le projet a été autorisé à l'étape « En réalisation ».
Mars 2020
Le projet a été autorisé","Ministre de l'Éducation","Centre de services scolaire de la Beauce-Etchemin","Centre de services scolaire de la Beauce-Etchemin","Éducation","Éducation et culture","12 – Chaudière-Appalaches","Polyvalente de Saint-Georges du centre de services scolaire de la Beauce-Etchemin","Saint-Georges","Agrandissement"
"401","École spécialisée Le Tournesol du centre de services scolaire de la Pointe-de-l'Île – Montréal – Agrandissement","Le projet consiste en l'agrandissement de l'école spécialisée Le Tournesol du centre de services scolaire de la Pointe-de-l'Île à Montréal dans l'arrondissement de Rivière-des-Prairies–Pointe-aux-Trembles. Afin de réduire le déficit d'espace reconnu par le Ministère, vingt-trois classes additionnelles et une salle d'activité physique pour la clientèle d'élèves de 4 à 21 ans souffrant des troubles du spectre de l'autisme, avec déficience intellectuelle ou handicap (non-voyant ou malentendant) seront construites. Ainsi, la capacité d'accueil de l'école sera de cinquante classes.",35.80,35.80,0.00,,2023-08-30,"En réalisation","Mars 2022
Le projet a été autorisé à l'étape « En réalisation ».
Mars 2020
Le projet a été autorisé à l'étape « En planification ».","Ministre de l'Éducation","Centre de services scolaire de la Pointe-de-l'Île","Centre de services scolaire de la Pointe-de-l'Île","Éducation","Éducation et culture","06 – Montréal","École spécialisée Le Tournesol du centre de services scolaire de la Pointe-de-l'Île","Montréal","Agrandissement"
"610","École primaire Saint-Michel-Archange du centre de services scolaire des Grandes-Seigneuries – Saint-Michel – Agrandissement et réaménagement","Le projet consiste en l'agrandissement et le réaménagement de l'école primaire Saint-Michel-Archange du centre de services scolaire des Grandes-Seigneuries à Saint-Michel. Afin de réduire le déficit d'espace reconnu par le Ministère, douze classes additionnelles, dont deux pour les élèves handicapés ou en difficulté d'adaptation ou d'apprentissage, seront construites. Ainsi, la capacité d'accueil de l'école sera de 26 classes.",38.70,38.70,0.00,,2024-01-01,"En réalisation","Mars 2023
La modification de la date de la mise en service partielle a été autorisée. Initialement prévue en août 2023, elle est reportée à janvier 2024.
Mars 2022
Le projet a été autorisé à l'étape « En réalisation ».
Mars 2021
Le projet a été autor","Ministre de l'Éducation","Centre de services scolaire des Grandes-Seigneuries","Centre de services scolaire des Grandes-Seigneuries","Éducation","Éducation et culture","16 – Montérégie","École primaire Saint-Michel-Archange du centre de services scolaire des Grandes-Seigneuries","Saint-Michel","Agrandissement et réaménagement"
"654","École secondaire Sophie-Barat du centre de services scolaire de Montréal – Agrandissement, réfection et réaménagement","Le projet consiste en la réfection, le réaménagement et l'agrandissement de l'école secondaire Sophie-Barat inscrite au Répertoire du patrimoine. Aujourd'hui centenaire, le bâtiment n'a subi aucune rénovation majeure à travers les années. Les travaux assureront la réhabilitation de l'école Sophie-Barat, et ce, tout en conservant sa richesse patrimoniale. Dans le cas où une délocalisation serait nécessaire, plusieurs scénarios sont actuellement à l'étude.",,,,,,"En planification","Décembre 2020
Le projet a été autorisé à l'étape « En planification ».","Ministre de l'Éducation","Centre de services scolaire de Montréal","Centre de services scolaire de Montréal en association avec la Société québécoise des infrastructures","Éducation","Éducation et culture","06 – Montréal","École secondaire Sophie-Barat du centre de services scolaire de Montréal ","Montréal","Construction, réfection et réaménagement"
"663","École secondaire Mont-Bleu du centre de services scolaire des Portages-de-l'Outaouais – Gatineau – Réfection","Le projet consiste en la remise en état des parties du bâtiment qui ont subi des dommages majeurs à la suite d'une tornade ayant frappé la ville de Gatineau, en septembre 2018, et d'un incendie, en novembre 2018. Il est prévu que la nouvelle école aura une capacité d'accueil de 1 740 places-élèves.",70.50,70.50,0.00,,2023-08-31,"En réalisation","Mars 2023
Une hausse de 10,0 M$ au coût du projet a été autorisée. Initialement prévu à 60,5 M$, le coût est maintenant de 70,5 M$.De plus, la modification de la date de la mise en service complète a été autorisée. Prévue en août 2022, la mise en service","Ministre de l'Éducation","Centre de services scolaire des Portages-de-l'Outaouais","Société québécoise des infrastructures","Éducation","Éducation et culture","07 – Outaouais","École secondaire Mont-Bleu du centre de services scolaire des Portages-de-l'Outaouais","Gatineau","Réfection"
"674","École primaire du centre de services scolaire des Patriotes – Beloeil – Construction","Le projet consiste en la construction d'une école primaire à Beloeil ou McMasterville, sur le territoire du centre de services scolaire des Patriotes. Afin de réduire le déficit d'espace reconnu par le Ministère, seize classes sont prévues.",,,,,,"En planification","Mars 2021
Le projet a été autorisé à l'étape « En planification ».","Ministre de l'Éducation","Centre de services scolaire des Patriotes","Centre de services scolaire des Patriotes","Éducation","Éducation et culture","16 – Montérégie","École primaire du centre de services scolaire des Patriotes","Beloeil","Construction"
"679","École secondaire du Triolet du centre de services scolaire de la Région-de-Sherbrooke – Sherbrooke – Réaménagement","Le projet consiste en un réaménagement des espaces laissés vacants aux pavillons 2 et 3 de l'école secondaire du Triolet du centre de services scolaire de la Région-de-Sherbrooke, à la suite du départ du centre de formation professionnelle 24-Juin. Afin de réduire le déficit d'espace reconnu par le Ministère, 406 places-élèves additionnelles sont prévues. Ainsi la capacité d'accueil de l'école sera de 3 045 places-élèves.",,,,,,"En planification","Mars 2021
Le projet a été autorisé à l'étape « En planification ».","Ministre de l'Éducation","Centre de services scolaire de la Région-de-Sherbrooke","Centre de services scolaire de la Région-de-Sherbrooke","Éducation","Éducation et culture","05 – Estrie","École secondaire du Triolet du centre de services scolaire de la Région-de-Sherbrooke","Sherbrooke","Réaménagement"
"703","École Cunard du centre de services scolaire de Laval – Réaménagement","Le projet consiste en un réaménagement de l'édifice Cunard du centre de services scolaire de Laval afin de relocaliser dans un même bâtiment, plusieurs programmes de formation professionnelle et la formation générale des adultes qui sont actuellement répartis sur le territoire du centre de service. Il fait partie d'un ensemble de projets ayant pour but de créer 2 150 places-élèves afin de réduire le déficit d'espace reconnu par le Ministère.",66.70,65.00,1.70,,2023-08-31,"En réalisation","Mars 2022
Le projet a été autorisé à l'étape « En réalisation ».
Mars 2021
Le projet a été autorisé à l'étape « En planification ».","Ministre de l'Éducation","Centre de services scolaire de Laval","Centre de services scolaire de Laval","Éducation","Éducation et culture","13 – Laval","École Cunard du centre de services scolaire de Laval","Laval","Réaménagement"
"704","Centre de formation professionnelle du centre de services scolaire de Laval – Construction","Le projet consiste en la construction du centre de formation professionnelle en métallurgie de Laval affilié l'école des métiers spécialisés de Laval du centre de services scolaire de Laval. Le nouveau bâtiment permettra d'accueillir les étudiants des programmes d'études reconnus qui sont offerts au centre de formation professionnelle en métallurgie.",29.70,29.70,0.00,,2023-08-31,"En réalisation","Mars 2022
Le projet a été autorisé à l'étape « En réalisation ».
Mars 2021
Le projet a été autorisé à l'étape « En planification ».","Ministre de l'Éducation","Centre de services scolaire de Laval","Centre de services scolaire de Laval","Éducation","Éducation et culture","13 – Laval","Centre de formation professionnelle du centre de services scolaire de Laval","Laval","Construction"
"706","École primaire du centre de services scolaire des Affluents (3 anciennes écoles) – Charlemagne – Reconstruction","Le projet consiste en la démolition des écoles La Passerelle, Sainte-Marie-des-Anges et Saint-Jude, sur le territoire du centre de services scolaire des Affluents et la reconstruction d'une seule grande école à Charlemagne. Il est prévu que la nouvelle école aura la même capacité d'accueil que les anciennes, soit vingt-sept classes.",,,,,,"En planification","Mars 2021
Le projet a été autorisé à l'étape « En planification ».","Ministre de l'Éducation","Centre de services scolaire des Affluents","Centre de services scolaire des Affluents","Éducation","Éducation et culture","14 – Lanaudière","École primaire du centre de services scolaire des Affluents","Charlemagne","Reconstruction"
"878","École secondaire internationale de Saint-Lambert de la commission scolaire Riverside – Agrandissement","Le projet consiste en l'agrandissement de l'école secondaire internationale de Saint-Lambert, sur le territoire de la commission scolaire Riverside. Afin de répondre aux besoins de la clientèle du service régional ou suprarégional de scolarisation et des élèves handicapés ou en difficulté d'adaptation ou d'apprentissage, dix-sept classes additionnelles sont prévues.",,,,,,"En planification","Mars 2022
Le projet a été autorisé à l'étape « En planification ».","Ministre de l'Éducation","Commission scolaire Riverside","Commission scolaire Riverside","Éducation","Éducation et culture","16 – Montérégie","École secondaire internationale de Saint-Lambert de la commission scolaire Riverside","Saint-Lambert","Agrandissement"
"902","École primaire du Trait-d'Union du centre de services scolaire des Mille-Îles – Sainte-Thérèse – Reconstruction et agrandissement","Le projet consiste en la démolition, la reconstruction et l'agrandissement des deux pavillons de l'école primaire du Trait-d'Union du centre de services scolaire des Mille-Îles à Sainte-Thérèse soit le pavillon Adolphe-Chapleau et le pavillon Charles-Ducharme. Afin de réduire le déficit d'espace reconnu par le Ministère, six classes additionnelles sont prévues. Ainsi, la capacité d'accueil de l'école sera de vingt-quatre classes.",,,,,,"En planification","Mars 2022
Le projet a été autorisé à l'étape « En planification ».","Ministre de l'Éducation","Centre de services scolaire des Mille-Îles","Centre de services scolaire des Mille-Îles","Éducation","Éducation et culture","15 – Laurentides","École primaire du Trait-d'Union du centre de services scolaire des Mille-Îles","Sainte-Thérèse","Reconstruction et agrandissement"
"30","Station d'épuration des eaux usées Jean-R.-Marcotte, unité de désinfection – Montréal – Construction","Le projet consiste en la construction d'une unité de désinfection des eaux usées par ozonation à la station d'épuration Jean-R.- Marcotte de Montréal.
La désinfection des eaux usées à l'ozone complètera la chaîne de traitement prévue lors de la conception de la station d'épuration des eaux usées.
Les objectifs de ce projet sont de diminuer les risques pour la santé humaine et de protéger la faune et la flore aquatiques du fleuve Saint-Laurent.
Ainsi, lorsque le projet sera terminé, la qualité de l'eau du fleuve sera nettement améliorée au bénéfice des collectivités.",150.00,63.80,86.20,,2025-06-30,"En réalisation","Mars 2023
La modification de la date de la mise en service complète a été autorisée. Initialement prévue en décembre 2023, elle est reportée à juin 2025.
Mars 2021
Un addenda au protocole d'entente, intervenu entre les parties, a été signé reportant la","Ministre des Affaires municipales","Ville de Montréal","Ville de Montréal","Municipalités","Économie et environnement","06 – Montréal","Station d'épuration des eaux usées Jean-R.- Marcotte","Montréal","Construction"
"31","Bassins de rétention des eaux usées Rockfield, Lavigne, Leduc et William – Montréal – Construction","Le projet consiste en la construction de quatre bassins de rétention des eaux usées afin de diminuer les déversements des réseaux d'égouts dans l'environnement. Le bassin Rockfield rejette ses surplus d'eaux dans le canal Lachine, les bassins Lavigne et Leduc le font dans la rivière des Prairies, tandis que le bassin William rejette ses surplus d'eaux dans le fleuve Saint-Laurent.
La construction de ces ouvrages de rétention des eaux usées permettra de réduire le volume d'eaux usées non traitées déversées dans les cours d'eau.",148.00,49.30,98.70,,2026-12-31,"En réalisation","Mars 2023
La modification de la date de la mise en service complète a été autorisée. Prévue en décembre 2021, elle est reportée à décembre 2026.
Novembre 2018
Un addenda au protocole d'entente, intervenu entre les parties, a été signé reportant la date","Ministre des Affaires municipales","Ville de Montréal","Ville de Montréal","Municipalités","Économie et environnement","06 – Montréal","Bassins de rétention des eaux usées Rockfield, Lavigne, Leduc et William","Montréal","Construction"
"164","Oratoire Saint-Joseph – Montréal – Construction et réaménagement","Le projet consiste en la construction d'un pavillon d'accueil, la restauration du carillon et l'aménagement de la place de la Sainte-Famille, la reconfiguration du jardin monumental et la remise en lumière du site ainsi qu'en la rénovation du musée et l'aménagement d'un centre d'interprétation dans l'entre-dôme de la basilique. 
Le projet vise à rendre les structures d'accueil et de services aux visiteurs de l'oratoire Saint-Joseph du Mont-Royal plus fonctionnels et plus sécuritaires, tout en lui permettant de développer son plein potentiel touristique. 
Le projet est un des legs du gouvernement du Québec pour le 375e anniversaire de la Ville de Montréal.",79.20,30.80,48.40,2023-08-29,2025-03-31,"En réalisation","Mars 2023
La modification des dates de la mise en service partielle et complète a été autorisée. Elles étaient respectivement prévues en juin 2023 et en février 2025. Elles sont reportées en août 2023 et en mars 2025.
Mars 2022
La modification des date","Ministre des Affaires municipales","Oratoire Saint-Joseph du Mont-Royal","Oratoire Saint-Joseph du Mont-Royal","Municipalités","Économie et environnement","06 – Montréal","Oratoire Saint-Joseph","Montréal","Construction et réaménagement"
"958","Station d'épuration des eaux usées – Gatineau – Réfection","La Ville de Gatineau a élaboré un programme de mise aux normes de ses infrastructures d'eaux usées qui débutera par la station d'épuration des eaux usées du secteur de Gatineau. 
Le présent projet vise le lot 5 qui prévoit principalement la réfection des procédés et des équipements ainsi que l'amélioration de la flexibilité opérationnelle de la filière de traitement des eaux et des boues de la station d'épuration. Ces travaux sont répartis à travers les divers secteurs de la station.",50.50,33.70,16.80,,2025-03-31,"En réalisation","Mars 2023
Le projet a été autorisé à l'étape « En réalisation ».","Ministre des Affaires municipales","Ville de Gatineau","Ville de Gatineau","Municipalités","Économie et environnement","07 – Outaouais","Station d'épuration des eaux usées","Gatineau","Réfection"
"352","Réseau de télécommunication – Nunavik – Construction","Le projet permettra d'améliorer la capacité à large bande dans cinq collectivités soit Puvirnituk, Inukjuak, Whapmagoostui, Umiujaq et Kuujjuarapikau au moyen de fibre optique sous-marine et terrestre. Ce projet fournira un accès à un service à large bande dédié à 18 institutions publiques (éducation, sécurité publique, santé et services sociaux, etc.).",125.70,62.60,63.10,2022-09-30,2024-03-31,"En service","Mars 2023
Mise en service partielle de l'infrastructure au cours de l'année financière 2022-2023.
Mars 2022
La modification des dates de début et de fin de la mise en service a été autorisée. Initialement, elles étaient respectivement prévues en avril ","Ministre de l'Économie, de l'Innovation et de l'Énergie","Société du Plan Nord","Administration régionale Kativik","Développement du territoire nordique","Économie et environnement","10 – Nord-du-Québec","Réseau de télécommunication","Nunavik","Construction"
"165","Promenade Samuel-De Champlain (phase III) – Québec – Réaménagement et reconstruction","Le projet consiste à prolonger, sur une distance d'environ 2,5 km, la promenade Samuel-De Champlain, soit de la côte de Sillery jusqu'à la côte Gilmour. Il inclut notamment le réaménagement complet du boulevard Champlain et une piste cyclable de 2,5 km qui sont désormais complétés. Il comprend également le déplacement du corridor ferroviaire en bordure de la falaise et la démolition puis la reconstruction d'un pont d'étagement. La station de la Plage sera au cœur du projet et comprendra une plage, un bassin de baignade et un miroir d'eau.",193.30,179.50,13.80,2022-12-01,2023-08-31,"En service","Mars 2023
Mise en service partielle de l'infrastructure au cours de l'année financière 2022-2023. .
Avril 2022
La modification de la date de la mise en service complète a été autorisée. Prévue en juin 2023, elle est reportée à août 2023.
Mai 2021
Une","Ministre responsable de la région de la Capitale-Nationale","Commission de la capitale nationale du Québec","Société québécoise des infrastructures","Tourisme et activités récréatives","Économie et environnement","03 – Capitale-Nationale","Promenade Samuel-De Champlain","Québec","Réaménagement et reconstruction"
"455","Nouvelles-Casernes – Québec – Réfection","Construites entre 1749 et 1752, les Nouvelles-Casernes sont un bâtiment classé historique. Celui-ci constitue un héritage majeur avec un intérêt patrimonial pour sa valeur tant historique qu'architecturale et archéologique. La Commission a divisé les travaux de consolidation en deux phases. Il s'agit d'un chantier patrimonial dont les travaux préparatoires et la planification rigoureuse sont essentiels, avec les différents partenaires. Certains travaux préparatoires ont été réalisés par la Commission, depuis l'été 2016, et la première phase s'est échelonnée du printemps 2018 à celui de 2020. La deuxième phase des travaux a débuté au printemps 2020 et sera complétée en 2026.",21.00,20.00,1.00,,2026-03-31,"En réalisation","Mars 2023
La modification de la date de la mise en service complète a été autorisée. Initialement prévue en décembre 2022, elle est reportée à mars 2026.
Mai 2013
Le projet a été autorisé à l'étape « En réalisation ».","Ministre responsable de la région de la Capitale-Nationale","Commission de la capitale nationale du Québec","Commission de la capitale nationale du Québec","Tourisme et activités récréatives","Économie et environnement","03 – Capitale-Nationale","Nouvelles-Casernes","Québec","Réfection"
"148","Route Billy-Diamond (Route de la Baie-James) (phase I) – Nord-du-Québec – Réfection","Le projet a pour but d'améliorer la sécurité des usagers et d'assurer la pérennité de la route Billy-Diamond. Il consiste principalement à :
• Mettre en place une signalisation et des glissières de sécurité conformes aux normes en vigueur afin de favoriser une meilleure visibilité en réduisant la densité de la végétation le long de la route;
• Améliorer la surface de roulement pour assurer une conduite plus stable et réduire les risques d'effondrement des ponceaux déficients;
• Rehausser la qualité de l'infrastructure routière pour en prolonger la durée de vie;
• Remplacer des équipements sur les ponts afin d'assurer une meilleure pérennité des structures.
À terme, les travaux permettront la conservation des liens avec les autres routes de la région, notamment celles qui mènent aux différents sites d'activité économique (centrales hydroélectriques, sites miniers et autres) ainsi qu'aux diverses localités. Grâce à ces travaux, le lien intermodal sera également maintenu, de même que le transport des marchandises dans le Grand Nord ainsi que le seul lien routier qui mène à la baie James.
En vue du respect des nouvelles normes environnementales en vigueur, des ouvrages hydrauliques intermédiaires devront être effectués sur 18 sites de ponceaux multiples qui abritent 51 ponceaux complexes.
La phase II de ce projet correspond au projet « 825 - Route Billy-Diamond (phase II) – Nord-du-Québec – Réfection » du Tableau de bord.",333.90,222.70,111.20,,2026-11-01,"En réalisation","Juin 2020
Une hausse de 69,2 M$ au coût du projet a été autorisée. Prévu à 264,7 M$, le coût est maintenant de 333,9 M$. Ainsi, la contribution du Québec passe de 153,5 M$ à 222,7 M$ et celle des partenaires demeure à 111,2 M$.
De plus, la modification ","Ministre des Ressources naturelles et des Forêts","Société de développement de la Baie-James","Société de développement de la Baie-James","Développement du territoire nordique","Économie et environnement","10 – Nord-du-Québec","Route Billy-Diamond","Nord-du-Québec","Réfection"
"497","Centre des transports de Gaspé – Construction","Le projet a consisté à construire un complexe pour les services du ministère des Transports et de la Mobilité durable et du centre de gestion de l'équipement roulant, à Gaspé, en remplacement du bâtiment actuel qui est vétuste. Le complexe est composé d'un secteur de bureaux administratifs, d'un secteur atelier et d'une partie entrepôt non chauffée, pour le ministère des Transports et de la Mobilité durable, ainsi que d'une section garage d'un étage qui comprend trois portes de service. Les travaux complétés permettent de combler certains besoins opérationnels des occupants, soit : un abri à sel, un dépôt d'abrasifs, deux sections d'entreposage de matériaux en vrac ainsi que des stationnements pour les camions et les véhicules légers.",22.90,22.90,0.00,,2022-08-31,"En service","Mars 2023
Mise en service complète de l'infrastructure au cours de l'année financière 2022-2023. Le projet sera retiré du Tableau de bord lors de la prochaine mise à jour annuelle. 
Mars 2021
Le projet a été autorisé à l'étape « En réalisation ».","Ministre responsable des Infrastructures","Ministère des Transports et de la Mobilité durable","Société québécoise des infrastructures","Administration gouvernementale","Gouverne et justice","11 – Gaspésie–Îles-de-la-Madeleine","Centre des transports de Gaspé","Gaspé","Construction"
"562","Centre des transports d'Anjou – Réaménagement et agrandissement","Ce complexe de bâtiments abrite un centre de services sous la responsabilité du ministère des Transports et de la Mobilité durable (MTMD). Les bâtiments requièrent une mise aux normes et une réfection majeure impliquant le réaménagement partiel des espaces occupés par le MTMD et le centre de gestion de l'équipement roulant (CGER). Le bâtiment à rénover possède une superficie brute de 7 289 m², auquel un agrandissement est prévu pour l'ajout de trois baies de garage et une salle mécanique.",21.00,21.00,0.00,,2024-03-29,"En réalisation","Juin 2021
Le projet a été autorisé à l'étape « En réalisation ».","Ministre responsable des Infrastructures","Ministère des Transports et de la Mobilité durable","Société québécoise des infrastructures","Administration gouvernementale","Gouverne et justice","06 – Montréal","Centre des transports d'Anjou","Montréal","Réaménagement et agrandissement"
"254","École primaire du centre de services scolaire de Montréal (site du Grand-Séminaire) – Construction","Le projet consiste en la construction d'une école primaire, à Montréal, sur le site du Grand-Séminaire, dans l'arrondissement Ville-Marie, sur le territoire du centre de services scolaire de Montréal. Afin de réduire le déficit d'espace reconnu par le Ministère, vingt-neuf classes sont prévues.",,,,,,"En planification","Novembre 2021
Le centre de services scolaire de Montréal a été autorisé à demeurer gestionnaire du projet, et ce, en association avec la Société québécoise des infrastructures.
Août 2018
Le projet a été autorisé à l'étape « En planification ».","Ministre de l'Éducation","Centre de services scolaire de Montréal","Centre de services scolaire de Montréal en association avec la Société québécoise des infrastructures","Éducation","Éducation et culture","06 – Montréal","École primaire du centre de services scolaire de Montréal","Montréal","Construction"
"484","Centre sportif et communautaire – Mont-Royal – Construction","Le projet consiste à construire un centre sportif et communautaire. La nouvelle construction inclura, entre autres, une piscine intérieure de huit corridors, un gymnase double, des bureaux administratifs et plusieurs salles.",46.90,3.00,43.90,,2026-11-30,"En réalisation","Mars 2023
La modification de la date de la mise en service complète a été autorisée. Initialement prévue en novembre 2022, elle est reportée à novembre 2026.
Mars 2021
Une hausse de 16,8 M$ au coût du projet a été autorisée. Initialement prévu à 30,1 M","Ministre responsable du Sport, du Loisir et du Plein air","Ville de Mont-Royal","Ville de Mont-Royal","Développement du sport","Éducation et culture","06 – Montréal","Centre sportif et communautaire","Mont-Royal","Construction"
"485","Complexe sportif multifonctionnel – Saint-Jérôme – Construction","Le projet consistait en la construction d'un complexe sportif multifonctionnel qui regroupera, sous un même bâtiment, deux plateaux spécialisés, soit des terrains de soccer intérieurs et une palestre de gymnastique, des salles multifonctionnelles et un gymnase multisport.",31.50,7.50,24.00,,2023-03-31,"En service","Mars 2023
La modification de la date de la mise en service complète a été autorisée. Prévue en novembre 2023, elle a été devancée à mars 2023. La mise en service complète de l'infrastructure a été réalisée au cours de l'année financière 2022-2023. Le pro","Ministre responsable du Sport, du Loisir et du Plein air","Ville de Saint-Jérôme","Ville de Saint-Jérôme","Développement du sport","Éducation et culture","15 – Laurentides","Complexe sportif multifonctionnel","Saint-Jérôme","Construction"
"486","Complexe aquatique et récréatif – Montréal (arrondissement de Pierrefonds-Roxboro) – Construction","Le projet consiste à construire un complexe aquatique comprenant, entre autres, trois bassins aquatiques (principal, d'apprentissage/détente et pataugeoire récréative) ainsi qu'une salle communautaire. Ce projet doit être réalisé dans le secteur récréatif et communautaire.",,,,,,"En planification","Mars 2020
Le projet a été autorisé à l'étape « En planification ».","Ministre responsable du Sport, du Loisir et du Plein air","Ville de Montréal","Ville de Montréal","Développement du sport","Éducation et culture","06 – Montréal","Complexe aquatique et récréatif","Montréal","Construction"
"487","Centre multisport – Saguenay – Construction","Le projet consistait à la construction d'un complexe sportif, d'environ 9 900 m², fonctionnel douze mois par année. Il réunit, sous un même toit, un terrain de soccer à onze joueurs (divisible en trois terrains de mini soccer), des salles d'entraînement pour le baseball, des terrains de volleyball et de handball ainsi qu'une piste d'athlétisme. À court terme, ces plateaux de jeux peuvent également servir pour d'autres sports tels que le disque volant et le football.",24.20,7.50,16.70,,2022-09-01,"En service","Mars 2023
La modification de la date de la mise en service complète a été autorisée. Initialement prévue en juillet 2022, elle a été reportée à septembre 2022. Ainsi, la mise en service complète de l'infrastructure a été réalisée au cours de l'année fina","Ministre responsable du Sport, du Loisir et du Plein air","Ville de Saguenay","Ville de Saguenay","Développement du sport","Éducation et culture","02 – Saguenay–Lac-Saint-Jean","Centre multisport","Saguenay","Construction"
"488","Complexe multisport – Sainte-Catherine – Construction","Le projet consiste en la construction d'un complexe multisport comprenant principalement un terrain de soccer synthétique intérieur et des salles multifonctionnelles. Les plans (devis de performance) sont en cours et la répartition des aires pourrait évoluer. 

Les territoires de la MRC de Roussillon et de l'ouest de la Montérégie ont une urgente nécessité de se pourvoir d'installations de qualité et diversifiées pour répondre adéquatement aux besoins de ses organismes. Dans le cadre d'une étude, ce sont des lieux qui permettent la pratique du soccer, du football, de la gymnastique ainsi que de programmes de mise en forme qui ont été ciblés par le milieu. Nos associations de soccer, compte tenu de la très grande difficulté d'avoir des heures dans les centres de soccer intérieurs de la grande région de Montréal, du coût élevé de leur location ainsi que de la distance importante que les joueurs et leurs familles doivent parcourir, ont mis un frein au développement de leur saison hivernale. 

La construction d'un terrain de soccer intérieur à Sainte-Catherine permettrait à plusieurs centaines de jeunes du secteur d'avoir accès à leur sport préféré à l'année. Les besoins sont si grands que nous estimons déjà qu'avec les différentes ligues, les heures disponibles les cinq soirs et les deux jours de fin de semaine seront comblées à plus de 80 %. De plus, le Collège Charles-Lemoyne, par ses activités sportives et ses cohortes des programmes Sports-études, occupera, du mois de septembre au mois de mai, plus de 600 heures pendant le jour. Plusieurs autres associations sportives pourront aussi bénéficier de cette infrastructure, car la Ville de Sainte-Catherine intègre dans le projet plusieurs salles polyvalentes et d'entraînement qui répondront aux organismes qui s'occupent du football, du baseball, de la crosse, de l'escrime, de la danse, etc.

La réponse a été et est encore très positive. La population demande davantage de cours et de plages horaires pour les cours individuels pour petits et grands. Actuellement, ces cours s'offrent au centre municipal et la cohabitation de cette programmation avec l'ensemble des activités et des locations qui occupent ce centre communautaire deviennent un enjeu de jouissance pour les occupants. Une configuration adéquate des espaces relative à leur vocation permettra une pratique en harmonie avec les lieux. De plus, le déploiement de cette programmation au complexe multisport permettra aux parents qui accompagnent leurs enfants de pratiquer une activité physique simultanément.",,,,,,"En planification","Mars 2020
Le projet a été autorisé à l'étape « En planification ».","Ministre responsable du Sport, du Loisir et du Plein air","Ville de Sainte-Catherine","Ville de Sainte-Catherine","Développement du sport","Éducation et culture","16 – Montérégie","Complexe multisport","Sainte-Catherine","Construction"
"729","Maison du loisir et du sport de Saint-Léonard – Montréal – Construction","Le projet consistait à construire un établissement qui abrite les bureaux de la grande majorité des fédérations sportives québécoises, en plus d'autres organismes à vocation sportive et de loisir dans l'arrondissement de Saint-Léonard à Montréal.",25.00,25.00,0.00,,2022-12-31,"En service","Mars 2023
Mise en service complète de l'infrastructure au cours de l'année financière 2022-2023. Le projet sera retiré du Tableau de bord lors de la prochaine mise à jour annuelle.
Mars 2022
Le projet a été autorisé à l'étape « En réalisation ».
Mars ","Ministre responsable du Sport, du Loisir et du Plein air","Regroupement loisir et sport du Québec","Regroupement loisir et sport du Québec","Développement du sport","Éducation et culture","06 – Montréal","Maison du loisir et du sport de Saint-Léonard","Montréal","Construction"
"910","Complexe aquatique et récréatif – Laval – Construction","Le projet vise la construction d'un complexe aquatique intérieur comprenant principalement trois bassins aquatiques, des locaux techniques, des espaces d'accueil, des espaces de services (vestiaires, toilettes, etc.), des aires de circulation ainsi que d'autres espaces récréatifs (salles multifonctionnelles).",108.40,10.00,98.40,,2024-10-31,"En réalisation","Mars 2023
Le projet a été autorisé à l'étape « En réalisation ».
Mars 2022
Le projet a été autorisé à l'étape « En planification ».","Ministre responsable du Sport, du Loisir et du Plein air","Ville de Laval","Ville de Laval","Développement du sport","Éducation et culture","13 – Laval","Complexe aquatique ","Laval","Construction"
"911","Complexe récréatif Gadbois – Montréal – Réfection et reconstruction","Le projet vise la réfection et la reconstruction partielle du complexe récréatif Gadbois. Il permettra, à terme, d'offrir des espaces récréatifs et sportifs, dont des gymnases, une palestre de gymnastique, une piscine intérieure, des gradins, des vestiaires, des salles pour les arts martiaux, une salle de conditionnement physique, une salle d'haltérophilie et des locaux de services.",,,,,,"En planification","Mars 2022
Le projet a été autorisé à l'étape « En planification ».","Ministre responsable du Sport, du Loisir et du Plein air","Ville de Montréal","Ville de Montréal","Développement du sport","Éducation et culture","06 – Montréal","Complexe récréatif Gadbois","Montréal","Réfection et reconstruction"
"912","Complexe sportif – Sorel-Tracy – Construction","Le projet vise la construction d'un nouveau complexe sportif à Sorel-Tracy. Le bâtiment inclura principalement les éléments suivants : deux piscines, leurs équipements associés et une zone de jeux d'eau intérieurs, des espaces de circulation, une salle polyvalente, un sauna sec, des vestiaires, une aire de services, des gradins, une aire d'accueil, une conciergerie, des locaux techniques et d'entretien, des bureaux, une aire publique avec vue sur les bassins et des locaux de rangement. Des espaces de stationnements sont aussi prévus ainsi que l'aménagement extérieur.",,,,,,"En planification","Mars 2022
Le projet a été autorisé à l'étape « En planification ».","Ministre responsable du Sport, du Loisir et du Plein air","Ville de Sorel-Tracy","Ville de Sorel-Tracy","Développement du sport","Éducation et culture","16 – Montérégie","Complexe sportif","Sorel-Tracy","Construction"
"913","Complexe aquatique – Châteauguay – Construction","Le projet vise la construction d'un complexe aquatique intérieur à Châteauguay. Un premier bassin sportif incluant des tremplins est prévu pour répondre aux besoins exprimés depuis plusieurs années par les associations sportives de la région. Un second bassin récréatif est aussi prévu. De plus, le complexe comportera une salle d'entraînement, des locaux pour les sauveteurs, des vestiaires, deux salles d'aérobie/danse, une salle multifonctionnelle, un espace de restauration santé, une boutique, des gradins, un bureau pour les organismes sportifs, des espaces d'entreposage, des locaux pour les installations mécaniques et de service électrique, une conciergerie, un stationnement et un débarcadère.",,,,,,"En planification","Mars 2022
Le projet a été autorisé à l'étape « En planification ».","Ministre responsable du Sport, du Loisir et du Plein air","Régie Sports et loisirs Beau-Château","Régie Sports et loisirs Beau-Château","Développement du sport","Éducation et culture","16 – Montérégie","Complexe aquatique","Châteauguay","Construction"
"914","Centre sportif et récréatif – Montréal-Ouest – Construction","Le projet vise la construction d'un nouveau centre sportif et récréatif à Montréal-Ouest. Il offrira notamment les locaux suivants : une patinoire intérieure, une piscine extérieure, un hall d'entrée, des espaces d'accueil et de services, des vestiaires, des toilettes et des douches, des locaux de rangement, des bureaux de sauveteurs, des salles polyvalentes, un local pour les arbitres, des locaux de rencontre et de rangement pour les clubs sportifs, des espaces pour les appareils mécaniques, d'entretien et de repos pour les employés, des bureaux pour les employés et une salle d'entraînement.",,,,,,"En planification","Mars 2022
Le projet a été autorisé à l'étape « En planification ».","Ministre responsable du Sport, du Loisir et du Plein air","Ville de Montréal","Ville de Montréal","Développement du sport","Éducation et culture","06 – Montréal","Centre sportif et récréatif","Montréal-Ouest","Construction"
"1006","Centre aquatique – Rouyn-Noranda – Construction","Le projet vise la construction d'un centre aquatique intérieur qui abritera notamment un bassin compétitif auquel sera greffé une section récréative, des locaux techniques, une buanderie, des vestiaires, un local de rangement, un bureau de sauveteurs, des gradins, des blocs sanitaires, des bureaux, des salles polyvalentes, un espace avec vue sur les bassins et des espaces de circulation.",,,,,,"En planification","Mars 2023
Le projet a été autorisé à l'étape « En planification ».","Ministre responsable du Sport, du Loisir et du Plein air","Ville de Rouyn-Noranda","Ville de Rouyn-Noranda","Développement du sport","Éducation et culture","08 – Abitibi-Témiscamingue","Centre aquatique","Rouyn-Noranda","Construction"
"1007","Aréna Memphrémagog – Magog – Construction","Le projet consiste en la construction d'un bâtiment comportant notamment deux patinoires (l'une de dimensions standards et l'autre de moindres dimensions), une aire de restauration, des locaux connexes pour l'entreposage, des vestiaires et d'autres plateaux sportifs communs.",,,,,,"En planification","Mars 2023
Le projet a été autorisé à l'étape « En planification ».","Ministre responsable du Sport, du Loisir et du Plein air","Aréna Memphrémagog Inc.","Aréna Memphrémagog Inc.","Développement du sport","Éducation et culture","05 – Estrie","Aréna Memphrémagog","Magog","Construction"
"1008","École secondaire Académie Dunton du centre de services scolaire de Montréal, gymnase et équipements sportifs extérieurs – Construction","Le projet prévoit la construction d'un gymnase double avec vestiaires, dépôts et bureau. La construction d'un terrain de soccer naturel, d'un terrain multisport synthétique, de couloirs de course et de modules de jeux extérieurs est également prévue.",,,,,,"En planification","Mars 2023
Le projet a été autorisé à l'étape « En planification ».","Ministre responsable du Sport, du Loisir et du Plein air","Centre de services scolaire de Montréal","Centre de services scolaire de Montréal","Développement du sport","Éducation et culture","06 – Montréal","Académie Dunton","Montréal","Construction"
"225","Hôpital Royal Victoria – Montréal – Maintien","Le projet consiste à analyser différents scénarios de mise aux normes et de requalification des bâtiments de l'ancien hôpital Royal Victoria, qui se trouve dans le site patrimonial du Mont-Royal. Le plan de rénovation doit notamment prévoir qu'une partie de l'espace sera utilisée pour combler les besoins de l'Université McGill, dont le campus est situé à proximité.",,,,,,"À l'étude","Juin 2018
Le projet a été autorisé à l'étape « À l'étude ».","Ministre responsable des Infrastructures","Société québécoise des infrastructures","Société québécoise des infrastructures","Administration gouvernementale","Gouverne et justice","06 – Montréal","Hôpital Royal Victoria","Montréal","Maintien"
"259","Édifice Gérard-D.-Levesque – Québec – Réfection et réaménagement","L'édifice Gérard-D.-Levesque, situé au 12 rue Saint-Louis à Québec, constitue un joyau du patrimoine construit en 1883 qui abrite le ministère des Finances depuis 1987. Il présente aujourd'hui plusieurs composantes vétustes qui ne répondent plus aux normes actuelles. Le projet vise la réalisation, sur l'ensemble du bâtiment de 12 700 m², des travaux de restauration, de mise aux normes ainsi que de réaménagement afin que l'occupation de la superficie de l'immeuble soit optimisée et que l'implantation pérenne du télétravail soit favorisée.",188.30,188.30,0.00,,2025-12-31,"En réalisation","Avril 2022
Le projet a été autorisé à l'étape « En réalisation ».
Janvier 2021
Le projet a été autorisé à l'étape « En planification ».
Décembre 2018
Le projet a été autorisé à l'étape « À l'étude ».","Ministre responsable des Infrastructures","Société québécoise des infrastructures","Société québécoise des infrastructures","Administration gouvernementale","Gouverne et justice","03 – Capitale-Nationale","Édifice Gérard-D.-Levesque","Québec","Réfection et réaménagement"
"325","Édifice du 1000, rue Fullum, bloc C – Montréal – Réfection et réaménagement","Le bâtiment sis au 1000 rue Fullum à Montréal est un immeuble de bureaux d'une superficie utilisable d'environ 24 100 m². À l'été 2018, la Société québécoise des infrastructures est devenue propriétaire du bâtiment qui est divisé en trois blocs interdépendants, A, B et C. Le projet consiste à réaliser des travaux de maintien d'actif et de réaménagement du bloc C afin de satisfaire les besoins de la clientèle et de rendre le bloc C indépendant.",75.90,75.90,0.00,,2023-12-31,"En réalisation","Septembre 2021
Une modification de la portée du projet a été autorisée afin d'annuler les travaux prévus aux blocs A et B et ajouter certains travaux au bloc C, et ce, en conservant le coût et l'échéancier initialement approuvés.
Décembre 2020
Le proje","Ministre responsable des Infrastructures","Société québécoise des infrastructures","Société québécoise des infrastructures","Administration gouvernementale","Gouverne et justice","06 – Montréal","Édifice du 1000 rue Fullum","Montréal","Réfection et réaménagement"
"558","Édifice Gérald-Godin – Montréal – Maintien","Afin que la pérennité de l’édifice Gérald-Godin, un bâtiment à haute valeur patrimoniale, soit assurée, des travaux majeurs qui visent la résorption du déficit de maintien d’actifs sont requis. En continuation avec la vision immobilière de Québec 2018, de nouveaux aménagements de bureaux y seront effectués pour que des sections ministérielles et autres postes de travail actuellement dans des bâtiments en location y soient logés. L’optimisation des aires de bureaux est également visée, en cohérence avec les intentions de déploiement du projet gouvernemental de transformation du milieu de travail axé sur les activités (MTAA).",,,,,,"À l'étude","Janvier 2021
Le projet a été autorisé à l'étape « À l'étude ».","Ministre responsable des Infrastructures","Société québécoise des infrastructures","Société québécoise des infrastructures","Administration gouvernementale","Gouverne et justice","06 – Montréal","Édifice Gérald-Godin","Montréal","Maintien"
"569","Édifice Wilfrid-Derome – Montréal – Réfection et réaménagement","Le projet vise une modernisation et une remise aux normes de la morgue du bureau du coroner et les salles d'autopsie du laboratoire des sciences judiciaires et de médecine légale localisées au sous-sol de l'édifice Wilfrid-Derome situé au 1701, rue Parthenais, à Montréal. Ces salles datent de la construction du bâtiment en 1968. Elles sont donc vétustes et non adaptées aux méthodes et aux technologies modernes en matière de sécurité, d'efficacité, de fonctionnalité, d'ergonomie et d'hygiène. Un espace adjacent aux installations actuelles est présentement envisagé pour accueillir la nouvelle morgue.",,,,,,"En planification","Mars 2021
Le projet a été autorisé à l'étape « En planification ».","Ministre responsable des Infrastructures","Ministère de la Sécurité publique","Société québécoise des infrastructures","Administration gouvernementale","Gouverne et justice","06 – Montréal","Édifice Wilfrid-Derome","Montréal","Réfection et réaménagement"
"726","Édifice du 1141, route de l'Église – Québec – Réfection","Le projet consiste à effectuer des travaux qui visent la réfection de l'enveloppe extérieure du bâtiment situé au 1141, route de l'Église, à Québec.",21.20,21.20,0.00,,2024-01-31,"En réalisation","Juin 2021
Le projet a été autorisé à l'étape « En réalisation ».
Mars 2021
Le projet a été autorisé à l'étape « En planification ».","Ministre responsable des Infrastructures","Société québécoise des infrastructures","Société québécoise des infrastructures","Administration gouvernementale","Gouverne et justice","03 – Capitale-Nationale","Édifice du 1141 route de l'Église","Québec","Réfection "
"850","Édifices Hector-Fabre et Marie-Fitzbach – Québec – Réaménagement","Le projet consiste à relocaliser et à réaménager des espaces d'un ministère et de deux organismes du gouvernement du Québec situés sur la colline parlementaire. Il s'inscrit dans la démarche du projet gouvernemental de transformation des milieux de travail de la fonction publique, en plus d'être une excellente opportunité d'approche intégrée permettant d'optimiser les ressources et d'avoir un impact à long terme sur l'occupation du parc immobilier du gouvernement. Tout en ayant une préoccupation de saine gestion des fonds publics, ce projet permettra la mise en œuvre d'aménagements selon les concepts du nouveau milieu de travail axé sur les activités (MTAA) et réduira la superficie des espaces en location.",35.60,35.60,0.00,2022-08-31,2023-12-31,"En réalisation","Septembre 2021
Le projet a été autorisé à l'étape « En réalisation ».","Ministre responsable des Infrastructures","Société québécoise des infrastructures","Société québécoise des infrastructures","Administration gouvernementale","Gouverne et justice","03 – Capitale-Nationale","Édifices Hector-Fabre et Marie-Fitzbach","Québec","Réaménagement"
"950","Édifice Marie-Guyart – Québec – Maintien","Le projet consiste à réaliser des travaux d'aménagement démontrant les bénéfices de la transformation des milieux de travail en milieu de travail axé sur les activités (MTAA) dans l'édifice Marie-Guyart à Québec. Le projet permettra d'optimiser les espaces dans cet immeuble d'envergure tout en générant une économie substantielle du loyer de l'État à long terme. Ces nouveaux espaces de travail permettront de répondre à une prestation de travail en mode hybride au sein de la fonction publique.",,,,,,"À l'étude","Mars 2022
Le projet a été autorisé à l'étape « À l'étude ».","Ministre responsable des Infrastructures","Société québécoise des infrastructures","Société québécoise des infrastructures","Administration gouvernementale","Économie et environnement","03 – Capitale-Nationale","Édifice Marie-Guyart","Québec","Maintien"
"951","Édifice du 600, rue Fullum – Montréal – Maintien","Le projet consiste à réaliser des travaux d'aménagement démontrant les bénéfices de la transformation des milieux de travail en milieu de travail axé sur les activités (MTAA) dans l'immeuble situé au 600 rue Fullum à Montréal. Le projet permettra d'optimiser les espaces dans cet immeuble d'envergure tout en générant une économie substantielle du loyer de l'État à long terme. Ces nouveaux espaces de travail permettront de répondre à une prestation de travail en mode hybride au sein de la fonction publique.",,,,,,"À l'étude","Mars 2022
Le projet a été autorisé à l'étape « À l'étude ».","Ministre responsable des Infrastructures","Société québécoise des infrastructures","Société québécoise des infrastructures","Administration gouvernementale","Économie et environnement","06 – Montréal","Édifice du 600, rue Fullum","Montréal","Maintien"
"261","École primaire-secondaire FACE du centre de services scolaire de Montréal – Réfection et réaménagement","Le projet consiste à effectuer des travaux de réfection majeure et de mise en conformité sur le bâtiment, nécessitant la relocalisation temporaire des élèves.
Ces travaux permettront d'assurer la sécurité des installations.",,,,,,"En planification","Janvier 2019
Le projet a été autorisé à l'étape « En planification ».","Ministre de l'Éducation","Centre de services scolaire de Montréal","Société québécoise des infrastructures","Éducation","Éducation et culture","06 – Montréal","École primaire-secondaire FACE du centre de services scolaire de Montréal","Montréal","Réfection et réaménagement"
"328","Installations de la Société ferroviaire et portuaire de Pointe-Noire (phase I) – Réaménagement et construction","Le projet a permis d'accroître la capacité des installations de la Société ferroviaire et portuaire de Pointe-Noire et de réaliser des travaux relatifs à la conformité environnementale de son site, dans un contexte de croissance de ses activités. La phase II de ce projet correspond au projet « 560 - Installations de la Société ferroviaire et portuaire de Pointe-Noire (phase II) – Réaménagement » du Tableau de bord.",180.00,80.00,100.00,2019-06-01,2023-03-31,"En service","Mars 2023
La modification de la date de la mise en service complète a été autorisée. Initialement prévue en décembre 2022, elle a été reportée à mars 2023. La mise en service complète de l'infrastructure a été faite au cours de l'année financière 2022-20","Ministre des Ressources naturelles et des Forêts","Société du Plan Nord","Société ferroviaire et portuaire de Pointe-Noire s.e.c.","Développement du territoire nordique","Économie et environnement","09 – Côte-Nord","Installations de la Société ferroviaire et portuaire de Pointe-Noire","Sept-Îles","Réaménagement et construction"
"560","Installations de la Société ferroviaire et portuaire de Pointe-Noire (phase II) – Réaménagement","Le projet avait pour but de moderniser et d'optimiser les installations de la Société ferroviaire et portuaire de Pointe-Noire, notamment afin d'accroître la capacité du site et de permettre la réception de volumes supplémentaires associés à la réalisation d'un nouveau chantier minier. La phase I de ce projet correspond au projet « 328 - Installations de la Société ferroviaire et portuaire de Pointe-Noire (phase I) – Réaménagement et constructiont » du Tableau de bord.",135.00,50.00,85.00,,2023-03-31,"En service","Mars 2023
Mise en service complète de l'infrastructure au cours de l'année financière 2022-2023. Le projet sera retiré du Tableau de bord lors de la prochaine mise à jour annuelle.
Mars 2022
Le projet a été autorisé à l'étape « En réalisation ».
Mars ","Ministre des Ressources naturelles et des Forêts; Ministre de l'Économie, de l'Innovation et de l'Énergie","Société du Plan Nord conjointement avec Investissement Québec","Société ferroviaire et portuaire de Pointe-Noire s.e.c.","Développement du territoire nordique","Économie et environnement","09 – Côte-Nord","Installations de la Société ferroviaire et portuaire de Pointe-Noire","Sept-Îles","Réaménagement"
"246","Édifice pour la Délégation générale du Québec à Paris – Réfection et réaménagement","Le projet consiste à rénover et à réaménager l'immeuble actuel de la Délégation générale du Québec à Paris, situé au 66, rue Pergolèse.
Les travaux de rénovation et de mise aux normes du bâtiment, dans le respect du patrimoine architectural français, visent à pourvoir la Délégation générale de toutes les commodités requises pour la tenue d'activités de mise en valeur de l'image d'un Québec innovant, créatif et prospectif.",25.30,25.30,0.00,,2024-06-30,"En réalisation","Mars 2023
La modification de la date de la mise en service complète a été autorisée. Initialement prévue en mars 2024, elle est reportée à juin 2024.
Mars 2022
Le projet a été autorisé à l'étape « En réalisation ».
Mars 2021
Le projet a été autorisé ","Ministre des Relations internationales et de la Francophonie","Ministère des Relations internationales et de la Francophonie","Ministère des Relations internationales et de la Francophonie","Administration gouvernementale","Gouverne et justice","18 – Hors Québec","Édifice pour la Délégation générale du Québec","Paris","Réfection et réaménagement"
"956","Université Laval, Carrefour international – Québec – Construction","Le projet consiste en la construction d'un nouveau pavillon sur le site de l'Université Laval, le Carrefour international, qui sera un pôle d'innovation en enseignement et en recherche pluridisciplinaires sur les enjeux internationaux. En partenariat avec des donateurs privés, le développement de ce carrefour vise à créer un véritable carrefour autour duquel gravite notamment l'École supérieure d'études internationales (ÉSÉI), certaines associations étudiantes, le recrutement international, la mobilité internationale et les missions commerciales ainsi que les équipes de recherche sur les enjeux internationaux.",,,,,,"En planification","Mars 2022
Le projet a été autorisé à l'étape « En planification ».","Ministre des Relations internationales et de la Francophonie","Université Laval","Université Laval","Administration gouvernementale","Économie et environnement","03 – Capitale-Nationale","Université Laval","Québec","Construction"
"134","Barrage des Quinze – Laverlochère-Angliers – Maintien","Le projet visait à améliorer l'état de la structure du barrage des Quinze et de la route 391, qui passe sur le barrage, et à les moderniser. Il consistait en une réfection majeure du barrage et au remplacement du tablier de la route 391.",110.00,83.40,26.60,,2018-11-01,"En clôture","Mars 2023
Clôture du projet au cours de l'année financière 2022-2023. Il sera retiré du Tableau de bord à la prochaine mise à jour annuelle.
Mars 2022
La mise en service complète de l'infrastructure a été autorisée au cours de l'année financière 2021-2","Ministre de l'Environnement, de la Lutte contre les changements climatiques, de la Faune et des Parcs","Ministère de l'Environnement, de la Lutte contre les changements climatiques, de la Faune et des Parcs","Ministère de l'Environnement, de la Lutte contre les changements climatiques, de la Faune et des Parcs","Environnement","Économie et environnement","08 – Abitibi-Témiscamingue","Barrage des Quinze","Laverlochère-Angliers","Maintien"
"410","Barrage Mathieu-D'Amours – Matane – Reconstruction","Le projet vise une reconstruction complète du barrage Mathieu-D'Amours, situé au centre-ville de Matane dû à la dernière étude d'évaluation de la sécurité qui a démontré que le barrage ne respecte pas l'ensemble des normes minimales de sécurité.",,,,,,"En planification","Mars 2020
Le projet a été autorisé à l'étape « En planification ».","Ministre de l'Environnement, de la Lutte contre les changements climatiques, de la Faune et des Parcs","Ministère de l'Environnement, de la Lutte contre les changements climatiques, de la Faune et des Parcs","Ministère de l'Environnement, de la Lutte contre les changements climatiques, de la Faune et des Parcs","Environnement","Économie et environnement","01 – Bas-Saint-Laurent","Barrage Mathieu-D'Amours","Matane","Reconstruction"
"73","Usine de biométhanisation – Montréal – Construction","Le projet consiste en la mise en place de deux installations, une de biométhanisation et une de compostage, à implanter à proximité du lieu où sont générées les matières, afin d'en limiter le transport. Des réflexions sont en cours en ce qui concerne le déploiement d'une troisième installation de traitement des matières organiques lors d'une seconde phase d'implantation. Ces installations serviront une partie de la population ainsi que plusieurs industries, commerces et institutions de l'agglomération de Montréal.
Les produits qui résultent de la biométhanisation, un traitement par digestion anaérobie, sont le biogaz, un carburant renouvelable qui se substituera au carburant ou au combustible fossile, et le digestat. Celui-ci pourra être épandu directement dans les champs comme fertilisant ou acheminé vers une plateforme de compostage le temps qu'il arrive à maturation pour qu'on en produise du compost.
Le projet vise à diminuer la quantité de matières organiques destinées à l'élimination afin de favoriser la réalisation des objectifs environnementaux prévus dans la Politique québécoise de gestion des matières résiduelles et à réduire les émissions de gaz à effet de serre en vue de contribuer à l'atteinte des objectifs québécois de lutte contre les changements climatiques.
",349.70,68.50,281.20,,2023-12-31,"En réalisation","Mars 2023
La modification de la date de la mise en service complète a été autorisée. Initialement prévue en mars 2023, elle est reportée à décembre 2023.
Mars 2022
Le projet a été autorisé à l'étape « En réalisation ».
Mars 2018
Le projet a été autor","Ministre de l'Environnement, de la Lutte contre les changements climatiques, de la Faune et des Parcs","Ville de Montréal","Ville de Montréal","Environnement","Économie et environnement","06 – Montréal","Usine de biométhanisation","Montréal","Construction"
"74","Usine de biométhanisation – Québec – Construction","Le projet consiste en la mise en place d'installations de biométhanisation qui serviront 26 municipalités de la Communauté métropolitaine de Québec. Le centre de biométhanisation recevra et traitera les résidus organiques putrescibles générés par les résidences, les industries, les commerces et les institutions ainsi que les boues des stations d'épuration des eaux usées.Les produits qui résultent de la biométhanisation, un traitement par digestion anaérobie, sont le biogaz, un carburant renouvelable qui se substituera au carburant ou au combustible fossile, et le digestat, qui pourra être épandu directement dans les champs comme fertilisant.
Le projet vise à diminuer la quantité de matières organiques destinées à l'élimination afin de favoriser la réalisation des objectifs environnementaux prévus dans la Politique québécoise de gestion des matières résiduelles et à réduire les émissions de gaz à effet de serre en vue de contribuer à l'atteinte des objectifs québécois de lutte contre les changements climatiques.",217.80,43.60,174.20,,2023-07-31,"En réalisation","Mars 2023
La modification de la date de la mise en service complète a été autorisée. Prévue en décembre 2022, la mise en service est reportée à juillet 2023.
Mars 2022
La modification de la date de la mise en service a été autorisée. Initialement prévu","Ministre de l'Environnement, de la Lutte contre les changements climatiques, de la Faune et des Parcs","Ville de Québec","Ville de Québec","Environnement","Économie et environnement","03 – Capitale-Nationale","Usine de biométhanisation","Québec","Construction"
"732","Usine de biométhanisation – Varennes – Agrandissement","Le projet consiste en l'agrandissement du centre de traitement des matières organiques par biométhanisation, situé dans le parc industriel Novoparc de Varennes. L'installation valorisera des résidus organiques putrescibles d'origine résidentielle ainsi qu'industrielle, commerciale et institutionnelle (ICI). Le projet vise à réduire la quantité de matières organiques destinées à l'élimination des déchets afin de favoriser la réalisation des objectifs environnementaux prévus dans la Politique québécoise de gestion des matières résiduelles. Il vise à réduire également les émissions de gaz à effet de serre afin de contribuer à l'atteinte des objectifs québécois de lutte contre les changements climatiques.",99.70,40.00,59.70,,2023-12-31,"En réalisation","Mars 2023
Une hausse de 9,2 M$ au coût du projet a été autorisée. Initialement prévu 90,5 M$, le coût est maintenant de 99,7 M$. Ainsi, la contribution du Québec passe de 30,2 M$ à 40,0 M$ et celle des partenaires demeure à 59,7 M$.
Mars 2022
Le projet","Ministre de l'Environnement, de la Lutte contre les changements climatiques, de la Faune et des Parcs","Société d'Économie Mixte de l'Est de la Couronne Sud inc.","Société d'Économie Mixte de l'Est de la Couronne Sud inc.","Environnement","Économie et environnement","16 – Montérégie","Usine de biométhanisation","Varennes","Agrandissement"
"733","Usine de biométhanisation – Saint-Étienne-des-Grès – Construction","Le projet consiste en la mise en place des installations de biométhanisation dans le secteur de la Mauricie, plus précisément dans la municipalité de Saint-Étienne-des-Grès, afin de valoriser l'ensemble des résidus organiques putrescibles générés par la population, c'est-à-dire d'origine résidentielle des municipalités régionales de comté de Maskinongé, de Mékinac et des Chenaux. Les produits résultant de la biométhanisation, un traitement par digestion anaérobie, sont le biogaz, un carburant renouvelable qui remplacera le combustible fossile, et le digestat qui pourront être utilisés par les citoyens et en horticulture. Le projet vise à réduire la quantité de matières organiques destinées à l'élimination des déchets afin de favoriser la réalisation des objectifs environnementaux prévus dans la Politique québécoise de gestion des matières résiduelles. Il vise à réduire également les émissions de gaz à effet de serre afin de contribuer à l'atteinte des objectifs québécois de lutte contre les changements climatiques.",52.90,22.70,30.20,,2024-08-31,"En réalisation","Mars 2023
Une modification à la stratégie de financement a été autorisée. Ainsi, la contribution du Québec passe de 16,5 M$ à 22,7 M$ et celle des partenaires, de 36,4 M$ à 30,2 M$. Le coût approuvé du projet demeure le même à 52,9 M$.
Mars 2022
Le pro","Ministre de l'Environnement, de la Lutte contre les changements climatiques, de la Faune et des Parcs","Énercycle","Énercycle","Environnement","Économie et environnement","04 – Mauricie","Usine de biométhanisation","Saint-Étienne-des-Grès","Construction"
"943","Centre de compostage régional du Haut-Richelieu – Saint-Jean-sur-Richelieu – Construction","Le projet consistait en la construction d'une installation de compostage fermée qui traite les résidus alimentaires et verts qui sont produits par la population, les industries, les commerces et les institutions. Le bâtiment fermé permet le traitement de l'air vicié par un biofiltre muni d'une cheminée. Le produit qui résulte du compostage, un traitement biologique en aérobie, est le compost. Celui-ci est distribué aux citoyens, aux municipalités et aux agriculteurs en fonction de leurs besoins.
Le projet visait à diminuer la quantité de matières organiques destinées à l'élimination des déchets afin de favoriser la réalisation des objectifs environnementaux prévus dans la Politique québécoise de gestion des matières résiduelles et à réduire les émissions de gaz à effet de serre en vue de contribuer à l'atteinte des objectifs québécois de lutte contre les changements climatiques.",53.60,21.20,32.40,,2022-12-31,"En service","Mars 2023
Mise en service complète de l'infrastructure au cours de l'année financière 2022-2023. Le projet sera retiré du Tableau de bord lors de la prochaine mise à jour annuelle.
Mars 2022
Le projet a été autorisé à l'étape « En réalisation ».","Ministre de l'Environnement, de la Lutte contre les changements climatiques, de la Faune et des Parcs","Compo-Haut-Richelieu Inc. ","Compo-Haut-Richelieu Inc. ","Environnement","Économie et environnement","16 – Montérégie","Centre de compostage régional du Haut-Richelieu","Saint-Jean-sur-Richelieu ","Construction"
"998","Parc olympique, hall est du stade – Montréal – Réfection et réaménagement","Le projet consiste à assurer la réfection des infrastructures du hall est du stade en les mettant aux normes et à réaménager l'espace afin de permettre la tenue d'activités commerciales, de réduire les coûts d'exploitation et d'augmenter la valeur d'usage du hall.",,,,,,"En planification","Mars 2023
Le projet a été autorisé à l'étape « En planification ».","Ministre du Tourisme","Parc olympique","Parc olympique","Tourisme et activités récréatives","Économie et environnement","06 – Montréal","Parc olympique","Montréal","Réfection et réaménagement"
"464","Centre régional de traitement des dépendances – Kuujjuaq – Construction","Le centre régional de rétablissement Isuarsivik souhaite procéder à la construction d'un centre de réadaptation à l'intérieur des limites municipales du village nordique de Kuujjuaq. Le projet offre à la population Nunavikoise une infrastructure qui répond à ses besoins en matière de services résidentiels de rétablissement pour les dépendances.",42.10,10.00,32.10,,2023-03-31,"En service","Mars 2023
Une baisse de 2,3 M$ au coût du projet a été autorisée. Initialement prévu à 44,4 M$, le coût est maintenant de 42,1 M$. Ainsi, la contribution du Québec passe de 12,4 M$ à 10,0 M$ et celle des partenaires, de 32,0 M$ à 32,1 M$. De plus, la mod","Ministre responsable des Relations avec les Premières Nations et les Inuit","Centre régional de rétablissement Isuarsivik","Société du Plan Nord","Administration gouvernementale","Gouverne et justice","10 – Nord-du-Québec","Centre régional de traitement des dépendances","Kuujjuaq","Construction"
"1017","Centre d'hébergement alternatif, 32 logements – Sept-Îles – Construction","Le projet vise la construction d'un bâtiment de 32 logements. En plus des logements, les espaces communautaires ci-dessous, déterminés en fonction des besoins des étudiants, sont prévus :
•Une salle polyvalente;
•Des espaces de travail collaboratif pour les étudiants;
•Un bureau d'intervention;
•Une cuisine collective;
•Des aires de jeu et des aménagements extérieurs pour activités culturelles;
•Un centre de la petite enfance (CPE) de 29 places;
•Une salle de jeux pour les enfants.",26.10,9.20,16.90,,2023-09-30,"En réalisation","Mars 2023
Le projet a été autorisé à l'étape « En réalisation ».","Ministre de l'Enseignement supérieur","Société immobilière du regroupement des centres d'amitié autochtones du Québec","Société immobilière du regroupement des centres d'amitié autochtones du Québec","Enseignement supérieur","Éducation et culture","09 – Côte-Nord","Centre d'hébergement alternatif","Sept-Îles","Construction"
"1018","Centre d'hébergement alternatif, 90 logements – Québec – Construction","Le projet vise la construction d'un bâtiment de 90 logements. En plus des logements, les espaces communautaires ci-dessous, déterminés en fonction des besoins des étudiants, sont prévus :
•Une salle polyvalente;
•Des espaces de travail collaboratif pour les étudiants;
•Un salon;
•Une cuisine collective;
•Une salle d'activités physiques;
•Des aires de jeu et des aménagements extérieurs pour activités culturelles;
•Un centre de la petite enfance (CPE) de 80 places;
•Un café/dépanneur;
•Des bureaux administratifs;
•Une clinique santé.",,,,,,"En planification","Mars 2023
Le projet a été autorisé à l'étape « En planification ».","Ministre de l'Enseignement supérieur","Société immobilière du regroupement des centres d'amitié autochtones du Québec","Société immobilière du regroupement des centres d'amitié autochtones du Québec","Enseignement supérieur","Éducation et culture","03 – Capitale-Nationale","Centre d'hébergement alternatif","Québec","Construction"
"940","Port de Valleyfield, entrepôts et quai – Construction et réaménagement","Le projet consiste essentiellement en la construction d'un entrepôt, au réaménagement d'un quai et d'un entrepôt existant ainsi qu'en l'acquisition d'équipements de transport (barge, remorqueur, navires, conteneurs) et d'équipements de manutention (grue mobile, chargeur, excavatrice et camions).",,,,,,"En planification","Mars 2022
Le projet a été autorisé à l'étape « En planification ».","Ministre des Transports et de la Mobilité durable","Société du port de Valleyfield","Société du port de Valleyfield","Transports maritime, aérien, ferroviaire et autres","Économie et environnement","16 – Montérégie","Port de Valleyfield","Valleyfield","Construction et réaménagement"
"117","Pôle logistique – Vaudreuil-Soulanges – Bonification","Le projet vise à implanter un grand parc logistique multimodal capable d'attirer les centres de distribution de grandes entreprises et à favoriser le transport des marchandises, et ce, afin de mieux positionner le Québec dans l'axe du corridor de commerce Québec-Ontario et du Mid-Ouest américain.",,,,,,"À l'étude","Mai 2014
Le projet a été autorisé à l'étape « À l'étude ».","Ministre des Transports et de la Mobilité durable","Ministère des Transports et de la Mobilité durable","Ministère des Transports et de la Mobilité durable","Transports maritime, aérien, ferroviaire et autres","Économie et environnement","16 – Montérégie","Pôle logistique","Vaudreuil-Soulanges","Bonification"
"641","Réseau ferroviaire, pont – Dolbeau-Mistassini – Construction","Le projet vise la construction d'un pont ferroviaire au-dessus de la rivière Mistassini permettant de prolonger le tronçon ferroviaire qui relie Normandin à Dolbeau-Mistassini, de connecter le parc industriel régional au réseau ferroviaire Nord-Américain et ainsi fournir une meilleure accessibilité aux projets de développement liés au Plan Nord.",,,,,,"En planification","Mars 2021
Le projet a été autorisé à l'étape « En planification ».","Ministre des Transports et de la Mobilité durable","Régie intermunicipale du Parc industriel de la MRC de Maria-Chapdelaine","Régie intermunicipale du Parc industriel de la MRC de Maria-Chapdelaine","Transports maritime, aérien, ferroviaire et autres","Économie et environnement","02 – Saguenay–Lac-Saint-Jean","Pont ferroviaire","Dolbeau-Mistassini","Construction"
"841","Espace bleu de la Capitale-Nationale – Québec – Réaménagement","Le projet consiste en la mise en activité de l'Espace bleu de la Capitale-Nationale dans le pavillon Camille-Roy du Séminaire de Québec. Le montant autorisé servira à la restauration du bâtiment et à son réaménagement pour y accueillir le public. Cet Espace bleu fait office de tête du Réseau des Espaces bleus et offre une programmation bonifiée.",49.80,47.30,2.50,,2025-05-31,"En réalisation","Mars 2023
La modification de la date de la mise en service complète a été autorisée. Initialement prévue en juin 2023, elle est reportée à mai 2025.
Juillet 2021
Le projet a été autorisé à l'étape « En réalisation ».","Ministre de la Culture et des Communications","Ministère de la Culture et des Communications","Ministère de la Culture et des Communications","Culture","Éducation et culture","03 – Capitale-Nationale","Espace bleu de la Capitale-Nationale","Québec","Réaménagement"
"842","Espace bleu de la Gaspésie – Percé – Réfection, agrandissement et réaménagement","Le projet consiste en la mise en activité de l'Espace bleu de la Gaspésie dans la Villa Frederick-James de Percé acquise par le Musée de la civilisation. Le montant autorisé servira à la sauvegarde du bâtiment par son déménagement, sa restauration, son agrandissement au sous-sol et son réaménagement pour y accueillir le public.",20.80,20.80,0.00,,2024-01-31,"En réalisation","Mars 2023
La modification de la date de la mise en service complète a été autorisée. Initialement prévue en juin 2023, elle est reportée à janvier 2024.
Janvier 2022
Le projet a été autorisé à l'étape « En réalisation ».","Ministre de la Culture et des Communications","Ministère de la Culture et des Communications","Ministère de la Culture et des Communications","Culture","Éducation et culture","11 – Gaspésie–Îles-de-la-Madeleine","Espace bleu de la Gaspésie","Percé","Réfection, agrandissement et réaménagement"
"999","Parc olympique, terrasse du toit de la Tour – Montréal – Réaménagement","Le projet consiste à réaménager l'extérieur du toit de la Tour et à donner accès au toit-terrasse ainsi qu'à ses installations. Le projet permettra d'accroître l'achalandage touristique.",26.60,26.60,0.00,,2024-10-20,"En réalisation","Mars 2023
Le projet a été autorisé à l'étape « En réalisation ».","Ministre du Tourisme","Parc olympique","Parc olympique","Tourisme et activités récréatives","Économie et environnement","06 – Montréal","Parc olympique","Montréal","Réaménagement"
"844","Espace bleu de Charlevoix – Baie-Saint-Paul – Acquisition et réaménagement","Le projet consiste en la mise en activité de l'Espace bleu de Charlevoix dans une partie de la maison mère des Petites Franciscaines de Marie, à Baie-Saint-Paul. Le montant autorisé servira à l'acquisition du bâtiment qui sera réaménagé pour y accueillir le public.",,,,,,"En planification","Juillet 2021
Le projet a été autorisé à l'étape « En planification ».","Ministre de la Culture et des Communications","Ministère de la Culture et des Communications","Ministère de la Culture et des Communications","Culture","Éducation et culture","03 – Capitale-Nationale","Espace bleu de Charlevoix","Baie-Saint-Paul","Acquisition et réaménagement"
"886","Musée national des beaux-arts du Québec, Espace Riopelle – Québec – Agrandissement","Dans le cadre de la réalisation du projet Espace Riopelle, le Gouvernement du Québec, la Fondation Jean Paul Riopelle et ses fondateurs ainsi que le Musée national des beaux-arts du Québec (MNBAQ) et sa Fondation s'unissent pour concevoir un partenariat inédit visant à doter le Québec d'une vitrine internationale en hommage à Jean Paul Riopelle en vue du centenaire de sa naissance en 2023. Le projet vise à créer un espace de diffusion permanent dédié à l'artiste par un agrandissement du pavillon central du complexe muséal du MNBAQ. Le projet a fait l'objet d'un concours d'architecture.",,,,,,"En planification","Mars 2022
Le projet a été autorisé à l'étape « En planification ».","Ministre de la Culture et des Communications","Musée national des beaux-arts du Québec","Musée national des beaux-arts du Québec","Culture","Éducation et culture","03 – Capitale-Nationale","Musée national des beaux-arts du Québec","Québec","Agrandissement"
"463","Centre des collections et de conservation de Montréal – Construction","La Bibliothèque et Archives nationales du Québec, en collaboration avec le Musée d'art contemporain de Montréal et le Musée des beaux-arts de Montréal, planifie la réalisation d'un centre pour doter Montréal d'un pôle de conservation unique qui garantira la protection, la sauvegarde et la longévité de l'héritage et de la mémoire collective du Québec. Le projet commun fournira également l'espace requis par les deux musées pour répondre à leur mission de conservation de l'art québécois, et ce, jusqu'en 2025.",,,,,,"En planification","Mars 2020
Le projet a été autorisé à l'étape « En planification ».","Ministre de la Culture et des Communications","Bibliothèque et Archives nationales du Québec","Société québécoise des infrastructures","Culture","Éducation et culture","06 – Montréal","Centre des collections et de conservation de Montréal","Montréal","Construction"
"563","Réseau des Espaces bleus – Régions administratives du Québec – Construction ","Ce projet vise à faire rayonner et à valoriser, de concert avec les acteurs régionaux, l'identité et le patrimoine québécois dans le cadre d'un réseau de pôles culturels et touristiques constitué de bâtiments patrimoniaux requalifiés répartis à travers les régions du Québec. Il proposera aux visiteurs une expérience culturelle à forte teneur numérique qui mise sur les éléments régionaux de fierté.",,,,,,"En planification","Mars 2022
Ce projet s'est déployé en quatre projets locaux « Espace bleu » soit les projets 841, 842, 843 et 844 qui sont publiés au Tableau de bord.
D'autres projets locaux « Espace bleu » sont à venir.
Mars 2021
Le projet a été autorisé à l'étape « ","Ministre de la Culture et des Communications","Ministère de la Culture et des Communications","Ministère de la Culture et des Communications","Culture","Éducation et culture","Plusieurs régions du Québec","Réseau des Espaces bleus","Plusieurs régions du Québec","Construction"
"171","Métro de Montréal, programme Réno-Systèmes (phase V) – Maintien et bonification","Le programme Réno-Systèmes vise le remplacement, la construction ou la remise à neuf d'équipements fixes directement liés à l'exploitation du métro de Montréal. Les catégories concernées sont les installations motorisées (escaliers mécaniques, ventilation), les équipements de voie, l'équipement d'énergie d'exploitation et de contrôle des trains ainsi que les systèmes de télécommunication et de contrôle des procédés d'exploitation. La phase III de ce projet correspond au projet « 37 - Métro de Montréal, programme Réno-Systèmes (phase III) – Maintien et bonification » et la phase IV de ce projet correspond au projet « 172 - Métro de Montréal, programme Réno-Systèmes (phase IV) – Maintien et bonification » du Tableau de bord.",805.40,630.90,174.50,,2027-12-31,"En réalisation","Mars 2023
Une modification à la stratégie de financement a été autorisée. Ainsi, la contribution du Québec passe de 562,2 M$ à 630,9 M$ et celle des partenaires, de 243,2 M$ à 174,5 M$. Le coût approuvé du projet demeure le même à 805,4 M$. De plus, la m","Ministre des Transports et de la Mobilité durable","Société de transport de Montréal","Société de transport de Montréal","Transport collectif","Économie et environnement","06 – Montréal","Métro de Montréal","Montréal","Maintien et bonification"
"172","Métro de Montréal, programme Réno-Systèmes (phase IV) – Maintien et bonification","Le programme Réno-Systèmes vise le remplacement, la construction ou la remise à neuf d'équipements fixes directement liés à l'exploitation du métro. Les catégories concernées sont les installations motorisées (escaliers mécaniques, ventilation et ascenseurs), les équipements de voie, l'équipement d'énergie d'exploitation et de contrôle des trains ainsi que les systèmes de télécommunication et de contrôle des procédés d'exploitation. La phase III de ce projet correspond au projet « 37 - Métro de Montréal, programme Réno-Systèmes (phase III) – Maintien et bonification » et la phase V de ce projet correspond au projet « 171 - Métro de Montréal, programme Réno-Systèmes (phase V) – Maintien et bonification » du Tableau de bord.",582.50,391.80,190.70,2016-02-01,2025-06-01,"En service","Mars 2022
Une hausse de 12,5 M$ au coût du projet a été autorisée. Initialement prévu à 570,0 M$, le coût est maintenant de 582,5 M$. Ainsi, la contribution du Québec passe de 394,1 M$ à 391,8 M$ et celle des partenaires, de 175,9 M$ à 190,7 M$. De plus,","Ministre des Transports et de la Mobilité durable","Société de transport de Montréal","Société de transport de Montréal","Transport collectif","Économie et environnement","06 – Montréal","Métro de Montréal","Montréal","Maintien et bonification"
"173","Métro de Montréal, programme Réno-Infrastructures (phase III) – Maintien et bonification","Le programme Réno-Infrastructures concerne le remplacement ou la réfection d'infrastructures du métro en fin de vie utile. Ce programme vise à maintenir la fiabilité, l'état, la disponibilité et la sécurité du réseau du métro tout en réduisant le déficit de maintien d'actifs. La phase II de ce projet correspond au projet « 174 - Métro de Montréal, programme Réno-Infrastructures (phase II) – Maintien et bonification » du Tableau de bord.",504.00,406.00,98.00,,2026-03-31,"En réalisation","Mars 2023
Une modification à la stratégie de financement a été autorisée. Ainsi, la contribution du Québec passe de 362,1 M$ à 406,0 M$ et celle des partenaires, de 141,9 M$ à 98,0 M$. Le coût approuvé du projet demeure le même à 504,0 M$.
Mars 2022
Le","Ministre des Transports et de la Mobilité durable","Société de transport de Montréal","Société de transport de Montréal","Transport collectif","Économie et environnement","06 – Montréal","Métro de Montréal","Montréal","Maintien et bonification"
"174","Métro de Montréal, programme Réno-Infrastructures (phase II) – Maintien et bonification","Le programme Réno-Infrastructures concerne le remplacement ou la réfection d'infrastructures du métro en fin de vie utile. Ce programme vise à maintenir la fiabilité, l'état, la disponibilité et la sécurité du réseau du métro tout en réduisant le déficit de maintien d'actifs. La phase III de ce projet correspond au projet « 173 - Métro de Montréal, programme Réno-Infrastructures (phase III) – Maintien et bonification » du Tableau de bord.",303.30,211.10,92.20,2017-11-01,2023-12-31,"En service","Mars 2022
Une hausse de 3,3 M$ au coût du projet a été autorisée. Initialement prévu à 300,0 M$, le coût est maintenant de 303,3 M$. Ainsi, la contribution du Québec passe de 211,8 M$ à 211,1 M$ et celle des partenaires, de 88,2 M$ à 92,2 M$.
Mars 2021","Ministre des Transports et de la Mobilité durable","Société de transport de Montréal","Société de transport de Montréal","Transport collectif","Économie et environnement","06 – Montréal","Métro de Montréal","Montréal","Maintien et bonification"
"175","Garage Côte-Vertu de la STM – Montréal – Construction","Le projet consistait en la construction d'un garage souterrain et d'un tunnel de raccordement à l'arrière-gare de la station Côte-Vertu, ce qui permet l'hébergement de dix trains supplémentaires, sur le réseau du métro, et l'amélioration de l'exploitation de la ligne orange.",521.10,327.30,193.80,,2022-03-01,"En service","Mars 2022
La mise en service complète de l'infrastructure a été autorisée au cours de l'année financière 2021-2022.
Septembre 2020
Une hausse de 81,8 M$ au coût du projet a été autorisée. Initialement prévu à 439,3 M$, le coût est maintenant de 521,1 M","Ministre des Transports et de la Mobilité durable","Société de transport de Montréal","Société de transport de Montréal","Transport collectif","Économie et environnement","06 – Montréal","Garage Côte-Vertu de la STM","Montréal","Construction"
"176","Métro de Montréal, voitures de métro MR-73 (phase I) – Maintien et bonification","Le projet consiste à prolonger la vie utile des voitures de métro MR-73 jusqu'à 60 ans tout en assurant la fiabilité et la disponibilité des équipements. La phase II de ce projet correspond au projet « 909 - Métro de Montréal, voitures de métro MR-73 (phase II) – Maintien et bonification » du Tableau de bord.",69.00,56.70,12.30,2013-09-01,2024-12-31,"En service","Mars 2023
Une hausse de 6,6 M$ au coût du projet ainsi qu'une modification à la stratégie de financement ont été autorisées. Prévu à 62,4 M$, le coût est maintenant de 69,0 M$. Ainsi, la contribution du Québec passe de 44,7 M$ à 56,7 M$ et celle des part","Ministre des Transports et de la Mobilité durable","Société de transport de Montréal","Société de transport de Montréal","Transport collectif","Économie et environnement","06 – Montréal","Métro de Montréal","Montréal","Maintien et bonification"
"181","Réseau structurant de transport en commun de la Ville de Québec – Construction","Le projet de réseau structurant de transport en commun de la Ville de Québec vise à mettre en place un réseau qui favorisera une mobilité durable des citoyennes et des citoyens, qui encouragera le transfert modal, qui répondra à la demande à long terme et qui pourra s'insérer dans le milieu urbain.",,,,,,"En planification","Mars 2018
Le projet a été autorisé à l'étape « En planification ».","Ministre des Transports et de la Mobilité durable","Ville de Québec","Ville de Québec","Transport collectif","Économie et environnement","03 – Capitale-Nationale","Infrastructure de transport collectif","Québec","Construction"
"191","Métro de Montréal, programme Accessibilité des stations (phase I) – Bonification","Le programme accessibilité des stations de métro permet d'accélérer le déploiement de l'accessibilité universelle du réseau du métro. 
Ce programme vise à : 
• Améliorer les infrastructures physiques du métro
• Faciliter les déplacements verticaux
• Fidéliser davantage la clientèle
• Améliorer le service à la clientèle
La phase II de ce projet correspond au projet « 220 - Métro de Montréal, programme Accessibilité des stations (phase II) – Bonification » du Tableau de bord.",405.80,303.70,102.10,2019-11-01,2025-12-01,"En service","Mars 2023
Une hausse de 44,0 M$ au coût du projet a été autorisée. Prévu à 361,8 M$, le coût est maintenant de 405,8 M$. Ainsi, la contribution du Québec passe de 266,1 M$ à 303,7 M$ et celle des partenaires, de 95,7 M$ à 102,1 M$. De plus, la modificati","Ministre des Transports et de la Mobilité durable","Société de transport de Montréal","Société de transport de Montréal","Transport collectif","Économie et environnement","06 – Montréal","Métro de Montréal","Montréal","Bonification"
"489","Musée d'art contemporain de Montréal – Agrandissement et réaménagement","Le projet de transformation du Musée d’art contemporain de Montréal vise un agrandissement de 5 000 m² et le réaménagement des espaces existants afin de doubler la superficie consacrée à l’exposition d’œuvres et à augmenter celle de l’espace jeunesse, tout en facilitant l’accès et en bonifiant l’expérience muséale par l’amélioration et le repositionnement des services connexes.",116.50,55.00,61.50,,2028-01-31,"En réalisation","Juin 2023
Une hausse de 59,5 M$ au coût du projet a été autorisée. Initialement prévu à 57,0 M$, le coût est maintenant de 116,5 M$. Ainsi, la contribution du Québec passe de 30,0 M$ à 55,0 M$ et celle des partenaires, de 27,0 M$ à 61,5 M$. De plus, une ","Ministre de la Culture et des Communications","Musée d'art contemporain de Montréal conjointement avec la Société de la Place des arts de Montréal","Société québécoise des infrastructures","Culture","Éducation et culture","06 – Montréal","Musée d'art contemporain de Montréal ","Montréal","Agrandissement et réaménagement"
"221","Mesures prioritaires pour le transport collectif sur le boulevard Guillaume-Couture – Lévis – Aménagement","Le projet prévoit l’implantation de mesures prioritaires pour le transport collectif. Il a pour objectif de favoriser une mobilité durable et d’améliorer la fluidité de la circulation. Il vise principalement la mise en place de voies réservées au transport collectif, au covoiturage et aux taxis afin de permettre une plus grande fluidité pour tous les usagers près des principaux pôles de déplacements situés sur l’axe du boulevard Guillaume-Couture.",149.10,82.10,67.00,2025-08-30,2027-06-30,"En réalisation","Juin 2023
Une hausse de 36,7 M$ au coût du projet a été autorisée. Initialement prévu à 112,4 M$, le coût est maintenant de 149,1 M$. Ainsi, la contribution du Québec passe de 51,1 M$ à 82,1 M$ et celle des partenaires, de 61,3 M$ à 67,0 M$. De plus, une","Ministre des Transports et de la Mobilité durable","Société de transport de Lévis","Société de transport de Lévis","Transport collectif","Économie et environnement","12 – Chaudière-Appalaches","Infrastructure de transport collectif - boulevard Guillaume-Couture","Lévis","Aménagement"
"41","HEC Montréal, édifice Hélène-Desmarais – Montréal – Construction","Le projet consiste en la construction d’un pavillon au centre-ville de Montréal, sur le site de la basilique Saint-Patrick, afin de diminuer le déficit d’espace de HEC Montréal. 
Il s’agit de créer un complexe intégré d’enseignement et de recherche qui offrira un environnement interdisciplinaire et d’échanges uniques entre la communauté universitaire, les travailleuses et travailleurs et le milieu des affaires, ce qui assurera le développement stratégique de HEC Montréal.
L’envergure du nouveau bâtiment sera d’environ 28 400 m² bruts, incluant deux niveaux de stationnement au sous-sol.",235.20,108.50,126.70,,2023-08-31,"En réalisation","Juillet 2023
Une modification de la date de mise en service complète de l’infrastructure a été autorisée. Prévue en mars 2022, elle est reportée à août 2023.
Juillet 2019
Une hausse de 52,1 M$ au coût du projet a été autorisée. Initialement prévu à 183","Ministre de l'Enseignement supérieur; Ministre de l'Économie, de l'Innovation et de l'Énergie","HEC Montréal","HEC Montréal en association avec la Société québécoise des infrastructures","Enseignement supérieur","Éducation et culture","06 – Montréal","HEC Montréal","Montréal","Construction"
"988","École primaire des Passereaux du centre de services scolaire de Saint-Hyacinthe, immeuble Maurice-Jodoin – Reconstruction et agrandissement","L'école des Passereaux est composée de deux immeubles, soit Maurice-Jodoin et Jacques-Cartier. Le projet consiste en la démolition et la reconstruction de l'immeuble Maurice-Jodoin ayant anciennement une capacité de neuf classes. Il consiste également en un agrandissement par le remplacement d'une partie des classes de l'école Saint-Joseph démolie en 2020. Afin de réduire le déficit d'espace reconnu par le Ministère, six classes additionnelles sont prévues. Le nouvel immeuble Maurice-Jodoin aura une capacité de quinze classes. L'immeuble Jacques-Cartier a une capacité de onze classes. L'école primaire des Passereaux aura une capacité d'accueil totale de vingt-six classes.",,,,,,"En planification","Mai 2022
Le projet a été autorisé à l'étape « En planification ».","Ministre de l'Éducation","Centre de services scolaire de Saint-Hyacinthe","Centre de services scolaire de Saint-Hyacinthe","Éducation","Éducation et culture","16 – Montérégie","École primaire des Passereaux du centre de services scolaire de Saint-Hyacinthe, immeuble Maurice-Jodoin","Saint-Hyacinthe","Reconstruction et agrandissement"
"262","École secondaire de la Magdeleine du centre de services scolaire des Grandes-Seigneuries – La Prairie – Agrandissement et réaménagement","Le projet consiste en l'agrandissement et le réaménagement de l'école secondaire de la Magdeleine du centre de services scolaire des Grandes-Seigneuries à La Prairie. Afin de réduire le déficit d'espace reconnu par le Ministère, 816 places-élèves additionnelles sont prévues. Ainsi, la capacité d'accueil de l'école sera de 2 761 places-élèves.",,,,,,"En planification","Décembre 2019
Le projet a été autorisé à l'étape « En planification ».
Janvier 2019
Le projet a été autorisé à l'étape « À l'étude ».","Ministre de l'Éducation","Centre de services scolaire des Grandes-Seigneuries","Société québécoise des infrastructures","Éducation","Éducation et culture","16 – Montérégie","École secondaire de la Magdeleine du centre de services scolaire des Grandes-Seigneuries","La Prairie","Agrandissement et réaménagement"
"293","École secondaire du centre de services scolaire des Premières-Seigneuries – Québec (arrondissement de Charlesbourg) – Construction","Le projet consiste en la construction d'une école secondaire sur le territoire du centre de services scolaire des Premières-Seigneuries à Québec, dans l'arrondissement de Charlesbourg. Afin de réduire le déficit d'espace reconnu par le Ministère, 1 256 places-élèves seront construites.",174.40,174.40,0.00,,2024-09-30,"En réalisation","Mars 2022
Une hausse de 8,1 M$ au coût du projet a été autorisée. Initialement prévu à 166,3 M$, le coût est maintenant de 174,4 M$.
Mars 2021
Le projet a été autorisé à l'étape « En réalisation ».
Décembre 2019
Le projet a été autorisé à l'étape « E","Ministre de l'Éducation","Centre de services scolaire des Premières-Seigneuries","Société québécoise des infrastructures","Éducation","Éducation et culture","03 – Capitale-Nationale","École secondaire du centre de services scolaire des Premières-Seigneuries","Québec","Construction"
"294","École secondaire du centre de services scolaire Marguerite-Bourgeoys – Montréal (arrondissement de LaSalle) – Construction","Le projet consiste en la construction d'une école secondaire sur le territoire du centre de services scolaire Marguerite-Bourgeoys  à Montréal, dans l'arrondissement de LaSalle. Afin de réduire le déficit d'espace reconnu par le Ministère, 1 024 places-élèves seront construites.",153.90,153.10,0.80,,2023-09-01,"En réalisation","Mars 2022
Une hausse de 3,1 M$ au coût du projet a été autorisée. Initialement prévu à 150,8 M$, le coût est maintenant de 153,9 M$. Ainsi, la contribution du Québec passe de 150,8 M$ à 153,1 M$ et une contribution des partenaires de 0,8 M$ est maintenan","Ministre de l'Éducation","Centre de services scolaire Marguerite-Bourgeoys","Société québécoise des infrastructures","Éducation","Éducation et culture","06 – Montréal","École secondaire du centre de services scolaire Marguerite-Bourgeoys","Montréal","Construction"
"296","École secondaire du centre de services scolaire de la Pointe-de-l'Île – Montréal (arrondissement d'Anjou) – Construction","Le projet consiste en la construction d'une école secondaire sur le territoire du centre de services scolaire de la Pointe-de-l'Île à Montréal, dans l'arrondissement d'Anjou. Afin de réduire le déficit d'espace reconnu par le Ministère, 1 863 places-élèves seront construites.",242.40,242.40,0.00,,2024-09-30,"En réalisation","Mars 2022
Une hausse de 15,9 M$ au coût du projet a été autorisée. Initialement prévu à 226,5 M$, le coût est maintenant de 242,4 M$.
Mars 2021
Le projet a été autorisé à l'étape « En réalisation ».
Décembre 2019
Le projet a été autorisé à l'étape « ","Ministre de l'Éducation","Centre de services scolaire de la Pointe-de-l'Île","Société québécoise des infrastructures","Éducation","Éducation et culture","06 – Montréal","École secondaire du centre de services scolaire de la Pointe-de-l'Île","Montréal","Construction"
"297","École secondaire du centre de services scolaire de la Pointe-de-l'Île – Montréal (arrondissement de Montréal-Nord) – Construction","Le projet consiste en la construction d'une école secondaire sur le territoire du centre de services scolaire de la Pointe-de-l'Île à Montréal, dans l'arrondissement de Montréal-Nord. Afin de réduire le déficit d'espace reconnu par le Ministère, 1 706 places-élèves seront construites.",271.00,271.00,0.00,,2024-09-30,"En réalisation","Mars 2022
Une hausse de 20,8 M$ au coût du projet a été autorisée. Initialement prévu à 250,2 M$, le coût est maintenant de 271,0 M$.
Mars 2021
Le projet a été autorisé à l'étape « En réalisation ».
Décembre 2019
Le projet a été autorisé à l'étape « ","Ministre de l'Éducation","Centre de services scolaire de la Pointe-de-l'Île","Société québécoise des infrastructures","Éducation","Éducation et culture","06 – Montréal","École secondaire du centre de services scolaire de la Pointe-de-l'Île","Montréal","Construction"
"299","École secondaire du centre de services scolaire des Trois-Lacs – Saint-Zotique – Construction","Le projet consiste en la construction d'une école secondaire sur le territoire du centre de services scolaire des Trois-Lacs, à Saint-Zotique. Afin de réduire le déficit d'espace reconnu par le Ministère, 1 256 places-élèves seront construites.",155.40,155.10,0.30,,2023-06-30,"En réalisation","Mars 2022
Une baisse de 18,9 M$ au coût du projet a été autorisée. Initialement prévu à 174,3 M$, le coût est maintenant de 155,4 M$. Ainsi, la contribution du Québec passe de 174,0 M$ à 155,1 M$ et celle des partenaires demeure à 0,3 M$.
Mars 2021
Le ","Ministre de l'Éducation","Centre de services scolaire des Trois-Lacs","Société québécoise des infrastructures","Éducation","Éducation et culture","16 – Montérégie","École secondaire du centre de services scolaire des Trois-Lacs","Saint-Zotique","Construction"
"300","École secondaire du centre de services scolaire des Trois-Lacs – Vaudreuil-Dorion – Construction","Le projet consiste en la construction d'une école secondaire sur le territoire du centre de services scolaire des Trois-Lacs, à Vaudreuil-Dorion. Afin de réduire le déficit d'espace reconnu par le Ministère, 1 256 places-élèves seront construites.",156.00,155.20,0.80,,2023-06-30,"En réalisation","Mars 2022
Une baisse de 12,3 M$ au coût du projet a été autorisée. Initialement prévu à 168,3 M$, le coût est maintenant de 156,0 M$. Ainsi, la contribution du Québec passe de 167,5 M$ à 155,2 M$ et celle des partenaires demeure à 0,8 M$.
Mars 2021
Le ","Ministre de l'Éducation","Centre de services scolaire des Trois-Lacs","Société québécoise des infrastructures","Éducation","Éducation et culture","16 – Montérégie","École secondaire du centre de services scolaire des Trois-Lacs","Vaudreuil-Dorion","Construction"
"301","École secondaire du centre de services scolaire des Mille-Îles – Mirabel – Construction","Le projet consiste en la construction d'une école secondaire d'une capacité d'accueil sur le territoire du centre de services scolaire des Mille-Îles à Mirabel, dans le secteur de Saint-Augustin. Afin de réduire le déficit d'espace reconnu par le Ministère, 1 280 places-élèves seront construites.",161.00,159.60,1.40,,2023-09-01,"En réalisation","Mars 2022
Une hausse de 11,0 M$ au coût du projet a été autorisée. Initialement prévu à 150,0 M$, le coût est maintenant de 161,0 M$. Ainsi, la contribution du Québec passe de 148,6 M$ à 159,6 M$ et celle des partenaires demeure à 1,4 M$. De plus, la mod","Ministre de l'Éducation","Centre de services scolaire des Mille-Îles","Société québécoise des infrastructures","Éducation","Éducation et culture","15 – Laurentides","École secondaire du centre de services scolaire des Mille-Îles","Mirabel","Construction"
"302","École secondaire du centre de services scolaire de la Rivière-du-Nord – Saint-Jérôme – Construction","Le projet consiste en la construction d'une école secondaire sur le territoire du centre de services scolaire de la Rivière-du-Nord, à Saint-Jérôme. Afin de réduire le déficit d'espace reconnu par le Ministère, 1 256 places-élèves seront construites.",156.40,156.40,0.00,,2023-09-30,"En réalisation","Mars 2022
Une baisse de 15,4 M$ au coût du projet a été autorisée. Initialement prévu à 171,8 M$, le coût est maintenant de 156,4 M$.
Mars 2021
Le projet a été autorisé à l'étape « En réalisation ».
Juin 2019
Le projet a été autorisé à l'étape « En p","Ministre de l'Éducation","Centre de services scolaire de la Rivière-du-Nord","Société québécoise des infrastructures","Éducation","Éducation et culture","15 – Laurentides","École secondaire du centre de services scolaire de la Rivière-du-Nord","Saint-Jérôme","Construction"
"303","École secondaire du centre de services scolaire des Affluents – Terrebonne – Construction","Le projet consiste en la construction d'une école secondaire sur le territoire du centre de services scolaire des Affluents, à Terrebonne. Afin de réduire le déficit d'espace reconnu par le Ministère, 1 256 places-élèves seront construites.",148.00,147.60,0.40,,2023-09-30,"En réalisation","Mars 2022
Une baisse de 16,4 M$ au coût du projet a été autorisée. Initialement prévu à 164,4 $, le coût est maintenant de 148,0 M$. Ainsi, la contribution du Québec passe de 163,8 M$ à 147,6 M$ et celle des partenaires, de 0,6 M$ à 0,4 M$.
Mars 2021
L","Ministre de l'Éducation","Centre de services scolaire des Affluents","Société québécoise des infrastructures","Éducation","Éducation et culture","14 – Lanaudière","École secondaire du centre de services scolaire des Affluents","Terrebonne","Construction"
"304","École secondaire du centre de services scolaire des Chênes – Drummondville – Construction","Le projet consiste en la construction d'une école secondaire sur le territoire du centre de services scolaire des Chênes, dans le secteur de Saint-Nicéphore. Afin de réduire le déficit d'espace reconnu par le Ministère, 1 256 places-élèves seront construites.",168.00,168.00,0.00,,2024-09-30,"En réalisation","Mars 2022
Une hausse de 24,3 M$ au coût du projet a été autorisée. Initialement prévu à 143,7 M$, le coût est maintenant de 168,0 M$.
Mars 2021
Le projet a été autorisé à l'étape « En réalisation ».
Décembre 2019
Le projet a été autorisé à l'étape « ","Ministre de l'Éducation","Centre de services scolaire des Chênes","Société québécoise des infrastructures","Éducation","Éducation et culture","17 – Centre-du-Québec","École secondaire du centre de services scolaire des Chênes","Drummondville","Construction"
"307","École secondaire du centre de services scolaire de Laval (secteur de Pont-Viau) – Construction","Le projet consiste en la construction d'une école secondaire à Laval, dans le secteur de Pont-Viau. Afin de réduire le déficit d'espace reconnu par le Ministère, 2 150 places-élèves seront construites.",229.50,229.50,0.00,,2023-09-01,"En réalisation","Mars 2022
Une baisse de 3,7 M$ au coût du projet a été autorisée. Initialement prévu à 233,2 M$, le coût est maintenant de 229,5 M$. De plus, la modification de la date de la mise en service a été autorisée. Initialement prévue en septembre 2022, elle es","Ministre de l'Éducation","Centre de services scolaire de Laval","Société québécoise des infrastructures","Éducation","Éducation et culture","13 – Laval","École secondaire du centre de services scolaire de Laval (secteur de Pont-Viau)","Laval","Construction"
"327","École secondaire Jacques-Leber du centre de services scolaire des Grandes-Seigneuries – Saint-Constant – Agrandissement et réaménagement","Le projet consiste en l'agrandissement et au réaménagement de l'école secondaire Jacques-Leber à Saint-Constant, sur le territoire du centre de services scolaire des Grandes-Seigneuries. Afin de réduire le déficit d'espace reconnu par le Ministère, 572 places-élèves additionnelles sont prévues. Ainsi, la capacité d'accueil de l'école sera de 1 188 places-élèves.",,,,,,"En planification","Décembre 2020
Le projet a été autorisé à l'étape « En planification ».","Ministre de l'Éducation","Centre de services scolaire des Grandes-Seigneuries","Société québécoise des infrastructures","Éducation","Éducation et culture","16 – Montérégie","École secondaire Jacques-Leber du centre de services scolaire des Grandes-Seigneuries","Saint-Constant","Agrandissement et réaménagement"
"368","École secondaire Académie Dunton du centre de services scolaire de Montréal – Agrandissement","Le projet consiste en l'agrandissement de l'école secondaire Académie Dunton du centre de services scolaire de Montréal. Afin de réduire le déficit d'espace reconnu par le Ministère, 554 places-élèves additionnelles sont prévues. Ainsi, la capacité d'accueil de l'école sera de 1 595 places-élèves.",,,,,,"En planification","Mars 2020
Le projet a été autorisé à l'étape « En planification ».","Ministre de l'Éducation","Centre de services scolaire de Montréal","Centre de services scolaire de Montréal","Éducation","Éducation et culture","06 – Montréal","École secondaire Académie Dunton du centre de services scolaire de Montréal","Montréal","Agrandissement"
"424","Station de traitement des eaux usées, usine de production d'oxygène – Montréal – Construction","Le projet consiste en la construction d'une usine de production d'oxygène, qui servira à alimenter les ozoneurs utilisés pour désinfecter l'eau à la station de traitement des eaux usées Jean-R.-Marcotte de Montréal.",32.10,13.70,18.40,,2025-06-30,"En réalisation","Mars 2023
La modification de la date de la mise en service complète a été autorisée. Initialement prévue en décembre 2023, elle est reportée à juin 2025.
Mars 2021
Un addenda au protocole d'entente, intervenu entre les parties, a été signé reportant la","Ministre des Affaires municipales","Ville de Montréal","Ville de Montréal","Municipalités","Économie et environnement","06 – Montréal","Station de traitement des eaux usées","Montréal","Construction"
"426","Réseau d'eau potable et d'eaux usées – Léry (secteur est) – Agrandissement et construction","La Ville de Léry désire offrir à ses citoyennes et à ses citoyens de l'est de la ville des services de distribution d'eau potable et de collecte des eaux usées. La Ville étudie actuellement la meilleure solution afin de répondre de façon optimale aux besoins de sa population.",30.40,20.30,10.10,,2025-04-01,"En réalisation","Mars 2023
La modification de la date de la mise en service complète a été autorisée. Initialement prévue en décembre 2023, elle est reportée à avril 2025.
Mars 2020
Le projet a été autorisé à l'étape « En réalisation ».","Ministre des Affaires municipales","Ville de Léry","Ville de Léry","Municipalités","Économie et environnement","16 – Montérégie","Réseau d'eau potable et d'eaux usées","Léry (secteur est)","Agrandissement et construction"
"491","Ouvrage de protection contre les inondations – Pointe-Calumet – Construction","Le projet consiste au rehaussement et au renforcement de digues à l'élévation de 25,7 mètres afin de prémunir la municipalité de Pointe-Calumet des risques d'inondation.",,,,,,"En planification","Mars 2020
Le projet a été autorisé à l'étape « En planification ».","Ministre des Affaires municipales","Municipalité de Pointe-Calumet","Municipalité de Pointe-Calumet","Municipalités","Économie et environnement","15 – Laurentides","Ouvrage de protection contre les inondations","Pointe-Calumet","Construction"
"905","École primaire du centre de services scolaire des Mille-Îles – Saint-Eustache – Reconstruction et agrandissement","Le projet consiste en la reconstruction et l'agrandissement d'une seule école à la suite de la démolition des écoles primaires Villages-des-Jeunes et Notre-Dame du centre de services scolaire des Mille-Îles à Saint-Eustache. Il est prévu que la nouvelle école aura une capacité d'accueil de vingt-huit classes.",,,,,,"En planification","Mars 2022
Le projet a été autorisé à l'étape « En planification ».","Ministre de l'Éducation","Centre de services scolaire des Mille-Îles","Centre de services scolaire des Mille-Îles","Éducation","Éducation et culture","15 – Laurentides","École primaire du centre de services scolaire des Mille-Îles ","Saint-Eustache","Reconstruction et agrandissement"
"907","École primaire-secondaire de New Carlisle de la commission scolaire Eastern Shores – Reconstruction","Le projet consiste en la démolition et la reconstruction de l'école primaire-secondaire de New Carlisle de la commission scolaire Eastern Shores. Il est prévu que la nouvelle école aura la même capacité que l'ancienne, soit six classes d'enseignement primaire et 145 places-élèves d'enseignement secondaire.",,,,,,"En planification","Mars 2022
Le projet a été autorisé à l'étape « En planification ».","Ministre de l'Éducation","Commission scolaire Eastern Shores","Commission scolaire Eastern Shores","Éducation","Éducation et culture","11 – Gaspésie–Îles-de-la-Madeleine","École secondaire de New Carlisle de la commission scolaire Eastern Shores","New Carlisle","Reconstruction"
"567","Grands parcs riverains de l'Île de Montréal – Réfection","Dans le réseau des grands parcs de la ville, des actions sur les berges jugées prioritaires ont été déterminées en fonction de la connaissance actuelle de l'état de dégradation et de la capacité d'intervention sur un horizon décennal. Au total, 10 km de berges seront réhabilités et sécurisés par des techniques mixtes de génie biologique.",,,,,,"En planification","Mars 2022
Le projet a été autorisé à l'étape « En planification ».","Ministre des Affaires municipales","Ville de Montréal","Ville de Montréal","Municipalités","Économie et environnement","06 – Montréal","Grands parcs riverains de l'île de Montréal","Montréal","Réfection"
"646","Réservoir Beaudet – Victoriaville – Réfection et construction","Les travaux consistent à mettre en place une réserve d'eau brute, d'un volume d'environ 120 000 m³, protégée des eaux du réservoir Beaudet avec deux prises d'eau distinctes. Le réservoir sera étanchéisé avec des digues en palplanches et une section de celui-ci sera draguée pour atteindre une profondeur d'eau de 2,1 m de façon à obtenir un volume d'eau brute suffisant pour faire face à une sécheresse importante. Le projet prévoit également la construction d'une infrastructure de déshydratation des sédiments et l'aménagement d'une zone de dépôt des sédiments avec un système de drainage dans le fond.",40.00,16.00,24.00,,2023-12-31,"En réalisation","Mars 2022
Le projet a été autorisé à l'étape « En réalisation ».
Mars 2021
Le projet a été autorisé à l'étape « En planification ».","Ministre des Affaires municipales","Ville de Victoriaville","Ville de Victoriaville","Municipalités","Économie et environnement","17 – Centre-du-Québec","Réservoir Beaudet","Victoriaville","Réfection et construction "
"648","Bassins de rétention des eaux usées (ouvrage Turcot) – Montréal – Construction","Ce projet consiste à construire un ouvrage de rétention structurel près des rues Notre-Dame et Angrignon, qui fournit des services essentiels aux systèmes d'eaux pluviales et d'eaux usées d'une capacité de 31 000 m³ dans des secteurs de la Ville de Montréal à forte densité de population et où l'imperméabilité du sol est significative. Dans un premier cas, une mise aux normes de la desserte collectrice de drainage du secteur de l'ancienne cour Turcot et ses abords, situés au sud de la future portion d'autoroute actuellement en construction, sera réalisée. Ce réservoir de rétention s'avère essentiel pour assurer à long terme une desserte collectrice qui respecte les normes et pour renforcer le collecteur Bas-Niveau construit en 1931, un des deux principaux collecteurs du bassin versant Saint-Pierre d'une superficie de près de 5 400 ha et qui couvre un territoire appréciable du sud-ouest de l'île de Montréal dont 5 arrondissements (Côte-des-Neiges/Notre-Dame-de-Grâce, Lachine, LaSalle, Saint-Laurent et Sud-Ouest) ainsi que 5 villes liées (Côte-St-Luc, Hampstead et Montréal-Ouest, Westmount). Cet ouvrage sera relié à un système de gestion automatisé permettant un suivi instrumenté des volumes d'eau dans les intercepteurs et permettant aux opérations de s'appuyer sur des prévisions météorologiques. Le projet vise à atténuer les risques d'inondation d'une fréquence d'une fois en moins de 10 ans, et vise la réduction des volumes de débordements d'environ 30 % basé sur une année de référence moyenne.",,,,,,"En planification","Mars 2021
Le projet a été autorisé à l'étape « En planification ».","Ministre des Affaires municipales","Ville de Montréal","Ville de Montréal","Municipalités","Économie et environnement","06 – Montréal","Bassins de rétention des eaux usées (ouvrage Turcot)","Montréal","Construction"
"649","Ouvrage de protection contre les inondations – Montréal (arrondissement de Pierrefonds-Roxboro) – Construction et acquisition","Émissaires
Mise en place de solutions de protection permanentes sur trois émissaires (émissaire Rive-Boisée, émissaire Marina Center et émissaire Jacques Bizard) par la construction de chambres avec vannes et/ou poutrelles ou mur de retenue avec plaques qui bloqueront l'entrée des eaux lorsque le niveau de la Rivière-des-Prairies sera trop élevé. Installation de pompes temporaires pour pomper et rediriger les eaux vers la rivière lors d'épisodes de pluie importants.
Milieux humides naturels
Protection et mise aux normes d'une infrastructure naturelle constituée de rares terres humides situées dans le secteur ouest de l'arrondissement de Pierrefonds-Roxboro. Des travaux de protection, de restauration et de mise aux normes seront réalisés afin de pérenniser l'infrastructure naturelle et augmenter sa capacité de rétention des crues printanières qui affectent les secteurs résidentiels voisins.
La protection de ces terres humides sera réalisée, notamment, par la création d'une vaste aire naturelle protégée, le grand parc de l'Ouest. Le projet nécessite l'acquisition de terrains pour protéger et améliorer l'infrastructure naturelle.",134.50,50.00,84.50,,2027-03-31,"En réalisation","Juin 2022
Le projet a été autorisé à l'étape « En réalisation ».
Mars 2021
Le projet a été autorisé à l'étape « En planification ».","Ministre des Affaires municipales","Ville de Montréal","Ville de Montréal","Municipalités","Économie et environnement","06 – Montréal","Ouvrage de protection contre les inondations","Montréal","Construction et acquisition"
"650","Ouvrage de rétention – Ruisseau Wabassee – Construction","En ayant comme objectif de se prémunir face à des événements de pluies importantes, ce projet consiste en la construction et la réhabilitation de quatre actifs structurels et trois actifs naturels au niveau du bassin versant du ruisseau Wabassee, comprenant un ouvrage de retenue et de rétention en terre, composé de digues à noyau argileux et muni d'un évacuateur de crue près de l'exutoire de l'ouvrage qui fournissent des services essentiels aux systèmes d'eaux pluviales et d'eaux usées.",,,,,,"En planification","Mars 2021
Le projet a été autorisé à l'étape « En planification ».","Ministre des Affaires municipales","Ville de Gatineau","Ville de Gatineau","Municipalités","Économie et environnement","07 – Outaouais","Ouvrage de rétention","Gatineau","Construction"
"651","Bassins de rétention des eaux usées (ouvrage Saint-Thomas) – Montréal – Construction","Un ouvrage de rétention permet d'emmagasiner temporairement les eaux usées lors de très fortes précipitations afin d'éviter un refoulement dans le réseau ou un déversement dans le milieu naturel. Les eaux de surverses contiennent des quantités importantes de polluants qui contribuent à augmenter le niveau de pollution dans le fleuve Saint-Laurent. Ce projet consiste à construire un ouvrage de rétention d'environ 15 000 m³ dans le secteur Griffintown plus précisément dans le quadrilatère compris entre les rues William, Ottawa, St-Thomas et du Séminaire. Le site choisi pour l'implantation du bassin de retenue permet un contrôle des débordements optimal et assure une meilleure protection hydraulique aux résidents du secteur. Cet ouvrage sera construit dans un secteur d'environ 500 hectares du centre-ville de Montréal qui fait l'objet d'un développement et d'une densification de son occupation. En plus d'augmenter le niveau de service dans ce secteur, la construction de cet ouvrage représente une réponse directe aux contrecoups des changements climatiques. Cet ouvrage sera raccordé à un système de gestion automatisé permettant un suivi instrumenté des volumes d'eau dans les intercepteurs et permettant aux opérations de s'appuyer sur des prévisions météorologiques. Le projet nécessite l'acquisition de terrains pour l'infrastructure naturelle.",,,,,,"En planification","Mars 2021
Le projet a été autorisé à l'étape « En planification ».","Ministre des Affaires municipales","Ville de Montréal","Ville de Montréal","Municipalités","Économie et environnement","06 – Montréal","Bassins de rétention des eaux usées (ouvrage Saint-Thomas)","Montréal","Construction"
"728","Station d'épuration des eaux usées – Saint-Hyacinthe – Réfection","La station d'épuration des eaux usées, de type boues activées avec déphosphatation, a été mise en service en 1987 avec un débit de conception de 45 000 mètres cubes par jour. 
Ce projet vise la réfection de la station par le remplacement des équipements existants montrant des problèmes de désuétudes et l'augmentation de la capacité de la station par l'ajout d'équipement qui permettront de rendre conformes les rejets aqueux aux exigences environnementales du Règlement sur les ouvrages municipaux d'assainissement des eaux usées (ROMAEU). Le projet prévoit notamment l'ajout d'un dessableur, d'un bassin d'aération, d'un décanteur secondaire, d'un processus de désinfection et d'une centrifugeuse.",31.50,12.60,18.90,,2026-03-31,"En réalisation","Mars 2023
La modification de la date de la mise en service complète a été autorisée. Initialement prévue en décembre 2023, elle est reportée à mars 2026.
Mars 2021
Le projet a été autorisé à l'étape « En réalisation ».","Ministre des Affaires municipales","Ville de Saint-Hyacinthe","Ville de Saint-Hyacinthe","Municipalités","Économie et environnement","16 – Montérégie","Station de traitement des eaux usées","Saint-Hyacinthe","Réfection"
"891","Route éolienne – Gaspé – Construction","Le projet consiste en la construction d'un nouveau lien routier d'utilité publique d'environ 7,5 kilomètres de long pour permettre, notamment, le transport de pales d'éoliennes.",20.00,19.00,1.00,2023-04-01,2023-08-31,"En réalisation","Mars 2023
Le projet a été autorisé à l'étape « En réalisation ».
Mars 2022
Le projet a été autorisé à l'étape « En planification ».","Ministre des Affaires municipales","Ville de Gaspé","Ville de Gaspé","Municipalités","Économie et environnement","11 – Gaspésie–Îles-de-la-Madeleine","Route éolienne","Gaspé","Construction"
"157","Palais des congrès de Montréal – Bonification","Le projet consiste à recouvrir partiellement l'autoroute Ville-Marie en vue d'un agrandissement du Palais des congrès de Montréal. Le projet vise à augmenter la création de richesse socioéconomique pour le Québec et à redynamiser le tissu urbain d'un secteur important de la ville de Montréal. Il permettra d'augmenter la superficie d'exposition contigüe sur un même étage, qui passerait de 19 000 m² à 30 000 m². La superficie totale du bâtiment passerait ainsi d'un peu moins de 31 000 m² à un peu plus de 49 000 m². Avec cet agrandissement, l'établissement se hissera du troisième au premier rang canadien en espace contigu pour la tenue d'événements, ce qui permettra à la Société du Palais des congrès de Montréal de demeurer compétitive et de continuer sa croissance dans un marché hautement concurrentiel.",,,,,,"À l'étude","Mars 2015
Le projet a été autorisé à l'étape « À l'étude ».","Ministre du Tourisme","Société du Palais des congrès de Montréal","Société québécoise des infrastructures","Tourisme et activités récréatives","Économie et environnement","06 – Montréal","Palais des congrès de Montréal","Montréal","Bonification"
"411","Parc national d'Opémican – Laniel – Réfection","Le parc national d'Opémican vise à protéger un territoire grandiose de 252 km² bordé, de part et d'autre, par les lacs Témiscamingue et Kipawa. Situé à cinq heures de route de Gatineau et à environ quatre heures de Toronto, le parc national d'Opémican deviendra une destination incontournable de nature et de culture.
Le projet mettra en valeur des milieux naturels exceptionnels, et l'ampleur du patrimoine culturel du parc surprendra les visiteuses et visiteurs, que ce soit par l'entremise du site historique d'Opémican ou par la présence de la nation algonquine sur le territoire. 
Les touristes peuvent profiter de prêt-à-camper Étoile, de campings aménagés sous les grands pins, de pistes de randonnée familiale, d'activités nautiques sur des berges sablonneuses et d'une expérience patrimoniale unique dans les bâtiments historiques restaurés. Pour leur part, les aventurières et aventuriers à la recherche de sensations fortes pourront découvrir des sites de canot-camping isolés sur des îles, une rivière d'eau vive impétueuse, des sentiers de randonnée spectaculaires en arrière-pays et des prêt-à-camper juchés au-dessus des parois rocheuses. Près de 90 % des travaux sont réalisés. Le dernier bâtiment historique est en cours de restauration et sera livré en 2023.",36.00,36.00,0.00,2019-06-01,2024-06-01,"En service","Mars 2021
La modification de la date de la mise en service complète a été autorisée. Initialement prévue en juin 2023, elle est reportée à juin 2024.
Mars 2020
La mise en service partielle de l'infrastructure a été autorisée au cours de l'année financi","Ministre responsable du Sport, du Loisir et du Plein air","Société des établissements de plein air du Québec","Société des établissements de plein air du Québec","Tourisme et activités récréatives","Économie et environnement","08 – Abitibi-Témiscamingue","Parc national d'Opémican","Laniel","Réfection"
"565","Route panoramique entre Saint-Donat et Saint-Michel-des-Saints – Réfection","Le projet consiste à asphalter la chaussée de la route 3, située dans le territoire du parc national du Mont-Tremblant, sur une portion de 30 km et à effectuer les corrections géométriques qui permettront aux véhicules d'y circuler à 50 km/h. Une bande cyclable de 1,0 mètre sera ajoutée pour soutenir le développement du tourisme cyclable. Les travaux permettront d'offrir un accès quatre saisons et intégreront des haltes panoramiques pour bonifier l'expérience et mettre en valeur les beautés du territoire.",,,,,,"En planification","Mars 2021
Le projet a été autorisé à l'étape « En planification ».","Ministre responsable du Sport, du Loisir et du Plein air","Société des établissements de plein air du Québec","Société des établissements de plein air du Québec","Tourisme et activités récréatives","Économie et environnement","14 – Lanaudière","Route panoramique","De Saint-Donat à Saint-Michel-des-Saints","Réfection"
"884","Parc de la Chute-Montmorency, sentiers et passerelle semi-submersible – Québec – Construction","Le parc de la Chute-Montmorency est le deuxième attrait touristique le plus visité de la région de Québec. En 2019-2020, il a accueilli plus d'un million de visiteurs, dont 60 % provenaient de l'extérieur du Québec.
Le projet vise à accroître le nombre de visiteuses et de visiteurs et à améliorer leur expérience. Ainsi, il inclut la construction d'un circuit complet d'expériences au pied de la chute Montmorency qui comprend les aménagements suivants :
• La passerelle semi-submersible : elle sera installée au pied de la chute. Celle-ci est une prouesse technique de 180 mètres de longueur qui traversera le bassin. En s'approchant du pied de la chute, les visiteuses et visiteurs en ressentiront toute la force et vivront une expérience multisensorielle. Les travaux sont en cours et la mise en service sera effectuée à l'été 2023.
• Le sentier nature : il est composé d'un long sentier de bois de 410 mètres qui prévoit plusieurs accès à l'eau. Ce sentier est le site idéal pour les pêcheuses et pêcheurs  qui souhaitent continuer à lancer leur ligne dans le bassin ainsi que pour les promeneuses et promeneurs qui souhaitent s'approcher de la chute. Ce sentier mène au versant ouest de la passerelle semi-submersible. Les travaux d'aménagement de cette installation  sont terminés.
• Le sentier minéral : élargissement et rehaussement du sentier actuel. Le parcours sera enjolivé par des aménagements paysagers. Il mène au versant est de la passerelle semi-submersible. Les travaux d'aménagement de ce parcours sont terminés.",31.30,31.30,0.00,2021-09-01,2023-07-01,"En service","Mars 2023
Une baisse de 1,1 M$ au coût du projet a été autorisée. Initialement prévu à 32,4 M$, le coût est maintenant de 31,3 M$. De plus, la modification de la date de la mise en service complète a été autorisée. Initialement prévue en septembre 2022, ","Ministre responsable du Sport, du Loisir et du Plein air","Société des établissements de plein air du Québec","Société des établissements de plein air du Québec","Tourisme et activités récréatives","Économie et environnement","03 – Capitale-Nationale","Parc de la Chute-Montmorency, sentiers et passerelle semi-submersible","Québec","Construction"
"1015","Aquarium du Québec, pavillon Louphoque – Québec – Construction","Le projet de construction du pavillon Louphoque est un projet grandiose qui représente l'investissement le plus important accordé à l'Aquarium du Québec depuis les dix dernières années. Digne des plus grandes institutions zoologiques au monde, le concept se veut immersif, avec des bassins vitrés. Les visiteurs auront accès à des angles et à des points de vue inédits pour observer les animaux sur terre et sous l'eau. Le nouvel îlot qui sera construit pour les accueillir occupera l'espace central.
Le projet nécessitera un réaménagement majeur et complet du site afin de décloisonner l'espace disponible et en permettre une meilleure utilisation à travers une visite immersive et fascinante. Les visiteurs pourront déambuler sur des passerelles et entre les différents bassins qui reproduiront l'habitat naturel non seulement des phoques, mais également de loutres de mer, qui feront leur entrée à l'Aquarium du Québec.",,,,,,"En planification","Août 2022
Le projet a été autorisé à l'étape « En planification ».","Ministre responsable du Sport, du Loisir et du Plein air","Société des établissements de plein air du Québec","Société des établissements de plein air du Québec","Tourisme et activités récréatives","Économie et environnement","03 – Capitale-Nationale","Aquarium du Québec, pavillon Louphoque","Québec","Construction"
"393","École primaire du centre de services scolaire Marie-Victorin (secteur Saint-Lambert) – Longueuil – Construction","Le projet consiste en la construction d'une école primaire à Longueuil (secteur Saint-Lambert), sur le territoire du centre de services scolaire Marie-Victorin. Afin de réduire le déficit d'espace reconnu par le Ministère, trente-deux classes sont prévues.",47.30,47.30,0.00,,2024-08-31,"En réalisation","Mars 2023
Le projet a été autorisé à l’étape « En réalisation ».
Mars 2020
Le projet a été autorisé à l'étape « En planification ».","Ministre de l'Éducation","Centre de services scolaire Marie-Victorin","Centre de services scolaire Marie-Victorin","Éducation","Éducation et culture","16 – Montérégie","École primaire du centre de services scolaire Marie-Victorin (secteur Saint-Lambert)","Longueuil","Construction"
"395","École primaire de l'Archipel du centre de services scolaire des Grandes-Seigneuries – Léry – Construction","Le projet a consisté en la construction d'une école primaire à Léry, sur le territoire du centre de services scolaire des Grandes-Seigneuries. Afin de réduire le déficit d'espace reconnu par le Ministère, vingt-six classes, dont deux pour les élèves handicapés ou en difficulté d'adaptation ou d'apprentissage, ont été construites. Cette nouvelle école porte désormais le nom d'école primaire de l'Archipel.",31.50,31.50,0.00,,2022-08-01,"En service","Mars 2023
Mise en service complète de l'infrastructure au cours de l'année financière 2022-2023. Le projet sera retiré du Tableau de bord lors de la prochaine mise à jour annuelle.
Mars 2022
Le projet a été autorisé à l'étape « En réalisation ». 
Mars","Ministre de l'Éducation","Centre de services scolaire des Grandes-Seigneuries","Centre de services scolaire des Grandes-Seigneuries","Éducation","Éducation et culture","16 – Montérégie","École primaire de l'Archipel du centre de services scolaire des Grandes-Seigneuries","Léry","Construction"
"398","École primaire du centre de services scolaire des Patriotes – Carignan – Construction","Le projet consiste en la construction d'une école primaire à Carignan, sur le territoire du centre de services scolaire des Patriotes. Afin de réduire le déficit d'espace reconnu par le Ministère, trente-deux classes seront construites.",58.20,53.00,5.20,,2023-08-31,"En réalisation","Mars 2022
Le projet a été autorisé à l'étape « En réalisation ».
Mars 2020
Le projet a été autorisé à l'étape « En planification ».","Ministre de l'Éducation","Centre de services scolaire des Patriotes","Centre de services scolaire des Patriotes","Éducation","Éducation et culture","16 – Montérégie","École primaire du centre de services scolaire des Patriotes","Carignan","Construction"
"399","École primaire au Domaine-sur-le-Vert du centre de services scolaire de Saint-Hyacinthe – Construction","Le projet a consisté en la construction d'une école primaire sur le territoire du centre de services scolaire de Saint-Hyacinthe. Afin de réduire le déficit d'espace reconnu par le Ministère, vingt-quatre classes ont été construites. Cette nouvelle école porte désormais le nom d'école primaire au Domaine-sur-le-Vert.",31.30,31.30,0.00,,2022-08-23,"En service","Mars 2023
Mise en service complète de l'infrastructure au cours de l'année financière 2022-2023. Le projet sera retiré du Tableau de bord lors de la prochaine mise à jour annuelle.
Mars 2022
Le projet a été autorisé à l'étape « En réalisation ».
Mars ","Ministre de l'Éducation","Centre de services scolaire de Saint-Hyacinthe","Centre de services scolaire de Saint-Hyacinthe","Éducation","Éducation et culture","16 – Montérégie","École primaire au Domaine-sur-le-Vert du centre de services scolaire de Saint-Hyacinthe","Saint-Hyacinthe","Construction"
"402","École primaire (A) du centre de services scolaire de Laval (secteur Laval-des-Rapides) – Construction","Le projet consiste en la construction d'une école primaire à Laval, dans le secteur Laval-des-Rapides, du territoire du centre de services scolaire de Laval. Afin de réduire le déficit d'espace reconnu par le Ministère, vingt-et-une classes sont prévues.",,,,,,"En planification","Mars 2020
Le projet a été autorisé à l'étape « En planification ».","Ministre de l'Éducation","Centre de services scolaire de Laval","Centre de services scolaire de Laval","Éducation","Éducation et culture","13 – Laval","École primaire (A) du centre de services scolaire de Laval (secteur Laval-des-Rapides)","Laval","Construction"
"192","Projet structurant de transport collectif électrique entre l'ouest de Gatineau et le centre-ville d'Ottawa – Bonification","Le projet vise à mettre en place un service de transport collectif électrique structurant dans le secteur ouest de la ville de Gatineau. Il favorisera la mobilité durable ainsi qu'un arrimage optimal des réseaux de transport collectif de la région métropolitaine Gatineau–Ottawa. Le projet permettra de répondre aux besoins présents et futurs des citoyens, tout en offrant un service fiable, performant et concurrentiel.",,,,,,"À l'étude","Mars 2018
Le projet a été autorisé à l'étape « À l'étude ».","Ministre des Transports et de la Mobilité durable","Société de transport de l'Outaouais","Société de transport de l'Outaouais","Transport collectif","Économie et environnement","07 – Outaouais","Réseau structurant de transport collectif électrique","Gatineau","Bonification"
"204","Voies réservées du Rapibus de la STO (phase III) – Gatineau – Prolongement","Le projet vise le prolongement du Rapibus (système rapide par bus en site propre), du boulevard Lorrain au boulevard de l'Aéroport. Le projet a pour objectif d'assurer une desserte en transport collectif fiable et performante entre le centre-ville et l'est de la ville. La phase II de ce projet correspond au projet « 467 - Voies réservées du Rapibus de la STO (phase II) – Gatineau – Prolongement » du Tableau de bord.",,,,,,"En planification","Mars 2018
Le projet a été autorisé à l'étape « En planification ».","Ministre des Transports et de la Mobilité durable","Société de transport de l'Outaouais","Société de transport de l'Outaouais","Transport collectif","Économie et environnement","07 – Outaouais","Voies réservées du Rapibus de la STO","Gatineau","Prolongement"
"220","Métro de Montréal, programme Accessibilité des stations (phase II) – Bonification","Le programme accessibilité des stations de métro permet d'accélérer le déploiement de l'accessibilité universelle du réseau du métro. La phase II de ce programme prévoit rendre universellement accessible un minimum de 10 nouvelles stations d'ici 2026.
 Ce programme vise à : 
• Améliorer les infrastructures physiques du métro
• Faciliter les déplacements verticaux
• Fidéliser davantage la clientèle
• Améliorer le service à la clientèle
La phase I de ce projet correspond au projet « 191 - Métro de Montréal, programme Accessibilité des stations (phase I) – Bonification » du Tableau de bord.",316.70,182.20,134.60,2023-08-31,2027-11-30,"En réalisation","Mars 2023
Une modification à la stratégie de financement a été autorisée. Ainsi, la contribution du Québec passe de 173,4 M$ à 182,2 M$ et celle des partenaires, de 143,3 M$ à 134,6 M$. Le coût approuvé du projet demeure le même à 316,7 M$.
Mars 2022
L","Ministre des Transports et de la Mobilité durable","Société de transport de Montréal","Société de transport de Montréal","Transport collectif","Économie et environnement","06 – Montréal","Métro de Montréal","Montréal","Bonification"
"224","Centre de transport Bellechasse de la STM – Montréal – Construction","Le projet vise à construire un centre de transport qui remplacera l'actuel centre de transport Saint-Denis, qui est en fin de vie utile. Ce nouveau bâtiment permettra à la Société de transport de Montréal de mieux répondre à ses besoins opérationnels actuels et futurs, et ce, dans l'optique d'améliorer le service offert à sa clientèle.",584.40,441.90,142.50,,2024-09-30,"En réalisation","Mars 2023
Une hausse de 214,1 M$ au coût du projet a été autorisée. Initialement prévu à 370,3 M$, le coût est maintenant de 584,4 M$. Ainsi, la contribution du Québec passe de 263,5 M$ à 441,9 M$ et celle des partenaires, de 106,8 M$ à 142,5 M$. De plus","Ministre des Transports et de la Mobilité durable","Société de transport de Montréal","Société de transport de Montréal","Transport collectif","Économie et environnement","06 – Montréal","Centre de transport Bellechasse de la STM","Montréal","Construction"
"226","Garage de la STL (phase IV) – Laval – Construction","Le projet consiste en la construction d'un garage conçu en fonction de l'introduction de différents types d'autobus ce qui en permettra l'entretien. La conception de la construction sera faite en fonction de l'occupation de toute la surface du terrain. Ainsi, les espaces de stationnement, de circulation, de ravitaillement, d'entreposage et d'entretien des autobus seront optimisés afin de ne pas affecter les futurs développements alors qu'à terme, le terrain sera utilisé à son plein potentiel.",309.20,195.00,114.20,,2025-07-31,"En réalisation","Mars 2023
Une hausse de 62,0 M$ au coût du projet a été autorisée. Initialement prévu à 247,2 M$, le coût est maintenant de 309,2 M$. Ainsi, la contribution du Québec passe de 142,9 M$ à 195,0 M$ et celle des partenaires, de 104,3 M$ à 114,2 M$.
Mars 20","Ministre des Transports et de la Mobilité durable","Société de transport de Laval","Société de transport de Laval","Transport collectif","Économie et environnement","13 – Laval","Garage de la STL","Laval","Construction"
"278","Projets structurants de transport collectif électrique dans les axes du boulevard Taschereau et du prolongement de la ligne jaune du réseau de métro – Bonification","Le projet vise l'implantation d'un mode structurant de transport collectif dans l'axe du boulevard Taschereau et dans l'axe du prolongement de la ligne jaune permettant de répondre aux besoins de mobilité de l'agglomération de la ville de Longueuil et de la couronne sud, dans l'optique d'offrir une alternative concurrentielle à l'utilisation de l'automobile.",,,,,,"À l'étude","Juillet 2020
Le projet d'implantation de transport collectif structurant dans l'axe prolongement de la ligne jaune du métro à Longueuil a été fusionné au projet d'implantation d'un mode de transport collectif structurant sur le boulevard Taschereau, afin","Ministre des Transports et de la Mobilité durable","Ministère des Transports et de la Mobilité durable","Ministère des Transports et de la Mobilité durable","Transport collectif","Économie et environnement","16 – Montérégie","Infrastructure de transport collectif électrique","Longueuil","Bonification"
"279","Projet structurant de transport collectif électrique pour relier le Sud-Ouest de Montréal au centre-ville – Bonification","Le projet vise l'implantation d'un mode structurant de transport collectif qui desservira le sud-ouest jusqu'au centre-ville de Montréal.",,,,,,"À l'étude","Mars 2021
Une modification à la portée du projet a été autorisée. En effet, les tronçons pour relier l'Est et le Nord-Est de Montréal au centre-ville, initialement inclus au présent projet, sont retirés puisque le gouvernement en confiera la gestion à CD","Ministre des Transports et de la Mobilité durable","Autorité régionale de transport métropolitain ","Autorité régionale de transport métropolitain","Transport collectif","Économie et environnement","06 – Montréal","Infrastructure de transport collectif électrique","Montréal","Bonification"
"282","Centre de transport Anjou de la STM – Montréal – Agrandissement","Le projet vise l'agrandissement du centre de transport Anjou de la Société de transport de Montréal, afin qu'il soit en mesure de gérer des autobus supplémentaires. Cet agrandissement sera également conçu avec l'intégration des requis nécessaires à la recharge des autobus électriques, en prévision de la mise en œuvre de l'électrification du réseau d'autobus.",79.20,58.60,20.60,2021-05-30,2023-04-30,"En service","Mars 2023
La modification de la date de la mise en service complète a été autorisée. Prévue en juillet 2022, elle est reportée à avril 2023.
Mars 2022
Une hausse de 0,2 M$ au coût du projet a été autorisée. Initialement prévu à 79,0 M$, le coût est mai","Ministre des Transports et de la Mobilité durable","Société de transport de Montréal","Société de transport de Montréal","Transport collectif","Économie et environnement","06 – Montréal","Centre de transport Anjou de la STM","Montréal","Agrandissement"
"284","Réseau de trains de banlieue d'exo, locomotives diesel – Région métropolitaine de Montréal – Remplacement","Le projet consiste à remplacer, dans une première phase, 10 locomotives F59PH âgées de 30 ans, et dans une seconde, 11 locomotives F59PHI qui atteindront leur fin de vie utile d'ici 2028. Les nouvelles locomotives permettront d'augmenter le nombre de voitures par train tout en respectant les normes environnementales EPA Tier 4.",207.30,153.60,53.70,2023-09-01,2025-03-28,"En réalisation","Mars 2023
Une hausse de 2,5 M$ au coût du projet a été autorisée. Initialement prévu à 204,8 M$, le coût est maintenant de 207,3 M$. Ainsi, la contribution du Québec demeure à 153,6 M$ et celle des partenaires passe de 51,2 M$ à 53,7 M$. De plus, la modi","Ministre des Transports et de la Mobilité durable","Exo","Exo","Transport collectif","Économie et environnement","06 – Montréal; 13 – Laval; 15 – Laurentides; 16 – Montérégie","Réseau de trains de banlieue d'exo","Région métropolitaine de Montréal","Remplacement"
"285","Réseau de trains de banlieue d'exo, voitures passagers (type 2000) – Région métropolitaine de Montréal – Acquisition","Le projet comprend la conception, la fabrication et la livraison de 20 voitures additionnelles qui ont fait l'objet d'une levée d'options prévues dans le contrat initial (Projet 137 du Tableau de bord). Ces voitures permettront de rétablir la réserve opérationnelle, ce qui simplifiera les programmes de maintien des voitures des séries 2000 et 3000 tout en assurant le maintien de nos opérations. À terme, elles seront également utilisées pour remplacer les voitures des séries 2000 et 3000 qui auront atteint leur fin de vie utile.",66.00,47.90,18.10,,2025-06-01,"En réalisation","Mars 2023
Une baisse de 26,2 M$ au coût du projet a été autorisée. Prévu à 92,2 M$, le coût est maintenant de 66,0 M$. Ainsi, la contribution du Québec passe de 66,4 M$ à 47,9 M$ et celle des partenaires, de 25,8 M$ à 18,1 M$. De plus, la modification de","Ministre des Transports et de la Mobilité durable","Exo","Exo","Transport collectif","Économie et environnement","06 – Montréal; 13 – Laval; 15 – Laurentides; 16 – Montérégie","Réseau de trains de banlieue d'exo","Région métropolitaine de Montréal","Acquisition"
"332","Centre de transport Saint-Laurent de la STM – Montréal – Agrandissement","Le projet vise l'agrandissement du centre de transport Saint-Laurent, de la Société de transport de Montréal, afin qu'il soit en mesure de gérer des autobus supplémentaires. Cet agrandissement sera également conçu avec l'intégration des requis nécessaires à la recharge des autobus électriques, en prévision de la mise en œuvre de l'électrification du réseau d'autobus.",66.00,48.80,17.20,2021-03-31,2023-04-30,"En service","Mars 2023
La modification de la date de la mise en service complète a été autorisée. Prévue en juillet 2022, elle est reportée à avril 2023.
Mars 2022
Une hausse de 0,2 M$ au coût du projet a été autorisée. Initialement prévu à 65,8 M$, le coût est mai","Ministre des Transports et de la Mobilité durable","Société de transport de Montréal","Société de transport de Montréal","Transport collectif","Économie et environnement","06 – Montréal","Centre de transport Saint-Laurent de la STM","Montréal","Agrandissement"
"335","Centre Métrobus du RTC – Québec – Bonification","Le projet vise des modifications et un agrandissement du centre Métrobus afin de répondre à une partie des problèmes liés à l'électrification de la flotte du RTC, tels que les équipements inadéquats pour l'entretien et l'exploitation des autobus électriques et le manque d'espace pour accueillir l'ensemble des véhicules.",,,,,,"À l'étude","Mars 2020
Le projet a été autorisé à l'étape « À l'étude ».","Ministre des Transports et de la Mobilité durable","Réseau de transport de la Capitale","Réseau de transport de la Capitale","Transport collectif","Économie et environnement","03 – Capitale-Nationale","Centre Métrobus du RTC","Québec","Bonification"
"467","Voies réservées du Rapibus de la STO (phase II) – Gatineau – Prolongement","Le projet consiste au prolongement du Rapibus (système rapide par bus en site propre), entre les stations Lorrain et Labrosse. Il vise l'amélioration de la mobilité afin d'assurer une meilleure adhérence à l'horaire et une diminution du temps de parcours entre les deux stations. La phase III de ce projet correspond au projet « 204 - Voies réservées du Rapibus de la STO (phase III) – Gatineau – Prolongement » du Tableau de bord.",49.90,46.10,3.80,,2023-10-01,"En réalisation","Mars 2023
Une baisse de 2,9 M$ au coût du projet a été autorisée. Initialement prévu à 52,8 M$, le coût est maintenant de 49,9 M$. Ainsi, la contribution du Québec passe de 35,2 M$ à 46,1 M$ et celle des partenaires, de 17,6 M$ à 3,8 M$.
Mars 2022
Le p","Ministre des Transports et de la Mobilité durable","Société de transport de l'Outaouais","Société de transport de l'Outaouais","Transport collectif","Économie et environnement","07 – Outaouais","Voies réservées du Rapibus de la STO","Gatineau","Prolongement"
"630","Centre opérationnel Lebourgneuf du RTC – Québec – Construction","Le projet vise la construction d'un bâtiment sur le site actuel du centre Lebourgneuf. Ce bâtiment regroupera la majorité des services du Réseau de Transport de la Capitale afin d'y accueillir des postes de travail ainsi que des espaces communs. De plus, le bâtiment abritera le futur poste de commande centralisé du Réseau structurant de transport en commun de la Ville de Québec. Ce poste de commande gèrera aussi le fonctionnement et la sécurité des autobus ainsi que la gestion de l'énergie électrique pour la recharge des autobus électriques. De plus, ce projet consistera à relocaliser certains services, à démolir les espaces administratifs existants, à reconstruire les nouvelles façades et à aménager une aire de stationnement.",,,,,,"En planification","Mars 2021
Le projet a été autorisé à l'étape « En planification ».","Ministre des Transports et de la Mobilité durable","Réseau de transport de la Capitale","Réseau de transport de la Capitale","Transport collectif","Économie et environnement","03 – Capitale-Nationale","Centre opérationnel Lebourgneuf du RTC","Québec","Construction"
"633","Centre d'exploitation de Saint-Hubert du RTL – Longueuil – Construction","Le projet vise l'agrandissement d'un des garages du Réseau de transport de Longueuil sur le site existant de Saint-Hubert. Des installations multifonctionnelles et flexibles seront construites pour intégrer un parc d'autobus électriques à 100 %. Cette construction accroîtra l'offre à la clientèle par l'augmentation du parc d'autobus et des ressources humaines du Réseau de transport de Longueuil.",,,,,,"En planification","Mars 2021
Le projet a été autorisé à l'étape « En planification ».","Ministre des Transports et de la Mobilité durable","Réseau de transport de Longueuil","Réseau de transport de Longueuil","Transport collectif","Économie et environnement","16 – Montérégie","Centre d'exploitation de Saint-Hubert du RTL","Longueuil","Construction"
"635","Mesures prioritaires pour le transport collectif sur le boulevard Le Corbusier – Laval – Aménagement","Le projet consiste à mettre en place le premier axe de la phase II du réseau de mesures préférentielles donnant accès aux autobus de la Société de transport de Laval à de meilleures performances en termes de temps de parcours et de fiabilité du service.",30.50,18.30,12.20,,2027-07-01,"En réalisation","Mars 2023
Le projet a été autorisé à l'étape « En réalisation ».
Mars 2021
Le projet a été autorisé à l'étape « En planification ».","Ministre des Transports et de la Mobilité durable","Société de transport de Laval","Société de transport de Laval","Transport collectif","Économie et environnement","13 – Laval","Infrastructure de transport collectif - boulevard Le Corbusier","Laval","Aménagement"
"636","Terminus Châteauguay d'exo, quais – Agrandissement","Le projet vise à optimiser les services de transport collectif et l'expérience des clients en créant un pôle de correspondance au terminus Châteauguay. Il prévoit, entre autres, l'aménagement de quais et d'accès dédiés aux autobus, d'un centre de services et d'un dépose-minute. Ces éléments permettront d'améliorer et de structurer la desserte de transport collectif du secteur.",43.00,35.50,7.50,2023-12-01,2024-08-23,"En réalisation","Mars 2023
Une hausse de 15,7 M$ au coût du projet a été autorisée. Initialement prévu à 27,3 M$, le coût est maintenant de 43,0 M$. Ainsi, la contribution du Québec passe de 19,6 M$ à 35,5 M$ et celle des partenaires, de 7,7 M$ à 7,5 M$. De plus, la modi","Ministre des Transports et de la Mobilité durable","Exo","Exo","Transport collectif","Économie et environnement","16 – Montérégie","Terminus Châteauguay d'exo","Châteauguay","Agrandissement"
"716","Gare Lucien-L'Allier d'exo, quais – Montréal – Reconstruction","Le projet prévoit la reconstruction des quatre quais de la gare Lucien-L'Allier qui sont à la fin de leur vie utile, la mise aux normes des systèmes et des infrastructures, ainsi que l'ajout d'une marquise modulable pour améliorer l'expérience des clients.",,,,,,"En planification","Mars 2021
Le projet a été autorisé à l'étape « En planification ».","Ministre des Transports et de la Mobilité durable","Exo","Exo","Transport collectif","Économie et environnement","06 – Montréal","Gare Lucien-L'Allier d'exo","Montréal","Reconstruction"
"772","Gares de L'Île–Perrot d'exo – Montérégie – Réfection","Le projet consiste en l'évaluation du réaménagement des gares de L'Île-Perrot. Les gares visées sont la gare Pincourt–Terrasse-Vaudreuil et la gare Île-Perrot de la ligne exo1 Vaudreuil-Hudson, car ces deux gares sont désuètes et nécessitent de grandes améliorations. Le projet permettra d'identifier l'ensemble des enjeux et problématiques associés à ces gares et ainsi revoir dans son ensemble le réaménagement de ces deux gares afin de répondre aux besoins actuels et futurs de la clientèle et d'exo.",,,,,,"En planification","Mars 2021
Le projet a été autorisé à l'étape « En planification ».","Ministre des Transports et de la Mobilité durable","Exo","Exo","Transport collectif","Économie et environnement","16 – Montérégie","Gares de L'Île–Perrot d'exo","Montréal","Réfection"
"774","Centre de transport de la STO – Gatineau – Agrandissement","Le projet vise à agrandir et électrifier le centre de transport afin d'accueillir les futurs véhicules électriques et de supporter la mise en place de l'ensemble des infrastructures de recharge électrique. L'électrification complète du centre de transport permettra d'entretenir les nouveaux véhicules et leurs composantes au même endroit.",,,,,,"En planification","Mai 2021
Le projet « Centre de transport de la STO, électrification – Gatineau – Agrandissement », présenté au Plan québécois des infrastructures (PQI) 2021-2031, a été fusionné au présent projet.","Ministre des Transports et de la Mobilité durable","Société de transport de l'Outaouais","Société de transport de l'Outaouais","Transport collectif","Économie et environnement","07 – Outaouais","Centre de transport de la STO","Gatineau","Agrandissement"
"909","Métro de Montréal, voitures de métro MR-73 (phase II) – Maintien et bonification","Le projet consiste à prolonger la vie utile des voitures de métro MR-73 jusqu'à 60 ans, et ce, tout en assurant la fiabilité et la disponibilité des équipements. La phase I de ce projet correspond au projet « 176 - Métro de Montréal, voitures de métro MR-73 (phase I) – Maintien et bonification » du Tableau de bord.",,,,,,"En planification","Mars 2022
Le projet a été autorisé à l'étape « En planification ».","Ministre des Transports et de la Mobilité durable","Société de transport de Montréal","Société de transport de Montréal","Transport collectif","Économie et environnement","06 – Montréal","Métro de Montréal","Montréal","Maintien et bonification"
"915","Gare Montréal-Ouest (secteur nord) – Montréal – Construction et réaménagement","Le projet s'inscrit dans une démarche d'amélioration continue des conditions de sécurité dans le secteur de la gare Montréal-Ouest, qui est encadrée par deux passages à niveau. Il prévoit d'améliorer les accès à la gare ainsi que la mise en service permanente du quai nord. Le tunnel actuel de la gare sera prolongé vers l'avenue Sherbrooke et un nouvel édicule sera construit une fois toutes les approbations obtenues.",30.40,25.00,5.40,2023-08-01,2023-12-01,"En réalisation","Mars 2023
Une hausse de 0,9 M$ au coût du projet a été autorisée. Initialement prévu à 29,5 M$, le coût est maintenant de 30,4 M$. Ainsi, la contribution du Québec passe de 21,3 M$ à 25,0 M$ et celle des partenaires, de 8,2 M$ à 5,4 M$.
Mars 2022
Le pr","Ministre des Transports et de la Mobilité durable","Exo","Exo","Transport collectif","Économie et environnement","06 – Montréal","Gare Montréal-Ouest","Montréal","Aménagement"
"916","Centre d'exploitation de Saint-Hubert du RTL (phase II) – Longueuil – Réfection","Le centre d'exploitation de Saint-Hubert est constitué de deux bâtiments qui ont été construits en deux étapes. La première a été achevée en 1954. Quant à la seconde, elle a été construite en 1974. Des études de vétusté ont démontré le piètre état de ce centre et la nécessité d'effectuer des travaux afin que les installations soient conformes aux règlements en vigueur et pour assurer la sécurité des travailleurs. Au 30 septembre 2022, les travaux suivants ont été réalisés : 
- Mise à niveau de l'électricité;
- Réfection urgente de la toiture;
- Remplacement de certains équipements de garage;
- Caractérisation des sols et pavage;
- Préparation des plans et devis des phases subséquentes du projet global de réfection du CESH.",20.00,17.00,3.00,2022-09-30,2024-01-31,"En service","Mars 2023
Mise en service partielle de l'infrastructure au cours de l'année financière 2022-2023.
Mars 2022
Le projet a été autorisé à l'étape « En planification ».","Ministre des Transports et de la Mobilité durable","Réseau de transport de Longueuil","Réseau de transport de Longueuil","Transport collectif","Économie et environnement","16 – Montérégie","Centre d'exploitation de Saint-Hubert du RTL","Longueuil","Réfection"
"917","Réseau structurant de transport en commun de la STS (phase I) – Sherbrooke – Aménagement","Le projet vise à mettre en place un réseau structurant de transport en commun de la Société de transport de Sherbrooke sur les axes stratégiques de la ville, par l'aménagement de mesures préférentielles et d'arrêts à haut niveau de service.",,,,,,"En planification","Mars 2022
Le projet a été autorisé à l'étape « En planification ».","Ministre des Transports et de la Mobilité durable","Société de transport de Sherbrooke","Société de transport de Sherbrooke","Transport collectif","Économie et environnement","05 – Estrie","Infrastructure de transport collectif","Sherbrooke","Aménagement"
"918","Garage d'exo – Montérégie (secteur Sainte-Julie) – Construction","Le projet consiste à construire un centre de transport permettant de réaliser toutes les tâches reliées à l'exploitation des nouveaux autobus 100 % électriques du secteur de Sainte-Julie. Ce projet permettra de revoir le modèle d'affaires en place chez exo pour la gestion des infrastructures fixes et du personnel dédié aux opérations des autobus de transport régulier.",,,,,,"En planification","Mars 2022
Le projet a été autorisé à l'étape « En planification ».","Ministre des Transports et de la Mobilité durable","Exo","Exo","Transport collectif","Économie et environnement","16 – Montérégie","Garage d'exo","Montérégie (secteur Sainte-Julie)","Construction"
"919","Garage d'exo – Montérégie (secteur La Presqu'Île) – Construction","Le projet consiste à construire un centre de transport permettant de réaliser toutes tâches reliées à l'exploitation des nouveaux autobus 100 % électriques du secteur de La Presqu'Île. Ce projet, qui est un élément essentiel à la réalisation du programme Exobus, permettra de revoir le modèle d'affaires en place chez exo pour la gestion des infrastructures fixes et du personnel dédié aux opérations autobus de transport régulier.",,,,,,"En planification","Mars 2022
Le projet a été autorisé à l'étape « En planification ».","Ministre des Transports et de la Mobilité durable","Exo","Exo","Transport collectif","Économie et environnement","16 – Montérégie","Garage d'exo","Montérégie (secteur La Presqu'Île)","Construction"
"1036","Centre d'exploitation du Vieux-Longueuil du RTL, entrée électrique – Longueuil – Construction","Le projet vise à construire une nouvelle entrée électrique au centre d'exploitation du Vieux-Longueuil. Il vise également à installer les équipements de distribution pour alimenter les futurs équipements de recharge pour les autobus électriques.",,,,,,"En planification","Mars 2023
Le projet a été autorisé à l'étape « En planification ».","Ministre des Transports et de la Mobilité durable","Réseau de transport de Longueuil","Réseau de transport de Longueuil","Transport collectif","Économie et environnement","16 – Montérégie","Centre d'exploitation du Vieux-Longueuil","Longueuil","Construction"
"1041","Centre d'exploitation du Vieux-Longueuil du RTL, marquise – Longueuil – Construction","Le projet vise à construire une marquise extérieure au centre d'exploitation du Vieux-Longueuil afin d'assurer la recharge des autobus électriques.",,,,,,"En planification","Mars 2023
Le projet a été autorisé à l'étape « En planification ».","Ministre des Transports et de la Mobilité durable","Réseau de transport de Longueuil","Réseau de transport de Longueuil","Transport collectif","Économie et environnement","16 – Montérégie","Centre d'exploitation du Vieux-Longueuil","Longueuil","Construction"
"1035","Centre de services de la STTR (phase II) – Trois-Rivières – Construction et réaménagement","Le projet vise à poursuivre les travaux de construction, de réorganisation et de réaménagement des aires de service actuelles et futures du centre de services de la Société de transport de Trois-Rivières afin d'être en mesure de prendre en charge l'électrification de la flotte de véhicules dans son ensemble.",,,,,,"En planification","Mars 2023
Le projet a été autorisé à l'étape « En planification ».","Ministre des Transports et de la Mobilité durable","Société de transport de Trois-Rivières","Société de transport de Trois-Rivières","Transport collectif","Économie et environnement","04 – Mauricie","Centre de services","Trois-Rivières","Construction et réaménagement"
"1060","Projet structurant de transport collectif électrique dans l'est et le nord-est de Montréal – Bonification","Le projet vise l'implantation d'un mode structurant de transport collectif entre la station de métro Assomption et le cégep Marie-Victorin, et entre la station de métro Assomption et la pointe de l'île de Montréal. Il vise également l'étude d'extensions potentielles du projet à Rivière-des-Prairies, à Laval et dans Lanaudière.",,,,,,"À l'étude","Mars 2023
Le projet a été autorisé à l'étape « À l'étude ».","Ministre des Transports et de la Mobilité durable","Ministère des Transports et de la Mobilité durable","Ministère des Transports et de la Mobilité durable","Transport collectif","Économie et environnement","06 – Montréal","Infrastructure de transport collectif électrique","Montréal","Bonification"
"518","Maison des aînés et alternative de Black Lake – Thetford Mines – Construction","Pour répondre aux besoins, une maison des aînés et alternative de 72 places a été construite à Thetford Mines.
Les maisons des aînés et alternatives visent à offrir aux personnes résidentes un milieu de vie climatisé, à dimension humaine. Elles comportent des chambres individuelles avec une toilette et une douche adaptées à chaque résident.
Ce nouveau type d'hébergement, qui s'apparente davantage à un domicile, favorise les contacts humains ainsi qu'un mode de vie plus actif, entre autres grâce à un accès à des aires extérieures aménagées et à des installations mieux adaptées aux besoins des proches aidants. Cette transformation est aussi bénéfique pour le personnel qui y travaille et contribue d'ailleurs à l'attractivité et à la rétention de cette main-d'œuvre.",47.00,47.00,0.00,,2022-09-30,"En service","Mars 2023
Mise en service complète de l'infrastructure au cours de l'année financière 2022-2023.
Avril 2022
Une hausse de 2,0 M$ au coût du projet a été autorisée. Initialement prévu à 45,0 M$, le coût est maintenant de 47,0 M$.
Juillet 2020
Le proje","Ministre de la Santé","Centre intégré de santé et de services sociaux de Chaudière-Appalaches","Société québécoise des infrastructures","Santé et Services sociaux","Santé et Services sociaux","12 – Chaudière-Appalaches","Maison des aînés et alternative","Thetford Mines","Construction"
"519","Maison des aînés de Saint-Martin-de-Beauce – Saint-Martin – Construction","Les maisons des aînés et alternatives offriront aux personnes résidentes un milieu de vie climatisé, à dimension humaine. Elles comporteront des chambres individuelles avec une toilette et une douche adaptées à chaque résidente ou résident, qu'il s'agisse d'un aîné ou d'un adulte ayant des besoins particuliers.
Ce nouveau type d'hébergement, qui s'apparentera davantage à un domicile, favorisera les contacts humains ainsi qu'un mode de vie plus actif, entre autres grâce à un accès à des aires extérieures aménagées et à des installations mieux adaptées aux besoins des proches aidants et aidantes. Cette transformation sera aussi bénéfique pour le personnel qui y travaillera et contribuera d'ailleurs à l'attractivité et à la rétention de cette main-d'œuvre.
Le projet prévoit la construction d'une installation de 48 places.",43.20,43.20,0.00,,2022-11-30,"En réalisation","Avril 2022
Une hausse de 4,4 M$ au coût du projet a été autorisée. Initialement prévu à 38,8 M$, le coût est maintenant de 43,2 M$. De plus, la modification de la date de la mise en service a été autorisée. Initialement prévue en septembre 2022, elle est","Ministre de la Santé","Centre intégré de santé et de services sociaux de Chaudière-Appalaches","Société québécoise des infrastructures","Santé et Services sociaux","Santé et Services sociaux","12 – Chaudière-Appalaches","Maison des aînés et alternative","Saint-Martin","Construction"
"537","Maison des aînés de Chomedey – Laval – Construction","Les maisons des aînés et alternatives offriront aux personnes résidentes un milieu de vie climatisé, à dimension humaine. Elles comporteront des chambres individuelles avec une toilette et une douche adaptées à chaque résidente ou résident, qu'il s'agisse d'un aîné ou d'un adulte ayant des besoins particuliers.
Ce nouveau type d'hébergement, qui s'apparentera davantage à un domicile, favorisera les contacts humains ainsi qu'un mode de vie plus actif, entre autres grâce à un accès à des aires extérieures aménagées et à des installations mieux adaptées aux besoins des proches aidants et aidantes. Cette transformation sera aussi bénéfique pour le personnel qui y travaillera et contribuera d'ailleurs à l'attractivité et à la rétention de cette main-d'œuvre.
Le projet prévoit la construction d'une installation de 96 places.",74.00,74.00,0.00,,2022-11-30,"En réalisation","Avril 2022
Une hausse de 11,6 M$ au coût du projet a été autorisée. Initialement prévu à 62,4 M$, le coût est maintenant de 74,0 M$. De plus, la modification de la date de la mise en service a été autorisée. Initialement prévue en septembre 2022, elle es","Ministre de la Santé","Centre intégré de santé et de services sociaux de Laval","Société québécoise des infrastructures","Santé et Services sociaux","Santé et Services sociaux","13 – Laval","Maison des aînés et alternative","Laval","Construction"
"207","Infrastructures portuaires – Traverse Sorel-Tracy–Saint-Ignace-de-Loyola – Maintien et bonification","Les investissements prévus à ce projet majeur de modernisation permettront à la traverse Sorel-Tracy–Saint-Ignace-de-Loyola, qui connaît déjà une forte affluence, de s'inscrire davantage comme un axe de transport maritime structurant situé dans la proche banlieue métropolitaine.
Le projet vise entre autres à rénover les infrastructures portuaires existantes à Sorel-Tracy et à Saint-Ignace-de-Loyola.
Aussi, il est requis d'augmenter la capacité de la traverse afin de répondre à la demande actuelle et future.",,,,,,"À l'étude","Mars 2017
Le projet a été autorisé à l'étape « À l'étude ».","Ministre des Transports et de la Mobilité durable","Société des traversiers du Québec","Société québécoise des infrastructures","Transports maritime, aérien, ferroviaire et autres","Économie et environnement","14 – Lanaudière; 16 – Montérégie","Infrastructures portuaires","Sorel-Tracy et Saint-Ignace-de-Loyola","Maintien et bonification"
"528","Maison des aînés de Mascouche – Construction","Pour répondre aux besoins, une maison des aînés de 48 places a été construite à Mascouche.
Les maisons des aînés et alternatives visent à offrir aux personnes résidentes un milieu de vie climatisé, à dimension humaine. Elles comportent des chambres individuelles avec une toilette et une douche adaptées à chaque résident.
Ce nouveau type d'hébergement, qui s'apparente davantage à un domicile, favorisera les contacts humains ainsi qu'un mode de vie plus actif, entre autres grâce à un accès à des aires extérieures aménagées et à des installations mieux adaptées aux besoins des proches aidants. Cette transformation est aussi bénéfique pour le personnel qui y travaille et contribue d'ailleurs à l'attractivité et à la rétention de cette main-d'œuvre.",42.00,42.00,0.00,,2022-09-30,"En service","Mars 2023
Mise en service complète de l'infrastructure au cours de l'année financière 2022-2023.
Avril 2022
Une hausse de 3,6 M$ au coût du projet a été autorisée. Initialement prévu à 38,4 M$, le coût est maintenant de 42,0 M$.
Juillet 2020
Le proje","Ministre de la Santé","Centre intégré de santé et de services sociaux de Lanaudière","Société québécoise des infrastructures","Santé et Services sociaux","Santé et Services sociaux","14 – Lanaudière","Maison des aînés et alternative","Mascouche","Construction"
"530","Maison des aînés et alternative de Repentigny – Construction","Pour répondre aux besoins, une maison des aînés et alternative de 48 places a été construite à Repentigny.
Les maisons des aînés et alternatives visent à offrir aux personnes résidentes un milieu de vie climatisé, à dimension humaine. Elles comportent des chambres individuelles avec une toilette et une douche adaptées à chaque résident.
Ce nouveau type d'hébergement, qui s'apparente davantage à un domicile, favorise les contacts humains ainsi qu'un mode de vie plus actif, entre autres grâce à un accès à des aires extérieures aménagées et à des installations mieux adaptées aux besoins des proches aidants. Cette transformation est aussi bénéfique pour le personnel qui y travaille et contribue d'ailleurs à l'attractivité et à la rétention de cette main-d'œuvre.",41.50,41.50,0.00,,2022-09-30,"En service","Mars 2023
Mise en service complète de l'infrastructure au cours de l'année financière 2022-2023.
Juillet 2020
Le projet a été autorisé à l'étape « En réalisation ».
Décembre 2019
Le projet a été autorisé à l'étape « En planification ».","Ministre de la Santé","Centre intégré de santé et de services sociaux de Lanaudière","Société québécoise des infrastructures","Santé et Services sociaux","Santé et Services sociaux","14 – Lanaudière","Maison des aînés et alternative","Repentigny","Construction"
"529","Maison des aînés de L'Assomption – Construction","Pour répondre aux besoins, une maison des aînés de 48 places a été construite à L'Assomption.
Les maisons des aînés et alternatives visent à offrir aux personnes résidentes un milieu de vie climatisé, à dimension humaine. Elles comportent des chambres individuelles avec une toilette et une douche adaptées à chaque résident.
Ce nouveau type d'hébergement, qui s'apparente davantage à un domicile, favorise les contacts humains ainsi qu'un mode de vie plus actif, entre autres grâce à un accès à des aires extérieures aménagées et à des installations mieux adaptées aux besoins des proches aidants. Cette transformation est aussi bénéfique pour le personnel qui y travaille et contribue d'ailleurs à l'attractivité et à la rétention de cette main-d'œuvre.",41.50,41.50,0.00,,2022-09-01,"En service","Mars 2023
Mise en service complète de l'infrastructure au cours de l'année financière 2022-2023.
Avril 2022
Une hausse de 1,6 M$ au coût du projet a été autorisée. Initialement prévu à 39,9 M$, le coût est maintenant de 41,5 M$.
Juillet 2020
Le proje","Ministre de la Santé","Centre intégré de santé et de services sociaux de Lanaudière","Société québécoise des infrastructures","Santé et Services sociaux","Santé et Services sociaux","14 – Lanaudière","Maison des aînés et alternative","L'Assomption","Construction"
"534","Maison des aînés de Sainte-Anne-des-Plaines – Construction","Pour répondre aux besoins, une maison des aînés de 48 places a été construite à Sainte-Anne-des-Plaines.
Les maisons des aînés et alternatives visent à offrir aux personnes résidentes un milieu de vie climatisé, à dimension humaine. Elles comportent des chambres individuelles avec une toilette et une douche adaptées à chaque résident.
Ce nouveau type d'hébergement, qui s'apparente davantage à un domicile, favorise les contacts humains ainsi qu'un mode de vie plus actif, entre autres grâce à un accès à des aires extérieures aménagées et à des installations mieux adaptées aux besoins des proches aidants. Cette transformation est aussi bénéfique pour le personnel qui y travaille et contribue d'ailleurs à l'attractivité et à la rétention de cette main-d'œuvre.",40.50,40.50,0.00,,2022-08-31,"En service","Mars 2023
Mise en service complète de l'infrastructure au cours de l'année financière 2022-2023.
Avril 2022
Une hausse de 4,3 M$ au coût du projet a été autorisée. Initialement prévu à 36,2 M$, le coût est maintenant de 40,5 M$. De plus, la modificatio","Ministre de la Santé","Centre intégré de santé et de services sociaux des Laurentides","Société québécoise des infrastructures","Santé et Services sociaux","Santé et Services sociaux","15 – Laurentides","Maison des aînés et alternative","Sainte-Anne-des-Plaines","Construction"
"365","NM Saaremaa I – Traverses de l'est du Québec – Acquisition et réfection","Le projet vise l'acquisition du NM Saaremaa I et sa réfection, afin que le navire réponde aux normes canadiennes et aux standards de la Société des traversiers du Québec ainsi que pour l'adapter, au besoin, aux infrastructures terrestres (quais, embarcadères, passerelles, etc.).",48.80,48.80,0.00,2019-07-31,2026-04-30,"En service","Mars 2022
La modification de la date de la mise en service complète a été autorisée. Initialement prévue en février 2022, elle est reportée à avril 2026.
Mars 2020
La mise en service partielle de l'infrastructure a été autorisée au cours de l'année fin","Ministre des Transports et de la Mobilité durable","Société des traversiers du Québec","Société des traversiers du Québec","Transports maritime, aérien, ferroviaire et autres","Économie et environnement","01 – Bas-Saint-Laurent; 03 – Capitale-Nationale; 09 – Côte-Nord; 11 – Gaspésie–Îles-de-la-Madeleine","NM Saaremaa I","Rivière-du-Loup et Saint-Siméon","Acquisition et réfection"
"531","Maison des aînés de Saint-Canut – Mirabel – Construction","Les maisons des aînés et alternatives offriront aux personnes résidentes un milieu de vie climatisé, à dimension humaine. Elles comporteront des chambres individuelles avec une toilette et une douche adaptées à chaque résidente ou résident, qu'il s'agisse d'un aîné ou d'un adulte ayant des besoins particuliers.
Ce nouveau type d'hébergement, qui s'apparentera davantage à un domicile, favorisera les contacts humains ainsi qu'un mode de vie plus actif, entre autres grâce à un accès à des aires extérieures aménagées et à des installations mieux adaptées aux besoins des proches aidants et aidantes. Cette transformation sera aussi bénéfique pour le personnel qui y travaillera et contribuera d'ailleurs à l'attractivité et à la rétention de cette main-d'œuvre.
Le projet prévoit la construction d'une installation de 72 places.",53.00,53.00,0.00,,2022-10-31,"En réalisation","Avril 2022
Une hausse de 1,8 M$ au coût du projet a été autorisée. Initialement prévu à 51,2 M$, le coût est maintenant de 53,0 M$. De plus, la modification de la date de la mise en service a été autorisée. Initialement prévue en septembre 2022, elle est","Ministre de la Santé","Centre intégré de santé et de services sociaux des Laurentides","Société québécoise des infrastructures","Santé et Services sociaux","Santé et Services sociaux","15 – Laurentides","Maison des aînés et alternative","Mirabel","Construction"
"535","Maison des aînés de Prévost – Construction","Les maisons des aînés et alternatives offriront aux personnes résidentes un milieu de vie climatisé, à dimension humaine. Elles comporteront des chambres individuelles avec une toilette et une douche adaptées à chaque résidente ou résident, qu'il s'agisse d'un aîné ou d'un adulte ayant des besoins particuliers.
Ce nouveau type d'hébergement, qui s'apparentera davantage à un domicile, favorisera les contacts humains ainsi qu'un mode de vie plus actif, entre autres grâce à un accès à des aires extérieures aménagées et à des installations mieux adaptées aux besoins des proches aidants et aidantes. Cette transformation sera aussi bénéfique pour le personnel qui y travaillera et contribuera d'ailleurs à l'attractivité et à la rétention de cette main-d'œuvre.
Le projet prévoit la construction d'une installation de 48 places.",41.00,41.00,0.00,,2022-09-30,"En service","Mars 2023
Mise en service complète de l'infrastructure au cours de l'année financière 2022-2023.
Avril 2022
Une hausse de 4,9 M$ au coût du projet a été autorisée. Initialement prévu à 36,1 M$, le coût est maintenant de 41,0 M$.
Juillet 2020
Le proje","Ministre de la Santé","Centre intégré de santé et de services sociaux des Laurentides","Société québécoise des infrastructures","Santé et Services sociaux","Santé et Services sociaux","15 – Laurentides","Maison des aînés et alternative","Prévost","Construction"
"476","NM Joseph-Savard – Traverse L'Isle-aux-Coudres–Saint-Joseph-de-la-Rive – Réfection et réaménagement","Le projet vise la modernisation du NM Joseph-Savard en vue d'en prolonger la vie utile et de l'adapter afin qu'il réponde aux besoins actuels et futurs de la Société des traversiers du Québec.",43.30,43.30,0.00,,2023-06-30,"En réalisation","Mars 2023
Une hausse de 9,0 M$ au coût du projet a été autorisée. Initialement prévu à 34,3 M$, le coût est maintenant de 43,3 M$. De plus, la modification de la date de la mise en service complète a été autorisée. Initialement prévue en juin 2022, elle ","Ministre des Transports et de la Mobilité durable","Société des traversiers du Québec","Société des traversiers du Québec","Transports maritime, aérien, ferroviaire et autres","Économie et environnement","03 – Capitale-Nationale","NM Joseph-Savard","L'Isle-aux-Coudres et Saint-Joseph-de-la-Rive","Réfection et réaménagement"
"532","Maison des aînés et alternative de Blainville – Construction","Pour répondre aux besoins, une maison des aînés et alternative de 72 places a été construite à Blainville.
Les maisons des aînés et alternatives visent à offrir aux personnes résidentes un milieu de vie climatisé, à dimension humaine. Elles comportent des chambres individuelles avec une toilette et une douche adaptées à chaque résident.
Ce nouveau type d'hébergement, qui s'apparente davantage à un domicile, favorise les contacts humains ainsi qu'un mode de vie plus actif, entre autres grâce à un accès à des aires extérieures aménagées et à des installations mieux adaptées aux besoins des proches aidants. Cette transformation est aussi bénéfique pour le personnel qui y travaille et contribue d'ailleurs à l'attractivité et à la rétention de cette main-d'œuvre.",51.60,51.60,0.00,,2022-09-30,"En service","Mars 2023
Mise en service complète de l'infrastructure au cours de l'année financière 2022-2023.
Avril 2022
Une hausse de 1,7 M$ au coût du projet a été autorisée. Initialement prévu à 49,9 M$, le coût est maintenant de 51,6 M$.
Juillet 2020
Le proje","Ministre de la Santé","Centre intégré de santé et de services sociaux des Laurentides","Société québécoise des infrastructures","Santé et Services sociaux","Santé et Services sociaux","15 – Laurentides","Maison des aînés et alternative","Blainville","Construction"
"536","Maison des aînés de Sainte-Agathe-des-Monts – Construction","Pour répondre aux besoins, une maison des aînés de 48 places a été construite à Sainte-Agathe-des-Monts.
Les maisons des aînés et alternatives visent à offrir aux personnes résidentes un milieu de vie climatisé, à dimension humaine. Elles comportent des chambres individuelles avec une toilette et une douche adaptées à chaque résident.
Ce nouveau type d'hébergement, qui s'apparente davantage à un domicile, favorise les contacts humains ainsi qu'un mode de vie plus actif, entre autres grâce à un accès à des aires extérieures aménagées et à des installations mieux adaptées aux besoins des proches aidants. Cette transformation est aussi bénéfique pour le personnel qui y travaille et contribue d'ailleurs à l'attractivité et à la rétention de cette main-d'œuvre.",42.00,42.00,0.00,,2022-08-31,"En service","Mars 2023
Mise en service complète de l'infrastructure au cours de l'année financière 2022-2023.
Avril 2022
Une hausse de 4,0 M$ au coût du projet a été autorisée. Initialement prévu à 38,0 M$, le coût est maintenant de 42,0 M$. De plus, la modificatio","Ministre de la Santé","Centre intégré de santé et de services sociaux des Laurentides","Société québécoise des infrastructures","Santé et Services sociaux","Santé et Services sociaux","15 – Laurentides","Maison des aînés et alternative","Sainte-Agathe-des-Monts","Construction"
"542","Maison des aînés et alternative de Châteauguay – Construction","Les maisons des aînés et alternatives offriront aux personnes résidentes un milieu de vie climatisé, à dimension humaine. Elles comporteront des chambres individuelles avec une toilette et une douche adaptées à chaque résidente ou résident, qu'il s'agisse d'un aîné ou d'un adulte ayant des besoins particuliers.
Ce nouveau type d'hébergement, qui s'apparentera davantage à un domicile, favorisera les contacts humains ainsi qu'un mode de vie plus actif, entre autres grâce à un accès à des aires extérieures aménagées et à des installations mieux adaptées aux besoins des proches aidants et aidantes. Cette transformation sera aussi bénéfique pour le personnel qui y travaillera et contribuera d'ailleurs à l'attractivité et à la rétention de cette main-d'œuvre.
Le projet prévoit la construction d'une installation de 120 places.",102.00,102.00,0.00,,2022-12-31,"En réalisation","Avril 2022
Une hausse de 26,4 M$ au coût du projet a été autorisée. Initialement prévu à 75,6 M$, le coût est maintenant de 102,0 M$. De plus, la modification de la date de la mise en service a été autorisée. Initialement prévue en septembre 2022, elle e","Ministre de la Santé","Centre intégré de santé et de services sociaux de la Montérégie-Ouest","Société québécoise des infrastructures","Santé et Services sociaux","Santé et Services sociaux","16 – Montérégie","Maison des aînés et alternative","Châteauguay","Construction"
"763","Infrastructures portuaires – Traverse L'Isle-aux-Coudres–Saint-Joseph-de-la-Rive – Maintien et bonification","Les infrastructures portuaires de L'Isle-aux-Coudres et de Saint-Joseph-de-la-Rive ont pratiquement atteint leur durée de vie. Ce projet consiste en la reconstruction complète des terminaux de la traverse afin d'assurer un service régulier et pérenne, de réduire l'empreinte environnementale en diminuant le dragage et d'améliorer l'expérience de la clientèle.

De plus, l'adaptation des infrastructures portuaires est nécessaire afin de permettre l'utilisation du nouveau navire électrique qui sera affecté à cette traverse.

La Société des traversiers du Québec veillera à concrétiser, avec ce projet, le virage client qu'elle a entrepris en 2020 grâce à des aménagements qui répondent mieux aux besoins de la clientèle.",,,,,,"À l'étude","Mars 2021
Le projet a été autorisé à l'étape « À l'étude ».","Ministre des Transports et de la Mobilité durable","Société des traversiers du Québec","Société québécoise des infrastructures","Transports maritime, aérien, ferroviaire et autres","Économie et environnement","03 – Capitale-Nationale","Infrastructures portuaires","L'Isle-aux-Coudres et Saint-Joseph-de-la-Rive","Maintien et bonification"
"541","Maison des aînés de Saint-Jean-sur-Richelieu – Construction","Les maisons des aînés et alternatives offriront aux personnes résidentes un milieu de vie climatisé, à dimension humaine. Elles comporteront des chambres individuelles avec une toilette et une douche adaptées à chaque résidente ou résident, qu'il s'agisse d'un aîné ou d'un adulte ayant des besoins particuliers.
Ce nouveau type d'hébergement, qui s'apparentera davantage à un domicile, favorisera les contacts humains ainsi qu'un mode de vie plus actif, entre autres grâce à un accès à des aires extérieures aménagées et à des installations mieux adaptées aux besoins des proches aidants et aidantes. Cette transformation sera aussi bénéfique pour le personnel qui y travaillera et contribuera d'ailleurs à l'attractivité et à la rétention de cette main-d'œuvre.
Le projet prévoit la construction d'une installation de 192 places.",125.00,125.00,0.00,,2022-12-31,"En réalisation","Avril 2022
Une hausse de 17,8 M$ au coût du projet a été autorisée. Initialement prévu à 107,2 M$, le coût est maintenant de 125,0 M$. De plus, la modification de la date de la mise en service a été autorisée. Initialement prévue en septembre 2022, elle ","Ministre de la Santé","Centre intégré de santé et de services sociaux de la Montérégie-Centre","Société québécoise des infrastructures","Santé et Services sociaux","Santé et Services sociaux","16 – Montérégie","Maison des aînés et alternative","Saint-Jean-sur-Richelieu","Construction"
"540","Maison des aînés et alternative de Carignan – Construction","Les maisons des aînés et alternatives offriront aux personnes résidentes un milieu de vie climatisé, à dimension humaine. Elles comporteront des chambres individuelles avec une toilette et une douche adaptées à chaque résidente ou résident, qu'il s'agisse d'un aîné ou d'un adulte ayant des besoins particuliers.
Ce nouveau type d'hébergement, qui s'apparentera davantage à un domicile, favorisera les contacts humains ainsi qu'un mode de vie plus actif, entre autres grâce à un accès à des aires extérieures aménagées et à des installations mieux adaptées aux besoins des proches aidants et aidantes. Cette transformation sera aussi bénéfique pour le personnel qui y travaillera et contribuera d'ailleurs à l'attractivité et à la rétention de cette main-d'œuvre.
Le projet prévoit la construction d'une installation de 96 places.",86.80,86.80,0.00,,2023-12-31,"En réalisation","Avril 2022
Une hausse de 26,4 M$ au coût du projet a été autorisée. Initialement prévu à 60,4 M$, le coût est maintenant de 86,8 M$. De plus, la modification de la date de la mise en service a été autorisée. Initialement prévue en septembre 2022, elle es","Ministre de la Santé","Centre intégré de santé et de services sociaux de la Montérégie-Centre","Société québécoise des infrastructures","Santé et Services sociaux","Santé et Services sociaux","16 – Montérégie","Maison des aînés et alternative","Carignan","Construction"
"764","Infrastructures portuaires – Lien fluvial entre le Bas-Saint-Laurent et Charlevoix – Maintien et bonification","Pour assurer la pérennité du lien fluvial entre le Bas-Saint-Laurent et Charlevoix, la Société des traversiers du Québec (STQ) prévoit la construction d'un quai dans la région du Bas-Saint-Laurent pour une durée de vie de 50 ans, afin de mettre en service le NM Saaremaa I. 

Le projet devra diminuer substantiellement, voire éliminer, le dragage et étendre le service à la période hivernale, bonifiant ainsi le service actuel. 

La STQ veillera à concrétiser dans ce projet le virage client qu'elle a entrepris en 2020 grâce à des aménagements qui répondent mieux aux besoins de la clientèle.",,,,,,"À l'étude","Mars 2021
Le projet a été autorisé à l'étape « À l'étude ».","Ministre des Transports et de la Mobilité durable","Société des traversiers du Québec","Société québécoise des infrastructures","Transports maritime, aérien, ferroviaire et autres","Économie et environnement","01 – Bas-Saint-Laurent; 03 – Capitale-Nationale","Infrastructures portuaires","Bas-Saint-Laurent et Charlevoix","Maintien et bonification"
"545","Maison des aînés de Saint-Amable – Construction","Les maisons des aînés et alternatives offriront aux personnes résidentes un milieu de vie climatisé, à dimension humaine. Elles comporteront des chambres individuelles avec une toilette et une douche adaptées à chaque résidente ou résident, qu'il s'agisse d'un aîné ou d'un adulte ayant des besoins particuliers.
Ce nouveau type d'hébergement, qui s'apparentera davantage à un domicile, favorisera les contacts humains ainsi qu'un mode de vie plus actif, entre autres grâce à un accès à des aires extérieures aménagées et à des installations mieux adaptées aux besoins des proches aidants et aidantes. Cette transformation sera aussi bénéfique pour le personnel qui y travaillera et contribuera d'ailleurs à l'attractivité et à la rétention de cette main-d'œuvre.
Le projet prévoit la construction d'une installation de 72 places.",57.70,57.70,0.00,,2022-10-31,"En réalisation","Avril 2022
Une hausse de 6,0 M$ au coût du projet a été autorisée. Initialement prévu à 51,7 M$, le coût est maintenant de 57,7 M$. De plus, la modification de la date de la mise en service a été autorisée. Initialement prévue en septembre 2022, elle est","Ministre de la Santé","Centre intégré de santé et de services sociaux de la Montérégie-Est","Société québécoise des infrastructures","Santé et Services sociaux","Santé et Services sociaux","16 – Montérégie","Maison des aînés et alternative","Saint-Amable","Construction"
"544","Maison des aînés et alternative de Longueuil – Construction","Les maisons des aînés et alternatives offriront aux personnes résidentes un milieu de vie climatisé, à dimension humaine. Elles comporteront des chambres individuelles avec une toilette et une douche adaptées à chaque résidente ou résident, qu'il s'agisse d'un aîné ou d'un adulte ayant des besoins particuliers.
Ce nouveau type d'hébergement, qui s'apparentera davantage à un domicile, favorisera les contacts humains ainsi qu'un mode de vie plus actif, entre autres grâce à un accès à des aires extérieures aménagées et à des installations mieux adaptées aux besoins des proches aidants et aidantes. Cette transformation sera aussi bénéfique pour le personnel qui y travaillera et contribuera d'ailleurs à l'attractivité et à la rétention de cette main-d'œuvre.
Le projet prévoit la construction d'une installation de 72 places.",61.50,61.50,0.00,,2023-12-31,"En réalisation","Avril 2022
Une hausse de 15,0 M$ au coût du projet a été autorisée. Initialement prévu à 46,5 M$, le coût est maintenant de 61,5 M$. De plus, la modification de la date de la mise en service a été autorisée. Initialement prévue en septembre 2022, elle es","Ministre de la Santé","Centre intégré de santé et de services sociaux de la Montérégie-Est","Société québécoise des infrastructures","Santé et Services sociaux","Santé et Services sociaux","16 – Montérégie","Maison des aînés et alternative","Longueuil","Construction"
"546","Maison des aînés de Beloeil – Construction","Les maisons des aînés et alternatives offriront aux personnes résidentes un milieu de vie climatisé, à dimension humaine. Elles comporteront des chambres individuelles avec une toilette et une douche adaptées à chaque résidente ou résident, qu'il s'agisse d'un aîné ou d'un adulte ayant des besoins particuliers.
Ce nouveau type d'hébergement, qui s'apparentera davantage à un domicile, favorisera les contacts humains ainsi qu'un mode de vie plus actif, entre autres grâce à un accès à des aires extérieures aménagées et à des installations mieux adaptées aux besoins des proches aidants et aidantes. Cette transformation sera aussi bénéfique pour le personnel qui y travaillera et contribuera d'ailleurs à l'attractivité et à la rétention de cette main-d'œuvre.
Le projet prévoit la construction d'une installation de 96 places.",71.50,71.50,0.00,,2022-10-31,"En réalisation","Avril 2022
Une baisse de 1,4 M$ au coût du projet a été autorisée. Initialement prévu à 72,9 M$, le coût est maintenant de 71,5 M$. De plus, la modification de la date de la mise en service a été autorisée. Initialement prévue en septembre 2022, elle est","Ministre de la Santé","Centre intégré de santé et de services sociaux de la Montérégie-Est","Société québécoise des infrastructures","Santé et Services sociaux","Santé et Services sociaux","16 – Montérégie","Maison des aînés et alternative","Beloeil","Construction"
"394","École primaire (A) du centre de services scolaire Marie-Victorin – Brossard – Construction","Le projet consiste en la construction d'une école primaire à Brossard, sur le territoire du centre de services scolaire Marie-Victorin. Afin de réduire le déficit d'espace reconnu par le Ministère, trente-deux classes seront construites.",,,,,,"En planification","Mars 2020
Le projet a été autorisé à l'étape « En planification ».","Ministre de l'Éducation","Centre de services scolaire Marie-Victorin","Centre de services scolaire Marie-Victorin","Éducation","Éducation et culture","16 – Montérégie","École primaire du centre de services scolaire Marie-Victorin","Brossard","Construction"
"867","École primaire Sainte-Louise-de-Marillac, annexe du centre de services scolaire de Montréal – Reconstruction","Le projet a consisté en la démolition du bâtiment situé au 8075, rue Hochelaga à Montréal et en une reconstruction en école primaire du centre de services scolaire de Montréal. Afin de réduire le déficit d'espace reconnu par le Ministère, seize classes ont été construites. Cet édifice est annexé à l'école primaire Sainte-Louise-de-Marillac et se nomme école primaire Sainte-Louise-de-Marillac, annexe. La capacité totale de l'école est maintenant de vingt-huit classes.",20.70,20.70,0.00,,2022-08-31,"En service","Mars 2023
Mise en service complète de l'infrastructure au cours de l'année financière 2022-2023. En conséquence, il sera retiré du Tableau de bord lors de la prochaine mise à jour annuelle.
Mars 2022
Le projet a été autorisé à l'étape « En planificatio","Ministre de l'Éducation","Centre de services scolaire de Montréal","Centre de services scolaire de Montréal","Éducation","Éducation et culture","06 – Montréal","École primaire Sainte-Louise-de-Marillac, annexe du centre de services scolaire de Montréal","Montréal","Reconstruction"
"132","Université de Montréal, complexe des sciences (phase I) – Montréal – Construction","Le projet consiste en la construction d'un pavillon de deux ailes (une pour l'enseignement et une pour la recherche) sur le site de la gare d'Outremont. 
Cette nouvelle installation, qui vise la certification Or de la norme LEED, abritera divers départements de recherche, notamment pour la chimie, la physique, la géographie et les sciences biologiques. La pluralité des disciplines réunies sous un même toit favorisera les interactions transversales, dans un contexte où l'innovation découle souvent du croisement qui se produit entre de nombreux champs d'études. L'envergure des travaux autorisés est de près de 55 000 m² bruts. La phase II de ce projet correspond au projet 313 du Tableau de bord.",348.30,145.00,203.30,2019-09-01,2020-05-01,"En service","Mars 2022
La mise en service complète de l'infrastructure a été autorisée au cours de l'année financière 2020-2021.
Mars 2020
La modification de la date de la mise en service complète a été autorisée. Initialement prévue en mai 2019, elle est reportée ","Ministre de l'Enseignement supérieur; Ministre de l'Économie, de l'Innovation et de l'Énergie","Université de Montréal","Université de Montréal en association avec la Société québécoise des infrastructures","Enseignement supérieur","Éducation et culture","06 – Montréal","Université de Montréal","Montréal","Construction"
"510","Maison des aînés et alternative de Rimouski – Construction","Les maisons des aînés et alternatives offriront aux personnes résidentes un milieu de vie climatisé, à dimension humaine. Elles comporteront des chambres individuelles avec une toilette et une douche adaptées à chaque résidente ou résident, qu'il s'agisse d'un aîné ou d'un adulte ayant des besoins particuliers.
Ce nouveau type d'hébergement, qui s'apparentera davantage à un domicile, favorisera les contacts humains ainsi qu'un mode de vie plus actif, entre autres grâce à un accès à des aires extérieures aménagées et à des installations mieux adaptées aux besoins des proches aidants et aidantes. Cette transformation sera aussi bénéfique pour le personnel qui y travaillera et contribuera d'ailleurs à l'attractivité et à la rétention de cette main-d'œuvre.
Le projet prévoit la construction d'une installation de 72 places.",50.70,50.70,0.00,,2022-09-15,"En service","Mars 2023
Mise en service complète de l'infrastructure au cours de l'année financière 2022-2023.
Avril 2022
Une baisse de 2,5 M$ au coût du projet a été autorisée. Initialement prévu à 53,2 M$, le coût est maintenant de 50,7 M$.
Juillet 2020
Le proje","Ministre de la Santé","Centre intégré de santé et de services sociaux du Bas-Saint-Laurent","Société québécoise des infrastructures","Santé et Services sociaux","Santé et Services sociaux","01 – Bas-Saint-Laurent","Maison des aînés et alternative","Rimouski","Construction"
"762","Maison des aînés et alternative de Rivière-du-Loup – Construction","Pour répondre aux besoins, une maison des aînés et alternative de 120 places a été construite à Rivière-du-Loup.
Les maisons des aînés et alternatives visent à offrir aux personnes résidentes un milieu de vie climatisé, à dimension humaine. Elles comportent des chambres individuelles avec une toilette et une douche adaptées à chaque résident.
Ce nouveau type d'hébergement, qui s'apparente davantage à un domicile, favorise les contacts humains ainsi qu'un mode de vie plus actif, entre autres grâce à un accès à des aires extérieures aménagées et à des installations mieux adaptées aux besoins des proches aidants. Cette transformation est aussi bénéfique pour le personnel qui y travaille et contribue d'ailleurs à l'attractivité et à la rétention de cette main-d'œuvre.",81.00,81.00,0.00,,2022-09-15,"En service","Mars 2023
Mise en service complète de l'infrastructure au cours de l'année financière 2022-2023.
Avril 2022
Une hausse de 7,2 M$ au coût du projet a été autorisée. Initialement prévu à 73,8 M$, le coût est maintenant de 81,0 M$.
Juillet 2020
Le proje","Ministre de la Santé","Centre intégré de santé et de services sociaux du Bas-Saint-Laurent","Société québécoise des infrastructures","Santé et Services sociaux","Santé et Services sociaux","01 – Bas-Saint-Laurent","Maison des aînés et alternative","Rivière-du-Loup","Construction"
"598","Centre de formation professionnelle des Moulins, édifice des Industries du centre de services scolaire des Affluents – Mascouche – Construction","Le projet a consisté en la construction de l'édifice des Industries du centre de formation professionnelle des Moulins à Mascouche. Situé sur le territoire du centre de service scolaire des Affluents, il abrite les services de formation professionnelle en mécanique de machines fixes et en techniques d'usinage.",25.50,25.50,0.00,,2022-08-01,"En service","Mars 2023
Mise en service complète de l'infrastructure au cours de l'année financière 2022-2023. Le projet sera retiré du Tableau de bord lors de la prochaine mise à jour annuelle.
Mars 2022
Le projet a été autorisé à l'étape « En réalisation ».
Mars ","Ministre de l'Éducation","Centre de services scolaire des Affluents","Centre de services scolaire des Affluents","Éducation","Éducation et culture","14 – Lanaudière","Centre de formation professionnelle des Moulins, édifice des Industries du centre de services scolaire des Affluents","Mascouche","Construction"
"379","École secondaire de la Cité du centre de services scolaire des Portages-de-l'Outaouais – Gatineau – Construction","Le projet a consisté en la construction d'une école secondaire à Gatineau, dans le secteur de l'Amérique-Française, sur le territoire du centre de services scolaire des Portages-de-l'Outaouais. Ce projet permet d'ajouter 810 places-élèves afin de réduire le déficit d'espace reconnu par le Ministère. Cette nouvelle école porte désormais le nom d'école secondaire de la Cité.",51.80,51.80,0.00,,2022-08-31,"En service","Mars 2023
Mise en service complète de l'infrastructure au cours de l'année financière 2022-2023. Le projet sera retiré du Tableau de bord lors de la prochaine mise à jour annuelle.
Mars 2022
Le projet a été autorisé à l'étape « En réalisation ».
Mars ","Ministre de l'Éducation","Centre de services scolaire des Portages-de-l'Outaouais","Centre de services scolaire des Portages-de-l'Outaouais","Éducation","Éducation et culture","07 – Outaouais","École secondaire de la Cité du centre de services scolaire des Portages-de-l'Outaouais","Gatineau","Construction"
"380","École primaire du centre de services scolaire de Laval (secteur Val-Martin) – Acquisition, agrandissement et réaménagement","Le projet consiste en l'acquisition, l'agrandissement et le réaménagement du 515 boul. Curé-Labelle à Laval, sur le territoire du centre de services scolaire de Laval. Afin de réduire le déficit d'espace reconnu par le Ministère, vingt-huit classes sont prévues.",,,,,,"En planification","Mars 2020
Le projet a été autorisé à l'étape « En planification ».","Ministre de l'Éducation","Centre de services scolaire de Laval","Centre de services scolaire de Laval","Éducation","Éducation et culture","13 – Laval","École primaire du centre de services scolaire de Laval (secteur Val-Martin)","Laval ","Acquisition, agrandissement et réaménagement"
"381","École primaire du centre de services scolaire de la Pointe-de-l'Île – Montréal (arrondissement de Montréal-Nord) – Construction","Le projet consiste en la construction d'une école primaire à Montréal, dans l'arrondissement de Montréal-Nord, sur le territoire du centre de services scolaire de la Pointe-de-l'Île. Afin de réduire le déficit d'espace reconnu par le Ministère, quarante-deux classes sont prévues.",,,,,,"En planification","Mars 2020
Le projet a été autorisé à l'étape « En planification ».","Ministre de l'Éducation","Centre de services scolaire de la Pointe-de-l'Île","Société québécoise des infrastructures","Éducation","Éducation et culture","06 – Montréal","École primaire du centre de services scolaire de la Pointe-de-l'Île – Montréal (arrondissement Montréal-Nord)","Montréal","Construction"
"390","École secondaire Casavant du centre de services scolaire de Saint-Hyacinthe – Agrandissement","Le projet a consisté en l'agrandissement de l'école secondaire Casavant du centre de services scolaire de Saint-Hyacinthe par le réaménagement de l'aile Girouard. Afin de réduire le déficit d'espace reconnu par le Ministère, 928 places-élèves ont été ajoutées. Ainsi, la capacité d'accueil de l'école est désormais de 2 001 places-élèves.",43.70,43.70,0.00,,2022-08-22,"En service","Mars 2023
Mise en service complète de l'infrastructure au cours de l'année financière 2022-2023. Le projet sera retiré du Tableau de bord lors de la prochaine mise à jour annuelle.
Mars 2022
Le projet a été autorisé à l'étape « En réalisation ». Le pro","Ministre de l'Éducation","Centre de services scolaire de Saint-Hyacinthe","Centre de services scolaire de Saint-Hyacinthe","Éducation","Éducation et culture","16 – Montérégie","École secondaire Casavant du centre de services scolaire de Saint-Hyacinthe","Saint-Hyacinthe","Agrandissement"
"392","École primaire du centre de services scolaire de la Rivière-du-Nord (secteur Bellefeuille) – Saint-Jérôme – Construction","Le projet consiste en la construction d'une école primaire à Saint-Jérôme, dans le secteur Bellefeuille, du territoire du centre de services scolaire de la Rivière-du-Nord. Afin de réduire le déficit d'espace reconnu par le Ministère, trente classes seront construites.",46.50,46.40,0.10,,2024-09-30,"En réalisation","Mars 2022
Le projet a été autorisé à l'étape « En réalisation ».
Mars 2020
Le projet a été autorisé à l'étape « En planification ».","Ministre de l'Éducation","Centre de services scolaire de la Rivière-du-Nord","Centre de services scolaire de la Rivière-du-Nord","Éducation","Éducation et culture","15 – Laurentides","École primaire du centre de services scolaire de la Rivière-du-Nord (secteur Bellefeuille)","Saint-Jérôme","Construction"
"413","Université de Sherbrooke, pavillon de médecine personnalisée et de recherche translationnelle – Construction","La Faculté de médecine et des sciences de la santé (FMSS) de l'Université de Sherbrooke présente un déficit d'espace dû à une croissance des activités de recherche de la Faculté, au nombre de chercheurs, aux octrois de recherche et au nombre de chaires de recherche. Le projet vise la construction d'un pavillon de médecine personnalisée et de recherche translationnelle (PMPRT) de 5 446 m² nets, sur 4 étages. Ce nouveau pavillon, consacré à la recherche sur le campus de l'Université de Sherbrooke, permettra de :
• Offrir un environnement de travail répondant aux normes et aux exigences réglementaires actuelles en matière de contrôle de paramètres environnementaux, de santé et de sécurité du travail (SST), de sûreté nucléaire et de biosécurité (biosûreté)
• Regrouper les activités de recherche de la FMSS de l'Université de Sherbrooke dans le nouveau pavillon
• Réduire le déficit d'espace en recherche au Campus de la santé
• Allouer, à des fins d'enseignement, 3 000 m² nets d'espace dans l'aile IV du centre hospitalier universitaire de Sherbrooke (CHUS) — Hôpital Fleurimont, actuellement loué pour la recherche
• Rétrocéder un espace équivalent à 1 790 m² nets au CIUSSS de l'Estrie-CHUS
• Regrouper les équipements spécialisés afin d'en optimiser l'utilisation par l'ensemble des équipes de recherche sur le campus",47.10,42.40,4.70,,2027-06-01,"En réalisation","Mars 2023
La modification de la date de la mise en service complète a été autorisée. Prévue en septembre 2025, elle est reportée à juin 2027.
Mai 2022
Une hausse de 7,7 M$ au coût du projet a été autorisée. Initialement prévu à 39,4 M$, le coût est mai","Ministre de l'Économie, de l'Innovation et de l'Énergie","Université de Sherbrooke","Université de Sherbrooke","Recherche","Économie et environnement","05 – Estrie","Université de Sherbrooke","Sherbrooke","Construction"
"415","École de technologie supérieure, pavillon principal – Montréal – Réaménagement","Le projet vise la transformation de salles de classe et de locaux d'étudiants en 26 laboratoires de recherche. La conversion, notamment, de 29 salles de classe et de plus de 50 locaux et ateliers de clubs étudiants, totalise une superficie de 6 670 m² nets. Le projet contribuera à l'excellence de la recherche universitaire, à la formation de la relève, à la valorisation des résultats de recherche et à la qualité de l'enseignement universitaire.",36.40,21.80,14.60,2021-08-31,2026-04-01,"En service","Mars 2023
La modification de la date de la mise en service complète a été autorisée. Prévue en juin 2023, elle est reportée à avril 2026.
Mars 2022
La mise en service partielle de l'infrastructure a été autorisée au cours de l'année financière 2021-202","Ministre de l'Économie, de l'Innovation et de l'Énergie","École de technologie supérieure","École de technologie supérieure","Recherche","Économie et environnement","06 – Montréal","École de technologie supérieure","Montréal","Réaménagement"
"879","Université du Québec à Trois-Rivières, pavillon de la recherche et de l'innovation sur les technologies vertes et durables – Construction","Le projet vise la construction d'un pavillon au centre-ville de Trois-Rivières qui sera conçu selon un modèle de développement carboneutre et certifié LEED, indépendant et autonome énergiquement, et qui se veut un modèle de construction orienté vers la transition énergétique en plus d'être innovant et de réunir divers créneaux de recherches phares de l'Université du Québec à Trois-Rivières. L'édifice comprendra un environnement contrôlé avec des espaces de culture intérieure (éclairage artificiel), une serre sur le toit, un parc commun, des équipements de recherche et de nombreux laboratoires d'analyse interdisciplinaires à la fine pointe de la technologie.",,,,,,"En planification","Mars 2022
Le projet a été autorisé à l'étape « En planification ».","Ministre de l'Économie, de l'Innovation et de l'Énergie","Université du Québec à Trois-Rivières","Université du Québec à Trois-Rivières","Recherche","Économie et environnement","04 – Mauricie","Université du Québec à Trois-Rivières","Trois-Rivières","Construction"
"1019","Institut interdisciplinaire d'innovation technologique – Sherbrooke – Acquisition et agrandissement","Le projet vise l'achat d'équipements pour répondre aux besoins de recherche de la Chaîne d'innovation intégrée (Chaîne) de l'institut interdisciplinaire d'innovation technologique (3IT) et du centre de collaboration MiQro Innovation (C2MI). Ces recherches concernent les micro-nanotechnologies, la physique quantique et l'intelligence artificielle. Le projet vise également l'agrandissement du 3IT de 1 350 m². Ces interventions favoriseront le maintien du positionnement stratégique de la Chaîne, les collaborations et les partenariats en recherche avec les entreprises et autres organisations ainsi que le recrutement de chercheurs et d'étudiants.",21.20,19.10,2.10,,2026-04-01,"En réalisation","Mars 2023
Le projet a été autorisé à l'étape « En réalisation ».","Ministre de l'Économie, de l'Innovation et de l'Énergie","Université de Sherbrooke","Université de Sherbrooke","Recherche","Économie et environnement","05 – Estrie","Université de Sherbrooke","Sherbrooke","Acquisition et agrandissement"
"961","École de technologie supérieure, pôle d'entrepreneuriat – Montréal – Réaménagement","Le projet vise le réaménagement d'environ 930 m² d'espaces loués au Parquet de la Bourse, à Montréal, pour la création d'un pôle d'entrepreneuriat d'envergure internationale en hautes technologies. Le pôle accueillera plusieurs incubateurs, entreprises émergentes, entreprises matures, services de proximité pour les entreprises émergentes, etc. Les salles de réunion, l'aire de présentation et le café seront communs. Un espace de prototypage sera également disponible pour tous. L'offre de service de cet espace se situera dans la fabrication mécanique avec, notamment, des imprimantes 3D, de la fabrication microélectronique et des espaces pour le soudage et l'assemblage.",,,,,,"En planification","Mars 2023
Le projet a été autorisé à l'étape « En planification ».","Ministre de l'Économie, de l'Innovation et de l'Énergie","École de technologie supérieure","École de technologie supérieure","Recherche","Économie et environnement","06 – Montréal","École de technologie supérieure","Montréal","Réaménagement"
"959","Carrefour de l'innovation en pêches et aquaculture – Grande-Rivière – Acquisition, agrandissement et réaménagement","Le projet consiste en l'agrandissement du Carrefour de l'innovation en pêches et aquaculture totalisant une superficie de 2 735 m². La mise aux normes de la salle des bassins et le réaménagement des espaces sont également prévus. Le projet permettra la réalisation de nouveaux projets de recherche, la création et le maintien d'emplois ainsi que la formation d'étudiants dans le domaine des pêches et de l'aquaculture.",34.70,25.80,8.90,2026-04-01,2027-04-01,"En réalisation","Mars 2023
Le projet a été autorisé à l'étape « En réalisation ».","Ministre de l'Économie, de l'Innovation et de l'Énergie","Merinov","Merinov","Recherche","Économie et environnement","11 – Gaspésie–Îles-de-la-Madeleine","Carrefour de l'innovation en pêches et aquaculture","Grande-Rivière","Acquisition, agrandissement et réaménagement"
"421","École de technologie supérieure, pavillon F – Montréal – Construction ","Le projet consiste en la construction d'un pavillon destiné à des activités de recherche et d'innovation. Il sera conçu avec la même facture architecturale que la Maison des étudiants pour renforcer l'image de cohésion du campus.",63.70,46.20,17.50,,2024-03-31,"En réalisation","Mars 2023
Une hausse de 21,2 M$ au coût du projet a été autorisée. Initialement prévu à 42,9 M$, le coût est maintenant de 63,7 M$. Ainsi, la contribution du Québec passe de 42,9 M$ à 46,2 M$ et une contribution des partenaires de 17,5 M$ est maintenant ","Ministre de l'Enseignement supérieur","École de technologie supérieure","École de technologie supérieure","Enseignement supérieur","Éducation et culture","06 – Montréal","École de technologie supérieure","Montréal","Construction"
"505","Université du Québec à Trois-Rivières, pavillon (campus de Drummondville) – Construction","Le projet visait la construction d'un pavillon supplémentaire sur le campus de Drummondville de l'Université du Québec à Trois-Rivières (UQTR). Le pavillon abrite les quatre composantes du centre national intégré du manufacturier innovant (CNIMI). Les vocations visées par ce nouveau bâtiment sont multiples : enseignement, recherche, incubateur d'entreprises, valorisation et transfert de technologie. Il est prévu d'y accueillir des étudiants du cégep de Drummondville et de l'UQTR. Les superficies à construire représentaient près de 5 800 m² bruts répartis sur trois niveaux. Le CNIMI contribuait à aider les manufacturiers du Québec à moderniser leurs processus et à demeurer compétitifs.",31.50,19.00,12.50,,2022-04-01,"En service","Mars 2023
Une hausse de 0,1 M$ au coût du projet a été autorisée. Initialement prévu à 31,4 M$, le coût est maintenant de 31,5 M$. Ainsi, la contribution du Québec passe de 18,9 M$ à 19,0 M$ et celle des partenaires demeure à 12,5 M$. De plus, la mise en","Ministre de l'Enseignement supérieur; Ministre de l'Économie, de l'Innovation et de l'Énergie","Université du Québec à Trois-Rivières","Université du Québec à Trois-Rivières","Recherche","Économie et environnement","17 – Centre-du-Québec","Université du Québec à Trois-Rivières","Drummondville","Construction"
"554","Cégep de Maisonneuve – Montréal – Agrandissement","Le projet consiste en un ajout d'espaces sur quatre étages, d'un rez-de-chaussée et d'un sous-sol, représentant 6 690 m² bruts, au rapatriement d'espaces actuellement en location et au réaménagement des espaces libérés, représentant 1 050 m² nets. Le projet vise à résorber le déficit d'espaces actuellement reconnu par le Ministère.",51.80,51.00,0.80,,2023-12-01,"En réalisation","Août 2022
Le projet a été autorisé à l'étape « En réalisation ».
Mars 2021
Le projet a été autorisé à l'étape « En planification ».","Ministre de l'Enseignement supérieur","Cégep de Maisonneuve","Cégep de Maisonneuve","Enseignement supérieur","Éducation et culture","06 – Montréal","Cégep de Maisonneuve","Montréal","Agrandissement"
"561","Université McGill, bibliothèque McLennan-Redpath – Montréal – Réaménagement","Le projet consiste en un réaménagement de la bibliothèque McLennan-Redpath afin de maximiser la capacité du site, d'améliorer la connectivité au sein du complexe et d'entreprendre une rénovation majeure. Ce projet permettra à l'université d'entreposer environ 70 % de la collection de la bibliothèque hors du site, libérant ainsi l'espace pour les étudiants.",,,,,,"En planification","Janvier 2021
Le projet a été autorisé à l'étape « En planification ».","Ministre de l'Enseignement supérieur","Université McGill","Université McGill","Enseignement supérieur","Éducation et culture","06 – Montréal","Université McGill","Montréal","Réaménagement"
"564","Université McGill, pavillon des sciences biologiques Stewart – Montréal – Réfection","Le pavillon Stewart abrite des locaux de recherche en biologie, un des piliers des sciences de la durabilité à l'Université McGill. L'édifice ne répond plus aux normes qui régissent les installations universitaires modernes, notamment en ce qui a trait au risque d'exposition à l'amiante. Le projet porte ainsi sur la réfection de l'aile ouest afin d'y aménager des laboratoires de recherche et d'enseignement à la fine pointe de la technologie ainsi que des installations qui accueilleront du matériel de recherche.",143.20,100.50,42.70,,2023-08-01,"En réalisation","Mars 2023
Une hausse de 16,8 M$ au coût du projet a été autorisée. Initialement prévu à 126,4 M$, le coût est maintenant de 143,2 M$. Ainsi, la contribution du Québec passe de 83,7 M$ à 100,5 M$ et celle des partenaires demeure à 42,7 M$.
Mars 2021
Le ","Ministre de l'Enseignement supérieur","Université McGill","Université McGill","Enseignement supérieur","Éducation et culture","06 – Montréal","Université McGill","Montréal","Réfection"
"566","Université de Montréal, pavillon Roger-Gaudry – Montréal – Réfection","Le projet prévoit le remplacement d'environ 33 % des fenêtres du pavillon Roger-Gaudry en raison de leur état de vétusté avancée. Des travaux de réfection de la maçonnerie sur toutes les façades du bâtiment sont également prévus. Le projet « 201 - Université de Montréal, pavillons Roger-Gaudry et Marie-Victorin – Réaménagement » prévoit pour sa part, le réaménagement des espaces intérieurs de ce bâtiment.",49.60,49.60,0.00,,2025-03-31,"En réalisation","Mars 2022
Le projet a été autorisé à l'étape « En réalisation ».","Ministre de l'Enseignement supérieur","Ministère de l'Enseignement supérieur","Université de Montréal ","Enseignement supérieur","Éducation et culture","06 – Montréal","Université de Montréal","Montréal","Réfection"
"568","Université Concordia, 4e étage – Montréal – Réfection et réaménagement","Le projet consiste à rénover et à réaménager la portion sud-est du 4e étage de l'université Concordia afin de consolider les services du département d'informatique et la portion sud-est du 6e étage pour consolider certains services aux étudiants. Les superficies touchées présentent de nombreux problèmes tels que la désuétude des systèmes électromécaniques vieux de 53 ans, la présence d'amiante et la déficience de la protection incendie.
Le projet inclut la démolition de la zone, l'enlèvement de l'amiante, la décontamination et l'ignifugation de la structure, la construction de nouveaux systèmes intérieurs (murs, plafonds, planchers) et l'encloisonnement des escaliers mécaniques pour respecter le code du bâtiment. Le projet inclut également le remplacement des systèmes mécaniques, de la distribution électrique, du réseau informatique et de l'infrastructure pour les services audiovisuels, l'installation de gicleurs et de nouveaux appareils d'éclairage et de la signalisation.",38.80,36.30,2.50,,2024-03-31,"En réalisation","Mars 2023
Une hausse de 0,7 M$ au coût du projet a été autorisée. Prévu à 38,1 M$, le coût est maintenant de 38,8 M$. Ainsi, la contribution du Québec passe de 35,5 M$ à 36,3 M$ et celle des partenaires, de 2,6 M$ à 2,5 M$.
Mars 2022
Une hausse de 1,5 ","Ministre de l'Enseignement supérieur","Université Concordia","Université Concordia","Enseignement supérieur","Éducation et culture","06 – Montréal","Université Concordia","Montréal","Réfection et réaménagement"
"834","Université McGill, 12 pavillons – Montréal – Réfection et réaménagement","La réalisation du projet de l'Université McGill sur une partie du site de l'ancien hôpital Royal Victoria permettra de rassembler au sein du site des activités d'enseignement et de recherche présentement disséminées sur le campus principal de l'université.
Par un effet de cascade, les espaces laissés vacants sur le campus principal de l'université devront être réaffectés afin d'accueillir adéquatement d'autres groupes académiques présentement logés en location externe au centre-ville de Montréal.",,,,,,"En planification","Mai 2021
Le projet a été autorisé à l'étape « En planification ».","Ministre de l'Enseignement supérieur","Université McGill","Université McGill","Enseignement supérieur","Éducation et culture","06 – Montréal","Université McGill","Montréal","Réfection et réaménagement"
"836","Cégep Montmorency – Laval – Bonification","Le projet vise à répondre à un déficit d'espace auquel fait face le cégep Montmorency. Ce problème sera exacerbé par l'augmentation du nombre d'inscriptions prévue à l'horizon 2029. Un ajout d'espace doit donc être effectué, et ce, afin que l'établissement soit doté d'une capacité d'accueil adéquate pour ses futurs étudiants et étudiantes.",,,,,,"À l'étude","Juillet 2021
Le projet a été autorisé à l'étape « À l'étude ».","Ministre de l'Enseignement supérieur","Ministère de l'Enseignement supérieur","Société québécoise des infrastructures","Enseignement supérieur","Éducation et culture","13 – Laval","Cégep Montmorency","Laval","Bonification"
"263","École primaire-secondaire du centre de services scolaire Marguerite-Bourgeoys – Montréal (arrondissement de Verdun) – Construction","Le projet consiste en la construction d'une école primaire-secondaire à L'Île-des-Sœurs, sur le territoire du centre de services scolaire Marguerite-Bourgeoys. Afin de réduire le déficit d'espace reconnu par le Ministère, vingt-quatre classes d'enseignement primaire et 900 places-élèves d'enseignement secondaire sont prévues.",,,,,,"En planification","Janvier 2019
Le projet a été autorisé à l'étape « En planification ».","Ministre de l'Éducation","Centre de services scolaire Marguerite-Bourgeoys","Société québécoise des infrastructures","Éducation","Éducation et culture","06 – Montréal","École primaire-secondaire du centre de services scolaire Marguerite-Bourgeoys","Montréal","Construction"
"295","École secondaire du centre de services scolaire Marguerite-Bourgeoys – Montréal (arrondissement de L'Île-Bizard–Sainte-Geneviève) – Construction","Le projet consiste en la construction d'une école secondaire à Montréal dans le secteur Sainte-Geneviève, sur le territoire du centre de services scolaire Marguerite-Bourgeoys. Afin de réduire le déficit d'espace reconnu par le Ministère, 913 places-élèves sont prévues.",,,,,,"En planification","Juin 2019
Le projet a été autorisé à l'étape « En planification ».","Ministre de l'Éducation","Centre de services scolaire Marguerite-Bourgeoys","Société québécoise des infrastructures","Éducation","Éducation et culture","06 – Montréal","École secondaire du centre de services scolaire Marguerite-Bourgeoys","Montréal","Construction"
"920","Centres de transport de la STM, programme d'électrification (phase II) – Montréal – Bonification et maintien","Le programme vise la planification et la mise en œuvre de l'électrification dans les futurs centres de transport ainsi que dans les centres existants. La phase II de ce programme englobe l'ingénierie, l'approvisionnement en équipements, les travaux d'installation des équipements nécessaires à l'électrification ainsi que le plan de raccordement au réseau d'Hydro-Québec des centres de transport Legendre et Saint-Laurent. La phase I de ce projet correspond au projet « 773 - Centres de transport de la STM, programme d'électrification (phase I) – Montréal – Bonification et maintien » du Tableau de bord.",,,,,,"En planification","Mars 2022
Le projet a été autorisé à l'étape « En planification ».","Ministre des Transports et de la Mobilité durable","Société de transport de Montréal","Société de transport de Montréal","Transport collectif","Économie et environnement","06 – Montréal","Centres de transport de la STM","Montréal","Bonification et maintien"
"324","École secondaire de la commission scolaire Central Québec – Québec (arrondissement de Sainte-Foy–Sillery–Cap-Rouge) – Construction","Le projet consiste au remplacement des écoles secondaires Saint-Patrick (St. Patrick's High School) et Q.H.S., (Quebec High School) devenues vétustes, sur le territoire de la commission scolaire Central Québec, par la construction d'une seule école secondaire anglophone. Il est prévu que celle-ci aura une capacité d'environ 1 420 places-élèves.",,,,,,"En planification","Juin 2022
Le projet a été autorisé à l'étape « En planification ».
Novembre 2019
Le projet a été autorisé à l'étape « À l'étude ».","Ministre de l'Éducation","Commission scolaire Central Québec","Société québécoise des infrastructures","Éducation","Éducation et culture","03 – Capitale-Nationale","École secondaire de la commission scolaire Central Québec","Québec","Construction"
"326","École secondaire Pierre-Bédard du centre de services scolaire des Grandes-Seigneuries – Saint-Rémi – Agrandissement et réaménagement","Le projet consiste en l'agrandissement et au réaménagement de l'école secondaire Pierre-Bédard à Saint-Rémi, sur le territoire du centre de services scolaire des Grandes-Seigneuries. Afin de réduire le déficit d'espace reconnu par le Ministère, l'ajout de 605 places-élèves est prévu. Ainsi, la capacité d'accueil de l'école sera de 1 073 places-élèves.",,,,,,"En planification","Décembre 2020
Le projet a été autorisé à l'étape « En planification ».","Ministre de l'Éducation","Centre de services scolaire des Grandes-Seigneuries","Société québécoise des infrastructures","Éducation","Éducation et culture","16 – Montérégie","École secondaire Pierre-Bédard du centre de services scolaire des Grandes-Seigneuries","Saint-Rémi","Agrandissement et réaménagement"
"367","École primaire du centre de services scolaire de la Rivière-du-Nord (secteur Lafontaine) – Saint-Jérôme – Construction","Le projet consiste en la construction d'une école primaire à Saint-Jérôme, dans le secteur Lafontaine du territoire du centre de services scolaire de la Rivière-du-Nord. Afin de réduire le déficit d'espace reconnu par le Ministère, trente classes seront construites.",46.60,46.50,0.10,,2024-08-31,"En réalisation","Mars 2023
Le projet a été autorisé à l'étape « En réalisation ».
Mars 2020
Le projet a été autorisé à l'étape « En planification ».","Ministre de l'Éducation","Centre de services scolaire de la Rivière-du-Nord","Centre de services scolaire de la Rivière-du-Nord","Éducation","Éducation et culture","15 – Laurentides","École primaire du centre de services scolaire de la Rivière-du-Nord","Saint-Jérôme","Construction"
"5","Métro de Montréal, voitures de métro AZUR – Remplacement","Le projet visait l'acquisition de 468 nouvelles voitures pour le métro de Montréal ainsi que la mise à niveau de certaines infrastructures pour permettre l'exploitation et l'entretien des nouvelles voitures.",2033.60,1525.80,507.80,2016-02-01,2019-06-01,"En service","Mars 2023
Tous les équipements ont été acquis. Le projet sera retiré du Tableau de bord lors de la prochaine mise à jour annuelle.
Mars 2021
Une baisse de 88,8 M$ au coût du projet a été autorisée. Prévu à 2 122,4 M$, le coût est maintenant de 2 033,6 ","Ministre des Transports et de la Mobilité durable","Société de transport de Montréal","Société de transport de Montréal","Transport collectif","Économie et environnement","06 – Montréal","Métro de Montréal","Montréal","Remplacement"
"37","Métro de Montréal, programme Réno-Systèmes (phase III) – Maintien et bonification","Le programme Réno-Systèmes vise le remplacement, la construction ou la remise à neuf d'équipements fixes directement liés à l'exploitation du métro. Les catégories concernées sont les installations motorisées (escaliers mécaniques, ventilation, ascenseurs), les équipements de voie, l'équipement d'énergie d'exploitation et de contrôle des trains ainsi que les systèmes de télécommunication et de contrôle des procédés d'exploitation. La phase IV de ce projet correspond au projet « 172 - Métro de Montréal, programme Réno-Systèmes (phase IV) – Maintien et bonification » et la phase V de ce projet correspond au projet « 171 - Métro de Montréal, programme Réno-Systèmes (phase V) – Maintien et bonification » du Tableau de bord.",500.00,262.70,237.30,2011-05-01,2024-12-31,"En service","Mars 2023
La modification de la date de la mise en service complète a été autorisée. Prévue en décembre 2023, la mise en service est reportée à décembre 2024.
Mars 2022
La modification du début de la mise en service a été autorisée. Elle remonte à mai ","Ministre des Transports et de la Mobilité durable","Société de transport de Montréal","Société de transport de Montréal","Transport collectif","Économie et environnement","06 – Montréal","Métro de Montréal","Montréal","Maintien et bonification"
"39","Métro de Montréal, ligne bleue de la station Saint-Michel à Anjou – Prolongement","Le projet vise le prolongement de la ligne bleue du métro de Montréal par l'ajout de cinq stations, sur le territoire, pour une longueur de tunnel d'environ 6 km, soit de la station Saint-Michel à celle d'Anjou. La portée du projet inclut également :
•	L'ajout de deux terminus d'autobus, soit un à la future station Pie-IX et un à la future station Anjou ;
•	Plusieurs infrastructures opérationnelles pour l'exploitation du nouveau tronçon :
    -	L'ajout d'un garage souterrain comportant :
        ○	Une voie de raccordement permettant le stationnement de deux trains de neuf voitures,
        ○	Une arrière-gare de six positions pour trains de neuf voitures ;
    -	La modification de la structure auxiliaire existante à la station Saint-Michel (SA1 – Michel-Ange) ;
    -	L'ajout de six structures auxiliaires et de trois infrastructures destinées à des postes de redressement ;
    -	L'ajout d'un centre de services regroupant les équipes d'entretien des infrastructures en station ;
    -	L'ajout d'un poste de district.
•	L'ajout d'un raccordement au projet du service rapide par bus Pie-IX par un tunnel piétonnier ;
•	L'ajout d'un lien de transport actif à la station Anjou permettant d'accéder de part et d'autre de l'autoroute 25. 
Les objectifs sont d'améliorer la mobilité dans la région de Montréal, de favoriser la mobilité durable, d'appuyer le développement urbain et économique ainsi que de consolider le réseau de transport collectif.",0.00,0.00,0.00,,,"En réalisation","Juin 2022
Le projet a été autorisé à l'étape « En réalisation ». Le coût et la date de mise en service de l'infrastructure seront diffusés à la fin du processus d'appel d'offres.
Décembre 2017
Le projet a été autorisé à l'étape « En planification ».","Ministre des Transports et de la Mobilité durable","Autorité régionale de transport métropolitain conjointement avec la Société de transport de Montréal","Société de transport de Montréal en association avec la Société québécoise des infrastructures","Transport collectif","Économie et environnement","06 – Montréal","Métro de Montréal","Montréal","Prolongement"
"130","Centre d'entretien Pointe-Saint-Charles d'exo – Montréal – Construction","Le projet de construction vise à assurer l'entretien du matériel roulant de la ligne de trains de banlieue de Mont-Saint-Hilaire et de Mascouche. Il est devenu nécessaire après que le Canadien National (CN) a annoncé qu'il mettrait fin à ce service.",311.70,209.10,102.60,,2021-12-31,"En service","Mars 2022
La mise en service complète de l'infrastructure a été autorisée au cours de l'année financière 2021-2022.
Janvier 2020
La modification de la portée du projet a été revue à la baisse par la diminution des besoins d'entretien requis suite la mi","Ministre des Transports et de la Mobilité durable","Exo","Exo en association avec la Société québécoise des infrastructures","Transport collectif","Économie et environnement","06 – Montréal","Centre d'entretien Pointe-Saint-Charles d'exo","Montréal","Construction"
"137","Réseau de trains de banlieue d'exo, voitures passagers (type 2000) – Région métropolitaine de Montréal – Remplacement","Le projet comprend la conception, la fabrication et la livraison de 24 voitures. De ces voitures, 22 seront utilisées pour remplacer les voitures de série 700 qui ont atteint leur fin de vie utile.",138.50,101.00,37.50,2021-04-30,2027-09-30,"En service","Mars 2023
Une hausse de 26,3 M$ au coût du projet a été autorisée. Prévu à 112,2 M$, le coût est maintenant de 138,5 M$. Ainsi, la contribution du Québec passe de 80,8 M$ à 101,0 M$ et celle des partenaires, de 31,4 M$ à 37,5 M$. De plus, la modification","Ministre des Transports et de la Mobilité durable","Exo","Exo","Transport collectif","Économie et environnement","06 – Montréal; 13 – Laval; 15 – Laurentides; 16 – Montérégie","Réseau de trains de banlieue d'exo","Région métropolitaine de Montréal","Remplacement"
"373","École secondaire Antoine-Brossard du centre de services scolaire Marie-Victorin – Brossard – Agrandissement","Le projet consiste en l'agrandissement de l'école secondaire Antoine-Brossard à Brossard, sur le territoire du centre de services scolaire Marie-Victorin. Afin de réduire le déficit d'espace reconnu par le Ministère, l'ajout de 696 places-élèves est prévu. Ainsi, la capacité d'accueil de l'école sera de 2 727 places-élèves.",,,,,,"En planification","Mars 2020
Le projet a été autorisé à l'étape « En planification ».","Ministre de l'Éducation","Centre de services scolaire Marie-Victorin","Centre de services scolaire Marie-Victorin","Éducation","Éducation et culture","16 – Montérégie","École secondaire Antoine-Brossard du centre de services scolaire Marie-Victorin","Brossard","Agrandissement"
"375","École primaire du centre de services scolaire des Portages-de-l'Outaouais – Pontiac – Construction","Le projet consiste en la construction d'une école primaire à Pontiac, sur le territoire du centre de services scolaire des Portages-de-l'Outaouais. Afin de réduire le déficit d'espace reconnu par le Ministère, trente-deux classes seront construites.",46.30,46.30,0.00,,2025-08-31,"En réalisation","Mars 2023
Le projet a été autorisé à l'étape « En réalisation ».
Mars 2020
Le projet a été autorisé à l'étape « En planification ».","Ministre de l'Éducation","Centre de services scolaire des Portages-de-l'Outaouais","Centre de services scolaire des Portages-de-l'Outaouais","Éducation","Éducation et culture","07 – Outaouais","École primaire du centre de services scolaire des Portages-de-l'Outaouais","Pontiac","Construction"
"403","École primaire du centre de services scolaire Marguerite-Bourgeoys – Mont-Royal – Construction","Le projet consiste en la construction d'une école primaire à Mont-Royal, sur le territoire du centre de services scolaire Marguerite-Bourgeoys. Afin de réduire le déficit d'espace reconnu par le Ministère, vingt-neuf classes sont prévues.",,,,,,"En planification","Mars 2020
Le projet a été autorisé à l'étape « En planification ».","Ministre de l'Éducation","Centre de services scolaire Marguerite-Bourgeoys","Centre de services scolaire Marguerite-Bourgeoys","Éducation","Éducation et culture","06 – Montréal","École primaire du centre de services scolaire Marguerite-Bourgeoys","Mont-Royal","Construction"
"404","École primaire (A) du centre de services scolaire Marguerite-Bourgeoys – Montréal (arrondissement de Saint-Laurent) – Construction","Le projet consiste en la construction d'une école primaire à Montréal, dans le secteur ouest de l'arrondissement de Saint-Laurent, sur le territoire du centre de services scolaire Marguerite-Bourgeoys. Afin de réduire le déficit d'espace reconnu par le Ministère, vingt-quatre classes sont prévues.",,,,,,"En planification","Mars 2020
Le projet a été autorisé à l'étape « En planification ».","Ministre de l'Éducation","Centre de services scolaire Marguerite-Bourgeoys","Centre de services scolaire Marguerite-Bourgeoys","Éducation","Éducation et culture","06 – Montréal","École primaire (A) du centre de services scolaire Marguerite-Bourgeoys","Montréal","Construction"
"412","École secondaire Du Coteau du centre de services scolaire des Affluents – Mascouche – Agrandissement","Le projet a consisté en l'agrandissement de l'école secondaire Du Coteau du centre de services scolaire des Affluents à Mascouche. Afin de réduire le déficit d'espace reconnu par le Ministère, 580 places-élèves ont été ajoutées. Ainsi, la capacité d'accueil est de 1 517 places-élèves.",26.40,26.40,0.00,,2022-08-01,"En service","Mars 2023
Mise en service complète de l'infrastructure au cours de l'année financière 2022-2023. Le projet sera retiré du Tableau de bord lors de la prochaine mise à jour annuelle.
Mars 2022
Le projet a été autorisé à l'étape « En réalisation ».
Mars ","Ministre de l'Éducation","Centre de services scolaire des Affluents","Centre de services scolaire des Affluents","Éducation","Éducation et culture","14 – Lanaudière","École secondaire Du Coteau du centre de services scolaire des Affluents","Mascouche","Agrandissement"
"458","École primaire du centre de services scolaire des Phares – Rimouski – Construction","Le projet consiste en la construction d'une école primaire à Rimouski, sur le territoire du centre de services scolaires des Phares. Afin de réduire le déficit d'espace reconnu par le Ministère, vingt-cinq classes seront construites.",44.90,44.90,0.00,,2023-12-01,"En réalisation","Mars 2022
Le projet a été autorisé à l'étape « En réalisation ».
Mars 2020
Le projet a été autorisé à l'étape « En planification ».","Ministre de l'Éducation","Centre de services scolaire des Phares","Centre de services scolaire des Phares","Éducation","Éducation et culture","01 – Bas-Saint-Laurent","École primaire du centre de services scolaire des Phares","Rimouski","Construction"
"482","École primaire des Perséides du centre de services scolaire de Laval – Agrandissement et réaménagement","Le projet a consisté en l'agrandissement et le réaménagement de l'école primaire des Perséides du centre de services scolaire de Laval. Afin de réduire le déficit d'espace reconnu par le Ministère, quinze classes ont été ajoutées. Ainsi, la capacité d'accueil est de vingt-neuf classes.",25.70,25.70,0.00,,2022-08-29,"En service","Mars 2023
Mise en service complète de l'infrastructure au cours de l'année financière 2022-2023. Le projet sera retiré du Tableau de bord lors de la prochaine mise à jour annuelle.
Mars 2022
Le projet a été autorisé à l'étape « En réalisation ».
Mars ","Ministre de l'Éducation","Centre de services scolaire de Laval","Centre de services scolaire de Laval","Éducation","Éducation et culture","13 – Laval","École primaire des Perséides du centre de services scolaire de Laval","Laval","Agrandissement et réaménagement"
"556","École primaire Stadacona du centre de services scolaire de la Capitale – Québec – Construction","Le projet a consisté en la construction de l'école primaire Stadacona du centre de services scolaire de la Capitale à Québec. Afin de réduire le déficit d'espace reconnu par le Ministère, vingt classes ont été construites.",24.60,24.60,0.00,,2022-08-31,"En service","Mars 2023
Mise en service complète de l'infrastructure au cours de l'année financière 2022-2023. Le projet sera retiré du Tableau de bord lors de la prochaine mise à jour annuelle.
Mars 2022
Le projet a été autorisé à l'étape « En réalisation ».
Mars ","Ministre de l'Éducation","Centre de services scolaire de la Capitale","Centre de services scolaire de la Capitale","Éducation","Éducation et culture","03 – Capitale-Nationale","École primaire Stadacona du centre de services scolaire de la Capitale","Québec","Construction"
"584","École primaire de la commission scolaire Central Québec – Lévis – Construction","Le projet consiste en la construction d'une école primaire à Lévis, sur le territoire de la commission scolaire Central Québec. Afin de réduire le déficit d'espace reconnu par le Ministère, seize classes seront construites.",30.80,30.80,0.00,,2023-08-31,"En réalisation","Mars 2023
Le projet a été autorisé à l'étape « En réalisation ».
Mars 2021
Le projet a été autorisé à l'étape « En planification ».","Ministre de l'Éducation","Commission scolaire Central Québec","Commission scolaire Central Québec","Éducation","Éducation et culture","12 – Chaudière-Appalaches","École primaire de la commission scolaire Central Québec","Lévis","Construction"
"585","École primaire du Sommet du centre de services scolaire de Laval – Construction","Le projet a consisté en la construction d'une école primaire à Laval, secteur Chomedey, sur le territoire du centre de services scolaire de Laval. Afin de réduire le déficit d'espace reconnu par le Ministère, trente-six classes, dont quatre pour les élèves handicapés ou en difficulté d'adaptation ou d'apprentissage, ont été construites. Cette nouvelle école porte désormais le nom d'école primaire du Sommet.",34.90,34.90,0.00,,2022-08-29,"En service","Mars 2023
Mise en service complète de l'infrastructure au cours de l'année financière 2022-2023. Le projet sera retiré du Tableau de bord lors de la prochaine mise à jour annuelle.
Mars 2022
Le projet a été autorisé à l'étape « En réalisation ».
Mars ","Ministre de l'Éducation","Centre de services scolaire de Laval","Centre de services scolaire de Laval","Éducation","Éducation et culture","13 – Laval","École primaire du Sommet du centre de services scolaire de Laval","Laval","Construction"
"594","École primaire (B) du centre de services scolaire Marguerite-Bourgeoys – Montréal (arrondissement de Saint-Laurent) – Construction","Le projet consiste en la construction d'une école primaire à Montréal, dans l'arrondissement de Saint-Laurent, sur le territoire du centre de services scolaire Marguerite-Bourgeoys. Afin de réduire le déficit d'espace reconnu par le Ministère, vingt-quatre classes sont prévues.",,,,,,"En planification","Mars 2021
Le projet a été autorisé à l'étape « En planification ».","Ministre de l'Éducation","Centre de services scolaire Marguerite-Bourgeoys","Centre de services scolaire Marguerite-Bourgeoys","Éducation","Éducation et culture","06 – Montréal","École primaire du centre de services scolaire Marguerite-Bourgeoys","Montréal","Construction"
"595","École primaire du centre de services scolaire Marguerite-Bourgeoys – Montréal (arrondissement d'Outremont) – Construction","Le projet consiste en la construction d'une école primaire à Montréal, dans l'arrondissement d'Outremont, sur le territoire du centre de services scolaire Marguerite-Bourgeoys. Afin de réduire le déficit d'espace reconnu par le Ministère, trente-deux classes sont prévues.",,,,,,"En planification","Mars 2021
Le projet a été autorisé à l'étape « En planification ».","Ministre de l'Éducation","Centre de services scolaire Marguerite-Bourgeoys","Centre de services scolaire Marguerite-Bourgeoys","Éducation","Éducation et culture","06 – Montréal","École primaire du centre de services scolaire Marguerite-Bourgeoys","Montréal","Construction"
"596","École primaire du centre de services scolaire du Val-des-Cerfs – Shefford – Construction","Le projet consiste en la construction d'une école primaire à Shefford, sur le site du centre de services scolaire du Val-des-Cerfs. Afin de réduire le déficit d'espace reconnu par le Ministère, seize classes seront construites.",38.40,37.10,1.30,,2023-06-01,"En réalisation","Mars 2023
La modification de la date de la mise en service partielle a été autorisée. Initialement prévue en août 2023, elle est devancée à juin 2023.
Mars 2022
Le projet a été autorisé à l'étape « En réalisation ». 
Mars 2021
Le projet a été autoris","Ministre de l'Éducation","Centre de services scolaire du Val-des-Cerfs","Centre de services scolaire du Val-des-Cerfs","Éducation","Éducation et culture","05 – Estrie","École primaire du centre de services scolaire du Val-des-Cerfs","Shefford","Construction"
"597","École primaire (B) du centre de services scolaire de Laval (secteur Laval-des-Rapides) – Construction","Le projet consiste en la construction d'une école primaire à Laval, secteur Laval-des-Rapides, sur le territoire du centre de services scolaire de Laval. Afin de réduire le déficit d'espace reconnu par le Ministère, vingt-et-une classes sont prévues.",,,,,,"En planification","Mars 2021
Le projet a été autorisé à l'étape « En planification ».","Ministre de l'Éducation","Centre de services scolaire de Laval","Centre de services scolaire de Laval","Éducation","Éducation et culture","13 – Laval","École primaire (B) du centre de services scolaire de Laval (secteur Laval-des-Rapides)","Laval","Construction"
"659","École primaire de la Fraternité du centre de services scolaire de la Pointe-de-l'Île – Montréal – Reconstruction et agrandissement","Le projet a consisté en la démolition, la reconstruction et l'agrandissement de deux ailes vétustes de l'école primaire de la Fraternité du centre de services scolaire de la Pointe-de-l'Île à Montréal. Afin de réduire le déficit d'espace reconnu par le Ministère, quatorze classes ont été ajoutées. Ainsi, la capacité d'accueil est de trente-cinq classes.",30.30,30.30,0.00,,2022-08-31,"En service","Mars 2023
Mise en service complète de l'infrastructure au cours de l'année financière 2022-2023. Le projet sera retiré du Tableau de bord lors de la prochaine mise à jour annuelle.
Mars 2022
Le projet a été autorisé à l'étape « En réalisation ».
Mars ","Ministre de l'Éducation","Centre de services scolaire de la Pointe-de-l'Île","Centre de services scolaire de la Pointe-de-l'Île","Éducation","Éducation et culture","06 – Montréal","École primaire de la Fraternité du centre de services scolaire de la Pointe-de-l'Île","Montréal","Reconstruction et agrandissement"
"660","École primaire l'Accueil du centre de services scolaire de la Beauce-Etchemin – Scott – Reconstruction et agrandissement","Le projet a consisté en la démolition, la reconstruction et l'agrandissement de l'école primaire l'Accueil du centre de services scolaire de la Beauce-Etchemin à Scott. Afin de réduire le déficit d'espace reconnu par le Ministère, trois classes d'éducation préscolaire, cinq d'enseignement primaire et une pour les élèves handicapés et en difficulté d'adaptation ou d'apprentissage ont été construites.",26.60,26.60,0.00,,2022-06-01,"En service","Mars 2023
Mise en service complète de l'infrastructure au cours de l'année financière 2022-2023. Le projet sera retiré du Tableau de bord lors de la prochaine mise à jour annuelle.
Mars 2022
Le projet a été autorisé à l'étape « En réalisation ».
Mars ","Ministre de l'Éducation","Centre de services scolaire de la Beauce-Etchemin","Centre de services scolaire de la Beauce-Etchemin","Éducation","Éducation et culture","12 – Chaudière-Appalaches","École primaire l'Accueil du centre de services scolaire de la Beauce-Etchemin","Scott","Reconstruction et agrandissement"
"661","École primaire du centre de services scolaire des Laurentides – Val-David – Construction","Le projet consiste en la construction d'une école primaire à Val-David, sur le territoire du centre de services scolaire des Laurentides. Afin de réduire le déficit d'espace reconnu par le Ministère, vingt-quatre classes sont prévues.",,,,,,"En planification","Mars 2021
Le projet a été autorisé à l'étape « En planification ».","Ministre de l'Éducation","Centre de services scolaire des Laurentides","Centre de services scolaire des Laurentides","Éducation","Éducation et culture","15 – Laurentides","École primaire du centre de services scolaire des Laurentides","Val-David","Construction"
"664","École primaire Alfred-Pellan du centre de services scolaire de Laval, pavillon Ulric-Debien – Agrandissement","Le projet a consisté en l'agrandissement du pavillon Ulric-Debien de l'école primaire Alfred-Pellan du centre de services scolaire de Laval. Afin de réduire le déficit d'espace reconnu par le Ministère, onze classes ont été ajoutées. Ainsi, la capacité d'accueil est de vingt et une classes.",21.30,21.30,0.00,,2022-08-31,"En service","Mars 2023
Mise en service complète de l'infrastructure au cours de l'année financière 2022-2023. Le projet sera retiré du Tableau de bord lors de la prochaine mise à jour annuelle.
Mars 2022
Le projet a été autorisé à l'étape « En réalisation ».
Mars ","Ministre de l'Éducation","Centre de services scolaire de Laval","Centre de services scolaire de Laval","Éducation","Éducation et culture","13 – Laval","École primaire Alfred-Pellan du centre de services scolaire de Laval","Laval","Agrandissement"
"666","École primaire du centre de services scolaire Kamouraska–Rivière-du-Loup – Rivière-du-Loup – Construction","Le projet consiste en la construction d'une école primaire à Rivière-du-Loup, sur le territoire du centre de services scolaire de Kamouraska–Rivière-du-Loup. Afin de réduire le déficit d'espace reconnu par le Ministère, vingt-quatre classes seront construites.",40.60,40.60,0.00,,2025-09-30,"En réalisation","Mars 2023
Le projet a été autorisé à l'étape « En réalisation ».
Mars 2021
Le projet a été autorisé à l'étape « En planification ».","Ministre de l'Éducation","Centre de services scolaire Kamouraska-Rivière-du-Loup","Centre de services scolaire Kamouraska-Rivière-du-Loup","Éducation","Éducation et culture","01 – Bas-Saint-Laurent","École primaire du centre de services scolaire de Kamouraska-Rivière-du-Loup","Rivière-du-Loup","Construction"
"667","École primaire du centre de services scolaire des Premières-Seigneuries – Québec (arrondissement de Beauport) – Construction","Le projet consiste en la construction d'une école primaire à Québec, dans l'arrondissement de Beauport, sur le territoire du centre de services scolaire des Premières-Seigneuries. Afin de réduire le déficit d'espace reconnu par le Ministère, dix-sept classes seront construites.",25.30,25.30,0.00,,2023-07-01,"En réalisation","Mars 2023
Le projet a été autorisé à l'étape « En réalisation ».
Mars 2021
Le projet a été autorisé à l'étape « En planification ».","Ministre de l'Éducation","Centre de services scolaire des Premières-Seigneuries","Centre de services scolaire des Premières-Seigneuries","Éducation","Éducation et culture","03 – Capitale-Nationale","École primaire du centre de services scolaire des Premières-Seigneuries","Québec","Construction"
"668","École primaire du centre de services scolaire de Montréal (arrondissement de Côte-des-Neiges–Notre-Dame-de-Grâce) – Construction","Le projet consiste en la construction d'une école primaire à Montréal, dans l'arrondissement de Côte-des-Neiges–Notre-Dame-de-Grâce, sur le territoire du centre de services scolaire de Montréal. Afin de réduire le déficit d'espace reconnu par le Ministère, vingt-quatre classes sont prévues.",,,,,,"En planification","Mars 2021
Le projet a été autorisé à l'étape « En planification ».","Ministre de l'Éducation","Centre de services scolaire de Montréal","Centre de services scolaire de Montréal","Éducation","Éducation et culture","06 – Montréal","École primaire du centre de services scolaire de Montréal","Montréal","Construction"
"669","École primaire du centre de services scolaire des Draveurs – Gatineau – Construction ","Le projet consiste en la construction d'une école primaire à Gatineau, sur le territoire du centre de services scolaire des Draveurs. Afin de réduire le déficit d'espace reconnu par le Ministère, vingt et une classes sont prévues.",,,,,,"En planification","Mars 2021
Le projet a été autorisé à l'étape « En planification ».","Ministre de l'Éducation","Centre de services scolaire des Draveurs","Centre de services scolaire des Draveurs","Éducation","Éducation et culture","07 – Outaouais","École primaire du centre de services scolaire des Draveurs","Gatineau","Construction"
"670","École primaire (A) du centre de services scolaire des Mille-Îles – Terrebonne – Construction","Le projet consiste en la construction d'une école primaire à Terrebonne, sur le territoire du centre de services scolaire des Mille-Îles. Afin de réduire le déficit d'espace reconnu par le Ministère, vingt-six classes sont prévues.",,,,,,"En planification","Mars 2021
Le projet a été autorisé à l'étape « En planification ».","Ministre de l'Éducation","Centre de services scolaire des Mille-Îles","Centre de services scolaire des Mille-Îles","Éducation","Éducation et culture","14 – Lanaudière","École primaire du centre de services scolaire des Mille-Îles","Terrebonne","Construction"
"671","École primaire de la commission scolaire Sir-Wilfrid-Laurier – Saint-Charles-Borromée – Construction","Le projet consiste en la construction d'une école primaire à Saint-Charles-Borromée, sur le territoire du centre de services scolaire Sir-Wilfrid-Laurier. Afin de réduire le déficit d'espace reconnu par le Ministère, seize classes sont prévues.",,,,,,"En planification","Mars 2021
Le projet a été autorisé à l'étape « En planification ».","Ministre de l'Éducation","Commission scolaire Sir-Wilfrid-Laurier","Commission scolaire Sir-Wilfrid-Laurier","Éducation","Éducation et culture","14 – Lanaudière","École primaire de la commission scolaire Sir-Wilfrid-Laurier","Saint-Charles-Borromée","Construction"
"672","École primaire (B) du centre de services scolaire Marie-Victorin – Brossard – Construction","Le projet consiste en la construction d'une école primaire à Brossard, sur le territoire du centre de services scolaire Marie-Victorin. Afin de réduire le déficit d'espace reconnu par le Ministère, trente-deux classes sont prévues.",,,,,,"En planification","Mars 2021
Le projet a été autorisé à l'étape « En planification ».","Ministre de l'Éducation","Centre de services scolaire Marie-Victorin","Centre de services scolaire Marie-Victorin","Éducation","Éducation et culture","16 – Montérégie","École primaire du centre de services scolaire Marie-Victorin","Brossard","Construction"
"673","École primaire du centre de services scolaire Marie-Victorin (secteur Saint-Hubert) – Longueuil – Construction","Le projet consiste en la construction d'une école primaire à Longueuil, dans le secteur Saint-Hubert, sur le territoire du centre de services scolaire Marie-Victorin. Afin de réduire le déficit d'espace reconnu par le Ministère, quarante-six classes sont prévues.",,,,,,"En planification","Mars 2021
Le projet a été autorisé à l'étape « En planification ».","Ministre de l'Éducation","Centre de services scolaire Marie-Victorin","Centre de services scolaire Marie-Victorin","Éducation","Éducation et culture","16 – Montérégie","École primaire du centre de services scolaire Marie-Victorin (secteur Saint-Hubert)","Longueuil","Construction"
"675","École primaire du centre de services scolaire des Trois-Lacs – Les Cèdres – Construction","Le projet consiste en la construction d'une école primaire à Les Cèdres, sur le territoire du centre de services scolaires des Trois-Lacs. Afin de réduire le déficit d'espace reconnu par le Ministère, vingt-six classes seront construites.",45.70,45.40,0.30,,2024-08-31,"En réalisation","Mars 2023
Le projet a été autorisé à l'étape « En réalisation ».
Mars 2021
Le projet a été autorisé à l'étape « En planification ».","Ministre de l'Éducation","Centre de services scolaire des Trois-Lacs","Centre de services scolaire des Trois-Lacs","Éducation","Éducation et culture","16 – Montérégie","École primaire du centre de services scolaire des Trois-Lacs","Les Cèdres","Construction"
"676","École primaire du centre de services scolaire des Portages-de-l'Outaouais – Gatineau – Construction","Le projet consiste en la construction d'une école primaire à Gatineau, secteur de l'Amérique-Française, sur le territoire du centre de services scolaire des Portages-de-l'Outaouais. Afin de réduire le déficit d'espace reconnu par le Ministère, vingt-quatre classes sont prévues.",,,,,,"En planification","Mars 2021
Le projet a été autorisé à l'étape « En planification ».","Ministre de l'Éducation","Centre de services scolaire des Portages-de-l'Outaouais","Centre de services scolaire des Portages-de-l'Outaouais","Éducation","Éducation et culture","07 – Outaouais","École primaire du centre de services scolaires des Portages-de-l'Outaouais","Gatineau","Construction"
"677","École primaire du centre de services scolaire des Premières-Seigneuries – Québec (arrondissement de Charlesbourg) – Construction","Le projet consiste en la construction d'une école primaire à Québec, dans l'arrondissement de Charlesbourg, sur le territoire du centre de services scolaire des Premières-Seigneuries. Afin de réduire le déficit d'espace reconnu par le Ministère, trente-deux classes seront construites.",38.40,38.40,0.00,,2023-07-01,"En réalisation","Mars 2022
Le projet a été autorisé à l'étape « En réalisation ».
Mars 2021
Le projet a été autorisé à l'étape « En planification ».","Ministre de l'Éducation","Centre de services scolaire des Premières-Seigneuries","Centre de services scolaire des Premières-Seigneuries","Éducation","Éducation et culture","03 – Capitale-Nationale","École primaire du centre de services scolaire des Premières-Seigneuries","Québec","Construction"
"678","École primaire du centre de services scolaire des Premières-Seigneuries – Sainte-Brigitte-de-Laval – Construction","Le projet consiste en la construction d'une école primaire à Sainte-Brigitte-de-Laval, sur le territoire du centre de services scolaire des Premières-Seigneuries. Afin de réduire le déficit d'espace reconnu par le Ministère, vingt-trois classes seront construites.",33.20,33.20,0.00,,2024-06-14,"En réalisation","Mars 2023
Le projet a été autorisé à l'étape « En réalisation ».
Mars 2021
Le projet a été autorisé à l'étape « En planification ».","Ministre de l'Éducation","Centre de services scolaire des Premières-Seigneuries","Centre de services scolaire des Premières-Seigneuries","Éducation","Éducation et culture","03 – Capitale-Nationale","École primaire du centre de services scolaire des Premières-Seigneuries","Sainte-Brigitte-de-Laval","Construction"
"681","École primaire du centre de services scolaire de la Pointe-de-l'Île – Montréal (arrondissement de Rivière-des-Prairies–Pointe-aux-Trembles) – Construction","Le projet consiste en la construction d'une école primaire, à Montréal dans l'arrondissement de Rivière-des-Prairies–Pointe-aux-Trembles, sur le territoire du centre de services scolaire de la Pointe-de-l'Île. Afin de réduire le déficit d'espace reconnu par le Ministère, trente-deux classes sont prévues.",,,,,,"En planification","Mars 2021
Le projet a été autorisé à l'étape « En planification ».","Ministre de l'Éducation","Centre de services scolaire de la Pointe-de-l'Île","Centre de services scolaire de la Pointe-de-l'Île","Éducation","Éducation et culture","06 – Montréal","École primaire du centre de services scolaire de la Pointe-de-l'Île ","Montréal","Construction"
"682","École primaire du centre de services scolaire de la Pointe-de-l'Île – Montréal (arrondissement d'Anjou) – Construction","Le projet consiste en la construction d'une école primaire, à Montréal dans l'arrondissement d'Anjou, sur le territoire du centre de services scolaire de la Pointe-de-l'Île. Afin de réduire le déficit d'espace reconnu par le Ministère, trente-deux classes sont prévues.",,,,,,"En planification","Mars 2021
Le projet a été autorisé à l'étape « En planification ».","Ministre de l'Éducation","Centre de services scolaire de la Pointe-de-l'Île","Centre de services scolaire de la Pointe-de-l'Île","Éducation","Éducation et culture","06 – Montréal","École primaire du centre de services scolaire de la Pointe-de-l'Île ","Montréal","Construction"
"684","École primaire du centre de services scolaire de Montréal (arrondissement de Rosemont–La Petite-Patrie) – Construction","Le projet consiste en la construction d'une école primaire sur le site de l'école secondaire Marguerite-De Lajemmerais à Montréal dans l'arrondissement de Rosemont–La Petite-Patrie. Afin de réduire le déficit d'espace reconnu par le Ministère, vingt-quatre classes sont prévues.",,,,,,"En planification","Mars 2021
Le projet a été autorisé à l'étape « En planification ».","Ministre de l'Éducation","Centre de services scolaire de Montréal","Centre de services scolaire de Montréal","Éducation","Éducation et culture","06 – Montréal","École primaire du centre de services scolaire de Montréal","Montréal","Construction"
"685","École primaire du centre de services scolaire Marguerite-Bourgeoys – Montréal (arrondissement de Lachine) – Construction","Le projet consiste en la construction d'une école primaire à Montréal, dans l'arrondissement de Lachine, sur le territoire du centre de services scolaire Marguerite-Bourgeoys. Afin de réduire le déficit d'espace reconnu par le Ministère, trente-deux classes sont prévues.",,,,,,"En planification","Mars 2021
Le projet a été autorisé à l'étape « En planification ».","Ministre de l'Éducation","Centre de services scolaire Marguerite-Bourgeoys","Centre de services scolaire Marguerite-Bourgeoys","Éducation","Éducation et culture","06 – Montréal","École primaire du centre de services scolaire Marguerite-Bourgeoys","Montréal","Construction"
"687","École primaire du centre de services scolaire des Samares – Saint-Lin–Laurentides – Construction","Le projet consiste en la construction d'une école primaire à Saint-Lin–Laurentides, sur le territoire du centre de services scolaire des Samares. Afin de réduire le déficit d'espace reconnu par le Ministère, trente-trois classes sont prévues.",,,,,,"En planification","Mars 2021
Le projet a été autorisé à l'étape « En planification ».","Ministre de l'Éducation","Centre de services scolaire des Samares","Centre de services scolaire des Samares","Éducation","Éducation et culture","14 – Lanaudière","École primaire du centre de services scolaire des Samares","Saint-Lin–Laurentides","Construction"
"689","École primaire du centre de services scolaire des Mille-Îles – Sainte-Marthe-sur-le-Lac – Construction","Le projet consiste en la construction d'une école primaire à Sainte-Marthe-sur-le-Lac, sur le territoire du centre de services scolaire des Mille-Îles. Afin de réduire le déficit d'espace reconnu par le Ministère, vingt-cinq classes sont prévues.",,,,,,"En planification","Mars 2021
Le projet a été autorisé à l'étape « En planification ».","Ministre de l'Éducation","Centre de services scolaire des Mille-Îles","Centre de services scolaire des Mille-Îles","Éducation","Éducation et culture","15 – Laurentides","École primaire du centre de services scolaire de la Seigneurie-des-Milles-Îles","Sainte-Marthe-sur-le-Lac","Construction"
"692","École primaire (B) du centre de services scolaire des Mille-Îles – Terrebonne – Construction","Le projet consiste en la construction d'une école primaire à Terrebonne, sur le territoire du centre de services scolaire des Mille-Îles. Afin de réduire le déficit d'espace reconnu par le Ministère, vingt et une classes sont prévues.",,,,,,"En planification","Mars 2021
Le projet a été autorisé à l'étape « En planification ».","Ministre de l'Éducation","Centre de services scolaire des Mille-Îles","Centre de services scolaire des Mille-Îles","Éducation","Éducation et culture","14 – Lanaudière","École primaire du centre de services scolaire des Mille-Îles","Terrebonne","Construction"
"693","École primaire du centre de services scolaire de la Rivière-du-Nord – Mirabel – Construction","Le projet consiste en la construction d'une école primaire à Mirabel, dans le secteur Saint-Canut, sur le territoire du centre de services scolaire de la Rivière-du-Nord. Afin de réduire le déficit d'espace reconnu par le Ministère, vingt-quatre classes sont prévues.",,,,,,"En planification","Mars 2021
Le projet a été autorisé à l'étape « En planification ».","Ministre de l'Éducation","Centre de services scolaire de la Rivière-du-Nord","Centre de services scolaire de la Rivière-du-Nord","Éducation","Éducation et culture","15 – Laurentides","École primaire du centre de services scolaire de la Rivière-du-Nord","Mirabel","Construction"
"694","École primaire du centre de services scolaire de la Rivière-du-Nord – Sainte-Sophie – Construction","Le projet consiste en la construction d'une école primaire à Sainte-Sophie, sur le territoire du centre de services scolaire de la Rivière-du-Nord. Afin de réduire le déficit d'espace reconnu par le Ministère, trente-cinq classes sont prévues.",,,,,,"En planification","Mars 2021
Le projet a été autorisé à l'étape « En planification ».","Ministre de l'Éducation","Centre de services scolaire de la Rivière-du-Nord","Centre de services scolaire de la Rivière-du-Nord","Éducation","Éducation et culture","15 – Laurentides","École primaire du centre de services scolaire de la Rivière-du-Nord","Sainte-Sophie","Construction"
"697","Résidence de la commission scolaire Kativik – Kuujjuaq – Construction ","Le projet consiste en la construction d'une résidence pour les élèves à Kuujjuaq, sur le territoire de la commission scolaire Kativik.",,,,,,"En planification","Mars 2021
Le projet a été autorisé à l'étape « En planification ».","Ministre de l'Éducation","Commission scolaire Kativik","Commission scolaire Kativik","Éducation","Éducation et culture","10 – Nord-du-Québec","Résidence de la commission scolaire Kativik","Kuujjuaq","Construction"
"701","Bâtiment administratif de la commission scolaire Kativik – Nord-du-Québec – Construction","Le projet consiste en la construction d'un bâtiment administratif sur le territoire de la commission scolaire de Kativik afin de rapatrier l'ensemble des activités administratives sur le territoire nordique.",,,,,,"En planification","Mars 2021
Le projet a été autorisé à l'étape « En planification ».","Ministre de l'Éducation","Commission scolaire Kativik","Commission scolaire Kativik","Éducation","Éducation et culture","10 – Nord-du-Québec","Bâtiment administratif de la commission scolaire Kativik","Nord-du-Québec","Construction"
"702","Pavillon Sainte-Croix du centre de services scolaire de Laval (projet Cunard) – Reconstruction","Le projet consiste en la démolition du pavillon Sainte-Croix sur le territoire du centre de services scolaire de Laval afin de construire deux gymnases superposés qui permettront de relier le bâtiment Les Berges, édifice 2 et l'école Alphonse-Desjardins.",22.10,22.10,0.00,,2023-08-01,"En réalisation","Mars 2023
La modification de la date de la mise en service complète a été autorisée. Initialement prévue en août 2022, elle est reportée à août 2023.
Mars 2022
Le projet a été autorisé à l'étape « En réalisation ». Le projet « Écoles secondaires du cen","Ministre de l'Éducation","Centre de services scolaire de Laval","Centre de services scolaire de Laval","Éducation","Éducation et culture","13 – Laval","Pavillon Sainte-Croix du centre de services scolaire de Laval","Laval","Reconstruction"
"708","École primaire du centre de services scolaire des Mille-Îles – Sainte-Anne-des-Plaines – Reconstruction","Le projet consiste en la démolition et la reconstruction du pavillon Saint-François de l'école secondaire du Harfang, en école primaire, à Sainte-Anne-des-Plaines, sur le territoire du centre de services scolaire des Mille-Îles. Il est prévu que la nouvelle école aura la même capacité d'accueil que l'ancienne, soit vingt et une classes.",,,,,,"En planification","Mars 2021
Le projet a été autorisé à l'étape « En planification ».","Ministre de l'Éducation","Centre de services scolaire des Mille-Îles","Centre de services scolaire des Mille-Îles","Éducation","Éducation et culture","15 – Laurentides","École primaire du centre de services scolaire des Mille-Îles ","Sainte-Anne-des-Plaines","Reconstruction"
"709","École primaire Terre-des-Jeunes du centre de services scolaire des Mille-Îles – Saint-Eustache – Reconstruction","Le projet consiste en la démolition et la reconstruction de l'école primaire Terre-des-Jeunes à Saint-Eustache, sur le territoire du centre de services des Mille-Îles. Il est prévu que la nouvelle école aura la même capacité d'accueil que l'ancienne, soit dix-neuf classes.",,,,,,"En planification","Mars 2021
Le projet a été autorisé à l'étape « En planification ».","Ministre de l'Éducation","Centre de services scolaire des Mille-Îles","Centre de services scolaire des Mille-Îles","Éducation","Éducation et culture","15 – Laurentides","École primaire Terre-des-Jeunes du centre de services scolaire des Mille-Îles","Saint-Eustache","Reconstruction"
"710","École primaire Terre-Soleil du centre de services scolaire des Mille-Îles – Sainte-Thérèse – Reconstruction et agrandissement","Le projet consiste en la démolition, la reconstruction et à l'agrandissement de l'école Terre-Soleil, à Sainte-Thérèse, sur le territoire du centre de services scolaire des Mille-Îles. Afin de réduire le déficit d'espace reconnu par le Ministère, quatre classes additionnelles sont prévues. Ainsi, la capacité d'accueil de l'école sera de vingt-trois classes.",,,,,,"En planification","Mars 2021
Le projet a été autorisé à l'étape « En planification ».","Ministre de l'Éducation","Centre de services scolaire des Mille-Îles","Centre de services scolaire des Mille-Îles","Éducation","Éducation et culture","15 – Laurentides","École primaire Terre-Soleil du centre de services scolaire des Mille-Îles","Sainte-Thérèse","Reconstruction et agrandissement"
"711","Immeuble Quinn du centre de services scolaire Marie-Victorin – Longueuil – Reconstruction et agrandissement","Le projet consiste en la démolition, la reconstruction et l'agrandissement de l'immeuble Quinn à Longueuil, sur le territoire du centre de services scolaire Marie-Victorin. Afin de réduire le déficit d'espace reconnu par le Ministère, vingt-deux classes sont prévues.",38.50,38.50,0.00,,2025-08-31,"En réalisation","Mars 2023
Le projet a été autorisé à l'étape « En réalisation ».
Mars 2021
Le projet a été autorisé à l'étape « En planification ».","Ministre de l'Éducation","Centre de services scolaire Marie-Victorin","Centre de services scolaire Marie-Victorin","Éducation","Éducation et culture","16 – Montérégie","Immeuble Quinn du centre de services scolaire Marie-Victorin","Longueuil","Reconstruction et agrandissement"
"736","École primaire Maribel du centre de services scolaire Beauce-Etchemin – Sainte-Marie – Reconstruction et agrandissement","Le projet consiste en la démolition, la reconstruction et l'agrandissement de l'école primaire Maribel du centre de services scolaire de la Beauce-Etchemin à Sainte-Marie. Afin de réduire le déficit d'espace reconnu par le Ministère, vingt et une classes seront construites.",31.50,31.50,0.00,,2024-05-31,"En réalisation","Mars 2023
Le projet a été autorisé à l'étape « En réalisation ».
Mars 2021
Le projet a été autorisé à l'étape « En planification ».","Ministre de l'Éducation","Centre de services scolaire de la Beauce-Etchemin","Centre de services scolaire de la Beauce-Etchemin","Éducation","Éducation et culture","12 – Chaudière-Appalaches","École primaire Maribel du centre de services scolaire Beauce-Etchemin","Sainte-Marie","Reconstruction et agrandissement"
"737","École primaire Saint-Philippe du centre de services scolaire de la Rivière-du-Nord – Brownsburg-Chatham – Reconstruction et agrandissement","Le projet consiste en la démolition, la reconstruction et l'agrandissement de l'école primaire Saint-Philippe à Brownsburg-Chatham, sur le territoire du centre de services scolaire de la Rivière-du-Nord. Afin de réduire le déficit d'espace reconnu par le Ministère, six classes additionnelles sont prévues. Ainsi la capacité sera de seize classes.",,,,,,"En planification","Mars 2021
Le projet a été autorisé à l'étape « En planification ».","Ministre de l'Éducation","Centre de services scolaire de la Rivière-du-Nord","Centre de services scolaire de la Rivière-du-Nord","Éducation","Éducation et culture","15 – Laurentides","École primaire Saint-Philippe du centre de services scolaire de la Rivière-du-Nord","Brownsburg-Chatham","Reconstruction et agrandissement"
"743","École primaire Marguerite-Bourgeois du centre de services scolaire du Chemin-du-Roy – Trois-Rivières – Reconstruction et agrandissement","Le projet consiste en la démolition, la reconstruction et l'agrandissement de l'école primaire Marguerite-Bourgeois du centre de services scolaire du Chemin-du-Roy à Trois-Rivières. Afin de réduire le déficit d'espace reconnu par le Ministère, seize classes seront construites.",28.80,28.80,0.00,,2024-06-01,"En réalisation","Mars 2023
Le projet a été autorisé à l'étape « En réalisation ».
Mars 2021
Le projet a été autorisé à l'étape « En planification ».","Ministre de l'Éducation","Centre de services scolaire du Chemin-du-Roy","Centre de services scolaire du Chemin-du-Roy","Éducation","Éducation et culture","04 – Mauricie","École primaire Marguerite-Bourgeois du centre de services scolaire du Chemin-du-Roy","Trois-Rivières","Reconstruction et agrandissement"
"816","École secondaire du centre de services scolaire de la Rivière-du-Nord – Prévost – Construction","Le projet consiste en la construction d'une école secondaire à Prévost, sur le territoire du centre de services scolaire de la Rivière-du-Nord à Prévost. Afin de réduire le déficit d'espace reconnu par le Ministère, 1 000 places-élèves sont prévues.",,,,,,"En planification","Juin 2021
Le projet a été autorisé à l'étape « En planification ».","Ministre de l'Éducation","Centre de services scolaire de la Rivière-du-Nord","Société québécoise des infrastructures","Éducation","Éducation et culture","15 – Laurentides","École secondaire du centre de services scolaire de la Rivière-du-Nord","Prévost","Construction"
"817","École secondaire du centre de services scolaire de la Capitale – Sainte-Catherine-de-la-Jacques-Cartier – Bonification","Le projet consiste à construire une école secondaire d'approximativement 800 places-élèves sur le territoire du centre de services scolaire de la Capitale à Sainte-Catherine-de-la-Jacques-Cartier afin de réduire le déficit d'espace reconnu en fonction des places-élèves du centre de services scolaire.",,,,,,"À l'étude","Juin 2021
Le projet a été autorisé à l'étape « À l'étude ».","Ministre de l'Éducation","Centre de services scolaire de la Capitale","Société québécoise des infrastructures","Éducation","Éducation et culture","03 – Capitale-Nationale","École secondaire du centre de services scolaire de la Capitale","Sainte-Catherine-de-la-Jacques-Cartier","Bonification"
"865","École primaire (A) du centre de services scolaire Marie-Victorin – Longueuil – Construction","Le projet consiste en la construction d'une école primaire à Longueuil, sur le territoire du centre de services scolaire Marie-Victorin. Afin de réduire le déficit d'espace reconnu par le Ministère, vingt-quatre classes sont prévues.",,,,,,"En planification","Mars 2022
Le projet a été autorisé à l'étape « En planification ».","Ministre de l'Éducation","Centre de services scolaire Marie-Victorin","Centre de services scolaire Marie-Victorin","Éducation","Éducation et culture","16 – Montérégie","École primaire du centre de services scolaire Marie-Victorin","Longueuil","Construction"
"866","École primaire du centre de services scolaire des Patriotes – Boucherville – Construction","Le projet consiste en la construction d'une école primaire à Boucherville, sur le territoire du centre de services scolaires des Patriotes. Afin de réduire le déficit d'espace reconnu par le Ministère, seize classes sont prévues.",,,,,,"En planification","Mars 2022
Le projet a été autorisé à l'étape « En planification ».","Ministre de l'Éducation","Centre de services scolaire des Patriotes","Centre de services scolaire des Patriotes","Éducation","Éducation et culture","16 – Montérégie","École primaire du centre de services scolaire des Patriotes","Boucherville","Construction"
"868","École primaire du centre de services scolaire de la Région-de-Sherbrooke – Sherbrooke – Construction","Le projet consiste en la construction d'une école primaire à Sherbrooke, sur le territoire du centre de services scolaire de la Région-de-Sherbrooke. Afin de réduire le déficit d'espace reconnu par le Ministère, vingt classes sont prévues.",,,,,,"En planification","Mars 2022
Le projet a été autorisé à l'étape « En planification ».","Ministre de l'Éducation","Centre de services scolaire de la Région-de-Sherbrooke","Centre de services scolaire de la Région-de-Sherbrooke","Éducation","Éducation et culture","05 – Estrie","École primaire du centre de services scolaire de la Région-de-Sherbrooke","Sherbrooke","Construction"
"869","École primaire du centre de services scolaire des Grandes-Seigneuries – Candiac – Construction","Le projet consiste en la construction d'une école primaire à Candiac, dans le quartier de la gare, sur le territoire du centre de services scolaire des Grandes-Seigneuries. Afin de réduire le déficit d'espace reconnu par le Ministère, vingt-six classes sont prévues.",,,,,,"En planification","Mars 2022
Le projet a été autorisé à l'étape « En planification ».","Ministre de l'Éducation","Centre de services scolaire des Grandes-Seigneuries","Centre de services scolaire des Grandes-Seigneuries","Éducation","Éducation et culture","16 – Montérégie","École primaire du centre de services scolaire des Grandes-Seigneuries","Candiac","Construction"
"871","École primaire du centre de services scolaire des Grandes-Seigneuries – Châteauguay – Construction","Le projet consiste en la construction d'une école primaire à Châteauguay, secteur ouest, sur le territoire du centre de services scolaire des Grandes-Seigneuries. Afin de réduire le déficit d'espace reconnu par le Ministère, dix-huit classes sont prévues.",,,,,,"En planification","Mars 2022
Le projet a été autorisé à l'étape « En planification ».","Ministre de l'Éducation","Centre de services scolaire des Grandes-Seigneuries","Centre de services scolaire des Grandes-Seigneuries","Éducation","Éducation et culture","16 – Montérégie","École primaire du centre de services scolaire des Grandes-Seigneuries","Châteauguay","Construction"
"873","École secondaire Maquatua Eeyou de la commission scolaire crie – Wemindji – Agrandissement et réaménagement","Le projet consiste à l'agrandissement et le réaménagement de l'école secondaire Maquatua Eeyou de la commission scolaire crie à Wemindji.
Les résultats de l'analyse du besoin, actuellement en cours, permettront de déterminer le nombre de places-élèves nécessaires pour réduire le déficit d'espace reconnu par le Ministère.",,,,,,"En planification","Mars 2022
Le projet a été autorisé à l'étape « En planification ».","Ministre de l'Éducation","Commission scolaire crie","Commission scolaire crie","Éducation","Éducation et culture","10 – Nord-du-Québec","École secondaire Maquatua Eeyou de la commission scolaire crie","Wemindji","Agrandissement et réaménagement"
"876","École primaire (B) du centre de services scolaire Marie-Victorin – Longueuil – Construction","Le projet consiste en la construction d'une école primaire à Longueuil, sur le territoire du centre de services scolaire Marie-Victorin. Afin de réduire le déficit d'espace reconnu par le Ministère, vingt-quatre classes sont prévues.",,,,,,"En planification","Mars 2022
Le projet a été autorisé à l'étape « En planification ».","Ministre de l'Éducation","Centre de services scolaire Marie-Victorin","Centre de services scolaire Marie-Victorin","Éducation","Éducation et culture","16 – Montérégie","École primaire du centre de services scolaire Marie-Victorin","Longueuil","Construction"
"893","École primaire Christ-Roi du centre de services scolaire Marie-Victorin – Longueuil – Agrandissement","Le projet consiste en l'agrandissement de l'école primaire Christ-Roi du centre de services scolaire Marie-Victorin à Longueuil. Afin de réduire le déficit d'espace reconnu par le Ministère, quinze classes additionnelles seront construites. Ainsi, la capacité d'accueil de l'école sera de trente-sept classes.",41.30,41.30,0.00,,2023-08-31,"En réalisation","Mars 2022
Le projet a été autorisé à l'étape « En réalisation ».","Ministre de l'Éducation","Centre de services scolaire Marie-Victorin","Centre de services scolaire Marie-Victorin","Éducation","Éducation et culture","16 – Montérégie","École primaire Christ-Roi du centre de services scolaire Marie-Victorin","Longueuil","Agrandissement"
"894","École primaire Marie-Victorin du centre de services scolaire Marie-Victorin – Brossard – Agrandissement","Le projet a consisté l'agrandissement de l'école primaire Marie-Victorin du centre de services scolaire Marie-Victorin à Brossard. Afin de réduire le déficit d'espace reconnu par le Ministère, seize classes ont été ajoutées. Ainsi, la capacité d'accueil de l'école est de trente-deux classes.",29.50,29.50,0.00,,2023-01-31,"En service","Mars 2023
La modification de la date de la mise en service complète a été autorisée. Initialement prévue en août 2022, elle a été reportée à janvier 2023. La mise en service complète de l'infrastructure a été réalisée au cours de l'année financière 2022-","Ministre de l'Éducation","Centre de services scolaire Marie-Victorin","Centre de services scolaire Marie-Victorin","Éducation","Éducation et culture","16 – Montérégie","École primaire Marie-Victorin du centre de services scolaire Marie-Victorin","Brossard","Agrandissement"
"896","École secondaire du centre de services scolaire de Montréal (arrondissement Rosemont–La Petite-Patrie) – Réaménagement","Le projet consiste au réaménagement du bâtiment situé au 3641, avenue Prud'homme afin d'y accueillir des élèves du secondaire de l'école internationale de Montréal du centre de services scolaire de Montréal. Afin de réduire le déficit d'espace reconnu par le Ministère, 435 places-élèves seront construites.",24.90,24.90,0.00,,2023-07-31,"En réalisation","Mars 2023
La modification de la date de la mise en service complète a été autorisée. Initialement prévue en août 2022, elle est reportée à juillet 2023.
Mars 2022
Le projet a été autorisé à l'étape « En réalisation ».","Ministre de l'Éducation","Centre de services scolaire de Montréal","Centre de services scolaire de Montréal","Éducation","Éducation et culture","06 – Montréal","École secondaire du centre de services scolaire de Montréal ","Montréal","Réaménagement"
"897","École primaire (B) du centre de services scolaire des Mille-Îles – Mirabel – Construction","Le projet consiste en la construction d'une école primaire à Mirabel, sur le territoire du centre de services scolaire des Mille-Îles. Afin de réduire le déficit d'espace reconnu par le Ministère, dix-neuf classes seront construites.",25.80,25.80,0.00,,2023-04-30,"En réalisation","Mars 2023
La modification de la date de la mise en service complète a été autorisée. Initialement prévue en août 2023, elle est devancée à avril 2023.
Mars 2022
 Le projet a été autorisé à l'étape « En réalisation ».","Ministre de l'Éducation","Centre de services scolaire des Mille-Îles","Centre de services scolaire des Mille-Îles","Éducation","Éducation et culture","15 – Laurentides","École primaire du centre de services scolaire des Mille-Îles","Mirabel","Construction"
"900","École primaire des Grands-Pins du centre de services scolaire au Cœur-des-Vallées – L'Ange-Gardien – Construction","Le projet consiste n la construction d'une école primaire à L'Ange-Gardien, sur le territoire du centre de services scolaire au Cœur-des-Vallées. Afin de réduire le déficit d'espace reconnu par le Ministère, seize classes seront construites.",24.40,24.40,0.00,,2023-08-31,"En réalisation","Mars 2023
La modification de la date de la mise en service complète a été autorisée. Initialement prévue en mars 2023, elle est reportée à août 2023.
Mars 2022
Le projet a été autorisé à l'étape « En réalisation ».","Ministre de l'Éducation","Centre de services scolaire au Cœur-des-Vallées","Centre de services scolaire au Cœur-des-Vallées","Éducation","Éducation et culture","07 – Outaouais","École primaire des Grand-Pins du centre de services scolaire au Cœur-des-Vallées","L'Ange-Gardien","Construction"
"901","École primaire Pierre Elliott Trudeau de la commission scolaire Western Québec – Gatineau – Agrandissement","Le projet consiste à l'agrandissement de l'école primaire Pierre Elliot Trudeau de la commission scolaire Western Québec à Gatineau. Afin de réduire le déficit d'espace reconnu par le Ministère, huit classes additionnelles sont prévues. La capacité d'accueil de l'école sera de trente-quatre classes.",,,,,,"En planification","Mars 2022
Le projet a été autorisé à l'étape « En planification ».","Ministre de l'Éducation","Commission scolaire Western Québec","Commission scolaire Western Québec","Éducation","Éducation et culture","07 – Outaouais","École primaire Pierre-Elliott-Trudeau de la commission scolaire Western Québec","Gatineau","Agrandissement"
"903","École primaire (A) du centre de services scolaire du Val-des-Cerfs – Granby – Construction","Le projet consiste en la construction d'une école primaire à Granby, sur le territoire du centre de services scolaire du Val-des-Cerfs. Afin de réduire le déficit d'espace reconnu par le Ministère, seize classes seront construites.",24.70,24.70,0.00,,2023-06-01,"En réalisation","Mars 2022
Le projet a été autorisé à l'étape « En réalisation ».","Ministre de l'Éducation","Centre de services scolaire du Val-des-Cerfs","Centre de services scolaire du Val-des-Cerfs","Éducation","Éducation et culture","05 – Estrie","École primaire du centre de services scolaire du Val-des-Cerfs","Granby","Construction"
"904","École primaire des Rayons-de-Soleil du centre de services scolaire de la Côte-du-Sud – Saint-Damien-de-Buckland – Reconstruction","Le projet consiste en la démolition et la reconstruction de l'école primaire des Rayons-de-soleil à Saint-Damien-de-Buckland du centre de services scolaire de la Côte-du-Sud. Il est prévu que la nouvelle école aura la même capacité d'accueil que l'ancienne, soit neuf classes.",,,,,,"En planification","Mars 2022
Le projet a été autorisé à l'étape « En planification ».","Ministre de l'Éducation","Centre de services scolaire de la Côte-du-Sud","Centre de services scolaire de la Côte-du-Sud","Éducation","Éducation et culture","12 – Chaudière-Appalaches","École primaire des Rayons-de-Soleil du centre de services scolaire de la Côte-du-Sud","Saint-Damien-de-Buckland","Reconstruction"
"906","École primaire du centre de services scolaire des Samares – Saint-Gabriel – Reconstruction et agrandissement","Le projet consiste en la démolition des écoles primaires Tourbillons, des Rafales et de l'envolée à Saint-Gabriel du centre de services scolaire des Samares et la reconstruction d'une seule grande école. Afin de réduire le déficit d'espace reconnu par le Ministère, trois classes additionnelles sont prévues. Ainsi, la capacité d'accueil de la nouvelle école sera de vingt-deux classes.",,,,,,"En planification","Mars 2022
Le projet a été autorisé à l'étape « En planification ».","Ministre de l'Éducation","Centre de services scolaire des Samares","Centre de services scolaire des Samares","Éducation","Éducation et culture","14 – Lanaudière","École primaire du centre de services scolaire des Samares","Saint-Gabriel","Reconstruction et agrandissement"
"908","École primaire des Monarques du centre de services scolaire de Montréal, édifice Marie-Rollet – Reconstruction","Le projet consiste en la démolition et la reconstruction de l'édifice Marie-Rollet de l'école primaire des Monarques du centre de services scolaire de Montréal. Il est prévu que la nouvelle école aura la même capacité que l'ancienne, soit quatorze classes.",,,,,,"En planification","Mars 2022
Le projet a été autorisé à l'étape « En planification ».","Ministre de l'Éducation","Centre de services scolaire de Montréal","Centre de services scolaire de Montréal","Éducation","Éducation et culture","06 – Montréal","École primaire des Monarques du centre de services scolaire de Montréal","Montréal","Reconstruction"
"941","École primaire (B) du centre de services scolaire du Val-des-Cerfs – Granby – Construction","Le projet consiste en la construction d'une école primaire à Granby, sur le territoire du centre de services scolaire du Val-des-Cerfs. Afin de réduire le déficit d'espace reconnu par le Ministère, seize classes seront construites.",25.40,25.40,0.00,,2023-08-31,"En réalisation","Mars 2022
Le projet a été autorisé à l'étape « En réalisation ».","Ministre de l'Éducation","Centre de services scolaire du Val-des-Cerfs","Centre de services scolaire du Val-des-Cerfs","Éducation","Éducation et culture","05 – Estrie","École primaire du centre de services scolaire du Val-des-Cerfs","Granby","Construction"
"942","École primaire du centre de services scolaire du Val-des-Cerfs – Cowansville – Construction","Le projet consiste en la construction d'une école primaire à Cowansville, sur le territoire du centre de services scolaire du Val-des-Cerfs. Afin de réduire le déficit d'espace reconnu par le Ministère, seize classes seront construites.",25.40,25.40,0.00,,2023-06-01,"En réalisation","Mars 2022
Le projet a été autorisé à l'étape « En réalisation ».","Ministre de l'Éducation","Centre de services scolaire du Val-des-Cerfs","Centre de services scolaire du Val-des-Cerfs","Éducation","Éducation et culture","05 – Estrie","École primaire du centre de services scolaire du Val-des-Cerfs","Cowansville","Construction"
"946","École secondaire du centre de services scolaire Marie-Victorin – Longueuil – Bonification","Le projet vise à réduire le déficit d'espace du centre de services scolaire Marie-Victorin, reconnu par le Ministère, estimé à 2 000 places-élèves de niveau secondaire.",,,,,,"À l'étude","Mars 2022
Le projet a été autorisé à l'étape « À l'étude ».","Ministre de l'Éducation","Centre de services scolaire Marie-Victorin","Société québécoise des infrastructures","Éducation","Éducation et culture","16 – Montérégie","École secondaire du centre de services scolaire Marie-Victorin","Longueuil","Bonification"
"990","École primaire Leventoux du centre de services scolaire de la Moyenne-Côte-Nord – Havre-Saint-Pierre – Reconstruction","Le projet consiste en la démolition et la reconstruction de l'école primaire Leventoux à Havre-Saint-Pierre, sur le territoire du centre de services scolaire de la Moyenne-Côte-Nord. Il est prévu que la nouvelle école aura la même capacité d'accueil que l'ancienne, soit neuf classes.",,,,,,"En planification","Mai 2022
Le projet a été autorisé à l'étape « En planification ».","Ministre de l'Éducation","Centre de services scolaire de la Moyenne-Côte-Nord","Centre de services scolaire de la Moyenne-Côte-Nord","Éducation","Éducation et culture","09 – Côte-Nord","École primaire Leventoux du centre de services scolaire de la Moyenne-Côte-Nord","Havre-Saint-Pierre","Reconstruction"
"992","École primaire du centre de services scolaire des Découvreurs – Québec – Construction","Le projet consiste en la construction d'une école primaire à Québec, dans le quartier Cap-Rouge de l'arrondissement Sainte-Foy–Sillery–Cap-Rouge, sur le territoire du centre de services scolaire des Découvreurs. Afin de réduire le déficit d'espace reconnu par le Ministère, vingt classes sont prévues.",,,,,,"En planification","Mai 2022
Le projet a été autorisé à l'étape « En planification ».","Ministre de l'Éducation","Centre de services scolaire des Découvreurs","Centre de services scolaire des Découvreurs","Éducation","Éducation et culture","03 – Capitale-Nationale","École primaire du centre de services scolaire des Découvreurs","Québec","Construction"
"993","École primaire du centre de services scolaire du Val-des-Cerfs – Farnham – Construction","Le projet consiste en la construction d'une école primaire à Farnham, sur le territoire du centre de services scolaire du Val-des-Cerfs. Afin de réduire le déficit d'espace reconnu par le Ministère, seize classes sont prévues.",,,,,,"En planification","Mai 2022
Le projet a été autorisé à l'étape « En planification ».","Ministre de l'Éducation","Centre de services scolaire du Val-des-Cerfs","Centre de services scolaire du Val-des-Cerfs","Éducation","Éducation et culture","05 – Estrie","École primaire du centre de services scolaire du Val-des-Cerfs","Farnham","Construction"
"996","École primaire du centre de services scolaire des Samares – Saint-Charles-Borromée – Construction","Le projet consiste en la construction d'une école primaire à Saint-Charles-Borromée, sur le territoire du centre de services scolaire des Samares. Afin de réduire le déficit d'espace reconnu par le Ministère, vingt-trois classes sont prévues.",,,,,,"En planification","Mai 2022
Le projet a été autorisé à l'étape « En planification ».","Ministre de l'Éducation","Centre de services scolaire des Samares","Centre de services scolaire des Samares","Éducation","Éducation et culture","14 – Lanaudière","École primaire du centre de services scolaire des Samares","Saint-Charles-Borromée","Construction"
"1000","École primaire du centre de services scolaire de la Vallée-des-Tisserands – Salaberry-de-Valleyfield – Construction","Le projet consiste en la construction d'une école primaire à Salaberry-de-Valleyfield, sur le territoire du centre de services scolaire de la Vallée-des-Tisserands. Afin de réduire le déficit d'espace reconnu par le Ministère, vingt-quatre classes sont prévues.",,,,,,"En planification","Mai 2022
Le projet a été autorisé à l'étape « En planification ».","Ministre de l'Éducation","Centre de services scolaire de la Vallée-des-Tisserands","Centre de services scolaire de la Vallée-des-Tisserands","Éducation","Éducation et culture","16 – Montérégie","École primaire du centre de services scolaire de la Vallée-des-Tisserands","Salaberry-de-Valleyfield","Construction"
"1001","École primaire du centre de services scolaire des Patriotes – Contrecœur – Construction","Le projet consiste en la construction d'une école primaire à Contrecœur, sur le territoire du centre de services scolaire des Patriotes. Afin de réduire le déficit d'espace reconnu par le Ministère, vingt-quatre classes sont prévues.",,,,,,"En planification","Mai 2022
Le projet a été autorisé à l'étape « En planification ».","Ministre de l'Éducation","Centre de services scolaire des Patriotes","Centre de services scolaire des Patriotes","Éducation","Éducation et culture","16 – Montérégie","École primaire du centre de services scolaire des Patriotes","Contrecœur","Construction"
"1022","Résidence de la commission scolaire Kativik – Salluit – Construction","Le projet consiste en la construction d'une résidence pour les élèves du centre d'éducation des adultes à Salluit, sur le territoire de la commission scolaire Kativik. Les résultats de l'analyse du besoin, actuellement en cours, permettront de déterminer le nombre de chambres de la nouvelle résidence.",,,,,,"En planification","Mars 2023
Le projet a été autorisé à l'étape « En planification ».","Ministre de l'Éducation","Commission scolaire Kativik","Commission scolaire Kativik","Éducation","Éducation et culture","10 – Nord-du-Québec","Résidence de la commission scolaire Kativik","Salluit","Construction"
"1025","École primaire du centre de services scolaire des Samares – Notre-Dame-des-Prairies – Construction","Le proiet consiste en la construction d'une école primaire à Notre-Dame-des-Prairies, sur le territoire du centre de services scolaire des Samares. Afin de réduire le déficit d'espace reconnu par le Ministère, quinze classes seront construites.",30.10,28.90,1.20,,2023-08-31,"En réalisation","Mars 2023
Le projet a été autorisé à l'étape « En réalisation ».","Ministre de l'Éducation","Centre de services scolaire des Samares","Centre de services scolaire des Samares","Éducation","Éducation et culture","14 – Lanaudière","École primaire du centre de services scolaire des Samares","Notre-Dame-des-Prairies","Construction"
"316","Centre d'attachement nord-ouest de la STM – Montréal – Construction","Le projet vise la construction d'un atelier souterrain, communément appelé centre d'attachement, qui comportera douze places de stationnement de convois d'entretien, dans le quadrant nord-ouest du réseau de métro, afin de soutenir la croissance du programme de maintien d'actifs de la Société de transport de Montréal.",,,,,,"En planification","Juin 2019
Le projet a été autorisé à l'étape « En planification ».","Ministre des Transports et de la Mobilité durable","Autorité régionale de transport métropolitain conjointement avec la Société de transport de Montréal","Société de transport de Montréal en association avec la Société québécoise des infrastructures","Transport collectif","Économie et environnement","06 – Montréal","Centre d'attachement nord-ouest de la STM","Montréal","Construction"
"317","Métro de Montréal, système de contrôle des trains sur la ligne bleue – Remplacement","Le projet vise à remplacer le système de contrôle de train, dit à cantons fixes, sur l'ensemble de la ligne bleue, par un système appelé « Communication Based-Train Control » (CBTC) sur la ligne bleue.",565.90,296.60,269.30,2028-03-01,2029-08-01,"En réalisation","Décembre 2022
Le projet a été autorisé à l'étape « En réalisation ».
Juin 2019
Le projet a été autorisé à l'étape « En planification ».","Ministre des Transports et de la Mobilité durable","Autorité régionale de transport métropolitain conjointement avec la Société de transport de Montréal","Société de transport de Montréal en association avec la Société québécoise des infrastructures","Transport collectif","Économie et environnement","06 – Montréal","Métro de Montréal","Montréal","Remplacement"
"63","Route 112 entre Thetford Mines et Saint-Joseph-de-Coleraine – Reconstruction","La route 112 a été relocalisée entre Thetford Mines et Saint-Joseph-de-Coleraine à la suite d'un important glissement de terrain survenu en 2009. Le nouveau tronçon de route, d'une longueur de 10,3 km, incluant une voie de dépassement d'environ 2 km dans chaque direction ainsi qu'un pont au-dessus de la rivière Bécancour, a été mis en service en octobre 2015.",76.00,76.00,0.00,,2015-10-01,"En service","Mars 2021
Une baisse de 3,7 M$ au coût du projet a été autorisée. Prévu à 79,7 M$, le coût est maintenant de 76,0 M$.
Mars 2020
Une baisse de 30,2 M$ au coût du projet a été autorisée. Initialement prévu à 109,9 M$, le coût est maintenant de 79,7 M$.
","Ministre des Transports et de la Mobilité durable","Ministère des Transports et de la Mobilité durable","Ministère des Transports et de la Mobilité durable","Réseau routier","Économie et environnement","12 – Chaudière-Appalaches","Route 112","De Thetford Mines à Saint-Joseph-de-Coleraine","Reconstruction"
"227","Réseau ferroviaire de la Gaspésie entre Matapédia et Caplan – Réfection et reconstruction","Le projet visait principalement à reconstruire les deux structures qui surplombent la rivière Cascapédia, afin de permettre le transport ferroviaire sans limites de charge.",54.50,54.50,0.00,,2020-12-30,"En service","Mars 2021
La modification de la date de la mise en service complète a été autorisée. Initialement prévue en novembre 2021, elle a été devancée à décembre 2020. La mise en service complète de l'infrastructure a été autorisée au cours de l'année financière","Ministre des Transports et de la Mobilité durable","Ministère des Transports et de la Mobilité durable","Ministère des Transports et de la Mobilité durable","Transports maritime, aérien, ferroviaire et autres","Économie et environnement","11 – Gaspésie–Îles-de-la-Madeleine","Réseau ferroviaire de la Gaspésie","De Matapédia à Caplan","Réfection et reconstruction"
"350","Équipement avionique des avions CL415 – Régions administratives du Québec – Modernisation","Le projet consiste en la modernisation majeure des systèmes avioniques (électriques et électroniques) utilisés notamment pour la navigation des avions-citernes.",56.20,56.20,0.00,2023-07-31,2027-05-31,"En réalisation","Mars 2023
La modification des dates de la mise en service partielle et complète a été autorisée. Elles étaient respectivement prévues en novembre 2022 et en mai 2026. Elles sont reportées en juillet 2023 et en mai 2027.
Mars 2022
La modification des da","Ministre des Transports et de la Mobilité durable","Ministère des Transports et de la Mobilité durable","Ministère des Transports et de la Mobilité durable","Transports maritime, aérien, ferroviaire et autres","Économie et environnement","Plusieurs régions du Québec","Équipement avionique des avions CL415","Québec","Modernisation"
"468","Aérogare Kangiqsujuaq et garage – Réfection","Le projet consiste en la réfection des bâtiments qui ne répondent plus aux exigences règlementaires et aux besoins des usagers.",25.70,25.70,0.00,2027-02-01,2027-07-31,"En réalisation","Mars 2022
La modification des dates de début et de fin de la mise en service a été autorisée. Initialement, elles étaient respectivement prévues en décembre 2024 et en septembre 2025. Elles sont reportées en février 2027 et en juillet 2027.
Mars 2020
L","Ministre des Transports et de la Mobilité durable","Ministère des Transports et de la Mobilité durable","Ministère des Transports et de la Mobilité durable","Transports maritime, aérien, ferroviaire et autres","Économie et environnement","10 – Nord-du-Québec","Aérogare Kangiqsujuaq et garage","Kangiqsujuaq","Réfection"
"604","Chemin de fer Québec Central entre Charny et Vallée-Jonction – Réfection et reconstruction","Le projet vise à assurer le maintien des activités ferroviaires entre Charny et Scott et à favoriser la reprise du transport ferroviaire jusqu'à Vallée-Jonction. La portée du projet repose principalement sur le remplacement du rail et la réhabilitation d'infrastructures afin d'assurer le maintien de la sécurité des opérations et de répondre aux besoins en transport ferroviaire.",85.00,85.00,0.00,2022-04-15,2024-12-01,"En service","Mars 2023
Une modification quant à la mise en service a été autorisée. Initialement prévue de façon non progressive en décembre 2024, la mise en service est devancée et sera progressive. Ainsi, la date de la mise en service partielle est maintenant en av","Ministre des Transports et de la Mobilité durable","Ministère des Transports et de la Mobilité durable","Ministère des Transports et de la Mobilité durable","Transports maritime, aérien, ferroviaire et autres","Économie et environnement","12 – Chaudière-Appalaches","Chemin de fer Québec Central","De Charny à Vallée-Jonction","Réfection et reconstruction"
"638","Aérogare Kangiqsualujjuaq et garage – Réfection","Le projet consiste en la réfection des bâtiments qui ne répondent plus aux exigences réglementaires et aux besoins des usagers.",,,,,,"En planification","Mars 2021
Le projet a été autorisé à l'étape « En planification ».","Ministre des Transports et de la Mobilité durable","Ministère des Transports et de la Mobilité durable","Ministère des Transports et de la Mobilité durable","Transports maritime, aérien, ferroviaire et autres","Économie et environnement","10 – Nord-du-Québec","Aérogare Kangiqsualujjuaq et garage","Kangiqsualujjuaq","Réfection"
"640","Hélicoptères – Régions administratives du Québec – Acquisition et réaménagement","Le projet consiste à acquérir de nouveaux hélicoptères pour renouveler la flotte actuelle. Ces hélicoptères seront réaménagés pour répondre aux besoins des missions de la Sûreté du Québec.",,,,,,"En planification","Mars 2021
Le projet a été autorisé à l'étape « En planification ».","Ministre des Transports et de la Mobilité durable","Ministère des Transports et de la Mobilité durable","Ministère des Transports et de la Mobilité durable","Transports maritime, aérien, ferroviaire et autres","Économie et environnement","Plusieurs régions du Québec","Hélicoptères","Plusieurs régions du Québec","Acquisition et réaménagement"
"722","Avion de transports sanitaire – Régions administratives du Québec – Acquisition et réaménagement","Le projet consiste en l'acquisition et l'aménagement d'un avion destiné au service de transport sanitaire aérien. Cet avion sera aménagé et équipé pour les besoins du ministère de la Santé et des Services sociaux.",,,,,,"En planification","Mars 2021
Le projet a été autorisé à l'étape « En planification ».","Ministre des Transports et de la Mobilité durable","Ministère des Transports et de la Mobilité durable","Ministère des Transports et de la Mobilité durable","Transports maritime, aérien, ferroviaire et autres","Économie et environnement","Plusieurs régions du Québec","Avion de transports sanitaire","Plusieurs régions du Québec","Acquisition et réaménagement"
"938","Port de Matane, poste à quai et entrepôt – Construction","Le projet consiste en la construction d'un deuxième poste à quai et d'une aire d'entreposage afin d'augmenter la capacité d'accueil du port de Matane et permettre la poursuite des activités pendant la rénovation du poste à quai actuel.",,,,,,"En planification","Mars 2022
Le projet a été autorisé à l'étape « En planification ».","Ministre des Transports et de la Mobilité durable","Société portuaire du Bas-Saint-Laurent et de la Gaspésie","Société portuaire du Bas-Saint-Laurent et de la Gaspésie","Transports maritime, aérien, ferroviaire et autres","Économie et environnement","01 – Bas-Saint-Laurent","Port de Matane","Matane","Construction"
"18","Palais de justice de Rimouski – Réfection et réaménagement","Le projet comprenait le réaménagement complet du bâtiment existant, incluant l'aile de l'ancienne prison, et un agrandissement qui correspond à 60 % de la superficie actuelle, de manière à faciliter l'accessibilité de la population aux services judiciaires. Le caractère architectural du palais sera conservé. 
En avril 2017, les activités du palais de justice ont été temporairement relocalisées dans un autre édifice de la Société québécoise des infrastructures, et ce, pour permettre la réalisation des travaux.
Le projet visait à pallier le problème de mise aux normes, de besoins d'espaces supplémentaires et les nombreuses lacunes fonctionnelles. 
Ces problèmes ont été établis par les principaux occupants de l'édifice, qui sont le ministère de la Justice, le ministère de la Sécurité publique et le Directeur des poursuites criminelles et pénales.",68.20,68.20,0.00,,2020-08-31,"En service","Mars 2021
La mise en service complète de l'infrastructure a été autorisée au cours de l'année financière 2020-2021. La modification de la date de la mise en service a été autorisée. Prévue en mars 2020, elle a été reportée à août 2020.
Mars 2020
La mod","Ministre responsable des Infrastructures","Ministère de la Justice","Société québécoise des infrastructures","Administration gouvernementale","Gouverne et justice","01 – Bas-Saint-Laurent","Palais de justice de Rimouski","Rimouski","Réfection et réaménagement"
"71","Hôpital Maisonneuve-Rosemont, hémodialyse – Montréal – Construction","Le projet consistait à construire un pavillon qui regrouperait le service d'hémodialyse de l'hôpital Maisonneuve-Rosemont, anciennement situé dans des bâtiments temporaires.
Il permet ainsi de répondre à une augmentation de la demande de services. La capacité d'accueil est passée de 66 à 74 postes de traitement. 
L'envergure des travaux est d'environ 7 664 m² en superficie brute, qui se déploie sur trois niveaux. La nouvelle construction est située au nord-ouest du centre ambulatoire de l'hôpital.",53.50,53.50,0.00,,2019-06-30,"En service","Mars 2020
La mise en service complète de l'infrastructure a été autorisée au cours de l'année financière 2019-2020.
Octobre 2016
Le projet a été autorisé à l’étape « En réalisation ».","Ministre de la Santé","Centre intégré universitaire de santé et de services sociaux de l'Est-de-l'Île-de-Montréal","Société québécoise des infrastructures","Santé et Services sociaux","Santé et Services sociaux","06 – Montréal","Hôpital Maisonneuve-Rosemont","Montréal","Construction"
"77","Hôpital de l'Enfant-Jésus, complexe hospitalier – Québec – Construction et réaménagement","Le nouveau complexe hospitalier (NCH) vise à regrouper les services cliniques offerts actuellement à L'Hôtel-Dieu de Québec et à l'hôpital de l'Enfant-Jésus. Le projet consiste à construire de nouveaux bâtiments sur le site de l'hôpital de l'Enfant-Jésus et à réaménager certains espaces existants.
L'objectif est d'assurer un service adéquat dans un cadre physique adapté aux soins.
Ainsi, les services de radio-oncologie seront déménagés en mai 2022 du site de L'Hôtel-Dieu de Québec vers le site de l'hôpital de l'Enfant-Jésus où un centre intégré de cancérologie a été construit. Les autres services de L'Hôtel-Dieu seront intégrés dans le nouveau pavillon des soins critiques du NCH ainsi que dans les espaces réaménagés de l'hôpital de l'Enfant-Jésus. 
Le NCH comptera 700 lits d'hospitalisation, incluant 105 lits de soins critiques, 30 salles d'opération ainsi que 60 civières à l'urgence.
La superficie brute totale des nouvelles constructions sera de 175 000 m², auxquels s'ajouteront 33 150 m² de réaménagement. Le projet prévoit également 2 600 cases de stationnement ainsi que 23 140 m² en superficie pour les bâtiments à démolir.
En juin 2020, la mise en service de la centrale thermique, du bâtiment des génératrices des sections, des tunnels (A et B-nord) et d'une partie du centre intégré de cancérologie et de radio-oncologie été faite. De plus, la plateforme clinico-logistique d'une superficie brute de 8 130 m² a également été construite hors site pour offrir des services alimentaires, des services d'entreposage et de distribution de fournitures et des services de pharmacie à l'ensemble des hôpitaux du CHU de Québec-Université Laval. Les activités de cette plateforme sont possibles depuis l'automne 2020.",2238.60,2164.60,74.00,2020-06-01,2029-11-01,"En service","Mars 2022
Une modification de la portée a été autorisée pour l'agrandissement des secteurs des soins critiques, de l'aile D et pour un réaménagement plus important des bâtiments existants. De plus, une hausse de 271,1 M$ au coût du projet a été autorisée","Ministre de la Santé","CHU de Québec-Université Laval","Société québécoise des infrastructures","Santé et Services sociaux","Santé et Services sociaux","03 – Capitale-Nationale","Hôpital de l'Enfant-Jésus","Québec","Construction et réaménagement"
"88","Hôpital régional de Rimouski, bloc opératoire et santé mentale – Maintien et bonification","Le projet consiste à construire un complexe chirurgical (bloc opératoire) et à effectuer la mise aux normes de l'urgence. Le secteur de la santé mentale doit également faire l'objet d'une modernisation.",,,,,,"À l'étude","Mars 2014
Le projet a été autorisé à l'étape « À l'étude ».","Ministre de la Santé","Centre intégré de santé et de services sociaux du Bas-Saint-Laurent","Société québécoise des infrastructures","Santé et Services sociaux","Santé et Services sociaux","01 – Bas-Saint-Laurent","Hôpital régional de Rimouski","Rimouski","Maintien et bonification"
"89","Institut de cardiologie de Montréal, urgence, soins ambulatoires et centre de formation – Agrandissement et réaménagement","Le projet consiste à agrandir et à réaménager l'urgence, à moderniser les unités de soins critiques et à regrouper les activités ambulatoires. Il vise également à construire un centre de formation en santé cardiovasculaire ainsi qu'à regrouper les secteurs administratifs. 
Il permettra à l'Institut de mieux assumer sa mission de soins en améliorant l'accessibilité générale, tant à l'urgence que dans les secteurs tertiaires et quaternaires, et d'optimiser le potentiel de formation et de transmission auprès des étudiantes et étudiants.
Il comprend un agrandissement, des réaménagements et la construction de stationnements.
",257.90,228.30,29.60,2021-07-01,2022-07-31,"En réalisation","Décembre 2020
Une hausse de 32,3 M$ au coût du projet a été autorisée. Initialement prévu à 225,6 M$, le coût est maintenant de 257,9 M$. Ainsi, la contribution du Québec passe de 201,6 M$ à 228,3 M$, et celle des partenaires, de 24,0 M$ à 29,6 M$.
De p","Ministre de la Santé","Institut de cardiologie de Montréal","Société québécoise des infrastructures","Santé et Services sociaux","Santé et Services sociaux","06 – Montréal","Institut de cardiologie de Montréal","Montréal","Agrandissement et réaménagement"
"43","Hôpital du Haut-Richelieu, urgence et bloc opératoire – Saint-Jean-sur-Richelieu – Agrandissement et réaménagement","Le projet consistait à agrandir les secteurs de l'urgence, des soins intensifs et du bloc opératoire. Il a permis également le réaménagement des services d'inhalothérapie, de la zone de débarcadère et de l'approvisionnement. 
Le projet a permis de résoudre les problèmes qui résultent de la désuétude des lieux et ceux qui sont liés à l'augmentation du volume d'activités, due à une population en constante croissance.",102.30,102.30,0.00,,2017-06-30,"En service","Mars 2020
La mise en service complète de l'infrastructure a été autorisée au cours de l'année financière 2019-2020.
Avril 2019
La modification de la portée du projet a été autorisée en acceptant le retrait du laboratoire de biologie médicale.
En consé","Ministre de la Santé","Centre intégré de santé et de services sociaux de la Montérégie-Centre","Société québécoise des infrastructures","Santé et Services sociaux","Santé et Services sociaux","16 – Montérégie","Hôpital du Haut-Richelieu","Saint-Jean-sur-Richelieu","Agrandissement et réaménagement"
"10","Échangeur Dorval – Montréal – Réaménagement","Le projet a permis de séparer la circulation locale, de transit et autoroutière destinée à l'aéroport international Pierre-Elliott-Trudeau de Montréal. Les travaux ont permis la création de liens directs entre l'autoroute 20, l'autoroute 520 et l'aéroport, ainsi que l'amélioration de la fluidité de la circulation et l'accessibilité du secteur.",334.20,230.60,103.60,2010-11-01,2021-09-21,"En service","Mars 2022
Mise en service complète de l'infrastructure au cours de l'année financière 2021-2022.
Mars 2021
Une baisse de 10,0 M$ au coût du projet a été autorisée. Initialement prévu à 344,2 M$, le coût est maintenant de 334,2 M$. Ainsi, la contributio","Ministre des Transports et de la Mobilité durable","Ministère des Transports et de la Mobilité durable","Ministère des Transports et de la Mobilité durable en association avec la Société québécoise des infrastructures","Réseau routier","Économie et environnement","06 – Montréal","Échangeur Dorval","Montréal","Réaménagement"
"67","Hôpital Pierre-Le Gardeur, unités de soins – Terrebonne – Construction et agrandissement","Le projet consiste à construire une nouvelle tour de douze étages sur le site de l'hôpital, à agrandir et à réaménager certains secteurs dans les bâtiments existants et à augmenter le nombre de places de stationnement.
La réalisation du projet permettra d'améliorer la capacité d'accueil de l'hôpital Pierre-Le Gardeur qui est actuellement insuffisante, la faisant passer de 308 à 554 lits, de renforcer la prévention et le contrôle des infections liées aux séjours en milieu hospitalier et d'assurer des soins et des services spécialisés dans des délais acceptables. Le projet vise ainsi à augmenter la capacité d'hospitalisation de l'établissement et à ajuster l'offre de service pour les services ambulatoires, thérapeutiques et diagnostiques. 
La construction et l'agrandissement ajouteront une superficie de 35 210 m².
En attendant la livraison des premiers lits, des unités de transition ont été réalisées pour répondre aux besoins toujours croissants de l'hôpital.",549.60,544.20,5.40,2023-11-01,2028-03-01,"En réalisation","Mars 2022
Le projet a été autorisé à l'étape « En réalisation ».
Mai 2014
Le projet a été autorisé à l'étape « En planification ».","Ministre de la Santé","Centre intégré de santé et de services sociaux de Lanaudière","Société québécoise des infrastructures","Santé et Services sociaux","Santé et Services sociaux","14 – Lanaudière","Hôpital Pierre-Le Gardeur","Terrebonne","Construction et agrandissement"
"90","Hôpital du Sacré-Cœur de Montréal, traumatologie et unité mère-enfant – Agrandissement et réaménagement","Le projet consistait en un agrandissement et un réaménagement de 14 520 m² au-dessus de l'urgence actuelle afin de loger le centre intégré en traumatologie, l'unité mère-enfant et le service d'endoscopie et de répondre aux besoins de ces secteurs.",155.10,142.70,12.40,2021-06-30,2022-05-31,"En service","Mars 2022
La mise en service partielle de l'infrastructure a été autorisée au cours de l'année financière 2021-2022.
Mars 2021
La date de début de mise en service de l'infrastructure a été modifiée, prévue en mars 2021, elle est reportée en juin 2021.","Ministre de la Santé","Centre intégré universitaire de santé et de services sociaux du Nord-de-l'Île-de-Montréal","Société québécoise des infrastructures","Santé et Services sociaux","Santé et Services sociaux","06 – Montréal","Hôpital du Sacré-Cœur de Montréal","Montréal","Agrandissement et réaménagement"
"91","Centre de réadaptation pour jeunes en difficulté d'adaptation (CRJDA) – Sainte-Thérèse – Construction","Le projet vise la construction d'un centre de réadaptation pour jeunes en difficulté sur un nouvel emplacement, à Sainte-Thérèse, composé de 90 places et le maintien de 60 places sur le site d'Huberdeau, pour un total de 150 places. Cela permettra au centre jeunesse des Laurentides de concentrer ses services sur deux sites, plutôt que sur les trois actuels qui comptent 144 places (Huberdeau, Sainte-Sophie et Saint-Jérôme).
L'infrastructure immobilière, qui consiste en un bâtiment de 12 500 m² bruts, abritera neuf locaux de réadaptation pour 90 jeunes et 9 700 m² en aménagement d'espace extérieur.",150.50,150.50,0.00,,2024-07-01,"En réalisation","Juillet 2021
Le projet a été autorisé à l'étape « En réalisation ».
Août 2018
Le projet a été autorisé à l'étape « En planification ».","Ministre de la Santé","Centre intégré de santé et de services sociaux des Laurentides","Société québécoise des infrastructures","Santé et Services sociaux","Santé et Services sociaux","15 – Laurentides","Centre de réadaptation pour jeunes en difficulté d'adaptation","Sainte-Thérèse","Construction"
"92","Hôpital Vaudreuil-Soulanges, complexe hospitalier – Vaudreuil-Dorion – Construction","Le territoire de Vaudreuil-Soulanges, couvert par le centre intégré de santé et de services sociaux de la Montérégie-Ouest, connaît une croissance démographique importante. Les deux hôpitaux actuels, soit Anna-Laberge et du Suroît, sont occupés au maximum de leur capacité et ne peuvent répondre à la demande croissante de services.
Le projet consiste en la construction d'un hôpital général spécialisé de 404 lits sur un terrain situé au nord-ouest de l'intersection du boulevard de la Cité-des-Jeunes et de l'autoroute 30, à Vaudreuil-Dorion. La nouvelle construction, qui aura une superficie de 132 340 m², se déploiera en deux pavillons. Le premier, de quatre étages hors sol et d'un rez-de-jardin, regroupera la majorité des fonctions ambulatoires du projet ainsi que l'auditorium, les structures d'accueil, les laboratoires et des services de soutien. Le deuxième pavillon, de 13 étages, regroupera la majorité des services critiques tels que l'urgence, le bloc opératoire, l'imagerie médicale et toutes les unités de soins.",2595.00,2595.00,0.00,,2026-11-01,"En réalisation","Juin 2022
Le projet a été autorisé à l'étape « En réalisation ».
Mars 2018
Le projet a été autorisé à l'étape « En planification ».","Ministre de la Santé","Centre intégré de santé et de services sociaux de la Montérégie-Ouest","Société québécoise des infrastructures","Santé et Services sociaux","Santé et Services sociaux","16 – Montérégie","Hôpital Vaudreuil-Soulanges","Vaudreuil-Soulanges","Construction"
"109","Hôpital de Verdun, unités de soins et soins ambulatoires – Montréal – Agrandissement et réaménagement","Le projet consiste à construire un agrandissement de cinq étages à l'hôpital de Verdun, surmonté d'un appentis en toiture relié au reste du bâtiment par une passerelle à chaque niveau. Il prévoit également la création d'un atrium, l'agrandissement de la zone logistique des quais et la rénovation ponctuelle de certains blocs.",264.90,264.90,0.00,2024-02-28,2024-12-31,"En réalisation","Juillet 2020
Le projet a été autorisé à l'étape « En réalisation ».
Juillet 2018
Le projet a été autorisé à l'étape « En planification ».","Ministre de la Santé","Centre intégré universitaire de santé et de services sociaux du Centre-Sud-de-l'Île-de-Montréal","Société québécoise des infrastructures","Santé et Services sociaux","Santé et Services sociaux","06 – Montréal","Hôpital de Verdun","Montréal","Agrandissement et réaménagement"
"145","Hôpital Fleurimont, centre mère-enfant et service d'urgence – Sherbrooke – Construction","Le projet consiste à regrouper dans une nouvelle construction, sur le site de l'hôpital Fleurimont, l'ensemble des secteurs qui offrent des soins aux mères et aux enfants ainsi que les services d'urgence. 
Il viendra répondre à une augmentation importante de la clientèle, à une complexification des pathologies ainsi qu'à l'introduction de technologies médicales, notamment en pédiatrie et en néonatologie. Il répond aussi à un besoin de mise aux normes cliniques et architecturales et à un manque important d'espace sur le site de l'hôpital Fleurimont. 
L'envergure des travaux autorisés est de 33 635 m² en superficie brute totale. Elle vise un centre mère-enfant et une nouvelle urgence attenante à l'hôpital existant, ainsi qu'un stationnement intérieur et un bâtiment pour les génératrices.",344.30,332.30,12.00,,2024-06-01,"En réalisation","Mars 2021
Une hausse de 15,5 M$ au coût du projet a été autorisée. Prévu à 328,8 M$, le coût est maintenant de 344,3 M$. Ainsi, la contribution du Québec passe de 316,8 M$ à 332,3 M$ et celle des partenaires demeure à 12,0 M$.
Août 2020
Une hausse de 1","Ministre de la Santé","Centre intégré universitaire de santé et de services sociaux de l'Estrie – Centre hospitalier universitaire de Sherbrooke","Société québécoise des infrastructures","Santé et Services sociaux","Santé et Services sociaux","05 – Estrie","Hôpital de Fleurimont","Sherbrooke","Construction"
"151","Hôpital de Lachine, complexe hospitalier – Montréal – Agrandissement et réaménagement","Le projet vise à moderniser les secteurs ambulatoires (consultation externe, médecine de jour, centre de prélèvements et endoscopie) et critiques (bloc opératoire, urgence et unités de soins intensifs) ainsi que l'hospitalisation (unités de soins médicaux, de chirurgie et de soins palliatifs).
L'option immobilière proposée comporte principalement l'agrandissement de l'hôpital par la construction d'un pavillon et la rénovation ponctuelle de certains locaux du bâtiment existant.",223.00,220.00,3.00,2025-10-31,2027-02-28,"En réalisation","Mars 2022
Une hausse de 128 M$ au coût du projet a été autorisée. Initialement prévu à 95,0 M$, le coût est maintenant de 223,0 M$. Ainsi, la contribution du Québec passe de 95,0 M$ à 220 M$ et une contribution de partenaires de 3,0 M$ est maintenant pré","Ministre de la Santé","Centre universitaire de santé McGill","Société québécoise des infrastructures","Santé et Services sociaux","Santé et Services sociaux","06 – Montréal","Hôpital de Lachine","Montréal","Agrandissement et réaménagement"
"205","Hôtel-Dieu d'Arthabaska, urgence et bloc opératoire – Victoriaville – Agrandissement et réaménagement","Le projet consiste en un agrandissement de 15 080 m², sur cinq niveaux, de l'Hôtel-Dieu d'Arthabaska, afin d'y relocaliser principalement les services de l'urgence, du bloc opératoire, de la chirurgie d'un jour, des soins intensifs et de l'unité de retraitement des dispositifs médicaux. De plus, cet agrandissement permettra l'aménagement des nouveaux services alimentaires ainsi que le débarcadère, le garage des ambulances et l'entrée du centre de soins ambulatoires.
Ces nouveaux locaux seront situés aux abords de la rue Laurier Est et contigus à l'infrastructure existante, sur quatre niveaux, à l'exception du cinquième étage. Cet agrandissement et la relocalisation de ces services permettront principalement le réaménagement des aires libérées, sur une superficie de 7 890 m², où seront localisés le centre de soins ambulatoires et les unités d'électrophysiologie médicale et d'électrocardiologie, de même que de physiologie respiratoire et d'inhalothérapie, ainsi qu'une partie des cliniques externes. De plus, des aires de soutien, telles que des vestiaires et une partie des services alimentaires, seront également réaménagées.",360.80,351.30,9.50,2026-10-01,2028-01-01,"En réalisation","Juin 2022
Le projet a été autorisé à l'étape « En réalisation ».
Décembre 2020
Le projet a été autorisé à l'étape « En planification ».
Octobre 2016
Le projet a été autorisé à l’étape « À l'étude ».","Ministre de la Santé","Centre intégré universitaire de santé et de services sociaux de la Mauricie-et-du-Centre-du-Québec","Société québécoise des infrastructures","Santé et Services sociaux","Santé et Services sociaux","17 – Centre-du-Québec","Hôtel-Dieu d'Arthabaska","Victoriaville","Agrandissement et réaménagement"
"230","Hôtel-Dieu de Québec – Maintien","En septembre 2013, le gouvernement du Québec a autorisé l'implantation d'un nouveau complexe hospitalier (NCH) sur le site de l'hôpital de l'Enfant-Jésus (HEJ) afin de solutionner les problématiques de vétusté des installations de L'Hôtel-Dieu de Québec (HDQ). À la suite des mises en service successives des composantes du projet de NCH prévues à la fin 2020 jusqu'en 2026, toutes les activités cliniques actuellement situées sur le site de I'HDQ seront transférées vers le site de l'HEJ.
Le projet vise donc à déterminer la meilleure option immobilière pour les bâtiments libérés à savoir une réutilisation ou une disposition de ceux-ci. Le maintien d'un grand nombre de travailleurs dans le secteur du Vieux-Québec afin de conserver l'activité économique et sociale de cet arrondissement demeure une priorité du ministère de la Santé.",,,,,,"À l'étude","Mai 2018
Le projet a été autorisé à l'étape « À l'étude ».","Ministre de la Santé","Centre intégré universitaire de santé et de services sociaux de la Capitale-Nationale","Société québécoise des infrastructures","Santé et Services sociaux","Santé et Services sociaux","03 – Capitale-Nationale","Hôtel-Dieu de Québec","Québec","Maintien"
"291","Hôpital Fleury, urgence – Montréal – Agrandissement et réaménagement","Le projet consiste à agrandir et à moderniser l'unité d'urgence afin de résoudre plusieurs problèmes connus, soit des locaux et des espaces hors-normes et inadaptés aux nouveaux modes de prestation de soins et aux technologies médicales.",,,,,,"En planification","Décembre 2020
Le projet a été autorisé à l'étape « En planification ».
Mai 2019
Le projet a été autorisé à l'étape « À l'étude ».","Ministre de la Santé","Centre intégré universitaire de santé et de services sociaux du Nord-de-l'Île-de-Montréal","Société québécoise des infrastructures","Santé et Services sociaux","Santé et Services sociaux","06 – Montréal","Hôpital Fleury","Montréal","Agrandissement et réaménagement"
"308","Maison des aînés (ancien CHSLD Saint-Augustin) – Québec – Reconstruction","Le projet consiste en la construction d'un bâtiment de 216 places, fortement inspiré du modèle de maison des aînés et alternative, réparti en 18 unités de 12 chambres, en lieu et place du centre d'hébergement Saint-Augustin. La nouvelle installation abritera également l'hôpital de jour, la dentisterie et une pharmacie qui se trouvent actuellement dans l'installation existante et qui doivent être relocalisés dans le cadre du projet. Au terme du projet, le bâtiment existant sera démoli.
Le besoin est généré principalement par l'état de vétusté fonctionnelle et physique qui empêche l'implantation complète d'une approche milieu de vie",,,,,,"En planification","Décembre 2020
Le projet a été autorisé à l'étape « En planification ».
Juin 2019
Le projet a été autorisé à l'étape « À l'étude ».","Ministre de la Santé","Centre intégré universitaire de santé et de services sociaux de la Capitale-Nationale","Société québécoise des infrastructures","Santé et Services sociaux","Santé et Services sociaux","03 – Capitale-Nationale","Maison des aînés (ancien CHSLD Saint-Augustin)","Québec","Reconstruction"
"837","Cégep Lionel-Groulx – Sainte-Thérèse – Bonification","Le projet vise à répondre à un déficit d'espace auquel fait face le cégep Lionel-Groulx. Ce problème sera exacerbé par l'augmentation du nombre d'inscriptions prévue à l'horizon 2029. Un ajout d'espace doit donc être effectué, et ce, afin que l'établissement soit doté d'une capacité d'accueil adéquate pour ses futurs étudiants et étudiantes.",,,,,,"À l'étude","Juillet 2021
Le projet a été autorisé à l'étape « À l'étude ».","Ministre de l'Enseignement supérieur","Ministère de l'Enseignement supérieur","Société québécoise des infrastructures","Enseignement supérieur","Éducation et culture","15 – Laurentides","Cégep Lionel-Groulx","Sainte-Thérèse","Bonification"
"838","Cégep de Saint-Jérôme – Bonification","Le projet vise à répondre à un déficit d'espace auquel fait face le cégep de Saint-Jérôme. Ce problème sera exacerbé par l'augmentation du nombre d'inscriptions prévue à l'horizon 2029. Un ajout d'espace doit donc être effectué, et ce, afin que l'établissement soit doté d'une capacité d'accueil adéquate pour ses futurs étudiants et étudiantes.",,,,,,"À l'étude","Juillet 2021
Le projet a été autorisé à l'étape « À l'étude ».","Ministre de l'Enseignement supérieur","Ministère de l'Enseignement supérieur","Société québécoise des infrastructures","Enseignement supérieur","Éducation et culture","15 – Laurentides","Cégep de Saint-Jérôme","Saint-Jérôme","Bonification"
"934","Université McGill, pavillon Ferrier – Montréal – Réfection","Le projet consiste principalement à remplacer la chaudière numéro 2 de la station électrique du pavillon Ferrier, actuellement alimentée au gaz naturel, par des chaudières électriques d'une capacité totale d'environ 10 MW.",27.20,24.70,2.50,,2025-03-01,"En réalisation","Mars 2023
Une hausse de 2,3 M$ au coût du projet a été autorisée. Initialement prévu à 24,9 M$, le coût est maintenant de 27,2 M$. Ainsi, la contribution du Québec passe de 22,3 M$ à 24,7 M$ et celle des partenaires, de 2,6 M$ à 2,5 M$.
Mars 2022
Le pr","Ministre de l'Enseignement supérieur","Ministère de l'Enseignement supérieur","Université McGill","Enseignement supérieur","Éducation et culture","06 – Montréal","Université McGill","Montréal","Réfection"
"935","Université McGill, pavillon de musique Strathcona – Montréal – Réfection","Le projet consiste à rénover l'enveloppe du pavillon de musique Strathcona, situé au 555, rue Sherbrooke Ouest, comprenant le remplacement du toit, la réhabilitation des murs de maçonnerie, le remplacement des fenêtres, les escaliers et la réparation de la fondation.",21.70,14.70,7.00,,2025-03-01,"En réalisation","Mars 2023
Une baisse de 3,4 M$ au coût du projet a été autorisée. Initialement prévu à 25,1 M$, le coût est maintenant de 21,7 M$. Ainsi, la contribution du Québec passe de 11,5 M$ à 14,7 M$ et celle des partenaires, de 13,6 M$ à 7,0 M$.
Mars 2022
Le p","Ministre de l'Enseignement supérieur","Ministère de l'Enseignement supérieur","Université McGill","Enseignement supérieur","Éducation et culture","06 – Montréal","Université McGill","Montréal","Réfection"
"936","Université McGill, pavillon Raymond – Montréal – Réfection","Le projet concerne des travaux d'entretien différés au pavillon Raymond, notamment la conformité à la protection incendie, des travaux de réfection de la toiture et de l'enveloppe, la mise aux normes des systèmes de ventilation, etc.",48.60,48.60,0.00,,2024-03-01,"En réalisation","Mars 2023
Une hausse de 3,4 M$ au coût du projet a été autorisée. Initialement prévu à 45,2 $, le coût est maintenant de 48,6 M$.
Mars 2022
Le projet a été autorisé à l'étape « En réalisation ».","Ministre de l'Enseignement supérieur","Ministère de l'Enseignement supérieur","Université McGill","Enseignement supérieur","Éducation et culture","06 – Montréal","Université McGill","Montréal","Réfection"
"948","Cégep régional de Lanaudière – Terrebonne – Bonification","Le projet vise à répondre à un déficit d'espace auquel fait face le cégep régional de Lanaudière à Terrebonne. Ainsi, un ajout d'espace doit être effectué pour doter l'établissement d'une capacité d'accueil adéquate pour les futurs étudiants.",,,,,,"À l'étude","Mars 2022
Le projet a été autorisé à l'étape « À l'étude ».","Ministre de l'Enseignement supérieur","Cégep régional de Lanaudière","Société québécoise des infrastructures","Enseignement supérieur","Éducation et culture","14 – Lanaudière","Cégep régional de Lanaudière","Terrebonne","Bonification"
"949","Cégep de Saint-Hyacinthe – Bonification","Le projet vise à répondre à un déficit d'espace auquel fait face le cégep de Saint-Hyacinthe. Ainsi, un ajout d'espace doit être effectué pour doter l'établissement d'une capacité d'accueil adéquate pour les futurs étudiants et étudiantes.",,,,,,"À l'étude","Mars 2022
Le projet a été autorisé à l'étape « À l'étude ».","Ministre de l'Enseignement supérieur","Cégep de Saint-Hyacinthe","Société québécoise des infrastructures","Enseignement supérieur","Éducation et culture","16 – Montérégie","Cégep de Saint-Hyacinthe","Saint-Hyacinthe","Bonification"
"952","Université de Montréal, pavillon de médecine vétérinaire – Saint-Hyacinthe – Construction","Pour accueillir la nouvelle cohorte d'étudiantes et d'étudiants en médecine vétérinaire, le projet consiste à construire de nouveaux espaces afin de réaménager le pôle animalier (Centre de compétences cliniques) pour augmenter les superficies disponibles. Ce nouveau pavillon permettra l'ajout de laboratoires plus performants, lesquels minimiseront les risques liés à la biosécurité.",,,,,,"En planification","Mars 2022
Le projet a été autorisé à l'étape « En planification ».","Ministre de l'Enseignement supérieur","Université de Montréal","Université de Montréal","Enseignement supérieur","Éducation et culture","16 – Montérégie","Université de Montréal","Saint-Hyacinthe","Construction"
"110","Université McGill sur une partie du site de l'ancien hôpital Royal Victoria – Montréal – Construction et réaménagement","Le projet localisé sur le site de l'ancien hôpital Royal-Victoria consiste en la réfection et au réaménagement de trois bâtiments patrimoniaux, ainsi qu'à la démolition de trois autres datant de la période d'après-guerre. Ces derniers seront remplacés par une nouvelle construction. Ainsi, 49 185 m² bruts d'espaces d'enseignement et de recherche seront ajoutés pour combler une partie du déficit d'espace de l'Université McGill.

De plus, le terrain sera également réaménagé par son verdissement, l'élimination du stationnement en façade et l'ajout, pour la population, d'accès au mont Royal à partir de la ville.",870.00,620.00,250.00,2026-10-01,2028-12-01,"En réalisation","Juin 2022
Le projet a été autorisé à l'étape « En réalisation ».
Mai 2021
Le projet a été autorisé à l'étape « En planification ».
Mai 2014
Le projet a été autorisé à l'étape « À l'étude ».","Ministre de l'Enseignement supérieur","Université McGill","Université McGill en association avec la Société québécoise des infrastructures","Enseignement supérieur","Éducation et culture","06 – Montréal","Université McGill","Montréal","Construction et réaménagement"
"144","Université McGill, pavillon Wilson – Montréal – Réfection et réaménagement","Le projet consiste à rénover et à réaménager le pavillon Wilson de l'université McGill, construit en 1914, afin de le rendre plus fonctionnel et mieux adapté aux besoins de l'École de service social et des autres départements de la faculté qui l'utiliseront. Des études sont en cours pour définir l'ampleur des interventions requises.",45.10,45.10,0.00,,2025-03-31,"En réalisation","Mars 2022
La modification de la date de la mise en service a été autorisée. Initialement prévue en mars 2024, elle est reportée à mars 2025.
Décembre 2020
Le projet a été autorisé à l'étape « En réalisation ».","Ministre de l'Enseignement supérieur","Université McGill","Université McGill en association avec la Société québécoise des infrastructures","Enseignement supérieur","Éducation et culture","06 – Montréal","Université McGill","Montréal","Réfection et réaménagement"
"201","Université de Montréal, pavillons Roger-Gaudry et Marie-Victorin – Réaménagement","Le projet consiste à réaménager les espaces laissés vacants sur le site de la montagne à la suite du déménagement de plusieurs départements dans le nouveau complexe des sciences du campus MIL, sur le site de l'ancienne gare de triage d'Outremont. Les pavillons Roger-Gaudry et Marie-Victorin feront l'objet de travaux qui les rendront fonctionnels et adaptés aux besoins des départements qui y seront transférés.",390.00,352.80,37.20,2024-11-01,2026-03-01,"En réalisation","Juin 2022
Le projet a été autorisé à l'étape « En réalisation ».
Juin 2018
Le projet a été autorisé à l'étape « En planification ».","Ministre de l'Enseignement supérieur","Université de Montréal","Université de Montréal en association avec la Société québécoise des infrastructures","Enseignement supérieur","Éducation et culture","06 – Montréal","Université de Montréal","Montréal","Réaménagement"
"248","École de technologie supérieure, complexe Dow – Montréal – Maintien","Le projet vise à répondre à l'accroissement de la clientèle qui fréquente l'École de technologie supérieure et à résorber son déficit d'espace à long terme, reconnu par le Ministère. Différentes options sont envisagées, notamment la démolition et la reconstruction du complexe Dow, dont l'École de technologie supérieure est propriétaire, afin de répondre à cet objectif.",,,,,,"À l'étude","Juin 2018
Le projet a été autorisé à l'étape « À l'étude ».","Ministre de l'Enseignement supérieur","École de technologie supérieure","Société québécoise des infrastructures","Enseignement supérieur","Éducation et culture","06 – Montréal","École de technologie supérieure","Montréal","Maintien"
"256","Polytechnique Montréal – Acquisition, agrandissement et réaménagement","Le projet consiste en l'acquisition, par Polytechnique, de la partie du pavillon J.-Armand-Bombardier appartenant à l'Université de Montréal, l'immeuble étant actuellement détenu en copropriété par les deux établissements. Il vise ensuite l'agrandissement et le réaménagement de ce même bâtiment. La solution immobilière privilégiée prévoit également la construction d'un lien souterrain avec le pavillon principal, ainsi que la réhabilitation d'une partie de celui-ci. Au total, une partie significative (7 500 m² nets, dont plus de 4 000 m² en laboratoires de recherche) du déficit d'espace reconnu par le ministère de l'Enseignement supérieur, évalué, en 2020, à 24 600 m² nets à long terme, devrait être comblée.",,,,,,"En planification","Juin 2022
Le projet a été autorisé à l'étape « En planification ».
Août 2018
Le projet a été autorisé à l'étape « À l'étude ».","Ministre de l'Enseignement supérieur","Polytechnique Montréal","Polytechnique Montréal en association avec la Société québécoise des infrastructures","Enseignement supérieur","Éducation et culture","06 – Montréal","Polytechnique Montréal","Montréal","Acquisition, agrandissement et réaménagement"
"257","Université du Québec en Outaouais, campus de Gatineau – Bonification","Le projet vise à réunifier les activités d'enseignement et de recherche afin de renforcer le volet recherche de l'Université, à bonifier l'offre de formation, à accroître la capacité d'accueil pour de nouveaux étudiants et étudiantes et à diminuer les coûts d'exploitation et de fonctionnement des installations.",,,,,,"À l'étude","Août 2018
Le projet a été autorisé à l'étape « À l'étude ».","Ministre de l'Enseignement supérieur","Université du Québec en Outaouais","Société québécoise des infrastructures","Enseignement supérieur","Éducation et culture","07 – Outaouais","Université du Québec en Outaouais","Gatineau","Bonification"
"314","Cégep Édouard-Montpetit, cliniques-écoles – Longueuil – Construction et réaménagement","Le projet consiste en la construction d'un nouveau pavillon devant regrouper toutes les cliniques-écoles pour en faciliter l'accès et rehausser les normes et la qualité des pratiques de formation professionnelle en matière de santé. Les espaces libérés dans le bâtiment existant seront par la suite réaménagés afin de combler le déficit d'espace d'enseignement du cégep Édouard-Montpetit.",,,,,,"En planification","Juin 2022
Le projet a été autorisé à l'étape « En planification ».
Juillet 2019
Le projet a été autorisé à l'étape « À l'étude ».","Ministre de l'Enseignement supérieur","Cégep Édouard-Montpetit","Société québécoise des infrastructures","Enseignement supérieur","Éducation et culture","16 – Montérégie","Cégep Édouard-Montpetit","Longueuil","Construction et réaménagement"
"420","Université du Québec à Montréal, pavillon Sanguinet – Réfection et agrandissement","Le projet consiste en la réfection et l'agrandissement du pavillon Sanguinet afin d'y aménager le décanat, les unités administratives de l'École des sciences de la gestion de même que des salles de cours de 2e cycle, des salles de travail d'équipe et des espaces informels d'apprentissage.",46.70,42.30,4.40,,2023-08-01,"En réalisation","Mars 2021
Le projet a été autorisé à l'étape « En réalisation ».
Mars 2020
Le projet a été autorisé à l'étape « En planification ».","Ministre de l'Enseignement supérieur","Université du Québec à Montréal","Université du Québec à Montréal","Enseignement supérieur","Éducation et culture","06 – Montréal","Université du Québec à Montréal","Montréal","Réfection et agrandissement"
"953","Université du Québec, pavillon de médecine vétérinaire – Rimouski – Construction et réaménagement","Le projet vise à répondre aux besoins du Programme décentralisé de formation en médecine vétérinaire (PDFMV), en collaboration avec l'Université de Montréal. Ce programme vise notamment à former davantage de vétérinaires en prenant en compte les enjeux et les besoins des régions.
Le projet prévoit une nouvelle construction et le réaménagement des espaces existants adjacents au campus principal de l'Université du Québec à Rimouski (UQAR) afin de permettre la formation de trois cohortes d'étudiants en médecine vétérinaire. Le projet de construction permettra d'optimiser les infrastructures et les ressources déjà existantes en plus de répondre aux besoins spécifiques au PDFMV : salles de classe, centre de simulation vétérinaire, laboratoires, animalerie et bureaux.",,,,,,"En planification","Mars 2022
Le projet a été autorisé à l'étape « En planification ».","Ministre de l'Enseignement supérieur","Université du Québec à Rimouski","Université du Québec à Rimouski","Enseignement supérieur","Éducation et culture","01 – Bas-Saint-Laurent","Université du Québec à Rimouski","Rimouski","Construction et réaménagement"
"954","Cégep de Drummondville, nouveau pavillon – Construction","Le projet consiste en la construction d'un nouveau pavillon de 3 945 m² nets ou environ 6 300 m² bruts sur le terrain du cégep afin de répondre à son besoin d'espace à long terme.",,,,,,"En planification","Mars 2022
Le projet a été autorisé à l'étape « En planification ».","Ministre de l'Enseignement supérieur","Cégep de Drummondville","Cégep de Drummondville","Enseignement supérieur","Éducation et culture","17 – Centre-du-Québec","Cégep de Drummondville","Drummondville","Construction"
"955","Cégep John Abbott, pavillon Brittain Hall – Sainte-Anne-de-Bellevue – Réfection et réaménagement","Le projet consiste à procéder à la rénovation d'une portion du pavillon Brittain Hall d'environ 5 085 m² bruts et à la réalisation de travaux de sécurisation et de mise en disponibilité de la superficie restante d'environ 4 600 m² bruts. Des travaux de décontamination y sont aussi prévus, notamment l'enlèvement de matériaux contenant de l'amiante. Les aménagements prévus à cette solution immobilière tiennent compte du fait que le pavillon servait de résidence étudiante et constitue une infrastructure plus que centenaire. En effet, certains murs des anciennes chambres sont éliminés, ce qui permettra d'aménager de grands espaces conformément aux besoins du cégep et d'offrir une plus grande flexibilité pour faire face à de nouveaux besoins.",,,,,,"En planification","Mars 2022
Le projet a été autorisé à l'étape « En planification ».","Ministre de l'Enseignement supérieur","Cégep John Abbott","Cégep John Abbott","Enseignement supérieur","Éducation et culture","06 – Montréal","Cégep John Abbott","Sainte-Anne-de-Bellevue","Réfection et réaménagement"
"1027","Université Concordia, pavillon Henry F. Hall – Montréal – Réfection","Le projet consiste à rénover et à mettre aux normes le 5e étage du pavillon Henry F. Hall, notamment les salles de classe et les laboratoires d'enseignement spécialisés.",,,,,,"En planification","Mars 2023
Le projet a été autorisé à l'étape « En planification ».","Ministre de l'Enseignement supérieur","Université Concordia","Université Concordia","Enseignement supérieur","Éducation et culture","06 – Montréal","Université Concordia","Montréal","Réfection"
"1028","Université du Québec à Chicoutimi, pavillon principal – Saguenay – Réfection","Le projet consiste en la réfection complète du niveau 0 (rez-de-chaussée) du pavillon principal dans les secteurs du centre social, de la cafétéria et des laboratoires des arts. Le secteur du carrefour des étudiants du niveau 1 subira, également, un réaménagement complet pour être plus opérationnel. Afin de répondre aux besoins en jeux vidéos, un réaménagement du niveau 4 est aussi prévu.",45.10,45.10,0.00,,2026-12-31,"En réalisation","Mars 2023
Le projet a été autorisé à l'étape « En réalisation ».","Ministre de l'Enseignement supérieur","Université du Québec à Chicoutimi","Université du Québec à Chicoutimi","Enseignement supérieur","Éducation et culture","02 – Saguenay–Lac-Saint-Jean","Université du Québec à Chicoutimi","Saguenay","Réfection"
"138","Établissement de détention – Montréal – Reconstruction","Le projet consiste en la construction d'une infrastructure carcérale adaptée aux femmes, dans la région de Montréal, en remplacement de l'établissement de détention Maison Tanguay, qui a été fermé, en 2016, en raison de sa vétusté. La population carcérale a été transférée temporairement à l'établissement de détention Leclerc de Laval.
De plus, l'actuel établissement de détention Maison Tanguay sera démoli.",,,,,,"En planification","Mai 2014
Le projet a été autorisé à l'étape « En planification ».","Ministre responsable des Infrastructures","Ministère de la Sécurité publique","Société québécoise des infrastructures","Administration gouvernementale","Gouverne et justice","06 – Montréal","Établissement de détention","Montréal","Reconstruction"
"418","Bâtiment d'hébergement temporaire – Puvirnituq – Agrandissement","Le projet consiste en l'agrandissement du quartier cellulaire de Puvirnituq. Au terme des travaux, il permettra l'hébergement temporaire des personnes incarcérées, ce qui améliorera les conditions de détention. Douze cellules y seront construites, pour une capacité maximale d'occupation de 34 détenus. Une section pour les femmes est aussi prévue.",23.00,23.00,0.00,,2022-04-30,"En réalisation","Mars 2022
La modification de la date de la mise en service a été autorisée. Initialement prévue en juin 2021, elle a été reportée à avril 2022.
Mars 2020
Le projet a été autorisé à l'étape « En réalisation ».","Ministre responsable des Infrastructures","Ministère de la Sécurité publique","Société québécoise des infrastructures","Administration gouvernementale","Gouverne et justice","10 – Nord-du-Québec","Bâtiment d'hébergement temporaire","Puvirnituq","Agrandissement"
"125","Palais de justice de Saint-Hyacinthe – Réaménagement","Le projet consiste en un réaménagement majeur du palais de justice de Saint-Hyacinthe, qui facilitera l'accessibilité de la population aux services judiciaires.
Il vise à répondre aux problèmes de mise aux normes, aux besoins d'espace supplémentaire et aux nombreuses lacunes fonctionnelles.
Les principaux occupants de l'édifice sont le ministère de la Justice, le ministère de la Sécurité publique et le Directeur des poursuites criminelles et pénales.",122.00,122.00,0.00,,2023-12-31,"En réalisation","Décembre 2020
Le projet a été autorisé à l'étape « En réalisation ».
Juin 2018
Le projet a été autorisé à l’étape « En planification ».","Ministre responsable des Infrastructures","Ministère de la Justice","Société québécoise des infrastructures","Administration gouvernementale","Gouverne et justice","16 – Montérégie","Palais de justice de Saint-Hyacinthe","Saint-Hyacinthe","Réaménagement"
"206","Palais de justice de Roberval – Réfection et agrandissement","Le projet comprend la réfection et l'agrandissement du bâtiment actuel ainsi que la démolition de l'ancien établissement de détention. Cela permettra de faciliter l'accessibilité pour la population aux services judiciaires. 
Le projet vise à mettre aux normes le bâtiment et à ajouter des locaux grâce à un agrandissement. 
Les principaux occupants de l'édifice sont le ministère de la Justice, le ministère de la Sécurité publique et le Directeur des poursuites criminelles et pénales.",66.20,66.20,0.00,2022-06-01,2023-12-31,"En réalisation","Mars 2021
La modification des dates de début et de fin de la mise en service a été autorisée. Initialement, elles étaient respectivement prévues en novembre 2021 et en février 2023. Elles sont reportées en juin 2022 et en décembre 2023.
Juillet 2019
Le","Ministre responsable des Infrastructures","Ministère de la Justice","Société québécoise des infrastructures","Administration gouvernementale","Gouverne et justice","02 – Saguenay–Lac-Saint-Jean","Palais de justice de Roberval","Roberval","Réfection et agrandissement"
"555","Palais de justice de Rouyn-Noranda – Agrandissement et réaménagement","Le bâtiment, construit dans les années 50, comporte de nombreuses lacunes fonctionnelles et techniques qui touchent la sécurité et l'aménagement des locaux. Ainsi, le ministère de la Justice désire optimiser les investissements à réaliser, dans cet édifice, en jumelant ses obligations de maintien d'actifs et ses besoins avec ceux du Directeur des poursuites criminelles et pénales, de la Sûreté du Québec et du ministère de la Sécurité publique, dans un projet d'agrandissement et de réfection majeure. L'objectif est de résoudre les différents problèmes vécus par les usagers.",85.00,85.00,0.00,,2027-03-31,"En réalisation","Décembre 2020
Le projet a été autorisé à l'étape « En réalisation ».
Novembre 2020
Le projet a été autorisé à l'étape « À l'étude ».","Ministre responsable des Infrastructures","Ministère de la Justice","Société québécoise des infrastructures","Administration gouvernementale","Gouverne et justice","08 – Abitibi-Témiscamingue","Palais de justice de Rouyn-Noranda","Rouyn-Noranda","Agrandissement et réaménagement"
"735","Palais de justice de Longueuil (phase II) – Agrandissement","Le projet consiste en la phase II qui doit faire l'objet d'analyse des besoins et d'une planification selon les projections de l'activité judiciaire associée au palais de justice de Longueuil.",,,,,,"En planification","Mars 2021
Le projet a été autorisé à l'étape « En planification ».","Ministre responsable des Infrastructures","Ministère de la Justice","Société québécoise des infrastructures","Administration gouvernementale","Gouverne et justice","16 – Montérégie","Palais de justice de Longueuil","Longueuil","Agrandissement"
"538","Maison des aînés et alternative de Sainte-Rose – Laval – Construction","Les maisons des aînés et alternatives offriront aux personnes résidentes un milieu de vie climatisé, à dimension humaine. Elles comporteront des chambres individuelles avec une toilette et une douche adaptées à chaque résidente ou résident, qu'il s'agisse d'un aîné ou d'un adulte ayant des besoins particuliers.
Ce nouveau type d'hébergement, qui s'apparentera davantage à un domicile, favorisera les contacts humains ainsi qu'un mode de vie plus actif, entre autres grâce à un accès à des aires extérieures aménagées et à des installations mieux adaptées aux besoins des proches aidants et aidantes. Cette transformation sera aussi bénéfique pour le personnel qui y travaillera et contribuera d'ailleurs à l'attractivité et à la rétention de cette main-d'œuvre.
Le projet prévoit la construction d'une installation de 72 places.",77.80,77.80,0.00,,2022-09-30,"En réalisation","Avril 2022
Une hausse de 26,6 M$ au coût du projet a été autorisée. Initialement prévu à 51,2 M$, le coût est maintenant de 77,8 M$. De plus, une nouvelle date de mise en service sera déterminée ultérieurement.
Juillet 2020
Le projet a été autorisé à l","Ministre de la Santé","Centre intégré de santé et de services sociaux de Laval","Société québécoise des infrastructures","Santé et Services sociaux","Santé et Services sociaux","13 – Laval","Maison des aînés et alternative","Laval","Construction"
"1037","Boulevard Laure – Sept-Îles – Réfection","Le projet de réfection majeure de la chaussée et du système de drainage sur un peu plus de 10 km vise à offrir aux usagers une route sécuritaire et conforme aux normes. Les interventions permettront de remettre en état le réseau d'égouts pluvial souterrain et de remettre aux normes le système d'éclairage, les entrées charretières et les équipements électrotechniques désuets. De plus, le projet sera arrimé au projet municipal de réaménagement urbain et de remplacement des réseaux d'eau potable et d'égouts sanitaires.",,,,,,"En planification","Mars 2023
Le projet a été autorisé à l'étape « En planification ».","Ministre des Transports et de la Mobilité durable","Ministère des Transports et de la Mobilité durable","Ministère des Transports et de la Mobilité durable","Réseau routier","Économie et environnement","09 – Côte-Nord","Boulevard Laure","Sept-Îles","Réfection"
"44","Hôpital de Baie-Saint-Paul, complexe hospitalier – Reconstruction et réaménagement","Le projet a consisté en la construction d'un hôpital de 47 lits et d'un centre d'hébergement de soins de longue durée (CHSLD) de 103 lits, à Baie-Saint-Paul, en remplacement de l'hôpital existant, qui présentait une précarité qualifiée d'extrême, liée à sa résistance à un éventuel séisme majeur.
D'une superficie brute de 34 750 m², le nouvel hôpital est actuellement en service.
Le projet comprenait également l'agrandissement et le réaménagement du centre d'hébergement Pierre-Dupré pour qu'y soient accueillis des services de première ligne et un centre de jour. Le centre d'hébergement, d'une superficie de 3 410 m², a été réaménagé et agrandi de 229 m².",232.30,232.30,0.00,2017-04-01,2018-09-23,"En service","Février 2020
Une baisse de 34,0 M$ au coût du projet a été autorisée. Prévu à 266,3 M$, le coût est maintenant de 232,3 M$.
Août 2019
La mise en service complète de l'infrastructure a été autorisée au cours de l'année financière 2019-2020.
Janvier 201","Ministre de la Santé","Centre intégré universitaire de santé et de services sociaux de la Capitale-Nationale","Société québécoise des infrastructures","Santé et Services sociaux","Santé et Services sociaux","03 – Capitale-Nationale","Hôpital de Baie-Saint-Paul","Baie-Saint-Paul","Reconstruction et réaménagement"
"45","Centre hospitalier régional de Trois-Rivières, unités de soins du pavillon Sainte-Marie (phase II) – Agrandissement et réaménagement","Le projet a consisté à construire une aile de quatre étages adjacente à un bâtiment existant ainsi qu'à réaménager divers secteurs de ce bâtiment. Il s'agit de la seconde phase d'un projet amorcé en 1997, qui vise à offrir une gamme de services complets à la population de la région de la Mauricie. Les objectifs de ce projet sont, entre autres, d'adapter la capacité d'hospitalisation aux besoins de la population ainsi que de permettre la réorganisation du programme de santé mentale et l'actualisation du programme de pneumologie. 
L'envergure des travaux est d'environ 16 000 m² en superficie brute totale, soit un agrandissement de près de 13 000 m² et un réaménagement d'un peu plus de 3 000 m². La ministre de la Santé et des Services sociaux a autorisé que la nouvelle aile de l'hôpital soit mise en service en mai 2018. 
La section réaménagée a été mise en service en mai 2019.",57.00,57.00,0.00,2018-05-08,2019-05-31,"En service","Décembre 2020
Une baisse de 2,8 M$ au coût du projet a été autorisée. Initialement prévu à 59,8 M$, le coût est maintenant de 57,0 M$. De plus, la modification de la date de la mise en service complète a été autorisée. Initialement prévue en avril 2019, ","Ministre de la Santé","Centre intégré universitaire de santé et de services sociaux de la Mauricie-et-du-Centre-du-Québec","Société québécoise des infrastructures","Santé et Services sociaux","Santé et Services sociaux","04 – Mauricie","Centre hospitalier régional de Trois-Rivières","Trois-Rivières","Agrandissement et réaménagement"
"46","Hôpital régional de Saint-Jérôme, santé mentale – Construction","Le projet consiste à construire un pavillon de santé mentale afin de remplacer le pavillon actuel, considéré comme très vétuste. 
Le nouveau pavillon permettra notamment d'améliorer la capacité d'accueil, en passant de 85 à 97 lits, de fournir des chambres de taille convenable et d'assurer les liens fonctionnels avec les autres secteurs de l'hôpital régional de Saint-Jérôme.
D'une hauteur de quatre étages, la superficie totale brute du pavillon projeté est de 16 000 m², soit 11 000 m² de plus que le bâtiment existant.
À la suite de la mise en service complète du nouveau pavillon, l'ancien bâtiment sera démoli.",110.40,110.40,0.00,2021-11-30,2022-06-30,"En service","Mars 2021
La date de début de mise en service de l'infrastructure a été modifiée, prévue en septembre 2021, elle est reportée en novembre 2021.
Décembre 2020
Une modification quant à la mise en service a été autorisée. La mise en service sera progressi","Ministre de la Santé","Centre intégré de santé et de services sociaux des Laurentides","Société québécoise des infrastructures","Santé et Services sociaux","Santé et Services sociaux","15 – Laurentides","Hôpital régional de Saint-Jérôme","Saint-Jérôme","Construction"
"47","Centre d'hébergement et de soins de longue durée – Saint-Jérôme – Construction","Le projet regroupe, en un seul lieu, des résidentes et résidents en provenance des centres d'hébergement Youville et L'Auberge à Saint-Jérôme, deux infrastructures jugées désuètes. Il a permis d'améliorer la qualité de vie des résidents, tout en prévoyant des chambres individuelles et en facilitant le travail du personnel. La nouvelle construction a quatre étages, excluant le sous-sol. Sa superficie brute est de 14 373 m². Les services alimentaires de l'hôpital régional de Saint-Jérôme ont été agrandis et réaménagés afin de permettre la production des repas du nouveau CHSLD.",53.60,53.50,0.10,,2018-05-01,"En service","Mars 2021
Une baisse de 9,2 M$ au coût du projet a été autorisée. Initialement prévu à 62,8 M$, le coût est maintenant de 53,6 M$. Ainsi, la contribution du Québec passe de 62,7 M$ à 53,5 M$ et celle des partenaires demeure à 0,1 M$.
Mars 2020
La mise ","Ministre de la Santé","Centre intégré de santé et de services sociaux des Laurentides","Société québécoise des infrastructures","Santé et Services sociaux","Santé et Services sociaux","15 – Laurentides","Centre d'hébergement et de soins de longue durée","Saint-Jérôme","Construction"
"66","Hôtel-Dieu de Lévis, cancérologie – Construction","Le projet a permis la construction d'un centre régional intégré de cancérologie (CRIC) sur le site de l'Hôtel-Dieu de Lévis. Le centre regroupe les principaux services spécialisés offerts en cancérologie, notamment en prévention et en dépistage, et les soins spécialisés dans les domaines de la chirurgie oncologique, de la chimiothérapie, de la pharmacie oncologique et de la radiothérapie. De plus, un service de tomographe par émission de positrons (TEP scan) a été construit à proximité du secteur de l'imagerie médicale. Le projet permettra de rapprocher les services de radio-oncologie de la population de la région de Chaudière-Appalaches, d'augmenter la capacité du réseau afin de répondre aux besoins actuels et projetés de cette région, dus notamment au vieillissement de sa population, et de consolider les services régionaux en cancérologie. 
L'envergure des travaux réalisés est de 13 000 m² en superficie brute totale, soit 12 238 m² pour le nouveau bâtiment du CRIC et 942 m² pour l'agrandissement du TEP scan.
Les travaux sont terminés.",129.00,129.00,0.00,2019-04-01,2020-10-31,"En service","Mars 2021
Une baisse de 28,7 M$ au coût du projet a été autorisée. Initialement prévu à 157,7 M$, le coût est maintenant de 129,0 M$. De plus, la mise en service complète de l'infrastructure a été autorisée au cours de l'année financière 2020-2021.
Mars","Ministre de la Santé","Centre intégré de santé et de services sociaux de Chaudière-Appalaches","Société québécoise des infrastructures","Santé et Services sociaux","Santé et Services sociaux","12 – Chaudière-Appalaches","Hôtel-Dieu de Lévis","Lévis","Construction"
"1014","Palais de justice de Montréal, stationnement – Réfection","Le projet consiste à refaire les dalles du stationnement souterrain multi-étages du palais de justice de Montréal. Il offre une occasion d'optimiser les travaux en remplaçant des conduits de ventilation.",27.00,27.00,0.00,,2023-11-30,"En réalisation","Juin 2022
Le projet a été autorisé à l'étape « En réalisation ».","Ministre responsable des Infrastructures","Ministère de la Justice","Société québécoise des infrastructures","Administration gouvernementale","Gouverne et justice","06 – Montréal","Palais de justice de Montréal","Montréal","Réfection"
"1048","Immeuble Serviloge (Phase I), 47 logements – Rimouski – Construction","Le projet vise la construction de 47 logements locatifs abordables à Rimouski destinés à des ménages à revenu faible ou modeste ainsi qu'à des personnes ayant des besoins particuliers en habitation.",,,,,,"En planification","Mars 2023
Le projet a été autorisé à l'étape « En planification ».","Ministre responsable de l'Habitation","Serviloge","Serviloge","Logements sociaux et communautaires","Économie et environnement","01 – Bas-Saint-Laurent","Immeuble","Rimouski","Construction"
"1049","Immeuble Le Projet Simonds, 90 logements – Granby – Construction","Le projet vise la construction de 90 logements locatifs abordables à Granby destinés à des ménages à revenu faible ou modeste ainsi qu'à des personnes ayant des besoins particuliers en habitation.",,,,,,"En planification","Mars 2023
Le projet a été autorisé à l'étape « En planification ».","Ministre responsable de l'Habitation","Office d'habitation de la Haute-Yamaska-Rouville","Office d'habitation de la Haute-Yamaska-Rouville","Logements sociaux et communautaires","Économie et environnement","05 – Estrie","Immeuble","Granby","Construction"
"1050","Immeuble Le Monarque, 134 logements – Sherbrooke – Construction","Le projet vise la construction de 134 logements locatifs abordables à Sherbrooke destinés à des ménages à revenu faible ou modeste ainsi qu'à des personnes ayant des besoins particuliers en habitation.",,,,,,"En planification","Mars 2023
Le projet a été autorisé à l'étape « En planification ».","Ministre responsable de l'Habitation","Parallèle De L'habitation sociale","Parallèle De L'habitation sociale","Logements sociaux et communautaires","Économie et environnement","05 – Estrie","Immeuble","Sherbrooke","Construction"
"1051","Immeuble Résidence Harmonie, 92 logements – Dorval – Construction","Le projet vise la construction de 92 logements locatifs abordables à Dorval destinés à des ménages à revenu faible ou modeste ainsi qu'à des personnes ayant des besoins particuliers en habitation.",,,,,,"En planification","Mars 2023
Le projet a été autorisé à l'étape « En planification ».","Ministre responsable de l'Habitation","Office municipal d'habitation de Montréal","Office municipal d'habitation de Montréal","Logements sociaux et communautaires","Économie et environnement","06 – Montréal","Immeuble","Dorval","Construction"
"1052","Immeuble Umano, 111 logements – Lévis – Construction","Le projet vise la construction de 111 logements locatifs abordables à Lévis destinés à des ménages à revenu faible ou modeste ainsi qu'à des personnes ayant des besoins particuliers en habitation.",,,,,,"En planification","Mars 2023
Le projet a été autorisé à l'étape « En planification ».","Ministre responsable de l'Habitation","Office municipal d'habitation de Lévis","Office municipal d'habitation de Lévis","Logements sociaux et communautaires","Économie et environnement","12 – Chaudière-Appalaches","Immeuble","Lévis","Construction"
"1053","Immeuble Havre du Petit Village (Phase II), 86 logements – Repentigny – Construction","Le projet vise la construction de 86 logements locatifs abordables à Repentigny destinés à des ménages à revenu faible ou modeste ainsi qu'à des personnes ayant des besoins particuliers en habitation.",,,,,,"En planification","Mars 2023
Le projet a été autorisé à l'étape « En planification ».","Ministre responsable de l'Habitation","Havre du petit village","Havre du petit village","Logements sociaux et communautaires","Économie et environnement","14 – Lanaudière","Immeuble","Repentigny","Construction"
"309","Hôpital Honoré-Mercier, urgence – Saint-Hyacinthe – Agrandissement et réaménagement","Le projet consistait en l'agrandissement et le réaménagement de l'urgence de l'hôpital Honoré-Mercier et a une portée globale estimée à 7 861 m² bruts, dont notamment 5 919,7 m² en agrandissement et 1 401 m² en réaménagement. Il consistait en un agrandissement sur deux niveaux (sous-sol et rez-de-chaussée) destinés à accueillir la nouvelle urgence et l'abri des ambulances de quatre places .
La trame structurale permet d'ajouter éventuellement un étage au-dessus de l'agrandissement. Le sous-sol comportera les salles mécaniques, le lien de jonction et divers espaces de rangement. Par ailleurs, les réaménagements touchent principalement l'aire clinico-administrative, l'unité de médecine de jour et les aires de soutien.",69.10,69.10,0.00,,2024-02-28,"En réalisation","Mars 2023
La modification de la date de la mise en service complète a été autorisée. Prévue en mars 2023, elle est reportée à février 2024.
Mars 2021
La modification de la date de la mise en service a été autorisée. Initialement prévue en novembre 2021","Ministre de la Santé","Centre intégré de santé et de services sociaux de la Montérégie-Est","Société québécoise des infrastructures","Santé et Services sociaux","Santé et Services sociaux","16 – Montérégie","Hôpital Honoré-Mercier","Saint-Hyacinthe","Agrandissement et réaménagement"
"1054","Immeuble Habitations Rive Gauche, 85 logements – Blainville – Construction","Le projet vise la construction de 85 logements locatifs abordables à Blainville destinés à des ménages à revenu faible ou modeste ainsi qu'à des personnes ayant des besoins particuliers en habitation.",,,,,,"En planification","Mars 2023
Le projet a été autorisé à l'étape « En planification ».","Ministre responsable de l'Habitation","Habitations Rive Gauche","Habitations Rive Gauche","Logements sociaux et communautaires","Économie et environnement","15 – Laurentides","Immeuble","Blainville","Construction"
"1059","Immeuble Un toit pour tous, 54 logements – Longueuil – Construction","Le projet vise la construction de 54 logements locatifs abordables à Longueuil destinés à des ménages à revenu faible ou modeste ainsi qu'à des personnes ayant des besoins particuliers en habitation.",,,,,,"En planification","Mars 2023
Le projet a été autorisé à l'étape « En planification ».","Ministre responsable de l'Habitation","Habitations communautaires Longueuil","Habitations communautaires Longueuil","Logements sociaux et communautaires","Économie et environnement","16 – Montérégie","Immeuble","Longueuil","Construction"
"1055","Immeuble Habitations Saint-Joseph, 96 logements – Châteauguay – Construction","Le projet vise la construction de 96 logements locatifs abordables à Châteauguay destinés à des ménages à revenu faible ou modeste ainsi qu'à des personnes ayant des besoins particuliers en habitation.",,,,,,"En planification","Mars 2023
Le projet a été autorisé à l'étape « En planification ».","Ministre responsable de l'Habitation","Société locative d'investissement et de développement social (SOLIDES)","Société locative d'investissement et de développement social (SOLIDES)","Logements sociaux et communautaires","Économie et environnement","16 – Montérégie","Immeuble","Châteauguay","Construction"
"1056","Immeuble Hapopex-Industriel (Phase II), 122 logements – Montréal – Construction","Le projet vise la construction de 122 logements locatifs abordables à Montréal destinés à des ménages à revenu faible ou modeste ainsi qu'à des personnes ayant des besoins particuliers en habitation.",,,,,,"En planification","Mars 2023
Le projet a été autorisé à l'étape « En planification ».","Ministre responsable de l'Habitation","Hapopex","Hapopex","Logements sociaux et communautaires","Économie et environnement","06 – Montréal","Immeuble","Montréal","Construction"
"1057","Immeuble La Traversée Soeurs de Sainte-Anne, 249 logements – Montréal – Construction","Le projet vise la construction de 249 logements locatifs abordables à Montréal destinés à des ménages à revenu faible ou modeste ainsi qu'à des personnes ayant des besoins particuliers en habitation.",,,,,,"En planification","Mars 2023
Le projet a été autorisé à l'étape « En planification ».","Ministre responsable de l'Habitation","Espace La Traversée","Espace La Traversée","Logements sociaux et communautaires","Économie et environnement","06 – Montréal","Immeuble","Montréal","Construction"
"580","Maison des aînés (anciens CHSLD Parphilia-Ferland et Saint-Eusèbe) – Joliette – Construction","Le projet consiste en la construction d'un bâtiment de 288 places, fortement inspiré du modèle de maison des aînés et alternative, sur le territoire du centre intégré de santé et de services sociaux de Lanaudière. Ce bâtiment est destiné à accueillir la clientèle du centre d'hébergement et de soins de longue durée Parphilia-Ferland et de celui de Saint-Eusèbe.
Le besoin est généré principalement par l'état de vétusté fonctionnelle et physique du bâtiment existant de Saint-Eusèbe et l'orientation du ministère de la Santé et des Services sociaux de reloger la clientèle de l'hôpital régional. À ce jour, aucune décision quant à la réutilisation ou non de l'immeuble de Saint-Eusèbe n'a encore été prise.
Ce projet assurera, pour la clientèle âgée grandissante, un service de proximité, dans des milieux adaptés à la condition de ces personnes, qui sera axé sur les meilleures pratiques en soins de longue durée.",,,,,,"En planification","Juin 2022
Le projet « 581 - Maison des aînés (ancien CHSLD Parphilia-Ferland) – Saint-Charles-Borromée – Reconstruction et agrandissement» a été intégré au présent projet.
Décembre 2020
Le projet a été autorisé à l'étape « En planification ».","Ministre de la Santé","Centre intégré de santé et de services sociaux de Lanaudière","Société québécoise des infrastructures","Santé et Services sociaux","Santé et Services sociaux","14 – Lanaudière","Maison des aînés (anciens CHSLD Parphilia-Ferland et Saint-Eusèbe)","Joliette","Construction"
"232","Hôpital de Chicoutimi, bloc opératoire – Saguenay – Agrandissement","Le projet consiste principalement à moderniser le bloc opératoire, la clinique de préadmission et l'unité de retraitement des dispositifs médicaux. Les agrandissements envisagés permettront aux cliniciens de travailler dans un environnement moderne, fonctionnel et adapté aux normes actuelles. Pour les patients de la région, le projet améliorera l'accessibilité à la chirurgie, tout en offrant un meilleur confort pré et postopératoire. Il est prévu d'agrandir et de réaménager certains bâtiments existants, de démolir une aile, d'ériger un nouveau bâtiment de logistique ainsi que de construire un stationnement étagé.",,,,,,"En planification","Décembre 2021
Le projet a été autorisé à l'étape « En planification ».
Août 2013
Le projet a été autorisé à l’étape « À l’étude ».","Ministre de la Santé","Centre intégré universitaire de santé et de services sociaux du Saguenay–Lac-Saint-Jean","Société québécoise des infrastructures","Santé et Services sociaux","Santé et Services sociaux","02 – Saguenay–Lac-Saint-Jean","Hôpital de Chicoutimi","Saguenay","Agrandissement"
"233","Hôpital du Centre-de-la-Mauricie, urgence – Shawinigan – Maintien et bonification","Le projet consiste à réaliser des travaux majeurs d'immobilisation, soit l'agrandissement et le réaménagement de l'urgence, incluant l'ajout d'une unité de soins intensifs.
Le projet vise à optimiser le fonctionnement de l'urgence, à disposer de locaux conformes favorisant la sécurité des patients et du personnel ainsi que les bonnes pratiques en matière de prévention et de contrôle des infections nosocomiales.",,,,,,"À l'étude","Mars 2018
Le projet a été autorisé à l'étape « À l'étude ».","Ministre de la Santé","Centre intégré universitaire de santé et de services sociaux de la Mauricie-et-du-Centre-du-Québec","Société québécoise des infrastructures","Santé et Services sociaux","Santé et Services sociaux","04 – Mauricie","Hôpital du Centre-de-la-Mauricie","Shawinigan","Maintien et bonification"
"114","Tunnel Louis-Hippolyte-La Fontaine entre Montréal et Longueuil – Réfection","Le projet vise à assurer la pérennité du lien interrives stratégique qu'est le tunnel Louis-Hippolyte-La Fontaine. Plus particulièrement, il consiste en une réfection majeure de la chape de béton (sous la surface de roulement) et des éléments structuraux, au remplacement des systèmes (électriques, mécaniques, de ventilation, d'éclairage, de signalisation, etc.) et à l'ajout d'un système de protection contre les incendies de grande puissance. Les travaux comprennent également la reconstruction de la chaussée de béton de part et d'autre du tunnel.",2497.40,2065.00,432.40,,2026-05-01,"En réalisation","Août 2022
Une hausse de 1 071,6 M$ au coût du projet a été autorisée. Prévu à 1 425,8 M$, le coût est maintenant de 2 497,4 M$. Ainsi, la contribution du Québec passe de 994,0 M$ à 2 065,0 M$ et celle des partenaires de 431,8 M$ à 432,4 M$. De plus, une ","Ministre des Transports et de la Mobilité durable","Ministère des Transports et de la Mobilité durable","Ministère des Transports et de la Mobilité durable en association avec la Société québécoise des infrastructures","Réseau routier","Économie et environnement","06 – Montréal; 16 – Montérégie","Tunnel Louis-Hippolyte-La Fontaine","De Montréal à Longueuil","Réfection"
"236","Hôpital général juif (phase IV) – Montréal – Réaménagement et agrandissement","Le projet vise le réaménagement des locaux de l'hôpital général juif, particulièrement ceux laissés vacants, dans les pavillons B, C, D et G, à la suite du déménagement des activités dans le pavillon K. L'agrandissement de la cour intérieure, entre les pavillons H et K, pour l'installation d'une nouvelle pharmacie est également prévu.

La réalisation de ces travaux permettra, entre autres, la suppression des chambres de trois et quatre lits, qui seront converties en chambres individuelles et doubles. Le réaménagement de secteurs qui présentent des déficiences fonctionnelles majeures, comme l'imagerie médicale, la pharmacie, l'endoscopie et l'unité de santé mentale, sera également réalisé.",269.90,254.20,15.70,2023-05-01,2028-12-01,"En réalisation","Juin 2022
Le projet a été autorisé à l'étape « En réalisation ».
Août 2020
Le projet a été autorisé à l'étape « En planification ».
Juillet 2018
Le Centre intégré universitaire de santé et de services sociaux du Centre-Ouest-de-l'Île-de-Montréal a ét","Ministre de la Santé","Centre intégré universitaire de santé et de services sociaux du Centre-Ouest-de-l'Île-de-Montréal","Centre intégré universitaire de santé et de services sociaux du Centre-Ouest-de-l'Île-de-Montréal en association avec la Société québécoise des infrastructures","Santé et Services sociaux","Santé et Services sociaux","06 – Montréal","Hôpital général juif","Montréal","Réaménagement et agrandissement"
"237","Centre hospitalier de St. Mary, unités de soins – Montréal – Reconstruction et réaménagement","Le projet du centre hospitalier de St. Mary a pour objectif de moderniser les unités de soins, plus précisément à augmenter la proportion de chambres individuelles. En effet, les unités de soins sont actuellement dotées de chambres à occupation double, triple, voire quadruple, pour l'unité de médecine interne.
Les travaux consisteront en la démolition et la reconstruction du pavillon E afin d'augmenter sa superficie. Un réaménagement mineur du pavillon A est prévu et constituera un espace de jonction entre la reconstruction et le pavillon principal.",,,,,,"En planification","Janvier 2022
Le projet a été autorisé à l'étape « En planification ».
Novembre 2017
Le projet a été autorisé à l'étape « À l'étude ».","Ministre de la Santé","Centre intégré universitaire de santé et de services sociaux de l'Ouest-de-l'Île-de-Montréal","Société québécoise des infrastructures","Santé et Services sociaux","Santé et Services sociaux","06 – Montréal","Centre hospitalier de St. Mary","Montréal","Reconstruction et réaménagement"
"238","Hôpital de la Cité-de-la-Santé, centre de la famille et unités de soins – Laval – Maintien et bonification","Le projet a pour objectif de moderniser plusieurs secteurs de l'hôpital de la Cité-de-la-santé de Laval, dont le centre de la famille qui regroupera les unités de pédiatrie, les activités ambulatoires, la néonatalogie, un bloc obstétrical et les chambres TARP (travail-accouchement-récupération- post-partum). Le projet inclut également la modernisation de l'unité d'intervention brève et les unités de soins de médecine-chirurgie.",,,,,,"À l'étude","Mars 2018
Le projet a été autorisé à l'étape « À l'étude ».","Ministre de la Santé","Centre intégré de santé et de services sociaux de Laval","Société québécoise des infrastructures","Santé et Services sociaux","Santé et Services sociaux","13 – Laval","Hôpital de la Cité-de-la-santé","Laval","Maintien et bonification"
"247","Hôtel-Dieu de Lévis, blocs endoscopique et opératoire et services logistiques – Agrandissement et réaménagement","Le projet vise à résoudre les problèmes de manque d'espace et de vétusté du bloc opératoire, de l'unité d'endoscopie et de l'unité de retraitement des dispositifs médicaux de l'Hôtel-Dieu de Lévis. 
L'agrandissement prévu consiste en : 
• Un nouveau pavillon clinique de quatre étages qui accueillera le bloc opératoire, l'unité d'endoscopie et l'unité de retraitement des dispositifs médicaux; 
• Un nouveau pôle logistique pour les services de réapprovisionnement, de réception décentralisée des échantillons, de gestion des déchets, de buanderie et de lingerie ainsi que pour la morgue.",,,,,,"En planification","Juin 2021
Le projet a été autorisé à l'étape « En planification ».","Ministre de la Santé","Centre intégré de santé et de services sociaux de Chaudière-Appalaches","Société québécoise des infrastructures","Santé et Services sociaux","Santé et Services sociaux","12 – Chaudière-Appalaches","Hôtel-Dieu de Lévis","Lévis","Agrandissement et réaménagement"
"249","Hôpital général de Montréal, unité de soins – Maintien","À la suite de la construction du centre universitaire de santé McGill, ses activités ont été regroupées sur deux sites : le campus hospitalier Glen et l'hôpital général de Montréal. Ainsi, la consolidation des activités de l'hôpital général nécessite des rénovations importantes de ce dernier afin de le rendre conforme aux normes actuelles. Le projet vise prioritairement à moderniser le bloc opératoire, l'unité de retraitement des dispositifs médicaux et l'urgence. Le projet devrait aussi permettre l'amélioration des services ambulatoires, des services généraux ainsi que des unités de soins qui sont dotés d'une grande proportion de chambres à occupation multiple.",,,,,,"À l'étude","Février 2023
La modification du gestionnaire de projet a été autorisée. Initialement assurée par la Société québécoise des infrastructures, la gestion du projet sera réalisée par le centre universitaire de santé McGill en association avec la Société québ","Ministre de la Santé","Centre universitaire de santé McGill","Centre universitaire de santé McGill en association avec la Société québécoise des infrastructures","Santé et Services sociaux","Santé et Services sociaux","06 – Montréal","Hôpital général de Montréal","Montréal","Maintien"
"250","Hôpital régional de Saint-Jérôme, plateau technique chirurgical – Construction, agrandissement et réaménagement","Le projet vise la modernisation du plateau technique chirurgical de l'hôpital de Saint-Jérôme, à savoir le bloc opératoire, la chirurgie d'un jour, la chirurgie mineure, la clinique de la douleur, l'endoscopie et l'unité de retraitement des dispositifs médicaux afin de garantir le maintien de la qualité et de la sécurité des services.

La solution immobilière sera érigée sur le site actuel de l'hôpital.",,,,,,"En planification","Juillet 2021
Le projet a été autorisé à l'étape « En planification ».
Juillet 2018
Le projet a été autorisé à l'étape « À l'étude ».","Ministre de la Santé","Centre intégré de santé et de services sociaux des Laurentides","Société québécoise des infrastructures","Santé et Services sociaux","Santé et Services sociaux","15 – Laurentides","Hôpital régional de Saint-Jérôme","Saint-Jérôme","Construction, agrandissement et réaménagement"
"251","Hôpital du Sacré-Cœur de Montréal, bloc opératoire et unités de soins (phase III) – Maintien et bonification","Le projet consiste en la troisième phase du plan directeur immobilier. Il vise la mise aux normes, tant fonctionnelle que technique, du corps principal de l'hôpital du Sacré-Cœur de Montréal, afin de répondre aux exigences en vigueur pour le bâtiment ainsi qu'en matière de prestation de soins et de services de santé. Il s'agit de corriger des problèmes du bloc opératoire, de la chirurgie d'un jour, des unités de soins de santé cardiovasculaire et de l'unité de retraitement des dispositifs médicaux.",,,,,,"À l'étude","Juillet 2018
Le projet a été autorisé à l'étape « À l'étude ».","Ministre de la Santé","Centre intégré universitaire de santé et de services sociaux du Nord-de-l'Île-de-Montréal","Société québécoise des infrastructures","Santé et Services sociaux","Santé et Services sociaux","06 – Montréal","Hôpital du Sacré-Cœur de Montréal","Montréal","Maintien et bonification"
"265","Centre de santé régional Eeyou-Eenou – Chisasibi – Construction","Le projet consiste à construire un nouveau bâtiment sur le site de l'actuelle école James Bay Eeyou qui sera démolie. 
Ce nouvel hôpital, répondant aux plus récentes normes en vigueur, permettra d'offrir à la population les services requis dans un environnement adéquat et sécuritaire, favorisant une architecture en harmonie avec les valeurs cries. L'hôpital régional, d'une capacité de 52 lits, offrira des activités ambulatoires ainsi que plusieurs services diagnostiques et thérapeutiques.",,,,,,"En planification","Juin 2021
Le projet a été autorisé à l'étape « En planification ».
Janvier 2019
Le projet a été autorisé à l'étape « À l'étude ».","Ministre de la Santé","Conseil cri de la santé et des services sociaux de la Baie James ","Conseil cri de la santé et des services sociaux de la Baie James en association avec la Société québécoise des infrastructures","Santé et Services sociaux","Santé et Services sociaux","10 – Nord-du-Québec","Centre de santé régional Eeyou-Eenou","Chisasibi","Construction"
"287","Centre hospitalier affilié universitaire de l'Outaouais, complexe hospitalier – Gatineau – Construction","Le projet consiste en la construction d'un centre hospitalier de 600 lits sur un site localisé dans le parc industriel, à la jonction du boulevard des Carrières et de l'autoroute de la Gatineau (A-5). Les deux hôpitaux actuels, soit de Hull et de Gatineau, sont occupés au maximum de leur capacité et ne peuvent répondre à la demande sans cesse croissante. De plus, les hôpitaux de la région de l'Outaouais sont confrontés, depuis plusieurs années, à d'importantes limitations physiques. 
Au terme du projet, l'offre de service aux citoyens, dans la région de l'Outaouais, sera bonifiée de 240 lits.",,,,,,"En planification","Juin 2022
Le projet a été autorisé à l'étape « En planification ».
Mars 2019
Le projet a été autorisé à l'étape « À l'étude ».","Ministre de la Santé","Centre intégré de santé et de services sociaux de l'Outaouais","Société québécoise des infrastructures","Santé et Services sociaux","Santé et Services sociaux","07 – Outaouais","Centre hospitalier affilié universitaire de l'Outaouais","Gatineau","Construction"
"290","Pavillon Sainte-Famille – Ville-Marie – Agrandissement et réaménagement","Le projet consistait en un réaménagement et un agrandissement du Pavillon Sainte-Famille afin de répondre aux besoins des secteurs suivants: l'unité d'urgence, l'unité des soins intensifs, le bloc opératoire, l'endoscopie, l'unité de retraitement des dispositifs médicaux, les consultations externes, l'hémato-oncologie et les laboratoires. La superficie brute construite du projet est de 3 621 m² en agrandissement (aile D) rectangulaire sur trois niveaux (sous-sol, rez-de-chaussée et 1er étage).",56.40,56.40,0.00,2021-08-31,2022-03-22,"En service","Mars 2023
La modification de la date de la mise en service complète a été autorisée. Prévue en août 2022, elle a été devancée à mars 2022. La mise en service complète de l'infrastructure a été faite au cours de l'année financière 2022-2023. Le projet ser","Ministre de la Santé","Centre intégré de santé et de services sociaux de l'Abitibi-Témiscamingue","Société québécoise des infrastructures","Santé et Services sociaux","Santé et Services sociaux","08 – Abitibi-Témiscamingue","Pavillon Sainte-Famille","Ville-Marie","Agrandissement et réaménagement"
"525","Maison des aînés de Coaticook – Construction","Les maisons des aînés et alternatives offriront aux personnes résidentes un milieu de vie climatisé, à dimension humaine. Elles comporteront des chambres individuelles avec une toilette et une douche adaptées à chaque résidente ou résident, qu'il s'agisse d'un aîné ou d'un adulte ayant des besoins particuliers.
Ce nouveau type d'hébergement, qui s'apparentera davantage à un domicile, favorisera les contacts humains ainsi qu'un mode de vie plus actif, entre autres grâce à un accès à des aires extérieures aménagées et à des installations mieux adaptées aux besoins des proches aidants et aidantes. Cette transformation sera aussi bénéfique pour le personnel qui y travaillera et contribuera d'ailleurs à l'attractivité et à la rétention de cette main-d'œuvre.
Le projet prévoit la construction d'une installation de 48 places.",49.50,49.50,0.00,,2023-09-30,"En réalisation","Avril 2022
Une hausse de 14,3 M$ au coût du projet a été autorisée. Initialement prévu à 35,2 M$, le coût est maintenant de 49,5 M$. De plus, la modification de la date de la mise en service a été autorisée. Initialement prévue en septembre 2022, elle es","Ministre de la Santé","Centre intégré universitaire de santé et de services sociaux de l'Estrie – Centre hospitalier universitaire de Sherbrooke","Société québécoise des infrastructures","Santé et Services sociaux","Santé et Services sociaux","05 – Estrie","Maison des aînés et alternative","Coaticook","Construction"
"310","Hôpital de Sept-Îles, urgence et bloc opératoire – Agrandissement et réaménagement","Le besoin de l'hôpital de Sept-Îles est généré principalement par l'état de vétusté fonctionnelle du bâtiment. Le projet vise donc à régler ce problème dans les secteurs suivants : l'urgence, le bloc opératoire, l'endoscopie, la chirurgie d'un jour, la santé mentale et l'unité de retraitement des dispositifs médicaux.
Il consiste en un agrandissement, sur trois étages, à l'emplacement du stationnement actuel du personnel de l'hôpital, ainsi qu'en des réaménagements.",,,,,,"En planification","Août 2021
Le projet a été autorisé à l'étape « En planification ».
Juin 2019
Le projet a été autorisé à l'étape « À l'étude ».","Ministre de la Santé","Centre intégré de santé et de services sociaux de la Côte-Nord","Société québécoise des infrastructures","Santé et Services sociaux","Santé et Services sociaux","09 – Côte-Nord","Hôpital de Sept-Îles","Sept-Îles","Agrandissement et réaménagement"
"311","Hôpital Santa Cabrini, bloc opératoire – Montréal – Agrandissement et réaménagement","Le projet consiste principalement en un agrandissement de 6 514 m² (sur deux niveaux surmontés d'une salle mécanique) et en un réaménagement de 280 m² de l'hôpital Santa Cabrini. Il vise à moderniser le bloc opératoire et l'unité de retraitement des dispositifs médicaux, qui seront mis aux normes, afin de répondre aux problèmes cliniques et fonctionnels de ces secteurs et d'améliorer la performance des activités.
Il prévoit l'ajout de deux salles d'opération, pour un total de huit.
Cet agrandissement permettra le réaménagement des espaces libérés pour accueillir des activités de chirurgie d'un jour.",139.40,129.40,10.00,,2025-06-30,"En réalisation","Août 2022
Une modification de la portée du projet a été autorisée, portant la superficie initiale prévue de 6 155 m² à 6 795 m² et remplaçant le stationnement étagé de 348 places initialement prévu par un stationnement souterrain de 121 places.
Une haus","Ministre de la Santé","Centre intégré universitaire de santé et de services sociaux de l'Est-de-l'Île-de-Montréal","Société québécoise des infrastructures","Santé et Services sociaux","Santé et Services sociaux","06 – Montréal","Hôpital Santa Cabrini","Montréal","Agrandissement et réaménagement"
"315","Institut national de psychiatrie légale Philippe-Pinel – Montréal – Construction, agrandissement et réaménagement","Le projet vise la modernisation des unités de soins et le renforcement de la mission d'enseignement de l'Institut, afin de permettre l'application de nouvelles approches de services en psychiatrie. Les travaux prévus visent la construction de deux pavillons, dont un est destiné à des unités de soins, et l'autre, à la recherche et à l'enseignement, ainsi que l'agrandissement et le réaménagement de deux pavillons existants.",,,,,,"En planification","Mars 2022
Le projet a été autorisé à l'étape « En planification ».
Août 2019
Le projet a été autorisé à l'étape « À l'étude ».","Ministre de la Santé","Institut national de psychiatrie légale Philippe-Pinel","Société québécoise des infrastructures","Santé et Services sociaux","Santé et Services sociaux","06 – Montréal","Institut national de psychiatrie légale Philippe-Pinel","Montréal","Construction, agrandissement et réaménagement"
"330","Institut universitaire en santé mentale Douglas – Montréal – Maintien","Le projet prévoit un renouvèlement des infrastructures de l'institut universitaire en santé mentale Douglas. Il vise ainsi la mise aux normes fonctionnelles des bâtiments, l'augmentation de la capacité d'accueil pour la clientèle en services ambulatoires ainsi que l'extension de la mission d'enseignement et de recherche de l'Institut.",,,,,,"À l'étude","Décembre 2019
Le projet a été autorisé à l'étape « À l'étude ».","Ministre de la Santé","Centre intégré universitaire de santé et de services sociaux de l'Ouest-de-l'Île-de-Montréal","Société québécoise des infrastructures","Santé et Services sociaux","Santé et Services sociaux","06 – Montréal","Institut universitaire en santé mentale Douglas","Montréal","Maintien"
"357","Hôpital Charles-Le Moyne, santé mentale – Longueuil – Maintien et bonification","Le projet consiste à déployer un centre intégré en santé mentale pour jeunes et adultes, à l'hôpital Charles-Le Moyne, afin de regrouper divers services existants et aussi d'augmenter les services.",,,,,,"À l'étude","Mars 2020
Le projet a été autorisé à l'étape « À l'étude ».","Ministre de la Santé","Centre intégré de santé et de services sociaux de la Montérégie-Centre","Société québécoise des infrastructures","Santé et Services sociaux","Santé et Services sociaux","16 – Montérégie","Hôpital Charles-Le Moyne","Longueuil","Maintien et bonification"
"431","Maison des aînés et alternative spécialisée (ancien CHSLD) – Macamic – Construction","Le projet consiste en la construction d'un bâtiment de 96 places fortement inspiré du modèle de maison des aînés et alternative sur le territoire du centre intégré de santé et de services sociaux (CISSS) de l'Abitibi-Témiscamingue pour héberger la clientèle provenant du bâtiment actuel. Cette nouvelle installation prévoit 14 places pour la clientèle en santé mentale et déficience intellectuelle. Le besoin est généré principalement par l'état de vétusté fonctionnelle et physique. 
Ce projet de transformation du parc de places d'hébergement permettra de desservir la clientèle âgée grandissante, à proximité, dans des milieux adaptés à leur condition, favorisant un service axé sur les meilleures pratiques selon la vision du CISSS et les orientations ministérielles en soins de longue durée.",65.00,65.00,0.00,,2024-06-30,"En réalisation","Décembre 2020
Le projet a été autorisé à l'étape « En réalisation ».","Ministre de la Santé","Centre intégré de santé et de services sociaux de l'Abitibi-Témiscamingue","Société québécoise des infrastructures","Santé et services sociaux","Santé et Services sociaux","08 – Abitibi-Témiscamingue","Maison des aînés et alternative spécialisée (ancien CHSLD)","Macamic","Construction"
"434","Villa Fraserville, centre jeunesse – Rivière-du-Loup – Agrandissement et réaménagement","Le projet consistait en un réaménagement et une mise aux normes des unités existantes ainsi qu'un agrandissement du bâtiment pour adjoindre, d'une part, un gymnase pouvant être partagé avec la population et, d'autre part, l'ensemble des services psychosociaux requis dont ceux de protection de la jeunesse, présentement situés au centre hospitalier régional du Grand-Portage. La superficie totale du projet est de 4 814 m², dont 3 273 m² en réaménagement répartis sur quatre niveaux et 1 541 m² en agrandissement répartis sur trois niveaux (1 niveau de gymnase et 2 niveaux de bureaux).",21.50,21.50,0.00,,2022-08-31,"En service","Mars 2023
Mise en service complète de l'infrastructure au cours de l'année financière 2022-2023. Le projet sera retiré du Tableau de bord lors de la prochaine mise à jour annuelle.
Mars 2021
La modification de la date de la mise en service a été autori","Ministre de la Santé","Centre intégré de santé et de services sociaux du Bas-Saint-Laurent","Société québécoise des infrastructures","Santé et services sociaux","Santé et Services sociaux","01 – Bas-Saint-Laurent","Villa Fraserville","Rivière-du-Loup","Agrandissement et réaménagement"
"441","Hôpital du Sacré-Cœur, médecine nucléaire et ajout d'un appareil de tomographie – Montréal – Agrandissement et réaménagement","Le projet consiste à agrandir l'hôpital du Sacré-Cœur de Montréal afin de relocaliser la médecine nucléaire et d'implanter un appareil de tomographie par émission de positrons couplé à la tomodensitométrie (TEP-TDM) pour le territoire du centre intégré universitaire de santé et de services sociaux du Nord-de-l'Île-de-Montréal (CIUSSS).",43.40,40.40,3.00,,2024-12-31,"En réalisation","Mai 2022
Le projet a été autorisé à l'étape « En réalisation ».
Mars 2020
Le projet a été autorisé à l'étape « En planification ».","Ministre de la Santé","Centre intégré universitaire de santé et de services sociaux du Nord-de-l'Île-de-Montréal","Société québécoise des infrastructures","Santé et services sociaux","Santé et Services sociaux","06 – Montréal","Hôpital du Sacré-Cœur de Montréal","Montréal","Agrandissement et réaménagement"
"442","Maison des aînés (ancien CHSLD Argenteuil) – Lachute – Construction","Le projet consiste en la construction d'une nouvelle maison des ainés de 144 places, incluant un centre de jour, dans la municipalité de Lachute permettant ainsi de relocaliser les résidents des unités du Pavillon et de La Fontaine (CHSLD Argenteuil) du centre de santé et de services sociaux d'Argenteuil jugées vétustes.",,,,,,"En planification","Décembre 2020
Le projet a été autorisé à l'étape « En planification ».","Ministre de la Santé","Centre intégré de santé et de services sociaux des Laurentides","Société québécoise des infrastructures","Santé et services sociaux","Santé et Services sociaux","15 – Laurentides","Maison des aînés (ancien CHSLD Argenteuil)","Lachute","Construction"
"443","Centre d'hébergement Notre-Dame-de-la-Merci – Montréal – Réaménagement","Le projet consiste en la rénovation majeure des unités de vie du centre d'hébergement Notre-Dame-de-la-Merci, ayant comme objectifs l'élimination des chambres à occupation multiple, l'amélioration des unités de vie par l'ajout de locaux communs, la modification des locaux de services et la mise aux normes électromécanique. Le centre d'hébergement et de soins de longue durée accueille une unité prothétique et une unité de soins palliatifs.",,,,,,"En planification","Mars 2020
Le projet a été autorisé à l'étape « En planification ».","Ministre de la Santé","Centre intégré universitaire de santé et de services sociaux du Nord-de-l'Île-de-Montréal","Société québécoise des infrastructures","Santé et services sociaux","Santé et Services sociaux","06 – Montréal","Centre d'hébergement Notre-Dame-de-la-Merci","Montréal","Réaménagement"
"444","Laboratoire serveur – Laval – Construction","Le projet consiste en une construction sur la Rive-Nord de Montréal pour abriter les laboratoires médicaux de la grappe Laval-Laurentides-Lanaudière dans le cadre du projet Optilab visant la réorganisation des laboratoires médicaux du réseau de la Santé et Services sociaux.",,,,,,"En planification","Mars 2020
Le projet a été autorisé à l'étape « En planification ».","Ministre de la Santé","Centre intégré de santé et de services sociaux de Laval","Société québécoise des infrastructures","Santé et Services sociaux","Santé et Services sociaux","13 – Laval","Laboratoire serveur Optilab","Laval","Construction"
"445","Maison des aînés (ancien CHSLD du Rocher-Percé) – Chandler – Agrandissement et réaménagement","Le projet consiste en un agrandissement du centre d'hébergement du Rocher-Percé aussi connu sous le nom de centre d'hébergement Villa Pabos, fortement inspiré du modèle de maison des aînés et alternative, afin d'aménager un total de 99 places. 
La première phase du projet prévoit l'agrandissement du bâtiment existant afin d'accueillir 51 places et la seconde phase prévoit un réaménagement majeur des ailes existantes pour une capacité d'accueil de 48 places.",60.00,60.00,0.00,,2024-06-30,"En réalisation","Décembre 2020
Le projet a été autorisé à l'étape « En réalisation ».
Mars 2020
Le projet a été autorisé à l'étape « En planification ».","Ministre de la Santé","Centre intégré de santé et de services sociaux de la Gaspésie","Société québécoise des infrastructures","Santé et Services sociaux","Santé et Services sociaux","11 – Gaspésie–Îles-de-la-Madeleine","Maison des aînés (ancien CHSLD du Rocher-Percé)","Chandler","Agrandissement"
"446","Hôpital de Mont-Laurier, unité de soins de courte durée et pharmacie – Laurentides – Agrandissement et réaménagement","Le projet consiste en un agrandissement de l'hôpital qui s'articule autour des grands objectifs cliniques, à savoir le réaménagement des unités de soins de médecine-chirurgie et de soins palliatifs et le réaménagement de la pharmacie centrale.",,,,,,"En planification","Mars 2020
Le projet a été autorisé à l'étape « En planification ».","Ministre de la Santé","Centre intégré de santé et de services sociaux de Lanaudière","Société québécoise des infrastructures","Santé et Services Sociaux","Santé et Services sociaux","15 – Laurentides","Hôpital de Mont-Laurier","Mont-Laurier","Agrandissement et réaménagement"
"447","Centre d'hébergement de la Vallée-de-la-Lièvre – Gatineau – Agrandissement","Le projet consiste en l'agrandissement du centre d'hébergement de la Vallée-de-la-Lièvre existant qui a actuellement 80 places.
L'agrandissement de 55 places, fortement inspiré du modèle de maison des aînés et alternative, permettra d'accueillir la clientèle en provenance de l'unité de soins de longue durée de l'hôpital de Papineau ainsi qu'un lit de répit.",,,,,,"En planification","Mars 2020
Le projet a été autorisé à l'étape « En planification ».","Ministre de la Santé","Centre intégré de santé et de services sociaux de l'Outaouais","Société québécoise des infrastructures","Santé et services sociaux","Santé et Services sociaux","07 – Outaouais","Centre d'hébergement de la Vallée-de-la-Lièvre","Gatineau","Agrandissement"
"448","Laboratoire serveur – Saint-Bruno-de-Montarville – Construction","Le projet consiste en la construction d'un bâtiment d'environ 6 130 m² sur un terrain vacant situé à Saint-Bruno-de-Montarville. Celui-ci accueillera le laboratoire serveur prévu dans le cadre d'un projet visant la réorganisation des laboratoires de biologie médicale du réseau de la santé et des services sociaux.
Sous la gouverne du centre intégré de santé et de services sociaux (CISSS) de la Montérégie-Centre, le laboratoire serveur réalisera les analyses non urgentes et spécialisées pour les hôpitaux des CISSS de la Montérégie-Est, de la Montérégie-Centre et de la Montérégie Ouest, incluant à terme ceux du futur hôpital Vaudreuil-Soulanges.",91.20,91.20,0.00,,2025-05-31,"En réalisation","Août 2022
Une modification de la portée du projet a été autorisée, portant la superficie initiale prévue de 6 000 m² à 6 130 m².
Une hausse de 23,7 M$ au coût du projet a également été autorisée. Initialement prévu à 67,5 M$, le coût est maintenant de 9","Ministre de la Santé","Centre intégré de santé et de services sociaux de la Montérégie-Centre","Société québécoise des infrastructures","Santé et services sociaux","Santé et Services sociaux","16 – Montérégie","Laboratoire serveur","Saint-Bruno-de-Montarville","Construction"
"450","Laboratoire serveur – Sherbrooke – Construction","Le projet consiste en la construction d'une superficie brute d'environ 4 500 m² et d'un réaménagement d'environ 1 600 m² pour accueillir le laboratoire serveur de l'Estrie dans le cadre du projet Optilab visant la réorganisation des laboratoires médicaux du réseau de la Santé et Services sociaux.",,,,,,"En planification","Mars 2020
Le projet a été autorisé à l'étape « En planification ».","Ministre de la Santé","Centre intégré universitaire de santé et de services sociaux de l'Estrie – Centre hospitalier universitaire de Sherbrooke","Société québécoise des infrastructures","Santé et Services sociaux","Santé et Services sociaux","05 – Estrie","Laboratoire serveur Optilab","Sherbrooke","Construction"
"451","Hôtel-Dieu de Lévis, pavillon d'enseignement – Construction","Le projet consistait à construire un bâtiment à l'Hôtel-Dieu de Lévis pouvant accueillir les cohortes d'étudiants dans le cadre du projet de délocalisation partielle du programme de préexternat de la faculté de médecine de l'Université Laval. Ce pavillon d'enseignement d'une superficie brute de 4 100 m², répartie sur quatre niveaux, est construit sur le terrain de l'Hôtel-Dieu de Lévis et il est relié au pavillon des Augustines par une passerelle.",27.00,27.00,0.00,,2023-06-30,"En réalisation","Mars 2023
La modification de la date de la mise en service complète a été autorisée. Initialement prévue en décembre 2022, elle est reportée à juin 2023.
Avril 2021
Le projet a été autorisé à l'étape « En réalisation ».
Mars 2020
Le projet a été auto","Ministre de la Santé","Centre intégré de santé et de services sociaux de Chaudière-Appalaches","Centre intégré de santé et de services sociaux de Chaudière-Appalaches","Santé et services sociaux","Santé et Services sociaux","12 – Chaudière-Appalaches","Hôtel-Dieu de Lévis","Lévis","Construction"
"183","Complexe Crémazie de la STM – Montréal – Reconstruction","Le projet a permis la construction d'un édifice en remplacement du complexe Crémazie existant. Le nouveau bâtiment comprend un atelier principalement destiné aux activités d'entretien mécanique majeur, de fabrication, de réusinage de pièces et de formation.",256.60,91.70,164.90,2019-04-30,2022-12-31,"En service","Mars 2023
Une hausse de 2,1 M$ au coût du projet a été autorisée. Prévu à 254,5 M$, le coût est maintenant de 256,6 M$. Ainsi, la contribution du Québec passe de 90,5 M$ à 91,7 M$ et celle des partenaires, de 164,0 M$ à 164,9 M$. De plus, la modification","Ministre des Transports et de la Mobilité durable","Société de transport de Montréal","Société de transport de Montréal","Transport collectif","Économie et environnement","06 – Montréal","Complexe Crémazie de la STM","Montréal","Reconstruction"
"452","Hôpital régional de Rimouski, pavillon d'enseignement – Construction","Le projet consistait à construire un bâtiment à vocation pédagogique sur le site de l'hôpital régional de Rimouski. Ce nouveau bâtiment peut accueillir les cohortes d'étudiants dans le cadre du projet de délocalisation partiel du programme de préexternat de la faculté de médecine de l'Université Laval. Un pavillon d'enseignement d'une superficie brute de 3 300 m² répartis sur quatre niveaux sera construit sur le terrain de l'hôpital régional de Rimouski et sera relié à celui-ci.",40.80,40.80,0.00,,2023-04-30,"En réalisation","Mars 2023
La modification de la date de la mise en service complète a été autorisée. Initialement prévue en décembre 2022, elle est reportée à avril 2023.
Août 2021
Le projet a été autorisé à l'étape « En réalisation ».
Mars 2020
Le projet a été auto","Ministre de la Santé","Centre intégré de santé et de services sociaux du Bas-Saint-Laurent","Centre intégré de santé et de services sociaux du Bas-Saint-Laurent","Santé et services sociaux","Santé et Services sociaux","01 – Bas-Saint-Laurent","Hôpital régional de Rimouski","Rimouski","Construction"
"453","Centre Miyupimaatisiiun communautaire – Oujé-Bougoumou – Construction","Le projet consiste en la construction d'un bâtiment. Il s'articule autour de trois secteurs-clés : les services partagés, la protection de la jeunesse et l'intervention clinique.",,,,,,"En planification","Mars 2020
Le projet a été autorisé à l'étape « En planification ».","Ministre de la Santé","Conseil cri de la santé et des services sociaux de la baie James","Conseil cri de la santé et des services sociaux de la Baie James","Santé et services sociaux","Santé et Services sociaux","10 – Nord-du-Québec","Centre Miyupimaatisiiun communautaire","Oujé-Bougoumou","Construction"
"454","Centre Miyupimaatisiiun communautaire – Waskaganish – Construction","Le projet consiste en la construction d'un bâtiment. Il s'articule autour de trois secteurs-clés : les services partagés, la protection de la jeunesse et l'intervention clinique.",49.30,49.30,0.00,,2025-01-31,"En réalisation","Août 2022
Le projet a été autorisé à l'étape « En réalisation ».
Mars 2020
Le projet a été autorisé à l'étape « En planification ».","Ministre de la Santé","Conseil cri de la santé et des services sociaux de la baie James","Conseil cri de la santé et des services sociaux de la Baie James","Santé et services sociaux","Santé et Services sociaux","10 – Nord-du-Québec","Centre Miyupimaatisiiun communautaire de Waskaganish","Waskaganish","Construction"
"494","Hôpital Notre-Dame, unité famille-naissance – Montréal – Réaménagement","Le projet consistait en un réaménagement du niveau 2 des blocs C et T de l'hôpital Notre-Dame pour y aménager une unité d'obstétrique de 16 chambres de type TARP (travail-accouchement-récupération - post-partum) et d'une de soins en néonatologie de six berceaux.",24.10,24.10,0.00,2022-11-30,2023-03-31,"En service","Mars 2023
La modification de la date de la mise en service complète a été autorisée. Initialement prévue en février 2023, elle a été reportée à mars 2023. La mise en service complète de l'infrastructure a été réalisée au cours de l'année financière 2022-","Ministre de la Santé","Centre intégré universitaire de santé et de services sociaux du Centre-Sud-de-l'Île-de-Montréal","Société québécoise des infrastructures","Santé et Services sociaux","Santé et Services sociaux","06 – Montréal","Hôpital Notre-Dame","Montréal","Réaménagement"
"1013","Édifice Catherine-de-Longpré – Québec – Réfection","Le projet vise la réfection complète de l'enveloppe du bâtiment afin de corriger de façon définitive les problématiques d'infiltration. 
L'édifice Catherine-de-Longpré, situé au 1075, chemin Sainte-Foy, à Québec, a été construit de 1964 à 1966. Il s'élève sur quinze étages et offre une superficie totale de 20 000 m². L'édifice présente des problèmes structurants d'enveloppe du bâtiment.
Des travaux de maintien d'actifs s'ajoutent, également, au programme principal, dont un réaménagement au rez-de-chaussée pour l'aménagement d'un débarcadère sécuritaire, le remplacement de la sous-station électrique, la modernisation des ascenseurs, le remplacement de la membrane d'étanchéité sur dalle du stationnement souterrain, le remplacement des ventilo-convecteurs et la sécurisation des accès.",,,,,,"En planification","Juin 2022
Le projet a été autorisé à l'étape « En planification ».","Ministre responsable des Infrastructures","Société québécoise des infrastructures","Société québécoise des infrastructures","Administration gouvernementale","Gouverne et justice","03 – Capitale-Nationale","Édifice Catherine-de-Longpré","Québec","Réfection"
"1033","Réseau de télécommunication mobile – Eeyou Ischtee Baie-James – Construction","Le projet consiste en la construction d'un réseau de télécommunication mobile sur le territoire d'Eeyou Ischtee Baie-James afin d'augmenter la couverture du réseau mobile. Ce dernier sera implanté dans plusieurs villes du territoire soit Radisson, Chisasibi, Wemindji, Eastmain, Waskaganish, Nemaska, Mistissini, Oujé-Bougoumou, Matagami, Lebel-Sur-Quévillon, Chibougamau et Chapais.",39.50,11.00,28.50,,2025-11-30,"En réalisation","Mars 2023
Le projet a été autorisé à l'étape « En réalisation ».","Ministre de l'Économie, de l'Innovation et de l'Énergie","Société Eeyou de la Baie-James","Réseau de communications Eeyou","Développement du territoire nordique","Économie et environnement","10 – Nord-du-Québec","Réseau de télécommunications","Eeyou Ischtee Baie-James","Construction"
"642","Boulevard La Vérendrye – Gatineau – Élargissement et prolongement","Le projet prévoit deux phases. La phase I concerne l'élargissement du boulevard La Vérendrye entre le boulevard Gréber et la montée Paiement pour une longueur totale de 1,9 km. Cet élargissement permettra l'ajout de deux voies de circulation qui seront réservées au transport en commun et aux véhicules multioccupants en périodes de pointe. L'objectif du projet est d'améliorer la fluidité des déplacements des personnes dans une optique de mobilité durable. La phase II du projet, soit de prolonger le boulevard La Vérendrye entre les boulevards Labrosse et Lorrain, fait l'objet d'une analyse afin d'en déterminer sa nécessité et, le cas échéant, les infrastructures à mettre en place.",,,,,,"En planification","Mars 2021
Le projet a été autorisé à l'étape « En planification ».","Ministre des Transports et de la Mobilité durable","Ville de Gatineau","Ville de Gatineau","Transports maritime, aérien, ferroviaire et autres","Économie et environnement","07 – Outaouais","Boulevard La Vérendrye","Gatineau","Élargissement et prolongement"
"643","Chemin Pink entre le boulevard des Grives et la rue Vanier – Gatineau – Élargissement","Le projet concerne l'élargissement de la chaussée existante dans l'objectif d'une meilleure fluidité et de la sécurité des usagers.",,,,,,"En planification","Mars 2021
Le projet a été autorisé à l'étape « En planification ».","Ministre des Transports et de la Mobilité durable","Ville de Gatineau","Ville de Gatineau","Transports maritime, aérien, ferroviaire et autres","Économie et environnement","07 – Outaouais","Chemin Pink","Gatineau","Élargissement"
"644","Pont des Grandes-Fourches au-dessus de la rivière Magog – Sherbrooke – Construction","Le projet consiste en la revitalisation du secteur des Grandes-Fourches Nord; les ponts seront démolis et un nouveau pont, sous la gestion municipale, sera construit en accord avec le réaménagement du secteur par la ville.",26.00,26.00,0.00,,2023-09-01,"En réalisation","Mars 2023
La modification de la date de la mise en service complète a été autorisée. Initialement prévue en décembre 2022, elle est reportée à septembre 2023.
Mars 2022
Le projet a été autorisé à l'étape « En réalisation ».
Mars 2021
Le projet a été ","Ministre des Transports et de la Mobilité durable","Ville de Sherbrooke","Ville de Sherbrooke","Transports maritime, aérien, ferroviaire et autres","Économie et environnement","05 – Estrie","Pont des Grandes-Fourches","Sherbrooke","Construction"
"509","Maison des aînés et alternative (ancien CHSLD) – Palmarolle – Construction","Le projet consiste en la construction d'un nouveau bâtiment de 24 places, fortement inspiré du modèle de maison des aînés et alternative, dans la municipalité de Palmarolle. Il permettra la relocalisation des résidents du centre d'hébergement et des soins de longue durée de Palmarolle qui a dû être fermé pour des raisons de sécurité. Tous les usagers qui étaient résidents du CHSLD de Palmarolle sont temporairement relocalisés au CHSLD de Macamic. À ce jour, aucune décision quant à la réutilisation ou non de l'immeuble laissé vacant n'a encore été prise.",34.30,34.30,0.00,,2023-08-31,"En réalisation","Juin 2022
Une hausse de 14,3 M$ au coût du projet a été autorisée. Initialement prévu à 20,0 M$, le coût est maintenant de 34,3 M$. De plus, la modification de la date de la mise en service a été autorisée. Initialement prévue en septembre 2022, elle est","Ministre de la Santé","Centre intégré de santé et de services sociaux de l'Abitibi-Témiscamingue","Société québécoise des infrastructures","Santé et Services sociaux","Santé et Services sociaux","08 – Abitibi-Témiscamingue","Maison des aînés et alternative (ancien CHSLD)","Palmarolle","Construction"
"533","Maison des aînés (ancien CHSLD) - Labelle - Construction","Le projet consiste en la construction d'une maison des aînés de 48 places, incluant un centre de jour, qui permettra la relocalisation des résidents du centre d'hébergement et de soins de longue durée de Labelle. L'ancien bâtiment jugé vétuste sera déclaré excédentaire.",,,,,,"En planification","Juin 2021
Le projet a été autorisé à l'étape « En planification ».","Ministre de la Santé","Centre intégré de santé et de services sociaux des Laurentides","Société québécoise des infrastructures","Santé et Services sociaux","Santé et Services sociaux","15 – Laurentides","Maison des aînés (ancien CHSLD)","Labelle","Construction"
"543","Maison des aînés et alternative de Salaberry-de-Valleyfield – Construction","Les maisons des aînés et alternatives offriront aux personnes résidentes un milieu de vie climatisé, à dimension humaine. Elles comporteront des chambres individuelles avec une toilette et une douche adaptées à chaque résidente ou résident, qu'il s'agisse d'un aîné ou d'un adulte ayant des besoins particuliers.
Ce nouveau type d'hébergement, qui s'apparentera davantage à un domicile, favorisera les contacts humains ainsi qu'un mode de vie plus actif, entre autres grâce à un accès à des aires extérieures aménagées et à des installations mieux adaptées aux besoins des proches aidants et aidantes. Cette transformation sera aussi bénéfique pour le personnel qui y travaillera et contribuera d'ailleurs à l'attractivité et à la rétention de cette main-d'œuvre.
Le projet prévoit la construction d'une installation de 96 places.",95.80,95.80,0.00,,2023-12-31,"En réalisation","Avril 2022
Une hausse de 32,6 M$ au coût du projet a été autorisée. Initialement prévu à 63,2 M$, le coût est maintenant de 95,8 M$. De plus, la modification de la date de la mise en service a été autorisée. Initialement prévue en septembre 2022, elle es","Ministre de la Santé","Centre intégré de santé et de services sociaux de la Montérégie-Ouest","Société québécoise des infrastructures","Santé et Services sociaux","Santé et Services sociaux","16 – Montérégie","Maison des aînés et alternative","Salaberry-de-Valleyfield","Construction"
"547","Maison alternative de Dorval – Construction","Les maisons des aînés et alternatives offriront aux personnes résidentes un milieu de vie climatisé, à dimension humaine. Elles comporteront des chambres individuelles avec une toilette et une douche adaptées à chaque résidente ou résident, qu'il s'agisse d'un aîné ou d'un adulte ayant des besoins particuliers.
Ce nouveau type d'hébergement, qui s'apparentera davantage à un domicile, favorisera les contacts humains ainsi qu'un mode de vie plus actif, entre autres grâce à un accès à des aires extérieures aménagées et à des installations mieux adaptées aux besoins des proches aidants et aidantes. Cette transformation sera aussi bénéfique pour le personnel qui y travaillera et contribuera d'ailleurs à l'attractivité et à la rétention de cette main-d'œuvre.
Le projet prévoit la construction d'une installation de 72 places.",64.80,64.80,0.00,,2023-12-31,"En réalisation","Avril 2022
Une hausse de 17,3 M$ au coût du projet a été autorisée. Initialement prévu à 47,5 M$, le coût est maintenant de 64,8 M$. De plus, la modification de la date de la mise en service a été autorisée. Initialement prévue en septembre 2022, elle es","Ministre de la Santé","Centre intégré universitaire de santé et de services sociaux de l'Ouest-de-l'Île-de-Montréal; Centre intégré universitaire de santé et de services sociaux du Nord-de-l'Île-de-Montréal","Société québécoise des infrastructures","Santé et Services sociaux","Santé et Services sociaux","06 – Montréal","Maison des aînés et alternative","Montréal","Construction"
"570","Maison des aînés (ancien CHSLD LaSalle) – Montréal – Construction","L'unité de soins de longue durée de l'hôpital de LaSalle a une capacité de 115 places. Le besoin est généré principalement par l'état de vétusté fonctionnelle et physique et l'orientation du ministère de la Santé et des Services sociaux de relocaliser la clientèle de longue durée hors des hôpitaux. Les espaces laissés vacants dans l'hôpital seront réaménagés.
Ce projet permettra de desservir la clientèle âgée grandissante, à proximité, dans des milieux adaptés à leur condition, favorisant un service axé sur les meilleures pratiques en soins de longue durée.",,,,,,"En planification","Décembre 2020
Le projet a été autorisé à l'étape « En planification ».","Ministre de la Santé","Centre intégré universitaire de santé et de services sociaux de l'Ouest-de-l'Île-de-Montréal","Société québécoise des infrastructures","Santé et Services sociaux","Santé et Services sociaux","06 – Montréal","Maison des aînés (ancien CHSLD LaSalle)","Montréal","Construction"
"571","Maison des aînés Pierrefonds-Roxboro-Dollard-des-Ormeaux (ancien CHSLD Denis-Benjamin-Viger) – Construction","Le centre d'hébergement et de soins de longue durée Denis-Benjamin-Viger a une capacité de 145 places. Le besoin est généré principalement par l'état de vétusté fonctionnelle et physique des bâtiments. Le bâtiment sera déclaré excédentaire. 
Ce projet de reconstruction du parc de lits d'hébergement, fortement inspiré du modèle de maison des aînés et alternative permettra de desservir la clientèle âgée grandissante, à proximité, dans des milieux adaptés à leur condition, favorisant un service axé sur les meilleures pratiques en soins de longue durée.",219.70,219.70,0.00,2026-02-13,2026-03-23,"En réalisation","Mars 2023
Le projet a été autorisé à l'étape « En réalisation ».
Décembre 2020
Le projet a été autorisé à l'étape « En planification ».","Ministre de la Santé","Centre intégré universitaire de santé et de services sociaux de l'Ouest-de-l'Île-de-Montréal","Société québécoise des infrastructures","Santé et Services sociaux","Santé et Services sociaux","06 – Montréal","Maison des aînés (ancien CHSLD Denis-Benjamin-Viger)","Montréal","Reconstruction et agrandissement"
"572","Maison des aînés (ancien CHSLD) – Sainte-Élisabeth – Construction","Le projet consiste à construire un bâtiment de 42 places fortement inspiré des modèles de maisons des aînés et alternative. Ce projet aspire à fournir un environnement à caractère plus humain aux bénéficiaires. Les éléments patrimoniaux du bâtiment actuel, désignés par le ministère de la Culture et des Communications, seront conservés et restaurés dans la nouvelle construction.",74.90,74.20,0.70,,2024-04-30,"En réalisation","Mars 2023
La modification de la date de la mise en service complète a été autorisée. Initialement prévue en juin 2023, elle est reportée à avril 2024.
Août 2022
Une hausse de 26,5 M$ au coût du projet a été autorisée. Initialement prévu à 48,4 M$, le c","Ministre de la Santé","Centre intégré de santé et de services sociaux de Lanaudière","Société québécoise des infrastructures","Santé et Services sociaux","Santé et Services sociaux","14 – Lanaudière","Maison des aînés (ancien CHSLD)","Sainte-Élisabeth","Construction"
"573","Centre de réadaptation pour les jeunes en difficulté d'adaptation Dominique-Savio – Montréal – Agrandissement et réaménagement","Le projet consiste à l'agrandissement de trois unités de vie existantes pour regrouper la clientèle, à bonifier les infrastructures avec une unité additionnelle ainsi qu'à réaménager l'aile A existante. Le projet vise à offrir des espaces fonctionnels, sécuritaires et un milieu de vie adapté au développement des adolescentes. Il est également prévu d'aménager des espaces pédagogiques au rez-de-chaussée de l'aile A afin de répondre aux normes du centre de services scolaire de Montréal.",50.00,50.00,0.00,,2024-09-30,"En réalisation","Décembre 2020
Le projet a été autorisé à l'étape « En réalisation ».","Ministre de la Santé","Centre intégré universitaire de santé et de services sociaux du Centre-Sud-de-l'Île-de-Montréal","Société québécoise des infrastructures","Santé et Services sociaux","Santé et Services sociaux","06 – Montréal","Centre de réadaptation pour les jeunes en difficulté d'adaptation Dominique-Savio","Montréal","Agrandissement et réaménagement"
"574","Maison des aînés (ancien CHSLD Grace Dart) – Montréal – Reconstruction et agrandissement","Le centre d'hébergement et de soins de longue durée Grace Dart a une capacité de 256 places. Un nouveau bâtiment, fortement inspiré du modèle de maison des aînés et alternative, doit être construit en remplacement de l'existant étant donné principalement l'état de vétusté fonctionnelle et physique du bâtiment existant. À ce jour, tout porte à croire qu'il sera déclaré excédentaire.",,,,,,"En planification","Décembre 2020
Le projet a été autorisé à l'étape « En planification ».","Ministre de la Santé","Centre intégré universitaire de santé et de services sociaux de l'Ouest-de-l'Île-de-Montréal","Société québécoise des infrastructures","Santé et Services sociaux","Santé et Services sociaux","06 – Montréal","Maison des aînés (ancien CHSLD Grace Dart)","Montréal","Reconstruction et agrandissement"
"583","Hôpital de Thetford Mines, urgence – Réaménagement et agrandissement","Le projet consiste en le réaménagement et l'agrandissement de l'urgence de manière à résoudre une problématique de désuétude et de manque d'espace constatée dans les locaux actuels de l'hôpital de Thetford Mines. Le projet couvre une superficie totale de 2 600 m², soit le réaménagement de l'urgence actuelle et de certains espaces adjacents pour une superficie de 1 200 m² et un agrandissement de 1 400 m² contigus à l'urgence actuelle.",34.40,34.00,0.40,,2025-03-30,"En réalisation","Mars 2023
La modification de la date de la mise en service complète a été autorisée. Initialement prévue en avril 2024, elle est reportée à mars 2025.
Février 2022
Une hausse de 7,7 M$ au coût du projet a été autorisée. Initialement prévu à 26,7 M$, le","Ministre de la Santé","Centre intégré de santé et de services sociaux de Chaudière-Appalaches","Société québécoise des infrastructures","Santé et Services sociaux","Santé et Services sociaux","12 – Chaudière-Appalaches","Hôpital de Thetford Mines","Thetford Mines","Réaménagement et agrandissement"
"600","Centres de la jeunesse et de la famille Batshaw, campus Beaconsfield – Construction","Les centres de la jeunesse et de la famille Batshaw accueillent des jeunes, répartis sur différents sites. Cet éloignement n'est pas propice à la réadaptation et présente un enjeu majeur, tant pour les jeunes que pour les personnes intervenantes.
Le projet vise le rapatriement, à Beaconsfield, des aires de vie ouvertes des centres de la jeunesse et de la famille Batshaw, actuellement réparties sur quatre sites. L'encadrement de 84 jeunes sera ainsi possible grâce à la construction de deux pavillons d'hébergement et d'un troisième qui regroupera les activités d'enseignement et les fonctions administratives.",,,,,,"En planification","Août 2021
Le projet a été autorisé à l'étape « En planification ».","Ministre de la Santé","Centre intégré universitaire de santé et de services sociaux de l'Ouest-de-l'Île-de-Montréal","Société québécoise des infrastructures","Santé et services sociaux","Santé et Services sociaux","06 – Montréal","Centres de la jeunesse et de la famille Batshaw","Beaconsfield","Construction"
"602","Maison des aînés (ancien CHSLD) – Lac-Mégantic – Construction","Le projet vise la construction d'un bâtiment de 99 places, fortement inspiré du modèle de maison des aînés et alternative. La contigüité au centre hospitalier du Granit de Lac-Mégantic permet une mutualisation de plusieurs services, tels que les services alimentaires.
Le besoin est généré principalement par l'état de vétusté fonctionnelle et physique du CHSLD, la maison paternelle et le milieu de vie inadéquat du CHSLD du Granit, où sont actuellement logées les personnes résidentes. Le centre de jour demeurera dans la maison paternelle, toutefois, le plan directeur immobilier prévoit sa relocalisation dans les espaces laissés vacants du centre hospitalier.",107.90,107.90,0.00,,2025-03-31,"En réalisation","Janvier 2023
Une modification de la portée du projet a été autorisée. Une hausse de 22,9 M$ au coût du projet a également été autorisée. Prévu à 85,0 M$, le coût est maintenant de 107,9 M$. De plus, la modification de la date de la mise en service complè","Ministre de la Santé","Centre intégré universitaire de santé et de services sociaux de l'Estrie – Centre hospitalier universitaire de Sherbrooke","Société québécoise des infrastructures","Santé et Services sociaux","Santé et Services sociaux","05 – Estrie","Maison des aînés (ancien CHSLD)","Lac-Mégantic","Construction"
"603","Maison des aînés et alternative spécialisée (ancien CHSLD Henri-Bradet) – Montréal – Agrandissement et réaménagement","Le projet consiste en un agrandissement de 96 places de soins de longue durée au centre d'hébergement Henri-Bradet, selon les modèles de maisons des aînés et alternative. Cet agrandissement sera contigu au centre hospitalier de réadaptation Richardson et au CHSLD Henri-Bradet existants.",85.00,85.00,0.00,,2025-12-15,"En réalisation","Mars 2023
La modification de la date de la mise en service complète a été autorisée. Initialement prévue en juin 2024, elle est reportée à décembre 2025.
Mars 2021
Une hausse de 15,0 M$ au coût du projet a été autorisée. Initialement prévu à 70,0 M$, l","Ministre de la Santé","Centre intégré universitaire de santé et de services sociaux du Centre-Ouest-de-l'Île-de-Montréal","Société québécoise des infrastructures","Santé et Services sociaux","Santé et Services sociaux","06 – Montréal","Maison des aînés et alternative spécialisée (ancien CHSLD Henri-Bradet)","Montréal","Agrandissement et réaménagement"
"605","Hôpital d'Amos, urgence et soins intensifs – Agrandissement et réaménagement","Le projet consiste à agrandir et à moderniser les unités d'urgence et de soins intensifs de manière à résoudre une problématique de désuétude fonctionnelle et technique et de manque d'espace. Les nouveaux aménagements seront conformes aux normes et aux pratiques actuelles.",,,,,,"En planification","Mars 2021
Le projet a été autorisé à l'étape « En planification ».","Ministre de la Santé","Centre intégré de santé et de services sociaux de l'Abitibi-Témiscamingue","Société québécoise des infrastructures","Santé et Services sociaux","Santé et Services sociaux","08 – Abitibi-Témiscamingue","Hôpital d'Amos","Amos","Agrandissement et réaménagement "
"606","Hôpital et centre de réadaptation de Jonquière, urgence – Agrandissement et réaménagement","Le projet consiste en l'agrandissement et le réaménagement des espaces existants de l'hôpital et du centre de réadaptation de Jonquière. Les travaux visent à réaménager les lieux de manière mieux adaptée à la réalité des besoins actuels.",,,,,,"En planification","Mars 2021
Le projet a été autorisé à l'étape « En planification ».","Ministre de la Santé","Centre intégré universitaire de santé et de services sociaux du Saguenay–Lac-Saint-Jean","Société québécoise des infrastructures","Santé et Services sociaux","Santé et Services sociaux","02 – Saguenay–Lac-Saint-Jean","Hôpital et centre de réadaptation de Jonquière","Jonquière","Agrandissement et réaménagement"
"607","Hôpital Notre-Dame, services de santé mentale et de dépendance – Montréal – Réaménagement","Le projet consiste à regrouper les cliniques ambulatoires et les services de psychiatrie (soins intensifs, intermédiaires, standards et gérontopsychiatriques) de l'hôpital Notre-Dame au 5e étage, pour une sécurité accrue et une importante amélioration fonctionnelle. La superficie brute du projet est d'environ 5 200 m², et l'ajout de 6 lits est prévu, pour un total de 54 dans ce service.
Des travaux de réaménagement et de mise aux normes doivent aussi être réalisés dans le secteur de la toxicomanie, pour une réponse adéquate aux besoins de la clientèle.",,,,,,"En planification","Août 2021
Le projet a été autorisé à l'étape « En planification ».","Ministre de la Santé","Centre intégré universitaire de santé et de services sociaux du Centre-Sud-de-l'Île-de-Montréal","Société québécoise des infrastructures","Santé et Services sociaux","Santé et Services sociaux","06 – Montréal","Hôpital Notre-Dame","Montréal","Réaménagement"
"657","Institut universitaire de cardiologie et de pneumologie de Québec, unité de retraitement des dispositifs médicaux – Agrandissement et réaménagement","Le projet consiste à agrandir et à réaménager l'unité de retraitement des dispositifs médicaux (URDM) de l'Institut universitaire de cardiologie et de pneumologie de Québec, y compris la relocalisation des services d'hygiène et de salubrité et celui du génie biomédical ainsi que la centralisation des unités satellites de retraitement des dispositifs endoscopiques dans la nouvelle URDM.",24.10,21.10,3.00,,2023-07-01,"En réalisation","Mars 2022
Une modification à la stratégie de financement a été autorisée. Ainsi, la contribution du Québec passe de 24,1 M$ à 21,1 M$ et une contribution des partenaires de 3,0 M$ est maintenant prévue. De plus, une modification quant à la mise en servic","Ministre de la Santé","Institut universitaire de cardiologie et de pneumologie de Québec – Université Laval","Institut universitaire de cardiologie et de pneumologie de Québec – Université Laval","Santé et services sociaux","Santé et Services sociaux","03 – Capitale-Nationale","Institut universitaire de cardiologie et de pneumologie de Québec","Québec","Agrandissement et réaménagement"
"813","Centre hospitalier universitaire Sainte-Justine, centre de réadaptation Marie Enfant – Montréal – Maintien et bonification","Le projet vise à garantir la qualité et la sécurité des soins et des services prodigués à la clientèle du centre de réadaptation Marie Enfant du centre hospitalier universitaire Sainte-Justine, par le maintien et la bonification de cette infrastructure.",,,,,,"À l'étude","Août 2021
Le projet a été autorisé à l'étape « À l'étude ».","Ministre de la Santé","Centre hospitalier universitaire Sainte-Justine","Société québécoise des infrastructures","Santé et Services sociaux","Santé et Services sociaux","06 – Montréal","Centre hospitalier universitaire Sainte-Justine","Montréal","Maintien et bonification"
"814","Hôpital de réadaptation Villa Medica – Montréal – Bonification","Le projet vise à offrir une capacité de 144 lits. Il offre des services de consultation externe et des services spécialisés et surspécialisés de réadaptation fonctionnelle intensive à des personnes qui ont une déficience physique ou des problèmes de santé. Dans la région de Montréal et dans l'ouest du Québec, il offre aussi des services spécialisés aux personnes qui ont subi des brûlures graves.
L'environnement physique du bâtiment, construit en 1964, est devenu le principal facteur de risques pour la clientèle du centre.
Afin d'offrir à ce dernier un milieu de qualité qui répond aux normes techniques et fonctionnelles en vigueur, le projet vise la relocalisation de l'hôpital de réadaptation et la construction d'un autre bâtiment.",,,,,,"À l'étude","Août 2021
Le projet a été autorisé à l'étape « À l'étude ».","Ministre de la Santé","Centre intégré universitaire de santé et de services sociaux du Centre-Sud-de-l'Île-de-Montréal","Société d'habitation du Québec","Santé et Services sociaux","Santé et Services sociaux","06 – Montréal","Hôpital de réadaptation Villa Medica","Montréal","Bonification"
"815","Maison des aînés (ancien CHSLD Georges-Phaneuf) – Saint-Jean-sur-Richelieu – Reconstruction","Le projet consiste en la construction d'un bâtiment de 144 places, fortement inspiré du modèle de maison des aînés et alternative, réparti en 12 maisonnées de 12 chambres, en lieu et place du centre d'hébergement et de soins de longue durée (CHSLD) Georges-Phaneuf.

Le besoin est généré principalement par l'état de vétusté fonctionnelle et physique qui empêche l'implantation complète d'une approche de milieu de vie.",,,,,,"En planification","Juin 2022
Le projet a été autorisé à l'étape « En planification ».
Août 2021
Le projet a été autorisé à l'étape « À l'étude ».","Ministre de la Santé","Centre intégré de santé et de services sociaux de la Montérégie-Centre","Société québécoise des infrastructures","Santé et Services sociaux","Santé et Services sociaux","16 – Montérégie","Maison des aînés (ancien CHSLD Georges-Phaneuf)","Saint-Jean-sur-Richelieu","Reconstruction"
"820","Centre hospitalier de l'Université Laval, soins intensifs pédiatriques – Québec – Agrandissement et réaménagement","Le projet consiste à mettre à niveau les infrastructures de l'hôpital afin de permettre le rapatriement entier de la clientèle des services neurochirurgicaux de l'Est-du-Québec. Cette mise à niveau se réalise en quatre phases. La première phase consistait en la dotation d'une salle d'opération avec des équipements utilisés pour les interventions d'urgence en neurochirurgie pédiatrique.
La seconde phase (le présent projet) consiste en l'agrandissement et le réaménagement de l'unité de soins intensifs pédiatriques afin d'y ajouter l'espace pour six lits supplémentaires et d'autres locaux adaptés, soit deux salles d'isolement respiratoire et une pièce en environnement protégé. Les troisième et quatrième phases sont à venir.",21.60,17.10,4.50,,2023-11-30,"En réalisation","Mars 2022
Le projet a été autorisé à l'étape « En réalisation ».","Ministre de la Santé","CHU de Québec-Université Laval","CHU de Québec-Université Laval","Santé et Services sociaux","Santé et Services sociaux","03 – Capitale-Nationale","Centre mère-enfant Soleil","Québec","Agrandissement et réaménagement"
"831","Maison des aînés et alternative – Chisasibi – Construction","Le projet consistait à construire une maison des aînés et alternative d'une capacité de 33 places et d'une superficie approximative brute de 4 820 m² dans la communauté de Chisasibi. Les projets du Nord-du-Québec ont été conçus dans le respect des exigences fonctionnelles du modèle de maisons des aînés et alternatives, tout en tenant compte des particularités culturelles et des conditions climatiques particulières qui prévalent dans cette région.",47.40,47.40,0.00,,2023-12-31,"En réalisation","Mars 2023
La modification de la date de la mise en service complète a été autorisée. Initialement prévue en septembre 2022, elle est reportée à décembre 2023.
Juin 2021
Le projet a été autorisé à l'étape « En réalisation ».","Ministre de la Santé","Conseil cri de la santé et des services sociaux de la Baie James","Conseil cri de la santé et des services sociaux de la Baie James","Santé et Services sociaux","Santé et Services sociaux","10 – Nord-du-Québec","Maison des ainés et alternative","Chisasibi","Construction"
"832","Maison des aînés et alternative – Mistissini – Construction","Le projet consistait à construire une maison des aînés et alternative d'une capacité de 33 places et d'une superficie approximative brute de 4 820 m² dans la communauté de Mistissini. Les projets du Nord-du-Québec ont été conçus dans le respect des exigences fonctionnelles du modèle de maisons des aînés et alternatives, tout en tenant compte des particularités culturelles et des conditions climatiques particulières qui prévalent dans cette région.",38.00,38.00,0.00,,2023-12-31,"En réalisation","Mars 2023
La modification de la date de la mise en service complète a été autorisée. Initialement prévue en septembre 2022, elle est reportée à décembre 2023.
Juin 2021
Le projet a été autorisé à l'étape « En réalisation ».","Ministre de la Santé","Conseil cri de la santé et des services sociaux de la Baie James","Conseil cri de la santé et des services sociaux de la Baie James en association avec la Société québécoise des infrastructures","Santé et Services sociaux","Santé et Services sociaux","10 – Nord-du-Québec","Maison des ainés et alternative","Mistissini","Construction"
"833","Maison des aînés et alternative – Waskaganish – Construction","Le projet consistait à construire une maison des aînés et alternative d'une capacité de 33 places et d'une superficie approximative brute de 4 820 m² dans la communauté de Waskaganish. Les projets du Nord-du-Québec ont été conçus dans le respect des exigences fonctionnelles du modèle de maisons des aînés et alternatives, tout en tenant compte des particularités culturelles et des conditions climatiques particulières qui prévalent dans cette région.",41.60,41.60,0.00,,2023-12-31,"En réalisation","Mars 2023
La modification de la date de la mise en service complète a été autorisée. Initialement prévue en septembre 2022, elle est reportée à décembre 2023.
Juin 2021
Le projet a été autorisé à l'étape « En réalisation ».","Ministre de la Santé","Conseil cri de la santé et des services sociaux de la Baie James","Conseil cri de la santé et des services sociaux de la Baie James en association avec la Société québécoise des infrastructures","Santé et Services sociaux","Santé et Services sociaux","10 – Nord-du-Québec","Maison des ainés et alternative","Waskaganish","Construction"
"840","Complexe d'hébergement, 80 logements – Chisasibi – Construction","Le projet consiste à construire un bâtiment de 80 unités d'hébergement de type « studio » à Chisasibi pour les employés du réseau de la Santé et des Services sociaux. Le complexe comprend également des installations fonctionnelles et d'accueil comme une salle de conférence, une salle à manger communautaire, un espace de bureau et une salle d'activité physique. La superficie du bâtiment sera d'environ 3 300 m².",35.50,35.50,0.00,,2024-09-30,"En réalisation","Mars 2023
La modification de la date de la mise en service complète a été autorisée. Initialement prévue en septembre 2022, elle est reportée à septembre 2024.
Juillet 2021
Le projet a été autorisé à l'étape « En réalisation ».","Ministre de la Santé","Centre régional de santé et de services sociaux de la Baie-James","Conseil cri de la santé et des services sociaux de la Baie James en association avec la Société québécoise des infrastructures","Santé et Services sociaux","Santé et Services sociaux","10 – Nord-du-Québec","Complexe d'hébergement","Chisasibi","Construction"
"847","Maison des aînés (ancien CHSLD) – Montmagny – Construction","Le projet de maison des aînés à Montmagny consiste en une construction neuve d'une capacité totale de 96 lits, dont 4 aux soins palliatifs afin de reloger les personnes résidentes du centre d'hébergement et de soins de longue durée (CHSLD) de Montmagny, de l'hôpital de Montmagny et du CHSLD de Saint-Fabien-de-Panet. Le besoin de reloger les personnes résidentes se base sur la vétusté fonctionnelle et technique des installations actuelles. 
Cette solution créera un environnement adapté de qualité pour 96 personnes résidentes et sera conçue selon le nouveau concept des maisons des aînés et alternatives.",,,,,,"En planification","Août 2021
Le projet a été autorisé à l'étape « En planification ».","Ministre de la Santé","Centre intégré de santé et de services sociaux de Chaudière-Appalaches","Société québécoise des infrastructures","Santé et Services sociaux","Santé et Services sociaux","12 – Chaudière-Appalaches","Maison des aînés (ancien CHSLD)","Montmagny","Construction"
"881","Hôpital du Haut-Richelieu, centre mère-enfant et laboratoire de biologie médicale – Saint-Jean-sur-Richelieu – Réaménagement","Le projet consiste, dans un premier temps, à aménager un espace vacant ayant une superficie brute de 3 245 m² au troisième étage du nouveau pavillon de l'hôpital du Haut-Richelieu pour y implanter un centre mère-enfant (CME) sur une superficie brute de 1 708 m², un laboratoire associé de biologie médicale ainsi que des espaces de bureaux et publics. Dans un deuxième temps, le réaménagement de la clinique de grossesse à risque élevé (GARE) sera réalisé dans des espaces laissés vacants par la relocalisation du CME. Le projet comprend également des travaux à la salle mécanique de l'appentis, la salle électrique principale au sous-sol, le local d'eau osmosée, l'enclos des groupes électrogènes ainsi que l'ajout d'un corridor vers les ascenseurs existants.",28.80,23.80,5.00,2023-05-01,2024-09-01,"En réalisation","Février 2022
Le projet a été autorisé à l'étape « En réalisation ».","Ministre de la Santé","Centre intégré de santé et de services sociaux de la Montérégie-Centre","Société québécoise des infrastructures","Santé et Services sociaux","Santé et Services sociaux","16 – Montérégie","Hôpital du Haut-Richelieu","Saint-Jean-sur-Richelieu","Réaménagement"
"883","Centre d'hébergement et de soins de longue durée des Collines – La Pêche – Agrandissement et réaménagement","Le projet consiste à réaménager le rez-de-chaussée du centre d'hébergement de soins de longue durée (CHSLD) des Collines pour y ajouter 24 places au 56 places existantes, à la suite de la relocalisation du CLSC de La Pêche.
La réalisation des deux volets du projet permettra de résoudre la problématique du transfert d'usagers vers les centres urbains pour de l'hébergement de longue durée, de même que l'hébergement de longue durée en milieu hospitalier.",,,,,,"En planification","Mars 2022
Le projet a été autorisé à l'étape « En planification ».","Ministre de la Santé","Centre intégré de santé et de services sociaux de l'Outaouais","Centre intégré de santé et de services sociaux de l'Outaouais","Santé et Services sociaux","Santé et Services sociaux","07 – Outaouais","Centre d'hébergement et de soins de longue durée des Collines","La Pêche","Agrandissement et réaménagement"
"945","Hôpital du Suroît, urgence – Salaberry-de-Valleyfield – Maintien et bonification","Le projet consiste à réaménager, à agrandir et à mettre aux normes l'urgence de l'hôpital, grandement achalandée, afin de répondre aux besoins de la population de la région du Suroît en matière de qualité et de sécurité des soins",,,,,,"À l'étude","Mars 2022
Le projet a été autorisé à l'étape « À l'étude ».","Ministre de la Santé","Centre intégré de santé et de services sociaux de la Montérégie-Ouest","Société québécoise des infrastructures ","Santé et Services sociaux","Santé et Services sociaux","16 – Montérégie","Hôpital du Suroît","Salaberry-de-Valleyfield","Maintien et bonification"
"960","Hôpital de Saint-Eustache, services clinico-administratifs et de médecine nucléaire – Agrandissement et réaménagement","Le projet consiste en la démolition des unités modulaires en façade de l'hôpital et en la construction des services de médecine nucléaire. Le projet permettra également de pallier le manque de locaux à usage administratif devant être situés à proximité de l'hôpital ainsi que de relocaliser certaines activités sises dans les unités modulaires, notamment les archives cliniques, à même les espaces déjà existants de l'hôpital de Saint-Eustache. De plus, la démolition des unités modulaires permettra au CISSS de se conformer à la règlementation municipale de la Ville de Saint-Eustache.",33.50,32.50,1.00,,2024-04-01,"En réalisation","Juillet 2022
Une hausse de 4,7 M$ au coût du projet a été autorisée. Initialement prévu à 28,8 M$, le coût est maintenant de 33,5 M$. Ainsi, la contribution du Québec passe de 27,8 M$ à 32,5 M$ et celle des partenaires demeure à 1,0 M$.
Mars 2022
Le pr","Ministre de la Santé","Centre intégré de santé et de services sociaux des Laurentides","Centre intégré de santé et de services sociaux des Laurentides","Santé et Services sociaux","Santé et Services sociaux","15 – Laurentides","Hôpital de Saint-Eustache","Saint-Eustache","Agrandissement et réaménagement"
"1005","Hôpital Anna-Laberge, complexe modulaire et urgence – Châteauguay – Construction et réaménagement","Le projet consiste en la construction d'un bâtiment temporaire afin d'implanter une unité d'hospitalisation brève de dix lits, d'ajouter une unité de médecine de vingt-cinq lits et une unité d'intervention brève en santé mentale de cinq lits dans le but de désengorger l'urgence dont l'achalandage est en croissance constante. L'urgence sera quant à elle bonifiée de neuf civières à même ses locaux actuels où une zone d'évaluation rapide de cinq fauteuils sera également aménagée.",36.10,36.10,0.00,,2023-11-01,"En réalisation","Mars 2023
Le projet a été autorisé à l'étape « En réalisation ».","Ministre de la Santé","Centre intégré de santé et de services sociaux de la Montérégie-Ouest","Centre intégré de santé et de services sociaux de la Montérégie-Ouest","Santé et Services sociaux","Santé et Services sociaux","16 – Montérégie","Hôpital Anna-Laberge","Châteauguay","Construction et réaménagement"
"19","Complexe Turcot – Montréal – Reconstruction","Le projet visait la reconstruction de l'échangeur Turcot. Après près de 50 ans de service, l'échangeur Turcot, qui est l'un des plus importants du Québec et sur lequel circulent quotidiennement plus de 300 000 véhicules, devait être reconstruit tout comme les échangeurs Angrignon, De La Vérendrye et Montréal-Ouest, ainsi que des tronçons adjacents des autoroutes 15, 20 et 720. Le projet comprenait également l'ajout de voies réservées au transport collectif, de voies cyclables et de pistes polyvalentes ainsi que l'aménagement de liens plus conviviaux pour les piétons.",3248.30,3248.30,0.00,2017-12-01,2020-10-30,"En clôture","Mars 2023
Une baisse de 175,0 M$ au coût du projet a été autorisée. Prévu à 3 423,3 M$, le coût est maintenant de 3 248,3 M$. Projet « En clôture » au cours de l'année financière 2022-2023. Il sera retiré du Tableau de bord à la prochaine mise à jour ann","Ministre des Transports et de la Mobilité durable","Ministère des Transports et de la Mobilité durable","Ministère des Transports et de la Mobilité durable en association avec la Société québécoise des infrastructures","Réseau routier","Économie et environnement","06 – Montréal","Complexe Turcot","Montréal","Reconstruction"
"26","Autoroute 5 entre le chemin de la Rivière et la route 105 – La Pêche – Prolongement","Le projet consiste à concevoir un axe majeur nord-sud, formé par l'autoroute 5 et la route 105. Ces deux routes sont considérées comme stratégiques pour le commerce extérieur. La route 105, dans le secteur La Pêche, peut difficilement jouer son rôle en raison de ses caractéristiques. La réalisation du projet permettra d'assurer un lien plus fluide et sécuritaire avec la route 105.",198.00,125.50,72.50,2009-12-01,2025-11-30,"En service","Mars 2023
Une hausse de 0,1 M$ au coût du projet a été autorisée. Prévu à 197,9 M$, le coût est maintenant de 198,0 M$. Ainsi, la contribution du Québec demeure à 125,5 M$ et celle des partenaires passe de 72,4 M$ à 72,5 M$.
Mars 2022
Une hausse de 19,","Ministre des Transports et de la Mobilité durable","Ministère des Transports et de la Mobilité durable","Ministère des Transports et de la Mobilité durable","Réseau routier","Économie et environnement","07 – Outaouais","Autoroute 5","La Pêche","Prolongement"
"578","Maison des aînés (ancien CHSLD Jeanne-Le Ber) – Montréal – Construction","Le centre d'hébergement et de soins de longue durée (CHSLD) Jeanne-Le Ber a une capacité de 351 places. Le besoin est généré principalement par l'état de vétusté fonctionnelle et physique des bâtiments.

Le projet consiste en la construction d'un nouveau bâtiment de 288 places, fortement inspiré du concept de maison des aînés pour héberger une partie de la clientèle provenant du bâtiment actuel. Le projet « 576 - Maison des aînés (ancien CHSLD Nicolet) – Montréal – Construction » permettra d'accueillir les 63 autres résidents du CHSLD Jeanne-Le Ber. 

Ce projet permettra de desservir la clientèle âgée grandissante, à proximité, dans des milieux adaptés à leur condition, favorisant un service axé sur les meilleures pratiques en soins de longue durée.",269.70,269.70,0.00,2025-12-31,2026-04-16,"En réalisation","Mars 2023
Le projet a été autorisé à l'étape « En réalisation ».
Mars 2021
Le projet a été autorisé à l'étape « En planification ».","Ministre de la Santé","Centre intégré universitaire de santé et de services sociaux de l'Est-de-l'Île-de-Montréal","Société québécoise des infrastructures","Santé et Services sociaux","Santé et Services sociaux","06 – Montréal","Maison des aînés (ancien CHSLD Jeanne-Le Ber)","Montréal","Reconstruction et agrandissement"
"658","Laboratoire serveur, pavillon Sainte-Marie – Trois-Rivières – Réaménagement et agrandissement","Le projet consiste à agrandir et à réaménager le laboratoire existant localisé au sous-sol du pavillon Sainte-Marie, à Trois-Rivières afin de le transformer en laboratoire serveur dans le cadre du projet Optilab lequel vise la réorganisation des laboratoires médicaux du réseau de la Santé et Services sociaux.
D'autre part, la construction d'un agrandissement en façade principale est requise pour qu'y soit logée une salle de mécanique nécessaire aux besoins supplémentaires engendrés par les nouveaux aménagements.",75.20,75.20,0.00,,2026-08-31,"En réalisation","Février 2023
Le projet a été autorisé à l'étape « En réalisation ».
Mars 2021
Le projet a été autorisé à l'étape « En planification ».","Ministre de la Santé","Centre intégré universitaire de santé et de services sociaux de la Mauricie-et-du-Centre-du-Québec","Société québécoise des infrastructures","Santé et Services sociaux","Santé et Services sociaux","04 – Mauricie","Laboratoire serveur Optilab","Trois-Rivières","Réaménagement et agrandissement"
"40","Autoroute 73 (Henri-IV) entre l'autoroute 40 et l'autoroute 440 – Québec – Élargissement","Le projet a permis l'élargissement et la réfection de l'autoroute 73 (Henri-IV) qui permettront d'améliorer la sécurité et l'efficacité de cet axe stratégique où circulent plus de 100 000 véhicules chaque jour. Ces travaux majeurs contribuent à assurer la pérennité des infrastructures. Le projet visait l'élargissement de l'autoroute 73 (Henri-IV) à trois voies, dans les deux directions, entre les autoroutes 440 (Charest) et 40 (Félix-Leclerc). Un élargissement à trois voies en direction nord a aussi été effectué pour la portion entre l'autoroute 40 (Félix-Leclerc) et l'avenue Chauveau, aux limites de la ville de L'Ancienne-Lorette. Les aménagements paysagers seront complétés en 2023.",271.10,153.40,117.70,2020-11-01,2021-11-01,"En service","Mars 2023
Une baisse de 20,1 M$ au coût du projet a été autorisée. Initialement prévu à 291,2 M$, le coût est maintenant de 271,1 M$. Ainsi, la contribution du Québec passe de 162,6 M$ à 153,4 M$ et celle des partenaires, de 128,6 M$ à 117,7 M$.
Novembr","Ministre des Transports et de la Mobilité durable","Ministère des Transports et de la Mobilité durable","Ministère des Transports et de la Mobilité durable","Réseau routier","Économie et environnement","03 – Capitale-Nationale","Autoroute 73 (Henri IV)","Québec","Élargissement"
"1043","Aérogare et garage – Saint-Augustin – Réfection","Le projet vise la réfection de l'aérogare et du garage situé à l'aéroport ainsi que la réfection du cabanon situé à l'héliport. Ces interventions permettront d'améliorer le niveau de service offert aux passagers en termes d'espaces et de fonctionnalités, d'offrir un espace d'hébergement aux employés de l'aéroport et d'améliorer les infrastructures liées aux services des opérations d'entretien aéroportuaire.",,,,,,"En planification","Mars 2023
Le projet a été autorisé à l'étape « En planification ».","Ministre des Transports et de la Mobilité durable","Ministère des Transports et de la Mobilité durable","Ministère des Transports et de la Mobilité durable","Transports maritime, aérien, ferroviaire et autres","Économie et environnement","09 – Côte-Nord","Aérogare et garage","Saint-Augustin","Réfection"
"1009","Parcs routiers, aire de service Sainte-Madeleine – Sainte-Marie-Madeleine – Reconstruction","Le projet vise la reconstruction complète de l'aire de service de Sainte-Madeleine.

Un bâtiment principal moderne situé à Sainte-Marie-Madeleine, qui comprendra les services de base, sera érigé. De plus, des stationnements sécuritaires pour les automobiles, les véhicules récréatifs, les autocars et les véhicules lourds seront aménagés.",,,,,,"En planification","Mars 2023
Le projet a été autorisé à l'étape « En planification ».","Ministre des Transports et de la Mobilité durable","Ministère des Transports et de la Mobilité durable","Ministère des Transports et de la Mobilité durable","Transports maritime, aérien, ferroviaire et autres","Économie et environnement","16 – Montérégie","Parcs routiers","Sainte-Marie-Madeleine","Reconstruction"
"1010","Parcs routiers, aire de service Halte des Hurons – Sainte-Marie-Madeleine – Reconstruction","Le projet vise la reconstruction complète de l'aire de service des Hurons.

Un bâtiment principal moderne situé à Sainte-Marie-Madeleine, qui comprendra les services de base, sera érigé. De plus, des stationnements sécuritaires pour les automobiles, les véhicules récréatifs, les autocars et les véhicules lourds seront aménagés.",,,,,,"En planification","Mars 2023
Le projet a été autorisé à l'étape « En planification ».","Ministre des Transports et de la Mobilité durable","Ministère des Transports et de la Mobilité durable","Ministère des Transports et de la Mobilité durable","Transports maritime, aérien, ferroviaire et autres","Économie et environnement","16 – Montérégie","Parcs routiers","Sainte-Marie-Madeleine","Reconstruction"
"1044","Centre de services de Foster – Shefford – Reconstruction","Le projet vise la construction d'un bâtiment comprenant des garages, un secteur administratif, un abri à sel et agrégats, etc. sur un nouveau site.
Les superficies brutes prévues pour la construction du bâtiment sont de l'ordre des 1 900 m². Tandis que le terrain doit être en mesure de recevoir les aménagements des stationnements, des aires d'entreposage extérieur, de gazonnement et d'accès au site sur une superficie de plus ou moins 12 500 m².",,,,,,"En planification","Mars 2023
Le projet a été autorisé à l'étape « En planification ».","Ministre des Transports et de la Mobilité durable","Ministère des Transports et de la Mobilité durable","Société québécoise des infrastructures","Transports maritime, aérien, ferroviaire et autres","Économie et environnement","05 – Estrie","Centre de services de Foster","Shefford","Reconstruction"
"1061","Projet structurant de transport collectif dans l'axe du boulevard Saint-Martin – Laval – Bonification","Le projet vise l'implantation d'un mode structurant de transport collectif dans l'axe du boulevard Saint-Martin entre les boulevards Pie-IX et Curé-Labelle, sur le territoire de Laval, qui permettra d'assurer une amélioration générale de la mobilité des personnes dans la partie nord de la région métropolitaine de Montréal et plus particulièrement dans un axe est-ouest à Laval.",,,,,,"À l'étude","Mars 2023
Le projet a été autorisé à l'étape « À l'étude ».","Ministre des Transports et de la Mobilité durable","Autorité régionale de transport métropolitain","Société de transport de Laval","Transport collectif","Économie et environnement","13 – Laval","Infrastructure de transport collectif - boulevard Saint-Martin","Laval","Bonification"
"765","Centre d'hébergement alternatif, 42 logements – Trois-Rivières – Construction","Le projet vise la construction d'un bâtiment de 42 logements. En plus des logements, les espaces communautaires ci-dessous, déterminés en fonction des besoins des étudiants, sont prévus :
•Une salle polyvalente;
•Des espaces de travail collaboratif pour les étudiants;
•Un salon;
•Une cuisine collective;
•Une salle d'activités physiques;
•Des aires de jeu et des aménagements extérieurs pour activités culturelles;
•Un centre de la petite enfance (CPE) de 37 places;
•Une maternelle 4 ans;
•Des nouveaux locaux du centre d'amitié autochtone de Trois-Rivières (copropriété).",36.60,10.90,25.70,,2023-09-30,"En réalisation","Mars 2023
Le projet a été autorisé à l'étape « En réalisation ».","Ministre de l'Enseignement supérieur","Société immobilière du regroupement des centres d'amitié autochtones du Québec","Société immobilière du regroupement des centres d'amitié autochtones du Québec","Enseignement supérieur","Éducation et culture","04 – Mauricie","Centre d'hébergement alternatif","Trois-Rivières","Construction"
"465","Complexe Desjardins – Montréal – Réaménagement","Le bail du Complexe Desjardins a été renouvelé pour une période de 20 ans à partir d'avril 2020. Revenu Québec veut moderniser ses espaces occupés au Complexe Desjardins qui sont devenus désuets et non adaptés aux réalités des nouvelles façons de travail en collaboration et de télétravail. Éventuellement, la modernisation permettra de regrouper des établissements du centre-ville de Montréal en fonction des baux arrivant à terme.
Envergure du projet :
• Approche prudente compte tenu de l'effervescence du marché. Quatre étages ont été retirés de la portée du mandat afin de pallier la hausse des coûts de contingence.
• Rénovation de 18 étages sur 22 de la tour nord du Complexe Desjardins (30 500 m²) sur une période de 5 ans répartie en 7 lots.
• Aménagement selon les principes du Programme gouvernemental de transformation des milieux de travail du Secrétariat du Conseil du trésor.
Chacune des phases de réalisation sera suivie lors du dépôt annuel du plan d'investissement.",46.00,37.80,8.20,2023-06-30,2026-09-30,"En réalisation","Mars 2023
La modification de la date du début de la mise en service partielle a été autorisée. Prévue en mars 2023, elle est reportée à juin 2023.
Mars 2022
Une hausse de 8,2 M$ au coût du projet a été autorisée. Initialement prévu à 37,8 M$, le coût e","Ministre responsable des Infrastructures","Agence du Revenu du Québec","Société québécoise des infrastructures","Administration gouvernementale","Gouverne et justice","06 – Montréal","Complexe Desjardins","Montréal","Réaménagement"
"55","Pont Pie-IX (route 125) entre Montréal et Laval – Réfection","Le projet visait à maintenir un lien sécuritaire entre Montréal et Laval, dans l'axe de la route 125, et à contribuer à l'amélioration de l'offre en transport collectif et actif. Il comprenait l'aménagement d'une voie réservée aux autobus, sur le pont, pour le SRB Pie-IX (service rapide par bus), ainsi qu'une piste polyvalente pour les piétons et les cyclistes, du côté est, et un trottoir du côté ouest.",198.60,115.70,82.90,,2022-10-31,"En réalisation","Mars 2020
Suivant la confirmation d'une participation financière fédérale au projet, une modification à la stratégie de financement a été autorisée. Ainsi, la contribution du Québec passe de 194,5 M$ à 115,7 M$, et celle des partenaires, de 4,1 M$ à 82,9","Ministre des Transports et de la Mobilité durable","Ministère des Transports et de la Mobilité durable","Ministère des Transports et de la Mobilité durable","Réseau routier","Économie et environnement","06 – Montréal; 13 – Laval","Pont Pie-IX","De Montréal à Laval","Réfection"
"76","Pont Gédéon-Ouimet (autoroute 15) entre Laval et Boisbriand – Reconstruction","Le pont Gédéon-Ouimet enjambe la rivière des Mille Îles et relie Laval à la couronne nord, dans l'axe de l'autoroute 15. L'état du pont requiert des travaux afin que son maintien en bon état soit assuré. Le projet sera arrimé avec celui de la chaussée et des voies réservées sur l'autoroute 15, à Laval et sur la couronne nord.",,,,,,"En planification","Décembre 2020
Le projet a été autorisé à l'étape « En planification ».","Ministre des Transports et de la Mobilité durable","Ministère des Transports et de la Mobilité durable","Ministère des Transports et de la Mobilité durable","Réseau routier","Économie et environnement","13 – Laval; 15 – Laurentides","Pont Gédéon-Ouimet","De Laval à Boisbriand","Reconstruction"
"552","Maison des aînés et alternative de la Rivière Saguenay – Saguenay – Construction","Les maisons des aînés et alternatives offriront aux personnes résidentes un milieu de vie climatisé, à dimension humaine. Elles comporteront des chambres individuelles avec une toilette et une douche adaptées à chaque résidente ou résident, qu'il s'agisse d'un aîné ou d'un adulte ayant des besoins particuliers.
Ce nouveau type d'hébergement, qui s'apparentera davantage à un domicile, favorisera les contacts humains ainsi qu'un mode de vie plus actif, entre autres grâce à un accès à des aires extérieures aménagées et à des installations mieux adaptées aux besoins des proches aidants et aidantes. Cette transformation sera aussi bénéfique pour le personnel qui y travaillera et contribuera d'ailleurs à l'attractivité et à la rétention de cette main-d'œuvre.
Le projet prévoit la construction d'une installation de 120 places.",77.50,77.50,0.00,,2022-10-31,"En service","Mars 2023
Mise en service complète de l'infrastructure au cours de l'année financière 2022-2023.
Avril 2022
Une hausse de 4,3 M$ au coût du projet a été autorisée. Initialement prévu à 73,2 M$, le coût est maintenant de 77,5 M$. De plus, la modificatio","Ministre de la Santé","Centre intégré universitaire de santé et de services sociaux du Saguenay–Lac-Saint-Jean","Société québécoise des infrastructures","Santé et Services sociaux","Santé et Services sociaux","02 – Saguenay–Lac-Saint-Jean","Maison des aînés et alternative","Saguenay","Construction"
"551","Maison des aînés et alternative des Cascades – Alma – Construction","Les maisons des aînés et alternatives offriront aux personnes résidentes un milieu de vie climatisé, à dimension humaine. Elles comporteront des chambres individuelles avec une toilette et une douche adaptées à chaque résidente ou résident, qu'il s'agisse d'un aîné ou d'un adulte ayant des besoins particuliers.
Ce nouveau type d'hébergement, qui s'apparentera davantage à un domicile, favorisera les contacts humains ainsi qu'un mode de vie plus actif, entre autres grâce à un accès à des aires extérieures aménagées et à des installations mieux adaptées aux besoins des proches aidants et aidantes. Cette transformation sera aussi bénéfique pour le personnel qui y travaillera et contribuera d'ailleurs à l'attractivité et à la rétention de cette main-d'œuvre.
Le projet prévoit la construction d'une installation de 120 places.",81.00,81.00,0.00,,2022-11-01,"En réalisation","Avril 2022
Une hausse de 4,2 M$ au coût du projet a été autorisée. Initialement prévu à 76,8 M$, le coût est maintenant de 81,0 M$. De plus, la modification de la date de la mise en service a été autorisée. Initialement prévue en septembre 2022, elle est","Ministre de la Santé","Centre intégré universitaire de santé et de services sociaux du Saguenay–Lac-Saint-Jean","Société québécoise des infrastructures","Santé et Services sociaux","Santé et Services sociaux","02 – Saguenay–Lac-Saint-Jean","Maison des aînés et alternative","Alma","Construction"
"507","Maison des aînés et alternative de Rouyn-Noranda – Construction","Les maisons des aînés et alternatives offriront aux personnes résidentes un milieu de vie climatisé, à dimension humaine. Elles comporteront des chambres individuelles avec une toilette et une douche adaptées à chaque résidente ou résident, qu'il s'agisse d'un aîné ou d'un adulte ayant des besoins particuliers.
Ce nouveau type d'hébergement, qui s'apparentera davantage à un domicile, favorisera les contacts humains ainsi qu'un mode de vie plus actif, entre autres grâce à un accès à des aires extérieures aménagées et à des installations mieux adaptées aux besoins des proches aidants et aidantes. Cette transformation sera aussi bénéfique pour le personnel qui y travaillera et contribuera d'ailleurs à l'attractivité et à la rétention de cette main-d'œuvre.
Le projet prévoit la construction d'une installation de 48 places.",42.20,42.20,0.00,,2022-12-31,"En réalisation","Avril 2022
Une hausse de 0,8 M$ au coût du projet a été autorisée. Initialement prévu à 41,4 M$, le coût est maintenant de 42,2 M$. De plus, la modification de la date de la mise en service a été autorisée. Initialement prévue en septembre 2022, elle est","Ministre de la Santé","Centre intégré de santé et de services sociaux de l'Abitibi-Témiscamingue","Société québécoise des infrastructures","Santé et Services sociaux","Santé et Services sociaux","08 – Abitibi-Témiscamingue","Maison des aînés et alternative","Rouyn-Noranda","Construction"
"553","Maison des aînés et alternative de Roberval – Construction","Les maisons des aînés et alternatives offriront aux personnes résidentes un milieu de vie climatisé, à dimension humaine. Elles comporteront des chambres individuelles avec une toilette et une douche adaptées à chaque résidente ou résident, qu'il s'agisse d'un aîné ou d'un adulte ayant des besoins particuliers.
Ce nouveau type d'hébergement, qui s'apparentera davantage à un domicile, favorisera les contacts humains ainsi qu'un mode de vie plus actif, entre autres grâce à un accès à des aires extérieures aménagées et à des installations mieux adaptées aux besoins des proches aidants et aidantes. Cette transformation sera aussi bénéfique pour le personnel qui y travaillera et contribuera d'ailleurs à l'attractivité et à la rétention de cette main-d'œuvre.
Le projet prévoit la construction d'une installation de 120 places.",77.50,77.50,0.00,,2022-08-31,"En service","Mars 2023
Mise en service complète de l'infrastructure au cours de l'année financière 2022-2023.
Avril 2022
Une hausse de 4,3 M$ au coût du projet a été autorisée. Initialement prévu à 73,2 M$, le coût est maintenant de 77,5 M$. De plus, la modificatio","Ministre de la Santé","Centre intégré universitaire de santé et de services sociaux du Saguenay–Lac-Saint-Jean","Société québécoise des infrastructures","Santé et Services sociaux","Santé et Services sociaux","02 – Saguenay–Lac-Saint-Jean","Maison des aînés et alternative","Roberval","Construction"
"514","Maison des aînés et alternative de Pont-Rouge – Construction","Les maisons des aînés et alternatives offriront aux personnes résidentes un milieu de vie climatisé, à dimension humaine. Elles comporteront des chambres individuelles avec une toilette et une douche adaptées à chaque résidente ou résident, qu'il s'agisse d'un aîné ou d'un adulte ayant des besoins particuliers.
Ce nouveau type d'hébergement, qui s'apparentera davantage à un domicile, favorisera les contacts humains ainsi qu'un mode de vie plus actif, entre autres grâce à un accès à des aires extérieures aménagées et à des installations mieux adaptées aux besoins des proches aidants et aidantes. Cette transformation sera aussi bénéfique pour le personnel qui y travaillera et contribuera d'ailleurs à l'attractivité et à la rétention de cette main-d'œuvre.
Le projet prévoit la construction d'une installation de 48 places.",40.70,40.70,0.00,,2023-04-30,"En réalisation","Avril 2022
Une hausse de 4,2 M$ au coût du projet a été autorisée. Prévu à 36,5 M$, le coût est maintenant de 40,7 M$. De plus, la modification de la date de la mise en service a été autorisée. Initialement prévue en septembre 2022, elle est reportée à a","Ministre de la Santé","Centre intégré universitaire de santé et de services sociaux de la Capitale-Nationale","Société québécoise des infrastructures","Santé et Services sociaux","Santé et Services sociaux","03 – Capitale-Nationale","Maison des aînés et alternative","Pont-Rouge","Construction"
"511","Maison des aînés et alternative de Sainte-Foy – Québec – Construction","Les maisons des aînés et alternatives offriront aux personnes résidentes un milieu de vie climatisé, à dimension humaine. Elles comporteront des chambres individuelles avec une toilette et une douche adaptées à chaque résidente ou résident, qu'il s'agisse d'un aîné ou d'un adulte ayant des besoins particuliers.
Ce nouveau type d'hébergement, qui s'apparentera davantage à un domicile, favorisera les contacts humains ainsi qu'un mode de vie plus actif, entre autres grâce à un accès à des aires extérieures aménagées et à des installations mieux adaptées aux besoins des proches aidants et aidantes. Cette transformation sera aussi bénéfique pour le personnel qui y travaillera et contribuera d'ailleurs à l'attractivité et à la rétention de cette main-d'œuvre.
Le projet prévoit la construction d'une installation de 96 places.",68.00,68.00,0.00,,2022-10-31,"En réalisation","Avril 2022
Une hausse de 2,4 M$ au coût du projet a été autorisée. Initialement prévu à 65,6 M$, le coût est maintenant de 68,0 M$. De plus, la modification de la date de la mise en service a été autorisée. Initialement prévue en septembre 2022, elle est","Ministre de la Santé","Centre intégré universitaire de santé et de services sociaux de la Capitale-Nationale","Société québécoise des infrastructures","Santé et Services sociaux","Santé et Services sociaux","03 – Capitale-Nationale","Maison des aînés et alternative","Québec","Construction"
"78","Pont Gouin entre Saint-Jean-sur-Richelieu et Iberville – Reconstruction","Le projet consistait à construire, au-dessus de la rivière Richelieu, un pont, à Saint-Jean-sur-Richelieu, en remplacement de l'ancien pont Gouin. Le nouveau pont comporte une partie mobile permettant le passage des bateaux de plaisance qui empruntent le canal de Chambly. En plus de permettre aux usagers du transport actif d'y circuler de façon sécuritaire, en offrant des trottoirs et une piste cyclable, le pont comprend quatre belvédères et un éclairage, conçus pour le mettre en valeur. Enfin, le projet comprenait également le réaménagement des approches du réseau routier municipal et la démolition de l'ancien pont Gouin. Le nouveau pont a été mis en service le 26 octobre 2019.",126.30,94.30,32.00,,2019-10-26,"En service","Mars 2022
La modification de la date de la mise en service a été autorisée. Prévue en septembre 2019, elle a été reportée à octobre 2019.
Octobre 2019
La mise en service complète de l'infrastructure a été autorisée au cours de l'année financière 2019-2","Ministre des Transports et de la Mobilité durable","Ministère des Transports et de la Mobilité durable","Ministère des Transports et de la Mobilité durable","Réseau routier","Économie et environnement","16 – Montérégie","Pont Gouin","De Saint-Jean-sur-Richelieu à Iberville","Reconstruction"
"95","Pont Honoré-Mercier entre Montréal et Kahnawake – Reconstruction","Le projet vise à maintenir le lien interrives entre l'île de Montréal et l'ouest de la région de la Montérégie dans l'axe de la route 138. Le projet consiste à remplacer la structure qui accueille les voies de circulation en direction de la Rive-Sud. Cette structure a été mise en service en 1934 et a atteint sa durée de vie utile. Le remplacement permettra notamment de recouvrer la pleine fonctionnalité du pont et du trottoir en plus d'assurer le raccordement de la piste multifonctionnelle de part et d'autre de la structure.",,,,,,"En planification","Août 2016
Le projet a été autorisé à l'étape « En planification ».","Ministre des Transports et de la Mobilité durable","Ministère des Transports et de la Mobilité durable","Ministère des Transports et de la Mobilité durable","Réseau routier","Économie et environnement","06 – Montréal; 16 – Montérégie","Pont Honoré-Mercier","De Montréal à Kahnawake","Reconstruction"
"96","Pont de l'Île-d'Orléans entre Québec et l'Île-d'Orléans – Reconstruction","Construit en 1935, le pont de l'Île-d'Orléans relie l'île à la terre ferme et constitue l'unique lien qui assure le service à plus de 7 500 insulaires. La structure a atteint la fin de sa vie utile et la construction d'un pont à haubans à l'ouest du pont existant a été retenue comme solution optimale pour répondre au besoin prioritaire de maintenir la pérennité du lien interrives. Le nouveau pont prévoit une voie dans chaque direction ainsi que des accotements de largeur normalisée permettant le maintien de la circulation en cas d'entrave ou d'incident.
Les travaux prévoient, en plus de la reconstruction du nouveau pont, la reconstruction complète de la côte du Pont, la reconstruction des raccordements au réseau routier existant, la construction d'aménagements pour le transport actif sur la rive nord et la rive sud de même que la déconstruction du pont existant. Ces travaux permettront d'améliorer la sécurité de tous les usagers et de favoriser les déplacements actifs grâce à l'ajout d'aménagements multifonctionnels.",,,,2024-07-01,2032-12-01,"En réalisation","Juin 2022
Le projet a été autorisé à l'étape « En réalisation ». Le coût du projet sera diffusé à la fin du processus d'appel d'offres.
Décembre 2015
Le projet a été autorisé à l'étape « En planification ».","Ministre des Transports et de la Mobilité durable","Ministère des Transports et de la Mobilité durable","Ministère des Transports et de la Mobilité durable","Réseau routier","Économie et environnement","03 – Capitale-Nationale","Pont de l'Île-d'Orléans","De Québec à l'Île-d'Orléans","Reconstruction"
"97","Échangeurs au nord des ponts Pierre-Laporte et de Québec intégrant des mesures pour le transport collectif – Québec – Reconstruction et aménagement","Le projet vise à assurer la pérennité des infrastructures et à réaménager le réseau routier au nord des ponts de Québec et Pierre-Laporte. 
Il a pour objectifs d'assurer le maintien des infrastructures, en plus d'améliorer la sécurité et la fonctionnalité du réseau supérieur, d'assurer une interconnexion efficace des réseaux de transport en commun de Québec et de Lévis, de créer des liens sécuritaires et attractifs pour les déplacements actifs et de conférer une signature distinctive à l'entrée sud de la Capitale-Nationale. Les interventions retenues comprennent notamment la reconstruction de la majorité des infrastructures et des réaménagements du réseau routier, dont l'avenue des Hôtels.",,,,,,"En planification","Juin 2022
Le projet a été autorisé à l'étape « En planification ».
Mars 2018
Le projet a été autorisé à l'étape « À l'étude ».","Ministre des Transports et de la Mobilité durable","Ministère des Transports et de la Mobilité durable","Ministère des Transports et de la Mobilité durable","Réseau routier","Économie et environnement","03 – Capitale-Nationale","Échangeurs au nord des ponts Pierre-Laporte et de Québec","Québec","Reconstruction et aménagement"
"98","Échangeur Saint-Pierre – Montréal – Maintien","L'échangeur Saint-Pierre constitue le lien entre l'autoroute 20 et la route 138, laquelle mène à la rive sud de Montréal via le pont Honoré-Mercier. Construit en 1966, il nécessitera des travaux d'envergure au cours des prochaines années. Le projet majeur de l'échangeur Saint-Pierre vise notamment à assurer la pérennité des infrastructures et à améliorer la circulation dans ce secteur.",,,,,,"À l'étude","Mars 2014
Le projet a été autorisé à l'étape « À l'étude ».","Ministre des Transports et de la Mobilité durable","Ministère des Transports et de la Mobilité durable","Ministère des Transports et de la Mobilité durable","Réseau routier","Économie et environnement","06 – Montréal","Échangeur Saint-Pierre","Montréal","Maintien"
"100","Tunnels Ville-Marie et Viger – Montréal – Réfection","Le projet vise à assurer la pérennité et le caractère sécuritaire des infrastructures des tunnels Ville-Marie et Viger ainsi qu'à mettre aux normes certains systèmes (mécaniques, électriques, etc.) en fonction des normes actuelles. Il consiste en des travaux de réfection de ces deux tunnels situés entre la rue Guy et l'avenue Papineau, au centre-ville de Montréal.",2050.90,2050.90,0.00,2023-09-01,2030-03-31,"En réalisation","Décembre 2019
Le projet a été autorisé à l'étape « En réalisation ».
Janvier 2019
Le projet a été autorisé à l'étape « En planification ».","Ministre des Transports et de la Mobilité durable","Ministère des Transports et de la Mobilité durable","Ministère des Transports et de la Mobilité durable","Réseau routier","Économie et environnement","06 – Montréal","Tunnels Ville-Marie et Viger","Montréal","Réfection"
"113","Autoroute 40 (Métropolitaine) secteur ouest, entre le boulevard Saint-Laurent et l'autoroute 520 – Montréal – Maintien","La réfection majeure du secteur ouest de l'autoroute Métropolitaine consiste à mettre à niveau les structures afin de freiner leur dégradation et d'assurer leur pérennité.",,,,,,"À l'étude","Septembre 2019
Le projet « Réfection majeure de l'autoroute Métropolitaine à Montréal » a été scindé en deux projets distincts. Ainsi, le présent projet « 113 - Autoroute 40 (Métropolitaine) secteur ouest, entre le boulevard Saint-Laurent et l'autoroute ","Ministre des Transports et de la Mobilité durable","Ministère des Transports et de la Mobilité durable","Ministère des Transports et de la Mobilité durable","Réseau routier","Économie et environnement","06 – Montréal","Autoroute 40 (Métropolitaine)","Montréal","Maintien
"
"115","Boulevard Cavendish entre l'autoroute 13 et l'autoroute 15 – Montréal – Bonification","Le projet de la Ville de Montréal vise à construire le lien manquant de 1,5 km entre les deux tronçons actuels du boulevard Cavendish, en permettant une traversée de la gare de triage Côte-Saint-Luc du Canadien Pacifique et la gare de triage Taschereau du Canadien National.
Le projet municipal créera un lien dans l'axe nord-sud, entre les autoroutes 13 et 15. En appui aux multiples projets immobiliers dans le secteur, le nouveau lien routier facilitera les déplacements locaux et permettra une amélioration de la desserte en transport collectif.",,,,,,"À l'étude","Mars 2014
Le projet a été autorisé à l'étape « À l'étude ».","Ministre des Transports et de la Mobilité durable","Ville de Montréal","Ville de Montréal","Réseau routier","Économie et environnement","06 – Montréal","Boulevard Cavendish","Montréal","Bonification"
"136","Autoroute 85 (Claude-Béchard) entre Saint-Antonin et Saint-Louis-du-Ha! Ha! (phase III) – Bas-Saint-Laurent – Construction","Le réaménagement de la route 185 en autoroute 85 vise à en améliorer la sécurité et la circulation ainsi qu'à favoriser le tourisme, l'activité industrielle et les échanges commerciaux avec les provinces maritimes. Les travaux en cours permettront d'achever la transformation de la route 185 en une autoroute à quatre voies sur deux chaussées séparées, dont les phases I et II ont été respectivement terminées en 2011 et en 2015. Amorcés à l'automne 2018, les travaux de la phase III concernent le dernier tronçon de près de 40 km, entre Saint-Antonin et Saint-Louis-du-Ha! Ha!.",883.30,493.60,389.70,2021-11-01,2025-11-01,"En service","Avril 2022
Une baisse de 59,6 M$ au coût du projet a été autorisée. Initialement prévu à 942,9 M$, le coût est maintenant de 883,3 M$. Ainsi, la contribution du Québec passe de 553,2 M$ à 493,6 M$ et celle des partenaires demeure inchangée.
Mars 2022
L","Ministre des Transports et de la Mobilité durable","Ministère des Transports et de la Mobilité durable","Ministère des Transports et de la Mobilité durable","Réseau routier","Économie et environnement","01 – Bas-Saint-Laurent","Autoroute 85 (Claude-Béchard)","De Saint-Antonin à Saint-Louis-du-Ha! Ha!","Construction"
"143","Autoroute 19 entre Laval et Bois-des-Filion – Construction","Le projet consiste à prolonger sur 11,8 km l'autoroute 19 dans l'axe de l'actuelle route 335 afin d'améliorer les conditions de déplacement et la sécurité routière, tout en offrant des aménagements performants en transport collectif. Il comprend la construction d'une autoroute urbaine à trois voies par direction avec des voies réservées pour le transport collectif, le covoiturage et les véhicules électriques entre les boulevards Saint-Martin Est, à Laval, et Industriel, à Bois-des-Filion; la construction d'un nouveau pont adjacent au pont Athanase-David; la construction de quatre échangeurs; le réaménagement de l'échangeur à l'intersection des autoroutes 19 et 640; l'aménagement d'un stationnement incitatif et d'un terminus d'autobus; la construction de bretelles exclusives aux autobus; le réaménagement et le prolongement de la piste polyvalente; la mise en place d'un système de gestion dynamique des voies; et l'ajout de voies de circulation sur l'autoroute 640 entre le boulevard De Gaulle, à Lorraine, et l'avenue Urbanova, à Terrebonne.",899.40,639.00,260.40,,2027-12-31,"En réalisation","Juin 2022
Le projet a été autorisé à l'étape « En réalisation ».
Mars 2018
Le projet a été autorisé à l'étape « En planification ».
Mars 2015
Le projet a été autorisé à l’étape «À l'étude ».","Ministre des Transports et de la Mobilité durable","Ministère des Transports et de la Mobilité durable","Ministère des Transports et de la Mobilité durable","Réseau routier","Économie et environnement","13 – Laval; 14 – Lanaudière; 15 – Laurentides","Autoroute 19","De Laval à Bois-des-Filion","Construction"
"146","Route 138, côte Arsène Gagnon – Les Bergeronnes – Reconstruction et élargissement","Le projet vise à améliorer la sécurité des usagers et la fluidité de la circulation sur ce tronçon de route où l'achalandage de véhicules lourds est de plus en plus important. Le réaménagement, sur une distance totale d'un peu plus de 5 km, consiste à corriger les courbes sous-standards par une géométrie améliorée et à rendre ce tronçon de route conforme aux normes de sécurité actuelles. Il prévoit également une voie auxiliaire pour véhicules lents en direction ouest sur une distance d'environ 2,7 km et une voie d'évitement en direction est, à l'intersection de la route 138 et du chemin du Lac-des-Sables.",84.90,84.90,0.00,,2024-12-31,"En réalisation","Mars 2023
Une hausse de 1,5 M$ au coût du projet a été autorisée. Initialement prévu à 83,4 M$, le coût est maintenant de 84,9 M$.
Mars 2018
Le projet a été autorisé à l'étape « En réalisation ».","Ministre des Transports et de la Mobilité durable","Ministère des Transports et de la Mobilité durable","Ministère des Transports et de la Mobilité durable","Réseau routier","Économie et environnement","09 – Côte-Nord","Route 138","Les Bergeronnes","Reconstruction et élargissement"
"152","Pont de Québec entre Québec et Lévis, tablier – Reconstruction","Le projet consiste à remplacer le tablier du pont. Ces travaux permettront de maintenir la pleine fonctionnalité de ce lien interrives emprunté par environ 30 000 véhicules quotidiennement.",,,,,,"En planification","Juin 2019
Le projet a été autorisé à l'étape « En planification ».","Ministre des Transports et de la Mobilité durable","Ministère des Transports et de la Mobilité durable","Ministère des Transports et de la Mobilité durable","Réseau routier","Économie et environnement","03 – Capitale-Nationale; 12 – Chaudière-Appalaches","Pont de Québec","De Québec à Lévis","Reconstruction"
"155","Route 138 entre Kegaska et La Romaine – Construction","La construction du prolongement de la route 138 vise à relier les communautés du Golfe-du-Saint-Laurent entre elles et avec le reste du Québec. Avec le désenclavement des communautés par voie routière, la population aura un meilleur accès aux services et aux commerces. Grâce à l'achèvement des 40 kilomètres de voie de circulation, entre Kegaska et La Romaine, celle-ci sera désormais reliée à l'ensemble du réseau routier québécois.",513.60,373.60,140.00,,2025-10-31,"En réalisation","Mars 2021
Le projet a été autorisé à l'étape « En réalisation ».
Août 2018
Le projet a été autorisé à l'étape « En planification ».
Mars 2015
Le projet a été autorisé à l’étape « À l'étude ».","Ministre des Transports et de la Mobilité durable","Ministère des Transports et de la Mobilité durable","Ministère des Transports et de la Mobilité durable","Réseau routier","Économie et environnement","09 – Côte-Nord","Route 138","De Kegaska à La Romaine","Construction"
"156","Route 138 entre Tête-à-la-Baleine et La Tabatière – Construction","La construction du prolongement de la route 138 vise à relier les communautés du Golfe-du-Saint-Laurent entre elles et avec le reste du Québec. Le projet consiste à poursuivre la construction du tronçon, déjà amorcée, entre Tête-à-la-Baleine et La Tabatière.
Avec le désenclavement des communautés par voie routière, la population aura un meilleur accès aux services et aux commerces. Grâce à la construction d'environ 30 kilomètres de voie de circulation et d'un pont au-dessus de la rivière du Gros Mécatina, la route 138 reliera les communautés de Tête-à-la-Baleine et de La Tabatière.",181.90,137.10,44.80,,2025-10-31,"En réalisation","Mars 2021
Le projet a été autorisé à l'étape « En réalisation ».
Août 2018
Le projet a été autorisé à l'étape « En planification ».
Mars 2015
Le projet a été autorisé à l’étape « À l'étude ».","Ministre des Transports et de la Mobilité durable","Ministère des Transports et de la Mobilité durable","Ministère des Transports et de la Mobilité durable","Réseau routier","Économie et environnement","09 – Côte-Nord","Route 138","De Tête-à-la-Baleine à La Tabatière","Construction"
"166","Pont de la route 138 au-dessus de la rivière Batiscan – Batiscan – Reconstruction","Construit en 1921, le pont de la route 138 au-dessus de la rivière Batiscan, à Batiscan, a atteint sa durée de vie utile. Le projet consiste en la reconstruction complète de la structure.",,,,,,"En planification","Mars 2018
Le projet a été autorisé à l'étape « En planification ».","Ministre des Transports et de la Mobilité durable","Ministère des Transports et de la Mobilité durable","Ministère des Transports et de la Mobilité durable","Réseau routier","Économie et environnement","04 – Mauricie","Pont de la route 138","Batiscan","Reconstruction"
"169","Pont Laviolette entre Trois-Rivières et Bécancour, dalle – Réfection","Le projet vise le remplacement de la dalle de la partie centrale du pont Laviolette par des éléments préfabriqués. Ces travaux permettront de maintenir la pleine fonctionnalité du pont qui enjambe le fleuve Saint-Laurent à la hauteur des villes de Trois-Rivières et de Bécancour.",261.10,261.10,0.00,,2025-08-31,"En réalisation","Décembre 2021
Le projet a été autorisé à l'étape « En réalisation ».
Mars 2019
Le projet a été autorisé à l'étape « En planification ».
Mars 2016
Le projet a été autorisé à l’étape « À l'étude ».","Ministre des Transports et de la Mobilité durable","Ministère des Transports et de la Mobilité durable","Ministère des Transports et de la Mobilité durable","Réseau routier","Économie et environnement","04 – Mauricie; 17 – Centre-du-Québec","Pont Laviolette","De Trois-Rivières à Bécancour","Réfection"
"179","Échangeur de l'autoroute 20 et de la route 173 – Lévis – Réfection et réaménagement","Le projet vise la reconfiguration de l'échangeur de l'autoroute 20 et de la route 173 afin d'augmenter sa capacité et d'éliminer les files d'attente sur l'autoroute 20. Les interventions ont comme objectif l'amélioration de la fluidité et de la sécurité dans le secteur.",,,,,,"En planification","Mars 2020
Le projet a été autorisé à l'étape « En planification ».","Ministre des Transports et de la Mobilité durable","Ministère des Transports et de la Mobilité durable","Ministère des Transports et de la Mobilité durable","Réseau routier","Économie et environnement","12 – Chaudière-Appalaches","Échangeur de l'autoroute 20 et de la route 173","Lévis","Réfection et réaménagement"
"184","Avenue Souligny entre les rues Dickson et Notre-Dame (port de Montréal) – Construction","Le projet vise à raccorder l'extrémité ouest de l'avenue Souligny à un nouvel accès au port de Montréal, situé à proximité de la rue Notre-Dame, afin de faciliter le transport des marchandises en reliant plus directement le port au réseau routier supérieur (autoroute 25), pour ainsi diminuer le transit de camions sur la rue Notre-Dame. Il permettra également de désenclaver plusieurs terrains à vocation industrielle.",,,,,,"En planification","Décembre 2020
Le projet a été autorisé à l'étape « En planification ».","Ministre des Transports et de la Mobilité durable","Ministère des Transports et de la Mobilité durable","Ministère des Transports et de la Mobilité durable","Réseau routier","Économie et environnement","06 – Montréal","Avenue Souligny","Montréal","Construction"
"189","Pont Vachon (autoroute 13) entre Laval et Boisbriand – Réfection","Construit en 1972, le pont est en bon état, mais la dalle montre des signes de dégradation et une intervention devra être réalisée pour corriger la situation.",,,,,,"En planification","Mars 2018
Le projet a été autorisé à l'étape « En planification ».","Ministre des Transports et de la Mobilité durable","Ministère des Transports et de la Mobilité durable","Ministère des Transports et de la Mobilité durable","Réseau routier","Économie et environnement","13 – Laval; 15 – Laurentides","Pont Vachon","De Laval à Boisbriand","Réfection"
"193","Tunnel Dorval (autoroute 13) entre Montréal et Dorval – Réfection","Le projet consiste notamment à l'enlèvement d'une partie des paralumes, à la modification de l'éclairage aux entrée et sortie du tunnel et au recouvrement d'une section de l'autoroute.",78.80,78.80,0.00,2021-10-31,2024-12-31,"En service","Mars 2023
Une hausse de 3,3 M$ au coût du projet a été autorisée. Initialement prévu à 75,5 M$, le coût est maintenant de 78,8 M$. 
Mars 2022
La mise en service partielle de l'infrastructure a été autorisée au cours de l'année financière 2021-2022.
Ma","Ministre des Transports et de la Mobilité durable","Ministère des Transports et de la Mobilité durable","Ministère des Transports et de la Mobilité durable","Réseau routier","Économie et environnement","06 – Montréal","Tunnel Dorval","De Montréal à Dorval","Réfection"
"197","Autoroute 20 entre Mont-Saint-Hilaire et Saint-Hyacinthe – Réfection","Une intervention de réfection majeure en béton est nécessaire sur une portion de l'autoroute 20 entre Mont-Saint-Hilaire et Saint-Hyacinthe. La chaussée, construite entre 1962 et 1964, a atteint sa durée de vie utile. Le présent projet a pour but de rétablir l'état de la chaussée pour assurer la sécurité et le confort des usagers.",,,,,,"En planification","Mars 2018
Le projet a été autorisé à l'étape « En planification ».","Ministre des Transports et de la Mobilité durable","Ministère des Transports et de la Mobilité durable","Ministère des Transports et de la Mobilité durable","Réseau routier","Économie et environnement","16 – Montérégie","Autoroute 20","Du Mont-Saint-Hilaire à Saint-Hyacinthe","Réfection"
"198","Pont Maurice-Martel, dalle – Sorel-Tracy – Réfection","Le projet prévoit la réfection de la dalle du pont Maurice-Martel (autoroute 30) à Sorel-Tracy. Ce pont a été construit à la fin des années 60. La dalle du pont approche sa fin de vie utile. Une analyse permettra de déterminer l'ensemble des interventions à entreprendre.",,,,,,"En planification","Mars 2018
Le projet a été autorisé à l'étape « En planification ».","Ministre des Transports et de la Mobilité durable","Ministère des Transports et de la Mobilité durable","Ministère des Transports et de la Mobilité durable","Réseau routier","Économie et environnement","16 – Montérégie","Pont Maurice-Martel","Sorel-Tracy","Réfection"
"199","Autoroute 55 entre Bécancour et Sainte-Eulalie – Élargissement et réaménagement","Le projet de réaménagement de l'autoroute 55 entre le boulevard des Acadiens, à Bécancour, et l'autoroute 20, à Sainte-Eulalie, consiste à doubler les voies de ce tronçon de 27,1 km et à réaménager les quatre intersections à niveau. Ces travaux ont pour objectifs d'accroître la sécurité des usagers de la route ainsi que d'améliorer la fluidité de la circulation.",340.00,340.00,0.00,2025-11-01,2028-11-01,"En réalisation","Juin 2022
Le projet a été autorisé à l'étape « En réalisation ».
Décembre 2020
Le projet a été autorisé à l'étape « En planification ».
Mars 2017
Le projet a été autorisé à l’étape « À l'étude ».","Ministre des Transports et de la Mobilité durable","Ministère des Transports et de la Mobilité durable","Ministère des Transports et de la Mobilité durable","Réseau routier","Économie et environnement","17 – Centre-du-Québec","Autoroute 55","De Bécancour à Sainte-Eulalie","Élargissement et réaménagement"
"200","Route 170 à Saint-Bruno et route 169 vers Alma – Construction","Le projet constitue la cinquième et dernière étape du grand projet de lien rapide entre Alma et La Baie. Le réaménagement de la route 170 à Saint-Bruno et de la route 169 vers Alma permet de compléter l'extrémité ouest de l'autoroute 70 en construction.",,,,,,"En planification","Décembre 2020
Le projet a été autorisé à l'étape « En planification ».","Ministre des Transports et de la Mobilité durable","Ministère des Transports et de la Mobilité durable","Ministère des Transports et de la Mobilité durable","Réseau routier","Économie et environnement","02 – Saguenay–Lac-Saint-Jean","Routes 169 et 170","Saint-Bruno et Alma","Construction"
"202","Autoroute 30 entre Brossard et Boucherville – Élargissement","Le projet vise à améliorer la fonctionnalité et les conditions de circulation sur l'autoroute 30 entre les autoroutes 10, à Brossard, et 20, à Boucherville. Des interventions sont requises dans cet axe pour assurer la mobilité des personnes et des marchandises en lien avec le déploiement d'importants projets comme le Réseau express métropolitain ainsi que les pôles logistiques et les zones industrialo-portuaires découlant de la Stratégie maritime.",,,,,,"En planification","Décembre 2020
Le projet a été autorisé à l'étape « En planification ».","Ministre des Transports et de la Mobilité durable","Ministère des Transports et de la Mobilité durable","Ministère des Transports et de la Mobilité durable","Réseau routier","Économie et environnement","16 – Montérégie","Autoroute 30 ","De Brossard à Boucherville","Élargissement"
"203","Place Charles-Le Moyne – Longueuil – Bonification","Le projet vise à améliorer l'accès au secteur de la place Charles-Le Moyne, qui comprend notamment la station de métro Longueuil–Université-de-Sherbrooke, à diminuer la congestion routière et à faciliter l'accès au pont Jacques-Cartier.",,,,,,"À l'étude","Mars 2017
Le projet a été autorisé à l'étape « À l'étude ».","Ministre des Transports et de la Mobilité durable","Ministère des Transports et de la Mobilité durable","Ministère des Transports et de la Mobilité durable","Réseau routier","Économie et environnement","16 – Montérégie","Place Charles-Le Moyne","Longueuil","Bonification"
