panel_row_id,geography_id,geography_label,province_id,quarter,period_start,period_end,asset_class,market_price_index,market_price_qoq_percent,market_price_yoy_percent,non_residential_building_investment_constant_cad,cpi_all_items_index,cpi_shelter_index,population,construction_weekly_earnings_cad,housing_starts_saar,trade_job_vacancies,trade_average_offered_wage_cad,reconstructed_ai_construction_proxy_low_cad,reconstructed_ai_construction_proxy_central_cad,reconstructed_ai_construction_proxy_high_cad,proxy_treatment_coverage_status,realized_ai_construction_spend_cad,data_centre_construction_labour_hours,public_project_cost_change,public_project_schedule_change_days,authorizing_treatment_present,authorizing_outcome_present,estimation_eligible,evidence_status,quality_flags
E2P_C24B398EE45F9FDEE4ED,CMA_825,Calgary CMA,PR_48,2017-Q1,2017-01-01,2017-03-31,health_facilities,82.8,,,1068257605,136.833333,164.833333,4215506,1419.383333,25249,,27.075,0.00,0.00,0.00,alberta_reconstruction_available,,,,,false,false,false,observed_covariates_with_non_authorizing_market_price_proxy,missing:trade_job_vacancies
E2P_EA11B3C982298EFFBB97,CMA_825,Calgary CMA,PR_48,2017-Q2,2017-04-01,2017-06-30,health_facilities,83.2,0.483092,,1093755437,137.166667,163.733333,4224933,1409.616667,29812.666667,50,29.5375,0.00,0.00,0.00,alberta_reconstruction_available,,,,,false,false,false,observed_covariates_with_non_authorizing_market_price_proxy,
E2P_9694B6933F65EA5F34DD,CMA_825,Calgary CMA,PR_48,2017-Q3,2017-07-01,2017-09-30,health_facilities,83.4,0.240385,,1028849298,137.133333,164.3,4237310,1399.32,27445.666667,465,31.525,0.00,0.00,0.00,alberta_reconstruction_available,,,,,false,false,false,observed_covariates_with_non_authorizing_market_price_proxy,
E2P_9C6CB4E6CBA651CCCA31,CMA_825,Calgary CMA,PR_48,2017-Q4,2017-10-01,2017-12-31,health_facilities,83.6,0.239808,,1037286176,137.866667,165.366667,4253530,1460.013333,27518,185,30.9875,0.00,0.00,0.00,alberta_reconstruction_available,,,,,false,false,false,observed_covariates_with_non_authorizing_market_price_proxy,
E2P_B5AD88C5CED41B4C32D8,CMA_825,Calgary CMA,PR_48,2018-Q1,2018-01-01,2018-03-31,health_facilities,83.8,0.239234,1.207729,1032877757,139.5,167.133333,4263957,1456.55,23871.666667,75,29.4,0.00,0.00,0.00,alberta_reconstruction_available,,,,,false,false,false,observed_covariates_with_non_authorizing_market_price_proxy,
E2P_4D7008A91C26FC6BFB0B,CMA_825,Calgary CMA,PR_48,2018-Q2,2018-04-01,2018-06-30,health_facilities,84.2,0.477327,1.201923,1048818199,140.666667,167.166667,4276444,1460.333333,29159,340,30.175,0.00,0.00,0.00,alberta_reconstruction_available,,,,,false,false,false,observed_covariates_with_non_authorizing_market_price_proxy,
E2P_1B4EB88D38AC0CF8C578,CMA_825,Calgary CMA,PR_48,2018-Q3,2018-07-01,2018-09-30,health_facilities,85,0.950119,1.918465,1133381669,141.5,168.6,4292556,1445.94,26867.333333,580,33.9375,0.00,0.00,0.00,alberta_reconstruction_available,,,,,false,false,false,observed_covariates_with_non_authorizing_market_price_proxy,
E2P_A158A233D4CD81D8DD67,CMA_825,Calgary CMA,PR_48,2018-Q4,2018-10-01,2018-12-31,health_facilities,85.6,0.705882,2.392344,1171489848,140.866667,170.366667,4311439,1429.736667,19537,390,32,0.00,0.00,0.00,alberta_reconstruction_available,,,,,false,false,false,observed_covariates_with_non_authorizing_market_price_proxy,
E2P_CD3B05F27EA6DC5FED3D,CMA_825,Calgary CMA,PR_48,2019-Q1,2019-01-01,2019-03-31,health_facilities,85.9,0.350467,2.505967,1128499498,141.866667,172.3,4324254,1434.74,19408,310,30.5375,0.00,0.00,0.00,alberta_reconstruction_available,,,,,false,false,false,observed_covariates_with_non_authorizing_market_price_proxy,
E2P_66ADF99A2A2F707E2C49,CMA_825,Calgary CMA,PR_48,2019-Q2,2019-04-01,2019-06-30,health_facilities,86.1,0.232829,2.256532,1066173155,143.466667,171.833333,4337569,1456.596667,25471.333333,380,30.9,0.00,0.00,0.00,alberta_reconstruction_available,,,,,false,false,false,observed_covariates_with_non_authorizing_market_price_proxy,
E2P_42FFA2064ED70275540E,CMA_825,Calgary CMA,PR_48,2019-Q3,2019-07-01,2019-09-30,health_facilities,86.1,0,1.294118,1080092006,143.3,171,4355377,1466.736667,30032.333333,70,31.5375,0.00,0.00,0.00,alberta_reconstruction_available,,,,,false,false,false,observed_covariates_with_non_authorizing_market_price_proxy,
E2P_D5898E1E6091DB296D41,CMA_825,Calgary CMA,PR_48,2019-Q4,2019-10-01,2019-12-31,health_facilities,86.2,0.116144,0.700935,1027173204,143.633333,174,4376860,1497.083333,28414.666667,65,31.5,0.00,0.00,0.00,alberta_reconstruction_available,,,,,false,false,false,observed_covariates_with_non_authorizing_market_price_proxy,
E2P_CDF639A9C6BE43718ACC,CMA_825,Calgary CMA,PR_48,2020-Q1,2020-01-01,2020-03-31,health_facilities,86.6,0.464037,0.814901,1001310952,144.766667,174.466667,4392958,1521.226667,23262,195,35.375,0.00,0.00,0.00,alberta_reconstruction_available,,,,,false,false,false,observed_covariates_with_non_authorizing_market_price_proxy,
E2P_B38C336C4AEE1C7C6FF1,CMA_825,Calgary CMA,PR_48,2020-Q2,2020-04-01,2020-06-30,health_facilities,86.5,-0.115473,0.464576,948112942,144.033333,173.733333,4405455,1474.11,18127.333333,,,0.00,0.00,0.00,alberta_reconstruction_available,,,,,false,false,false,observed_covariates_with_non_authorizing_market_price_proxy,missing:trade_job_vacancies|missing:trade_average_offered_wage_cad
E2P_82341ADA9374A77BE4C1,CMA_825,Calgary CMA,PR_48,2020-Q3,2020-07-01,2020-09-30,health_facilities,86.6,0.115607,0.58072,809346676,144.7,174.666667,4407495,1525.513333,22500,,,0.00,0.00,0.00,alberta_reconstruction_available,,,,,false,false,false,observed_covariates_with_non_authorizing_market_price_proxy,missing:trade_job_vacancies|missing:trade_average_offered_wage_cad
E2P_0698D266D2BEACE8BC2D,CMA_825,Calgary CMA,PR_48,2020-Q4,2020-10-01,2020-12-31,health_facilities,86.5,-0.115473,0.348028,736190095,145.133333,175.533333,4412013,1490.933333,29228.333333,50,30.3,0.00,0.00,0.00,alberta_reconstruction_available,,,,,false,false,false,observed_covariates_with_non_authorizing_market_price_proxy,
E2P_9510F997F67EF191924C,CMA_825,Calgary CMA,PR_48,2021-Q1,2021-01-01,2021-03-31,health_facilities,86.8,0.346821,0.230947,692466522,146.366667,176.866667,4418338,1489.933333,27238.666667,,32.425,0.00,0.00,0.00,alberta_reconstruction_available,,,,,false,false,false,observed_covariates_with_non_authorizing_market_price_proxy,missing:trade_job_vacancies
E2P_3505D19E3468D888E0C1,CMA_825,Calgary CMA,PR_48,2021-Q2,2021-04-01,2021-06-30,health_facilities,88.7,2.18894,2.543353,757459691,148.4,178,4425617,1516.336667,30882.333333,40,34.87,0.00,0.00,0.00,alberta_reconstruction_available,,,,,false,false,false,observed_covariates_with_non_authorizing_market_price_proxy,
E2P_F023B7AF61F0B7B91C63,CMA_825,Calgary CMA,PR_48,2021-Q3,2021-07-01,2021-09-30,health_facilities,90.3,1.803833,4.272517,839740607,150.7,182.4,4431531,1535.376667,28481,1290,31.36,0.00,0.00,0.00,alberta_reconstruction_available,,,,,false,false,false,observed_covariates_with_non_authorizing_market_price_proxy,
E2P_B68ED7ED3286073D64C3,CMA_825,Calgary CMA,PR_48,2021-Q4,2021-10-01,2021-12-31,health_facilities,91.9,1.771872,6.242775,983068530,151.6,183.4,4451129,1580.62,35808,1525,30.9625,0.00,0.00,0.00,alberta_reconstruction_available,,,,,false,false,false,observed_covariates_with_non_authorizing_market_price_proxy,
E2P_DFF60EE2EADA83291CC8,CMA_825,Calgary CMA,PR_48,2022-Q1,2022-01-01,2022-03-31,health_facilities,94.2,2.50272,8.525346,1029291348,154.6,187.266667,4466136,1614.656667,28458.666667,1165,32.5875,0.00,0.00,0.00,alberta_reconstruction_available,,,,,false,false,false,observed_covariates_with_non_authorizing_market_price_proxy,
E2P_56CDCF21CAFBEC04E1AD,CMA_825,Calgary CMA,PR_48,2022-Q2,2022-04-01,2022-06-30,health_facilities,96,1.910828,8.229989,1017794809,159.2,192.033333,4482503,1589.163333,40914.333333,2010,31.42,0.00,0.00,0.00,alberta_reconstruction_available,,,,,false,false,false,observed_covariates_with_non_authorizing_market_price_proxy,
E2P_E4464382CAD38D03C3B6,CMA_825,Calgary CMA,PR_48,2022-Q3,2022-07-01,2022-09-30,health_facilities,97.2,1.25,7.641196,955378708,160.5,192.9,4512731,1579.76,37499.333333,2375,32.758333,0.00,0.00,0.00,alberta_reconstruction_available,,,,,false,false,false,observed_covariates_with_non_authorizing_market_price_proxy,
E2P_D4C9386943249D82D745,CMA_825,Calgary CMA,PR_48,2022-Q4,2022-10-01,2022-12-31,health_facilities,97.8,0.617284,6.420022,960851608,161.4,196.1,4560275,1629.223333,34389,1645,37.516667,0.00,0.00,0.00,alberta_reconstruction_available,,,,,false,false,false,observed_covariates_with_non_authorizing_market_price_proxy,
E2P_BB15CD91F0A6FBA4B57F,CMA_825,Calgary CMA,PR_48,2023-Q1,2023-01-01,2023-03-31,health_facilities,98.7,0.920245,4.77707,929565604,160.766667,194.166667,4596901,1633.073333,27720.666667,1570,36.1,0.00,0.00,0.00,alberta_reconstruction_available,,,,,false,false,false,observed_covariates_with_non_authorizing_market_price_proxy,
E2P_C178EDDB940F5C7DA6FB,CMA_825,Calgary CMA,PR_48,2023-Q2,2023-04-01,2023-06-30,health_facilities,99.8,1.114488,3.958333,938843306,164.066667,201.8,4641615,1650.42,29558.666667,935,33.42,0.00,0.00,0.00,alberta_reconstruction_available,,,,,false,false,false,observed_covariates_with_non_authorizing_market_price_proxy,
E2P_515075D58F4F58EE2516,CMA_825,Calgary CMA,PR_48,2023-Q3,2023-07-01,2023-09-30,health_facilities,100.5,0.701403,3.395062,975764196,166.266667,210.8,4688576,1645.736667,42200.333333,1440,35.425,0.00,0.00,0.00,alberta_reconstruction_available,,,,,false,false,false,observed_covariates_with_non_authorizing_market_price_proxy,
E2P_3444ED6B3DA374AAA3B8,CMA_825,Calgary CMA,PR_48,2023-Q4,2023-10-01,2023-12-31,health_facilities,101,0.497512,3.271984,930510999,165.466667,212.133333,4752173,1646.526667,41072.666667,115,38.8,0.00,0.00,0.00,alberta_reconstruction_available,,,,,false,false,false,observed_covariates_with_non_authorizing_market_price_proxy,
E2P_FC77171DC17C6CFBFC12,CMA_825,Calgary CMA,PR_48,2024-Q1,2024-01-01,2024-03-31,health_facilities,102.9,1.881188,4.255319,880060267,166.666667,215.466667,4801806,1643.48,42445.333333,80,37.97,24049401.20,34738023.95,42754491.02,alberta_reconstruction_available,,,,,false,false,false,observed_covariates_with_non_authorizing_market_price_proxy,
E2P_D1DA10DE103F6C5CC1ED,CMA_825,Calgary CMA,PR_48,2024-Q2,2024-04-01,2024-06-30,health_facilities,104.4,1.457726,4.609218,831925231,169.033333,217.766667,4857695,1672.583333,45223.333333,350,37.658333,30516467.07,44079341.32,54251497.01,alberta_reconstruction_available,,,,,false,false,false,observed_covariates_with_non_authorizing_market_price_proxy,
E2P_645FA59C951227596779,CMA_825,Calgary CMA,PR_48,2024-Q3,2024-07-01,2024-09-30,health_facilities,105.2,0.766284,4.676617,833302587,169.933333,219.833333,4909030,1667.873333,46552,820,38.48,35366766.47,51085329.34,62874251.50,alberta_reconstruction_available,,,,,false,false,false,observed_covariates_with_non_authorizing_market_price_proxy,
E2P_74E38DBDF183CD89BF93,CMA_825,Calgary CMA,PR_48,2024-Q4,2024-10-01,2024-12-31,health_facilities,105.4,0.190114,4.356436,859461360,170,223.333333,4957075,1667.3,51862.333333,950,38.2,38600299.40,55755988.02,68622754.49,alberta_reconstruction_available,,,,,false,false,false,observed_covariates_with_non_authorizing_market_price_proxy,
E2P_8FC16E85530B34712234,CMA_825,Calgary CMA,PR_48,2025-Q1,2025-01-01,2025-03-31,health_facilities,106.5,1.043643,3.498542,836612563,171.166667,224.433333,4988181,1725.94,50801.333333,375,37.97,40217065.87,58091317.37,71497005.99,alberta_reconstruction_available,,,,,false,false,false,observed_covariates_with_non_authorizing_market_price_proxy,
E2P_4D00F8DE81CBE7CFADF9,CMA_825,Calgary CMA,PR_48,2025-Q2,2025-04-01,2025-06-30,health_facilities,107.9,1.314554,3.35249,853823275,171.766667,223.866667,5010078,1739.526667,63313.333333,1220,34.27,40217065.87,58091317.37,71497005.99,alberta_reconstruction_available,,,,,false,false,false,observed_covariates_with_non_authorizing_market_price_proxy,
E2P_63644F9822412436C5D0,CMA_825,Calgary CMA,PR_48,2025-Q3,2025-07-01,2025-09-30,health_facilities,108.4,0.463392,3.041825,867243989,172.533333,224.133333,5029346,1733.063333,49486,960,37.96,38600299.40,55755988.02,68622754.49,alberta_reconstruction_available,,,,,false,false,false,observed_covariates_with_non_authorizing_market_price_proxy,
E2P_49611F771DFADDB3AEE4,CMA_825,Calgary CMA,PR_48,2025-Q4,2025-10-01,2025-12-31,health_facilities,108.4,0,2.8463,916506106,173.3,226.833333,5040871,1691.13,49756.666667,995,38.13,35366766.47,51085329.34,62874251.50,alberta_reconstruction_available,,,,,false,false,false,observed_covariates_with_non_authorizing_market_price_proxy,
E2P_35BC999D9D04D474F618,CMA_825,Calgary CMA,PR_48,2026-Q1,2026-01-01,2026-03-31,health_facilities,108.7,0.276753,2.065728,1010093271,174.6,227.366667,5048151,1708.273333,42334.333333,770,38.99,30516467.07,44079341.32,54251497.01,alberta_reconstruction_available,,,,,false,false,false,observed_covariates_with_non_authorizing_market_price_proxy,
E2P_061E591D70D4104D7577,CMA_825,Calgary CMA,PR_48,2026-Q2,2026-04-01,2026-06-30,health_facilities,109.9,1.103956,1.853568,1009184933,177.7,226.833333,5057077,1703.346667,47587.666667,715,44.775,24049401.20,34738023.95,42754491.02,alberta_reconstruction_available,,,,,false,false,false,observed_covariates_with_non_authorizing_market_price_proxy,
E2P_658ECE0F76F049B971CC,CMA_825,Calgary CMA,PR_48,2017-Q1,2017-01-01,2017-03-31,schools_and_postsecondary,82.8,,,1068257605,136.833333,164.833333,4215506,1419.383333,25249,,27.075,0.00,0.00,0.00,alberta_reconstruction_available,,,,,false,false,false,observed_covariates_with_non_authorizing_market_price_proxy,missing:trade_job_vacancies
E2P_FE28AFFEF32C1D53FFC5,CMA_825,Calgary CMA,PR_48,2017-Q2,2017-04-01,2017-06-30,schools_and_postsecondary,83.2,0.483092,,1093755437,137.166667,163.733333,4224933,1409.616667,29812.666667,50,29.5375,0.00,0.00,0.00,alberta_reconstruction_available,,,,,false,false,false,observed_covariates_with_non_authorizing_market_price_proxy,
E2P_5A652DB2276BD21D2225,CMA_825,Calgary CMA,PR_48,2017-Q3,2017-07-01,2017-09-30,schools_and_postsecondary,83.4,0.240385,,1028849298,137.133333,164.3,4237310,1399.32,27445.666667,465,31.525,0.00,0.00,0.00,alberta_reconstruction_available,,,,,false,false,false,observed_covariates_with_non_authorizing_market_price_proxy,
E2P_1EEB2F4012B66F3D6C3F,CMA_825,Calgary CMA,PR_48,2017-Q4,2017-10-01,2017-12-31,schools_and_postsecondary,83.6,0.239808,,1037286176,137.866667,165.366667,4253530,1460.013333,27518,185,30.9875,0.00,0.00,0.00,alberta_reconstruction_available,,,,,false,false,false,observed_covariates_with_non_authorizing_market_price_proxy,
E2P_82D10F3DDED6FB8F8A66,CMA_825,Calgary CMA,PR_48,2018-Q1,2018-01-01,2018-03-31,schools_and_postsecondary,83.8,0.239234,1.207729,1032877757,139.5,167.133333,4263957,1456.55,23871.666667,75,29.4,0.00,0.00,0.00,alberta_reconstruction_available,,,,,false,false,false,observed_covariates_with_non_authorizing_market_price_proxy,
E2P_0588D314B03E7DA49371,CMA_825,Calgary CMA,PR_48,2018-Q2,2018-04-01,2018-06-30,schools_and_postsecondary,84.2,0.477327,1.201923,1048818199,140.666667,167.166667,4276444,1460.333333,29159,340,30.175,0.00,0.00,0.00,alberta_reconstruction_available,,,,,false,false,false,observed_covariates_with_non_authorizing_market_price_proxy,
E2P_FAEA7110F00D0E5E7BBB,CMA_825,Calgary CMA,PR_48,2018-Q3,2018-07-01,2018-09-30,schools_and_postsecondary,85,0.950119,1.918465,1133381669,141.5,168.6,4292556,1445.94,26867.333333,580,33.9375,0.00,0.00,0.00,alberta_reconstruction_available,,,,,false,false,false,observed_covariates_with_non_authorizing_market_price_proxy,
E2P_157C805B754C339BCD2C,CMA_825,Calgary CMA,PR_48,2018-Q4,2018-10-01,2018-12-31,schools_and_postsecondary,85.6,0.705882,2.392344,1171489848,140.866667,170.366667,4311439,1429.736667,19537,390,32,0.00,0.00,0.00,alberta_reconstruction_available,,,,,false,false,false,observed_covariates_with_non_authorizing_market_price_proxy,
E2P_421FD9F3172407BD54CB,CMA_825,Calgary CMA,PR_48,2019-Q1,2019-01-01,2019-03-31,schools_and_postsecondary,85.9,0.350467,2.505967,1128499498,141.866667,172.3,4324254,1434.74,19408,310,30.5375,0.00,0.00,0.00,alberta_reconstruction_available,,,,,false,false,false,observed_covariates_with_non_authorizing_market_price_proxy,
E2P_CA3EF04315BF5BACDB4D,CMA_825,Calgary CMA,PR_48,2019-Q2,2019-04-01,2019-06-30,schools_and_postsecondary,86.1,0.232829,2.256532,1066173155,143.466667,171.833333,4337569,1456.596667,25471.333333,380,30.9,0.00,0.00,0.00,alberta_reconstruction_available,,,,,false,false,false,observed_covariates_with_non_authorizing_market_price_proxy,
E2P_AF58453E0E8FAC9A51DA,CMA_825,Calgary CMA,PR_48,2019-Q3,2019-07-01,2019-09-30,schools_and_postsecondary,86.1,0,1.294118,1080092006,143.3,171,4355377,1466.736667,30032.333333,70,31.5375,0.00,0.00,0.00,alberta_reconstruction_available,,,,,false,false,false,observed_covariates_with_non_authorizing_market_price_proxy,
E2P_E37ED305B19286B49D80,CMA_825,Calgary CMA,PR_48,2019-Q4,2019-10-01,2019-12-31,schools_and_postsecondary,86.2,0.116144,0.700935,1027173204,143.633333,174,4376860,1497.083333,28414.666667,65,31.5,0.00,0.00,0.00,alberta_reconstruction_available,,,,,false,false,false,observed_covariates_with_non_authorizing_market_price_proxy,
E2P_5A79809245CEA0E9DC7F,CMA_825,Calgary CMA,PR_48,2020-Q1,2020-01-01,2020-03-31,schools_and_postsecondary,86.6,0.464037,0.814901,1001310952,144.766667,174.466667,4392958,1521.226667,23262,195,35.375,0.00,0.00,0.00,alberta_reconstruction_available,,,,,false,false,false,observed_covariates_with_non_authorizing_market_price_proxy,
E2P_36277DDEB3A8D230AF0A,CMA_825,Calgary CMA,PR_48,2020-Q2,2020-04-01,2020-06-30,schools_and_postsecondary,86.5,-0.115473,0.464576,948112942,144.033333,173.733333,4405455,1474.11,18127.333333,,,0.00,0.00,0.00,alberta_reconstruction_available,,,,,false,false,false,observed_covariates_with_non_authorizing_market_price_proxy,missing:trade_job_vacancies|missing:trade_average_offered_wage_cad
E2P_23622700DC2DD1DAFCA2,CMA_825,Calgary CMA,PR_48,2020-Q3,2020-07-01,2020-09-30,schools_and_postsecondary,86.6,0.115607,0.58072,809346676,144.7,174.666667,4407495,1525.513333,22500,,,0.00,0.00,0.00,alberta_reconstruction_available,,,,,false,false,false,observed_covariates_with_non_authorizing_market_price_proxy,missing:trade_job_vacancies|missing:trade_average_offered_wage_cad
E2P_D8CCBEA6719DB3BA96CC,CMA_825,Calgary CMA,PR_48,2020-Q4,2020-10-01,2020-12-31,schools_and_postsecondary,86.5,-0.115473,0.348028,736190095,145.133333,175.533333,4412013,1490.933333,29228.333333,50,30.3,0.00,0.00,0.00,alberta_reconstruction_available,,,,,false,false,false,observed_covariates_with_non_authorizing_market_price_proxy,
E2P_7E78580DCC1BF388D7CA,CMA_825,Calgary CMA,PR_48,2021-Q1,2021-01-01,2021-03-31,schools_and_postsecondary,86.8,0.346821,0.230947,692466522,146.366667,176.866667,4418338,1489.933333,27238.666667,,32.425,0.00,0.00,0.00,alberta_reconstruction_available,,,,,false,false,false,observed_covariates_with_non_authorizing_market_price_proxy,missing:trade_job_vacancies
E2P_ED0DECE18CF2E8271F44,CMA_825,Calgary CMA,PR_48,2021-Q2,2021-04-01,2021-06-30,schools_and_postsecondary,88.7,2.18894,2.543353,757459691,148.4,178,4425617,1516.336667,30882.333333,40,34.87,0.00,0.00,0.00,alberta_reconstruction_available,,,,,false,false,false,observed_covariates_with_non_authorizing_market_price_proxy,
E2P_5A4E46E5810B18D575C2,CMA_825,Calgary CMA,PR_48,2021-Q3,2021-07-01,2021-09-30,schools_and_postsecondary,90.3,1.803833,4.272517,839740607,150.7,182.4,4431531,1535.376667,28481,1290,31.36,0.00,0.00,0.00,alberta_reconstruction_available,,,,,false,false,false,observed_covariates_with_non_authorizing_market_price_proxy,
E2P_D3C567014D8F37A2C0EE,CMA_825,Calgary CMA,PR_48,2021-Q4,2021-10-01,2021-12-31,schools_and_postsecondary,91.9,1.771872,6.242775,983068530,151.6,183.4,4451129,1580.62,35808,1525,30.9625,0.00,0.00,0.00,alberta_reconstruction_available,,,,,false,false,false,observed_covariates_with_non_authorizing_market_price_proxy,
E2P_ADF08A49BEDC5C4A9AAB,CMA_825,Calgary CMA,PR_48,2022-Q1,2022-01-01,2022-03-31,schools_and_postsecondary,94.2,2.50272,8.525346,1029291348,154.6,187.266667,4466136,1614.656667,28458.666667,1165,32.5875,0.00,0.00,0.00,alberta_reconstruction_available,,,,,false,false,false,observed_covariates_with_non_authorizing_market_price_proxy,
E2P_E1E953EA3AB03D0C5321,CMA_825,Calgary CMA,PR_48,2022-Q2,2022-04-01,2022-06-30,schools_and_postsecondary,96,1.910828,8.229989,1017794809,159.2,192.033333,4482503,1589.163333,40914.333333,2010,31.42,0.00,0.00,0.00,alberta_reconstruction_available,,,,,false,false,false,observed_covariates_with_non_authorizing_market_price_proxy,
E2P_4F7F046070CEF7F1E0CC,CMA_825,Calgary CMA,PR_48,2022-Q3,2022-07-01,2022-09-30,schools_and_postsecondary,97.2,1.25,7.641196,955378708,160.5,192.9,4512731,1579.76,37499.333333,2375,32.758333,0.00,0.00,0.00,alberta_reconstruction_available,,,,,false,false,false,observed_covariates_with_non_authorizing_market_price_proxy,
E2P_067975C3C559FCDB8234,CMA_825,Calgary CMA,PR_48,2022-Q4,2022-10-01,2022-12-31,schools_and_postsecondary,97.8,0.617284,6.420022,960851608,161.4,196.1,4560275,1629.223333,34389,1645,37.516667,0.00,0.00,0.00,alberta_reconstruction_available,,,,,false,false,false,observed_covariates_with_non_authorizing_market_price_proxy,
E2P_EB2EAC4F82A39130F107,CMA_825,Calgary CMA,PR_48,2023-Q1,2023-01-01,2023-03-31,schools_and_postsecondary,98.7,0.920245,4.77707,929565604,160.766667,194.166667,4596901,1633.073333,27720.666667,1570,36.1,0.00,0.00,0.00,alberta_reconstruction_available,,,,,false,false,false,observed_covariates_with_non_authorizing_market_price_proxy,
E2P_59DC2A3B6F480A37FD56,CMA_825,Calgary CMA,PR_48,2023-Q2,2023-04-01,2023-06-30,schools_and_postsecondary,99.8,1.114488,3.958333,938843306,164.066667,201.8,4641615,1650.42,29558.666667,935,33.42,0.00,0.00,0.00,alberta_reconstruction_available,,,,,false,false,false,observed_covariates_with_non_authorizing_market_price_proxy,
E2P_0F9B324245E1A9292EA3,CMA_825,Calgary CMA,PR_48,2023-Q3,2023-07-01,2023-09-30,schools_and_postsecondary,100.5,0.701403,3.395062,975764196,166.266667,210.8,4688576,1645.736667,42200.333333,1440,35.425,0.00,0.00,0.00,alberta_reconstruction_available,,,,,false,false,false,observed_covariates_with_non_authorizing_market_price_proxy,
E2P_D05C9E66DF855E6E4182,CMA_825,Calgary CMA,PR_48,2023-Q4,2023-10-01,2023-12-31,schools_and_postsecondary,101,0.497512,3.271984,930510999,165.466667,212.133333,4752173,1646.526667,41072.666667,115,38.8,0.00,0.00,0.00,alberta_reconstruction_available,,,,,false,false,false,observed_covariates_with_non_authorizing_market_price_proxy,
E2P_CC3A17C15863C0F32BF1,CMA_825,Calgary CMA,PR_48,2024-Q1,2024-01-01,2024-03-31,schools_and_postsecondary,102.9,1.881188,4.255319,880060267,166.666667,215.466667,4801806,1643.48,42445.333333,80,37.97,24049401.20,34738023.95,42754491.02,alberta_reconstruction_available,,,,,false,false,false,observed_covariates_with_non_authorizing_market_price_proxy,
E2P_7F0CD3DDCD7C431FA285,CMA_825,Calgary CMA,PR_48,2024-Q2,2024-04-01,2024-06-30,schools_and_postsecondary,104.4,1.457726,4.609218,831925231,169.033333,217.766667,4857695,1672.583333,45223.333333,350,37.658333,30516467.07,44079341.32,54251497.01,alberta_reconstruction_available,,,,,false,false,false,observed_covariates_with_non_authorizing_market_price_proxy,
E2P_18FADCBB2B87EC268D11,CMA_825,Calgary CMA,PR_48,2024-Q3,2024-07-01,2024-09-30,schools_and_postsecondary,105.2,0.766284,4.676617,833302587,169.933333,219.833333,4909030,1667.873333,46552,820,38.48,35366766.47,51085329.34,62874251.50,alberta_reconstruction_available,,,,,false,false,false,observed_covariates_with_non_authorizing_market_price_proxy,
E2P_41B4CF1988227054211C,CMA_825,Calgary CMA,PR_48,2024-Q4,2024-10-01,2024-12-31,schools_and_postsecondary,105.4,0.190114,4.356436,859461360,170,223.333333,4957075,1667.3,51862.333333,950,38.2,38600299.40,55755988.02,68622754.49,alberta_reconstruction_available,,,,,false,false,false,observed_covariates_with_non_authorizing_market_price_proxy,
E2P_E241CB3D790CDD8CEDE8,CMA_825,Calgary CMA,PR_48,2025-Q1,2025-01-01,2025-03-31,schools_and_postsecondary,106.5,1.043643,3.498542,836612563,171.166667,224.433333,4988181,1725.94,50801.333333,375,37.97,40217065.87,58091317.37,71497005.99,alberta_reconstruction_available,,,,,false,false,false,observed_covariates_with_non_authorizing_market_price_proxy,
E2P_8C4B388124D07F0FB062,CMA_825,Calgary CMA,PR_48,2025-Q2,2025-04-01,2025-06-30,schools_and_postsecondary,107.9,1.314554,3.35249,853823275,171.766667,223.866667,5010078,1739.526667,63313.333333,1220,34.27,40217065.87,58091317.37,71497005.99,alberta_reconstruction_available,,,,,false,false,false,observed_covariates_with_non_authorizing_market_price_proxy,
E2P_CC397071625B0934102B,CMA_825,Calgary CMA,PR_48,2025-Q3,2025-07-01,2025-09-30,schools_and_postsecondary,108.4,0.463392,3.041825,867243989,172.533333,224.133333,5029346,1733.063333,49486,960,37.96,38600299.40,55755988.02,68622754.49,alberta_reconstruction_available,,,,,false,false,false,observed_covariates_with_non_authorizing_market_price_proxy,
E2P_BDE5C2E8B8D34E305088,CMA_825,Calgary CMA,PR_48,2025-Q4,2025-10-01,2025-12-31,schools_and_postsecondary,108.4,0,2.8463,916506106,173.3,226.833333,5040871,1691.13,49756.666667,995,38.13,35366766.47,51085329.34,62874251.50,alberta_reconstruction_available,,,,,false,false,false,observed_covariates_with_non_authorizing_market_price_proxy,
E2P_C06FCADCE90C9A27F876,CMA_825,Calgary CMA,PR_48,2026-Q1,2026-01-01,2026-03-31,schools_and_postsecondary,108.7,0.276753,2.065728,1010093271,174.6,227.366667,5048151,1708.273333,42334.333333,770,38.99,30516467.07,44079341.32,54251497.01,alberta_reconstruction_available,,,,,false,false,false,observed_covariates_with_non_authorizing_market_price_proxy,
E2P_BFD139D5DF94FBC8E890,CMA_825,Calgary CMA,PR_48,2026-Q2,2026-04-01,2026-06-30,schools_and_postsecondary,109.9,1.103956,1.853568,1009184933,177.7,226.833333,5057077,1703.346667,47587.666667,715,44.775,24049401.20,34738023.95,42754491.02,alberta_reconstruction_available,,,,,false,false,false,observed_covariates_with_non_authorizing_market_price_proxy,
E2P_4DA2B70119AB9B486472,CMA_825,Calgary CMA,PR_48,2017-Q1,2017-01-01,2017-03-31,government_and_civic_facilities,82.2,,,1068257605,136.833333,164.833333,4215506,1419.383333,25249,,27.075,0.00,0.00,0.00,alberta_reconstruction_available,,,,,false,false,false,observed_covariates_with_non_authorizing_market_price_proxy,missing:trade_job_vacancies
E2P_5AD4614D1B7162BEA9E7,CMA_825,Calgary CMA,PR_48,2017-Q2,2017-04-01,2017-06-30,government_and_civic_facilities,82.6,0.486618,,1093755437,137.166667,163.733333,4224933,1409.616667,29812.666667,50,29.5375,0.00,0.00,0.00,alberta_reconstruction_available,,,,,false,false,false,observed_covariates_with_non_authorizing_market_price_proxy,
E2P_916AF851CA8ACED5F963,CMA_825,Calgary CMA,PR_48,2017-Q3,2017-07-01,2017-09-30,government_and_civic_facilities,82.7,0.121065,,1028849298,137.133333,164.3,4237310,1399.32,27445.666667,465,31.525,0.00,0.00,0.00,alberta_reconstruction_available,,,,,false,false,false,observed_covariates_with_non_authorizing_market_price_proxy,
E2P_06DB0AFBC87639E1F984,CMA_825,Calgary CMA,PR_48,2017-Q4,2017-10-01,2017-12-31,government_and_civic_facilities,82.9,0.241838,,1037286176,137.866667,165.366667,4253530,1460.013333,27518,185,30.9875,0.00,0.00,0.00,alberta_reconstruction_available,,,,,false,false,false,observed_covariates_with_non_authorizing_market_price_proxy,
E2P_9B5F3850C495E4668E34,CMA_825,Calgary CMA,PR_48,2018-Q1,2018-01-01,2018-03-31,government_and_civic_facilities,83.3,0.482509,1.3382,1032877757,139.5,167.133333,4263957,1456.55,23871.666667,75,29.4,0.00,0.00,0.00,alberta_reconstruction_available,,,,,false,false,false,observed_covariates_with_non_authorizing_market_price_proxy,
E2P_8F6BDD13F471865F57F2,CMA_825,Calgary CMA,PR_48,2018-Q2,2018-04-01,2018-06-30,government_and_civic_facilities,83.7,0.480192,1.331719,1048818199,140.666667,167.166667,4276444,1460.333333,29159,340,30.175,0.00,0.00,0.00,alberta_reconstruction_available,,,,,false,false,false,observed_covariates_with_non_authorizing_market_price_proxy,
E2P_367C0EB1FBFF1FD788D8,CMA_825,Calgary CMA,PR_48,2018-Q3,2018-07-01,2018-09-30,government_and_civic_facilities,84.5,0.955795,2.176542,1133381669,141.5,168.6,4292556,1445.94,26867.333333,580,33.9375,0.00,0.00,0.00,alberta_reconstruction_available,,,,,false,false,false,observed_covariates_with_non_authorizing_market_price_proxy,
E2P_19191D7973FF713AE9CB,CMA_825,Calgary CMA,PR_48,2018-Q4,2018-10-01,2018-12-31,government_and_civic_facilities,85,0.591716,2.533172,1171489848,140.866667,170.366667,4311439,1429.736667,19537,390,32,0.00,0.00,0.00,alberta_reconstruction_available,,,,,false,false,false,observed_covariates_with_non_authorizing_market_price_proxy,
E2P_AF5D93358DEBB457ECF9,CMA_825,Calgary CMA,PR_48,2019-Q1,2019-01-01,2019-03-31,government_and_civic_facilities,85.4,0.470588,2.521008,1128499498,141.866667,172.3,4324254,1434.74,19408,310,30.5375,0.00,0.00,0.00,alberta_reconstruction_available,,,,,false,false,false,observed_covariates_with_non_authorizing_market_price_proxy,
E2P_06395135859AAC0515A0,CMA_825,Calgary CMA,PR_48,2019-Q2,2019-04-01,2019-06-30,government_and_civic_facilities,85.5,0.117096,2.150538,1066173155,143.466667,171.833333,4337569,1456.596667,25471.333333,380,30.9,0.00,0.00,0.00,alberta_reconstruction_available,,,,,false,false,false,observed_covariates_with_non_authorizing_market_price_proxy,
E2P_590A93D5BC1E9721A081,CMA_825,Calgary CMA,PR_48,2019-Q3,2019-07-01,2019-09-30,government_and_civic_facilities,85.6,0.116959,1.301775,1080092006,143.3,171,4355377,1466.736667,30032.333333,70,31.5375,0.00,0.00,0.00,alberta_reconstruction_available,,,,,false,false,false,observed_covariates_with_non_authorizing_market_price_proxy,
E2P_F700A1CFE2F86A3BE648,CMA_825,Calgary CMA,PR_48,2019-Q4,2019-10-01,2019-12-31,government_and_civic_facilities,85.5,-0.116822,0.588235,1027173204,143.633333,174,4376860,1497.083333,28414.666667,65,31.5,0.00,0.00,0.00,alberta_reconstruction_available,,,,,false,false,false,observed_covariates_with_non_authorizing_market_price_proxy,
E2P_10AB1335698D15C08410,CMA_825,Calgary CMA,PR_48,2020-Q1,2020-01-01,2020-03-31,government_and_civic_facilities,85.9,0.467836,0.58548,1001310952,144.766667,174.466667,4392958,1521.226667,23262,195,35.375,0.00,0.00,0.00,alberta_reconstruction_available,,,,,false,false,false,observed_covariates_with_non_authorizing_market_price_proxy,
E2P_376601D39FF8D1B27751,CMA_825,Calgary CMA,PR_48,2020-Q2,2020-04-01,2020-06-30,government_and_civic_facilities,85.8,-0.116414,0.350877,948112942,144.033333,173.733333,4405455,1474.11,18127.333333,,,0.00,0.00,0.00,alberta_reconstruction_available,,,,,false,false,false,observed_covariates_with_non_authorizing_market_price_proxy,missing:trade_job_vacancies|missing:trade_average_offered_wage_cad
E2P_56313DA5A0998BBDA9A6,CMA_825,Calgary CMA,PR_48,2020-Q3,2020-07-01,2020-09-30,government_and_civic_facilities,85.7,-0.11655,0.116822,809346676,144.7,174.666667,4407495,1525.513333,22500,,,0.00,0.00,0.00,alberta_reconstruction_available,,,,,false,false,false,observed_covariates_with_non_authorizing_market_price_proxy,missing:trade_job_vacancies|missing:trade_average_offered_wage_cad
E2P_7C9F9CA972B46A73E4FE,CMA_825,Calgary CMA,PR_48,2020-Q4,2020-10-01,2020-12-31,government_and_civic_facilities,85.6,-0.116686,0.116959,736190095,145.133333,175.533333,4412013,1490.933333,29228.333333,50,30.3,0.00,0.00,0.00,alberta_reconstruction_available,,,,,false,false,false,observed_covariates_with_non_authorizing_market_price_proxy,
E2P_194A07EACC3B08A01159,CMA_825,Calgary CMA,PR_48,2021-Q1,2021-01-01,2021-03-31,government_and_civic_facilities,85.6,0,-0.349243,692466522,146.366667,176.866667,4418338,1489.933333,27238.666667,,32.425,0.00,0.00,0.00,alberta_reconstruction_available,,,,,false,false,false,observed_covariates_with_non_authorizing_market_price_proxy,missing:trade_job_vacancies
E2P_117B4C4C04647EB0A3A4,CMA_825,Calgary CMA,PR_48,2021-Q2,2021-04-01,2021-06-30,government_and_civic_facilities,87.6,2.336449,2.097902,757459691,148.4,178,4425617,1516.336667,30882.333333,40,34.87,0.00,0.00,0.00,alberta_reconstruction_available,,,,,false,false,false,observed_covariates_with_non_authorizing_market_price_proxy,
E2P_9C6EF231A9C0CBDA44E1,CMA_825,Calgary CMA,PR_48,2021-Q3,2021-07-01,2021-09-30,government_and_civic_facilities,89,1.598174,3.850642,839740607,150.7,182.4,4431531,1535.376667,28481,1290,31.36,0.00,0.00,0.00,alberta_reconstruction_available,,,,,false,false,false,observed_covariates_with_non_authorizing_market_price_proxy,
E2P_CDEDCE3C4F8B00A67C6C,CMA_825,Calgary CMA,PR_48,2021-Q4,2021-10-01,2021-12-31,government_and_civic_facilities,90.7,1.910112,5.957944,983068530,151.6,183.4,4451129,1580.62,35808,1525,30.9625,0.00,0.00,0.00,alberta_reconstruction_available,,,,,false,false,false,observed_covariates_with_non_authorizing_market_price_proxy,
E2P_8A1C5DDEE945E2E921C5,CMA_825,Calgary CMA,PR_48,2022-Q1,2022-01-01,2022-03-31,government_and_civic_facilities,93.1,2.646086,8.761682,1029291348,154.6,187.266667,4466136,1614.656667,28458.666667,1165,32.5875,0.00,0.00,0.00,alberta_reconstruction_available,,,,,false,false,false,observed_covariates_with_non_authorizing_market_price_proxy,
E2P_94D8C14DF85A7AFD2ED3,CMA_825,Calgary CMA,PR_48,2022-Q2,2022-04-01,2022-06-30,government_and_civic_facilities,94.7,1.718582,8.105023,1017794809,159.2,192.033333,4482503,1589.163333,40914.333333,2010,31.42,0.00,0.00,0.00,alberta_reconstruction_available,,,,,false,false,false,observed_covariates_with_non_authorizing_market_price_proxy,
E2P_B527E0C2D543617D875A,CMA_825,Calgary CMA,PR_48,2022-Q3,2022-07-01,2022-09-30,government_and_civic_facilities,96.6,2.006336,8.539326,955378708,160.5,192.9,4512731,1579.76,37499.333333,2375,32.758333,0.00,0.00,0.00,alberta_reconstruction_available,,,,,false,false,false,observed_covariates_with_non_authorizing_market_price_proxy,
E2P_0112AB41FADE7B4A91D2,CMA_825,Calgary CMA,PR_48,2022-Q4,2022-10-01,2022-12-31,government_and_civic_facilities,97.1,0.517598,7.056229,960851608,161.4,196.1,4560275,1629.223333,34389,1645,37.516667,0.00,0.00,0.00,alberta_reconstruction_available,,,,,false,false,false,observed_covariates_with_non_authorizing_market_price_proxy,
E2P_D7EAB7FA6171D037B050,CMA_825,Calgary CMA,PR_48,2023-Q1,2023-01-01,2023-03-31,government_and_civic_facilities,98.3,1.235839,5.585392,929565604,160.766667,194.166667,4596901,1633.073333,27720.666667,1570,36.1,0.00,0.00,0.00,alberta_reconstruction_available,,,,,false,false,false,observed_covariates_with_non_authorizing_market_price_proxy,
E2P_9F1253BAC5D7A7FA0A2D,CMA_825,Calgary CMA,PR_48,2023-Q2,2023-04-01,2023-06-30,government_and_civic_facilities,99.7,1.424212,5.279831,938843306,164.066667,201.8,4641615,1650.42,29558.666667,935,33.42,0.00,0.00,0.00,alberta_reconstruction_available,,,,,false,false,false,observed_covariates_with_non_authorizing_market_price_proxy,
E2P_8C75B1318F003F2D57E0,CMA_825,Calgary CMA,PR_48,2023-Q3,2023-07-01,2023-09-30,government_and_civic_facilities,100.7,1.003009,4.244306,975764196,166.266667,210.8,4688576,1645.736667,42200.333333,1440,35.425,0.00,0.00,0.00,alberta_reconstruction_available,,,,,false,false,false,observed_covariates_with_non_authorizing_market_price_proxy,
E2P_D826F0080DCCF79FEAB6,CMA_825,Calgary CMA,PR_48,2023-Q4,2023-10-01,2023-12-31,government_and_civic_facilities,101.3,0.595829,4.325438,930510999,165.466667,212.133333,4752173,1646.526667,41072.666667,115,38.8,0.00,0.00,0.00,alberta_reconstruction_available,,,,,false,false,false,observed_covariates_with_non_authorizing_market_price_proxy,
E2P_36C8EE1CB3E4456D59DE,CMA_825,Calgary CMA,PR_48,2024-Q1,2024-01-01,2024-03-31,government_and_civic_facilities,102.9,1.579467,4.679552,880060267,166.666667,215.466667,4801806,1643.48,42445.333333,80,37.97,24049401.20,34738023.95,42754491.02,alberta_reconstruction_available,,,,,false,false,false,observed_covariates_with_non_authorizing_market_price_proxy,
E2P_FFDEFFFD19E28E572847,CMA_825,Calgary CMA,PR_48,2024-Q2,2024-04-01,2024-06-30,government_and_civic_facilities,104.5,1.554908,4.814443,831925231,169.033333,217.766667,4857695,1672.583333,45223.333333,350,37.658333,30516467.07,44079341.32,54251497.01,alberta_reconstruction_available,,,,,false,false,false,observed_covariates_with_non_authorizing_market_price_proxy,
E2P_4A285D988C5114B7A655,CMA_825,Calgary CMA,PR_48,2024-Q3,2024-07-01,2024-09-30,government_and_civic_facilities,105.6,1.052632,4.865938,833302587,169.933333,219.833333,4909030,1667.873333,46552,820,38.48,35366766.47,51085329.34,62874251.50,alberta_reconstruction_available,,,,,false,false,false,observed_covariates_with_non_authorizing_market_price_proxy,
E2P_2519AF6F40E9DBAADE88,CMA_825,Calgary CMA,PR_48,2024-Q4,2024-10-01,2024-12-31,government_and_civic_facilities,105.2,-0.378788,3.849951,859461360,170,223.333333,4957075,1667.3,51862.333333,950,38.2,38600299.40,55755988.02,68622754.49,alberta_reconstruction_available,,,,,false,false,false,observed_covariates_with_non_authorizing_market_price_proxy,
E2P_05F1608BBC9D27B60CCD,CMA_825,Calgary CMA,PR_48,2025-Q1,2025-01-01,2025-03-31,government_and_civic_facilities,106.4,1.140684,3.401361,836612563,171.166667,224.433333,4988181,1725.94,50801.333333,375,37.97,40217065.87,58091317.37,71497005.99,alberta_reconstruction_available,,,,,false,false,false,observed_covariates_with_non_authorizing_market_price_proxy,
E2P_51E83C5BB474AC07F28C,CMA_825,Calgary CMA,PR_48,2025-Q2,2025-04-01,2025-06-30,government_and_civic_facilities,107.7,1.221805,3.062201,853823275,171.766667,223.866667,5010078,1739.526667,63313.333333,1220,34.27,40217065.87,58091317.37,71497005.99,alberta_reconstruction_available,,,,,false,false,false,observed_covariates_with_non_authorizing_market_price_proxy,
E2P_EEE19E76B0CBAF22E820,CMA_825,Calgary CMA,PR_48,2025-Q3,2025-07-01,2025-09-30,government_and_civic_facilities,108.1,0.371402,2.367424,867243989,172.533333,224.133333,5029346,1733.063333,49486,960,37.96,38600299.40,55755988.02,68622754.49,alberta_reconstruction_available,,,,,false,false,false,observed_covariates_with_non_authorizing_market_price_proxy,
E2P_CA7077CC03903787997C,CMA_825,Calgary CMA,PR_48,2025-Q4,2025-10-01,2025-12-31,government_and_civic_facilities,108.8,0.647549,3.422053,916506106,173.3,226.833333,5040871,1691.13,49756.666667,995,38.13,35366766.47,51085329.34,62874251.50,alberta_reconstruction_available,,,,,false,false,false,observed_covariates_with_non_authorizing_market_price_proxy,
E2P_48FC03DDEC3C2FD82513,CMA_825,Calgary CMA,PR_48,2026-Q1,2026-01-01,2026-03-31,government_and_civic_facilities,110,1.102941,3.383459,1010093271,174.6,227.366667,5048151,1708.273333,42334.333333,770,38.99,30516467.07,44079341.32,54251497.01,alberta_reconstruction_available,,,,,false,false,false,observed_covariates_with_non_authorizing_market_price_proxy,
E2P_DDB431F8CE2FF141B6DF,CMA_825,Calgary CMA,PR_48,2026-Q2,2026-04-01,2026-06-30,government_and_civic_facilities,111.4,1.272727,3.435469,1009184933,177.7,226.833333,5057077,1703.346667,47587.666667,715,44.775,24049401.20,34738023.95,42754491.02,alberta_reconstruction_available,,,,,false,false,false,observed_covariates_with_non_authorizing_market_price_proxy,
E2P_41B0D2AB1725C6604DBB,CMA_835,Edmonton CMA,PR_48,2017-Q1,2017-01-01,2017-03-31,health_facilities,78.8,,,1017204501,136.833333,164.833333,4215506,1419.383333,25249,,27.075,0.00,0.00,0.00,alberta_reconstruction_available,,,,,false,false,false,observed_covariates_with_non_authorizing_market_price_proxy,missing:trade_job_vacancies
E2P_57A5F684C86711779EC1,CMA_835,Edmonton CMA,PR_48,2017-Q2,2017-04-01,2017-06-30,health_facilities,79.1,0.380711,,1069376223,137.166667,163.733333,4224933,1409.616667,29812.666667,50,29.5375,0.00,0.00,0.00,alberta_reconstruction_available,,,,,false,false,false,observed_covariates_with_non_authorizing_market_price_proxy,
E2P_CCD5E57598C9F07AB7A2,CMA_835,Edmonton CMA,PR_48,2017-Q3,2017-07-01,2017-09-30,health_facilities,79.3,0.252845,,1129876025,137.133333,164.3,4237310,1399.32,27445.666667,465,31.525,0.00,0.00,0.00,alberta_reconstruction_available,,,,,false,false,false,observed_covariates_with_non_authorizing_market_price_proxy,
E2P_8A6B028D4344C1DCAAE2,CMA_835,Edmonton CMA,PR_48,2017-Q4,2017-10-01,2017-12-31,health_facilities,79.6,0.37831,,1063358783,137.866667,165.366667,4253530,1460.013333,27518,185,30.9875,0.00,0.00,0.00,alberta_reconstruction_available,,,,,false,false,false,observed_covariates_with_non_authorizing_market_price_proxy,
E2P_3AFF8C3A02AE678D3E40,CMA_835,Edmonton CMA,PR_48,2018-Q1,2018-01-01,2018-03-31,health_facilities,79.9,0.376884,1.395939,1002927289,139.5,167.133333,4263957,1456.55,23871.666667,75,29.4,0.00,0.00,0.00,alberta_reconstruction_available,,,,,false,false,false,observed_covariates_with_non_authorizing_market_price_proxy,
E2P_85458E5C33C47008BD00,CMA_835,Edmonton CMA,PR_48,2018-Q2,2018-04-01,2018-06-30,health_facilities,80.5,0.750939,1.769912,950139624,140.666667,167.166667,4276444,1460.333333,29159,340,30.175,0.00,0.00,0.00,alberta_reconstruction_available,,,,,false,false,false,observed_covariates_with_non_authorizing_market_price_proxy,
E2P_2C452B100FCFC3369324,CMA_835,Edmonton CMA,PR_48,2018-Q3,2018-07-01,2018-09-30,health_facilities,81.3,0.993789,2.522068,883707490,141.5,168.6,4292556,1445.94,26867.333333,580,33.9375,0.00,0.00,0.00,alberta_reconstruction_available,,,,,false,false,false,observed_covariates_with_non_authorizing_market_price_proxy,
E2P_79F4CAEA4B25DDF77371,CMA_835,Edmonton CMA,PR_48,2018-Q4,2018-10-01,2018-12-31,health_facilities,81.8,0.615006,2.763819,903271340,140.866667,170.366667,4311439,1429.736667,19537,390,32,63000.00,108000.00,153000.00,alberta_reconstruction_available,,,,,false,false,false,observed_covariates_with_non_authorizing_market_price_proxy,
E2P_B9F5F0352EEB60B25E70,CMA_835,Edmonton CMA,PR_48,2019-Q1,2019-01-01,2019-03-31,health_facilities,82.4,0.733496,3.128911,906691109,141.866667,172.3,4324254,1434.74,19408,310,30.5375,0.00,0.00,0.00,alberta_reconstruction_available,,,,,false,false,false,observed_covariates_with_non_authorizing_market_price_proxy,
E2P_21248C0B7425A14C0045,CMA_835,Edmonton CMA,PR_48,2019-Q2,2019-04-01,2019-06-30,health_facilities,82.4,0,2.360248,859158466,143.466667,171.833333,4337569,1456.596667,25471.333333,380,30.9,12250.00,21000.00,29750.00,alberta_reconstruction_available,,,,,false,false,false,observed_covariates_with_non_authorizing_market_price_proxy,
E2P_88C6E3B4257C3E5EF4AF,CMA_835,Edmonton CMA,PR_48,2019-Q3,2019-07-01,2019-09-30,health_facilities,82.7,0.364078,1.722017,834121993,143.3,171,4355377,1466.736667,30032.333333,70,31.5375,0.00,0.00,0.00,alberta_reconstruction_available,,,,,false,false,false,observed_covariates_with_non_authorizing_market_price_proxy,
E2P_6FE95AFD8169629513B3,CMA_835,Edmonton CMA,PR_48,2019-Q4,2019-10-01,2019-12-31,health_facilities,82.9,0.241838,1.344743,877844454,143.633333,174,4376860,1497.083333,28414.666667,65,31.5,0.00,0.00,0.00,alberta_reconstruction_available,,,,,false,false,false,observed_covariates_with_non_authorizing_market_price_proxy,
E2P_4CA72AD487F515C36FC5,CMA_835,Edmonton CMA,PR_48,2020-Q1,2020-01-01,2020-03-31,health_facilities,83.1,0.241255,0.849515,859978873,144.766667,174.466667,4392958,1521.226667,23262,195,35.375,0.00,0.00,0.00,alberta_reconstruction_available,,,,,false,false,false,observed_covariates_with_non_authorizing_market_price_proxy,
E2P_FA0F2DE2B5737AC50F32,CMA_835,Edmonton CMA,PR_48,2020-Q2,2020-04-01,2020-06-30,health_facilities,82.8,-0.361011,0.485437,830657340,144.033333,173.733333,4405455,1474.11,18127.333333,,,1400000.00,2400000.00,3400000.00,alberta_reconstruction_available,,,,,false,false,false,observed_covariates_with_non_authorizing_market_price_proxy,missing:trade_job_vacancies|missing:trade_average_offered_wage_cad
E2P_5C65346D45243E6A1F93,CMA_835,Edmonton CMA,PR_48,2020-Q3,2020-07-01,2020-09-30,health_facilities,83,0.241546,0.362757,771370706,144.7,174.666667,4407495,1525.513333,22500,,,0.00,0.00,0.00,alberta_reconstruction_available,,,,,false,false,false,observed_covariates_with_non_authorizing_market_price_proxy,missing:trade_job_vacancies|missing:trade_average_offered_wage_cad
E2P_DC33199144F43D6D0EA7,CMA_835,Edmonton CMA,PR_48,2020-Q4,2020-10-01,2020-12-31,health_facilities,82.9,-0.120482,0,711460109,145.133333,175.533333,4412013,1490.933333,29228.333333,50,30.3,0.00,0.00,0.00,alberta_reconstruction_available,,,,,false,false,false,observed_covariates_with_non_authorizing_market_price_proxy,
E2P_6601C19330EA65DF9E05,CMA_835,Edmonton CMA,PR_48,2021-Q1,2021-01-01,2021-03-31,health_facilities,83.5,0.723764,0.481348,701852246,146.366667,176.866667,4418338,1489.933333,27238.666667,,32.425,0.00,0.00,0.00,alberta_reconstruction_available,,,,,false,false,false,observed_covariates_with_non_authorizing_market_price_proxy,missing:trade_job_vacancies
E2P_6E205FB9580C9C79BF95,CMA_835,Edmonton CMA,PR_48,2021-Q2,2021-04-01,2021-06-30,health_facilities,86.4,3.473054,4.347826,710749849,148.4,178,4425617,1516.336667,30882.333333,40,34.87,0.00,0.00,0.00,alberta_reconstruction_available,,,,,false,false,false,observed_covariates_with_non_authorizing_market_price_proxy,
E2P_8BB308A05466FFE2E2D8,CMA_835,Edmonton CMA,PR_48,2021-Q3,2021-07-01,2021-09-30,health_facilities,88.7,2.662037,6.86747,708762557,150.7,182.4,4431531,1535.376667,28481,1290,31.36,0.00,0.00,0.00,alberta_reconstruction_available,,,,,false,false,false,observed_covariates_with_non_authorizing_market_price_proxy,
E2P_FB0B7FEA4188D77DAFFF,CMA_835,Edmonton CMA,PR_48,2021-Q4,2021-10-01,2021-12-31,health_facilities,90.8,2.367531,9.529554,674983764,151.6,183.4,4451129,1580.62,35808,1525,30.9625,0.00,0.00,0.00,alberta_reconstruction_available,,,,,false,false,false,observed_covariates_with_non_authorizing_market_price_proxy,
E2P_C9647826236156328985,CMA_835,Edmonton CMA,PR_48,2022-Q1,2022-01-01,2022-03-31,health_facilities,92.9,2.312775,11.257485,632121939,154.6,187.266667,4466136,1614.656667,28458.666667,1165,32.5875,0.00,0.00,0.00,alberta_reconstruction_available,,,,,false,false,false,observed_covariates_with_non_authorizing_market_price_proxy,
E2P_CD4AA1D149CAFEBDF4DF,CMA_835,Edmonton CMA,PR_48,2022-Q2,2022-04-01,2022-06-30,health_facilities,95.8,3.121636,10.87963,597530327,159.2,192.033333,4482503,1589.163333,40914.333333,2010,31.42,0.00,0.00,0.00,alberta_reconstruction_available,,,,,false,false,false,observed_covariates_with_non_authorizing_market_price_proxy,
E2P_9F82796A041EF09ECDE7,CMA_835,Edmonton CMA,PR_48,2022-Q3,2022-07-01,2022-09-30,health_facilities,97.3,1.565762,9.695603,632399806,160.5,192.9,4512731,1579.76,37499.333333,2375,32.758333,0.00,0.00,0.00,alberta_reconstruction_available,,,,,false,false,false,observed_covariates_with_non_authorizing_market_price_proxy,
E2P_09FFF5623A9BC54799D7,CMA_835,Edmonton CMA,PR_48,2022-Q4,2022-10-01,2022-12-31,health_facilities,98.1,0.822199,8.039648,648599247,161.4,196.1,4560275,1629.223333,34389,1645,37.516667,0.00,0.00,0.00,alberta_reconstruction_available,,,,,false,false,false,observed_covariates_with_non_authorizing_market_price_proxy,
E2P_3B75E3F6876DC74C4CC6,CMA_835,Edmonton CMA,PR_48,2023-Q1,2023-01-01,2023-03-31,health_facilities,99,0.917431,6.5662,632664337,160.766667,194.166667,4596901,1633.073333,27720.666667,1570,36.1,52500.00,90000.00,127500.00,alberta_reconstruction_available,,,,,false,false,false,observed_covariates_with_non_authorizing_market_price_proxy,
E2P_E8436ED532EA7F9871EB,CMA_835,Edmonton CMA,PR_48,2023-Q2,2023-04-01,2023-06-30,health_facilities,99.4,0.40404,3.757829,617329061,164.066667,201.8,4641615,1650.42,29558.666667,935,33.42,230300.00,394800.00,559300.00,alberta_reconstruction_available,,,,,false,false,false,observed_covariates_with_non_authorizing_market_price_proxy,
E2P_754382FF49369B041078,CMA_835,Edmonton CMA,PR_48,2023-Q3,2023-07-01,2023-09-30,health_facilities,100.5,1.10664,3.288798,640641104,166.266667,210.8,4688576,1645.736667,42200.333333,1440,35.425,0.00,0.00,0.00,alberta_reconstruction_available,,,,,false,false,false,observed_covariates_with_non_authorizing_market_price_proxy,
E2P_2DBE7EAB28E4E3B67C93,CMA_835,Edmonton CMA,PR_48,2023-Q4,2023-10-01,2023-12-31,health_facilities,101.1,0.597015,3.058104,682767283,165.466667,212.133333,4752173,1646.526667,41072.666667,115,38.8,0.00,0.00,0.00,alberta_reconstruction_available,,,,,false,false,false,observed_covariates_with_non_authorizing_market_price_proxy,
E2P_EF3645F20C5F7E3010A9,CMA_835,Edmonton CMA,PR_48,2024-Q1,2024-01-01,2024-03-31,health_facilities,103.5,2.373887,4.545455,701431630,166.666667,215.466667,4801806,1643.48,42445.333333,80,37.97,0.00,0.00,0.00,alberta_reconstruction_available,,,,,false,false,false,observed_covariates_with_non_authorizing_market_price_proxy,
E2P_D5F4317EFBF4BDC92B86,CMA_835,Edmonton CMA,PR_48,2024-Q2,2024-04-01,2024-06-30,health_facilities,104.7,1.15942,5.331992,718213458,169.033333,217.766667,4857695,1672.583333,45223.333333,350,37.658333,0.00,0.00,0.00,alberta_reconstruction_available,,,,,false,false,false,observed_covariates_with_non_authorizing_market_price_proxy,
E2P_4C65BA57E9B3ED1B7F95,CMA_835,Edmonton CMA,PR_48,2024-Q3,2024-07-01,2024-09-30,health_facilities,105.6,0.859599,5.074627,758936328,169.933333,219.833333,4909030,1667.873333,46552,820,38.48,0.00,0.00,0.00,alberta_reconstruction_available,,,,,false,false,false,observed_covariates_with_non_authorizing_market_price_proxy,
E2P_67C8EFBD5D08A0BC8282,CMA_835,Edmonton CMA,PR_48,2024-Q4,2024-10-01,2024-12-31,health_facilities,106.2,0.568182,5.04451,789092528,170,223.333333,4957075,1667.3,51862.333333,950,38.2,0.00,0.00,0.00,alberta_reconstruction_available,,,,,false,false,false,observed_covariates_with_non_authorizing_market_price_proxy,
E2P_E09F70C2BFB15B90FB05,CMA_835,Edmonton CMA,PR_48,2025-Q1,2025-01-01,2025-03-31,health_facilities,107.1,0.847458,3.478261,801052319,171.166667,224.433333,4988181,1725.94,50801.333333,375,37.97,0.00,0.00,0.00,alberta_reconstruction_available,,,,,false,false,false,observed_covariates_with_non_authorizing_market_price_proxy,
E2P_4373FFCC660558F4259B,CMA_835,Edmonton CMA,PR_48,2025-Q2,2025-04-01,2025-06-30,health_facilities,108.7,1.493931,3.820439,819367764,171.766667,223.866667,5010078,1739.526667,63313.333333,1220,34.27,0.00,0.00,0.00,alberta_reconstruction_available,,,,,false,false,false,observed_covariates_with_non_authorizing_market_price_proxy,
E2P_0562ED54EFD877EB0724,CMA_835,Edmonton CMA,PR_48,2025-Q3,2025-07-01,2025-09-30,health_facilities,109.8,1.01196,3.977273,821718345,172.533333,224.133333,5029346,1733.063333,49486,960,37.96,0.00,0.00,0.00,alberta_reconstruction_available,,,,,false,false,false,observed_covariates_with_non_authorizing_market_price_proxy,
E2P_7581B93A633318FF1413,CMA_835,Edmonton CMA,PR_48,2025-Q4,2025-10-01,2025-12-31,health_facilities,109.4,-0.364299,3.013183,819438588,173.3,226.833333,5040871,1691.13,49756.666667,995,38.13,8750.00,15000.00,21250.00,alberta_reconstruction_available,,,,,false,false,false,observed_covariates_with_non_authorizing_market_price_proxy,
E2P_5462F584789D2C6A6393,CMA_835,Edmonton CMA,PR_48,2026-Q1,2026-01-01,2026-03-31,health_facilities,109.7,0.274223,2.427638,830479339,174.6,227.366667,5048151,1708.273333,42334.333333,770,38.99,2925000000.00,4225000000.00,5200000000.00,alberta_reconstruction_available,,,,,false,false,false,observed_covariates_with_non_authorizing_market_price_proxy,
E2P_F0A41BE772EEE15F40C5,CMA_835,Edmonton CMA,PR_48,2026-Q2,2026-04-01,2026-06-30,health_facilities,110.8,1.002735,1.931923,869423561,177.7,226.833333,5057077,1703.346667,47587.666667,715,44.775,2925000000.00,4225000000.00,5200000000.00,alberta_reconstruction_available,,,,,false,false,false,observed_covariates_with_non_authorizing_market_price_proxy,
E2P_67B46FBE897760E68B54,CMA_835,Edmonton CMA,PR_48,2017-Q1,2017-01-01,2017-03-31,schools_and_postsecondary,78.8,,,1017204501,136.833333,164.833333,4215506,1419.383333,25249,,27.075,0.00,0.00,0.00,alberta_reconstruction_available,,,,,false,false,false,observed_covariates_with_non_authorizing_market_price_proxy,missing:trade_job_vacancies
E2P_3F7CABAC76963921614D,CMA_835,Edmonton CMA,PR_48,2017-Q2,2017-04-01,2017-06-30,schools_and_postsecondary,79.1,0.380711,,1069376223,137.166667,163.733333,4224933,1409.616667,29812.666667,50,29.5375,0.00,0.00,0.00,alberta_reconstruction_available,,,,,false,false,false,observed_covariates_with_non_authorizing_market_price_proxy,
E2P_A13305EDC042B1A1F2E5,CMA_835,Edmonton CMA,PR_48,2017-Q3,2017-07-01,2017-09-30,schools_and_postsecondary,79.3,0.252845,,1129876025,137.133333,164.3,4237310,1399.32,27445.666667,465,31.525,0.00,0.00,0.00,alberta_reconstruction_available,,,,,false,false,false,observed_covariates_with_non_authorizing_market_price_proxy,
E2P_7FCEBC37F7DD499C5576,CMA_835,Edmonton CMA,PR_48,2017-Q4,2017-10-01,2017-12-31,schools_and_postsecondary,79.6,0.37831,,1063358783,137.866667,165.366667,4253530,1460.013333,27518,185,30.9875,0.00,0.00,0.00,alberta_reconstruction_available,,,,,false,false,false,observed_covariates_with_non_authorizing_market_price_proxy,
E2P_8ADF920D109AEB9259D3,CMA_835,Edmonton CMA,PR_48,2018-Q1,2018-01-01,2018-03-31,schools_and_postsecondary,79.9,0.376884,1.395939,1002927289,139.5,167.133333,4263957,1456.55,23871.666667,75,29.4,0.00,0.00,0.00,alberta_reconstruction_available,,,,,false,false,false,observed_covariates_with_non_authorizing_market_price_proxy,
E2P_1BFC23920915255D2F9C,CMA_835,Edmonton CMA,PR_48,2018-Q2,2018-04-01,2018-06-30,schools_and_postsecondary,80.5,0.750939,1.769912,950139624,140.666667,167.166667,4276444,1460.333333,29159,340,30.175,0.00,0.00,0.00,alberta_reconstruction_available,,,,,false,false,false,observed_covariates_with_non_authorizing_market_price_proxy,
E2P_EC39EC33118C3A97CB2B,CMA_835,Edmonton CMA,PR_48,2018-Q3,2018-07-01,2018-09-30,schools_and_postsecondary,81.3,0.993789,2.522068,883707490,141.5,168.6,4292556,1445.94,26867.333333,580,33.9375,0.00,0.00,0.00,alberta_reconstruction_available,,,,,false,false,false,observed_covariates_with_non_authorizing_market_price_proxy,
E2P_DD2AD365C81E4E860D8A,CMA_835,Edmonton CMA,PR_48,2018-Q4,2018-10-01,2018-12-31,schools_and_postsecondary,81.8,0.615006,2.763819,903271340,140.866667,170.366667,4311439,1429.736667,19537,390,32,63000.00,108000.00,153000.00,alberta_reconstruction_available,,,,,false,false,false,observed_covariates_with_non_authorizing_market_price_proxy,
E2P_227345FB490F0DAC56DA,CMA_835,Edmonton CMA,PR_48,2019-Q1,2019-01-01,2019-03-31,schools_and_postsecondary,82.4,0.733496,3.128911,906691109,141.866667,172.3,4324254,1434.74,19408,310,30.5375,0.00,0.00,0.00,alberta_reconstruction_available,,,,,false,false,false,observed_covariates_with_non_authorizing_market_price_proxy,
E2P_8B07CC39ADDF83E0E928,CMA_835,Edmonton CMA,PR_48,2019-Q2,2019-04-01,2019-06-30,schools_and_postsecondary,82.4,0,2.360248,859158466,143.466667,171.833333,4337569,1456.596667,25471.333333,380,30.9,12250.00,21000.00,29750.00,alberta_reconstruction_available,,,,,false,false,false,observed_covariates_with_non_authorizing_market_price_proxy,
E2P_DE2B19D763BB1AE90A31,CMA_835,Edmonton CMA,PR_48,2019-Q3,2019-07-01,2019-09-30,schools_and_postsecondary,82.7,0.364078,1.722017,834121993,143.3,171,4355377,1466.736667,30032.333333,70,31.5375,0.00,0.00,0.00,alberta_reconstruction_available,,,,,false,false,false,observed_covariates_with_non_authorizing_market_price_proxy,
E2P_8DF35962AB3929B536A3,CMA_835,Edmonton CMA,PR_48,2019-Q4,2019-10-01,2019-12-31,schools_and_postsecondary,82.9,0.241838,1.344743,877844454,143.633333,174,4376860,1497.083333,28414.666667,65,31.5,0.00,0.00,0.00,alberta_reconstruction_available,,,,,false,false,false,observed_covariates_with_non_authorizing_market_price_proxy,
E2P_F7C8A068D947ECFBE8D1,CMA_835,Edmonton CMA,PR_48,2020-Q1,2020-01-01,2020-03-31,schools_and_postsecondary,83.1,0.241255,0.849515,859978873,144.766667,174.466667,4392958,1521.226667,23262,195,35.375,0.00,0.00,0.00,alberta_reconstruction_available,,,,,false,false,false,observed_covariates_with_non_authorizing_market_price_proxy,
E2P_058A930313F4986D4991,CMA_835,Edmonton CMA,PR_48,2020-Q2,2020-04-01,2020-06-30,schools_and_postsecondary,82.8,-0.361011,0.485437,830657340,144.033333,173.733333,4405455,1474.11,18127.333333,,,1400000.00,2400000.00,3400000.00,alberta_reconstruction_available,,,,,false,false,false,observed_covariates_with_non_authorizing_market_price_proxy,missing:trade_job_vacancies|missing:trade_average_offered_wage_cad
E2P_B80CA7C0E62BFB1FB55E,CMA_835,Edmonton CMA,PR_48,2020-Q3,2020-07-01,2020-09-30,schools_and_postsecondary,83,0.241546,0.362757,771370706,144.7,174.666667,4407495,1525.513333,22500,,,0.00,0.00,0.00,alberta_reconstruction_available,,,,,false,false,false,observed_covariates_with_non_authorizing_market_price_proxy,missing:trade_job_vacancies|missing:trade_average_offered_wage_cad
E2P_2A063FAE27D0CFBCF9B8,CMA_835,Edmonton CMA,PR_48,2020-Q4,2020-10-01,2020-12-31,schools_and_postsecondary,82.9,-0.120482,0,711460109,145.133333,175.533333,4412013,1490.933333,29228.333333,50,30.3,0.00,0.00,0.00,alberta_reconstruction_available,,,,,false,false,false,observed_covariates_with_non_authorizing_market_price_proxy,
E2P_D6F15B80383F357F4961,CMA_835,Edmonton CMA,PR_48,2021-Q1,2021-01-01,2021-03-31,schools_and_postsecondary,83.5,0.723764,0.481348,701852246,146.366667,176.866667,4418338,1489.933333,27238.666667,,32.425,0.00,0.00,0.00,alberta_reconstruction_available,,,,,false,false,false,observed_covariates_with_non_authorizing_market_price_proxy,missing:trade_job_vacancies
E2P_338997B27A44D934DF02,CMA_835,Edmonton CMA,PR_48,2021-Q2,2021-04-01,2021-06-30,schools_and_postsecondary,86.4,3.473054,4.347826,710749849,148.4,178,4425617,1516.336667,30882.333333,40,34.87,0.00,0.00,0.00,alberta_reconstruction_available,,,,,false,false,false,observed_covariates_with_non_authorizing_market_price_proxy,
E2P_A045C88618FB48072282,CMA_835,Edmonton CMA,PR_48,2021-Q3,2021-07-01,2021-09-30,schools_and_postsecondary,88.7,2.662037,6.86747,708762557,150.7,182.4,4431531,1535.376667,28481,1290,31.36,0.00,0.00,0.00,alberta_reconstruction_available,,,,,false,false,false,observed_covariates_with_non_authorizing_market_price_proxy,
E2P_3B6EBD1F64992C4216C8,CMA_835,Edmonton CMA,PR_48,2021-Q4,2021-10-01,2021-12-31,schools_and_postsecondary,90.8,2.367531,9.529554,674983764,151.6,183.4,4451129,1580.62,35808,1525,30.9625,0.00,0.00,0.00,alberta_reconstruction_available,,,,,false,false,false,observed_covariates_with_non_authorizing_market_price_proxy,
E2P_783D73AAA6A7F81BD999,CMA_835,Edmonton CMA,PR_48,2022-Q1,2022-01-01,2022-03-31,schools_and_postsecondary,92.9,2.312775,11.257485,632121939,154.6,187.266667,4466136,1614.656667,28458.666667,1165,32.5875,0.00,0.00,0.00,alberta_reconstruction_available,,,,,false,false,false,observed_covariates_with_non_authorizing_market_price_proxy,
E2P_6FBD65B9D38C167DCEB7,CMA_835,Edmonton CMA,PR_48,2022-Q2,2022-04-01,2022-06-30,schools_and_postsecondary,95.8,3.121636,10.87963,597530327,159.2,192.033333,4482503,1589.163333,40914.333333,2010,31.42,0.00,0.00,0.00,alberta_reconstruction_available,,,,,false,false,false,observed_covariates_with_non_authorizing_market_price_proxy,
E2P_8D9A7970C94BA9C33145,CMA_835,Edmonton CMA,PR_48,2022-Q3,2022-07-01,2022-09-30,schools_and_postsecondary,97.3,1.565762,9.695603,632399806,160.5,192.9,4512731,1579.76,37499.333333,2375,32.758333,0.00,0.00,0.00,alberta_reconstruction_available,,,,,false,false,false,observed_covariates_with_non_authorizing_market_price_proxy,
E2P_4677DE644DA50125B0D1,CMA_835,Edmonton CMA,PR_48,2022-Q4,2022-10-01,2022-12-31,schools_and_postsecondary,98.1,0.822199,8.039648,648599247,161.4,196.1,4560275,1629.223333,34389,1645,37.516667,0.00,0.00,0.00,alberta_reconstruction_available,,,,,false,false,false,observed_covariates_with_non_authorizing_market_price_proxy,
E2P_12DE23310B4EC348F04A,CMA_835,Edmonton CMA,PR_48,2023-Q1,2023-01-01,2023-03-31,schools_and_postsecondary,99,0.917431,6.5662,632664337,160.766667,194.166667,4596901,1633.073333,27720.666667,1570,36.1,52500.00,90000.00,127500.00,alberta_reconstruction_available,,,,,false,false,false,observed_covariates_with_non_authorizing_market_price_proxy,
E2P_4641CA37FA00C20F2DCA,CMA_835,Edmonton CMA,PR_48,2023-Q2,2023-04-01,2023-06-30,schools_and_postsecondary,99.4,0.40404,3.757829,617329061,164.066667,201.8,4641615,1650.42,29558.666667,935,33.42,230300.00,394800.00,559300.00,alberta_reconstruction_available,,,,,false,false,false,observed_covariates_with_non_authorizing_market_price_proxy,
E2P_19E4A261BBDFE5840000,CMA_835,Edmonton CMA,PR_48,2023-Q3,2023-07-01,2023-09-30,schools_and_postsecondary,100.5,1.10664,3.288798,640641104,166.266667,210.8,4688576,1645.736667,42200.333333,1440,35.425,0.00,0.00,0.00,alberta_reconstruction_available,,,,,false,false,false,observed_covariates_with_non_authorizing_market_price_proxy,
E2P_B69FA187325518A06407,CMA_835,Edmonton CMA,PR_48,2023-Q4,2023-10-01,2023-12-31,schools_and_postsecondary,101.1,0.597015,3.058104,682767283,165.466667,212.133333,4752173,1646.526667,41072.666667,115,38.8,0.00,0.00,0.00,alberta_reconstruction_available,,,,,false,false,false,observed_covariates_with_non_authorizing_market_price_proxy,
E2P_6BFB173440BBD62A4C8A,CMA_835,Edmonton CMA,PR_48,2024-Q1,2024-01-01,2024-03-31,schools_and_postsecondary,103.5,2.373887,4.545455,701431630,166.666667,215.466667,4801806,1643.48,42445.333333,80,37.97,0.00,0.00,0.00,alberta_reconstruction_available,,,,,false,false,false,observed_covariates_with_non_authorizing_market_price_proxy,
E2P_B1D51618EDF19A8DAC8F,CMA_835,Edmonton CMA,PR_48,2024-Q2,2024-04-01,2024-06-30,schools_and_postsecondary,104.7,1.15942,5.331992,718213458,169.033333,217.766667,4857695,1672.583333,45223.333333,350,37.658333,0.00,0.00,0.00,alberta_reconstruction_available,,,,,false,false,false,observed_covariates_with_non_authorizing_market_price_proxy,
E2P_9D39FFCF4621567904EE,CMA_835,Edmonton CMA,PR_48,2024-Q3,2024-07-01,2024-09-30,schools_and_postsecondary,105.6,0.859599,5.074627,758936328,169.933333,219.833333,4909030,1667.873333,46552,820,38.48,0.00,0.00,0.00,alberta_reconstruction_available,,,,,false,false,false,observed_covariates_with_non_authorizing_market_price_proxy,
E2P_47F19E86AB2721728860,CMA_835,Edmonton CMA,PR_48,2024-Q4,2024-10-01,2024-12-31,schools_and_postsecondary,106.2,0.568182,5.04451,789092528,170,223.333333,4957075,1667.3,51862.333333,950,38.2,0.00,0.00,0.00,alberta_reconstruction_available,,,,,false,false,false,observed_covariates_with_non_authorizing_market_price_proxy,
E2P_84927409C32D5A0324AE,CMA_835,Edmonton CMA,PR_48,2025-Q1,2025-01-01,2025-03-31,schools_and_postsecondary,107.1,0.847458,3.478261,801052319,171.166667,224.433333,4988181,1725.94,50801.333333,375,37.97,0.00,0.00,0.00,alberta_reconstruction_available,,,,,false,false,false,observed_covariates_with_non_authorizing_market_price_proxy,
E2P_A1CC34DFE8FA42F9E328,CMA_835,Edmonton CMA,PR_48,2025-Q2,2025-04-01,2025-06-30,schools_and_postsecondary,108.7,1.493931,3.820439,819367764,171.766667,223.866667,5010078,1739.526667,63313.333333,1220,34.27,0.00,0.00,0.00,alberta_reconstruction_available,,,,,false,false,false,observed_covariates_with_non_authorizing_market_price_proxy,
E2P_F567DD00CEFE9131631E,CMA_835,Edmonton CMA,PR_48,2025-Q3,2025-07-01,2025-09-30,schools_and_postsecondary,109.8,1.01196,3.977273,821718345,172.533333,224.133333,5029346,1733.063333,49486,960,37.96,0.00,0.00,0.00,alberta_reconstruction_available,,,,,false,false,false,observed_covariates_with_non_authorizing_market_price_proxy,
E2P_7DD0515F6AA17A69CA55,CMA_835,Edmonton CMA,PR_48,2025-Q4,2025-10-01,2025-12-31,schools_and_postsecondary,109.4,-0.364299,3.013183,819438588,173.3,226.833333,5040871,1691.13,49756.666667,995,38.13,8750.00,15000.00,21250.00,alberta_reconstruction_available,,,,,false,false,false,observed_covariates_with_non_authorizing_market_price_proxy,
E2P_2DBB137A3D2DC24084BD,CMA_835,Edmonton CMA,PR_48,2026-Q1,2026-01-01,2026-03-31,schools_and_postsecondary,109.7,0.274223,2.427638,830479339,174.6,227.366667,5048151,1708.273333,42334.333333,770,38.99,2925000000.00,4225000000.00,5200000000.00,alberta_reconstruction_available,,,,,false,false,false,observed_covariates_with_non_authorizing_market_price_proxy,
E2P_DA42925591EF86BAB70A,CMA_835,Edmonton CMA,PR_48,2026-Q2,2026-04-01,2026-06-30,schools_and_postsecondary,110.8,1.002735,1.931923,869423561,177.7,226.833333,5057077,1703.346667,47587.666667,715,44.775,2925000000.00,4225000000.00,5200000000.00,alberta_reconstruction_available,,,,,false,false,false,observed_covariates_with_non_authorizing_market_price_proxy,
E2P_43386F53162F22D6DCC1,CMA_835,Edmonton CMA,PR_48,2017-Q1,2017-01-01,2017-03-31,government_and_civic_facilities,78.1,,,1017204501,136.833333,164.833333,4215506,1419.383333,25249,,27.075,0.00,0.00,0.00,alberta_reconstruction_available,,,,,false,false,false,observed_covariates_with_non_authorizing_market_price_proxy,missing:trade_job_vacancies
E2P_A1EDF160CB40B9DD589D,CMA_835,Edmonton CMA,PR_48,2017-Q2,2017-04-01,2017-06-30,government_and_civic_facilities,78.2,0.128041,,1069376223,137.166667,163.733333,4224933,1409.616667,29812.666667,50,29.5375,0.00,0.00,0.00,alberta_reconstruction_available,,,,,false,false,false,observed_covariates_with_non_authorizing_market_price_proxy,
E2P_A45DED172FE7FEFC1620,CMA_835,Edmonton CMA,PR_48,2017-Q3,2017-07-01,2017-09-30,government_and_civic_facilities,78.4,0.255754,,1129876025,137.133333,164.3,4237310,1399.32,27445.666667,465,31.525,0.00,0.00,0.00,alberta_reconstruction_available,,,,,false,false,false,observed_covariates_with_non_authorizing_market_price_proxy,
E2P_DA972B168A43354BC388,CMA_835,Edmonton CMA,PR_48,2017-Q4,2017-10-01,2017-12-31,government_and_civic_facilities,78.7,0.382653,,1063358783,137.866667,165.366667,4253530,1460.013333,27518,185,30.9875,0.00,0.00,0.00,alberta_reconstruction_available,,,,,false,false,false,observed_covariates_with_non_authorizing_market_price_proxy,
E2P_D854774FACE03189796B,CMA_835,Edmonton CMA,PR_48,2018-Q1,2018-01-01,2018-03-31,government_and_civic_facilities,79.1,0.508259,1.28041,1002927289,139.5,167.133333,4263957,1456.55,23871.666667,75,29.4,0.00,0.00,0.00,alberta_reconstruction_available,,,,,false,false,false,observed_covariates_with_non_authorizing_market_price_proxy,
E2P_0FE8E60F0D7562FBE847,CMA_835,Edmonton CMA,PR_48,2018-Q2,2018-04-01,2018-06-30,government_and_civic_facilities,79.8,0.884956,2.046036,950139624,140.666667,167.166667,4276444,1460.333333,29159,340,30.175,0.00,0.00,0.00,alberta_reconstruction_available,,,,,false,false,false,observed_covariates_with_non_authorizing_market_price_proxy,
E2P_6B5A903AF0A5147FA1C3,CMA_835,Edmonton CMA,PR_48,2018-Q3,2018-07-01,2018-09-30,government_and_civic_facilities,80.6,1.002506,2.806122,883707490,141.5,168.6,4292556,1445.94,26867.333333,580,33.9375,0.00,0.00,0.00,alberta_reconstruction_available,,,,,false,false,false,observed_covariates_with_non_authorizing_market_price_proxy,
E2P_12D7580AD2DCB8E63FFB,CMA_835,Edmonton CMA,PR_48,2018-Q4,2018-10-01,2018-12-31,government_and_civic_facilities,81.1,0.620347,3.049555,903271340,140.866667,170.366667,4311439,1429.736667,19537,390,32,63000.00,108000.00,153000.00,alberta_reconstruction_available,,,,,false,false,false,observed_covariates_with_non_authorizing_market_price_proxy,
E2P_C8DB4E7BADDB4B38E6C8,CMA_835,Edmonton CMA,PR_48,2019-Q1,2019-01-01,2019-03-31,government_and_civic_facilities,81.7,0.739827,3.286979,906691109,141.866667,172.3,4324254,1434.74,19408,310,30.5375,0.00,0.00,0.00,alberta_reconstruction_available,,,,,false,false,false,observed_covariates_with_non_authorizing_market_price_proxy,
E2P_A55757B2E53C3077FAC0,CMA_835,Edmonton CMA,PR_48,2019-Q2,2019-04-01,2019-06-30,government_and_civic_facilities,81.7,0,2.380952,859158466,143.466667,171.833333,4337569,1456.596667,25471.333333,380,30.9,12250.00,21000.00,29750.00,alberta_reconstruction_available,,,,,false,false,false,observed_covariates_with_non_authorizing_market_price_proxy,
E2P_B9C7FD5A6E8FDDC68650,CMA_835,Edmonton CMA,PR_48,2019-Q3,2019-07-01,2019-09-30,government_and_civic_facilities,82,0.367197,1.736973,834121993,143.3,171,4355377,1466.736667,30032.333333,70,31.5375,0.00,0.00,0.00,alberta_reconstruction_available,,,,,false,false,false,observed_covariates_with_non_authorizing_market_price_proxy,
E2P_D77060290A8BC03C97D0,CMA_835,Edmonton CMA,PR_48,2019-Q4,2019-10-01,2019-12-31,government_and_civic_facilities,82,0,1.109741,877844454,143.633333,174,4376860,1497.083333,28414.666667,65,31.5,0.00,0.00,0.00,alberta_reconstruction_available,,,,,false,false,false,observed_covariates_with_non_authorizing_market_price_proxy,
E2P_F4AE86C957D5ADE6741D,CMA_835,Edmonton CMA,PR_48,2020-Q1,2020-01-01,2020-03-31,government_and_civic_facilities,82.3,0.365854,0.734394,859978873,144.766667,174.466667,4392958,1521.226667,23262,195,35.375,0.00,0.00,0.00,alberta_reconstruction_available,,,,,false,false,false,observed_covariates_with_non_authorizing_market_price_proxy,
E2P_9B5422212E9D52446AA1,CMA_835,Edmonton CMA,PR_48,2020-Q2,2020-04-01,2020-06-30,government_and_civic_facilities,81.9,-0.486027,0.244798,830657340,144.033333,173.733333,4405455,1474.11,18127.333333,,,1400000.00,2400000.00,3400000.00,alberta_reconstruction_available,,,,,false,false,false,observed_covariates_with_non_authorizing_market_price_proxy,missing:trade_job_vacancies|missing:trade_average_offered_wage_cad
E2P_E2EBDBFDF0D2D27B79E0,CMA_835,Edmonton CMA,PR_48,2020-Q3,2020-07-01,2020-09-30,government_and_civic_facilities,81.9,0,-0.121951,771370706,144.7,174.666667,4407495,1525.513333,22500,,,0.00,0.00,0.00,alberta_reconstruction_available,,,,,false,false,false,observed_covariates_with_non_authorizing_market_price_proxy,missing:trade_job_vacancies|missing:trade_average_offered_wage_cad
E2P_04B1CEB67DA63BD11A54,CMA_835,Edmonton CMA,PR_48,2020-Q4,2020-10-01,2020-12-31,government_and_civic_facilities,81.7,-0.2442,-0.365854,711460109,145.133333,175.533333,4412013,1490.933333,29228.333333,50,30.3,0.00,0.00,0.00,alberta_reconstruction_available,,,,,false,false,false,observed_covariates_with_non_authorizing_market_price_proxy,
E2P_6BF9174592DEC7043CBC,CMA_835,Edmonton CMA,PR_48,2021-Q1,2021-01-01,2021-03-31,government_and_civic_facilities,82.2,0.611995,-0.121507,701852246,146.366667,176.866667,4418338,1489.933333,27238.666667,,32.425,0.00,0.00,0.00,alberta_reconstruction_available,,,,,false,false,false,observed_covariates_with_non_authorizing_market_price_proxy,missing:trade_job_vacancies
E2P_3D904FA3405D8840FCDC,CMA_835,Edmonton CMA,PR_48,2021-Q2,2021-04-01,2021-06-30,government_and_civic_facilities,85.4,3.892944,4.273504,710749849,148.4,178,4425617,1516.336667,30882.333333,40,34.87,0.00,0.00,0.00,alberta_reconstruction_available,,,,,false,false,false,observed_covariates_with_non_authorizing_market_price_proxy,
E2P_B31C4DAA93EBDE09D313,CMA_835,Edmonton CMA,PR_48,2021-Q3,2021-07-01,2021-09-30,government_and_civic_facilities,87.8,2.810304,7.203907,708762557,150.7,182.4,4431531,1535.376667,28481,1290,31.36,0.00,0.00,0.00,alberta_reconstruction_available,,,,,false,false,false,observed_covariates_with_non_authorizing_market_price_proxy,
E2P_D5BEBA79FF7DFB501709,CMA_835,Edmonton CMA,PR_48,2021-Q4,2021-10-01,2021-12-31,government_and_civic_facilities,89.8,2.277904,9.914321,674983764,151.6,183.4,4451129,1580.62,35808,1525,30.9625,0.00,0.00,0.00,alberta_reconstruction_available,,,,,false,false,false,observed_covariates_with_non_authorizing_market_price_proxy,
E2P_6CA733DD7518B39309DF,CMA_835,Edmonton CMA,PR_48,2022-Q1,2022-01-01,2022-03-31,government_and_civic_facilities,91.7,2.115813,11.557178,632121939,154.6,187.266667,4466136,1614.656667,28458.666667,1165,32.5875,0.00,0.00,0.00,alberta_reconstruction_available,,,,,false,false,false,observed_covariates_with_non_authorizing_market_price_proxy,
E2P_773380C82337669304F3,CMA_835,Edmonton CMA,PR_48,2022-Q2,2022-04-01,2022-06-30,government_and_civic_facilities,94.6,3.162486,10.772834,597530327,159.2,192.033333,4482503,1589.163333,40914.333333,2010,31.42,0.00,0.00,0.00,alberta_reconstruction_available,,,,,false,false,false,observed_covariates_with_non_authorizing_market_price_proxy,
E2P_CBDF7881E0243317977E,CMA_835,Edmonton CMA,PR_48,2022-Q3,2022-07-01,2022-09-30,government_and_civic_facilities,96.4,1.902748,9.794989,632399806,160.5,192.9,4512731,1579.76,37499.333333,2375,32.758333,0.00,0.00,0.00,alberta_reconstruction_available,,,,,false,false,false,observed_covariates_with_non_authorizing_market_price_proxy,
E2P_676E977A3FB1EE90A49B,CMA_835,Edmonton CMA,PR_48,2022-Q4,2022-10-01,2022-12-31,government_and_civic_facilities,97.5,1.141079,8.57461,648599247,161.4,196.1,4560275,1629.223333,34389,1645,37.516667,0.00,0.00,0.00,alberta_reconstruction_available,,,,,false,false,false,observed_covariates_with_non_authorizing_market_price_proxy,
E2P_4C1BB8BFFBEDCE039EF6,CMA_835,Edmonton CMA,PR_48,2023-Q1,2023-01-01,2023-03-31,government_and_civic_facilities,98.6,1.128205,7.524537,632664337,160.766667,194.166667,4596901,1633.073333,27720.666667,1570,36.1,52500.00,90000.00,127500.00,alberta_reconstruction_available,,,,,false,false,false,observed_covariates_with_non_authorizing_market_price_proxy,
E2P_41B2CCEE3D31540845C0,CMA_835,Edmonton CMA,PR_48,2023-Q2,2023-04-01,2023-06-30,government_and_civic_facilities,99.5,0.912779,5.179704,617329061,164.066667,201.8,4641615,1650.42,29558.666667,935,33.42,230300.00,394800.00,559300.00,alberta_reconstruction_available,,,,,false,false,false,observed_covariates_with_non_authorizing_market_price_proxy,
E2P_4124321169CE0B5D9DDA,CMA_835,Edmonton CMA,PR_48,2023-Q3,2023-07-01,2023-09-30,government_and_civic_facilities,100.6,1.105528,4.356846,640641104,166.266667,210.8,4688576,1645.736667,42200.333333,1440,35.425,0.00,0.00,0.00,alberta_reconstruction_available,,,,,false,false,false,observed_covariates_with_non_authorizing_market_price_proxy,
E2P_723358E726FFC2A85961,CMA_835,Edmonton CMA,PR_48,2023-Q4,2023-10-01,2023-12-31,government_and_civic_facilities,101.4,0.795229,4,682767283,165.466667,212.133333,4752173,1646.526667,41072.666667,115,38.8,0.00,0.00,0.00,alberta_reconstruction_available,,,,,false,false,false,observed_covariates_with_non_authorizing_market_price_proxy,
E2P_F6513AC2D8ED5061C4ED,CMA_835,Edmonton CMA,PR_48,2024-Q1,2024-01-01,2024-03-31,government_and_civic_facilities,103.7,2.268245,5.172414,701431630,166.666667,215.466667,4801806,1643.48,42445.333333,80,37.97,0.00,0.00,0.00,alberta_reconstruction_available,,,,,false,false,false,observed_covariates_with_non_authorizing_market_price_proxy,
E2P_406A88543BAB8CEA0B8F,CMA_835,Edmonton CMA,PR_48,2024-Q2,2024-04-01,2024-06-30,government_and_civic_facilities,104.9,1.157184,5.427136,718213458,169.033333,217.766667,4857695,1672.583333,45223.333333,350,37.658333,0.00,0.00,0.00,alberta_reconstruction_available,,,,,false,false,false,observed_covariates_with_non_authorizing_market_price_proxy,
E2P_BB49989E694F2340B842,CMA_835,Edmonton CMA,PR_48,2024-Q3,2024-07-01,2024-09-30,government_and_civic_facilities,105.9,0.953289,5.26839,758936328,169.933333,219.833333,4909030,1667.873333,46552,820,38.48,0.00,0.00,0.00,alberta_reconstruction_available,,,,,false,false,false,observed_covariates_with_non_authorizing_market_price_proxy,
E2P_F9BC703878A8FDBBFCD0,CMA_835,Edmonton CMA,PR_48,2024-Q4,2024-10-01,2024-12-31,government_and_civic_facilities,106.4,0.472144,4.930966,789092528,170,223.333333,4957075,1667.3,51862.333333,950,38.2,0.00,0.00,0.00,alberta_reconstruction_available,,,,,false,false,false,observed_covariates_with_non_authorizing_market_price_proxy,
E2P_29892D780030B264606A,CMA_835,Edmonton CMA,PR_48,2025-Q1,2025-01-01,2025-03-31,government_and_civic_facilities,107.6,1.12782,3.760849,801052319,171.166667,224.433333,4988181,1725.94,50801.333333,375,37.97,0.00,0.00,0.00,alberta_reconstruction_available,,,,,false,false,false,observed_covariates_with_non_authorizing_market_price_proxy,
E2P_29739363EFCD3A1DC0AB,CMA_835,Edmonton CMA,PR_48,2025-Q2,2025-04-01,2025-06-30,government_and_civic_facilities,109,1.301115,3.908484,819367764,171.766667,223.866667,5010078,1739.526667,63313.333333,1220,34.27,0.00,0.00,0.00,alberta_reconstruction_available,,,,,false,false,false,observed_covariates_with_non_authorizing_market_price_proxy,
E2P_C0A583ED57861D6A9AA7,CMA_835,Edmonton CMA,PR_48,2025-Q3,2025-07-01,2025-09-30,government_and_civic_facilities,110,0.917431,3.871577,821718345,172.533333,224.133333,5029346,1733.063333,49486,960,37.96,0.00,0.00,0.00,alberta_reconstruction_available,,,,,false,false,false,observed_covariates_with_non_authorizing_market_price_proxy,
E2P_6DF93D838FA816381179,CMA_835,Edmonton CMA,PR_48,2025-Q4,2025-10-01,2025-12-31,government_and_civic_facilities,110.5,0.454545,3.853383,819438588,173.3,226.833333,5040871,1691.13,49756.666667,995,38.13,8750.00,15000.00,21250.00,alberta_reconstruction_available,,,,,false,false,false,observed_covariates_with_non_authorizing_market_price_proxy,
E2P_A87723FDD2687B3C9E70,CMA_835,Edmonton CMA,PR_48,2026-Q1,2026-01-01,2026-03-31,government_and_civic_facilities,111.8,1.176471,3.903346,830479339,174.6,227.366667,5048151,1708.273333,42334.333333,770,38.99,2925000000.00,4225000000.00,5200000000.00,alberta_reconstruction_available,,,,,false,false,false,observed_covariates_with_non_authorizing_market_price_proxy,
E2P_FC7E3117585BC648F65E,CMA_835,Edmonton CMA,PR_48,2026-Q2,2026-04-01,2026-06-30,government_and_civic_facilities,113,1.073345,3.669725,869423561,177.7,226.833333,5057077,1703.346667,47587.666667,715,44.775,2925000000.00,4225000000.00,5200000000.00,alberta_reconstruction_available,,,,,false,false,false,observed_covariates_with_non_authorizing_market_price_proxy,
E2P_E8BDD37939B9C91B10F6,CMA_933,Vancouver CMA,PR_59,2017-Q1,2017-01-01,2017-03-31,health_facilities,75.3,,,1024236293,123.766667,117.1,4894147,1148.986667,33326.666667,,27.7125,,,,not_observed_outside_alberta,,,,,false,false,false,observed_covariates_with_non_authorizing_market_price_proxy,missing:trade_job_vacancies
E2P_3AF2C3DE85CB653E01C4,CMA_933,Vancouver CMA,PR_59,2017-Q2,2017-04-01,2017-06-30,health_facilities,76.2,1.195219,,1273490138,124.866667,117.933333,4908971,1135.016667,42199.666667,435,28.733333,,,,not_observed_outside_alberta,,,,,false,false,false,observed_covariates_with_non_authorizing_market_price_proxy,
E2P_BE4BC5B3301BD0F822E9,CMA_933,Vancouver CMA,PR_59,2017-Q3,2017-07-01,2017-09-30,health_facilities,76.9,0.918635,,1306601401,125.733333,119.2,4934202,1131.276667,39545,50,27.1625,,,,not_observed_outside_alberta,,,,,false,false,false,observed_covariates_with_non_authorizing_market_price_proxy,
E2P_5DE9227266DCF8EE68D6,CMA_933,Vancouver CMA,PR_59,2017-Q4,2017-10-01,2017-12-31,health_facilities,77.9,1.30039,,1342585564,125.566667,120.533333,4962706,1167.71,49309,320,27.8625,,,,not_observed_outside_alberta,,,,,false,false,false,observed_covariates_with_non_authorizing_market_price_proxy,
E2P_D6829CA68404F5EC3261,CMA_933,Vancouver CMA,PR_59,2018-Q1,2018-01-01,2018-03-31,health_facilities,78.7,1.026958,4.515272,1393639172,126.833333,121.1,4974712,1175.036667,40358,460,28.2125,,,,not_observed_outside_alberta,,,,,false,false,false,observed_covariates_with_non_authorizing_market_price_proxy,
E2P_1C782DDD6CC03853B941,CMA_933,Vancouver CMA,PR_59,2018-Q2,2018-04-01,2018-06-30,health_facilities,79.6,1.143583,4.461942,1354214899,128.233333,122.166667,4991716,1177.81,37742,560,27.275,,,,not_observed_outside_alberta,,,,,false,false,false,observed_covariates_with_non_authorizing_market_price_proxy,
E2P_F9C4558722711274E12F,CMA_933,Vancouver CMA,PR_59,2018-Q3,2018-07-01,2018-09-30,health_facilities,81.2,2.01005,5.591678,1363015916,129.4,122.766667,5020979,1227.17,37265.333333,705,28.7625,,,,not_observed_outside_alberta,,,,,false,false,false,observed_covariates_with_non_authorizing_market_price_proxy,
E2P_E97497E8991041EF8514,CMA_933,Vancouver CMA,PR_59,2018-Q4,2018-10-01,2018-12-31,health_facilities,82,0.985222,5.263158,1445994332,129.1,123.933333,5052131,1219.416667,38673.666667,495,29,,,,not_observed_outside_alberta,,,,,false,false,false,observed_covariates_with_non_authorizing_market_price_proxy,
E2P_29726B6EBFD7BF018028,CMA_933,Vancouver CMA,PR_59,2019-Q1,2019-01-01,2019-03-31,health_facilities,82.9,1.097561,5.336722,1565161365,129.866667,125.033333,5061132,1204.496667,36051.333333,700,28.05,,,,not_observed_outside_alberta,,,,,false,false,false,observed_covariates_with_non_authorizing_market_price_proxy,
E2P_4AAD35862333D5FEAE3B,CMA_933,Vancouver CMA,PR_59,2019-Q2,2019-04-01,2019-06-30,health_facilities,83,0.120627,4.271357,1777688529,131.633333,125.233333,5080515,1249.663333,54875,565,27.6,,,,not_observed_outside_alberta,,,,,false,false,false,observed_covariates_with_non_authorizing_market_price_proxy,
E2P_40A03F9319116351E2C2,CMA_933,Vancouver CMA,PR_59,2019-Q3,2019-07-01,2019-09-30,health_facilities,83.1,0.120482,2.339901,1966107918,132.2,125.2,5111022,1266.106667,41285,700,28.816667,,,,not_observed_outside_alberta,,,,,false,false,false,observed_covariates_with_non_authorizing_market_price_proxy,
E2P_A03987DE625B417C47C3,CMA_933,Vancouver CMA,PR_59,2019-Q4,2019-10-01,2019-12-31,health_facilities,83.3,0.240674,1.585366,2024263727,131.9,126.066667,5148047,1258.463333,40589.333333,545,27.4,,,,not_observed_outside_alberta,,,,,false,false,false,observed_covariates_with_non_authorizing_market_price_proxy,
E2P_BDD98A6DCEE485F72510,CMA_933,Vancouver CMA,PR_59,2020-Q1,2020-01-01,2020-03-31,health_facilities,83.5,0.240096,0.723764,1884880578,132.433333,126.733333,5157053,1270.963333,30569.333333,730,31.8,,,,not_observed_outside_alberta,,,,,false,false,false,observed_covariates_with_non_authorizing_market_price_proxy,
E2P_D3387095E29CF13F157B,CMA_933,Vancouver CMA,PR_59,2020-Q2,2020-04-01,2020-06-30,health_facilities,83.4,-0.11976,0.481928,1749183043,131.766667,126.366667,5169535,1304.21,33250.333333,,,,,,not_observed_outside_alberta,,,,,false,false,false,observed_covariates_with_non_authorizing_market_price_proxy,missing:trade_job_vacancies|missing:trade_average_offered_wage_cad
E2P_B639F79293F45DE1E59B,CMA_933,Vancouver CMA,PR_59,2020-Q3,2020-07-01,2020-09-30,health_facilities,83.5,0.119904,0.481348,1600400939,132.5,126.666667,5176101,1299.966667,37087.666667,,,,,,not_observed_outside_alberta,,,,,false,false,false,observed_covariates_with_non_authorizing_market_price_proxy,missing:trade_job_vacancies|missing:trade_average_offered_wage_cad
E2P_7D4B27C980CD602CAF43,CMA_933,Vancouver CMA,PR_59,2020-Q4,2020-10-01,2020-12-31,health_facilities,83.3,-0.239521,0,1547512127,133,128.966667,5173896,1333.133333,38725.333333,575,31.733333,,,,not_observed_outside_alberta,,,,,false,false,false,observed_covariates_with_non_authorizing_market_price_proxy,
E2P_88119EA4FD3A6A128357,CMA_933,Vancouver CMA,PR_59,2021-Q1,2021-01-01,2021-03-31,health_facilities,83.8,0.60024,0.359281,1550208264,134.2,129.666667,5180015,1351.88,47593.333333,785,28.8125,,,,not_observed_outside_alberta,,,,,false,false,false,observed_covariates_with_non_authorizing_market_price_proxy,
E2P_9BD631445322626D7AC2,CMA_933,Vancouver CMA,PR_59,2021-Q2,2021-04-01,2021-06-30,health_facilities,85.5,2.02864,2.517986,1524703487,135.366667,131.8,5200393,1344.223333,46422,735,32.3875,,,,not_observed_outside_alberta,,,,,false,false,false,observed_covariates_with_non_authorizing_market_price_proxy,
E2P_2D95593974494F74DB3C,CMA_933,Vancouver CMA,PR_59,2021-Q3,2021-07-01,2021-09-30,health_facilities,87.1,1.871345,4.311377,1487731392,136.966667,133.5,5226665,1373.04,40088.666667,835,28.825,,,,not_observed_outside_alberta,,,,,false,false,false,observed_covariates_with_non_authorizing_market_price_proxy,
E2P_BC62AA9F55DB39AF98F8,CMA_933,Vancouver CMA,PR_59,2021-Q4,2021-10-01,2021-12-31,health_facilities,88.6,1.722158,6.362545,1461214187,138,135.766667,5269491,1384.096667,39863.333333,1045,28.875,,,,not_observed_outside_alberta,,,,,false,false,false,observed_covariates_with_non_authorizing_market_price_proxy,
E2P_0B83797D0C113601484B,CMA_933,Vancouver CMA,PR_59,2022-Q1,2022-01-01,2022-03-31,health_facilities,90.4,2.031603,7.875895,1494081182,140.933333,138.933333,5287664,1432.926667,31954.333333,1440,30.5375,,,,not_observed_outside_alberta,,,,,false,false,false,observed_covariates_with_non_authorizing_market_price_proxy,
E2P_F875B76D38687791708A,CMA_933,Vancouver CMA,PR_59,2022-Q2,2022-04-01,2022-06-30,health_facilities,92.6,2.433628,8.304094,1503505667,145.6,142.5,5313881,1418.8,47162,1145,32.35,,,,not_observed_outside_alberta,,,,,false,false,false,observed_covariates_with_non_authorizing_market_price_proxy,
E2P_5008FE33442570A06A7E,CMA_933,Vancouver CMA,PR_59,2022-Q3,2022-07-01,2022-09-30,health_facilities,94.2,1.727862,8.15155,1545632469,147.466667,143.833333,5358845,1454.656667,46581,,39.07,,,,not_observed_outside_alberta,,,,,false,false,false,observed_covariates_with_non_authorizing_market_price_proxy,missing:trade_job_vacancies
E2P_65A1C793EB6E9A59294A,CMA_933,Vancouver CMA,PR_59,2022-Q4,2022-10-01,2022-12-31,health_facilities,95.3,1.167728,7.562077,1574221162,147.933333,145.766667,5406059,1448.733333,46723.333333,1290,32.6875,,,,not_observed_outside_alberta,,,,,false,false,false,observed_covariates_with_non_authorizing_market_price_proxy,
E2P_1D6940153141B4978740,CMA_933,Vancouver CMA,PR_59,2023-Q1,2023-01-01,2023-03-31,health_facilities,97.4,2.203568,7.743363,1561714944,148.966667,147.5,5432939,1472.9,43538,1110,34.55,,,,not_observed_outside_alberta,,,,,false,false,false,observed_covariates_with_non_authorizing_market_price_proxy,
E2P_1363D1A686E69677B4E6,CMA_933,Vancouver CMA,PR_59,2023-Q2,2023-04-01,2023-06-30,health_facilities,99.3,1.950719,7.235421,1539890642,151,149.5,5466566,1495.29,53712.666667,1155,34.37,,,,not_observed_outside_alberta,,,,,false,false,false,observed_covariates_with_non_authorizing_market_price_proxy,
E2P_15B65B13461701999712,CMA_933,Vancouver CMA,PR_59,2023-Q3,2023-07-01,2023-09-30,health_facilities,100.6,1.309164,6.794055,1593766513,152.466667,151.5,5515296,1499.453333,42738,1545,34.425,,,,not_observed_outside_alberta,,,,,false,false,false,observed_covariates_with_non_authorizing_market_price_proxy,
E2P_B0A0416BAF5B05A7B3A3,CMA_933,Vancouver CMA,PR_59,2023-Q4,2023-10-01,2023-12-31,health_facilities,102.6,1.988072,7.660021,1664892961,152.5,155.233333,5572694,1504.813333,51529,1555,34.95,,,,not_observed_outside_alberta,,,,,false,false,false,observed_covariates_with_non_authorizing_market_price_proxy,
E2P_8644073C7428F7DD6ABF,CMA_933,Vancouver CMA,PR_59,2024-Q1,2024-01-01,2024-03-31,health_facilities,103.3,0.682261,6.057495,1655250294,153.133333,157.233333,5601024,1495.376667,44164,995,33.0625,,,,not_observed_outside_alberta,,,,,false,false,false,observed_covariates_with_non_authorizing_market_price_proxy,
E2P_4B9C956F2A39A61B212A,CMA_933,Vancouver CMA,PR_59,2024-Q2,2024-04-01,2024-06-30,health_facilities,104.9,1.548887,5.639476,1651289303,155.2,159.5,5638043,1507.333333,45369.666667,1415,38.74,,,,not_observed_outside_alberta,,,,,false,false,false,observed_covariates_with_non_authorizing_market_price_proxy,
E2P_16EB1C43CACBFF1BCF48,CMA_933,Vancouver CMA,PR_59,2024-Q3,2024-07-01,2024-09-30,health_facilities,105.8,0.85796,5.168986,1780356777,156.133333,160.733333,5671114,1497.03,39339.333333,1010,37.8375,,,,not_observed_outside_alberta,,,,,false,false,false,observed_covariates_with_non_authorizing_market_price_proxy,
E2P_0F11B074AF2EA3127BF6,CMA_933,Vancouver CMA,PR_59,2024-Q4,2024-10-01,2024-12-31,health_facilities,106.4,0.567108,3.703704,1810068791,156.2,162.966667,5696852,1471.486667,45416.666667,1110,37.9125,,,,not_observed_outside_alberta,,,,,false,false,false,observed_covariates_with_non_authorizing_market_price_proxy,
E2P_0782E7D86D90E013A0D9,CMA_933,Vancouver CMA,PR_59,2025-Q1,2025-01-01,2025-03-31,health_facilities,107.4,0.93985,3.969022,1818068902,157.133333,163.6,5699989,1532.963333,31175.333333,765,42.016667,,,,not_observed_outside_alberta,,,,,false,false,false,observed_covariates_with_non_authorizing_market_price_proxy,
E2P_D7078F0AE92EA36C6529,CMA_933,Vancouver CMA,PR_59,2025-Q2,2025-04-01,2025-06-30,health_facilities,108.8,1.303538,3.717827,1881774645,158.533333,164.233333,5699690,1551.543333,51006.333333,795,37.4875,,,,not_observed_outside_alberta,,,,,false,false,false,observed_covariates_with_non_authorizing_market_price_proxy,
E2P_B1B545A645A918090D87,CMA_933,Vancouver CMA,PR_59,2025-Q3,2025-07-01,2025-09-30,health_facilities,108.7,-0.091912,2.741021,1806509016,158.966667,164.3,5697536,1567.85,44033.666667,510,35.475,,,,not_observed_outside_alberta,,,,,false,false,false,observed_covariates_with_non_authorizing_market_price_proxy,
E2P_D8178D322DAC84263044,CMA_933,Vancouver CMA,PR_59,2025-Q4,2025-10-01,2025-12-31,health_facilities,108.1,-0.551978,1.597744,1846657055,159.2,166.133333,5683201,1574.976667,39833,215,34.925,,,,not_observed_outside_alberta,,,,,false,false,false,observed_covariates_with_non_authorizing_market_price_proxy,
E2P_5FDB04E85743183AABA3,CMA_933,Vancouver CMA,PR_59,2026-Q1,2026-01-01,2026-03-31,health_facilities,108.7,0.555042,1.210428,1964350557,160.366667,166.433333,5658528,1638.453333,40375.666667,,38.5875,,,,not_observed_outside_alberta,,,,,false,false,false,observed_covariates_with_non_authorizing_market_price_proxy,missing:trade_job_vacancies
E2P_27626E72DDB7AAD97664,CMA_933,Vancouver CMA,PR_59,2026-Q2,2026-04-01,2026-06-30,health_facilities,108.8,0.091996,0,2113475334,162.866667,166.566667,5646420,1630.92,41011.333333,470,46.22,,,,not_observed_outside_alberta,,,,,false,false,false,observed_covariates_with_non_authorizing_market_price_proxy,
E2P_921E9B8F345D22FC885C,CMA_933,Vancouver CMA,PR_59,2017-Q1,2017-01-01,2017-03-31,schools_and_postsecondary,75.3,,,1024236293,123.766667,117.1,4894147,1148.986667,33326.666667,,27.7125,,,,not_observed_outside_alberta,,,,,false,false,false,observed_covariates_with_non_authorizing_market_price_proxy,missing:trade_job_vacancies
E2P_CA12FD1BCCD95275B7A5,CMA_933,Vancouver CMA,PR_59,2017-Q2,2017-04-01,2017-06-30,schools_and_postsecondary,76.2,1.195219,,1273490138,124.866667,117.933333,4908971,1135.016667,42199.666667,435,28.733333,,,,not_observed_outside_alberta,,,,,false,false,false,observed_covariates_with_non_authorizing_market_price_proxy,
E2P_0F9CB175BBB5F0EA653F,CMA_933,Vancouver CMA,PR_59,2017-Q3,2017-07-01,2017-09-30,schools_and_postsecondary,76.9,0.918635,,1306601401,125.733333,119.2,4934202,1131.276667,39545,50,27.1625,,,,not_observed_outside_alberta,,,,,false,false,false,observed_covariates_with_non_authorizing_market_price_proxy,
E2P_20C75E6E79249345F83C,CMA_933,Vancouver CMA,PR_59,2017-Q4,2017-10-01,2017-12-31,schools_and_postsecondary,77.9,1.30039,,1342585564,125.566667,120.533333,4962706,1167.71,49309,320,27.8625,,,,not_observed_outside_alberta,,,,,false,false,false,observed_covariates_with_non_authorizing_market_price_proxy,
E2P_5CFFDDFD7664606BDE6F,CMA_933,Vancouver CMA,PR_59,2018-Q1,2018-01-01,2018-03-31,schools_and_postsecondary,78.7,1.026958,4.515272,1393639172,126.833333,121.1,4974712,1175.036667,40358,460,28.2125,,,,not_observed_outside_alberta,,,,,false,false,false,observed_covariates_with_non_authorizing_market_price_proxy,
E2P_AD405199196492E3CB54,CMA_933,Vancouver CMA,PR_59,2018-Q2,2018-04-01,2018-06-30,schools_and_postsecondary,79.6,1.143583,4.461942,1354214899,128.233333,122.166667,4991716,1177.81,37742,560,27.275,,,,not_observed_outside_alberta,,,,,false,false,false,observed_covariates_with_non_authorizing_market_price_proxy,
E2P_6DCC6DB35DE671F7CBEF,CMA_933,Vancouver CMA,PR_59,2018-Q3,2018-07-01,2018-09-30,schools_and_postsecondary,81.2,2.01005,5.591678,1363015916,129.4,122.766667,5020979,1227.17,37265.333333,705,28.7625,,,,not_observed_outside_alberta,,,,,false,false,false,observed_covariates_with_non_authorizing_market_price_proxy,
E2P_8C3EF79460E1758EF446,CMA_933,Vancouver CMA,PR_59,2018-Q4,2018-10-01,2018-12-31,schools_and_postsecondary,82,0.985222,5.263158,1445994332,129.1,123.933333,5052131,1219.416667,38673.666667,495,29,,,,not_observed_outside_alberta,,,,,false,false,false,observed_covariates_with_non_authorizing_market_price_proxy,
E2P_4A692FA25CE2F1AE4390,CMA_933,Vancouver CMA,PR_59,2019-Q1,2019-01-01,2019-03-31,schools_and_postsecondary,82.9,1.097561,5.336722,1565161365,129.866667,125.033333,5061132,1204.496667,36051.333333,700,28.05,,,,not_observed_outside_alberta,,,,,false,false,false,observed_covariates_with_non_authorizing_market_price_proxy,
E2P_C0C73140AFF331235971,CMA_933,Vancouver CMA,PR_59,2019-Q2,2019-04-01,2019-06-30,schools_and_postsecondary,83,0.120627,4.271357,1777688529,131.633333,125.233333,5080515,1249.663333,54875,565,27.6,,,,not_observed_outside_alberta,,,,,false,false,false,observed_covariates_with_non_authorizing_market_price_proxy,
E2P_109F55060610417CEDD2,CMA_933,Vancouver CMA,PR_59,2019-Q3,2019-07-01,2019-09-30,schools_and_postsecondary,83.1,0.120482,2.339901,1966107918,132.2,125.2,5111022,1266.106667,41285,700,28.816667,,,,not_observed_outside_alberta,,,,,false,false,false,observed_covariates_with_non_authorizing_market_price_proxy,
E2P_E2231FC3A6683A207FDB,CMA_933,Vancouver CMA,PR_59,2019-Q4,2019-10-01,2019-12-31,schools_and_postsecondary,83.3,0.240674,1.585366,2024263727,131.9,126.066667,5148047,1258.463333,40589.333333,545,27.4,,,,not_observed_outside_alberta,,,,,false,false,false,observed_covariates_with_non_authorizing_market_price_proxy,
E2P_8141FAE939C88B18C183,CMA_933,Vancouver CMA,PR_59,2020-Q1,2020-01-01,2020-03-31,schools_and_postsecondary,83.5,0.240096,0.723764,1884880578,132.433333,126.733333,5157053,1270.963333,30569.333333,730,31.8,,,,not_observed_outside_alberta,,,,,false,false,false,observed_covariates_with_non_authorizing_market_price_proxy,
E2P_4C7A15169720672D74CB,CMA_933,Vancouver CMA,PR_59,2020-Q2,2020-04-01,2020-06-30,schools_and_postsecondary,83.4,-0.11976,0.481928,1749183043,131.766667,126.366667,5169535,1304.21,33250.333333,,,,,,not_observed_outside_alberta,,,,,false,false,false,observed_covariates_with_non_authorizing_market_price_proxy,missing:trade_job_vacancies|missing:trade_average_offered_wage_cad
E2P_58F8501D78EE93631948,CMA_933,Vancouver CMA,PR_59,2020-Q3,2020-07-01,2020-09-30,schools_and_postsecondary,83.5,0.119904,0.481348,1600400939,132.5,126.666667,5176101,1299.966667,37087.666667,,,,,,not_observed_outside_alberta,,,,,false,false,false,observed_covariates_with_non_authorizing_market_price_proxy,missing:trade_job_vacancies|missing:trade_average_offered_wage_cad
E2P_2BF3A50DD889EB69149E,CMA_933,Vancouver CMA,PR_59,2020-Q4,2020-10-01,2020-12-31,schools_and_postsecondary,83.3,-0.239521,0,1547512127,133,128.966667,5173896,1333.133333,38725.333333,575,31.733333,,,,not_observed_outside_alberta,,,,,false,false,false,observed_covariates_with_non_authorizing_market_price_proxy,
E2P_266807A9B1F041DE1CA1,CMA_933,Vancouver CMA,PR_59,2021-Q1,2021-01-01,2021-03-31,schools_and_postsecondary,83.8,0.60024,0.359281,1550208264,134.2,129.666667,5180015,1351.88,47593.333333,785,28.8125,,,,not_observed_outside_alberta,,,,,false,false,false,observed_covariates_with_non_authorizing_market_price_proxy,
E2P_05675431F82AD323F13A,CMA_933,Vancouver CMA,PR_59,2021-Q2,2021-04-01,2021-06-30,schools_and_postsecondary,85.5,2.02864,2.517986,1524703487,135.366667,131.8,5200393,1344.223333,46422,735,32.3875,,,,not_observed_outside_alberta,,,,,false,false,false,observed_covariates_with_non_authorizing_market_price_proxy,
E2P_D926B4EE49A30F5BC6C3,CMA_933,Vancouver CMA,PR_59,2021-Q3,2021-07-01,2021-09-30,schools_and_postsecondary,87.1,1.871345,4.311377,1487731392,136.966667,133.5,5226665,1373.04,40088.666667,835,28.825,,,,not_observed_outside_alberta,,,,,false,false,false,observed_covariates_with_non_authorizing_market_price_proxy,
E2P_8978151B33DACFB5392A,CMA_933,Vancouver CMA,PR_59,2021-Q4,2021-10-01,2021-12-31,schools_and_postsecondary,88.6,1.722158,6.362545,1461214187,138,135.766667,5269491,1384.096667,39863.333333,1045,28.875,,,,not_observed_outside_alberta,,,,,false,false,false,observed_covariates_with_non_authorizing_market_price_proxy,
E2P_88599FED733C4AD27AE3,CMA_933,Vancouver CMA,PR_59,2022-Q1,2022-01-01,2022-03-31,schools_and_postsecondary,90.4,2.031603,7.875895,1494081182,140.933333,138.933333,5287664,1432.926667,31954.333333,1440,30.5375,,,,not_observed_outside_alberta,,,,,false,false,false,observed_covariates_with_non_authorizing_market_price_proxy,
E2P_9A5C1AA569EDB576723B,CMA_933,Vancouver CMA,PR_59,2022-Q2,2022-04-01,2022-06-30,schools_and_postsecondary,92.6,2.433628,8.304094,1503505667,145.6,142.5,5313881,1418.8,47162,1145,32.35,,,,not_observed_outside_alberta,,,,,false,false,false,observed_covariates_with_non_authorizing_market_price_proxy,
E2P_70240AEC67227DC9F6DB,CMA_933,Vancouver CMA,PR_59,2022-Q3,2022-07-01,2022-09-30,schools_and_postsecondary,94.2,1.727862,8.15155,1545632469,147.466667,143.833333,5358845,1454.656667,46581,,39.07,,,,not_observed_outside_alberta,,,,,false,false,false,observed_covariates_with_non_authorizing_market_price_proxy,missing:trade_job_vacancies
E2P_F17F1CE04E046B80F799,CMA_933,Vancouver CMA,PR_59,2022-Q4,2022-10-01,2022-12-31,schools_and_postsecondary,95.3,1.167728,7.562077,1574221162,147.933333,145.766667,5406059,1448.733333,46723.333333,1290,32.6875,,,,not_observed_outside_alberta,,,,,false,false,false,observed_covariates_with_non_authorizing_market_price_proxy,
E2P_C3E5F9DC144BB7D202D8,CMA_933,Vancouver CMA,PR_59,2023-Q1,2023-01-01,2023-03-31,schools_and_postsecondary,97.4,2.203568,7.743363,1561714944,148.966667,147.5,5432939,1472.9,43538,1110,34.55,,,,not_observed_outside_alberta,,,,,false,false,false,observed_covariates_with_non_authorizing_market_price_proxy,
E2P_195197562AE5A03401D1,CMA_933,Vancouver CMA,PR_59,2023-Q2,2023-04-01,2023-06-30,schools_and_postsecondary,99.3,1.950719,7.235421,1539890642,151,149.5,5466566,1495.29,53712.666667,1155,34.37,,,,not_observed_outside_alberta,,,,,false,false,false,observed_covariates_with_non_authorizing_market_price_proxy,
E2P_6B326926DD885E54BE74,CMA_933,Vancouver CMA,PR_59,2023-Q3,2023-07-01,2023-09-30,schools_and_postsecondary,100.6,1.309164,6.794055,1593766513,152.466667,151.5,5515296,1499.453333,42738,1545,34.425,,,,not_observed_outside_alberta,,,,,false,false,false,observed_covariates_with_non_authorizing_market_price_proxy,
E2P_43EA04508C57AB09E5A0,CMA_933,Vancouver CMA,PR_59,2023-Q4,2023-10-01,2023-12-31,schools_and_postsecondary,102.6,1.988072,7.660021,1664892961,152.5,155.233333,5572694,1504.813333,51529,1555,34.95,,,,not_observed_outside_alberta,,,,,false,false,false,observed_covariates_with_non_authorizing_market_price_proxy,
E2P_AEBDAEBC098BE90197D2,CMA_933,Vancouver CMA,PR_59,2024-Q1,2024-01-01,2024-03-31,schools_and_postsecondary,103.3,0.682261,6.057495,1655250294,153.133333,157.233333,5601024,1495.376667,44164,995,33.0625,,,,not_observed_outside_alberta,,,,,false,false,false,observed_covariates_with_non_authorizing_market_price_proxy,
E2P_4CC5A801FED622E49278,CMA_933,Vancouver CMA,PR_59,2024-Q2,2024-04-01,2024-06-30,schools_and_postsecondary,104.9,1.548887,5.639476,1651289303,155.2,159.5,5638043,1507.333333,45369.666667,1415,38.74,,,,not_observed_outside_alberta,,,,,false,false,false,observed_covariates_with_non_authorizing_market_price_proxy,
E2P_35AFB485705D12EA4EAF,CMA_933,Vancouver CMA,PR_59,2024-Q3,2024-07-01,2024-09-30,schools_and_postsecondary,105.8,0.85796,5.168986,1780356777,156.133333,160.733333,5671114,1497.03,39339.333333,1010,37.8375,,,,not_observed_outside_alberta,,,,,false,false,false,observed_covariates_with_non_authorizing_market_price_proxy,
E2P_7F5B9C3E3A3CBBE2B410,CMA_933,Vancouver CMA,PR_59,2024-Q4,2024-10-01,2024-12-31,schools_and_postsecondary,106.4,0.567108,3.703704,1810068791,156.2,162.966667,5696852,1471.486667,45416.666667,1110,37.9125,,,,not_observed_outside_alberta,,,,,false,false,false,observed_covariates_with_non_authorizing_market_price_proxy,
E2P_1F59AAB3D9108933C4B3,CMA_933,Vancouver CMA,PR_59,2025-Q1,2025-01-01,2025-03-31,schools_and_postsecondary,107.4,0.93985,3.969022,1818068902,157.133333,163.6,5699989,1532.963333,31175.333333,765,42.016667,,,,not_observed_outside_alberta,,,,,false,false,false,observed_covariates_with_non_authorizing_market_price_proxy,
E2P_4AE0101BE9FB4D8B94E3,CMA_933,Vancouver CMA,PR_59,2025-Q2,2025-04-01,2025-06-30,schools_and_postsecondary,108.8,1.303538,3.717827,1881774645,158.533333,164.233333,5699690,1551.543333,51006.333333,795,37.4875,,,,not_observed_outside_alberta,,,,,false,false,false,observed_covariates_with_non_authorizing_market_price_proxy,
E2P_8767355622D43065536F,CMA_933,Vancouver CMA,PR_59,2025-Q3,2025-07-01,2025-09-30,schools_and_postsecondary,108.7,-0.091912,2.741021,1806509016,158.966667,164.3,5697536,1567.85,44033.666667,510,35.475,,,,not_observed_outside_alberta,,,,,false,false,false,observed_covariates_with_non_authorizing_market_price_proxy,
E2P_7D3CF301F225E16F3E73,CMA_933,Vancouver CMA,PR_59,2025-Q4,2025-10-01,2025-12-31,schools_and_postsecondary,108.1,-0.551978,1.597744,1846657055,159.2,166.133333,5683201,1574.976667,39833,215,34.925,,,,not_observed_outside_alberta,,,,,false,false,false,observed_covariates_with_non_authorizing_market_price_proxy,
E2P_BBDA282DA0D66E9585E9,CMA_933,Vancouver CMA,PR_59,2026-Q1,2026-01-01,2026-03-31,schools_and_postsecondary,108.7,0.555042,1.210428,1964350557,160.366667,166.433333,5658528,1638.453333,40375.666667,,38.5875,,,,not_observed_outside_alberta,,,,,false,false,false,observed_covariates_with_non_authorizing_market_price_proxy,missing:trade_job_vacancies
E2P_6A6B39CAD9A9588F18FD,CMA_933,Vancouver CMA,PR_59,2026-Q2,2026-04-01,2026-06-30,schools_and_postsecondary,108.8,0.091996,0,2113475334,162.866667,166.566667,5646420,1630.92,41011.333333,470,46.22,,,,not_observed_outside_alberta,,,,,false,false,false,observed_covariates_with_non_authorizing_market_price_proxy,
E2P_BEB56218FE65D0B36EF6,CMA_933,Vancouver CMA,PR_59,2017-Q1,2017-01-01,2017-03-31,government_and_civic_facilities,72.8,,,1024236293,123.766667,117.1,4894147,1148.986667,33326.666667,,27.7125,,,,not_observed_outside_alberta,,,,,false,false,false,observed_covariates_with_non_authorizing_market_price_proxy,missing:trade_job_vacancies
E2P_E2E2CCBE5E825F445CD7,CMA_933,Vancouver CMA,PR_59,2017-Q2,2017-04-01,2017-06-30,government_and_civic_facilities,73.9,1.510989,,1273490138,124.866667,117.933333,4908971,1135.016667,42199.666667,435,28.733333,,,,not_observed_outside_alberta,,,,,false,false,false,observed_covariates_with_non_authorizing_market_price_proxy,
E2P_FBC67321A005F981A9AF,CMA_933,Vancouver CMA,PR_59,2017-Q3,2017-07-01,2017-09-30,government_and_civic_facilities,74.6,0.947226,,1306601401,125.733333,119.2,4934202,1131.276667,39545,50,27.1625,,,,not_observed_outside_alberta,,,,,false,false,false,observed_covariates_with_non_authorizing_market_price_proxy,
E2P_EDDFFFCDFB49EAF97981,CMA_933,Vancouver CMA,PR_59,2017-Q4,2017-10-01,2017-12-31,government_and_civic_facilities,75.8,1.608579,,1342585564,125.566667,120.533333,4962706,1167.71,49309,320,27.8625,,,,not_observed_outside_alberta,,,,,false,false,false,observed_covariates_with_non_authorizing_market_price_proxy,
E2P_AD7E054AD34F4A286818,CMA_933,Vancouver CMA,PR_59,2018-Q1,2018-01-01,2018-03-31,government_and_civic_facilities,76.7,1.187335,5.357143,1393639172,126.833333,121.1,4974712,1175.036667,40358,460,28.2125,,,,not_observed_outside_alberta,,,,,false,false,false,observed_covariates_with_non_authorizing_market_price_proxy,
E2P_1AD1BAE4F2C09D505798,CMA_933,Vancouver CMA,PR_59,2018-Q2,2018-04-01,2018-06-30,government_and_civic_facilities,77.9,1.564537,5.41272,1354214899,128.233333,122.166667,4991716,1177.81,37742,560,27.275,,,,not_observed_outside_alberta,,,,,false,false,false,observed_covariates_with_non_authorizing_market_price_proxy,
E2P_FC1E4B5D49EFE772C0FA,CMA_933,Vancouver CMA,PR_59,2018-Q3,2018-07-01,2018-09-30,government_and_civic_facilities,79.6,2.182285,6.702413,1363015916,129.4,122.766667,5020979,1227.17,37265.333333,705,28.7625,,,,not_observed_outside_alberta,,,,,false,false,false,observed_covariates_with_non_authorizing_market_price_proxy,
E2P_6ECEA28A2E5C2406BDBC,CMA_933,Vancouver CMA,PR_59,2018-Q4,2018-10-01,2018-12-31,government_and_civic_facilities,80.4,1.005025,6.068602,1445994332,129.1,123.933333,5052131,1219.416667,38673.666667,495,29,,,,not_observed_outside_alberta,,,,,false,false,false,observed_covariates_with_non_authorizing_market_price_proxy,
E2P_C8C8EE50BD4BBFAE6389,CMA_933,Vancouver CMA,PR_59,2019-Q1,2019-01-01,2019-03-31,government_and_civic_facilities,81.4,1.243781,6.127771,1565161365,129.866667,125.033333,5061132,1204.496667,36051.333333,700,28.05,,,,not_observed_outside_alberta,,,,,false,false,false,observed_covariates_with_non_authorizing_market_price_proxy,
E2P_932EA4F55E557E64A62D,CMA_933,Vancouver CMA,PR_59,2019-Q2,2019-04-01,2019-06-30,government_and_civic_facilities,81.6,0.2457,4.749679,1777688529,131.633333,125.233333,5080515,1249.663333,54875,565,27.6,,,,not_observed_outside_alberta,,,,,false,false,false,observed_covariates_with_non_authorizing_market_price_proxy,
E2P_3C9F5879B67C36FCECC9,CMA_933,Vancouver CMA,PR_59,2019-Q3,2019-07-01,2019-09-30,government_and_civic_facilities,81.7,0.122549,2.638191,1966107918,132.2,125.2,5111022,1266.106667,41285,700,28.816667,,,,not_observed_outside_alberta,,,,,false,false,false,observed_covariates_with_non_authorizing_market_price_proxy,
E2P_7274F78BD445F72BC9AB,CMA_933,Vancouver CMA,PR_59,2019-Q4,2019-10-01,2019-12-31,government_and_civic_facilities,81.9,0.244798,1.865672,2024263727,131.9,126.066667,5148047,1258.463333,40589.333333,545,27.4,,,,not_observed_outside_alberta,,,,,false,false,false,observed_covariates_with_non_authorizing_market_price_proxy,
E2P_5C513712172B811DC931,CMA_933,Vancouver CMA,PR_59,2020-Q1,2020-01-01,2020-03-31,government_and_civic_facilities,82.2,0.3663,0.982801,1884880578,132.433333,126.733333,5157053,1270.963333,30569.333333,730,31.8,,,,not_observed_outside_alberta,,,,,false,false,false,observed_covariates_with_non_authorizing_market_price_proxy,
E2P_3848FDCC7D8AB5EE976A,CMA_933,Vancouver CMA,PR_59,2020-Q2,2020-04-01,2020-06-30,government_and_civic_facilities,82.2,0,0.735294,1749183043,131.766667,126.366667,5169535,1304.21,33250.333333,,,,,,not_observed_outside_alberta,,,,,false,false,false,observed_covariates_with_non_authorizing_market_price_proxy,missing:trade_job_vacancies|missing:trade_average_offered_wage_cad
E2P_ACF53BD1A1EBDC38A387,CMA_933,Vancouver CMA,PR_59,2020-Q3,2020-07-01,2020-09-30,government_and_civic_facilities,82.2,0,0.611995,1600400939,132.5,126.666667,5176101,1299.966667,37087.666667,,,,,,not_observed_outside_alberta,,,,,false,false,false,observed_covariates_with_non_authorizing_market_price_proxy,missing:trade_job_vacancies|missing:trade_average_offered_wage_cad
E2P_6046940EB86A50681B0D,CMA_933,Vancouver CMA,PR_59,2020-Q4,2020-10-01,2020-12-31,government_and_civic_facilities,82.1,-0.121655,0.2442,1547512127,133,128.966667,5173896,1333.133333,38725.333333,575,31.733333,,,,not_observed_outside_alberta,,,,,false,false,false,observed_covariates_with_non_authorizing_market_price_proxy,
E2P_0C4E4E4CE0D4B23AC079,CMA_933,Vancouver CMA,PR_59,2021-Q1,2021-01-01,2021-03-31,government_and_civic_facilities,82.5,0.487211,0.364964,1550208264,134.2,129.666667,5180015,1351.88,47593.333333,785,28.8125,,,,not_observed_outside_alberta,,,,,false,false,false,observed_covariates_with_non_authorizing_market_price_proxy,
E2P_425B0E8576616BDE18E0,CMA_933,Vancouver CMA,PR_59,2021-Q2,2021-04-01,2021-06-30,government_and_civic_facilities,84.5,2.424242,2.798054,1524703487,135.366667,131.8,5200393,1344.223333,46422,735,32.3875,,,,not_observed_outside_alberta,,,,,false,false,false,observed_covariates_with_non_authorizing_market_price_proxy,
E2P_F18CFAA02AAF487AE866,CMA_933,Vancouver CMA,PR_59,2021-Q3,2021-07-01,2021-09-30,government_and_civic_facilities,86,1.775148,4.622871,1487731392,136.966667,133.5,5226665,1373.04,40088.666667,835,28.825,,,,not_observed_outside_alberta,,,,,false,false,false,observed_covariates_with_non_authorizing_market_price_proxy,
E2P_C8F672EA50669D87D1D3,CMA_933,Vancouver CMA,PR_59,2021-Q4,2021-10-01,2021-12-31,government_and_civic_facilities,87.6,1.860465,6.699147,1461214187,138,135.766667,5269491,1384.096667,39863.333333,1045,28.875,,,,not_observed_outside_alberta,,,,,false,false,false,observed_covariates_with_non_authorizing_market_price_proxy,
E2P_00554D74995CDD5D5122,CMA_933,Vancouver CMA,PR_59,2022-Q1,2022-01-01,2022-03-31,government_and_civic_facilities,89.5,2.16895,8.484848,1494081182,140.933333,138.933333,5287664,1432.926667,31954.333333,1440,30.5375,,,,not_observed_outside_alberta,,,,,false,false,false,observed_covariates_with_non_authorizing_market_price_proxy,
E2P_C5C477FF92A695348385,CMA_933,Vancouver CMA,PR_59,2022-Q2,2022-04-01,2022-06-30,government_and_civic_facilities,91.9,2.681564,8.757396,1503505667,145.6,142.5,5313881,1418.8,47162,1145,32.35,,,,not_observed_outside_alberta,,,,,false,false,false,observed_covariates_with_non_authorizing_market_price_proxy,
E2P_792F47BE076DD9294B59,CMA_933,Vancouver CMA,PR_59,2022-Q3,2022-07-01,2022-09-30,government_and_civic_facilities,93.5,1.741023,8.72093,1545632469,147.466667,143.833333,5358845,1454.656667,46581,,39.07,,,,not_observed_outside_alberta,,,,,false,false,false,observed_covariates_with_non_authorizing_market_price_proxy,missing:trade_job_vacancies
E2P_FED722B8517DAD0D7966,CMA_933,Vancouver CMA,PR_59,2022-Q4,2022-10-01,2022-12-31,government_and_civic_facilities,94.8,1.390374,8.219178,1574221162,147.933333,145.766667,5406059,1448.733333,46723.333333,1290,32.6875,,,,not_observed_outside_alberta,,,,,false,false,false,observed_covariates_with_non_authorizing_market_price_proxy,
E2P_F93FE782E86D360D87D1,CMA_933,Vancouver CMA,PR_59,2023-Q1,2023-01-01,2023-03-31,government_and_civic_facilities,96.9,2.21519,8.268156,1561714944,148.966667,147.5,5432939,1472.9,43538,1110,34.55,,,,not_observed_outside_alberta,,,,,false,false,false,observed_covariates_with_non_authorizing_market_price_proxy,
E2P_022CB4EF32FB49328B7F,CMA_933,Vancouver CMA,PR_59,2023-Q2,2023-04-01,2023-06-30,government_and_civic_facilities,99.5,2.683179,8.269859,1539890642,151,149.5,5466566,1495.29,53712.666667,1155,34.37,,,,not_observed_outside_alberta,,,,,false,false,false,observed_covariates_with_non_authorizing_market_price_proxy,
E2P_13EFB2230EE8E2148631,CMA_933,Vancouver CMA,PR_59,2023-Q3,2023-07-01,2023-09-30,government_and_civic_facilities,100.8,1.306533,7.807487,1593766513,152.466667,151.5,5515296,1499.453333,42738,1545,34.425,,,,not_observed_outside_alberta,,,,,false,false,false,observed_covariates_with_non_authorizing_market_price_proxy,
E2P_A198B96DE3F6B4ABF260,CMA_933,Vancouver CMA,PR_59,2023-Q4,2023-10-01,2023-12-31,government_and_civic_facilities,102.8,1.984127,8.438819,1664892961,152.5,155.233333,5572694,1504.813333,51529,1555,34.95,,,,not_observed_outside_alberta,,,,,false,false,false,observed_covariates_with_non_authorizing_market_price_proxy,
E2P_270E99D84D0B038BEFD5,CMA_933,Vancouver CMA,PR_59,2024-Q1,2024-01-01,2024-03-31,government_and_civic_facilities,103.5,0.680934,6.811146,1655250294,153.133333,157.233333,5601024,1495.376667,44164,995,33.0625,,,,not_observed_outside_alberta,,,,,false,false,false,observed_covariates_with_non_authorizing_market_price_proxy,
E2P_D2C4180185E2A3245070,CMA_933,Vancouver CMA,PR_59,2024-Q2,2024-04-01,2024-06-30,government_and_civic_facilities,105.1,1.545894,5.628141,1651289303,155.2,159.5,5638043,1507.333333,45369.666667,1415,38.74,,,,not_observed_outside_alberta,,,,,false,false,false,observed_covariates_with_non_authorizing_market_price_proxy,
E2P_01EB4C16612F3A9C41EB,CMA_933,Vancouver CMA,PR_59,2024-Q3,2024-07-01,2024-09-30,government_and_civic_facilities,106.4,1.236917,5.555556,1780356777,156.133333,160.733333,5671114,1497.03,39339.333333,1010,37.8375,,,,not_observed_outside_alberta,,,,,false,false,false,observed_covariates_with_non_authorizing_market_price_proxy,
E2P_7DC13E066C53B713F807,CMA_933,Vancouver CMA,PR_59,2024-Q4,2024-10-01,2024-12-31,government_and_civic_facilities,106.8,0.37594,3.891051,1810068791,156.2,162.966667,5696852,1471.486667,45416.666667,1110,37.9125,,,,not_observed_outside_alberta,,,,,false,false,false,observed_covariates_with_non_authorizing_market_price_proxy,
E2P_57B8B5F53CC92E37368F,CMA_933,Vancouver CMA,PR_59,2025-Q1,2025-01-01,2025-03-31,government_and_civic_facilities,108.3,1.404494,4.637681,1818068902,157.133333,163.6,5699989,1532.963333,31175.333333,765,42.016667,,,,not_observed_outside_alberta,,,,,false,false,false,observed_covariates_with_non_authorizing_market_price_proxy,
E2P_3C4D00B28F9A78A92AAA,CMA_933,Vancouver CMA,PR_59,2025-Q2,2025-04-01,2025-06-30,government_and_civic_facilities,109.4,1.015697,4.091342,1881774645,158.533333,164.233333,5699690,1551.543333,51006.333333,795,37.4875,,,,not_observed_outside_alberta,,,,,false,false,false,observed_covariates_with_non_authorizing_market_price_proxy,
E2P_344A337A37370F7754E8,CMA_933,Vancouver CMA,PR_59,2025-Q3,2025-07-01,2025-09-30,government_and_civic_facilities,109.3,-0.091408,2.725564,1806509016,158.966667,164.3,5697536,1567.85,44033.666667,510,35.475,,,,not_observed_outside_alberta,,,,,false,false,false,observed_covariates_with_non_authorizing_market_price_proxy,
E2P_A8D095928E1D6119EC22,CMA_933,Vancouver CMA,PR_59,2025-Q4,2025-10-01,2025-12-31,government_and_civic_facilities,109.2,-0.091491,2.247191,1846657055,159.2,166.133333,5683201,1574.976667,39833,215,34.925,,,,not_observed_outside_alberta,,,,,false,false,false,observed_covariates_with_non_authorizing_market_price_proxy,
E2P_B331617BC25191E2C716,CMA_933,Vancouver CMA,PR_59,2026-Q1,2026-01-01,2026-03-31,government_and_civic_facilities,109.6,0.3663,1.200369,1964350557,160.366667,166.433333,5658528,1638.453333,40375.666667,,38.5875,,,,not_observed_outside_alberta,,,,,false,false,false,observed_covariates_with_non_authorizing_market_price_proxy,missing:trade_job_vacancies
E2P_ED00A785E013ABED7F4D,CMA_933,Vancouver CMA,PR_59,2026-Q2,2026-04-01,2026-06-30,government_and_civic_facilities,109.7,0.091241,0.274223,2113475334,162.866667,166.566667,5646420,1630.92,41011.333333,470,46.22,,,,not_observed_outside_alberta,,,,,false,false,false,observed_covariates_with_non_authorizing_market_price_proxy,
E2P_18D818377566BEBE8E42,CMA_535,Toronto CMA,PR_35,2017-Q1,2017-01-01,2017-03-31,health_facilities,67.3,,,3005356679,131.133333,140.3,13975516,1188.36,86348.333333,780,30.3125,,,,not_observed_outside_alberta,,,,,false,false,false,observed_covariates_with_non_authorizing_market_price_proxy,
E2P_D7507E03B604B8BD9A24,CMA_535,Toronto CMA,PR_35,2017-Q2,2017-04-01,2017-06-30,health_facilities,68.1,1.188707,,3866208841,132,140.533333,14012209,1168.76,66944,975,25.39,,,,not_observed_outside_alberta,,,,,false,false,false,observed_covariates_with_non_authorizing_market_price_proxy,
E2P_474E388394751A8BB096,CMA_535,Toronto CMA,PR_35,2017-Q3,2017-07-01,2017-09-30,health_facilities,68.5,0.587372,,4206987622,132,139.966667,14078499,1185.94,81169.666667,1455,30.56,,,,not_observed_outside_alberta,,,,,false,false,false,observed_covariates_with_non_authorizing_market_price_proxy,
E2P_071669B4B8D59570963A,CMA_535,Toronto CMA,PR_35,2017-Q4,2017-10-01,2017-12-31,health_facilities,68.7,0.291971,,4319265487,132.333333,140.8,14161084,1212.986667,69531.333333,235,28.275,,,,not_observed_outside_alberta,,,,,false,false,false,observed_covariates_with_non_authorizing_market_price_proxy,
E2P_F54654422FB798C63D05,CMA_535,Toronto CMA,PR_35,2018-Q1,2018-01-01,2018-03-31,health_facilities,69.6,1.310044,3.417533,4380298508,133.933333,141.833333,14199811,1230.976667,84009.333333,920,29.1,,,,not_observed_outside_alberta,,,,,false,false,false,observed_covariates_with_non_authorizing_market_price_proxy,
E2P_3B5B0F399C4FA4BB46B8,CMA_535,Toronto CMA,PR_35,2018-Q2,2018-04-01,2018-06-30,health_facilities,70.8,1.724138,3.964758,4321950214,135,142.133333,14251136,1247.876667,74407.333333,1340,27.88,,,,not_observed_outside_alberta,,,,,false,false,false,observed_covariates_with_non_authorizing_market_price_proxy,
E2P_690BE015676F4513D03D,CMA_535,Toronto CMA,PR_35,2018-Q3,2018-07-01,2018-09-30,health_facilities,71.8,1.412429,4.817518,4233621107,135.7,142.9,14326746,1240.81,67399,1320,28.39,,,,not_observed_outside_alberta,,,,,false,false,false,observed_covariates_with_non_authorizing_market_price_proxy,
E2P_4007BCEC4119B63E3E6C,CMA_535,Toronto CMA,PR_35,2018-Q4,2018-10-01,2018-12-31,health_facilities,72.4,0.835655,5.385735,4081686056,135.233333,143.9,14413055,1252.54,79428.333333,1430,30.775,,,,not_observed_outside_alberta,,,,,false,false,false,observed_covariates_with_non_authorizing_market_price_proxy,
E2P_4E8984613EDF5C50D97B,CMA_535,Toronto CMA,PR_35,2019-Q1,2019-01-01,2019-03-31,health_facilities,72.8,0.552486,4.597701,3874184094,136.066667,145.433333,14449986,1246.01,60837,1330,27.95,,,,not_observed_outside_alberta,,,,,false,false,false,observed_covariates_with_non_authorizing_market_price_proxy,
E2P_2E3E707FD3672B9DB471,CMA_535,Toronto CMA,PR_35,2019-Q2,2019-04-01,2019-06-30,health_facilities,73.3,0.686813,3.531073,3703477887,137.833333,146.633333,14493612,1251.833333,66958,1480,28.25,,,,not_observed_outside_alberta,,,,,false,false,false,observed_covariates_with_non_authorizing_market_price_proxy,
E2P_D0F704146C8D536529E0,CMA_535,Toronto CMA,PR_35,2019-Q3,2019-07-01,2019-09-30,health_facilities,73.8,0.682128,2.785515,3830428348,138.266667,147.333333,14573565,1294.49,78290.666667,1190,29.05,,,,not_observed_outside_alberta,,,,,false,false,false,observed_covariates_with_non_authorizing_market_price_proxy,
E2P_A47124D9A42B64C1CEDA,CMA_535,Toronto CMA,PR_35,2019-Q4,2019-10-01,2019-12-31,health_facilities,74.1,0.406504,2.348066,4013948700,137.8,148.6,14666727,1277.213333,64721.333333,730,29.02,,,,not_observed_outside_alberta,,,,,false,false,false,observed_covariates_with_non_authorizing_market_price_proxy,
E2P_8BF6208FBA9C4C0C729C,CMA_535,Toronto CMA,PR_35,2020-Q1,2020-01-01,2020-03-31,health_facilities,74.7,0.809717,2.60989,4170403697,138.2,149.2,14718155,1271.576667,68705,1300,30.65,,,,not_observed_outside_alberta,,,,,false,false,false,observed_covariates_with_non_authorizing_market_price_proxy,
E2P_42FA077EE1FEB5257C62,CMA_535,Toronto CMA,PR_35,2020-Q2,2020-04-01,2020-06-30,health_facilities,74.9,0.267738,2.18281,3894975934,137.8,148.7,14752374,1311.233333,74840,,,,,,not_observed_outside_alberta,,,,,false,false,false,observed_covariates_with_non_authorizing_market_price_proxy,missing:trade_job_vacancies|missing:trade_average_offered_wage_cad
E2P_98A5593EAC72B6698FA1,CMA_535,Toronto CMA,PR_35,2020-Q3,2020-07-01,2020-09-30,health_facilities,75.6,0.934579,2.439024,4292603775,138.566667,150.066667,14761811,1328.553333,92937.666667,,,,,,not_observed_outside_alberta,,,,,false,false,false,observed_covariates_with_non_authorizing_market_price_proxy,missing:trade_job_vacancies|missing:trade_average_offered_wage_cad
E2P_E48E80CF1DA1BF3E882E,CMA_535,Toronto CMA,PR_35,2020-Q4,2020-10-01,2020-12-31,health_facilities,75.7,0.132275,2.159244,4089876447,138.9,152.3,14757582,1315.62,78963,1570,29.97,,,,not_observed_outside_alberta,,,,,false,false,false,observed_covariates_with_non_authorizing_market_price_proxy,
E2P_7FD0F893D8F816574465,CMA_535,Toronto CMA,PR_35,2021-Q1,2021-01-01,2021-03-31,health_facilities,76.8,1.453104,2.811245,4107217422,140.233333,152.166667,14772726,1358.963333,94027.666667,1215,31.3,,,,not_observed_outside_alberta,,,,,false,false,false,observed_covariates_with_non_authorizing_market_price_proxy,
E2P_5645CED7CBDCD49E47BC,CMA_535,Toronto CMA,PR_35,2021-Q2,2021-04-01,2021-06-30,health_facilities,80.1,4.296875,6.94259,4041557646,142.5,155.733333,14808093,1361.323333,92330.666667,2550,29.991667,,,,not_observed_outside_alberta,,,,,false,false,false,observed_covariates_with_non_authorizing_market_price_proxy,
E2P_57BE9269782EFCF0D752,CMA_535,Toronto CMA,PR_35,2021-Q3,2021-07-01,2021-09-30,health_facilities,83.2,3.870162,10.05291,3886149304,144.066667,157.666667,14842488,1352.89,93255.666667,2020,31.125,,,,not_observed_outside_alberta,,,,,false,false,false,observed_covariates_with_non_authorizing_market_price_proxy,
E2P_1C42499542193D60F1D4,CMA_535,Toronto CMA,PR_35,2021-Q4,2021-10-01,2021-12-31,health_facilities,85.7,3.004808,13.21004,3804469966,145.9,160.6,14947417,1397.053333,90911,2660,32.98,,,,not_observed_outside_alberta,,,,,false,false,false,observed_covariates_with_non_authorizing_market_price_proxy,
E2P_B42396F3C0E7754D4749,CMA_535,Toronto CMA,PR_35,2022-Q1,2022-01-01,2022-03-31,health_facilities,88.6,3.383897,15.364583,3766710715,149,163.133333,14997903,1396.233333,80211,2280,35.37,,,,not_observed_outside_alberta,,,,,false,false,false,observed_covariates_with_non_authorizing_market_price_proxy,
E2P_DADE94914A0FAF21CF28,CMA_535,Toronto CMA,PR_35,2022-Q2,2022-04-01,2022-06-30,health_facilities,92.2,4.063205,15.106117,3744300932,153.233333,167,15051975,1412.616667,85383.666667,3210,35.641667,,,,not_observed_outside_alberta,,,,,false,false,false,observed_covariates_with_non_authorizing_market_price_proxy,
E2P_884D09811F2D6141DDC4,CMA_535,Toronto CMA,PR_35,2022-Q3,2022-07-01,2022-09-30,health_facilities,94.4,2.386117,13.461538,3822532773,154.266667,168.933333,15155836,1437.9,106216.666667,3695,32.55,,,,not_observed_outside_alberta,,,,,false,false,false,observed_covariates_with_non_authorizing_market_price_proxy,
E2P_D79212B724B1FE22B97C,CMA_535,Toronto CMA,PR_35,2022-Q4,2022-10-01,2022-12-31,health_facilities,96.5,2.224576,12.6021,3891125734,155.133333,171.433333,15305369,1443.866667,95945,2565,34.82,,,,not_observed_outside_alberta,,,,,false,false,false,observed_covariates_with_non_authorizing_market_price_proxy,
E2P_98D1E5C0FA0A6ED967A1,CMA_535,Toronto CMA,PR_35,2023-Q1,2023-01-01,2023-03-31,health_facilities,98.1,1.658031,10.722348,3922256175,156.466667,173.233333,15407970,1447.433333,80141,1500,31.48,,,,not_observed_outside_alberta,,,,,false,false,false,observed_covariates_with_non_authorizing_market_price_proxy,
E2P_B2E99F135825B45F891B,CMA_535,Toronto CMA,PR_35,2023-Q2,2023-04-01,2023-06-30,health_facilities,99,0.917431,7.375271,3890492561,158.266667,174.666667,15495050,1460.73,97329.333333,2400,34.8,,,,not_observed_outside_alberta,,,,,false,false,false,observed_covariates_with_non_authorizing_market_price_proxy,
E2P_472F5B7CB308538B8F02,CMA_535,Toronto CMA,PR_35,2023-Q3,2023-07-01,2023-09-30,health_facilities,101.1,2.121212,7.097458,3731764939,159.733333,177.066667,15632481,1470.333333,91573,1785,33.93,,,,not_observed_outside_alberta,,,,,false,false,false,observed_covariates_with_non_authorizing_market_price_proxy,
E2P_FDAF5D999D40AFF4365B,CMA_535,Toronto CMA,PR_35,2023-Q4,2023-10-01,2023-12-31,health_facilities,101.8,0.692384,5.492228,3673804668,160.3,180.433333,15823956,1485.33,75430.333333,2210,38.74,,,,not_observed_outside_alberta,,,,,false,false,false,observed_covariates_with_non_authorizing_market_price_proxy,
E2P_7565A5B563FD14BAE572,CMA_535,Toronto CMA,PR_35,2024-Q1,2024-01-01,2024-03-31,health_facilities,102.7,0.884086,4.689093,3655326657,160.5,182.566667,15946146,1478.216667,78472,2040,39.29,,,,not_observed_outside_alberta,,,,,false,false,false,observed_covariates_with_non_authorizing_market_price_proxy,
E2P_72FEC4A653BDC39D241B,CMA_535,Toronto CMA,PR_35,2024-Q2,2024-04-01,2024-06-30,health_facilities,104.1,1.363194,5.151515,3715191554,162.833333,184.8,16046534,1499.383333,73700.666667,1375,38.983333,,,,not_observed_outside_alberta,,,,,false,false,false,observed_covariates_with_non_authorizing_market_price_proxy,
E2P_8174212FC2AAC31E3B44,CMA_535,Toronto CMA,PR_35,2024-Q3,2024-07-01,2024-09-30,health_facilities,104.6,0.480307,3.461919,3704188255,163.333333,186.3,16144797,1491.54,74481.333333,1685,38.41,,,,not_observed_outside_alberta,,,,,false,false,false,observed_covariates_with_non_authorizing_market_price_proxy,
E2P_A00D3A3CC74E965BCB30,CMA_535,Toronto CMA,PR_35,2024-Q4,2024-10-01,2024-12-31,health_facilities,105.8,1.147228,3.929273,3731610874,163.233333,188.2,16228152,1531.676667,61407.666667,1535,35.86,,,,not_observed_outside_alberta,,,,,false,false,false,observed_covariates_with_non_authorizing_market_price_proxy,
E2P_91CCEF7E2BE50045AD8F,CMA_535,Toronto CMA,PR_35,2025-Q1,2025-01-01,2025-03-31,health_facilities,106.6,0.756144,3.797468,3688192532,164.1,189.633333,16255550,1581.446667,50829,1090,38.12,,,,not_observed_outside_alberta,,,,,false,false,false,observed_covariates_with_non_authorizing_market_price_proxy,
E2P_5F54070F39B209A98A6B,CMA_535,Toronto CMA,PR_35,2025-Q2,2025-04-01,2025-06-30,health_facilities,107.7,1.031895,3.458213,3667654417,165.566667,189.233333,16256538,1587.083333,64438,1180,36.81,,,,not_observed_outside_alberta,,,,,false,false,false,observed_covariates_with_non_authorizing_market_price_proxy,
E2P_2D6BE4FA35A938D00E1A,CMA_535,Toronto CMA,PR_35,2025-Q3,2025-07-01,2025-09-30,health_facilities,108.3,0.557103,3.537285,3787990132,166.2,189.666667,16258260,1591.023333,71005.333333,1620,37.83,,,,not_observed_outside_alberta,,,,,false,false,false,observed_covariates_with_non_authorizing_market_price_proxy,
E2P_DC9997AC25D769858669,CMA_535,Toronto CMA,PR_35,2025-Q4,2025-10-01,2025-12-31,health_facilities,108.2,-0.092336,2.268431,3819106067,166.366667,190.033333,16191372,1572.703333,63332.333333,1560,36.12,,,,not_observed_outside_alberta,,,,,false,false,false,observed_covariates_with_non_authorizing_market_price_proxy,
E2P_503D73C0C0161474C43E,CMA_535,Toronto CMA,PR_35,2026-Q1,2026-01-01,2026-03-31,health_facilities,107.9,-0.277264,1.219512,3912018640,166.933333,189.6,16136480,1595.16,62103.666667,1345,37.05,,,,not_observed_outside_alberta,,,,,false,false,false,observed_covariates_with_non_authorizing_market_price_proxy,
E2P_EB46E567C80BD948DACD,CMA_535,Toronto CMA,PR_35,2026-Q2,2026-04-01,2026-06-30,health_facilities,108.9,0.926784,1.114206,3970166402,169.433333,189.533333,16103890,1624.956667,69415.666667,1325,40.55,,,,not_observed_outside_alberta,,,,,false,false,false,observed_covariates_with_non_authorizing_market_price_proxy,
E2P_5932C46741D2AF7AB986,CMA_535,Toronto CMA,PR_35,2017-Q1,2017-01-01,2017-03-31,schools_and_postsecondary,67.3,,,3005356679,131.133333,140.3,13975516,1188.36,86348.333333,780,30.3125,,,,not_observed_outside_alberta,,,,,false,false,false,observed_covariates_with_non_authorizing_market_price_proxy,
E2P_3238228920B63DAE9076,CMA_535,Toronto CMA,PR_35,2017-Q2,2017-04-01,2017-06-30,schools_and_postsecondary,68.1,1.188707,,3866208841,132,140.533333,14012209,1168.76,66944,975,25.39,,,,not_observed_outside_alberta,,,,,false,false,false,observed_covariates_with_non_authorizing_market_price_proxy,
E2P_A2D64195796876DE780D,CMA_535,Toronto CMA,PR_35,2017-Q3,2017-07-01,2017-09-30,schools_and_postsecondary,68.5,0.587372,,4206987622,132,139.966667,14078499,1185.94,81169.666667,1455,30.56,,,,not_observed_outside_alberta,,,,,false,false,false,observed_covariates_with_non_authorizing_market_price_proxy,
E2P_592DFF790E960CA95384,CMA_535,Toronto CMA,PR_35,2017-Q4,2017-10-01,2017-12-31,schools_and_postsecondary,68.7,0.291971,,4319265487,132.333333,140.8,14161084,1212.986667,69531.333333,235,28.275,,,,not_observed_outside_alberta,,,,,false,false,false,observed_covariates_with_non_authorizing_market_price_proxy,
E2P_6F1ECD6016555D5EA6CA,CMA_535,Toronto CMA,PR_35,2018-Q1,2018-01-01,2018-03-31,schools_and_postsecondary,69.6,1.310044,3.417533,4380298508,133.933333,141.833333,14199811,1230.976667,84009.333333,920,29.1,,,,not_observed_outside_alberta,,,,,false,false,false,observed_covariates_with_non_authorizing_market_price_proxy,
E2P_7318397F152807DD65ED,CMA_535,Toronto CMA,PR_35,2018-Q2,2018-04-01,2018-06-30,schools_and_postsecondary,70.8,1.724138,3.964758,4321950214,135,142.133333,14251136,1247.876667,74407.333333,1340,27.88,,,,not_observed_outside_alberta,,,,,false,false,false,observed_covariates_with_non_authorizing_market_price_proxy,
E2P_E00D4661A9CDA56B7FE1,CMA_535,Toronto CMA,PR_35,2018-Q3,2018-07-01,2018-09-30,schools_and_postsecondary,71.8,1.412429,4.817518,4233621107,135.7,142.9,14326746,1240.81,67399,1320,28.39,,,,not_observed_outside_alberta,,,,,false,false,false,observed_covariates_with_non_authorizing_market_price_proxy,
E2P_6262A4878225BF2E7097,CMA_535,Toronto CMA,PR_35,2018-Q4,2018-10-01,2018-12-31,schools_and_postsecondary,72.4,0.835655,5.385735,4081686056,135.233333,143.9,14413055,1252.54,79428.333333,1430,30.775,,,,not_observed_outside_alberta,,,,,false,false,false,observed_covariates_with_non_authorizing_market_price_proxy,
E2P_2D466C9373301B94273B,CMA_535,Toronto CMA,PR_35,2019-Q1,2019-01-01,2019-03-31,schools_and_postsecondary,72.8,0.552486,4.597701,3874184094,136.066667,145.433333,14449986,1246.01,60837,1330,27.95,,,,not_observed_outside_alberta,,,,,false,false,false,observed_covariates_with_non_authorizing_market_price_proxy,
E2P_F67496DB051499E4D37E,CMA_535,Toronto CMA,PR_35,2019-Q2,2019-04-01,2019-06-30,schools_and_postsecondary,73.3,0.686813,3.531073,3703477887,137.833333,146.633333,14493612,1251.833333,66958,1480,28.25,,,,not_observed_outside_alberta,,,,,false,false,false,observed_covariates_with_non_authorizing_market_price_proxy,
E2P_BBD642452246C2F24DAE,CMA_535,Toronto CMA,PR_35,2019-Q3,2019-07-01,2019-09-30,schools_and_postsecondary,73.8,0.682128,2.785515,3830428348,138.266667,147.333333,14573565,1294.49,78290.666667,1190,29.05,,,,not_observed_outside_alberta,,,,,false,false,false,observed_covariates_with_non_authorizing_market_price_proxy,
E2P_34C3EE3012DE017FD5E4,CMA_535,Toronto CMA,PR_35,2019-Q4,2019-10-01,2019-12-31,schools_and_postsecondary,74.1,0.406504,2.348066,4013948700,137.8,148.6,14666727,1277.213333,64721.333333,730,29.02,,,,not_observed_outside_alberta,,,,,false,false,false,observed_covariates_with_non_authorizing_market_price_proxy,
E2P_CC8172D81070CCEAC255,CMA_535,Toronto CMA,PR_35,2020-Q1,2020-01-01,2020-03-31,schools_and_postsecondary,74.7,0.809717,2.60989,4170403697,138.2,149.2,14718155,1271.576667,68705,1300,30.65,,,,not_observed_outside_alberta,,,,,false,false,false,observed_covariates_with_non_authorizing_market_price_proxy,
E2P_76F89F90C8853EC90887,CMA_535,Toronto CMA,PR_35,2020-Q2,2020-04-01,2020-06-30,schools_and_postsecondary,74.9,0.267738,2.18281,3894975934,137.8,148.7,14752374,1311.233333,74840,,,,,,not_observed_outside_alberta,,,,,false,false,false,observed_covariates_with_non_authorizing_market_price_proxy,missing:trade_job_vacancies|missing:trade_average_offered_wage_cad
E2P_597AE2312F1E01CA790F,CMA_535,Toronto CMA,PR_35,2020-Q3,2020-07-01,2020-09-30,schools_and_postsecondary,75.6,0.934579,2.439024,4292603775,138.566667,150.066667,14761811,1328.553333,92937.666667,,,,,,not_observed_outside_alberta,,,,,false,false,false,observed_covariates_with_non_authorizing_market_price_proxy,missing:trade_job_vacancies|missing:trade_average_offered_wage_cad
E2P_52E6105B1522238049BB,CMA_535,Toronto CMA,PR_35,2020-Q4,2020-10-01,2020-12-31,schools_and_postsecondary,75.7,0.132275,2.159244,4089876447,138.9,152.3,14757582,1315.62,78963,1570,29.97,,,,not_observed_outside_alberta,,,,,false,false,false,observed_covariates_with_non_authorizing_market_price_proxy,
E2P_7BD634ABB6AD63A9F9AB,CMA_535,Toronto CMA,PR_35,2021-Q1,2021-01-01,2021-03-31,schools_and_postsecondary,76.8,1.453104,2.811245,4107217422,140.233333,152.166667,14772726,1358.963333,94027.666667,1215,31.3,,,,not_observed_outside_alberta,,,,,false,false,false,observed_covariates_with_non_authorizing_market_price_proxy,
E2P_74C0F9B0F16A1CE8FBB1,CMA_535,Toronto CMA,PR_35,2021-Q2,2021-04-01,2021-06-30,schools_and_postsecondary,80.1,4.296875,6.94259,4041557646,142.5,155.733333,14808093,1361.323333,92330.666667,2550,29.991667,,,,not_observed_outside_alberta,,,,,false,false,false,observed_covariates_with_non_authorizing_market_price_proxy,
E2P_818ABABFCD43EC33DEBE,CMA_535,Toronto CMA,PR_35,2021-Q3,2021-07-01,2021-09-30,schools_and_postsecondary,83.2,3.870162,10.05291,3886149304,144.066667,157.666667,14842488,1352.89,93255.666667,2020,31.125,,,,not_observed_outside_alberta,,,,,false,false,false,observed_covariates_with_non_authorizing_market_price_proxy,
E2P_C354BFCECE8D2EFBEE10,CMA_535,Toronto CMA,PR_35,2021-Q4,2021-10-01,2021-12-31,schools_and_postsecondary,85.7,3.004808,13.21004,3804469966,145.9,160.6,14947417,1397.053333,90911,2660,32.98,,,,not_observed_outside_alberta,,,,,false,false,false,observed_covariates_with_non_authorizing_market_price_proxy,
E2P_A25AE47235B53694C772,CMA_535,Toronto CMA,PR_35,2022-Q1,2022-01-01,2022-03-31,schools_and_postsecondary,88.6,3.383897,15.364583,3766710715,149,163.133333,14997903,1396.233333,80211,2280,35.37,,,,not_observed_outside_alberta,,,,,false,false,false,observed_covariates_with_non_authorizing_market_price_proxy,
E2P_323864E852705C9FDD64,CMA_535,Toronto CMA,PR_35,2022-Q2,2022-04-01,2022-06-30,schools_and_postsecondary,92.2,4.063205,15.106117,3744300932,153.233333,167,15051975,1412.616667,85383.666667,3210,35.641667,,,,not_observed_outside_alberta,,,,,false,false,false,observed_covariates_with_non_authorizing_market_price_proxy,
E2P_0EA9D81905CAA26DB238,CMA_535,Toronto CMA,PR_35,2022-Q3,2022-07-01,2022-09-30,schools_and_postsecondary,94.4,2.386117,13.461538,3822532773,154.266667,168.933333,15155836,1437.9,106216.666667,3695,32.55,,,,not_observed_outside_alberta,,,,,false,false,false,observed_covariates_with_non_authorizing_market_price_proxy,
E2P_760616AA3E8DAB735331,CMA_535,Toronto CMA,PR_35,2022-Q4,2022-10-01,2022-12-31,schools_and_postsecondary,96.5,2.224576,12.6021,3891125734,155.133333,171.433333,15305369,1443.866667,95945,2565,34.82,,,,not_observed_outside_alberta,,,,,false,false,false,observed_covariates_with_non_authorizing_market_price_proxy,
E2P_7C45F8D692075EE26AAC,CMA_535,Toronto CMA,PR_35,2023-Q1,2023-01-01,2023-03-31,schools_and_postsecondary,98.1,1.658031,10.722348,3922256175,156.466667,173.233333,15407970,1447.433333,80141,1500,31.48,,,,not_observed_outside_alberta,,,,,false,false,false,observed_covariates_with_non_authorizing_market_price_proxy,
E2P_1196800CC279ACA5685F,CMA_535,Toronto CMA,PR_35,2023-Q2,2023-04-01,2023-06-30,schools_and_postsecondary,99,0.917431,7.375271,3890492561,158.266667,174.666667,15495050,1460.73,97329.333333,2400,34.8,,,,not_observed_outside_alberta,,,,,false,false,false,observed_covariates_with_non_authorizing_market_price_proxy,
E2P_48A8936E00E143D06EB1,CMA_535,Toronto CMA,PR_35,2023-Q3,2023-07-01,2023-09-30,schools_and_postsecondary,101.1,2.121212,7.097458,3731764939,159.733333,177.066667,15632481,1470.333333,91573,1785,33.93,,,,not_observed_outside_alberta,,,,,false,false,false,observed_covariates_with_non_authorizing_market_price_proxy,
E2P_BDDDA39EBEC5BBF79937,CMA_535,Toronto CMA,PR_35,2023-Q4,2023-10-01,2023-12-31,schools_and_postsecondary,101.8,0.692384,5.492228,3673804668,160.3,180.433333,15823956,1485.33,75430.333333,2210,38.74,,,,not_observed_outside_alberta,,,,,false,false,false,observed_covariates_with_non_authorizing_market_price_proxy,
E2P_B2E9AEAC13926BB1AFCC,CMA_535,Toronto CMA,PR_35,2024-Q1,2024-01-01,2024-03-31,schools_and_postsecondary,102.7,0.884086,4.689093,3655326657,160.5,182.566667,15946146,1478.216667,78472,2040,39.29,,,,not_observed_outside_alberta,,,,,false,false,false,observed_covariates_with_non_authorizing_market_price_proxy,
E2P_6CF14889B1FA80B1639D,CMA_535,Toronto CMA,PR_35,2024-Q2,2024-04-01,2024-06-30,schools_and_postsecondary,104.1,1.363194,5.151515,3715191554,162.833333,184.8,16046534,1499.383333,73700.666667,1375,38.983333,,,,not_observed_outside_alberta,,,,,false,false,false,observed_covariates_with_non_authorizing_market_price_proxy,
E2P_C25E44EB29F6458C2BC3,CMA_535,Toronto CMA,PR_35,2024-Q3,2024-07-01,2024-09-30,schools_and_postsecondary,104.6,0.480307,3.461919,3704188255,163.333333,186.3,16144797,1491.54,74481.333333,1685,38.41,,,,not_observed_outside_alberta,,,,,false,false,false,observed_covariates_with_non_authorizing_market_price_proxy,
E2P_2E2753606A3CDE85D4B4,CMA_535,Toronto CMA,PR_35,2024-Q4,2024-10-01,2024-12-31,schools_and_postsecondary,105.8,1.147228,3.929273,3731610874,163.233333,188.2,16228152,1531.676667,61407.666667,1535,35.86,,,,not_observed_outside_alberta,,,,,false,false,false,observed_covariates_with_non_authorizing_market_price_proxy,
E2P_07F052711BA73513FF9B,CMA_535,Toronto CMA,PR_35,2025-Q1,2025-01-01,2025-03-31,schools_and_postsecondary,106.6,0.756144,3.797468,3688192532,164.1,189.633333,16255550,1581.446667,50829,1090,38.12,,,,not_observed_outside_alberta,,,,,false,false,false,observed_covariates_with_non_authorizing_market_price_proxy,
E2P_9B46E3790CBD0FD2465E,CMA_535,Toronto CMA,PR_35,2025-Q2,2025-04-01,2025-06-30,schools_and_postsecondary,107.7,1.031895,3.458213,3667654417,165.566667,189.233333,16256538,1587.083333,64438,1180,36.81,,,,not_observed_outside_alberta,,,,,false,false,false,observed_covariates_with_non_authorizing_market_price_proxy,
E2P_F41ED1AFEB4EE4ECDCC6,CMA_535,Toronto CMA,PR_35,2025-Q3,2025-07-01,2025-09-30,schools_and_postsecondary,108.3,0.557103,3.537285,3787990132,166.2,189.666667,16258260,1591.023333,71005.333333,1620,37.83,,,,not_observed_outside_alberta,,,,,false,false,false,observed_covariates_with_non_authorizing_market_price_proxy,
E2P_A03A4A80021DCF2BE9C1,CMA_535,Toronto CMA,PR_35,2025-Q4,2025-10-01,2025-12-31,schools_and_postsecondary,108.2,-0.092336,2.268431,3819106067,166.366667,190.033333,16191372,1572.703333,63332.333333,1560,36.12,,,,not_observed_outside_alberta,,,,,false,false,false,observed_covariates_with_non_authorizing_market_price_proxy,
E2P_BE13FF781100488A6735,CMA_535,Toronto CMA,PR_35,2026-Q1,2026-01-01,2026-03-31,schools_and_postsecondary,107.9,-0.277264,1.219512,3912018640,166.933333,189.6,16136480,1595.16,62103.666667,1345,37.05,,,,not_observed_outside_alberta,,,,,false,false,false,observed_covariates_with_non_authorizing_market_price_proxy,
E2P_821E05C28B97967CF0E6,CMA_535,Toronto CMA,PR_35,2026-Q2,2026-04-01,2026-06-30,schools_and_postsecondary,108.9,0.926784,1.114206,3970166402,169.433333,189.533333,16103890,1624.956667,69415.666667,1325,40.55,,,,not_observed_outside_alberta,,,,,false,false,false,observed_covariates_with_non_authorizing_market_price_proxy,
E2P_59D50A4FB8D0014C088E,CMA_535,Toronto CMA,PR_35,2017-Q1,2017-01-01,2017-03-31,government_and_civic_facilities,65.6,,,3005356679,131.133333,140.3,13975516,1188.36,86348.333333,780,30.3125,,,,not_observed_outside_alberta,,,,,false,false,false,observed_covariates_with_non_authorizing_market_price_proxy,
E2P_E9BA2C35DE46192096D3,CMA_535,Toronto CMA,PR_35,2017-Q2,2017-04-01,2017-06-30,government_and_civic_facilities,66.4,1.219512,,3866208841,132,140.533333,14012209,1168.76,66944,975,25.39,,,,not_observed_outside_alberta,,,,,false,false,false,observed_covariates_with_non_authorizing_market_price_proxy,
E2P_49AF7C1401EB8252B986,CMA_535,Toronto CMA,PR_35,2017-Q3,2017-07-01,2017-09-30,government_and_civic_facilities,66.6,0.301205,,4206987622,132,139.966667,14078499,1185.94,81169.666667,1455,30.56,,,,not_observed_outside_alberta,,,,,false,false,false,observed_covariates_with_non_authorizing_market_price_proxy,
E2P_865835EBC8506C6DF417,CMA_535,Toronto CMA,PR_35,2017-Q4,2017-10-01,2017-12-31,government_and_civic_facilities,66.9,0.45045,,4319265487,132.333333,140.8,14161084,1212.986667,69531.333333,235,28.275,,,,not_observed_outside_alberta,,,,,false,false,false,observed_covariates_with_non_authorizing_market_price_proxy,
E2P_5DD069BA7765751E8FC6,CMA_535,Toronto CMA,PR_35,2018-Q1,2018-01-01,2018-03-31,government_and_civic_facilities,67.9,1.494768,3.506098,4380298508,133.933333,141.833333,14199811,1230.976667,84009.333333,920,29.1,,,,not_observed_outside_alberta,,,,,false,false,false,observed_covariates_with_non_authorizing_market_price_proxy,
E2P_A974B94527E743DC00DF,CMA_535,Toronto CMA,PR_35,2018-Q2,2018-04-01,2018-06-30,government_and_civic_facilities,69.2,1.91458,4.216867,4321950214,135,142.133333,14251136,1247.876667,74407.333333,1340,27.88,,,,not_observed_outside_alberta,,,,,false,false,false,observed_covariates_with_non_authorizing_market_price_proxy,
E2P_E3954AB110FD9088C1F2,CMA_535,Toronto CMA,PR_35,2018-Q3,2018-07-01,2018-09-30,government_and_civic_facilities,70.2,1.445087,5.405405,4233621107,135.7,142.9,14326746,1240.81,67399,1320,28.39,,,,not_observed_outside_alberta,,,,,false,false,false,observed_covariates_with_non_authorizing_market_price_proxy,
E2P_457E2E2C64B1677B5DA6,CMA_535,Toronto CMA,PR_35,2018-Q4,2018-10-01,2018-12-31,government_and_civic_facilities,70.8,0.854701,5.829596,4081686056,135.233333,143.9,14413055,1252.54,79428.333333,1430,30.775,,,,not_observed_outside_alberta,,,,,false,false,false,observed_covariates_with_non_authorizing_market_price_proxy,
E2P_AFA429D513E0C8577028,CMA_535,Toronto CMA,PR_35,2019-Q1,2019-01-01,2019-03-31,government_and_civic_facilities,71.3,0.706215,5.007364,3874184094,136.066667,145.433333,14449986,1246.01,60837,1330,27.95,,,,not_observed_outside_alberta,,,,,false,false,false,observed_covariates_with_non_authorizing_market_price_proxy,
E2P_FA291FCEC68F2C7F2A59,CMA_535,Toronto CMA,PR_35,2019-Q2,2019-04-01,2019-06-30,government_and_civic_facilities,71.9,0.841515,3.901734,3703477887,137.833333,146.633333,14493612,1251.833333,66958,1480,28.25,,,,not_observed_outside_alberta,,,,,false,false,false,observed_covariates_with_non_authorizing_market_price_proxy,
E2P_D4D5FE392B0F2E8E3815,CMA_535,Toronto CMA,PR_35,2019-Q3,2019-07-01,2019-09-30,government_and_civic_facilities,72.6,0.973574,3.418803,3830428348,138.266667,147.333333,14573565,1294.49,78290.666667,1190,29.05,,,,not_observed_outside_alberta,,,,,false,false,false,observed_covariates_with_non_authorizing_market_price_proxy,
E2P_0A01295DB90CC5B4B586,CMA_535,Toronto CMA,PR_35,2019-Q4,2019-10-01,2019-12-31,government_and_civic_facilities,73,0.550964,3.107345,4013948700,137.8,148.6,14666727,1277.213333,64721.333333,730,29.02,,,,not_observed_outside_alberta,,,,,false,false,false,observed_covariates_with_non_authorizing_market_price_proxy,
E2P_DAFA9110E1B990E53C72,CMA_535,Toronto CMA,PR_35,2020-Q1,2020-01-01,2020-03-31,government_and_civic_facilities,73.5,0.684932,3.085554,4170403697,138.2,149.2,14718155,1271.576667,68705,1300,30.65,,,,not_observed_outside_alberta,,,,,false,false,false,observed_covariates_with_non_authorizing_market_price_proxy,
E2P_3E60905B7898290B87AA,CMA_535,Toronto CMA,PR_35,2020-Q2,2020-04-01,2020-06-30,government_and_civic_facilities,73.9,0.544218,2.781641,3894975934,137.8,148.7,14752374,1311.233333,74840,,,,,,not_observed_outside_alberta,,,,,false,false,false,observed_covariates_with_non_authorizing_market_price_proxy,missing:trade_job_vacancies|missing:trade_average_offered_wage_cad
E2P_6E3EA2FB9B8F6F5AD160,CMA_535,Toronto CMA,PR_35,2020-Q3,2020-07-01,2020-09-30,government_and_civic_facilities,74.5,0.811908,2.61708,4292603775,138.566667,150.066667,14761811,1328.553333,92937.666667,,,,,,not_observed_outside_alberta,,,,,false,false,false,observed_covariates_with_non_authorizing_market_price_proxy,missing:trade_job_vacancies|missing:trade_average_offered_wage_cad
E2P_B92D1E3AABD8AD361D38,CMA_535,Toronto CMA,PR_35,2020-Q4,2020-10-01,2020-12-31,government_and_civic_facilities,74.6,0.134228,2.191781,4089876447,138.9,152.3,14757582,1315.62,78963,1570,29.97,,,,not_observed_outside_alberta,,,,,false,false,false,observed_covariates_with_non_authorizing_market_price_proxy,
E2P_49EBAD54B195E044D7F7,CMA_535,Toronto CMA,PR_35,2021-Q1,2021-01-01,2021-03-31,government_and_civic_facilities,75.6,1.340483,2.857143,4107217422,140.233333,152.166667,14772726,1358.963333,94027.666667,1215,31.3,,,,not_observed_outside_alberta,,,,,false,false,false,observed_covariates_with_non_authorizing_market_price_proxy,
E2P_497F33E93FE3E5FC1CF8,CMA_535,Toronto CMA,PR_35,2021-Q2,2021-04-01,2021-06-30,government_and_civic_facilities,79.1,4.62963,7.036536,4041557646,142.5,155.733333,14808093,1361.323333,92330.666667,2550,29.991667,,,,not_observed_outside_alberta,,,,,false,false,false,observed_covariates_with_non_authorizing_market_price_proxy,
E2P_4BBFACFCF6266D6B3891,CMA_535,Toronto CMA,PR_35,2021-Q3,2021-07-01,2021-09-30,government_and_civic_facilities,82.3,4.045512,10.469799,3886149304,144.066667,157.666667,14842488,1352.89,93255.666667,2020,31.125,,,,not_observed_outside_alberta,,,,,false,false,false,observed_covariates_with_non_authorizing_market_price_proxy,
E2P_52DE365B6E14C98D1A9F,CMA_535,Toronto CMA,PR_35,2021-Q4,2021-10-01,2021-12-31,government_and_civic_facilities,85.2,3.523694,14.209115,3804469966,145.9,160.6,14947417,1397.053333,90911,2660,32.98,,,,not_observed_outside_alberta,,,,,false,false,false,observed_covariates_with_non_authorizing_market_price_proxy,
E2P_2703A2D0FA7CAB5972BA,CMA_535,Toronto CMA,PR_35,2022-Q1,2022-01-01,2022-03-31,government_and_civic_facilities,88.3,3.638498,16.798942,3766710715,149,163.133333,14997903,1396.233333,80211,2280,35.37,,,,not_observed_outside_alberta,,,,,false,false,false,observed_covariates_with_non_authorizing_market_price_proxy,
E2P_208E72EBC1FA15287CD8,CMA_535,Toronto CMA,PR_35,2022-Q2,2022-04-01,2022-06-30,government_and_civic_facilities,91.9,4.07701,16.182048,3744300932,153.233333,167,15051975,1412.616667,85383.666667,3210,35.641667,,,,not_observed_outside_alberta,,,,,false,false,false,observed_covariates_with_non_authorizing_market_price_proxy,
E2P_338D30413357EA03FBD4,CMA_535,Toronto CMA,PR_35,2022-Q3,2022-07-01,2022-09-30,government_and_civic_facilities,94.3,2.611534,14.580802,3822532773,154.266667,168.933333,15155836,1437.9,106216.666667,3695,32.55,,,,not_observed_outside_alberta,,,,,false,false,false,observed_covariates_with_non_authorizing_market_price_proxy,
E2P_3BAC2F38B596B5ADCCE4,CMA_535,Toronto CMA,PR_35,2022-Q4,2022-10-01,2022-12-31,government_and_civic_facilities,96.4,2.226935,13.14554,3891125734,155.133333,171.433333,15305369,1443.866667,95945,2565,34.82,,,,not_observed_outside_alberta,,,,,false,false,false,observed_covariates_with_non_authorizing_market_price_proxy,
E2P_34B6C3A005EFCBE0C280,CMA_535,Toronto CMA,PR_35,2023-Q1,2023-01-01,2023-03-31,government_and_civic_facilities,98.1,1.763485,11.098528,3922256175,156.466667,173.233333,15407970,1447.433333,80141,1500,31.48,,,,not_observed_outside_alberta,,,,,false,false,false,observed_covariates_with_non_authorizing_market_price_proxy,
E2P_9E20575B547F4F843FD5,CMA_535,Toronto CMA,PR_35,2023-Q2,2023-04-01,2023-06-30,government_and_civic_facilities,99,0.917431,7.725789,3890492561,158.266667,174.666667,15495050,1460.73,97329.333333,2400,34.8,,,,not_observed_outside_alberta,,,,,false,false,false,observed_covariates_with_non_authorizing_market_price_proxy,
E2P_668E6357C97DEF716E84,CMA_535,Toronto CMA,PR_35,2023-Q3,2023-07-01,2023-09-30,government_and_civic_facilities,101.2,2.222222,7.317073,3731764939,159.733333,177.066667,15632481,1470.333333,91573,1785,33.93,,,,not_observed_outside_alberta,,,,,false,false,false,observed_covariates_with_non_authorizing_market_price_proxy,
E2P_5427FC1CEC7C3AC97651,CMA_535,Toronto CMA,PR_35,2023-Q4,2023-10-01,2023-12-31,government_and_civic_facilities,101.7,0.494071,5.497925,3673804668,160.3,180.433333,15823956,1485.33,75430.333333,2210,38.74,,,,not_observed_outside_alberta,,,,,false,false,false,observed_covariates_with_non_authorizing_market_price_proxy,
E2P_D39643AF9766F5E086EC,CMA_535,Toronto CMA,PR_35,2024-Q1,2024-01-01,2024-03-31,government_and_civic_facilities,102.5,0.786627,4.485219,3655326657,160.5,182.566667,15946146,1478.216667,78472,2040,39.29,,,,not_observed_outside_alberta,,,,,false,false,false,observed_covariates_with_non_authorizing_market_price_proxy,
E2P_DF8C839CB1A9597632F0,CMA_535,Toronto CMA,PR_35,2024-Q2,2024-04-01,2024-06-30,government_and_civic_facilities,103.7,1.170732,4.747475,3715191554,162.833333,184.8,16046534,1499.383333,73700.666667,1375,38.983333,,,,not_observed_outside_alberta,,,,,false,false,false,observed_covariates_with_non_authorizing_market_price_proxy,
E2P_09B1171D2C9A0D7E429B,CMA_535,Toronto CMA,PR_35,2024-Q3,2024-07-01,2024-09-30,government_and_civic_facilities,104,0.289296,2.766798,3704188255,163.333333,186.3,16144797,1491.54,74481.333333,1685,38.41,,,,not_observed_outside_alberta,,,,,false,false,false,observed_covariates_with_non_authorizing_market_price_proxy,
E2P_C1FA7ACCEF68BB72DE54,CMA_535,Toronto CMA,PR_35,2024-Q4,2024-10-01,2024-12-31,government_and_civic_facilities,105.2,1.153846,3.441495,3731610874,163.233333,188.2,16228152,1531.676667,61407.666667,1535,35.86,,,,not_observed_outside_alberta,,,,,false,false,false,observed_covariates_with_non_authorizing_market_price_proxy,
E2P_1A3E468DE8E64D7BA41B,CMA_535,Toronto CMA,PR_35,2025-Q1,2025-01-01,2025-03-31,government_and_civic_facilities,106.3,1.045627,3.707317,3688192532,164.1,189.633333,16255550,1581.446667,50829,1090,38.12,,,,not_observed_outside_alberta,,,,,false,false,false,observed_covariates_with_non_authorizing_market_price_proxy,
E2P_B6229B9BF9FE8F38076B,CMA_535,Toronto CMA,PR_35,2025-Q2,2025-04-01,2025-06-30,government_and_civic_facilities,107.3,0.940734,3.471553,3667654417,165.566667,189.233333,16256538,1587.083333,64438,1180,36.81,,,,not_observed_outside_alberta,,,,,false,false,false,observed_covariates_with_non_authorizing_market_price_proxy,
E2P_E0D63DC2B233AF399CA0,CMA_535,Toronto CMA,PR_35,2025-Q3,2025-07-01,2025-09-30,government_and_civic_facilities,107.8,0.465983,3.653846,3787990132,166.2,189.666667,16258260,1591.023333,71005.333333,1620,37.83,,,,not_observed_outside_alberta,,,,,false,false,false,observed_covariates_with_non_authorizing_market_price_proxy,
E2P_F0F4C5D95B1F74C3B773,CMA_535,Toronto CMA,PR_35,2025-Q4,2025-10-01,2025-12-31,government_and_civic_facilities,108.3,0.463822,2.946768,3819106067,166.366667,190.033333,16191372,1572.703333,63332.333333,1560,36.12,,,,not_observed_outside_alberta,,,,,false,false,false,observed_covariates_with_non_authorizing_market_price_proxy,
E2P_AA2D990526EA73658CB7,CMA_535,Toronto CMA,PR_35,2026-Q1,2026-01-01,2026-03-31,government_and_civic_facilities,108.7,0.369344,2.257761,3912018640,166.933333,189.6,16136480,1595.16,62103.666667,1345,37.05,,,,not_observed_outside_alberta,,,,,false,false,false,observed_covariates_with_non_authorizing_market_price_proxy,
E2P_22049336F47BDE6900DF,CMA_535,Toronto CMA,PR_35,2026-Q2,2026-04-01,2026-06-30,government_and_civic_facilities,109.6,0.827967,2.143523,3970166402,169.433333,189.533333,16103890,1624.956667,69415.666667,1325,40.55,,,,not_observed_outside_alberta,,,,,false,false,false,observed_covariates_with_non_authorizing_market_price_proxy,
E2P_2EA5A0238B1F24881253,CMA_462,Montréal CMA,PR_24,2017-Q1,2017-01-01,2017-03-31,health_facilities,71.7,,,1510255356,126.5,130.933333,8252179,1133.553333,40871.666667,,21.7,,,,not_observed_outside_alberta,,,,,false,false,false,observed_covariates_with_non_authorizing_market_price_proxy,missing:trade_job_vacancies
E2P_E30D6CBD08B7040798A2,CMA_462,Montréal CMA,PR_24,2017-Q2,2017-04-01,2017-06-30,health_facilities,72.5,1.11576,,1851219862,126.933333,130.7,8265839,1135.986667,33523,35,28.233333,,,,not_observed_outside_alberta,,,,,false,false,false,observed_covariates_with_non_authorizing_market_price_proxy,
E2P_8CBCDD7DD9AF76D2D9CE,CMA_462,Montréal CMA,PR_24,2017-Q3,2017-07-01,2017-09-30,health_facilities,73,0.689655,,1987593499,126.833333,130.7,8292832,1158.61,41074.666667,200,27.075,,,,not_observed_outside_alberta,,,,,false,false,false,observed_covariates_with_non_authorizing_market_price_proxy,
E2P_928EBDCF74CCEB5AF11E,CMA_462,Montréal CMA,PR_24,2017-Q4,2017-10-01,2017-12-31,health_facilities,73.6,0.821918,,2098515400,127.466667,131.566667,8326075,1181.653333,46032.666667,85,30.15,,,,not_observed_outside_alberta,,,,,false,false,false,observed_covariates_with_non_authorizing_market_price_proxy,
E2P_386D73630A545638800E,CMA_462,Montréal CMA,PR_24,2018-Q1,2018-01-01,2018-03-31,health_facilities,74.2,0.815217,3.48675,2114283186,128.333333,132.266667,8338883,1179.75,41540,200,30.266667,,,,not_observed_outside_alberta,,,,,false,false,false,observed_covariates_with_non_authorizing_market_price_proxy,
E2P_552C4832925D46520B05,CMA_462,Montréal CMA,PR_24,2018-Q2,2018-04-01,2018-06-30,health_facilities,75,1.078167,3.448276,2114989238,129.233333,132.633333,8354460,1209.023333,42802,65,29.333333,,,,not_observed_outside_alberta,,,,,false,false,false,observed_covariates_with_non_authorizing_market_price_proxy,
E2P_C73C78C21CA7ACC9DDD5,CMA_462,Montréal CMA,PR_24,2018-Q3,2018-07-01,2018-09-30,health_facilities,76.1,1.466667,4.246575,2115481017,129.5,133.266667,8386951,1209.46,33047,300,31.816667,,,,not_observed_outside_alberta,,,,,false,false,false,observed_covariates_with_non_authorizing_market_price_proxy,
E2P_9C48EA2EFE05D667D48C,CMA_462,Montréal CMA,PR_24,2018-Q4,2018-10-01,2018-12-31,health_facilities,77,1.182654,4.619565,2168434004,129.066667,133.633333,8418646,1194.956667,44011.666667,215,29.8,,,,not_observed_outside_alberta,,,,,false,false,false,observed_covariates_with_non_authorizing_market_price_proxy,
E2P_C133DC5347DFBE9CDF6B,CMA_462,Montréal CMA,PR_24,2019-Q1,2019-01-01,2019-03-31,health_facilities,77.5,0.649351,4.447439,2277902345,130.1,134.5,8430363,1229.763333,43668.333333,250,27.99,,,,not_observed_outside_alberta,,,,,false,false,false,observed_covariates_with_non_authorizing_market_price_proxy,
E2P_BF5C4A943AD5BC537E49,CMA_462,Montréal CMA,PR_24,2019-Q2,2019-04-01,2019-06-30,health_facilities,78.3,1.032258,4.4,2399233662,131.966667,134.8,8447632,1224.036667,46521,345,28,,,,not_observed_outside_alberta,,,,,false,false,false,observed_covariates_with_non_authorizing_market_price_proxy,
E2P_D0E8EB08936AEA9F9B5D,CMA_462,Montréal CMA,PR_24,2019-Q3,2019-07-01,2019-09-30,health_facilities,78.8,0.63857,3.547963,2517792023,132.366667,135.833333,8483186,1243.746667,42931,70,33.36,,,,not_observed_outside_alberta,,,,,false,false,false,observed_covariates_with_non_authorizing_market_price_proxy,
E2P_BECA620B835AEB79700C,CMA_462,Montréal CMA,PR_24,2019-Q4,2019-10-01,2019-12-31,health_facilities,79.4,0.761421,3.116883,2634098523,132.4,137.133333,8521542,1247.03,41642,50,34.55,,,,not_observed_outside_alberta,,,,,false,false,false,observed_covariates_with_non_authorizing_market_price_proxy,
E2P_0977DB9F53F8EF95A516,CMA_462,Montréal CMA,PR_24,2020-Q1,2020-01-01,2020-03-31,health_facilities,80,0.755668,3.225806,2585336307,132.766667,137.6,8537376,1251.376667,48932.333333,425,34.79,,,,not_observed_outside_alberta,,,,,false,false,false,observed_covariates_with_non_authorizing_market_price_proxy,
E2P_10DEC6CE9BB684C80C22,CMA_462,Montréal CMA,PR_24,2020-Q2,2020-04-01,2020-06-30,health_facilities,80.4,0.5,2.681992,2117877082,132.133333,137.1,8550900,1204.156667,36490.333333,,,,,,not_observed_outside_alberta,,,,,false,false,false,observed_covariates_with_non_authorizing_market_price_proxy,missing:trade_job_vacancies|missing:trade_average_offered_wage_cad
E2P_A5BC1609F14D6860E0B6,CMA_462,Montréal CMA,PR_24,2020-Q3,2020-07-01,2020-09-30,health_facilities,81.6,1.492537,3.553299,2333295382,132.8,137.5,8551095,1286.5,53940.333333,,,,,,not_observed_outside_alberta,,,,,false,false,false,observed_covariates_with_non_authorizing_market_price_proxy,missing:trade_job_vacancies|missing:trade_average_offered_wage_cad
E2P_8E0D5EB16B103BBE35A0,CMA_462,Montréal CMA,PR_24,2020-Q4,2020-10-01,2020-12-31,health_facilities,81.7,0.122549,2.896725,2032976949,133.333333,138.333333,8551865,1322.523333,52278.333333,445,31.14,,,,not_observed_outside_alberta,,,,,false,false,false,observed_covariates_with_non_authorizing_market_price_proxy,
E2P_8C0DCEA2E65FB2063508,CMA_462,Montréal CMA,PR_24,2021-Q1,2021-01-01,2021-03-31,health_facilities,82.7,1.22399,3.375,2075337569,135,139.1,8550561,1348.933333,73694,945,30.3,,,,not_observed_outside_alberta,,,,,false,false,false,observed_covariates_with_non_authorizing_market_price_proxy,
E2P_13E91F69EC7C72FAE622,CMA_462,Montréal CMA,PR_24,2021-Q2,2021-04-01,2021-06-30,health_facilities,85.6,3.506651,6.467662,2070990178,137.066667,141.4,8556015,1381.486667,57953.333333,1370,29.6,,,,not_observed_outside_alberta,,,,,false,false,false,observed_covariates_with_non_authorizing_market_price_proxy,
E2P_E699F0BA3220B494663E,CMA_462,Montréal CMA,PR_24,2021-Q3,2021-07-01,2021-09-30,health_facilities,87.5,2.219626,7.230392,2090607068,138.8,143.5,8572020,1377.383333,52550.333333,1280,30.2375,,,,not_observed_outside_alberta,,,,,false,false,false,observed_covariates_with_non_authorizing_market_price_proxy,
E2P_156EE136CE78618239B2,CMA_462,Montréal CMA,PR_24,2021-Q4,2021-10-01,2021-12-31,health_facilities,89.3,2.057143,9.302326,2206893638,140.3,144.566667,8604508,1400.666667,50730.333333,1575,30.65,,,,not_observed_outside_alberta,,,,,false,false,false,observed_covariates_with_non_authorizing_market_price_proxy,
E2P_7D0645DB1037DFA484FA,CMA_462,Montréal CMA,PR_24,2022-Q1,2022-01-01,2022-03-31,health_facilities,92.5,3.583427,11.85006,2380603605,142.733333,146.3,8613282,1399.14,57539.333333,1435,30.23,,,,not_observed_outside_alberta,,,,,false,false,false,observed_covariates_with_non_authorizing_market_price_proxy,
E2P_ED16CB134A3510E8CF43,CMA_462,Montréal CMA,PR_24,2022-Q2,2022-04-01,2022-06-30,health_facilities,95.4,3.135135,11.448598,2663178206,147.266667,150.633333,8628480,1397.363333,55517.333333,1720,32.008333,,,,not_observed_outside_alberta,,,,,false,false,false,observed_covariates_with_non_authorizing_market_price_proxy,
E2P_41F1EC8C53F53E0CF996,CMA_462,Montréal CMA,PR_24,2022-Q3,2022-07-01,2022-09-30,health_facilities,97,1.677149,10.857143,2718570356,148.5,151.966667,8669963,1433.08,45347.666667,1935,33.14,,,,not_observed_outside_alberta,,,,,false,false,false,observed_covariates_with_non_authorizing_market_price_proxy,
E2P_DD8C2B34F4A4BA5425E5,CMA_462,Montréal CMA,PR_24,2022-Q4,2022-10-01,2022-12-31,health_facilities,98,1.030928,9.742441,2614193694,149.433333,154.366667,8718914,1434.586667,37964,1810,33.2,,,,not_observed_outside_alberta,,,,,false,false,false,observed_covariates_with_non_authorizing_market_price_proxy,
E2P_FB0EED25AE7247ACDBE6,CMA_462,Montréal CMA,PR_24,2023-Q1,2023-01-01,2023-03-31,health_facilities,99,1.020408,7.027027,2451375187,150.6,155.933333,8742975,1460.566667,33706,1440,33.7,,,,not_observed_outside_alberta,,,,,false,false,false,observed_covariates_with_non_authorizing_market_price_proxy,
E2P_75013150428B43236A30,CMA_462,Montréal CMA,PR_24,2023-Q2,2023-04-01,2023-06-30,health_facilities,99.9,0.909091,4.716981,2348566620,153.366667,158.333333,8772140,1476.95,25560.333333,1595,32.666667,,,,not_observed_outside_alberta,,,,,false,false,false,observed_covariates_with_non_authorizing_market_price_proxy,
E2P_693BD8E0E72E3B243A04,CMA_462,Montréal CMA,PR_24,2023-Q3,2023-07-01,2023-09-30,health_facilities,100.3,0.4004,3.402062,2226726883,155.066667,161.633333,8821696,1497.396667,42682.333333,1575,37.408333,,,,not_observed_outside_alberta,,,,,false,false,false,observed_covariates_with_non_authorizing_market_price_proxy,
E2P_85063E8D91B64F3D8151,CMA_462,Montréal CMA,PR_24,2023-Q4,2023-10-01,2023-12-31,health_facilities,100.8,0.498504,2.857143,2234042543,155.3,165.066667,8882501,1511.28,33453.333333,1250,35.51,,,,not_observed_outside_alberta,,,,,false,false,false,observed_covariates_with_non_authorizing_market_price_proxy,
E2P_3B276F4A56A38A738B89,CMA_462,Montréal CMA,PR_24,2024-Q1,2024-01-01,2024-03-31,health_facilities,101.5,0.694444,2.525253,2226159386,155.666667,167.133333,8909038,1499.206667,36642,1450,35.908333,,,,not_observed_outside_alberta,,,,,false,false,false,observed_covariates_with_non_authorizing_market_price_proxy,
E2P_1689B85AA0D41AB1D7CF,CMA_462,Montréal CMA,PR_24,2024-Q2,2024-04-01,2024-06-30,health_facilities,102.6,1.083744,2.702703,2168325321,157.566667,169.4,8945468,1506.153333,40852.666667,1225,33.83,,,,not_observed_outside_alberta,,,,,false,false,false,observed_covariates_with_non_authorizing_market_price_proxy,
E2P_E2228D8080F12F310B96,CMA_462,Montréal CMA,PR_24,2024-Q3,2024-07-01,2024-09-30,health_facilities,102.9,0.292398,2.592223,2086387296,157.666667,171.6,8995474,1502.296667,40986.666667,1415,36.5,,,,not_observed_outside_alberta,,,,,false,false,false,observed_covariates_with_non_authorizing_market_price_proxy,
E2P_44B608F916896E7E7B2B,CMA_462,Montréal CMA,PR_24,2024-Q4,2024-10-01,2024-12-31,health_facilities,103.7,0.777454,2.876984,1994260265,157.733333,173.766667,9038268,1539.666667,43991,1365,41.1,,,,not_observed_outside_alberta,,,,,false,false,false,observed_covariates_with_non_authorizing_market_price_proxy,
E2P_F50845653E1F990777D0,CMA_462,Montréal CMA,PR_24,2025-Q1,2025-01-01,2025-03-31,health_facilities,104.7,0.96432,3.152709,1896254608,158.633333,175.5,9043463,1586.996667,53833.666667,1310,35.2,,,,not_observed_outside_alberta,,,,,false,false,false,observed_covariates_with_non_authorizing_market_price_proxy,
E2P_35B01C40ADDFEFC9C12F,CMA_462,Montréal CMA,PR_24,2025-Q2,2025-04-01,2025-06-30,health_facilities,107.4,2.578797,4.678363,1773999184,160.766667,177.5,9041123,1603.503333,52265.333333,1650,37.05,,,,not_observed_outside_alberta,,,,,false,false,false,observed_covariates_with_non_authorizing_market_price_proxy,
E2P_CD2DC056B84CFFEE0499,CMA_462,Montréal CMA,PR_24,2025-Q3,2025-07-01,2025-09-30,health_facilities,108.6,1.117318,5.539359,1658119079,162.033333,180.766667,9058297,1607.783333,50296,1295,35.73,,,,not_observed_outside_alberta,,,,,false,false,false,observed_covariates_with_non_authorizing_market_price_proxy,
E2P_262D09E0005451552DFF,CMA_462,Montréal CMA,PR_24,2025-Q4,2025-10-01,2025-12-31,health_facilities,108.4,-0.184162,4.532305,1640658719,162.7,183.4,9058089,1579.37,58976.333333,1095,38.333333,,,,not_observed_outside_alberta,,,,,false,false,false,observed_covariates_with_non_authorizing_market_price_proxy,
E2P_2534333B968AD5D75DEF,CMA_462,Montréal CMA,PR_24,2026-Q1,2026-01-01,2026-03-31,health_facilities,108.6,0.184502,3.724928,1603766306,163.233333,183.633333,9033887,1607.036667,60829,1100,39.9,,,,not_observed_outside_alberta,,,,,false,false,false,observed_covariates_with_non_authorizing_market_price_proxy,
E2P_A7DD93C3EB56D3DBAD1D,CMA_462,Montréal CMA,PR_24,2026-Q2,2026-04-01,2026-06-30,health_facilities,110.7,1.933702,3.072626,1498225997,166.033333,184.433333,9016222,1668.45,53428.666667,1065,38.45,,,,not_observed_outside_alberta,,,,,false,false,false,observed_covariates_with_non_authorizing_market_price_proxy,
E2P_FBB5A0DE3DEA4AB38893,CMA_462,Montréal CMA,PR_24,2017-Q1,2017-01-01,2017-03-31,schools_and_postsecondary,71.7,,,1510255356,126.5,130.933333,8252179,1133.553333,40871.666667,,21.7,,,,not_observed_outside_alberta,,,,,false,false,false,observed_covariates_with_non_authorizing_market_price_proxy,missing:trade_job_vacancies
E2P_F5C8E82F824906CB1EB0,CMA_462,Montréal CMA,PR_24,2017-Q2,2017-04-01,2017-06-30,schools_and_postsecondary,72.5,1.11576,,1851219862,126.933333,130.7,8265839,1135.986667,33523,35,28.233333,,,,not_observed_outside_alberta,,,,,false,false,false,observed_covariates_with_non_authorizing_market_price_proxy,
E2P_BE82E6F57715D4E10F1A,CMA_462,Montréal CMA,PR_24,2017-Q3,2017-07-01,2017-09-30,schools_and_postsecondary,73,0.689655,,1987593499,126.833333,130.7,8292832,1158.61,41074.666667,200,27.075,,,,not_observed_outside_alberta,,,,,false,false,false,observed_covariates_with_non_authorizing_market_price_proxy,
E2P_E8997347F8E0F5D5549C,CMA_462,Montréal CMA,PR_24,2017-Q4,2017-10-01,2017-12-31,schools_and_postsecondary,73.6,0.821918,,2098515400,127.466667,131.566667,8326075,1181.653333,46032.666667,85,30.15,,,,not_observed_outside_alberta,,,,,false,false,false,observed_covariates_with_non_authorizing_market_price_proxy,
E2P_1DC61FCA064BC6C0EC70,CMA_462,Montréal CMA,PR_24,2018-Q1,2018-01-01,2018-03-31,schools_and_postsecondary,74.2,0.815217,3.48675,2114283186,128.333333,132.266667,8338883,1179.75,41540,200,30.266667,,,,not_observed_outside_alberta,,,,,false,false,false,observed_covariates_with_non_authorizing_market_price_proxy,
E2P_761A430D52A6873BE200,CMA_462,Montréal CMA,PR_24,2018-Q2,2018-04-01,2018-06-30,schools_and_postsecondary,75,1.078167,3.448276,2114989238,129.233333,132.633333,8354460,1209.023333,42802,65,29.333333,,,,not_observed_outside_alberta,,,,,false,false,false,observed_covariates_with_non_authorizing_market_price_proxy,
E2P_0DE5C5C0F9B80E1D0F16,CMA_462,Montréal CMA,PR_24,2018-Q3,2018-07-01,2018-09-30,schools_and_postsecondary,76.1,1.466667,4.246575,2115481017,129.5,133.266667,8386951,1209.46,33047,300,31.816667,,,,not_observed_outside_alberta,,,,,false,false,false,observed_covariates_with_non_authorizing_market_price_proxy,
E2P_36EE9A27A0384DF3CDD5,CMA_462,Montréal CMA,PR_24,2018-Q4,2018-10-01,2018-12-31,schools_and_postsecondary,77,1.182654,4.619565,2168434004,129.066667,133.633333,8418646,1194.956667,44011.666667,215,29.8,,,,not_observed_outside_alberta,,,,,false,false,false,observed_covariates_with_non_authorizing_market_price_proxy,
E2P_41E7FB5543FF4152A621,CMA_462,Montréal CMA,PR_24,2019-Q1,2019-01-01,2019-03-31,schools_and_postsecondary,77.5,0.649351,4.447439,2277902345,130.1,134.5,8430363,1229.763333,43668.333333,250,27.99,,,,not_observed_outside_alberta,,,,,false,false,false,observed_covariates_with_non_authorizing_market_price_proxy,
E2P_EDC9BC9BBB579F6F9917,CMA_462,Montréal CMA,PR_24,2019-Q2,2019-04-01,2019-06-30,schools_and_postsecondary,78.3,1.032258,4.4,2399233662,131.966667,134.8,8447632,1224.036667,46521,345,28,,,,not_observed_outside_alberta,,,,,false,false,false,observed_covariates_with_non_authorizing_market_price_proxy,
E2P_CBBE2E453AB07CA87813,CMA_462,Montréal CMA,PR_24,2019-Q3,2019-07-01,2019-09-30,schools_and_postsecondary,78.8,0.63857,3.547963,2517792023,132.366667,135.833333,8483186,1243.746667,42931,70,33.36,,,,not_observed_outside_alberta,,,,,false,false,false,observed_covariates_with_non_authorizing_market_price_proxy,
E2P_DC3523D5190D9EA7603C,CMA_462,Montréal CMA,PR_24,2019-Q4,2019-10-01,2019-12-31,schools_and_postsecondary,79.4,0.761421,3.116883,2634098523,132.4,137.133333,8521542,1247.03,41642,50,34.55,,,,not_observed_outside_alberta,,,,,false,false,false,observed_covariates_with_non_authorizing_market_price_proxy,
E2P_951FE1DE89DF22753E9C,CMA_462,Montréal CMA,PR_24,2020-Q1,2020-01-01,2020-03-31,schools_and_postsecondary,80,0.755668,3.225806,2585336307,132.766667,137.6,8537376,1251.376667,48932.333333,425,34.79,,,,not_observed_outside_alberta,,,,,false,false,false,observed_covariates_with_non_authorizing_market_price_proxy,
E2P_3F0D6F3857F4615CE234,CMA_462,Montréal CMA,PR_24,2020-Q2,2020-04-01,2020-06-30,schools_and_postsecondary,80.4,0.5,2.681992,2117877082,132.133333,137.1,8550900,1204.156667,36490.333333,,,,,,not_observed_outside_alberta,,,,,false,false,false,observed_covariates_with_non_authorizing_market_price_proxy,missing:trade_job_vacancies|missing:trade_average_offered_wage_cad
E2P_DA33F90F4A71A174207B,CMA_462,Montréal CMA,PR_24,2020-Q3,2020-07-01,2020-09-30,schools_and_postsecondary,81.6,1.492537,3.553299,2333295382,132.8,137.5,8551095,1286.5,53940.333333,,,,,,not_observed_outside_alberta,,,,,false,false,false,observed_covariates_with_non_authorizing_market_price_proxy,missing:trade_job_vacancies|missing:trade_average_offered_wage_cad
E2P_56BFCBE5CC11E5775E86,CMA_462,Montréal CMA,PR_24,2020-Q4,2020-10-01,2020-12-31,schools_and_postsecondary,81.7,0.122549,2.896725,2032976949,133.333333,138.333333,8551865,1322.523333,52278.333333,445,31.14,,,,not_observed_outside_alberta,,,,,false,false,false,observed_covariates_with_non_authorizing_market_price_proxy,
E2P_530A1F7583433907DCB9,CMA_462,Montréal CMA,PR_24,2021-Q1,2021-01-01,2021-03-31,schools_and_postsecondary,82.7,1.22399,3.375,2075337569,135,139.1,8550561,1348.933333,73694,945,30.3,,,,not_observed_outside_alberta,,,,,false,false,false,observed_covariates_with_non_authorizing_market_price_proxy,
E2P_89D5FE4FA6ADCB8CBA9B,CMA_462,Montréal CMA,PR_24,2021-Q2,2021-04-01,2021-06-30,schools_and_postsecondary,85.6,3.506651,6.467662,2070990178,137.066667,141.4,8556015,1381.486667,57953.333333,1370,29.6,,,,not_observed_outside_alberta,,,,,false,false,false,observed_covariates_with_non_authorizing_market_price_proxy,
E2P_690D42B753FD17724ACB,CMA_462,Montréal CMA,PR_24,2021-Q3,2021-07-01,2021-09-30,schools_and_postsecondary,87.5,2.219626,7.230392,2090607068,138.8,143.5,8572020,1377.383333,52550.333333,1280,30.2375,,,,not_observed_outside_alberta,,,,,false,false,false,observed_covariates_with_non_authorizing_market_price_proxy,
E2P_D092BDAC9369499BDBD3,CMA_462,Montréal CMA,PR_24,2021-Q4,2021-10-01,2021-12-31,schools_and_postsecondary,89.3,2.057143,9.302326,2206893638,140.3,144.566667,8604508,1400.666667,50730.333333,1575,30.65,,,,not_observed_outside_alberta,,,,,false,false,false,observed_covariates_with_non_authorizing_market_price_proxy,
E2P_DB2C0C3CC03F615B6759,CMA_462,Montréal CMA,PR_24,2022-Q1,2022-01-01,2022-03-31,schools_and_postsecondary,92.5,3.583427,11.85006,2380603605,142.733333,146.3,8613282,1399.14,57539.333333,1435,30.23,,,,not_observed_outside_alberta,,,,,false,false,false,observed_covariates_with_non_authorizing_market_price_proxy,
E2P_252B017DD38202AC2117,CMA_462,Montréal CMA,PR_24,2022-Q2,2022-04-01,2022-06-30,schools_and_postsecondary,95.4,3.135135,11.448598,2663178206,147.266667,150.633333,8628480,1397.363333,55517.333333,1720,32.008333,,,,not_observed_outside_alberta,,,,,false,false,false,observed_covariates_with_non_authorizing_market_price_proxy,
E2P_B8D8FBB39EE345C91BDD,CMA_462,Montréal CMA,PR_24,2022-Q3,2022-07-01,2022-09-30,schools_and_postsecondary,97,1.677149,10.857143,2718570356,148.5,151.966667,8669963,1433.08,45347.666667,1935,33.14,,,,not_observed_outside_alberta,,,,,false,false,false,observed_covariates_with_non_authorizing_market_price_proxy,
E2P_ED3565F061A608545A49,CMA_462,Montréal CMA,PR_24,2022-Q4,2022-10-01,2022-12-31,schools_and_postsecondary,98,1.030928,9.742441,2614193694,149.433333,154.366667,8718914,1434.586667,37964,1810,33.2,,,,not_observed_outside_alberta,,,,,false,false,false,observed_covariates_with_non_authorizing_market_price_proxy,
E2P_8ADAEB8CCD3656DD6C86,CMA_462,Montréal CMA,PR_24,2023-Q1,2023-01-01,2023-03-31,schools_and_postsecondary,99,1.020408,7.027027,2451375187,150.6,155.933333,8742975,1460.566667,33706,1440,33.7,,,,not_observed_outside_alberta,,,,,false,false,false,observed_covariates_with_non_authorizing_market_price_proxy,
E2P_88F6E0054B1522090A9F,CMA_462,Montréal CMA,PR_24,2023-Q2,2023-04-01,2023-06-30,schools_and_postsecondary,99.9,0.909091,4.716981,2348566620,153.366667,158.333333,8772140,1476.95,25560.333333,1595,32.666667,,,,not_observed_outside_alberta,,,,,false,false,false,observed_covariates_with_non_authorizing_market_price_proxy,
E2P_CBAC0EDE40DA0B711CEB,CMA_462,Montréal CMA,PR_24,2023-Q3,2023-07-01,2023-09-30,schools_and_postsecondary,100.3,0.4004,3.402062,2226726883,155.066667,161.633333,8821696,1497.396667,42682.333333,1575,37.408333,,,,not_observed_outside_alberta,,,,,false,false,false,observed_covariates_with_non_authorizing_market_price_proxy,
E2P_5483F399526FF1DC279F,CMA_462,Montréal CMA,PR_24,2023-Q4,2023-10-01,2023-12-31,schools_and_postsecondary,100.8,0.498504,2.857143,2234042543,155.3,165.066667,8882501,1511.28,33453.333333,1250,35.51,,,,not_observed_outside_alberta,,,,,false,false,false,observed_covariates_with_non_authorizing_market_price_proxy,
E2P_7EE774DE6FC5D4B0D3EE,CMA_462,Montréal CMA,PR_24,2024-Q1,2024-01-01,2024-03-31,schools_and_postsecondary,101.5,0.694444,2.525253,2226159386,155.666667,167.133333,8909038,1499.206667,36642,1450,35.908333,,,,not_observed_outside_alberta,,,,,false,false,false,observed_covariates_with_non_authorizing_market_price_proxy,
E2P_AA8F296D6BB34EC04D80,CMA_462,Montréal CMA,PR_24,2024-Q2,2024-04-01,2024-06-30,schools_and_postsecondary,102.6,1.083744,2.702703,2168325321,157.566667,169.4,8945468,1506.153333,40852.666667,1225,33.83,,,,not_observed_outside_alberta,,,,,false,false,false,observed_covariates_with_non_authorizing_market_price_proxy,
E2P_A96D88A3C650319D0490,CMA_462,Montréal CMA,PR_24,2024-Q3,2024-07-01,2024-09-30,schools_and_postsecondary,102.9,0.292398,2.592223,2086387296,157.666667,171.6,8995474,1502.296667,40986.666667,1415,36.5,,,,not_observed_outside_alberta,,,,,false,false,false,observed_covariates_with_non_authorizing_market_price_proxy,
E2P_2CFD1520871F21929472,CMA_462,Montréal CMA,PR_24,2024-Q4,2024-10-01,2024-12-31,schools_and_postsecondary,103.7,0.777454,2.876984,1994260265,157.733333,173.766667,9038268,1539.666667,43991,1365,41.1,,,,not_observed_outside_alberta,,,,,false,false,false,observed_covariates_with_non_authorizing_market_price_proxy,
E2P_0FA5EFABBC64041B54D3,CMA_462,Montréal CMA,PR_24,2025-Q1,2025-01-01,2025-03-31,schools_and_postsecondary,104.7,0.96432,3.152709,1896254608,158.633333,175.5,9043463,1586.996667,53833.666667,1310,35.2,,,,not_observed_outside_alberta,,,,,false,false,false,observed_covariates_with_non_authorizing_market_price_proxy,
E2P_F9619C4767D5DD2DB7B8,CMA_462,Montréal CMA,PR_24,2025-Q2,2025-04-01,2025-06-30,schools_and_postsecondary,107.4,2.578797,4.678363,1773999184,160.766667,177.5,9041123,1603.503333,52265.333333,1650,37.05,,,,not_observed_outside_alberta,,,,,false,false,false,observed_covariates_with_non_authorizing_market_price_proxy,
E2P_B3A43843774A36DC45E4,CMA_462,Montréal CMA,PR_24,2025-Q3,2025-07-01,2025-09-30,schools_and_postsecondary,108.6,1.117318,5.539359,1658119079,162.033333,180.766667,9058297,1607.783333,50296,1295,35.73,,,,not_observed_outside_alberta,,,,,false,false,false,observed_covariates_with_non_authorizing_market_price_proxy,
E2P_DC5896EFD54915F19CD0,CMA_462,Montréal CMA,PR_24,2025-Q4,2025-10-01,2025-12-31,schools_and_postsecondary,108.4,-0.184162,4.532305,1640658719,162.7,183.4,9058089,1579.37,58976.333333,1095,38.333333,,,,not_observed_outside_alberta,,,,,false,false,false,observed_covariates_with_non_authorizing_market_price_proxy,
E2P_27EB50F72B7BD69BF01A,CMA_462,Montréal CMA,PR_24,2026-Q1,2026-01-01,2026-03-31,schools_and_postsecondary,108.6,0.184502,3.724928,1603766306,163.233333,183.633333,9033887,1607.036667,60829,1100,39.9,,,,not_observed_outside_alberta,,,,,false,false,false,observed_covariates_with_non_authorizing_market_price_proxy,
E2P_A82260073E07877ADB24,CMA_462,Montréal CMA,PR_24,2026-Q2,2026-04-01,2026-06-30,schools_and_postsecondary,110.7,1.933702,3.072626,1498225997,166.033333,184.433333,9016222,1668.45,53428.666667,1065,38.45,,,,not_observed_outside_alberta,,,,,false,false,false,observed_covariates_with_non_authorizing_market_price_proxy,
E2P_50C0ACE1F1BF383AD05A,CMA_462,Montréal CMA,PR_24,2017-Q1,2017-01-01,2017-03-31,government_and_civic_facilities,69.8,,,1510255356,126.5,130.933333,8252179,1133.553333,40871.666667,,21.7,,,,not_observed_outside_alberta,,,,,false,false,false,observed_covariates_with_non_authorizing_market_price_proxy,missing:trade_job_vacancies
E2P_C6B1FD111317B864F271,CMA_462,Montréal CMA,PR_24,2017-Q2,2017-04-01,2017-06-30,government_and_civic_facilities,70.5,1.002865,,1851219862,126.933333,130.7,8265839,1135.986667,33523,35,28.233333,,,,not_observed_outside_alberta,,,,,false,false,false,observed_covariates_with_non_authorizing_market_price_proxy,
E2P_11F45B9BE666D5CEA5FD,CMA_462,Montréal CMA,PR_24,2017-Q3,2017-07-01,2017-09-30,government_and_civic_facilities,71,0.70922,,1987593499,126.833333,130.7,8292832,1158.61,41074.666667,200,27.075,,,,not_observed_outside_alberta,,,,,false,false,false,observed_covariates_with_non_authorizing_market_price_proxy,
E2P_672010B8114136AD350A,CMA_462,Montréal CMA,PR_24,2017-Q4,2017-10-01,2017-12-31,government_and_civic_facilities,71.7,0.985915,,2098515400,127.466667,131.566667,8326075,1181.653333,46032.666667,85,30.15,,,,not_observed_outside_alberta,,,,,false,false,false,observed_covariates_with_non_authorizing_market_price_proxy,
E2P_52C2978BE90E050ABE88,CMA_462,Montréal CMA,PR_24,2018-Q1,2018-01-01,2018-03-31,government_and_civic_facilities,72.3,0.83682,3.581662,2114283186,128.333333,132.266667,8338883,1179.75,41540,200,30.266667,,,,not_observed_outside_alberta,,,,,false,false,false,observed_covariates_with_non_authorizing_market_price_proxy,
E2P_6212CBE7CC8C41BEA254,CMA_462,Montréal CMA,PR_24,2018-Q2,2018-04-01,2018-06-30,government_and_civic_facilities,73.3,1.383126,3.971631,2114989238,129.233333,132.633333,8354460,1209.023333,42802,65,29.333333,,,,not_observed_outside_alberta,,,,,false,false,false,observed_covariates_with_non_authorizing_market_price_proxy,
E2P_FF259694369C2728333A,CMA_462,Montréal CMA,PR_24,2018-Q3,2018-07-01,2018-09-30,government_and_civic_facilities,74.7,1.909959,5.211268,2115481017,129.5,133.266667,8386951,1209.46,33047,300,31.816667,,,,not_observed_outside_alberta,,,,,false,false,false,observed_covariates_with_non_authorizing_market_price_proxy,
E2P_426EBEF6F2B0E1A8987E,CMA_462,Montréal CMA,PR_24,2018-Q4,2018-10-01,2018-12-31,government_and_civic_facilities,75.6,1.204819,5.439331,2168434004,129.066667,133.633333,8418646,1194.956667,44011.666667,215,29.8,,,,not_observed_outside_alberta,,,,,false,false,false,observed_covariates_with_non_authorizing_market_price_proxy,
E2P_8BF693536186CCF60F1A,CMA_462,Montréal CMA,PR_24,2019-Q1,2019-01-01,2019-03-31,government_and_civic_facilities,76.2,0.793651,5.394191,2277902345,130.1,134.5,8430363,1229.763333,43668.333333,250,27.99,,,,not_observed_outside_alberta,,,,,false,false,false,observed_covariates_with_non_authorizing_market_price_proxy,
E2P_AF0E513F36158EF78CDE,CMA_462,Montréal CMA,PR_24,2019-Q2,2019-04-01,2019-06-30,government_and_civic_facilities,77.1,1.181102,5.184175,2399233662,131.966667,134.8,8447632,1224.036667,46521,345,28,,,,not_observed_outside_alberta,,,,,false,false,false,observed_covariates_with_non_authorizing_market_price_proxy,
E2P_8EDB68835AECCEB52E14,CMA_462,Montréal CMA,PR_24,2019-Q3,2019-07-01,2019-09-30,government_and_civic_facilities,77.7,0.77821,4.016064,2517792023,132.366667,135.833333,8483186,1243.746667,42931,70,33.36,,,,not_observed_outside_alberta,,,,,false,false,false,observed_covariates_with_non_authorizing_market_price_proxy,
E2P_A3FED0FF0440550DF2B6,CMA_462,Montréal CMA,PR_24,2019-Q4,2019-10-01,2019-12-31,government_and_civic_facilities,78.4,0.900901,3.703704,2634098523,132.4,137.133333,8521542,1247.03,41642,50,34.55,,,,not_observed_outside_alberta,,,,,false,false,false,observed_covariates_with_non_authorizing_market_price_proxy,
E2P_0731C4DAC4C38AF1DD8A,CMA_462,Montréal CMA,PR_24,2020-Q1,2020-01-01,2020-03-31,government_and_civic_facilities,79.1,0.892857,3.805774,2585336307,132.766667,137.6,8537376,1251.376667,48932.333333,425,34.79,,,,not_observed_outside_alberta,,,,,false,false,false,observed_covariates_with_non_authorizing_market_price_proxy,
E2P_ACC602DB0B434E7A7831,CMA_462,Montréal CMA,PR_24,2020-Q2,2020-04-01,2020-06-30,government_and_civic_facilities,79.7,0.758534,3.372244,2117877082,132.133333,137.1,8550900,1204.156667,36490.333333,,,,,,not_observed_outside_alberta,,,,,false,false,false,observed_covariates_with_non_authorizing_market_price_proxy,missing:trade_job_vacancies|missing:trade_average_offered_wage_cad
E2P_2D12540A627D4A65BCDC,CMA_462,Montréal CMA,PR_24,2020-Q3,2020-07-01,2020-09-30,government_and_civic_facilities,80.8,1.380176,3.989704,2333295382,132.8,137.5,8551095,1286.5,53940.333333,,,,,,not_observed_outside_alberta,,,,,false,false,false,observed_covariates_with_non_authorizing_market_price_proxy,missing:trade_job_vacancies|missing:trade_average_offered_wage_cad
E2P_A443284AD68BBD7E2FD0,CMA_462,Montréal CMA,PR_24,2020-Q4,2020-10-01,2020-12-31,government_and_civic_facilities,80.9,0.123762,3.188776,2032976949,133.333333,138.333333,8551865,1322.523333,52278.333333,445,31.14,,,,not_observed_outside_alberta,,,,,false,false,false,observed_covariates_with_non_authorizing_market_price_proxy,
E2P_B0BA7E65E2D7FA93D438,CMA_462,Montréal CMA,PR_24,2021-Q1,2021-01-01,2021-03-31,government_and_civic_facilities,82.3,1.730532,4.045512,2075337569,135,139.1,8550561,1348.933333,73694,945,30.3,,,,not_observed_outside_alberta,,,,,false,false,false,observed_covariates_with_non_authorizing_market_price_proxy,
E2P_B6EE0F2BDDC37A0DCE50,CMA_462,Montréal CMA,PR_24,2021-Q2,2021-04-01,2021-06-30,government_and_civic_facilities,85.4,3.766707,7.151819,2070990178,137.066667,141.4,8556015,1381.486667,57953.333333,1370,29.6,,,,not_observed_outside_alberta,,,,,false,false,false,observed_covariates_with_non_authorizing_market_price_proxy,
E2P_0927A3E3E77CC0C2B03F,CMA_462,Montréal CMA,PR_24,2021-Q3,2021-07-01,2021-09-30,government_and_civic_facilities,87.2,2.107728,7.920792,2090607068,138.8,143.5,8572020,1377.383333,52550.333333,1280,30.2375,,,,not_observed_outside_alberta,,,,,false,false,false,observed_covariates_with_non_authorizing_market_price_proxy,
E2P_2A7BCC98FA2525E90506,CMA_462,Montréal CMA,PR_24,2021-Q4,2021-10-01,2021-12-31,government_and_civic_facilities,89.3,2.408257,10.383189,2206893638,140.3,144.566667,8604508,1400.666667,50730.333333,1575,30.65,,,,not_observed_outside_alberta,,,,,false,false,false,observed_covariates_with_non_authorizing_market_price_proxy,
E2P_487A8A5051E5BE0F5073,CMA_462,Montréal CMA,PR_24,2022-Q1,2022-01-01,2022-03-31,government_and_civic_facilities,92.3,3.359462,12.150668,2380603605,142.733333,146.3,8613282,1399.14,57539.333333,1435,30.23,,,,not_observed_outside_alberta,,,,,false,false,false,observed_covariates_with_non_authorizing_market_price_proxy,
E2P_ED4DAEDCDB015E2A9CD1,CMA_462,Montréal CMA,PR_24,2022-Q2,2022-04-01,2022-06-30,government_and_civic_facilities,95.2,3.141928,11.47541,2663178206,147.266667,150.633333,8628480,1397.363333,55517.333333,1720,32.008333,,,,not_observed_outside_alberta,,,,,false,false,false,observed_covariates_with_non_authorizing_market_price_proxy,
E2P_9266D475A87A66A94BD8,CMA_462,Montréal CMA,PR_24,2022-Q3,2022-07-01,2022-09-30,government_and_civic_facilities,96.8,1.680672,11.009174,2718570356,148.5,151.966667,8669963,1433.08,45347.666667,1935,33.14,,,,not_observed_outside_alberta,,,,,false,false,false,observed_covariates_with_non_authorizing_market_price_proxy,
E2P_F09733AD65DB19378CC3,CMA_462,Montréal CMA,PR_24,2022-Q4,2022-10-01,2022-12-31,government_and_civic_facilities,97.7,0.929752,9.406495,2614193694,149.433333,154.366667,8718914,1434.586667,37964,1810,33.2,,,,not_observed_outside_alberta,,,,,false,false,false,observed_covariates_with_non_authorizing_market_price_proxy,
E2P_73EDA50324773E0B0C96,CMA_462,Montréal CMA,PR_24,2023-Q1,2023-01-01,2023-03-31,government_and_civic_facilities,98.9,1.22825,7.150596,2451375187,150.6,155.933333,8742975,1460.566667,33706,1440,33.7,,,,not_observed_outside_alberta,,,,,false,false,false,observed_covariates_with_non_authorizing_market_price_proxy,
E2P_7E2E6AF2FDBCB60082EB,CMA_462,Montréal CMA,PR_24,2023-Q2,2023-04-01,2023-06-30,government_and_civic_facilities,99.9,1.011122,4.936975,2348566620,153.366667,158.333333,8772140,1476.95,25560.333333,1595,32.666667,,,,not_observed_outside_alberta,,,,,false,false,false,observed_covariates_with_non_authorizing_market_price_proxy,
E2P_364B3ABF98B5B4B71998,CMA_462,Montréal CMA,PR_24,2023-Q3,2023-07-01,2023-09-30,government_and_civic_facilities,100.4,0.500501,3.719008,2226726883,155.066667,161.633333,8821696,1497.396667,42682.333333,1575,37.408333,,,,not_observed_outside_alberta,,,,,false,false,false,observed_covariates_with_non_authorizing_market_price_proxy,
E2P_BCE2FFFBF26FEAEEC61B,CMA_462,Montréal CMA,PR_24,2023-Q4,2023-10-01,2023-12-31,government_and_civic_facilities,100.8,0.398406,3.172979,2234042543,155.3,165.066667,8882501,1511.28,33453.333333,1250,35.51,,,,not_observed_outside_alberta,,,,,false,false,false,observed_covariates_with_non_authorizing_market_price_proxy,
E2P_1782F6BB5ED0880689CF,CMA_462,Montréal CMA,PR_24,2024-Q1,2024-01-01,2024-03-31,government_and_civic_facilities,101.5,0.694444,2.628918,2226159386,155.666667,167.133333,8909038,1499.206667,36642,1450,35.908333,,,,not_observed_outside_alberta,,,,,false,false,false,observed_covariates_with_non_authorizing_market_price_proxy,
E2P_8E32EDE69EB4045BB210,CMA_462,Montréal CMA,PR_24,2024-Q2,2024-04-01,2024-06-30,government_and_civic_facilities,102.4,0.8867,2.502503,2168325321,157.566667,169.4,8945468,1506.153333,40852.666667,1225,33.83,,,,not_observed_outside_alberta,,,,,false,false,false,observed_covariates_with_non_authorizing_market_price_proxy,
E2P_EFC9A7159DC0B5C52B61,CMA_462,Montréal CMA,PR_24,2024-Q3,2024-07-01,2024-09-30,government_and_civic_facilities,102.6,0.195312,2.191235,2086387296,157.666667,171.6,8995474,1502.296667,40986.666667,1415,36.5,,,,not_observed_outside_alberta,,,,,false,false,false,observed_covariates_with_non_authorizing_market_price_proxy,
E2P_7BB77661DD66108DC791,CMA_462,Montréal CMA,PR_24,2024-Q4,2024-10-01,2024-12-31,government_and_civic_facilities,103.3,0.682261,2.480159,1994260265,157.733333,173.766667,9038268,1539.666667,43991,1365,41.1,,,,not_observed_outside_alberta,,,,,false,false,false,observed_covariates_with_non_authorizing_market_price_proxy,
E2P_790432564783D7F904CB,CMA_462,Montréal CMA,PR_24,2025-Q1,2025-01-01,2025-03-31,government_and_civic_facilities,105,1.645692,3.448276,1896254608,158.633333,175.5,9043463,1586.996667,53833.666667,1310,35.2,,,,not_observed_outside_alberta,,,,,false,false,false,observed_covariates_with_non_authorizing_market_price_proxy,
E2P_EE762B94499D29367858,CMA_462,Montréal CMA,PR_24,2025-Q2,2025-04-01,2025-06-30,government_and_civic_facilities,107.8,2.666667,5.273438,1773999184,160.766667,177.5,9041123,1603.503333,52265.333333,1650,37.05,,,,not_observed_outside_alberta,,,,,false,false,false,observed_covariates_with_non_authorizing_market_price_proxy,
E2P_BB418527EDC97443FB7B,CMA_462,Montréal CMA,PR_24,2025-Q3,2025-07-01,2025-09-30,government_and_civic_facilities,108.9,1.020408,6.140351,1658119079,162.033333,180.766667,9058297,1607.783333,50296,1295,35.73,,,,not_observed_outside_alberta,,,,,false,false,false,observed_covariates_with_non_authorizing_market_price_proxy,
E2P_0F7D4D5CC7FE31B7493A,CMA_462,Montréal CMA,PR_24,2025-Q4,2025-10-01,2025-12-31,government_and_civic_facilities,109.6,0.642792,6.098742,1640658719,162.7,183.4,9058089,1579.37,58976.333333,1095,38.333333,,,,not_observed_outside_alberta,,,,,false,false,false,observed_covariates_with_non_authorizing_market_price_proxy,
E2P_2CF6DA2A48A5DB45A8CC,CMA_462,Montréal CMA,PR_24,2026-Q1,2026-01-01,2026-03-31,government_and_civic_facilities,110.5,0.821168,5.238095,1603766306,163.233333,183.633333,9033887,1607.036667,60829,1100,39.9,,,,not_observed_outside_alberta,,,,,false,false,false,observed_covariates_with_non_authorizing_market_price_proxy,
E2P_F3B45EEE9DF8C14AC8F2,CMA_462,Montréal CMA,PR_24,2026-Q2,2026-04-01,2026-06-30,government_and_civic_facilities,112.8,2.081448,4.638219,1498225997,166.033333,184.433333,9016222,1668.45,53428.666667,1065,38.45,,,,not_observed_outside_alberta,,,,,false,false,false,observed_covariates_with_non_authorizing_market_price_proxy,
