observation_id,indicator_id,noc_code,occupation_label,trade_node_id,statistic,value,unit,geography_id,period_start,period_end,source_id,evidence_status,as_of_date,transformation_id,quality_flags
OBS_JVWS_2DE0A28C8F86769434E6,JVWS_AVERAGE_OFFERED_HOURLY_WAGE_NOC_73100,73100,Concrete finishers,trade_concrete,Average offered hourly wage,,Dollars,PR_48,2015-01-01,2015-03-31,STATCAN_JVWS_14100444,observed,2015-03-31,TR_STATCAN_JVWS_AB_NOC_1_0_0,status:F|value_missing_or_suppressed
OBS_JVWS_9AF938701A24751FA9FE,JVWS_JOB_VACANCIES_NOC_73100,73100,Concrete finishers,trade_concrete,Job vacancies,,Number,PR_48,2015-01-01,2015-03-31,STATCAN_JVWS_14100444,observed,2015-03-31,TR_STATCAN_JVWS_AB_NOC_1_0_0,status:F|value_missing_or_suppressed
OBS_JVWS_91C4D1809D27A7C16643,JVWS_AVERAGE_OFFERED_HOURLY_WAGE_NOC_72200,72200,Electricians (except industrial and power system),trade_electricians,Average offered hourly wage,,Dollars,PR_48,2015-01-01,2015-03-31,STATCAN_JVWS_14100444,observed,2015-03-31,TR_STATCAN_JVWS_AB_NOC_1_0_0,status:F|value_missing_or_suppressed
OBS_JVWS_5C1C11085FB16DC0E593,JVWS_JOB_VACANCIES_NOC_72200,72200,Electricians (except industrial and power system),trade_electricians,Job vacancies,,Number,PR_48,2015-01-01,2015-03-31,STATCAN_JVWS_14100444,observed,2015-03-31,TR_STATCAN_JVWS_AB_NOC_1_0_0,status:F|value_missing_or_suppressed
OBS_JVWS_D9EF04FC3B9DCA7B93B7,JVWS_AVERAGE_OFFERED_HOURLY_WAGE_NOC_72201,72201,Industrial electricians,trade_electricians,Average offered hourly wage,,Dollars,PR_48,2015-01-01,2015-03-31,STATCAN_JVWS_14100444,observed,2015-03-31,TR_STATCAN_JVWS_AB_NOC_1_0_0,status:F|value_missing_or_suppressed
OBS_JVWS_2CD4C21F6B38A2911CEF,JVWS_JOB_VACANCIES_NOC_72201,72201,Industrial electricians,trade_electricians,Job vacancies,,Number,PR_48,2015-01-01,2015-03-31,STATCAN_JVWS_14100444,observed,2015-03-31,TR_STATCAN_JVWS_AB_NOC_1_0_0,status:F|value_missing_or_suppressed
OBS_JVWS_1E4201BA8D337EFCCB70,JVWS_AVERAGE_OFFERED_HOURLY_WAGE_NOC_72402,72402,"Heating, refrigeration and air conditioning mechanics",trade_hvac,Average offered hourly wage,33.6,Dollars,PR_48,2015-01-01,2015-03-31,STATCAN_JVWS_14100444,observed,2015-03-31,TR_STATCAN_JVWS_AB_NOC_1_0_0,status:E
OBS_JVWS_AA309B98628AA6A20291,JVWS_JOB_VACANCIES_NOC_72402,72402,"Heating, refrigeration and air conditioning mechanics",trade_hvac,Job vacancies,,Number,PR_48,2015-01-01,2015-03-31,STATCAN_JVWS_14100444,observed,2015-03-31,TR_STATCAN_JVWS_AB_NOC_1_0_0,status:F|value_missing_or_suppressed
OBS_JVWS_0D7B5ECCD27BA8B6B864,JVWS_AVERAGE_OFFERED_HOURLY_WAGE_NOC_72202,72202,Power system electricians,trade_power_line,Average offered hourly wage,,Dollars,PR_48,2015-01-01,2015-03-31,STATCAN_JVWS_14100444,observed,2015-03-31,TR_STATCAN_JVWS_AB_NOC_1_0_0,status:..|value_missing_or_suppressed
OBS_JVWS_29ABF6F92551C6933259,JVWS_JOB_VACANCIES_NOC_72202,72202,Power system electricians,trade_power_line,Job vacancies,,Number,PR_48,2015-01-01,2015-03-31,STATCAN_JVWS_14100444,observed,2015-03-31,TR_STATCAN_JVWS_AB_NOC_1_0_0,status:..|value_missing_or_suppressed
OBS_JVWS_D91C7DCC5837E1DEAD40,JVWS_AVERAGE_OFFERED_HOURLY_WAGE_NOC_72203,72203,Electrical power line and cable workers,trade_power_line,Average offered hourly wage,38.85,Dollars,PR_48,2015-01-01,2015-03-31,STATCAN_JVWS_14100444,observed,2015-03-31,TR_STATCAN_JVWS_AB_NOC_1_0_0,status:E
OBS_JVWS_6C597DCB77843F8A7697,JVWS_JOB_VACANCIES_NOC_72203,72203,Electrical power line and cable workers,trade_power_line,Job vacancies,,Number,PR_48,2015-01-01,2015-03-31,STATCAN_JVWS_14100444,observed,2015-03-31,TR_STATCAN_JVWS_AB_NOC_1_0_0,status:F|value_missing_or_suppressed
OBS_JVWS_1F8A788E16967D9BA2FD,JVWS_AVERAGE_OFFERED_HOURLY_WAGE_NOC_73100,73100,Concrete finishers,trade_concrete,Average offered hourly wage,27.15,Dollars,PR_48,2015-04-01,2015-06-30,STATCAN_JVWS_14100444,observed,2015-06-30,TR_STATCAN_JVWS_AB_NOC_1_0_0,status:B
OBS_JVWS_BE98584D41273431579F,JVWS_JOB_VACANCIES_NOC_73100,73100,Concrete finishers,trade_concrete,Job vacancies,,Number,PR_48,2015-04-01,2015-06-30,STATCAN_JVWS_14100444,observed,2015-06-30,TR_STATCAN_JVWS_AB_NOC_1_0_0,status:F|value_missing_or_suppressed
OBS_JVWS_A9419280C40AB8CC12CF,JVWS_AVERAGE_OFFERED_HOURLY_WAGE_NOC_72200,72200,Electricians (except industrial and power system),trade_electricians,Average offered hourly wage,23.35,Dollars,PR_48,2015-04-01,2015-06-30,STATCAN_JVWS_14100444,observed,2015-06-30,TR_STATCAN_JVWS_AB_NOC_1_0_0,status:B
OBS_JVWS_0278D39D9FC3932C2A0E,JVWS_JOB_VACANCIES_NOC_72200,72200,Electricians (except industrial and power system),trade_electricians,Job vacancies,275.0,Number,PR_48,2015-04-01,2015-06-30,STATCAN_JVWS_14100444,observed,2015-06-30,TR_STATCAN_JVWS_AB_NOC_1_0_0,status:E
OBS_JVWS_05F08608BEEB7541A40B,JVWS_AVERAGE_OFFERED_HOURLY_WAGE_NOC_72201,72201,Industrial electricians,trade_electricians,Average offered hourly wage,36.0,Dollars,PR_48,2015-04-01,2015-06-30,STATCAN_JVWS_14100444,observed,2015-06-30,TR_STATCAN_JVWS_AB_NOC_1_0_0,status:A
OBS_JVWS_D1A14531C9896C68E5D8,JVWS_JOB_VACANCIES_NOC_72201,72201,Industrial electricians,trade_electricians,Job vacancies,70.0,Number,PR_48,2015-04-01,2015-06-30,STATCAN_JVWS_14100444,observed,2015-06-30,TR_STATCAN_JVWS_AB_NOC_1_0_0,status:D
OBS_JVWS_288F3EC8ACCCCA95AAAC,JVWS_AVERAGE_OFFERED_HOURLY_WAGE_NOC_72402,72402,"Heating, refrigeration and air conditioning mechanics",trade_hvac,Average offered hourly wage,34.4,Dollars,PR_48,2015-04-01,2015-06-30,STATCAN_JVWS_14100444,observed,2015-06-30,TR_STATCAN_JVWS_AB_NOC_1_0_0,status:B
OBS_JVWS_D3A86D2FE056EE810A36,JVWS_JOB_VACANCIES_NOC_72402,72402,"Heating, refrigeration and air conditioning mechanics",trade_hvac,Job vacancies,,Number,PR_48,2015-04-01,2015-06-30,STATCAN_JVWS_14100444,observed,2015-06-30,TR_STATCAN_JVWS_AB_NOC_1_0_0,status:F|value_missing_or_suppressed
OBS_JVWS_E955CE8CEF694A69F57D,JVWS_AVERAGE_OFFERED_HOURLY_WAGE_NOC_72202,72202,Power system electricians,trade_power_line,Average offered hourly wage,,Dollars,PR_48,2015-04-01,2015-06-30,STATCAN_JVWS_14100444,observed,2015-06-30,TR_STATCAN_JVWS_AB_NOC_1_0_0,status:F|value_missing_or_suppressed
OBS_JVWS_E40EE162F222921F79E4,JVWS_JOB_VACANCIES_NOC_72202,72202,Power system electricians,trade_power_line,Job vacancies,,Number,PR_48,2015-04-01,2015-06-30,STATCAN_JVWS_14100444,observed,2015-06-30,TR_STATCAN_JVWS_AB_NOC_1_0_0,status:F|value_missing_or_suppressed
OBS_JVWS_67DABC9F52F83EBE5F31,JVWS_AVERAGE_OFFERED_HOURLY_WAGE_NOC_72203,72203,Electrical power line and cable workers,trade_power_line,Average offered hourly wage,32.55,Dollars,PR_48,2015-04-01,2015-06-30,STATCAN_JVWS_14100444,observed,2015-06-30,TR_STATCAN_JVWS_AB_NOC_1_0_0,status:B
OBS_JVWS_E25407727574D304C286,JVWS_JOB_VACANCIES_NOC_72203,72203,Electrical power line and cable workers,trade_power_line,Job vacancies,,Number,PR_48,2015-04-01,2015-06-30,STATCAN_JVWS_14100444,observed,2015-06-30,TR_STATCAN_JVWS_AB_NOC_1_0_0,status:F|value_missing_or_suppressed
OBS_JVWS_DDB839037C498A35A233,JVWS_AVERAGE_OFFERED_HOURLY_WAGE_NOC_73100,73100,Concrete finishers,trade_concrete,Average offered hourly wage,28.45,Dollars,PR_48,2015-07-01,2015-09-30,STATCAN_JVWS_14100444,observed,2015-09-30,TR_STATCAN_JVWS_AB_NOC_1_0_0,status:A
OBS_JVWS_C53A24372ABD52B65FFC,JVWS_JOB_VACANCIES_NOC_73100,73100,Concrete finishers,trade_concrete,Job vacancies,,Number,PR_48,2015-07-01,2015-09-30,STATCAN_JVWS_14100444,observed,2015-09-30,TR_STATCAN_JVWS_AB_NOC_1_0_0,status:F|value_missing_or_suppressed
OBS_JVWS_33A8B266B58E7767CB16,JVWS_AVERAGE_OFFERED_HOURLY_WAGE_NOC_72200,72200,Electricians (except industrial and power system),trade_electricians,Average offered hourly wage,21.3,Dollars,PR_48,2015-07-01,2015-09-30,STATCAN_JVWS_14100444,observed,2015-09-30,TR_STATCAN_JVWS_AB_NOC_1_0_0,status:A
OBS_JVWS_C69FD7D00960B8E9EF70,JVWS_JOB_VACANCIES_NOC_72200,72200,Electricians (except industrial and power system),trade_electricians,Job vacancies,,Number,PR_48,2015-07-01,2015-09-30,STATCAN_JVWS_14100444,observed,2015-09-30,TR_STATCAN_JVWS_AB_NOC_1_0_0,status:F|value_missing_or_suppressed
OBS_JVWS_7FD97112618CAFBA0F76,JVWS_AVERAGE_OFFERED_HOURLY_WAGE_NOC_72201,72201,Industrial electricians,trade_electricians,Average offered hourly wage,41.3,Dollars,PR_48,2015-07-01,2015-09-30,STATCAN_JVWS_14100444,observed,2015-09-30,TR_STATCAN_JVWS_AB_NOC_1_0_0,status:A
OBS_JVWS_87C7E9FF1AF6583CE87F,JVWS_JOB_VACANCIES_NOC_72201,72201,Industrial electricians,trade_electricians,Job vacancies,75.0,Number,PR_48,2015-07-01,2015-09-30,STATCAN_JVWS_14100444,observed,2015-09-30,TR_STATCAN_JVWS_AB_NOC_1_0_0,status:C
OBS_JVWS_5057969B372544110692,JVWS_AVERAGE_OFFERED_HOURLY_WAGE_NOC_72402,72402,"Heating, refrigeration and air conditioning mechanics",trade_hvac,Average offered hourly wage,33.9,Dollars,PR_48,2015-07-01,2015-09-30,STATCAN_JVWS_14100444,observed,2015-09-30,TR_STATCAN_JVWS_AB_NOC_1_0_0,status:B
OBS_JVWS_5121C32DE0445C0EFE08,JVWS_JOB_VACANCIES_NOC_72402,72402,"Heating, refrigeration and air conditioning mechanics",trade_hvac,Job vacancies,75.0,Number,PR_48,2015-07-01,2015-09-30,STATCAN_JVWS_14100444,observed,2015-09-30,TR_STATCAN_JVWS_AB_NOC_1_0_0,status:E
OBS_JVWS_1124FB14AF0CDCDFEDF7,JVWS_AVERAGE_OFFERED_HOURLY_WAGE_NOC_72202,72202,Power system electricians,trade_power_line,Average offered hourly wage,,Dollars,PR_48,2015-07-01,2015-09-30,STATCAN_JVWS_14100444,observed,2015-09-30,TR_STATCAN_JVWS_AB_NOC_1_0_0,status:F|value_missing_or_suppressed
OBS_JVWS_F34BF1035B692680A2B8,JVWS_JOB_VACANCIES_NOC_72202,72202,Power system electricians,trade_power_line,Job vacancies,,Number,PR_48,2015-07-01,2015-09-30,STATCAN_JVWS_14100444,observed,2015-09-30,TR_STATCAN_JVWS_AB_NOC_1_0_0,status:F|value_missing_or_suppressed
OBS_JVWS_E3F55690E5D6971AFEEB,JVWS_AVERAGE_OFFERED_HOURLY_WAGE_NOC_72203,72203,Electrical power line and cable workers,trade_power_line,Average offered hourly wage,,Dollars,PR_48,2015-07-01,2015-09-30,STATCAN_JVWS_14100444,observed,2015-09-30,TR_STATCAN_JVWS_AB_NOC_1_0_0,status:F|value_missing_or_suppressed
OBS_JVWS_432A22F99162B6B72F05,JVWS_JOB_VACANCIES_NOC_72203,72203,Electrical power line and cable workers,trade_power_line,Job vacancies,,Number,PR_48,2015-07-01,2015-09-30,STATCAN_JVWS_14100444,observed,2015-09-30,TR_STATCAN_JVWS_AB_NOC_1_0_0,status:F|value_missing_or_suppressed
OBS_JVWS_B4BCA55875A4A6486246,JVWS_AVERAGE_OFFERED_HOURLY_WAGE_NOC_73100,73100,Concrete finishers,trade_concrete,Average offered hourly wage,27.65,Dollars,PR_48,2015-10-01,2015-12-31,STATCAN_JVWS_14100444,observed,2015-12-31,TR_STATCAN_JVWS_AB_NOC_1_0_0,status:B
OBS_JVWS_7105D4481EFF2A48D295,JVWS_JOB_VACANCIES_NOC_73100,73100,Concrete finishers,trade_concrete,Job vacancies,,Number,PR_48,2015-10-01,2015-12-31,STATCAN_JVWS_14100444,observed,2015-12-31,TR_STATCAN_JVWS_AB_NOC_1_0_0,status:F|value_missing_or_suppressed
OBS_JVWS_80EA9AC1D6535BD4EBB8,JVWS_AVERAGE_OFFERED_HOURLY_WAGE_NOC_72200,72200,Electricians (except industrial and power system),trade_electricians,Average offered hourly wage,24.65,Dollars,PR_48,2015-10-01,2015-12-31,STATCAN_JVWS_14100444,observed,2015-12-31,TR_STATCAN_JVWS_AB_NOC_1_0_0,status:B
OBS_JVWS_5E5213AB14F5310368D6,JVWS_JOB_VACANCIES_NOC_72200,72200,Electricians (except industrial and power system),trade_electricians,Job vacancies,335.0,Number,PR_48,2015-10-01,2015-12-31,STATCAN_JVWS_14100444,observed,2015-12-31,TR_STATCAN_JVWS_AB_NOC_1_0_0,status:E
OBS_JVWS_18FAD5AB54CDD5ED3321,JVWS_AVERAGE_OFFERED_HOURLY_WAGE_NOC_72201,72201,Industrial electricians,trade_electricians,Average offered hourly wage,42.15,Dollars,PR_48,2015-10-01,2015-12-31,STATCAN_JVWS_14100444,observed,2015-12-31,TR_STATCAN_JVWS_AB_NOC_1_0_0,status:A
OBS_JVWS_F6BB82A479A8DB5C8F2A,JVWS_JOB_VACANCIES_NOC_72201,72201,Industrial electricians,trade_electricians,Job vacancies,60.0,Number,PR_48,2015-10-01,2015-12-31,STATCAN_JVWS_14100444,observed,2015-12-31,TR_STATCAN_JVWS_AB_NOC_1_0_0,status:D
OBS_JVWS_DA5A1FC71AD696AB3422,JVWS_AVERAGE_OFFERED_HOURLY_WAGE_NOC_72402,72402,"Heating, refrigeration and air conditioning mechanics",trade_hvac,Average offered hourly wage,21.6,Dollars,PR_48,2015-10-01,2015-12-31,STATCAN_JVWS_14100444,observed,2015-12-31,TR_STATCAN_JVWS_AB_NOC_1_0_0,status:E
OBS_JVWS_1D1BADA414CDB0CD07E1,JVWS_JOB_VACANCIES_NOC_72402,72402,"Heating, refrigeration and air conditioning mechanics",trade_hvac,Job vacancies,,Number,PR_48,2015-10-01,2015-12-31,STATCAN_JVWS_14100444,observed,2015-12-31,TR_STATCAN_JVWS_AB_NOC_1_0_0,status:F|value_missing_or_suppressed
OBS_JVWS_04812B06636408C16742,JVWS_AVERAGE_OFFERED_HOURLY_WAGE_NOC_72202,72202,Power system electricians,trade_power_line,Average offered hourly wage,,Dollars,PR_48,2015-10-01,2015-12-31,STATCAN_JVWS_14100444,observed,2015-12-31,TR_STATCAN_JVWS_AB_NOC_1_0_0,status:F|value_missing_or_suppressed
OBS_JVWS_57C5EFA2A45345435B18,JVWS_JOB_VACANCIES_NOC_72202,72202,Power system electricians,trade_power_line,Job vacancies,,Number,PR_48,2015-10-01,2015-12-31,STATCAN_JVWS_14100444,observed,2015-12-31,TR_STATCAN_JVWS_AB_NOC_1_0_0,status:F|value_missing_or_suppressed
OBS_JVWS_6E3038477462065C62B9,JVWS_AVERAGE_OFFERED_HOURLY_WAGE_NOC_72203,72203,Electrical power line and cable workers,trade_power_line,Average offered hourly wage,,Dollars,PR_48,2015-10-01,2015-12-31,STATCAN_JVWS_14100444,observed,2015-12-31,TR_STATCAN_JVWS_AB_NOC_1_0_0,status:F|value_missing_or_suppressed
OBS_JVWS_171E3A295C521498615E,JVWS_JOB_VACANCIES_NOC_72203,72203,Electrical power line and cable workers,trade_power_line,Job vacancies,,Number,PR_48,2015-10-01,2015-12-31,STATCAN_JVWS_14100444,observed,2015-12-31,TR_STATCAN_JVWS_AB_NOC_1_0_0,status:F|value_missing_or_suppressed
OBS_JVWS_78EC852AD16B1872B7EF,JVWS_AVERAGE_OFFERED_HOURLY_WAGE_NOC_73100,73100,Concrete finishers,trade_concrete,Average offered hourly wage,,Dollars,PR_48,2016-01-01,2016-03-31,STATCAN_JVWS_14100444,observed,2016-03-31,TR_STATCAN_JVWS_AB_NOC_1_0_0,status:F|value_missing_or_suppressed
OBS_JVWS_53777AABF409A11C5069,JVWS_JOB_VACANCIES_NOC_73100,73100,Concrete finishers,trade_concrete,Job vacancies,,Number,PR_48,2016-01-01,2016-03-31,STATCAN_JVWS_14100444,observed,2016-03-31,TR_STATCAN_JVWS_AB_NOC_1_0_0,status:F|value_missing_or_suppressed
OBS_JVWS_5515ECEA78FF0BA5A76F,JVWS_AVERAGE_OFFERED_HOURLY_WAGE_NOC_72200,72200,Electricians (except industrial and power system),trade_electricians,Average offered hourly wage,24.7,Dollars,PR_48,2016-01-01,2016-03-31,STATCAN_JVWS_14100444,observed,2016-03-31,TR_STATCAN_JVWS_AB_NOC_1_0_0,status:D
OBS_JVWS_7DB0158FE5030BFE49BD,JVWS_JOB_VACANCIES_NOC_72200,72200,Electricians (except industrial and power system),trade_electricians,Job vacancies,,Number,PR_48,2016-01-01,2016-03-31,STATCAN_JVWS_14100444,observed,2016-03-31,TR_STATCAN_JVWS_AB_NOC_1_0_0,status:F|value_missing_or_suppressed
OBS_JVWS_AFFE65D9E4B8AAB6D8C0,JVWS_AVERAGE_OFFERED_HOURLY_WAGE_NOC_72201,72201,Industrial electricians,trade_electricians,Average offered hourly wage,43.45,Dollars,PR_48,2016-01-01,2016-03-31,STATCAN_JVWS_14100444,observed,2016-03-31,TR_STATCAN_JVWS_AB_NOC_1_0_0,status:A
OBS_JVWS_7ADE19B161ACA7EE0194,JVWS_JOB_VACANCIES_NOC_72201,72201,Industrial electricians,trade_electricians,Job vacancies,15.0,Number,PR_48,2016-01-01,2016-03-31,STATCAN_JVWS_14100444,observed,2016-03-31,TR_STATCAN_JVWS_AB_NOC_1_0_0,status:E
OBS_JVWS_0C667569478008D6EC2A,JVWS_AVERAGE_OFFERED_HOURLY_WAGE_NOC_72402,72402,"Heating, refrigeration and air conditioning mechanics",trade_hvac,Average offered hourly wage,38.85,Dollars,PR_48,2016-01-01,2016-03-31,STATCAN_JVWS_14100444,observed,2016-03-31,TR_STATCAN_JVWS_AB_NOC_1_0_0,status:B
OBS_JVWS_64B63D410B8FC6CCB1ED,JVWS_JOB_VACANCIES_NOC_72402,72402,"Heating, refrigeration and air conditioning mechanics",trade_hvac,Job vacancies,,Number,PR_48,2016-01-01,2016-03-31,STATCAN_JVWS_14100444,observed,2016-03-31,TR_STATCAN_JVWS_AB_NOC_1_0_0,status:F|value_missing_or_suppressed
OBS_JVWS_68931156E17732EE8571,JVWS_AVERAGE_OFFERED_HOURLY_WAGE_NOC_72202,72202,Power system electricians,trade_power_line,Average offered hourly wage,,Dollars,PR_48,2016-01-01,2016-03-31,STATCAN_JVWS_14100444,observed,2016-03-31,TR_STATCAN_JVWS_AB_NOC_1_0_0,status:F|value_missing_or_suppressed
OBS_JVWS_4646734CAB9BA5DBC639,JVWS_JOB_VACANCIES_NOC_72202,72202,Power system electricians,trade_power_line,Job vacancies,,Number,PR_48,2016-01-01,2016-03-31,STATCAN_JVWS_14100444,observed,2016-03-31,TR_STATCAN_JVWS_AB_NOC_1_0_0,status:F|value_missing_or_suppressed
OBS_JVWS_57C787A5574ECF085948,JVWS_AVERAGE_OFFERED_HOURLY_WAGE_NOC_72203,72203,Electrical power line and cable workers,trade_power_line,Average offered hourly wage,27.8,Dollars,PR_48,2016-01-01,2016-03-31,STATCAN_JVWS_14100444,observed,2016-03-31,TR_STATCAN_JVWS_AB_NOC_1_0_0,status:A
OBS_JVWS_DF140D0829A7A9B8F641,JVWS_JOB_VACANCIES_NOC_72203,72203,Electrical power line and cable workers,trade_power_line,Job vacancies,5.0,Number,PR_48,2016-01-01,2016-03-31,STATCAN_JVWS_14100444,observed,2016-03-31,TR_STATCAN_JVWS_AB_NOC_1_0_0,status:D
OBS_JVWS_1E1456985DBE2D47D157,JVWS_AVERAGE_OFFERED_HOURLY_WAGE_NOC_73100,73100,Concrete finishers,trade_concrete,Average offered hourly wage,27.2,Dollars,PR_48,2016-04-01,2016-06-30,STATCAN_JVWS_14100444,observed,2016-06-30,TR_STATCAN_JVWS_AB_NOC_1_0_0,status:C
OBS_JVWS_854DA3EE6A1395CC547A,JVWS_JOB_VACANCIES_NOC_73100,73100,Concrete finishers,trade_concrete,Job vacancies,,Number,PR_48,2016-04-01,2016-06-30,STATCAN_JVWS_14100444,observed,2016-06-30,TR_STATCAN_JVWS_AB_NOC_1_0_0,status:F|value_missing_or_suppressed
OBS_JVWS_583BD4D41C65E18F5EB8,JVWS_AVERAGE_OFFERED_HOURLY_WAGE_NOC_72200,72200,Electricians (except industrial and power system),trade_electricians,Average offered hourly wage,34.25,Dollars,PR_48,2016-04-01,2016-06-30,STATCAN_JVWS_14100444,observed,2016-06-30,TR_STATCAN_JVWS_AB_NOC_1_0_0,status:B
OBS_JVWS_295272FAFC6457874849,JVWS_JOB_VACANCIES_NOC_72200,72200,Electricians (except industrial and power system),trade_electricians,Job vacancies,,Number,PR_48,2016-04-01,2016-06-30,STATCAN_JVWS_14100444,observed,2016-06-30,TR_STATCAN_JVWS_AB_NOC_1_0_0,status:F|value_missing_or_suppressed
OBS_JVWS_1334D4D857AD10976E11,JVWS_AVERAGE_OFFERED_HOURLY_WAGE_NOC_72201,72201,Industrial electricians,trade_electricians,Average offered hourly wage,40.1,Dollars,PR_48,2016-04-01,2016-06-30,STATCAN_JVWS_14100444,observed,2016-06-30,TR_STATCAN_JVWS_AB_NOC_1_0_0,status:A
OBS_JVWS_10C47347483F89BD0818,JVWS_JOB_VACANCIES_NOC_72201,72201,Industrial electricians,trade_electricians,Job vacancies,20.0,Number,PR_48,2016-04-01,2016-06-30,STATCAN_JVWS_14100444,observed,2016-06-30,TR_STATCAN_JVWS_AB_NOC_1_0_0,status:D
OBS_JVWS_5AA13068524B4D570746,JVWS_AVERAGE_OFFERED_HOURLY_WAGE_NOC_72402,72402,"Heating, refrigeration and air conditioning mechanics",trade_hvac,Average offered hourly wage,36.4,Dollars,PR_48,2016-04-01,2016-06-30,STATCAN_JVWS_14100444,observed,2016-06-30,TR_STATCAN_JVWS_AB_NOC_1_0_0,status:C
OBS_JVWS_9FF8F06C57183C48888E,JVWS_JOB_VACANCIES_NOC_72402,72402,"Heating, refrigeration and air conditioning mechanics",trade_hvac,Job vacancies,,Number,PR_48,2016-04-01,2016-06-30,STATCAN_JVWS_14100444,observed,2016-06-30,TR_STATCAN_JVWS_AB_NOC_1_0_0,status:F|value_missing_or_suppressed
OBS_JVWS_FB3DB8AD8558A09DB83D,JVWS_AVERAGE_OFFERED_HOURLY_WAGE_NOC_72202,72202,Power system electricians,trade_power_line,Average offered hourly wage,,Dollars,PR_48,2016-04-01,2016-06-30,STATCAN_JVWS_14100444,observed,2016-06-30,TR_STATCAN_JVWS_AB_NOC_1_0_0,status:..|value_missing_or_suppressed
OBS_JVWS_6A79F76819E05F5A7950,JVWS_JOB_VACANCIES_NOC_72202,72202,Power system electricians,trade_power_line,Job vacancies,,Number,PR_48,2016-04-01,2016-06-30,STATCAN_JVWS_14100444,observed,2016-06-30,TR_STATCAN_JVWS_AB_NOC_1_0_0,status:..|value_missing_or_suppressed
OBS_JVWS_9213447539D03D2CA14B,JVWS_AVERAGE_OFFERED_HOURLY_WAGE_NOC_72203,72203,Electrical power line and cable workers,trade_power_line,Average offered hourly wage,,Dollars,PR_48,2016-04-01,2016-06-30,STATCAN_JVWS_14100444,observed,2016-06-30,TR_STATCAN_JVWS_AB_NOC_1_0_0,status:F|value_missing_or_suppressed
OBS_JVWS_BE825FC21A26769AB4EA,JVWS_JOB_VACANCIES_NOC_72203,72203,Electrical power line and cable workers,trade_power_line,Job vacancies,,Number,PR_48,2016-04-01,2016-06-30,STATCAN_JVWS_14100444,observed,2016-06-30,TR_STATCAN_JVWS_AB_NOC_1_0_0,status:F|value_missing_or_suppressed
OBS_JVWS_6DACA405436DD62CC8E3,JVWS_AVERAGE_OFFERED_HOURLY_WAGE_NOC_73100,73100,Concrete finishers,trade_concrete,Average offered hourly wage,,Dollars,PR_48,2016-07-01,2016-09-30,STATCAN_JVWS_14100444,observed,2016-09-30,TR_STATCAN_JVWS_AB_NOC_1_0_0,status:F|value_missing_or_suppressed
OBS_JVWS_155EBA3D89809272E980,JVWS_JOB_VACANCIES_NOC_73100,73100,Concrete finishers,trade_concrete,Job vacancies,,Number,PR_48,2016-07-01,2016-09-30,STATCAN_JVWS_14100444,observed,2016-09-30,TR_STATCAN_JVWS_AB_NOC_1_0_0,status:F|value_missing_or_suppressed
OBS_JVWS_7B20344CBD246A0D1E71,JVWS_AVERAGE_OFFERED_HOURLY_WAGE_NOC_72200,72200,Electricians (except industrial and power system),trade_electricians,Average offered hourly wage,19.65,Dollars,PR_48,2016-07-01,2016-09-30,STATCAN_JVWS_14100444,observed,2016-09-30,TR_STATCAN_JVWS_AB_NOC_1_0_0,status:C
OBS_JVWS_BFD8D5888AA4D02F6DB0,JVWS_JOB_VACANCIES_NOC_72200,72200,Electricians (except industrial and power system),trade_electricians,Job vacancies,,Number,PR_48,2016-07-01,2016-09-30,STATCAN_JVWS_14100444,observed,2016-09-30,TR_STATCAN_JVWS_AB_NOC_1_0_0,status:F|value_missing_or_suppressed
OBS_JVWS_FC09FFB946E3BE1B9F16,JVWS_AVERAGE_OFFERED_HOURLY_WAGE_NOC_72201,72201,Industrial electricians,trade_electricians,Average offered hourly wage,27.85,Dollars,PR_48,2016-07-01,2016-09-30,STATCAN_JVWS_14100444,observed,2016-09-30,TR_STATCAN_JVWS_AB_NOC_1_0_0,status:B
OBS_JVWS_E93FBBC46373FD9F0673,JVWS_JOB_VACANCIES_NOC_72201,72201,Industrial electricians,trade_electricians,Job vacancies,,Number,PR_48,2016-07-01,2016-09-30,STATCAN_JVWS_14100444,observed,2016-09-30,TR_STATCAN_JVWS_AB_NOC_1_0_0,status:F|value_missing_or_suppressed
OBS_JVWS_40E1C5C67E7AEF4ADFF9,JVWS_AVERAGE_OFFERED_HOURLY_WAGE_NOC_72402,72402,"Heating, refrigeration and air conditioning mechanics",trade_hvac,Average offered hourly wage,41.95,Dollars,PR_48,2016-07-01,2016-09-30,STATCAN_JVWS_14100444,observed,2016-09-30,TR_STATCAN_JVWS_AB_NOC_1_0_0,status:A
OBS_JVWS_7DF37EECCD6CB32FDC74,JVWS_JOB_VACANCIES_NOC_72402,72402,"Heating, refrigeration and air conditioning mechanics",trade_hvac,Job vacancies,,Number,PR_48,2016-07-01,2016-09-30,STATCAN_JVWS_14100444,observed,2016-09-30,TR_STATCAN_JVWS_AB_NOC_1_0_0,status:F|value_missing_or_suppressed
OBS_JVWS_3762F5E98D316FC65821,JVWS_AVERAGE_OFFERED_HOURLY_WAGE_NOC_72202,72202,Power system electricians,trade_power_line,Average offered hourly wage,,Dollars,PR_48,2016-07-01,2016-09-30,STATCAN_JVWS_14100444,observed,2016-09-30,TR_STATCAN_JVWS_AB_NOC_1_0_0,status:..|value_missing_or_suppressed
OBS_JVWS_B17C59983B3A97491AFA,JVWS_JOB_VACANCIES_NOC_72202,72202,Power system electricians,trade_power_line,Job vacancies,,Number,PR_48,2016-07-01,2016-09-30,STATCAN_JVWS_14100444,observed,2016-09-30,TR_STATCAN_JVWS_AB_NOC_1_0_0,status:..|value_missing_or_suppressed
OBS_JVWS_0BC6F18F977F5FAFC489,JVWS_AVERAGE_OFFERED_HOURLY_WAGE_NOC_72203,72203,Electrical power line and cable workers,trade_power_line,Average offered hourly wage,,Dollars,PR_48,2016-07-01,2016-09-30,STATCAN_JVWS_14100444,observed,2016-09-30,TR_STATCAN_JVWS_AB_NOC_1_0_0,status:F|value_missing_or_suppressed
OBS_JVWS_DC13F856946CB8CD367B,JVWS_JOB_VACANCIES_NOC_72203,72203,Electrical power line and cable workers,trade_power_line,Job vacancies,,Number,PR_48,2016-07-01,2016-09-30,STATCAN_JVWS_14100444,observed,2016-09-30,TR_STATCAN_JVWS_AB_NOC_1_0_0,status:F|value_missing_or_suppressed
OBS_JVWS_0B359DCCE0BB0DFDB800,JVWS_AVERAGE_OFFERED_HOURLY_WAGE_NOC_73100,73100,Concrete finishers,trade_concrete,Average offered hourly wage,,Dollars,PR_48,2016-10-01,2016-12-31,STATCAN_JVWS_14100444,observed,2016-12-31,TR_STATCAN_JVWS_AB_NOC_1_0_0,status:F|value_missing_or_suppressed
OBS_JVWS_07E8DB64628C338FA664,JVWS_JOB_VACANCIES_NOC_73100,73100,Concrete finishers,trade_concrete,Job vacancies,,Number,PR_48,2016-10-01,2016-12-31,STATCAN_JVWS_14100444,observed,2016-12-31,TR_STATCAN_JVWS_AB_NOC_1_0_0,status:F|value_missing_or_suppressed
OBS_JVWS_10B2C0F8C19F4B47B0D3,JVWS_AVERAGE_OFFERED_HOURLY_WAGE_NOC_72200,72200,Electricians (except industrial and power system),trade_electricians,Average offered hourly wage,21.15,Dollars,PR_48,2016-10-01,2016-12-31,STATCAN_JVWS_14100444,observed,2016-12-31,TR_STATCAN_JVWS_AB_NOC_1_0_0,status:C
OBS_JVWS_11C7FD478867AD46F532,JVWS_JOB_VACANCIES_NOC_72200,72200,Electricians (except industrial and power system),trade_electricians,Job vacancies,,Number,PR_48,2016-10-01,2016-12-31,STATCAN_JVWS_14100444,observed,2016-12-31,TR_STATCAN_JVWS_AB_NOC_1_0_0,status:F|value_missing_or_suppressed
OBS_JVWS_75CA53930C957F95B2A7,JVWS_AVERAGE_OFFERED_HOURLY_WAGE_NOC_72201,72201,Industrial electricians,trade_electricians,Average offered hourly wage,,Dollars,PR_48,2016-10-01,2016-12-31,STATCAN_JVWS_14100444,observed,2016-12-31,TR_STATCAN_JVWS_AB_NOC_1_0_0,status:x|value_missing_or_suppressed
OBS_JVWS_CC450E27D7F86F9C6FF8,JVWS_JOB_VACANCIES_NOC_72201,72201,Industrial electricians,trade_electricians,Job vacancies,,Number,PR_48,2016-10-01,2016-12-31,STATCAN_JVWS_14100444,observed,2016-12-31,TR_STATCAN_JVWS_AB_NOC_1_0_0,status:x|value_missing_or_suppressed
OBS_JVWS_82A440C29B466A2BC6DD,JVWS_AVERAGE_OFFERED_HOURLY_WAGE_NOC_72402,72402,"Heating, refrigeration and air conditioning mechanics",trade_hvac,Average offered hourly wage,35.15,Dollars,PR_48,2016-10-01,2016-12-31,STATCAN_JVWS_14100444,observed,2016-12-31,TR_STATCAN_JVWS_AB_NOC_1_0_0,status:B
OBS_JVWS_23530312212E3FA7046E,JVWS_JOB_VACANCIES_NOC_72402,72402,"Heating, refrigeration and air conditioning mechanics",trade_hvac,Job vacancies,,Number,PR_48,2016-10-01,2016-12-31,STATCAN_JVWS_14100444,observed,2016-12-31,TR_STATCAN_JVWS_AB_NOC_1_0_0,status:F|value_missing_or_suppressed
OBS_JVWS_E0E6285EE03251BC374B,JVWS_AVERAGE_OFFERED_HOURLY_WAGE_NOC_72202,72202,Power system electricians,trade_power_line,Average offered hourly wage,,Dollars,PR_48,2016-10-01,2016-12-31,STATCAN_JVWS_14100444,observed,2016-12-31,TR_STATCAN_JVWS_AB_NOC_1_0_0,status:F|value_missing_or_suppressed
OBS_JVWS_D59696112034584A4A88,JVWS_JOB_VACANCIES_NOC_72202,72202,Power system electricians,trade_power_line,Job vacancies,,Number,PR_48,2016-10-01,2016-12-31,STATCAN_JVWS_14100444,observed,2016-12-31,TR_STATCAN_JVWS_AB_NOC_1_0_0,status:F|value_missing_or_suppressed
OBS_JVWS_AE859FB15A8850B95370,JVWS_AVERAGE_OFFERED_HOURLY_WAGE_NOC_72203,72203,Electrical power line and cable workers,trade_power_line,Average offered hourly wage,,Dollars,PR_48,2016-10-01,2016-12-31,STATCAN_JVWS_14100444,observed,2016-12-31,TR_STATCAN_JVWS_AB_NOC_1_0_0,status:x|value_missing_or_suppressed
OBS_JVWS_C9535BAAAF66F462FAB4,JVWS_JOB_VACANCIES_NOC_72203,72203,Electrical power line and cable workers,trade_power_line,Job vacancies,,Number,PR_48,2016-10-01,2016-12-31,STATCAN_JVWS_14100444,observed,2016-12-31,TR_STATCAN_JVWS_AB_NOC_1_0_0,status:x|value_missing_or_suppressed
OBS_JVWS_89AD0F2F4F0E805CFA9E,JVWS_AVERAGE_OFFERED_HOURLY_WAGE_NOC_73100,73100,Concrete finishers,trade_concrete,Average offered hourly wage,25.2,Dollars,PR_48,2017-01-01,2017-03-31,STATCAN_JVWS_14100444,observed,2017-03-31,TR_STATCAN_JVWS_AB_NOC_1_0_0,status:B
OBS_JVWS_F4A7F2D835199EA746B6,JVWS_JOB_VACANCIES_NOC_73100,73100,Concrete finishers,trade_concrete,Job vacancies,,Number,PR_48,2017-01-01,2017-03-31,STATCAN_JVWS_14100444,observed,2017-03-31,TR_STATCAN_JVWS_AB_NOC_1_0_0,status:F|value_missing_or_suppressed
OBS_JVWS_2036E408F068C190A72D,JVWS_AVERAGE_OFFERED_HOURLY_WAGE_NOC_72200,72200,Electricians (except industrial and power system),trade_electricians,Average offered hourly wage,26.3,Dollars,PR_48,2017-01-01,2017-03-31,STATCAN_JVWS_14100444,observed,2017-03-31,TR_STATCAN_JVWS_AB_NOC_1_0_0,status:E
OBS_JVWS_5F7752B3982F145E18F9,JVWS_JOB_VACANCIES_NOC_72200,72200,Electricians (except industrial and power system),trade_electricians,Job vacancies,,Number,PR_48,2017-01-01,2017-03-31,STATCAN_JVWS_14100444,observed,2017-03-31,TR_STATCAN_JVWS_AB_NOC_1_0_0,status:F|value_missing_or_suppressed
OBS_JVWS_F56D250214A52A88E43F,JVWS_AVERAGE_OFFERED_HOURLY_WAGE_NOC_72201,72201,Industrial electricians,trade_electricians,Average offered hourly wage,25.95,Dollars,PR_48,2017-01-01,2017-03-31,STATCAN_JVWS_14100444,observed,2017-03-31,TR_STATCAN_JVWS_AB_NOC_1_0_0,status:D
OBS_JVWS_0E185C74E4D02F517B1A,JVWS_JOB_VACANCIES_NOC_72201,72201,Industrial electricians,trade_electricians,Job vacancies,,Number,PR_48,2017-01-01,2017-03-31,STATCAN_JVWS_14100444,observed,2017-03-31,TR_STATCAN_JVWS_AB_NOC_1_0_0,status:F|value_missing_or_suppressed
OBS_JVWS_BBBBF04D0675E5409536,JVWS_AVERAGE_OFFERED_HOURLY_WAGE_NOC_72402,72402,"Heating, refrigeration and air conditioning mechanics",trade_hvac,Average offered hourly wage,30.85,Dollars,PR_48,2017-01-01,2017-03-31,STATCAN_JVWS_14100444,observed,2017-03-31,TR_STATCAN_JVWS_AB_NOC_1_0_0,status:D
OBS_JVWS_5F8ADEBB33999A841B38,JVWS_JOB_VACANCIES_NOC_72402,72402,"Heating, refrigeration and air conditioning mechanics",trade_hvac,Job vacancies,,Number,PR_48,2017-01-01,2017-03-31,STATCAN_JVWS_14100444,observed,2017-03-31,TR_STATCAN_JVWS_AB_NOC_1_0_0,status:F|value_missing_or_suppressed
OBS_JVWS_280F69B2C4952ABB0EBF,JVWS_AVERAGE_OFFERED_HOURLY_WAGE_NOC_72202,72202,Power system electricians,trade_power_line,Average offered hourly wage,,Dollars,PR_48,2017-01-01,2017-03-31,STATCAN_JVWS_14100444,observed,2017-03-31,TR_STATCAN_JVWS_AB_NOC_1_0_0,status:..|value_missing_or_suppressed
OBS_JVWS_97734CA4DAFD70F49889,JVWS_JOB_VACANCIES_NOC_72202,72202,Power system electricians,trade_power_line,Job vacancies,,Number,PR_48,2017-01-01,2017-03-31,STATCAN_JVWS_14100444,observed,2017-03-31,TR_STATCAN_JVWS_AB_NOC_1_0_0,status:..|value_missing_or_suppressed
OBS_JVWS_19C2265A32BFEE7AA971,JVWS_AVERAGE_OFFERED_HOURLY_WAGE_NOC_72203,72203,Electrical power line and cable workers,trade_power_line,Average offered hourly wage,,Dollars,PR_48,2017-01-01,2017-03-31,STATCAN_JVWS_14100444,observed,2017-03-31,TR_STATCAN_JVWS_AB_NOC_1_0_0,status:F|value_missing_or_suppressed
OBS_JVWS_9CF5B9BBE6A7DA1B233F,JVWS_JOB_VACANCIES_NOC_72203,72203,Electrical power line and cable workers,trade_power_line,Job vacancies,,Number,PR_48,2017-01-01,2017-03-31,STATCAN_JVWS_14100444,observed,2017-03-31,TR_STATCAN_JVWS_AB_NOC_1_0_0,status:F|value_missing_or_suppressed
OBS_JVWS_2C9F7EF83DD6F744E937,JVWS_AVERAGE_OFFERED_HOURLY_WAGE_NOC_73100,73100,Concrete finishers,trade_concrete,Average offered hourly wage,24.95,Dollars,PR_48,2017-04-01,2017-06-30,STATCAN_JVWS_14100444,observed,2017-06-30,TR_STATCAN_JVWS_AB_NOC_1_0_0,status:B
OBS_JVWS_0585465B89842E85C1F6,JVWS_JOB_VACANCIES_NOC_73100,73100,Concrete finishers,trade_concrete,Job vacancies,,Number,PR_48,2017-04-01,2017-06-30,STATCAN_JVWS_14100444,observed,2017-06-30,TR_STATCAN_JVWS_AB_NOC_1_0_0,status:F|value_missing_or_suppressed
OBS_JVWS_31787AE71771F2CA10D2,JVWS_AVERAGE_OFFERED_HOURLY_WAGE_NOC_72200,72200,Electricians (except industrial and power system),trade_electricians,Average offered hourly wage,29.05,Dollars,PR_48,2017-04-01,2017-06-30,STATCAN_JVWS_14100444,observed,2017-06-30,TR_STATCAN_JVWS_AB_NOC_1_0_0,status:C
OBS_JVWS_FC0CB0632A628864FB54,JVWS_JOB_VACANCIES_NOC_72200,72200,Electricians (except industrial and power system),trade_electricians,Job vacancies,,Number,PR_48,2017-04-01,2017-06-30,STATCAN_JVWS_14100444,observed,2017-06-30,TR_STATCAN_JVWS_AB_NOC_1_0_0,status:F|value_missing_or_suppressed
OBS_JVWS_4BBDAA877B86D3A8D16B,JVWS_AVERAGE_OFFERED_HOURLY_WAGE_NOC_72201,72201,Industrial electricians,trade_electricians,Average offered hourly wage,31.45,Dollars,PR_48,2017-04-01,2017-06-30,STATCAN_JVWS_14100444,observed,2017-06-30,TR_STATCAN_JVWS_AB_NOC_1_0_0,status:B
OBS_JVWS_04868727813B2EB3FCF3,JVWS_JOB_VACANCIES_NOC_72201,72201,Industrial electricians,trade_electricians,Job vacancies,50.0,Number,PR_48,2017-04-01,2017-06-30,STATCAN_JVWS_14100444,observed,2017-06-30,TR_STATCAN_JVWS_AB_NOC_1_0_0,status:D
OBS_JVWS_980BD33BA4E5B39CEEBE,JVWS_AVERAGE_OFFERED_HOURLY_WAGE_NOC_72402,72402,"Heating, refrigeration and air conditioning mechanics",trade_hvac,Average offered hourly wage,32.7,Dollars,PR_48,2017-04-01,2017-06-30,STATCAN_JVWS_14100444,observed,2017-06-30,TR_STATCAN_JVWS_AB_NOC_1_0_0,status:C
OBS_JVWS_BA0C141AFDE68CB5F6AF,JVWS_JOB_VACANCIES_NOC_72402,72402,"Heating, refrigeration and air conditioning mechanics",trade_hvac,Job vacancies,,Number,PR_48,2017-04-01,2017-06-30,STATCAN_JVWS_14100444,observed,2017-06-30,TR_STATCAN_JVWS_AB_NOC_1_0_0,status:F|value_missing_or_suppressed
OBS_JVWS_9E4E5B1F6BE6227EC7C4,JVWS_AVERAGE_OFFERED_HOURLY_WAGE_NOC_72202,72202,Power system electricians,trade_power_line,Average offered hourly wage,,Dollars,PR_48,2017-04-01,2017-06-30,STATCAN_JVWS_14100444,observed,2017-06-30,TR_STATCAN_JVWS_AB_NOC_1_0_0,status:F|value_missing_or_suppressed
OBS_JVWS_951A70DAF498E6AA3A28,JVWS_JOB_VACANCIES_NOC_72202,72202,Power system electricians,trade_power_line,Job vacancies,,Number,PR_48,2017-04-01,2017-06-30,STATCAN_JVWS_14100444,observed,2017-06-30,TR_STATCAN_JVWS_AB_NOC_1_0_0,status:F|value_missing_or_suppressed
OBS_JVWS_83DE83B7BA35FADB91E9,JVWS_AVERAGE_OFFERED_HOURLY_WAGE_NOC_72203,72203,Electrical power line and cable workers,trade_power_line,Average offered hourly wage,,Dollars,PR_48,2017-04-01,2017-06-30,STATCAN_JVWS_14100444,observed,2017-06-30,TR_STATCAN_JVWS_AB_NOC_1_0_0,status:F|value_missing_or_suppressed
OBS_JVWS_D444A424E16CA4B61E4A,JVWS_JOB_VACANCIES_NOC_72203,72203,Electrical power line and cable workers,trade_power_line,Job vacancies,,Number,PR_48,2017-04-01,2017-06-30,STATCAN_JVWS_14100444,observed,2017-06-30,TR_STATCAN_JVWS_AB_NOC_1_0_0,status:F|value_missing_or_suppressed
OBS_JVWS_066AE3D2094787E7D464,JVWS_AVERAGE_OFFERED_HOURLY_WAGE_NOC_73100,73100,Concrete finishers,trade_concrete,Average offered hourly wage,29.6,Dollars,PR_48,2017-07-01,2017-09-30,STATCAN_JVWS_14100444,observed,2017-09-30,TR_STATCAN_JVWS_AB_NOC_1_0_0,status:B
OBS_JVWS_FC37447ABC34EA454C37,JVWS_JOB_VACANCIES_NOC_73100,73100,Concrete finishers,trade_concrete,Job vacancies,,Number,PR_48,2017-07-01,2017-09-30,STATCAN_JVWS_14100444,observed,2017-09-30,TR_STATCAN_JVWS_AB_NOC_1_0_0,status:F|value_missing_or_suppressed
OBS_JVWS_2B75899C4D5B3EEE7E2E,JVWS_AVERAGE_OFFERED_HOURLY_WAGE_NOC_72200,72200,Electricians (except industrial and power system),trade_electricians,Average offered hourly wage,29.8,Dollars,PR_48,2017-07-01,2017-09-30,STATCAN_JVWS_14100444,observed,2017-09-30,TR_STATCAN_JVWS_AB_NOC_1_0_0,status:B
OBS_JVWS_8E32B08079F14CC04AE6,JVWS_JOB_VACANCIES_NOC_72200,72200,Electricians (except industrial and power system),trade_electricians,Job vacancies,465.0,Number,PR_48,2017-07-01,2017-09-30,STATCAN_JVWS_14100444,observed,2017-09-30,TR_STATCAN_JVWS_AB_NOC_1_0_0,status:E
OBS_JVWS_F5A9DEF2F3141A5CC86E,JVWS_AVERAGE_OFFERED_HOURLY_WAGE_NOC_72201,72201,Industrial electricians,trade_electricians,Average offered hourly wage,28.9,Dollars,PR_48,2017-07-01,2017-09-30,STATCAN_JVWS_14100444,observed,2017-09-30,TR_STATCAN_JVWS_AB_NOC_1_0_0,status:E
OBS_JVWS_93E229F949EC03747883,JVWS_JOB_VACANCIES_NOC_72201,72201,Industrial electricians,trade_electricians,Job vacancies,,Number,PR_48,2017-07-01,2017-09-30,STATCAN_JVWS_14100444,observed,2017-09-30,TR_STATCAN_JVWS_AB_NOC_1_0_0,status:F|value_missing_or_suppressed
OBS_JVWS_376A07BEDE3C38F271D7,JVWS_AVERAGE_OFFERED_HOURLY_WAGE_NOC_72402,72402,"Heating, refrigeration and air conditioning mechanics",trade_hvac,Average offered hourly wage,37.8,Dollars,PR_48,2017-07-01,2017-09-30,STATCAN_JVWS_14100444,observed,2017-09-30,TR_STATCAN_JVWS_AB_NOC_1_0_0,status:B
OBS_JVWS_96F011F6F1CEBA7E99F3,JVWS_JOB_VACANCIES_NOC_72402,72402,"Heating, refrigeration and air conditioning mechanics",trade_hvac,Job vacancies,,Number,PR_48,2017-07-01,2017-09-30,STATCAN_JVWS_14100444,observed,2017-09-30,TR_STATCAN_JVWS_AB_NOC_1_0_0,status:F|value_missing_or_suppressed
OBS_JVWS_70C2C6BD9A4AA5DA4987,JVWS_AVERAGE_OFFERED_HOURLY_WAGE_NOC_72202,72202,Power system electricians,trade_power_line,Average offered hourly wage,,Dollars,PR_48,2017-07-01,2017-09-30,STATCAN_JVWS_14100444,observed,2017-09-30,TR_STATCAN_JVWS_AB_NOC_1_0_0,status:..|value_missing_or_suppressed
OBS_JVWS_764EA58D349F86187B3A,JVWS_JOB_VACANCIES_NOC_72202,72202,Power system electricians,trade_power_line,Job vacancies,,Number,PR_48,2017-07-01,2017-09-30,STATCAN_JVWS_14100444,observed,2017-09-30,TR_STATCAN_JVWS_AB_NOC_1_0_0,status:..|value_missing_or_suppressed
OBS_JVWS_06F1D51A6326381B5713,JVWS_AVERAGE_OFFERED_HOURLY_WAGE_NOC_72203,72203,Electrical power line and cable workers,trade_power_line,Average offered hourly wage,,Dollars,PR_48,2017-07-01,2017-09-30,STATCAN_JVWS_14100444,observed,2017-09-30,TR_STATCAN_JVWS_AB_NOC_1_0_0,status:F|value_missing_or_suppressed
OBS_JVWS_1969016681A233DD13F5,JVWS_JOB_VACANCIES_NOC_72203,72203,Electrical power line and cable workers,trade_power_line,Job vacancies,,Number,PR_48,2017-07-01,2017-09-30,STATCAN_JVWS_14100444,observed,2017-09-30,TR_STATCAN_JVWS_AB_NOC_1_0_0,status:F|value_missing_or_suppressed
OBS_JVWS_B18A193632B54D0894F0,JVWS_AVERAGE_OFFERED_HOURLY_WAGE_NOC_73100,73100,Concrete finishers,trade_concrete,Average offered hourly wage,24.95,Dollars,PR_48,2017-10-01,2017-12-31,STATCAN_JVWS_14100444,observed,2017-12-31,TR_STATCAN_JVWS_AB_NOC_1_0_0,status:C
OBS_JVWS_8149FEFB63F986B98178,JVWS_JOB_VACANCIES_NOC_73100,73100,Concrete finishers,trade_concrete,Job vacancies,,Number,PR_48,2017-10-01,2017-12-31,STATCAN_JVWS_14100444,observed,2017-12-31,TR_STATCAN_JVWS_AB_NOC_1_0_0,status:F|value_missing_or_suppressed
OBS_JVWS_ED2FE0D523F4617D60A2,JVWS_AVERAGE_OFFERED_HOURLY_WAGE_NOC_72200,72200,Electricians (except industrial and power system),trade_electricians,Average offered hourly wage,25.4,Dollars,PR_48,2017-10-01,2017-12-31,STATCAN_JVWS_14100444,observed,2017-12-31,TR_STATCAN_JVWS_AB_NOC_1_0_0,status:B
OBS_JVWS_8B9B8DE1CFEB049AA578,JVWS_JOB_VACANCIES_NOC_72200,72200,Electricians (except industrial and power system),trade_electricians,Job vacancies,,Number,PR_48,2017-10-01,2017-12-31,STATCAN_JVWS_14100444,observed,2017-12-31,TR_STATCAN_JVWS_AB_NOC_1_0_0,status:F|value_missing_or_suppressed
OBS_JVWS_33DC7960AE30CB898221,JVWS_AVERAGE_OFFERED_HOURLY_WAGE_NOC_72201,72201,Industrial electricians,trade_electricians,Average offered hourly wage,36.7,Dollars,PR_48,2017-10-01,2017-12-31,STATCAN_JVWS_14100444,observed,2017-12-31,TR_STATCAN_JVWS_AB_NOC_1_0_0,status:A
OBS_JVWS_74878857A4241C1404B9,JVWS_JOB_VACANCIES_NOC_72201,72201,Industrial electricians,trade_electricians,Job vacancies,70.0,Number,PR_48,2017-10-01,2017-12-31,STATCAN_JVWS_14100444,observed,2017-12-31,TR_STATCAN_JVWS_AB_NOC_1_0_0,status:D
OBS_JVWS_A6E5AE5CC5945F2B0495,JVWS_AVERAGE_OFFERED_HOURLY_WAGE_NOC_72402,72402,"Heating, refrigeration and air conditioning mechanics",trade_hvac,Average offered hourly wage,36.9,Dollars,PR_48,2017-10-01,2017-12-31,STATCAN_JVWS_14100444,observed,2017-12-31,TR_STATCAN_JVWS_AB_NOC_1_0_0,status:C
OBS_JVWS_79A1D53A5543620FE77F,JVWS_JOB_VACANCIES_NOC_72402,72402,"Heating, refrigeration and air conditioning mechanics",trade_hvac,Job vacancies,115.0,Number,PR_48,2017-10-01,2017-12-31,STATCAN_JVWS_14100444,observed,2017-12-31,TR_STATCAN_JVWS_AB_NOC_1_0_0,status:E
OBS_JVWS_875E86189ED84DEBA7F9,JVWS_AVERAGE_OFFERED_HOURLY_WAGE_NOC_72202,72202,Power system electricians,trade_power_line,Average offered hourly wage,,Dollars,PR_48,2017-10-01,2017-12-31,STATCAN_JVWS_14100444,observed,2017-12-31,TR_STATCAN_JVWS_AB_NOC_1_0_0,status:F|value_missing_or_suppressed
OBS_JVWS_D0E8A49FF6C0D7AF80E0,JVWS_JOB_VACANCIES_NOC_72202,72202,Power system electricians,trade_power_line,Job vacancies,,Number,PR_48,2017-10-01,2017-12-31,STATCAN_JVWS_14100444,observed,2017-12-31,TR_STATCAN_JVWS_AB_NOC_1_0_0,status:F|value_missing_or_suppressed
OBS_JVWS_702FC13928AEC925DB38,JVWS_AVERAGE_OFFERED_HOURLY_WAGE_NOC_72203,72203,Electrical power line and cable workers,trade_power_line,Average offered hourly wage,,Dollars,PR_48,2017-10-01,2017-12-31,STATCAN_JVWS_14100444,observed,2017-12-31,TR_STATCAN_JVWS_AB_NOC_1_0_0,status:F|value_missing_or_suppressed
OBS_JVWS_C5EC94CCDB1994448F21,JVWS_JOB_VACANCIES_NOC_72203,72203,Electrical power line and cable workers,trade_power_line,Job vacancies,,Number,PR_48,2017-10-01,2017-12-31,STATCAN_JVWS_14100444,observed,2017-12-31,TR_STATCAN_JVWS_AB_NOC_1_0_0,status:F|value_missing_or_suppressed
OBS_JVWS_C78991FAD30BDC45FC6F,JVWS_AVERAGE_OFFERED_HOURLY_WAGE_NOC_73100,73100,Concrete finishers,trade_concrete,Average offered hourly wage,29.1,Dollars,PR_48,2018-01-01,2018-03-31,STATCAN_JVWS_14100444,observed,2018-03-31,TR_STATCAN_JVWS_AB_NOC_1_0_0,status:A
OBS_JVWS_011B87F58F6E23660709,JVWS_JOB_VACANCIES_NOC_73100,73100,Concrete finishers,trade_concrete,Job vacancies,,Number,PR_48,2018-01-01,2018-03-31,STATCAN_JVWS_14100444,observed,2018-03-31,TR_STATCAN_JVWS_AB_NOC_1_0_0,status:F|value_missing_or_suppressed
OBS_JVWS_54A3CF92B0A194AE82B4,JVWS_AVERAGE_OFFERED_HOURLY_WAGE_NOC_72200,72200,Electricians (except industrial and power system),trade_electricians,Average offered hourly wage,26.45,Dollars,PR_48,2018-01-01,2018-03-31,STATCAN_JVWS_14100444,observed,2018-03-31,TR_STATCAN_JVWS_AB_NOC_1_0_0,status:B
OBS_JVWS_623275334A516697383A,JVWS_JOB_VACANCIES_NOC_72200,72200,Electricians (except industrial and power system),trade_electricians,Job vacancies,,Number,PR_48,2018-01-01,2018-03-31,STATCAN_JVWS_14100444,observed,2018-03-31,TR_STATCAN_JVWS_AB_NOC_1_0_0,status:F|value_missing_or_suppressed
OBS_JVWS_AEF899ECAF46ACEE24FC,JVWS_AVERAGE_OFFERED_HOURLY_WAGE_NOC_72201,72201,Industrial electricians,trade_electricians,Average offered hourly wage,36.4,Dollars,PR_48,2018-01-01,2018-03-31,STATCAN_JVWS_14100444,observed,2018-03-31,TR_STATCAN_JVWS_AB_NOC_1_0_0,status:A
OBS_JVWS_464E7CCAD83A71ED86E8,JVWS_JOB_VACANCIES_NOC_72201,72201,Industrial electricians,trade_electricians,Job vacancies,75.0,Number,PR_48,2018-01-01,2018-03-31,STATCAN_JVWS_14100444,observed,2018-03-31,TR_STATCAN_JVWS_AB_NOC_1_0_0,status:C
OBS_JVWS_5C055FF7F6FDECF687E7,JVWS_AVERAGE_OFFERED_HOURLY_WAGE_NOC_72402,72402,"Heating, refrigeration and air conditioning mechanics",trade_hvac,Average offered hourly wage,25.65,Dollars,PR_48,2018-01-01,2018-03-31,STATCAN_JVWS_14100444,observed,2018-03-31,TR_STATCAN_JVWS_AB_NOC_1_0_0,status:D
OBS_JVWS_C5748D6D4A901D0EFAA3,JVWS_JOB_VACANCIES_NOC_72402,72402,"Heating, refrigeration and air conditioning mechanics",trade_hvac,Job vacancies,,Number,PR_48,2018-01-01,2018-03-31,STATCAN_JVWS_14100444,observed,2018-03-31,TR_STATCAN_JVWS_AB_NOC_1_0_0,status:F|value_missing_or_suppressed
OBS_JVWS_69A0D8B5DD848C50F0B9,JVWS_AVERAGE_OFFERED_HOURLY_WAGE_NOC_72202,72202,Power system electricians,trade_power_line,Average offered hourly wage,,Dollars,PR_48,2018-01-01,2018-03-31,STATCAN_JVWS_14100444,observed,2018-03-31,TR_STATCAN_JVWS_AB_NOC_1_0_0,status:..|value_missing_or_suppressed
OBS_JVWS_6BDB1B25FB00717569C6,JVWS_JOB_VACANCIES_NOC_72202,72202,Power system electricians,trade_power_line,Job vacancies,,Number,PR_48,2018-01-01,2018-03-31,STATCAN_JVWS_14100444,observed,2018-03-31,TR_STATCAN_JVWS_AB_NOC_1_0_0,status:..|value_missing_or_suppressed
OBS_JVWS_AEC963E3AE8176FFF9B5,JVWS_AVERAGE_OFFERED_HOURLY_WAGE_NOC_72203,72203,Electrical power line and cable workers,trade_power_line,Average offered hourly wage,,Dollars,PR_48,2018-01-01,2018-03-31,STATCAN_JVWS_14100444,observed,2018-03-31,TR_STATCAN_JVWS_AB_NOC_1_0_0,status:F|value_missing_or_suppressed
OBS_JVWS_78F3373BC5DF7A425C99,JVWS_JOB_VACANCIES_NOC_72203,72203,Electrical power line and cable workers,trade_power_line,Job vacancies,,Number,PR_48,2018-01-01,2018-03-31,STATCAN_JVWS_14100444,observed,2018-03-31,TR_STATCAN_JVWS_AB_NOC_1_0_0,status:F|value_missing_or_suppressed
OBS_JVWS_B959746D12C02288053F,JVWS_AVERAGE_OFFERED_HOURLY_WAGE_NOC_73100,73100,Concrete finishers,trade_concrete,Average offered hourly wage,27.45,Dollars,PR_48,2018-04-01,2018-06-30,STATCAN_JVWS_14100444,observed,2018-06-30,TR_STATCAN_JVWS_AB_NOC_1_0_0,status:A
OBS_JVWS_5DE8CCF9CBC6BAB97B11,JVWS_JOB_VACANCIES_NOC_73100,73100,Concrete finishers,trade_concrete,Job vacancies,305.0,Number,PR_48,2018-04-01,2018-06-30,STATCAN_JVWS_14100444,observed,2018-06-30,TR_STATCAN_JVWS_AB_NOC_1_0_0,status:E
OBS_JVWS_5206EFDABF68666BEF6C,JVWS_AVERAGE_OFFERED_HOURLY_WAGE_NOC_72200,72200,Electricians (except industrial and power system),trade_electricians,Average offered hourly wage,23.7,Dollars,PR_48,2018-04-01,2018-06-30,STATCAN_JVWS_14100444,observed,2018-06-30,TR_STATCAN_JVWS_AB_NOC_1_0_0,status:B
OBS_JVWS_EC5D86AB3C744180401E,JVWS_JOB_VACANCIES_NOC_72200,72200,Electricians (except industrial and power system),trade_electricians,Job vacancies,,Number,PR_48,2018-04-01,2018-06-30,STATCAN_JVWS_14100444,observed,2018-06-30,TR_STATCAN_JVWS_AB_NOC_1_0_0,status:F|value_missing_or_suppressed
OBS_JVWS_A4DC6921F6C39ED6E2A0,JVWS_AVERAGE_OFFERED_HOURLY_WAGE_NOC_72201,72201,Industrial electricians,trade_electricians,Average offered hourly wage,37.2,Dollars,PR_48,2018-04-01,2018-06-30,STATCAN_JVWS_14100444,observed,2018-06-30,TR_STATCAN_JVWS_AB_NOC_1_0_0,status:A
OBS_JVWS_E7419CEA112A8BAA7E23,JVWS_JOB_VACANCIES_NOC_72201,72201,Industrial electricians,trade_electricians,Job vacancies,,Number,PR_48,2018-04-01,2018-06-30,STATCAN_JVWS_14100444,observed,2018-06-30,TR_STATCAN_JVWS_AB_NOC_1_0_0,status:F|value_missing_or_suppressed
OBS_JVWS_F1DB30136F8DD5FF1161,JVWS_AVERAGE_OFFERED_HOURLY_WAGE_NOC_72402,72402,"Heating, refrigeration and air conditioning mechanics",trade_hvac,Average offered hourly wage,32.35,Dollars,PR_48,2018-04-01,2018-06-30,STATCAN_JVWS_14100444,observed,2018-06-30,TR_STATCAN_JVWS_AB_NOC_1_0_0,status:B
OBS_JVWS_9F16161462F3C2114483,JVWS_JOB_VACANCIES_NOC_72402,72402,"Heating, refrigeration and air conditioning mechanics",trade_hvac,Job vacancies,35.0,Number,PR_48,2018-04-01,2018-06-30,STATCAN_JVWS_14100444,observed,2018-06-30,TR_STATCAN_JVWS_AB_NOC_1_0_0,status:E
OBS_JVWS_D036346DF0B761589E09,JVWS_AVERAGE_OFFERED_HOURLY_WAGE_NOC_72202,72202,Power system electricians,trade_power_line,Average offered hourly wage,,Dollars,PR_48,2018-04-01,2018-06-30,STATCAN_JVWS_14100444,observed,2018-06-30,TR_STATCAN_JVWS_AB_NOC_1_0_0,status:F|value_missing_or_suppressed
OBS_JVWS_8BC43ABBADB20FBDCAE1,JVWS_JOB_VACANCIES_NOC_72202,72202,Power system electricians,trade_power_line,Job vacancies,,Number,PR_48,2018-04-01,2018-06-30,STATCAN_JVWS_14100444,observed,2018-06-30,TR_STATCAN_JVWS_AB_NOC_1_0_0,status:F|value_missing_or_suppressed
OBS_JVWS_238E24DC23FA1171A7FE,JVWS_AVERAGE_OFFERED_HOURLY_WAGE_NOC_72203,72203,Electrical power line and cable workers,trade_power_line,Average offered hourly wage,,Dollars,PR_48,2018-04-01,2018-06-30,STATCAN_JVWS_14100444,observed,2018-06-30,TR_STATCAN_JVWS_AB_NOC_1_0_0,status:..|value_missing_or_suppressed
OBS_JVWS_E77B12546694BAAEC3F6,JVWS_JOB_VACANCIES_NOC_72203,72203,Electrical power line and cable workers,trade_power_line,Job vacancies,,Number,PR_48,2018-04-01,2018-06-30,STATCAN_JVWS_14100444,observed,2018-06-30,TR_STATCAN_JVWS_AB_NOC_1_0_0,status:..|value_missing_or_suppressed
OBS_JVWS_DC560C8E75DD78143C89,JVWS_AVERAGE_OFFERED_HOURLY_WAGE_NOC_73100,73100,Concrete finishers,trade_concrete,Average offered hourly wage,30.2,Dollars,PR_48,2018-07-01,2018-09-30,STATCAN_JVWS_14100444,observed,2018-09-30,TR_STATCAN_JVWS_AB_NOC_1_0_0,status:A
OBS_JVWS_C3CB443F8425167CE271,JVWS_JOB_VACANCIES_NOC_73100,73100,Concrete finishers,trade_concrete,Job vacancies,105.0,Number,PR_48,2018-07-01,2018-09-30,STATCAN_JVWS_14100444,observed,2018-09-30,TR_STATCAN_JVWS_AB_NOC_1_0_0,status:E
OBS_JVWS_13C24B6548297028784F,JVWS_AVERAGE_OFFERED_HOURLY_WAGE_NOC_72200,72200,Electricians (except industrial and power system),trade_electricians,Average offered hourly wage,28.75,Dollars,PR_48,2018-07-01,2018-09-30,STATCAN_JVWS_14100444,observed,2018-09-30,TR_STATCAN_JVWS_AB_NOC_1_0_0,status:B
OBS_JVWS_4894BB378AB1ED4962A7,JVWS_JOB_VACANCIES_NOC_72200,72200,Electricians (except industrial and power system),trade_electricians,Job vacancies,420.0,Number,PR_48,2018-07-01,2018-09-30,STATCAN_JVWS_14100444,observed,2018-09-30,TR_STATCAN_JVWS_AB_NOC_1_0_0,status:D
OBS_JVWS_61353A0C95CF9AF841E2,JVWS_AVERAGE_OFFERED_HOURLY_WAGE_NOC_72201,72201,Industrial electricians,trade_electricians,Average offered hourly wage,36.55,Dollars,PR_48,2018-07-01,2018-09-30,STATCAN_JVWS_14100444,observed,2018-09-30,TR_STATCAN_JVWS_AB_NOC_1_0_0,status:A
OBS_JVWS_1547982F15A718C61E97,JVWS_JOB_VACANCIES_NOC_72201,72201,Industrial electricians,trade_electricians,Job vacancies,,Number,PR_48,2018-07-01,2018-09-30,STATCAN_JVWS_14100444,observed,2018-09-30,TR_STATCAN_JVWS_AB_NOC_1_0_0,status:F|value_missing_or_suppressed
OBS_JVWS_8DF8725AD130584AC70D,JVWS_AVERAGE_OFFERED_HOURLY_WAGE_NOC_72402,72402,"Heating, refrigeration and air conditioning mechanics",trade_hvac,Average offered hourly wage,40.25,Dollars,PR_48,2018-07-01,2018-09-30,STATCAN_JVWS_14100444,observed,2018-09-30,TR_STATCAN_JVWS_AB_NOC_1_0_0,status:B
OBS_JVWS_75BAD1A5B1DDBE3A6EBD,JVWS_JOB_VACANCIES_NOC_72402,72402,"Heating, refrigeration and air conditioning mechanics",trade_hvac,Job vacancies,55.0,Number,PR_48,2018-07-01,2018-09-30,STATCAN_JVWS_14100444,observed,2018-09-30,TR_STATCAN_JVWS_AB_NOC_1_0_0,status:E
OBS_JVWS_074ACC1EDE12773C5E16,JVWS_AVERAGE_OFFERED_HOURLY_WAGE_NOC_72202,72202,Power system electricians,trade_power_line,Average offered hourly wage,,Dollars,PR_48,2018-07-01,2018-09-30,STATCAN_JVWS_14100444,observed,2018-09-30,TR_STATCAN_JVWS_AB_NOC_1_0_0,status:F|value_missing_or_suppressed
OBS_JVWS_5821EEABC9F3CC6E6849,JVWS_JOB_VACANCIES_NOC_72202,72202,Power system electricians,trade_power_line,Job vacancies,,Number,PR_48,2018-07-01,2018-09-30,STATCAN_JVWS_14100444,observed,2018-09-30,TR_STATCAN_JVWS_AB_NOC_1_0_0,status:F|value_missing_or_suppressed
OBS_JVWS_767F5D8B0CB2817596F5,JVWS_AVERAGE_OFFERED_HOURLY_WAGE_NOC_72203,72203,Electrical power line and cable workers,trade_power_line,Average offered hourly wage,,Dollars,PR_48,2018-07-01,2018-09-30,STATCAN_JVWS_14100444,observed,2018-09-30,TR_STATCAN_JVWS_AB_NOC_1_0_0,status:F|value_missing_or_suppressed
OBS_JVWS_676616CAA0CD88916B2F,JVWS_JOB_VACANCIES_NOC_72203,72203,Electrical power line and cable workers,trade_power_line,Job vacancies,,Number,PR_48,2018-07-01,2018-09-30,STATCAN_JVWS_14100444,observed,2018-09-30,TR_STATCAN_JVWS_AB_NOC_1_0_0,status:F|value_missing_or_suppressed
OBS_JVWS_4A2F40E1A8770F028F6E,JVWS_AVERAGE_OFFERED_HOURLY_WAGE_NOC_73100,73100,Concrete finishers,trade_concrete,Average offered hourly wage,,Dollars,PR_48,2018-10-01,2018-12-31,STATCAN_JVWS_14100444,observed,2018-12-31,TR_STATCAN_JVWS_AB_NOC_1_0_0,status:F|value_missing_or_suppressed
OBS_JVWS_3F786A52701E6CF5C2C9,JVWS_JOB_VACANCIES_NOC_73100,73100,Concrete finishers,trade_concrete,Job vacancies,,Number,PR_48,2018-10-01,2018-12-31,STATCAN_JVWS_14100444,observed,2018-12-31,TR_STATCAN_JVWS_AB_NOC_1_0_0,status:F|value_missing_or_suppressed
OBS_JVWS_8796BBA515DAF13798FF,JVWS_AVERAGE_OFFERED_HOURLY_WAGE_NOC_72200,72200,Electricians (except industrial and power system),trade_electricians,Average offered hourly wage,23.7,Dollars,PR_48,2018-10-01,2018-12-31,STATCAN_JVWS_14100444,observed,2018-12-31,TR_STATCAN_JVWS_AB_NOC_1_0_0,status:B
OBS_JVWS_8A834241DF498E7CFEE2,JVWS_JOB_VACANCIES_NOC_72200,72200,Electricians (except industrial and power system),trade_electricians,Job vacancies,185.0,Number,PR_48,2018-10-01,2018-12-31,STATCAN_JVWS_14100444,observed,2018-12-31,TR_STATCAN_JVWS_AB_NOC_1_0_0,status:E
OBS_JVWS_07E82BC53C51C5B947D2,JVWS_AVERAGE_OFFERED_HOURLY_WAGE_NOC_72201,72201,Industrial electricians,trade_electricians,Average offered hourly wage,35.05,Dollars,PR_48,2018-10-01,2018-12-31,STATCAN_JVWS_14100444,observed,2018-12-31,TR_STATCAN_JVWS_AB_NOC_1_0_0,status:B
OBS_JVWS_D5E01AABF11C4063B90D,JVWS_JOB_VACANCIES_NOC_72201,72201,Industrial electricians,trade_electricians,Job vacancies,55.0,Number,PR_48,2018-10-01,2018-12-31,STATCAN_JVWS_14100444,observed,2018-12-31,TR_STATCAN_JVWS_AB_NOC_1_0_0,status:D
OBS_JVWS_BA86562C24F03538E1A1,JVWS_AVERAGE_OFFERED_HOURLY_WAGE_NOC_72402,72402,"Heating, refrigeration and air conditioning mechanics",trade_hvac,Average offered hourly wage,37.25,Dollars,PR_48,2018-10-01,2018-12-31,STATCAN_JVWS_14100444,observed,2018-12-31,TR_STATCAN_JVWS_AB_NOC_1_0_0,status:B
OBS_JVWS_32F0CD86568897D183AF,JVWS_JOB_VACANCIES_NOC_72402,72402,"Heating, refrigeration and air conditioning mechanics",trade_hvac,Job vacancies,150.0,Number,PR_48,2018-10-01,2018-12-31,STATCAN_JVWS_14100444,observed,2018-12-31,TR_STATCAN_JVWS_AB_NOC_1_0_0,status:E
OBS_JVWS_BD249F71A0591D427A8F,JVWS_AVERAGE_OFFERED_HOURLY_WAGE_NOC_72202,72202,Power system electricians,trade_power_line,Average offered hourly wage,,Dollars,PR_48,2018-10-01,2018-12-31,STATCAN_JVWS_14100444,observed,2018-12-31,TR_STATCAN_JVWS_AB_NOC_1_0_0,status:F|value_missing_or_suppressed
OBS_JVWS_A38A476819E70CB2E639,JVWS_JOB_VACANCIES_NOC_72202,72202,Power system electricians,trade_power_line,Job vacancies,,Number,PR_48,2018-10-01,2018-12-31,STATCAN_JVWS_14100444,observed,2018-12-31,TR_STATCAN_JVWS_AB_NOC_1_0_0,status:F|value_missing_or_suppressed
OBS_JVWS_FF36F7D036D20EE87F80,JVWS_AVERAGE_OFFERED_HOURLY_WAGE_NOC_72203,72203,Electrical power line and cable workers,trade_power_line,Average offered hourly wage,,Dollars,PR_48,2018-10-01,2018-12-31,STATCAN_JVWS_14100444,observed,2018-12-31,TR_STATCAN_JVWS_AB_NOC_1_0_0,status:F|value_missing_or_suppressed
OBS_JVWS_557C05549E7129B25C1D,JVWS_JOB_VACANCIES_NOC_72203,72203,Electrical power line and cable workers,trade_power_line,Job vacancies,,Number,PR_48,2018-10-01,2018-12-31,STATCAN_JVWS_14100444,observed,2018-12-31,TR_STATCAN_JVWS_AB_NOC_1_0_0,status:F|value_missing_or_suppressed
OBS_JVWS_DFB25E16B5D497F972A9,JVWS_AVERAGE_OFFERED_HOURLY_WAGE_NOC_73100,73100,Concrete finishers,trade_concrete,Average offered hourly wage,30.1,Dollars,PR_48,2019-01-01,2019-03-31,STATCAN_JVWS_14100444,observed,2019-03-31,TR_STATCAN_JVWS_AB_NOC_1_0_0,status:A
OBS_JVWS_3DB61F866C49F07F97CE,JVWS_JOB_VACANCIES_NOC_73100,73100,Concrete finishers,trade_concrete,Job vacancies,,Number,PR_48,2019-01-01,2019-03-31,STATCAN_JVWS_14100444,observed,2019-03-31,TR_STATCAN_JVWS_AB_NOC_1_0_0,status:F|value_missing_or_suppressed
OBS_JVWS_43D0AC8787E67EB9BD71,JVWS_AVERAGE_OFFERED_HOURLY_WAGE_NOC_72200,72200,Electricians (except industrial and power system),trade_electricians,Average offered hourly wage,20.85,Dollars,PR_48,2019-01-01,2019-03-31,STATCAN_JVWS_14100444,observed,2019-03-31,TR_STATCAN_JVWS_AB_NOC_1_0_0,status:B
OBS_JVWS_013788FACE73D4D201CE,JVWS_JOB_VACANCIES_NOC_72200,72200,Electricians (except industrial and power system),trade_electricians,Job vacancies,240.0,Number,PR_48,2019-01-01,2019-03-31,STATCAN_JVWS_14100444,observed,2019-03-31,TR_STATCAN_JVWS_AB_NOC_1_0_0,status:E
OBS_JVWS_BBDE52A2D7A3AAC4910F,JVWS_AVERAGE_OFFERED_HOURLY_WAGE_NOC_72201,72201,Industrial electricians,trade_electricians,Average offered hourly wage,39.55,Dollars,PR_48,2019-01-01,2019-03-31,STATCAN_JVWS_14100444,observed,2019-03-31,TR_STATCAN_JVWS_AB_NOC_1_0_0,status:C
OBS_JVWS_1C9B36CC2E3760FE3303,JVWS_JOB_VACANCIES_NOC_72201,72201,Industrial electricians,trade_electricians,Job vacancies,70.0,Number,PR_48,2019-01-01,2019-03-31,STATCAN_JVWS_14100444,observed,2019-03-31,TR_STATCAN_JVWS_AB_NOC_1_0_0,status:E
OBS_JVWS_8AE7365074DDEB5E06BE,JVWS_AVERAGE_OFFERED_HOURLY_WAGE_NOC_72402,72402,"Heating, refrigeration and air conditioning mechanics",trade_hvac,Average offered hourly wage,31.65,Dollars,PR_48,2019-01-01,2019-03-31,STATCAN_JVWS_14100444,observed,2019-03-31,TR_STATCAN_JVWS_AB_NOC_1_0_0,status:B
OBS_JVWS_509A1701FAD4B41D3671,JVWS_JOB_VACANCIES_NOC_72402,72402,"Heating, refrigeration and air conditioning mechanics",trade_hvac,Job vacancies,,Number,PR_48,2019-01-01,2019-03-31,STATCAN_JVWS_14100444,observed,2019-03-31,TR_STATCAN_JVWS_AB_NOC_1_0_0,status:F|value_missing_or_suppressed
OBS_JVWS_6B6C973EFF666E4C43B2,JVWS_AVERAGE_OFFERED_HOURLY_WAGE_NOC_72202,72202,Power system electricians,trade_power_line,Average offered hourly wage,,Dollars,PR_48,2019-01-01,2019-03-31,STATCAN_JVWS_14100444,observed,2019-03-31,TR_STATCAN_JVWS_AB_NOC_1_0_0,status:F|value_missing_or_suppressed
OBS_JVWS_FF4F9C153B1CC6CC6424,JVWS_JOB_VACANCIES_NOC_72202,72202,Power system electricians,trade_power_line,Job vacancies,,Number,PR_48,2019-01-01,2019-03-31,STATCAN_JVWS_14100444,observed,2019-03-31,TR_STATCAN_JVWS_AB_NOC_1_0_0,status:F|value_missing_or_suppressed
OBS_JVWS_B13A4A283C227EBCD712,JVWS_AVERAGE_OFFERED_HOURLY_WAGE_NOC_72203,72203,Electrical power line and cable workers,trade_power_line,Average offered hourly wage,,Dollars,PR_48,2019-01-01,2019-03-31,STATCAN_JVWS_14100444,observed,2019-03-31,TR_STATCAN_JVWS_AB_NOC_1_0_0,status:F|value_missing_or_suppressed
OBS_JVWS_5394C2497B754FA6CDA2,JVWS_JOB_VACANCIES_NOC_72203,72203,Electrical power line and cable workers,trade_power_line,Job vacancies,,Number,PR_48,2019-01-01,2019-03-31,STATCAN_JVWS_14100444,observed,2019-03-31,TR_STATCAN_JVWS_AB_NOC_1_0_0,status:F|value_missing_or_suppressed
OBS_JVWS_9D4EBBEED1E02EF99C49,JVWS_AVERAGE_OFFERED_HOURLY_WAGE_NOC_73100,73100,Concrete finishers,trade_concrete,Average offered hourly wage,29.9,Dollars,PR_48,2019-04-01,2019-06-30,STATCAN_JVWS_14100444,observed,2019-06-30,TR_STATCAN_JVWS_AB_NOC_1_0_0,status:A
OBS_JVWS_DCC0D379FACE0D236AF4,JVWS_JOB_VACANCIES_NOC_73100,73100,Concrete finishers,trade_concrete,Job vacancies,145.0,Number,PR_48,2019-04-01,2019-06-30,STATCAN_JVWS_14100444,observed,2019-06-30,TR_STATCAN_JVWS_AB_NOC_1_0_0,status:E
OBS_JVWS_D37C164AD45EC2DF9A3C,JVWS_AVERAGE_OFFERED_HOURLY_WAGE_NOC_72200,72200,Electricians (except industrial and power system),trade_electricians,Average offered hourly wage,25.05,Dollars,PR_48,2019-04-01,2019-06-30,STATCAN_JVWS_14100444,observed,2019-06-30,TR_STATCAN_JVWS_AB_NOC_1_0_0,status:C
OBS_JVWS_6F52E966743DC2251000,JVWS_JOB_VACANCIES_NOC_72200,72200,Electricians (except industrial and power system),trade_electricians,Job vacancies,,Number,PR_48,2019-04-01,2019-06-30,STATCAN_JVWS_14100444,observed,2019-06-30,TR_STATCAN_JVWS_AB_NOC_1_0_0,status:F|value_missing_or_suppressed
OBS_JVWS_08F81D164826C5C7B2A6,JVWS_AVERAGE_OFFERED_HOURLY_WAGE_NOC_72201,72201,Industrial electricians,trade_electricians,Average offered hourly wage,38.8,Dollars,PR_48,2019-04-01,2019-06-30,STATCAN_JVWS_14100444,observed,2019-06-30,TR_STATCAN_JVWS_AB_NOC_1_0_0,status:B
OBS_JVWS_A4E9021375F1F18D2D81,JVWS_JOB_VACANCIES_NOC_72201,72201,Industrial electricians,trade_electricians,Job vacancies,235.0,Number,PR_48,2019-04-01,2019-06-30,STATCAN_JVWS_14100444,observed,2019-06-30,TR_STATCAN_JVWS_AB_NOC_1_0_0,status:E
OBS_JVWS_4A0918254C9E249E0AD8,JVWS_AVERAGE_OFFERED_HOURLY_WAGE_NOC_72402,72402,"Heating, refrigeration and air conditioning mechanics",trade_hvac,Average offered hourly wage,34.4,Dollars,PR_48,2019-04-01,2019-06-30,STATCAN_JVWS_14100444,observed,2019-06-30,TR_STATCAN_JVWS_AB_NOC_1_0_0,status:B
OBS_JVWS_9333D1B07D911F4BCD2F,JVWS_JOB_VACANCIES_NOC_72402,72402,"Heating, refrigeration and air conditioning mechanics",trade_hvac,Job vacancies,,Number,PR_48,2019-04-01,2019-06-30,STATCAN_JVWS_14100444,observed,2019-06-30,TR_STATCAN_JVWS_AB_NOC_1_0_0,status:F|value_missing_or_suppressed
OBS_JVWS_5ACFBEA7E4AD92FC5743,JVWS_AVERAGE_OFFERED_HOURLY_WAGE_NOC_72202,72202,Power system electricians,trade_power_line,Average offered hourly wage,26.35,Dollars,PR_48,2019-04-01,2019-06-30,STATCAN_JVWS_14100444,observed,2019-06-30,TR_STATCAN_JVWS_AB_NOC_1_0_0,status:C
OBS_JVWS_53EDAA30D4E9E022D9E8,JVWS_JOB_VACANCIES_NOC_72202,72202,Power system electricians,trade_power_line,Job vacancies,,Number,PR_48,2019-04-01,2019-06-30,STATCAN_JVWS_14100444,observed,2019-06-30,TR_STATCAN_JVWS_AB_NOC_1_0_0,status:F|value_missing_or_suppressed
OBS_JVWS_68E91F7F451FA03AC0E5,JVWS_AVERAGE_OFFERED_HOURLY_WAGE_NOC_72203,72203,Electrical power line and cable workers,trade_power_line,Average offered hourly wage,,Dollars,PR_48,2019-04-01,2019-06-30,STATCAN_JVWS_14100444,observed,2019-06-30,TR_STATCAN_JVWS_AB_NOC_1_0_0,status:..|value_missing_or_suppressed
OBS_JVWS_10A4CE453B253958831A,JVWS_JOB_VACANCIES_NOC_72203,72203,Electrical power line and cable workers,trade_power_line,Job vacancies,,Number,PR_48,2019-04-01,2019-06-30,STATCAN_JVWS_14100444,observed,2019-06-30,TR_STATCAN_JVWS_AB_NOC_1_0_0,status:..|value_missing_or_suppressed
OBS_JVWS_DFB8048C4C0E7B0062FF,JVWS_AVERAGE_OFFERED_HOURLY_WAGE_NOC_73100,73100,Concrete finishers,trade_concrete,Average offered hourly wage,27.1,Dollars,PR_48,2019-07-01,2019-09-30,STATCAN_JVWS_14100444,observed,2019-09-30,TR_STATCAN_JVWS_AB_NOC_1_0_0,status:B
OBS_JVWS_1804AAE922C3F6318FA4,JVWS_JOB_VACANCIES_NOC_73100,73100,Concrete finishers,trade_concrete,Job vacancies,,Number,PR_48,2019-07-01,2019-09-30,STATCAN_JVWS_14100444,observed,2019-09-30,TR_STATCAN_JVWS_AB_NOC_1_0_0,status:F|value_missing_or_suppressed
OBS_JVWS_7AE4FA0F1CC95F17B6F1,JVWS_AVERAGE_OFFERED_HOURLY_WAGE_NOC_72200,72200,Electricians (except industrial and power system),trade_electricians,Average offered hourly wage,23.25,Dollars,PR_48,2019-07-01,2019-09-30,STATCAN_JVWS_14100444,observed,2019-09-30,TR_STATCAN_JVWS_AB_NOC_1_0_0,status:C
OBS_JVWS_338F5FD313A1376A84F6,JVWS_JOB_VACANCIES_NOC_72200,72200,Electricians (except industrial and power system),trade_electricians,Job vacancies,,Number,PR_48,2019-07-01,2019-09-30,STATCAN_JVWS_14100444,observed,2019-09-30,TR_STATCAN_JVWS_AB_NOC_1_0_0,status:F|value_missing_or_suppressed
OBS_JVWS_B6938122F67FC150FA19,JVWS_AVERAGE_OFFERED_HOURLY_WAGE_NOC_72201,72201,Industrial electricians,trade_electricians,Average offered hourly wage,40.9,Dollars,PR_48,2019-07-01,2019-09-30,STATCAN_JVWS_14100444,observed,2019-09-30,TR_STATCAN_JVWS_AB_NOC_1_0_0,status:A
OBS_JVWS_B24BA67BA1E8B6DA9217,JVWS_JOB_VACANCIES_NOC_72201,72201,Industrial electricians,trade_electricians,Job vacancies,70.0,Number,PR_48,2019-07-01,2019-09-30,STATCAN_JVWS_14100444,observed,2019-09-30,TR_STATCAN_JVWS_AB_NOC_1_0_0,status:E
OBS_JVWS_AE6AD3E7D9011BEB83DE,JVWS_AVERAGE_OFFERED_HOURLY_WAGE_NOC_72402,72402,"Heating, refrigeration and air conditioning mechanics",trade_hvac,Average offered hourly wage,34.9,Dollars,PR_48,2019-07-01,2019-09-30,STATCAN_JVWS_14100444,observed,2019-09-30,TR_STATCAN_JVWS_AB_NOC_1_0_0,status:B
OBS_JVWS_5DC866A52A5A77277EDB,JVWS_JOB_VACANCIES_NOC_72402,72402,"Heating, refrigeration and air conditioning mechanics",trade_hvac,Job vacancies,,Number,PR_48,2019-07-01,2019-09-30,STATCAN_JVWS_14100444,observed,2019-09-30,TR_STATCAN_JVWS_AB_NOC_1_0_0,status:F|value_missing_or_suppressed
OBS_JVWS_179490AF2950AC995B6F,JVWS_AVERAGE_OFFERED_HOURLY_WAGE_NOC_72202,72202,Power system electricians,trade_power_line,Average offered hourly wage,,Dollars,PR_48,2019-07-01,2019-09-30,STATCAN_JVWS_14100444,observed,2019-09-30,TR_STATCAN_JVWS_AB_NOC_1_0_0,status:F|value_missing_or_suppressed
OBS_JVWS_5F9D9E45349DFCD25239,JVWS_JOB_VACANCIES_NOC_72202,72202,Power system electricians,trade_power_line,Job vacancies,,Number,PR_48,2019-07-01,2019-09-30,STATCAN_JVWS_14100444,observed,2019-09-30,TR_STATCAN_JVWS_AB_NOC_1_0_0,status:F|value_missing_or_suppressed
OBS_JVWS_B7CBDF6872BE90DD2E68,JVWS_AVERAGE_OFFERED_HOURLY_WAGE_NOC_72203,72203,Electrical power line and cable workers,trade_power_line,Average offered hourly wage,,Dollars,PR_48,2019-07-01,2019-09-30,STATCAN_JVWS_14100444,observed,2019-09-30,TR_STATCAN_JVWS_AB_NOC_1_0_0,status:F|value_missing_or_suppressed
OBS_JVWS_B16F61E8BC4B6FA2EC40,JVWS_JOB_VACANCIES_NOC_72203,72203,Electrical power line and cable workers,trade_power_line,Job vacancies,,Number,PR_48,2019-07-01,2019-09-30,STATCAN_JVWS_14100444,observed,2019-09-30,TR_STATCAN_JVWS_AB_NOC_1_0_0,status:F|value_missing_or_suppressed
OBS_JVWS_9DCDC7968E1FB8F192C8,JVWS_AVERAGE_OFFERED_HOURLY_WAGE_NOC_73100,73100,Concrete finishers,trade_concrete,Average offered hourly wage,,Dollars,PR_48,2019-10-01,2019-12-31,STATCAN_JVWS_14100444,observed,2019-12-31,TR_STATCAN_JVWS_AB_NOC_1_0_0,status:F|value_missing_or_suppressed
OBS_JVWS_F3A9FAD110687F57806B,JVWS_JOB_VACANCIES_NOC_73100,73100,Concrete finishers,trade_concrete,Job vacancies,,Number,PR_48,2019-10-01,2019-12-31,STATCAN_JVWS_14100444,observed,2019-12-31,TR_STATCAN_JVWS_AB_NOC_1_0_0,status:F|value_missing_or_suppressed
OBS_JVWS_6947C9AE95549EDFF400,JVWS_AVERAGE_OFFERED_HOURLY_WAGE_NOC_72200,72200,Electricians (except industrial and power system),trade_electricians,Average offered hourly wage,21.85,Dollars,PR_48,2019-10-01,2019-12-31,STATCAN_JVWS_14100444,observed,2019-12-31,TR_STATCAN_JVWS_AB_NOC_1_0_0,status:B
OBS_JVWS_A86EFE6527D4E540CB3F,JVWS_JOB_VACANCIES_NOC_72200,72200,Electricians (except industrial and power system),trade_electricians,Job vacancies,,Number,PR_48,2019-10-01,2019-12-31,STATCAN_JVWS_14100444,observed,2019-12-31,TR_STATCAN_JVWS_AB_NOC_1_0_0,status:F|value_missing_or_suppressed
OBS_JVWS_A0BC1CD9C783936E11DF,JVWS_AVERAGE_OFFERED_HOURLY_WAGE_NOC_72201,72201,Industrial electricians,trade_electricians,Average offered hourly wage,37.75,Dollars,PR_48,2019-10-01,2019-12-31,STATCAN_JVWS_14100444,observed,2019-12-31,TR_STATCAN_JVWS_AB_NOC_1_0_0,status:C
OBS_JVWS_833A5AEC1CD5D3221C35,JVWS_JOB_VACANCIES_NOC_72201,72201,Industrial electricians,trade_electricians,Job vacancies,65.0,Number,PR_48,2019-10-01,2019-12-31,STATCAN_JVWS_14100444,observed,2019-12-31,TR_STATCAN_JVWS_AB_NOC_1_0_0,status:D
OBS_JVWS_A4EF5B030D7C307E9324,JVWS_AVERAGE_OFFERED_HOURLY_WAGE_NOC_72402,72402,"Heating, refrigeration and air conditioning mechanics",trade_hvac,Average offered hourly wage,34.9,Dollars,PR_48,2019-10-01,2019-12-31,STATCAN_JVWS_14100444,observed,2019-12-31,TR_STATCAN_JVWS_AB_NOC_1_0_0,status:C
OBS_JVWS_D379E8D9DF4456804AD3,JVWS_JOB_VACANCIES_NOC_72402,72402,"Heating, refrigeration and air conditioning mechanics",trade_hvac,Job vacancies,,Number,PR_48,2019-10-01,2019-12-31,STATCAN_JVWS_14100444,observed,2019-12-31,TR_STATCAN_JVWS_AB_NOC_1_0_0,status:F|value_missing_or_suppressed
OBS_JVWS_D5632BA9A976E1618606,JVWS_AVERAGE_OFFERED_HOURLY_WAGE_NOC_72202,72202,Power system electricians,trade_power_line,Average offered hourly wage,,Dollars,PR_48,2019-10-01,2019-12-31,STATCAN_JVWS_14100444,observed,2019-12-31,TR_STATCAN_JVWS_AB_NOC_1_0_0,status:..|value_missing_or_suppressed
OBS_JVWS_0FF0122BF152078DCBBF,JVWS_JOB_VACANCIES_NOC_72202,72202,Power system electricians,trade_power_line,Job vacancies,,Number,PR_48,2019-10-01,2019-12-31,STATCAN_JVWS_14100444,observed,2019-12-31,TR_STATCAN_JVWS_AB_NOC_1_0_0,status:..|value_missing_or_suppressed
OBS_JVWS_6A64711D735DBC4E7302,JVWS_AVERAGE_OFFERED_HOURLY_WAGE_NOC_72203,72203,Electrical power line and cable workers,trade_power_line,Average offered hourly wage,,Dollars,PR_48,2019-10-01,2019-12-31,STATCAN_JVWS_14100444,observed,2019-12-31,TR_STATCAN_JVWS_AB_NOC_1_0_0,status:..|value_missing_or_suppressed
OBS_JVWS_43416B06B47E5B981CF4,JVWS_JOB_VACANCIES_NOC_72203,72203,Electrical power line and cable workers,trade_power_line,Job vacancies,,Number,PR_48,2019-10-01,2019-12-31,STATCAN_JVWS_14100444,observed,2019-12-31,TR_STATCAN_JVWS_AB_NOC_1_0_0,status:..|value_missing_or_suppressed
OBS_JVWS_1C75C0DC063718A17E08,JVWS_AVERAGE_OFFERED_HOURLY_WAGE_NOC_73100,73100,Concrete finishers,trade_concrete,Average offered hourly wage,29.7,Dollars,PR_48,2020-01-01,2020-03-31,STATCAN_JVWS_14100444,observed,2020-03-31,TR_STATCAN_JVWS_AB_NOC_1_0_0,status:A
OBS_JVWS_7F84E0EB22EDAD8FB2A2,JVWS_JOB_VACANCIES_NOC_73100,73100,Concrete finishers,trade_concrete,Job vacancies,95.0,Number,PR_48,2020-01-01,2020-03-31,STATCAN_JVWS_14100444,observed,2020-03-31,TR_STATCAN_JVWS_AB_NOC_1_0_0,status:D
OBS_JVWS_D5AA68ED130FF30A518E,JVWS_AVERAGE_OFFERED_HOURLY_WAGE_NOC_72200,72200,Electricians (except industrial and power system),trade_electricians,Average offered hourly wage,26.65,Dollars,PR_48,2020-01-01,2020-03-31,STATCAN_JVWS_14100444,observed,2020-03-31,TR_STATCAN_JVWS_AB_NOC_1_0_0,status:C
OBS_JVWS_5E73525DD98EB3DEB21A,JVWS_JOB_VACANCIES_NOC_72200,72200,Electricians (except industrial and power system),trade_electricians,Job vacancies,,Number,PR_48,2020-01-01,2020-03-31,STATCAN_JVWS_14100444,observed,2020-03-31,TR_STATCAN_JVWS_AB_NOC_1_0_0,status:F|value_missing_or_suppressed
OBS_JVWS_57E908165197F3BF5490,JVWS_AVERAGE_OFFERED_HOURLY_WAGE_NOC_72201,72201,Industrial electricians,trade_electricians,Average offered hourly wage,41.0,Dollars,PR_48,2020-01-01,2020-03-31,STATCAN_JVWS_14100444,observed,2020-03-31,TR_STATCAN_JVWS_AB_NOC_1_0_0,status:B
OBS_JVWS_6F675975A6D42E09FB3A,JVWS_JOB_VACANCIES_NOC_72201,72201,Industrial electricians,trade_electricians,Job vacancies,100.0,Number,PR_48,2020-01-01,2020-03-31,STATCAN_JVWS_14100444,observed,2020-03-31,TR_STATCAN_JVWS_AB_NOC_1_0_0,status:D
OBS_JVWS_36F9E91D54F5FF06936C,JVWS_AVERAGE_OFFERED_HOURLY_WAGE_NOC_72402,72402,"Heating, refrigeration and air conditioning mechanics",trade_hvac,Average offered hourly wage,44.15,Dollars,PR_48,2020-01-01,2020-03-31,STATCAN_JVWS_14100444,observed,2020-03-31,TR_STATCAN_JVWS_AB_NOC_1_0_0,status:A
OBS_JVWS_531B1D2CD482183F1357,JVWS_JOB_VACANCIES_NOC_72402,72402,"Heating, refrigeration and air conditioning mechanics",trade_hvac,Job vacancies,,Number,PR_48,2020-01-01,2020-03-31,STATCAN_JVWS_14100444,observed,2020-03-31,TR_STATCAN_JVWS_AB_NOC_1_0_0,status:F|value_missing_or_suppressed
OBS_JVWS_992D715FDD908050B892,JVWS_AVERAGE_OFFERED_HOURLY_WAGE_NOC_72202,72202,Power system electricians,trade_power_line,Average offered hourly wage,,Dollars,PR_48,2020-01-01,2020-03-31,STATCAN_JVWS_14100444,observed,2020-03-31,TR_STATCAN_JVWS_AB_NOC_1_0_0,status:..|value_missing_or_suppressed
OBS_JVWS_A2DF92DA83904EDFF092,JVWS_JOB_VACANCIES_NOC_72202,72202,Power system electricians,trade_power_line,Job vacancies,,Number,PR_48,2020-01-01,2020-03-31,STATCAN_JVWS_14100444,observed,2020-03-31,TR_STATCAN_JVWS_AB_NOC_1_0_0,status:..|value_missing_or_suppressed
OBS_JVWS_A1DEE3198856CB5BA269,JVWS_AVERAGE_OFFERED_HOURLY_WAGE_NOC_72203,72203,Electrical power line and cable workers,trade_power_line,Average offered hourly wage,,Dollars,PR_48,2020-01-01,2020-03-31,STATCAN_JVWS_14100444,observed,2020-03-31,TR_STATCAN_JVWS_AB_NOC_1_0_0,status:F|value_missing_or_suppressed
OBS_JVWS_18CA4DF715E0616D94C1,JVWS_JOB_VACANCIES_NOC_72203,72203,Electrical power line and cable workers,trade_power_line,Job vacancies,,Number,PR_48,2020-01-01,2020-03-31,STATCAN_JVWS_14100444,observed,2020-03-31,TR_STATCAN_JVWS_AB_NOC_1_0_0,status:F|value_missing_or_suppressed
OBS_JVWS_6B832982C719F54F7853,JVWS_AVERAGE_OFFERED_HOURLY_WAGE_NOC_73100,73100,Concrete finishers,trade_concrete,Average offered hourly wage,27.3,Dollars,PR_48,2020-10-01,2020-12-31,STATCAN_JVWS_14100444,observed,2020-12-31,TR_STATCAN_JVWS_AB_NOC_1_0_0,status:A
OBS_JVWS_739144657EADE47A269D,JVWS_JOB_VACANCIES_NOC_73100,73100,Concrete finishers,trade_concrete,Job vacancies,50.0,Number,PR_48,2020-10-01,2020-12-31,STATCAN_JVWS_14100444,observed,2020-12-31,TR_STATCAN_JVWS_AB_NOC_1_0_0,status:E
OBS_JVWS_69474EB998EA08CD57B7,JVWS_AVERAGE_OFFERED_HOURLY_WAGE_NOC_72200,72200,Electricians (except industrial and power system),trade_electricians,Average offered hourly wage,23.25,Dollars,PR_48,2020-10-01,2020-12-31,STATCAN_JVWS_14100444,observed,2020-12-31,TR_STATCAN_JVWS_AB_NOC_1_0_0,status:B
OBS_JVWS_5C9729731322453CF7B7,JVWS_JOB_VACANCIES_NOC_72200,72200,Electricians (except industrial and power system),trade_electricians,Job vacancies,,Number,PR_48,2020-10-01,2020-12-31,STATCAN_JVWS_14100444,observed,2020-12-31,TR_STATCAN_JVWS_AB_NOC_1_0_0,status:F|value_missing_or_suppressed
OBS_JVWS_BF1560B4225F6C4C3370,JVWS_AVERAGE_OFFERED_HOURLY_WAGE_NOC_72201,72201,Industrial electricians,trade_electricians,Average offered hourly wage,32.1,Dollars,PR_48,2020-10-01,2020-12-31,STATCAN_JVWS_14100444,observed,2020-12-31,TR_STATCAN_JVWS_AB_NOC_1_0_0,status:B
OBS_JVWS_0D45DC67050E2BB97A1D,JVWS_JOB_VACANCIES_NOC_72201,72201,Industrial electricians,trade_electricians,Job vacancies,,Number,PR_48,2020-10-01,2020-12-31,STATCAN_JVWS_14100444,observed,2020-12-31,TR_STATCAN_JVWS_AB_NOC_1_0_0,status:F|value_missing_or_suppressed
OBS_JVWS_CA99A2D57DD4A1655316,JVWS_AVERAGE_OFFERED_HOURLY_WAGE_NOC_72402,72402,"Heating, refrigeration and air conditioning mechanics",trade_hvac,Average offered hourly wage,38.55,Dollars,PR_48,2020-10-01,2020-12-31,STATCAN_JVWS_14100444,observed,2020-12-31,TR_STATCAN_JVWS_AB_NOC_1_0_0,status:A
OBS_JVWS_DEE6DDD5EBFBE9558F1A,JVWS_JOB_VACANCIES_NOC_72402,72402,"Heating, refrigeration and air conditioning mechanics",trade_hvac,Job vacancies,,Number,PR_48,2020-10-01,2020-12-31,STATCAN_JVWS_14100444,observed,2020-12-31,TR_STATCAN_JVWS_AB_NOC_1_0_0,status:F|value_missing_or_suppressed
OBS_JVWS_EAA471CB53DA6C411EEF,JVWS_AVERAGE_OFFERED_HOURLY_WAGE_NOC_72202,72202,Power system electricians,trade_power_line,Average offered hourly wage,,Dollars,PR_48,2020-10-01,2020-12-31,STATCAN_JVWS_14100444,observed,2020-12-31,TR_STATCAN_JVWS_AB_NOC_1_0_0,status:..|value_missing_or_suppressed
OBS_JVWS_FB621FED31303E361FBF,JVWS_JOB_VACANCIES_NOC_72202,72202,Power system electricians,trade_power_line,Job vacancies,,Number,PR_48,2020-10-01,2020-12-31,STATCAN_JVWS_14100444,observed,2020-12-31,TR_STATCAN_JVWS_AB_NOC_1_0_0,status:..|value_missing_or_suppressed
OBS_JVWS_0BD7EEBB372216CC9848,JVWS_AVERAGE_OFFERED_HOURLY_WAGE_NOC_72203,72203,Electrical power line and cable workers,trade_power_line,Average offered hourly wage,,Dollars,PR_48,2020-10-01,2020-12-31,STATCAN_JVWS_14100444,observed,2020-12-31,TR_STATCAN_JVWS_AB_NOC_1_0_0,status:F|value_missing_or_suppressed
OBS_JVWS_CF9D4EBAFD5D23EF88B4,JVWS_JOB_VACANCIES_NOC_72203,72203,Electrical power line and cable workers,trade_power_line,Job vacancies,,Number,PR_48,2020-10-01,2020-12-31,STATCAN_JVWS_14100444,observed,2020-12-31,TR_STATCAN_JVWS_AB_NOC_1_0_0,status:F|value_missing_or_suppressed
OBS_JVWS_3C6FEDAEC47632DA1645,JVWS_AVERAGE_OFFERED_HOURLY_WAGE_NOC_73100,73100,Concrete finishers,trade_concrete,Average offered hourly wage,31.9,Dollars,PR_48,2021-01-01,2021-03-31,STATCAN_JVWS_14100444,observed,2021-03-31,TR_STATCAN_JVWS_AB_NOC_1_0_0,status:B
OBS_JVWS_769F4113537AB3CD3F3F,JVWS_JOB_VACANCIES_NOC_73100,73100,Concrete finishers,trade_concrete,Job vacancies,,Number,PR_48,2021-01-01,2021-03-31,STATCAN_JVWS_14100444,observed,2021-03-31,TR_STATCAN_JVWS_AB_NOC_1_0_0,status:F|value_missing_or_suppressed
OBS_JVWS_3C33E506803B52543DB6,JVWS_AVERAGE_OFFERED_HOURLY_WAGE_NOC_72200,72200,Electricians (except industrial and power system),trade_electricians,Average offered hourly wage,25.5,Dollars,PR_48,2021-01-01,2021-03-31,STATCAN_JVWS_14100444,observed,2021-03-31,TR_STATCAN_JVWS_AB_NOC_1_0_0,status:C
OBS_JVWS_A2C484E3914778D1C02C,JVWS_JOB_VACANCIES_NOC_72200,72200,Electricians (except industrial and power system),trade_electricians,Job vacancies,,Number,PR_48,2021-01-01,2021-03-31,STATCAN_JVWS_14100444,observed,2021-03-31,TR_STATCAN_JVWS_AB_NOC_1_0_0,status:F|value_missing_or_suppressed
OBS_JVWS_FD82531D9CABE04DC9C4,JVWS_AVERAGE_OFFERED_HOURLY_WAGE_NOC_72201,72201,Industrial electricians,trade_electricians,Average offered hourly wage,41.2,Dollars,PR_48,2021-01-01,2021-03-31,STATCAN_JVWS_14100444,observed,2021-03-31,TR_STATCAN_JVWS_AB_NOC_1_0_0,status:C
OBS_JVWS_B1E5F9C1C9784EF24CC2,JVWS_JOB_VACANCIES_NOC_72201,72201,Industrial electricians,trade_electricians,Job vacancies,,Number,PR_48,2021-01-01,2021-03-31,STATCAN_JVWS_14100444,observed,2021-03-31,TR_STATCAN_JVWS_AB_NOC_1_0_0,status:F|value_missing_or_suppressed
OBS_JVWS_CE3FE65237AAE6D22D8A,JVWS_AVERAGE_OFFERED_HOURLY_WAGE_NOC_72402,72402,"Heating, refrigeration and air conditioning mechanics",trade_hvac,Average offered hourly wage,31.1,Dollars,PR_48,2021-01-01,2021-03-31,STATCAN_JVWS_14100444,observed,2021-03-31,TR_STATCAN_JVWS_AB_NOC_1_0_0,status:B
OBS_JVWS_1275A16D2D7A208DC941,JVWS_JOB_VACANCIES_NOC_72402,72402,"Heating, refrigeration and air conditioning mechanics",trade_hvac,Job vacancies,,Number,PR_48,2021-01-01,2021-03-31,STATCAN_JVWS_14100444,observed,2021-03-31,TR_STATCAN_JVWS_AB_NOC_1_0_0,status:F|value_missing_or_suppressed
OBS_JVWS_5631A5F49FA543CDAB77,JVWS_AVERAGE_OFFERED_HOURLY_WAGE_NOC_72202,72202,Power system electricians,trade_power_line,Average offered hourly wage,,Dollars,PR_48,2021-01-01,2021-03-31,STATCAN_JVWS_14100444,observed,2021-03-31,TR_STATCAN_JVWS_AB_NOC_1_0_0,status:F|value_missing_or_suppressed
OBS_JVWS_3D00C5EBBDD26CCCCB1B,JVWS_JOB_VACANCIES_NOC_72202,72202,Power system electricians,trade_power_line,Job vacancies,,Number,PR_48,2021-01-01,2021-03-31,STATCAN_JVWS_14100444,observed,2021-03-31,TR_STATCAN_JVWS_AB_NOC_1_0_0,status:F|value_missing_or_suppressed
OBS_JVWS_F690206144E03DCEF8B6,JVWS_AVERAGE_OFFERED_HOURLY_WAGE_NOC_72203,72203,Electrical power line and cable workers,trade_power_line,Average offered hourly wage,,Dollars,PR_48,2021-01-01,2021-03-31,STATCAN_JVWS_14100444,observed,2021-03-31,TR_STATCAN_JVWS_AB_NOC_1_0_0,status:F|value_missing_or_suppressed
OBS_JVWS_9239ACE819A3E1FA5CE6,JVWS_JOB_VACANCIES_NOC_72203,72203,Electrical power line and cable workers,trade_power_line,Job vacancies,,Number,PR_48,2021-01-01,2021-03-31,STATCAN_JVWS_14100444,observed,2021-03-31,TR_STATCAN_JVWS_AB_NOC_1_0_0,status:F|value_missing_or_suppressed
OBS_JVWS_7C93742A7592A5CF20D6,JVWS_AVERAGE_OFFERED_HOURLY_WAGE_NOC_73100,73100,Concrete finishers,trade_concrete,Average offered hourly wage,31.7,Dollars,PR_48,2021-04-01,2021-06-30,STATCAN_JVWS_14100444,observed,2021-06-30,TR_STATCAN_JVWS_AB_NOC_1_0_0,status:A
OBS_JVWS_9F1643A2849ACF324E33,JVWS_JOB_VACANCIES_NOC_73100,73100,Concrete finishers,trade_concrete,Job vacancies,,Number,PR_48,2021-04-01,2021-06-30,STATCAN_JVWS_14100444,observed,2021-06-30,TR_STATCAN_JVWS_AB_NOC_1_0_0,status:F|value_missing_or_suppressed
OBS_JVWS_49DF1A99EC8DA2CC4CB4,JVWS_AVERAGE_OFFERED_HOURLY_WAGE_NOC_72200,72200,Electricians (except industrial and power system),trade_electricians,Average offered hourly wage,25.5,Dollars,PR_48,2021-04-01,2021-06-30,STATCAN_JVWS_14100444,observed,2021-06-30,TR_STATCAN_JVWS_AB_NOC_1_0_0,status:C
OBS_JVWS_821356AD72F6AF31F6C7,JVWS_JOB_VACANCIES_NOC_72200,72200,Electricians (except industrial and power system),trade_electricians,Job vacancies,,Number,PR_48,2021-04-01,2021-06-30,STATCAN_JVWS_14100444,observed,2021-06-30,TR_STATCAN_JVWS_AB_NOC_1_0_0,status:F|value_missing_or_suppressed
OBS_JVWS_39FDBB734BFCE0AF04F8,JVWS_AVERAGE_OFFERED_HOURLY_WAGE_NOC_72201,72201,Industrial electricians,trade_electricians,Average offered hourly wage,39.65,Dollars,PR_48,2021-04-01,2021-06-30,STATCAN_JVWS_14100444,observed,2021-06-30,TR_STATCAN_JVWS_AB_NOC_1_0_0,status:A
OBS_JVWS_9691B5BED1190EFBFD47,JVWS_JOB_VACANCIES_NOC_72201,72201,Industrial electricians,trade_electricians,Job vacancies,40.0,Number,PR_48,2021-04-01,2021-06-30,STATCAN_JVWS_14100444,observed,2021-06-30,TR_STATCAN_JVWS_AB_NOC_1_0_0,status:E
OBS_JVWS_1A07362F09C17DFA411E,JVWS_AVERAGE_OFFERED_HOURLY_WAGE_NOC_72402,72402,"Heating, refrigeration and air conditioning mechanics",trade_hvac,Average offered hourly wage,39.25,Dollars,PR_48,2021-04-01,2021-06-30,STATCAN_JVWS_14100444,observed,2021-06-30,TR_STATCAN_JVWS_AB_NOC_1_0_0,status:C
OBS_JVWS_6CEEC360E5507C5547A0,JVWS_JOB_VACANCIES_NOC_72402,72402,"Heating, refrigeration and air conditioning mechanics",trade_hvac,Job vacancies,,Number,PR_48,2021-04-01,2021-06-30,STATCAN_JVWS_14100444,observed,2021-06-30,TR_STATCAN_JVWS_AB_NOC_1_0_0,status:F|value_missing_or_suppressed
OBS_JVWS_874E2CF5AFB6620AF543,JVWS_AVERAGE_OFFERED_HOURLY_WAGE_NOC_72202,72202,Power system electricians,trade_power_line,Average offered hourly wage,,Dollars,PR_48,2021-04-01,2021-06-30,STATCAN_JVWS_14100444,observed,2021-06-30,TR_STATCAN_JVWS_AB_NOC_1_0_0,status:..|value_missing_or_suppressed
OBS_JVWS_0592BE7CBE24CD9584D8,JVWS_JOB_VACANCIES_NOC_72202,72202,Power system electricians,trade_power_line,Job vacancies,,Number,PR_48,2021-04-01,2021-06-30,STATCAN_JVWS_14100444,observed,2021-06-30,TR_STATCAN_JVWS_AB_NOC_1_0_0,status:..|value_missing_or_suppressed
OBS_JVWS_19AB977F33821FAC480E,JVWS_AVERAGE_OFFERED_HOURLY_WAGE_NOC_72203,72203,Electrical power line and cable workers,trade_power_line,Average offered hourly wage,38.25,Dollars,PR_48,2021-04-01,2021-06-30,STATCAN_JVWS_14100444,observed,2021-06-30,TR_STATCAN_JVWS_AB_NOC_1_0_0,status:E
OBS_JVWS_35C1FEBD22A9C38ACD89,JVWS_JOB_VACANCIES_NOC_72203,72203,Electrical power line and cable workers,trade_power_line,Job vacancies,,Number,PR_48,2021-04-01,2021-06-30,STATCAN_JVWS_14100444,observed,2021-06-30,TR_STATCAN_JVWS_AB_NOC_1_0_0,status:F|value_missing_or_suppressed
OBS_JVWS_FBA83DFF162C278BB250,JVWS_AVERAGE_OFFERED_HOURLY_WAGE_NOC_73100,73100,Concrete finishers,trade_concrete,Average offered hourly wage,29.5,Dollars,PR_48,2021-07-01,2021-09-30,STATCAN_JVWS_14100444,observed,2021-09-30,TR_STATCAN_JVWS_AB_NOC_1_0_0,status:A
OBS_JVWS_B030A4A2B067FEA21C47,JVWS_JOB_VACANCIES_NOC_73100,73100,Concrete finishers,trade_concrete,Job vacancies,250.0,Number,PR_48,2021-07-01,2021-09-30,STATCAN_JVWS_14100444,observed,2021-09-30,TR_STATCAN_JVWS_AB_NOC_1_0_0,status:E
OBS_JVWS_8DE1C5FAD21A1E7AA4AD,JVWS_AVERAGE_OFFERED_HOURLY_WAGE_NOC_72200,72200,Electricians (except industrial and power system),trade_electricians,Average offered hourly wage,27.6,Dollars,PR_48,2021-07-01,2021-09-30,STATCAN_JVWS_14100444,observed,2021-09-30,TR_STATCAN_JVWS_AB_NOC_1_0_0,status:B
OBS_JVWS_CF2E40A87A71638EB7EF,JVWS_JOB_VACANCIES_NOC_72200,72200,Electricians (except industrial and power system),trade_electricians,Job vacancies,615.0,Number,PR_48,2021-07-01,2021-09-30,STATCAN_JVWS_14100444,observed,2021-09-30,TR_STATCAN_JVWS_AB_NOC_1_0_0,status:E
OBS_JVWS_99A8F5F015D0BDB303EA,JVWS_AVERAGE_OFFERED_HOURLY_WAGE_NOC_72201,72201,Industrial electricians,trade_electricians,Average offered hourly wage,33.5,Dollars,PR_48,2021-07-01,2021-09-30,STATCAN_JVWS_14100444,observed,2021-09-30,TR_STATCAN_JVWS_AB_NOC_1_0_0,status:B
OBS_JVWS_797C03311B68150E7223,JVWS_JOB_VACANCIES_NOC_72201,72201,Industrial electricians,trade_electricians,Job vacancies,35.0,Number,PR_48,2021-07-01,2021-09-30,STATCAN_JVWS_14100444,observed,2021-09-30,TR_STATCAN_JVWS_AB_NOC_1_0_0,status:E
OBS_JVWS_BC11D6A191F4E3C44DC8,JVWS_AVERAGE_OFFERED_HOURLY_WAGE_NOC_72402,72402,"Heating, refrigeration and air conditioning mechanics",trade_hvac,Average offered hourly wage,31.3,Dollars,PR_48,2021-07-01,2021-09-30,STATCAN_JVWS_14100444,observed,2021-09-30,TR_STATCAN_JVWS_AB_NOC_1_0_0,status:B
OBS_JVWS_33C983498FE4FA9B95DA,JVWS_JOB_VACANCIES_NOC_72402,72402,"Heating, refrigeration and air conditioning mechanics",trade_hvac,Job vacancies,390.0,Number,PR_48,2021-07-01,2021-09-30,STATCAN_JVWS_14100444,observed,2021-09-30,TR_STATCAN_JVWS_AB_NOC_1_0_0,status:E
OBS_JVWS_6617F245B41C4E630A64,JVWS_AVERAGE_OFFERED_HOURLY_WAGE_NOC_72202,72202,Power system electricians,trade_power_line,Average offered hourly wage,,Dollars,PR_48,2021-07-01,2021-09-30,STATCAN_JVWS_14100444,observed,2021-09-30,TR_STATCAN_JVWS_AB_NOC_1_0_0,status:..|value_missing_or_suppressed
OBS_JVWS_809D37DAE196BA3B5302,JVWS_JOB_VACANCIES_NOC_72202,72202,Power system electricians,trade_power_line,Job vacancies,,Number,PR_48,2021-07-01,2021-09-30,STATCAN_JVWS_14100444,observed,2021-09-30,TR_STATCAN_JVWS_AB_NOC_1_0_0,status:..|value_missing_or_suppressed
OBS_JVWS_0E3D9948F076444357A2,JVWS_AVERAGE_OFFERED_HOURLY_WAGE_NOC_72203,72203,Electrical power line and cable workers,trade_power_line,Average offered hourly wage,34.9,Dollars,PR_48,2021-07-01,2021-09-30,STATCAN_JVWS_14100444,observed,2021-09-30,TR_STATCAN_JVWS_AB_NOC_1_0_0,status:C
OBS_JVWS_1C01F8A9BB1B4B46B5F4,JVWS_JOB_VACANCIES_NOC_72203,72203,Electrical power line and cable workers,trade_power_line,Job vacancies,,Number,PR_48,2021-07-01,2021-09-30,STATCAN_JVWS_14100444,observed,2021-09-30,TR_STATCAN_JVWS_AB_NOC_1_0_0,status:F|value_missing_or_suppressed
OBS_JVWS_072C971621E8296D4E39,JVWS_AVERAGE_OFFERED_HOURLY_WAGE_NOC_73100,73100,Concrete finishers,trade_concrete,Average offered hourly wage,28.75,Dollars,PR_48,2021-10-01,2021-12-31,STATCAN_JVWS_14100444,observed,2021-12-31,TR_STATCAN_JVWS_AB_NOC_1_0_0,status:A
OBS_JVWS_89E5F872AF1AABD7227C,JVWS_JOB_VACANCIES_NOC_73100,73100,Concrete finishers,trade_concrete,Job vacancies,330.0,Number,PR_48,2021-10-01,2021-12-31,STATCAN_JVWS_14100444,observed,2021-12-31,TR_STATCAN_JVWS_AB_NOC_1_0_0,status:E
OBS_JVWS_CAB218FE3D37825A2206,JVWS_AVERAGE_OFFERED_HOURLY_WAGE_NOC_72200,72200,Electricians (except industrial and power system),trade_electricians,Average offered hourly wage,24.75,Dollars,PR_48,2021-10-01,2021-12-31,STATCAN_JVWS_14100444,observed,2021-12-31,TR_STATCAN_JVWS_AB_NOC_1_0_0,status:B
OBS_JVWS_4935722BE8A6E0579BFD,JVWS_JOB_VACANCIES_NOC_72200,72200,Electricians (except industrial and power system),trade_electricians,Job vacancies,780.0,Number,PR_48,2021-10-01,2021-12-31,STATCAN_JVWS_14100444,observed,2021-12-31,TR_STATCAN_JVWS_AB_NOC_1_0_0,status:D
OBS_JVWS_D7A35C6D605F68AF2C41,JVWS_AVERAGE_OFFERED_HOURLY_WAGE_NOC_72201,72201,Industrial electricians,trade_electricians,Average offered hourly wage,37.65,Dollars,PR_48,2021-10-01,2021-12-31,STATCAN_JVWS_14100444,observed,2021-12-31,TR_STATCAN_JVWS_AB_NOC_1_0_0,status:A
OBS_JVWS_FD9A9474B29186261770,JVWS_JOB_VACANCIES_NOC_72201,72201,Industrial electricians,trade_electricians,Job vacancies,45.0,Number,PR_48,2021-10-01,2021-12-31,STATCAN_JVWS_14100444,observed,2021-12-31,TR_STATCAN_JVWS_AB_NOC_1_0_0,status:D
OBS_JVWS_6BD079C297E9EDD37554,JVWS_AVERAGE_OFFERED_HOURLY_WAGE_NOC_72402,72402,"Heating, refrigeration and air conditioning mechanics",trade_hvac,Average offered hourly wage,32.7,Dollars,PR_48,2021-10-01,2021-12-31,STATCAN_JVWS_14100444,observed,2021-12-31,TR_STATCAN_JVWS_AB_NOC_1_0_0,status:B
OBS_JVWS_0E2E5A3893E1A06AE839,JVWS_JOB_VACANCIES_NOC_72402,72402,"Heating, refrigeration and air conditioning mechanics",trade_hvac,Job vacancies,370.0,Number,PR_48,2021-10-01,2021-12-31,STATCAN_JVWS_14100444,observed,2021-12-31,TR_STATCAN_JVWS_AB_NOC_1_0_0,status:D
OBS_JVWS_5120EED9BB353FEAA52F,JVWS_AVERAGE_OFFERED_HOURLY_WAGE_NOC_72202,72202,Power system electricians,trade_power_line,Average offered hourly wage,,Dollars,PR_48,2021-10-01,2021-12-31,STATCAN_JVWS_14100444,observed,2021-12-31,TR_STATCAN_JVWS_AB_NOC_1_0_0,status:F|value_missing_or_suppressed
OBS_JVWS_00DC46A3C1A0644EE15F,JVWS_JOB_VACANCIES_NOC_72202,72202,Power system electricians,trade_power_line,Job vacancies,,Number,PR_48,2021-10-01,2021-12-31,STATCAN_JVWS_14100444,observed,2021-12-31,TR_STATCAN_JVWS_AB_NOC_1_0_0,status:F|value_missing_or_suppressed
OBS_JVWS_FACAE292FED75AF8EA8A,JVWS_AVERAGE_OFFERED_HOURLY_WAGE_NOC_72203,72203,Electrical power line and cable workers,trade_power_line,Average offered hourly wage,,Dollars,PR_48,2021-10-01,2021-12-31,STATCAN_JVWS_14100444,observed,2021-12-31,TR_STATCAN_JVWS_AB_NOC_1_0_0,status:F|value_missing_or_suppressed
OBS_JVWS_623C52476362C0ADEFD9,JVWS_JOB_VACANCIES_NOC_72203,72203,Electrical power line and cable workers,trade_power_line,Job vacancies,,Number,PR_48,2021-10-01,2021-12-31,STATCAN_JVWS_14100444,observed,2021-12-31,TR_STATCAN_JVWS_AB_NOC_1_0_0,status:F|value_missing_or_suppressed
OBS_JVWS_AF0B802274726A4535AD,JVWS_AVERAGE_OFFERED_HOURLY_WAGE_NOC_73100,73100,Concrete finishers,trade_concrete,Average offered hourly wage,29.75,Dollars,PR_48,2022-01-01,2022-03-31,STATCAN_JVWS_14100444,observed,2022-03-31,TR_STATCAN_JVWS_AB_NOC_1_0_0,status:D
OBS_JVWS_12712A9486536CFDF1C0,JVWS_JOB_VACANCIES_NOC_73100,73100,Concrete finishers,trade_concrete,Job vacancies,,Number,PR_48,2022-01-01,2022-03-31,STATCAN_JVWS_14100444,observed,2022-03-31,TR_STATCAN_JVWS_AB_NOC_1_0_0,status:F|value_missing_or_suppressed
OBS_JVWS_D5E035684F25E63DE82F,JVWS_AVERAGE_OFFERED_HOURLY_WAGE_NOC_72200,72200,Electricians (except industrial and power system),trade_electricians,Average offered hourly wage,25.25,Dollars,PR_48,2022-01-01,2022-03-31,STATCAN_JVWS_14100444,observed,2022-03-31,TR_STATCAN_JVWS_AB_NOC_1_0_0,status:A
OBS_JVWS_E7FEE042E0097B12499A,JVWS_JOB_VACANCIES_NOC_72200,72200,Electricians (except industrial and power system),trade_electricians,Job vacancies,760.0,Number,PR_48,2022-01-01,2022-03-31,STATCAN_JVWS_14100444,observed,2022-03-31,TR_STATCAN_JVWS_AB_NOC_1_0_0,status:D
OBS_JVWS_F25F2B0D211E99F80823,JVWS_AVERAGE_OFFERED_HOURLY_WAGE_NOC_72201,72201,Industrial electricians,trade_electricians,Average offered hourly wage,34.3,Dollars,PR_48,2022-01-01,2022-03-31,STATCAN_JVWS_14100444,observed,2022-03-31,TR_STATCAN_JVWS_AB_NOC_1_0_0,status:B
OBS_JVWS_CE60842E6C91BDFC065F,JVWS_JOB_VACANCIES_NOC_72201,72201,Industrial electricians,trade_electricians,Job vacancies,135.0,Number,PR_48,2022-01-01,2022-03-31,STATCAN_JVWS_14100444,observed,2022-03-31,TR_STATCAN_JVWS_AB_NOC_1_0_0,status:E
OBS_JVWS_A18FF5B7319A30E5F754,JVWS_AVERAGE_OFFERED_HOURLY_WAGE_NOC_72402,72402,"Heating, refrigeration and air conditioning mechanics",trade_hvac,Average offered hourly wage,41.05,Dollars,PR_48,2022-01-01,2022-03-31,STATCAN_JVWS_14100444,observed,2022-03-31,TR_STATCAN_JVWS_AB_NOC_1_0_0,status:B
OBS_JVWS_D02AB18351B60EB797DD,JVWS_JOB_VACANCIES_NOC_72402,72402,"Heating, refrigeration and air conditioning mechanics",trade_hvac,Job vacancies,270.0,Number,PR_48,2022-01-01,2022-03-31,STATCAN_JVWS_14100444,observed,2022-03-31,TR_STATCAN_JVWS_AB_NOC_1_0_0,status:E
OBS_JVWS_8578F9C1AD5CADE93F4D,JVWS_AVERAGE_OFFERED_HOURLY_WAGE_NOC_72202,72202,Power system electricians,trade_power_line,Average offered hourly wage,,Dollars,PR_48,2022-01-01,2022-03-31,STATCAN_JVWS_14100444,observed,2022-03-31,TR_STATCAN_JVWS_AB_NOC_1_0_0,status:F|value_missing_or_suppressed
OBS_JVWS_BC56FCC05AA5F7F252DA,JVWS_JOB_VACANCIES_NOC_72202,72202,Power system electricians,trade_power_line,Job vacancies,,Number,PR_48,2022-01-01,2022-03-31,STATCAN_JVWS_14100444,observed,2022-03-31,TR_STATCAN_JVWS_AB_NOC_1_0_0,status:F|value_missing_or_suppressed
OBS_JVWS_DCB20627A67A1E174F4A,JVWS_AVERAGE_OFFERED_HOURLY_WAGE_NOC_72203,72203,Electrical power line and cable workers,trade_power_line,Average offered hourly wage,,Dollars,PR_48,2022-01-01,2022-03-31,STATCAN_JVWS_14100444,observed,2022-03-31,TR_STATCAN_JVWS_AB_NOC_1_0_0,status:F|value_missing_or_suppressed
OBS_JVWS_79C9F887833CF54B903C,JVWS_JOB_VACANCIES_NOC_72203,72203,Electrical power line and cable workers,trade_power_line,Job vacancies,,Number,PR_48,2022-01-01,2022-03-31,STATCAN_JVWS_14100444,observed,2022-03-31,TR_STATCAN_JVWS_AB_NOC_1_0_0,status:F|value_missing_or_suppressed
OBS_JVWS_8AC17762794A40A6DB7C,JVWS_AVERAGE_OFFERED_HOURLY_WAGE_NOC_73100,73100,Concrete finishers,trade_concrete,Average offered hourly wage,29.4,Dollars,PR_48,2022-04-01,2022-06-30,STATCAN_JVWS_14100444,observed,2022-06-30,TR_STATCAN_JVWS_AB_NOC_1_0_0,status:A
OBS_JVWS_88F2B40E5A259168C4DB,JVWS_JOB_VACANCIES_NOC_73100,73100,Concrete finishers,trade_concrete,Job vacancies,510.0,Number,PR_48,2022-04-01,2022-06-30,STATCAN_JVWS_14100444,observed,2022-06-30,TR_STATCAN_JVWS_AB_NOC_1_0_0,status:E
OBS_JVWS_FD62DD491B1FB731DD21,JVWS_AVERAGE_OFFERED_HOURLY_WAGE_NOC_72200,72200,Electricians (except industrial and power system),trade_electricians,Average offered hourly wage,27.45,Dollars,PR_48,2022-04-01,2022-06-30,STATCAN_JVWS_14100444,observed,2022-06-30,TR_STATCAN_JVWS_AB_NOC_1_0_0,status:A
OBS_JVWS_6DFCCBE5500215D139EF,JVWS_JOB_VACANCIES_NOC_72200,72200,Electricians (except industrial and power system),trade_electricians,Job vacancies,950.0,Number,PR_48,2022-04-01,2022-06-30,STATCAN_JVWS_14100444,observed,2022-06-30,TR_STATCAN_JVWS_AB_NOC_1_0_0,status:D
OBS_JVWS_F9D5A04E255BDC5A9390,JVWS_AVERAGE_OFFERED_HOURLY_WAGE_NOC_72201,72201,Industrial electricians,trade_electricians,Average offered hourly wage,30.05,Dollars,PR_48,2022-04-01,2022-06-30,STATCAN_JVWS_14100444,observed,2022-06-30,TR_STATCAN_JVWS_AB_NOC_1_0_0,status:C
OBS_JVWS_0F92AE91A6ECF1B2CCDA,JVWS_JOB_VACANCIES_NOC_72201,72201,Industrial electricians,trade_electricians,Job vacancies,140.0,Number,PR_48,2022-04-01,2022-06-30,STATCAN_JVWS_14100444,observed,2022-06-30,TR_STATCAN_JVWS_AB_NOC_1_0_0,status:E
OBS_JVWS_F98FD4ADB95CEFBB7E6D,JVWS_AVERAGE_OFFERED_HOURLY_WAGE_NOC_72402,72402,"Heating, refrigeration and air conditioning mechanics",trade_hvac,Average offered hourly wage,29.4,Dollars,PR_48,2022-04-01,2022-06-30,STATCAN_JVWS_14100444,observed,2022-06-30,TR_STATCAN_JVWS_AB_NOC_1_0_0,status:B
OBS_JVWS_6AFFA9EEE3EB10277BFB,JVWS_JOB_VACANCIES_NOC_72402,72402,"Heating, refrigeration and air conditioning mechanics",trade_hvac,Job vacancies,410.0,Number,PR_48,2022-04-01,2022-06-30,STATCAN_JVWS_14100444,observed,2022-06-30,TR_STATCAN_JVWS_AB_NOC_1_0_0,status:E
OBS_JVWS_EC6F68D516083BFE1503,JVWS_AVERAGE_OFFERED_HOURLY_WAGE_NOC_72202,72202,Power system electricians,trade_power_line,Average offered hourly wage,,Dollars,PR_48,2022-04-01,2022-06-30,STATCAN_JVWS_14100444,observed,2022-06-30,TR_STATCAN_JVWS_AB_NOC_1_0_0,status:F|value_missing_or_suppressed
OBS_JVWS_33E7C1E7D25CB183045C,JVWS_JOB_VACANCIES_NOC_72202,72202,Power system electricians,trade_power_line,Job vacancies,,Number,PR_48,2022-04-01,2022-06-30,STATCAN_JVWS_14100444,observed,2022-06-30,TR_STATCAN_JVWS_AB_NOC_1_0_0,status:F|value_missing_or_suppressed
OBS_JVWS_39E7FB8EC247335C987D,JVWS_AVERAGE_OFFERED_HOURLY_WAGE_NOC_72203,72203,Electrical power line and cable workers,trade_power_line,Average offered hourly wage,40.8,Dollars,PR_48,2022-04-01,2022-06-30,STATCAN_JVWS_14100444,observed,2022-06-30,TR_STATCAN_JVWS_AB_NOC_1_0_0,status:E
OBS_JVWS_53C0B74E47352D646B56,JVWS_JOB_VACANCIES_NOC_72203,72203,Electrical power line and cable workers,trade_power_line,Job vacancies,,Number,PR_48,2022-04-01,2022-06-30,STATCAN_JVWS_14100444,observed,2022-06-30,TR_STATCAN_JVWS_AB_NOC_1_0_0,status:F|value_missing_or_suppressed
OBS_JVWS_9780E0D12FB8C907CACD,JVWS_AVERAGE_OFFERED_HOURLY_WAGE_NOC_73100,73100,Concrete finishers,trade_concrete,Average offered hourly wage,27.4,Dollars,PR_48,2022-07-01,2022-09-30,STATCAN_JVWS_14100444,observed,2022-09-30,TR_STATCAN_JVWS_AB_NOC_1_0_0,status:B
OBS_JVWS_C878B0F2B0C59065431C,JVWS_JOB_VACANCIES_NOC_73100,73100,Concrete finishers,trade_concrete,Job vacancies,,Number,PR_48,2022-07-01,2022-09-30,STATCAN_JVWS_14100444,observed,2022-09-30,TR_STATCAN_JVWS_AB_NOC_1_0_0,status:F|value_missing_or_suppressed
OBS_JVWS_5AEE6219D6778A5FE08A,JVWS_AVERAGE_OFFERED_HOURLY_WAGE_NOC_72200,72200,Electricians (except industrial and power system),trade_electricians,Average offered hourly wage,27.55,Dollars,PR_48,2022-07-01,2022-09-30,STATCAN_JVWS_14100444,observed,2022-09-30,TR_STATCAN_JVWS_AB_NOC_1_0_0,status:B
OBS_JVWS_AE64E37D7BA274344953,JVWS_JOB_VACANCIES_NOC_72200,72200,Electricians (except industrial and power system),trade_electricians,Job vacancies,1445.0,Number,PR_48,2022-07-01,2022-09-30,STATCAN_JVWS_14100444,observed,2022-09-30,TR_STATCAN_JVWS_AB_NOC_1_0_0,status:D
OBS_JVWS_905D2C2F10BEAE5F995D,JVWS_AVERAGE_OFFERED_HOURLY_WAGE_NOC_72201,72201,Industrial electricians,trade_electricians,Average offered hourly wage,37.9,Dollars,PR_48,2022-07-01,2022-09-30,STATCAN_JVWS_14100444,observed,2022-09-30,TR_STATCAN_JVWS_AB_NOC_1_0_0,status:B
OBS_JVWS_C4CC7A05F619EC881D64,JVWS_JOB_VACANCIES_NOC_72201,72201,Industrial electricians,trade_electricians,Job vacancies,160.0,Number,PR_48,2022-07-01,2022-09-30,STATCAN_JVWS_14100444,observed,2022-09-30,TR_STATCAN_JVWS_AB_NOC_1_0_0,status:E
OBS_JVWS_672287F413B9A64AFBEB,JVWS_AVERAGE_OFFERED_HOURLY_WAGE_NOC_72402,72402,"Heating, refrigeration and air conditioning mechanics",trade_hvac,Average offered hourly wage,28.0,Dollars,PR_48,2022-07-01,2022-09-30,STATCAN_JVWS_14100444,observed,2022-09-30,TR_STATCAN_JVWS_AB_NOC_1_0_0,status:B
OBS_JVWS_C2D798F8DA655E793CFF,JVWS_JOB_VACANCIES_NOC_72402,72402,"Heating, refrigeration and air conditioning mechanics",trade_hvac,Job vacancies,570.0,Number,PR_48,2022-07-01,2022-09-30,STATCAN_JVWS_14100444,observed,2022-09-30,TR_STATCAN_JVWS_AB_NOC_1_0_0,status:E
OBS_JVWS_9F55A0C18321265875BF,JVWS_AVERAGE_OFFERED_HOURLY_WAGE_NOC_72202,72202,Power system electricians,trade_power_line,Average offered hourly wage,29.6,Dollars,PR_48,2022-07-01,2022-09-30,STATCAN_JVWS_14100444,observed,2022-09-30,TR_STATCAN_JVWS_AB_NOC_1_0_0,status:E
OBS_JVWS_AA156672BA3BB724AF08,JVWS_JOB_VACANCIES_NOC_72202,72202,Power system electricians,trade_power_line,Job vacancies,,Number,PR_48,2022-07-01,2022-09-30,STATCAN_JVWS_14100444,observed,2022-09-30,TR_STATCAN_JVWS_AB_NOC_1_0_0,status:F|value_missing_or_suppressed
OBS_JVWS_9B9B04721A215555A855,JVWS_AVERAGE_OFFERED_HOURLY_WAGE_NOC_72203,72203,Electrical power line and cable workers,trade_power_line,Average offered hourly wage,46.1,Dollars,PR_48,2022-07-01,2022-09-30,STATCAN_JVWS_14100444,observed,2022-09-30,TR_STATCAN_JVWS_AB_NOC_1_0_0,status:B
OBS_JVWS_179B002711D7047A5C80,JVWS_JOB_VACANCIES_NOC_72203,72203,Electrical power line and cable workers,trade_power_line,Job vacancies,200.0,Number,PR_48,2022-07-01,2022-09-30,STATCAN_JVWS_14100444,observed,2022-09-30,TR_STATCAN_JVWS_AB_NOC_1_0_0,status:E
OBS_JVWS_CE78530E56B569927206,JVWS_AVERAGE_OFFERED_HOURLY_WAGE_NOC_73100,73100,Concrete finishers,trade_concrete,Average offered hourly wage,29.2,Dollars,PR_48,2022-10-01,2022-12-31,STATCAN_JVWS_14100444,observed,2022-12-31,TR_STATCAN_JVWS_AB_NOC_1_0_0,status:A
OBS_JVWS_B4C9D7FA47A3740FF74C,JVWS_JOB_VACANCIES_NOC_73100,73100,Concrete finishers,trade_concrete,Job vacancies,,Number,PR_48,2022-10-01,2022-12-31,STATCAN_JVWS_14100444,observed,2022-12-31,TR_STATCAN_JVWS_AB_NOC_1_0_0,status:F|value_missing_or_suppressed
OBS_JVWS_88E009B9C0D76757D09D,JVWS_AVERAGE_OFFERED_HOURLY_WAGE_NOC_72200,72200,Electricians (except industrial and power system),trade_electricians,Average offered hourly wage,30.8,Dollars,PR_48,2022-10-01,2022-12-31,STATCAN_JVWS_14100444,observed,2022-12-31,TR_STATCAN_JVWS_AB_NOC_1_0_0,status:B
OBS_JVWS_950AAA98AF1C3EF8375A,JVWS_JOB_VACANCIES_NOC_72200,72200,Electricians (except industrial and power system),trade_electricians,Job vacancies,1565.0,Number,PR_48,2022-10-01,2022-12-31,STATCAN_JVWS_14100444,observed,2022-12-31,TR_STATCAN_JVWS_AB_NOC_1_0_0,status:E
OBS_JVWS_04AAE00B2654FE579B1B,JVWS_AVERAGE_OFFERED_HOURLY_WAGE_NOC_72201,72201,Industrial electricians,trade_electricians,Average offered hourly wage,33.85,Dollars,PR_48,2022-10-01,2022-12-31,STATCAN_JVWS_14100444,observed,2022-12-31,TR_STATCAN_JVWS_AB_NOC_1_0_0,status:C
OBS_JVWS_F22CEDF1FB9F09D87EF4,JVWS_JOB_VACANCIES_NOC_72201,72201,Industrial electricians,trade_electricians,Job vacancies,80.0,Number,PR_48,2022-10-01,2022-12-31,STATCAN_JVWS_14100444,observed,2022-12-31,TR_STATCAN_JVWS_AB_NOC_1_0_0,status:E
OBS_JVWS_D4EB036192A93FA8DF02,JVWS_AVERAGE_OFFERED_HOURLY_WAGE_NOC_72402,72402,"Heating, refrigeration and air conditioning mechanics",trade_hvac,Average offered hourly wage,37.3,Dollars,PR_48,2022-10-01,2022-12-31,STATCAN_JVWS_14100444,observed,2022-12-31,TR_STATCAN_JVWS_AB_NOC_1_0_0,status:C
OBS_JVWS_CB39E5E9048C58D3AAC7,JVWS_JOB_VACANCIES_NOC_72402,72402,"Heating, refrigeration and air conditioning mechanics",trade_hvac,Job vacancies,,Number,PR_48,2022-10-01,2022-12-31,STATCAN_JVWS_14100444,observed,2022-12-31,TR_STATCAN_JVWS_AB_NOC_1_0_0,status:F|value_missing_or_suppressed
OBS_JVWS_6FF3C6B74603229DF0AA,JVWS_AVERAGE_OFFERED_HOURLY_WAGE_NOC_72202,72202,Power system electricians,trade_power_line,Average offered hourly wage,49.4,Dollars,PR_48,2022-10-01,2022-12-31,STATCAN_JVWS_14100444,observed,2022-12-31,TR_STATCAN_JVWS_AB_NOC_1_0_0,status:E
OBS_JVWS_6CEF1634C4A8AD4CB8D1,JVWS_JOB_VACANCIES_NOC_72202,72202,Power system electricians,trade_power_line,Job vacancies,,Number,PR_48,2022-10-01,2022-12-31,STATCAN_JVWS_14100444,observed,2022-12-31,TR_STATCAN_JVWS_AB_NOC_1_0_0,status:F|value_missing_or_suppressed
OBS_JVWS_AA66FAB751E16750EC8D,JVWS_AVERAGE_OFFERED_HOURLY_WAGE_NOC_72203,72203,Electrical power line and cable workers,trade_power_line,Average offered hourly wage,44.55,Dollars,PR_48,2022-10-01,2022-12-31,STATCAN_JVWS_14100444,observed,2022-12-31,TR_STATCAN_JVWS_AB_NOC_1_0_0,status:A
OBS_JVWS_D5A6EE61D2BA6565716B,JVWS_JOB_VACANCIES_NOC_72203,72203,Electrical power line and cable workers,trade_power_line,Job vacancies,,Number,PR_48,2022-10-01,2022-12-31,STATCAN_JVWS_14100444,observed,2022-12-31,TR_STATCAN_JVWS_AB_NOC_1_0_0,status:F|value_missing_or_suppressed
OBS_JVWS_3EBD86CD757DB42EC2AD,JVWS_AVERAGE_OFFERED_HOURLY_WAGE_NOC_73100,73100,Concrete finishers,trade_concrete,Average offered hourly wage,29.85,Dollars,PR_48,2023-01-01,2023-03-31,STATCAN_JVWS_14100444,observed,2023-03-31,TR_STATCAN_JVWS_AB_NOC_1_0_0,status:A
OBS_JVWS_7E1860959CEE5D0AB936,JVWS_JOB_VACANCIES_NOC_73100,73100,Concrete finishers,trade_concrete,Job vacancies,,Number,PR_48,2023-01-01,2023-03-31,STATCAN_JVWS_14100444,observed,2023-03-31,TR_STATCAN_JVWS_AB_NOC_1_0_0,status:F|value_missing_or_suppressed
OBS_JVWS_556C9BB53BAD25AB0E7F,JVWS_AVERAGE_OFFERED_HOURLY_WAGE_NOC_72200,72200,Electricians (except industrial and power system),trade_electricians,Average offered hourly wage,32.05,Dollars,PR_48,2023-01-01,2023-03-31,STATCAN_JVWS_14100444,observed,2023-03-31,TR_STATCAN_JVWS_AB_NOC_1_0_0,status:B
OBS_JVWS_38B64344B494A7772E90,JVWS_JOB_VACANCIES_NOC_72200,72200,Electricians (except industrial and power system),trade_electricians,Job vacancies,1375.0,Number,PR_48,2023-01-01,2023-03-31,STATCAN_JVWS_14100444,observed,2023-03-31,TR_STATCAN_JVWS_AB_NOC_1_0_0,status:E
OBS_JVWS_A1A5635E4841E190CAF8,JVWS_AVERAGE_OFFERED_HOURLY_WAGE_NOC_72201,72201,Industrial electricians,trade_electricians,Average offered hourly wage,36.65,Dollars,PR_48,2023-01-01,2023-03-31,STATCAN_JVWS_14100444,observed,2023-03-31,TR_STATCAN_JVWS_AB_NOC_1_0_0,status:B
OBS_JVWS_42453E314BC6081B459D,JVWS_JOB_VACANCIES_NOC_72201,72201,Industrial electricians,trade_electricians,Job vacancies,50.0,Number,PR_48,2023-01-01,2023-03-31,STATCAN_JVWS_14100444,observed,2023-03-31,TR_STATCAN_JVWS_AB_NOC_1_0_0,status:D
OBS_JVWS_431E2A54286EA0AC756D,JVWS_AVERAGE_OFFERED_HOURLY_WAGE_NOC_72402,72402,"Heating, refrigeration and air conditioning mechanics",trade_hvac,Average offered hourly wage,39.35,Dollars,PR_48,2023-01-01,2023-03-31,STATCAN_JVWS_14100444,observed,2023-03-31,TR_STATCAN_JVWS_AB_NOC_1_0_0,status:B
OBS_JVWS_6DE939D8F6EB2582DC5F,JVWS_JOB_VACANCIES_NOC_72402,72402,"Heating, refrigeration and air conditioning mechanics",trade_hvac,Job vacancies,145.0,Number,PR_48,2023-01-01,2023-03-31,STATCAN_JVWS_14100444,observed,2023-03-31,TR_STATCAN_JVWS_AB_NOC_1_0_0,status:E
OBS_JVWS_0AFE37E3FA98D0F89827,JVWS_AVERAGE_OFFERED_HOURLY_WAGE_NOC_72202,72202,Power system electricians,trade_power_line,Average offered hourly wage,,Dollars,PR_48,2023-01-01,2023-03-31,STATCAN_JVWS_14100444,observed,2023-03-31,TR_STATCAN_JVWS_AB_NOC_1_0_0,status:F|value_missing_or_suppressed
OBS_JVWS_86796A867543B628F96B,JVWS_JOB_VACANCIES_NOC_72202,72202,Power system electricians,trade_power_line,Job vacancies,,Number,PR_48,2023-01-01,2023-03-31,STATCAN_JVWS_14100444,observed,2023-03-31,TR_STATCAN_JVWS_AB_NOC_1_0_0,status:F|value_missing_or_suppressed
OBS_JVWS_EDECD1AA0C5F3EFE3489,JVWS_AVERAGE_OFFERED_HOURLY_WAGE_NOC_72203,72203,Electrical power line and cable workers,trade_power_line,Average offered hourly wage,42.6,Dollars,PR_48,2023-01-01,2023-03-31,STATCAN_JVWS_14100444,observed,2023-03-31,TR_STATCAN_JVWS_AB_NOC_1_0_0,status:B
OBS_JVWS_5F357EA5DE3EA4423AC7,JVWS_JOB_VACANCIES_NOC_72203,72203,Electrical power line and cable workers,trade_power_line,Job vacancies,,Number,PR_48,2023-01-01,2023-03-31,STATCAN_JVWS_14100444,observed,2023-03-31,TR_STATCAN_JVWS_AB_NOC_1_0_0,status:F|value_missing_or_suppressed
OBS_JVWS_71CDEEB026E8753E2139,JVWS_AVERAGE_OFFERED_HOURLY_WAGE_NOC_73100,73100,Concrete finishers,trade_concrete,Average offered hourly wage,28.95,Dollars,PR_48,2023-04-01,2023-06-30,STATCAN_JVWS_14100444,observed,2023-06-30,TR_STATCAN_JVWS_AB_NOC_1_0_0,status:A
OBS_JVWS_D86AC95B972CAD8C7A84,JVWS_JOB_VACANCIES_NOC_73100,73100,Concrete finishers,trade_concrete,Job vacancies,,Number,PR_48,2023-04-01,2023-06-30,STATCAN_JVWS_14100444,observed,2023-06-30,TR_STATCAN_JVWS_AB_NOC_1_0_0,status:F|value_missing_or_suppressed
OBS_JVWS_7C8968DF4425E97D549A,JVWS_AVERAGE_OFFERED_HOURLY_WAGE_NOC_72200,72200,Electricians (except industrial and power system),trade_electricians,Average offered hourly wage,29.7,Dollars,PR_48,2023-04-01,2023-06-30,STATCAN_JVWS_14100444,observed,2023-06-30,TR_STATCAN_JVWS_AB_NOC_1_0_0,status:B
OBS_JVWS_842F9234291787461653,JVWS_JOB_VACANCIES_NOC_72200,72200,Electricians (except industrial and power system),trade_electricians,Job vacancies,830.0,Number,PR_48,2023-04-01,2023-06-30,STATCAN_JVWS_14100444,observed,2023-06-30,TR_STATCAN_JVWS_AB_NOC_1_0_0,status:E
OBS_JVWS_1668F82C3E65CEE0613C,JVWS_AVERAGE_OFFERED_HOURLY_WAGE_NOC_72201,72201,Industrial electricians,trade_electricians,Average offered hourly wage,37.45,Dollars,PR_48,2023-04-01,2023-06-30,STATCAN_JVWS_14100444,observed,2023-06-30,TR_STATCAN_JVWS_AB_NOC_1_0_0,status:C
OBS_JVWS_8872DFBEC712D8403159,JVWS_JOB_VACANCIES_NOC_72201,72201,Industrial electricians,trade_electricians,Job vacancies,105.0,Number,PR_48,2023-04-01,2023-06-30,STATCAN_JVWS_14100444,observed,2023-06-30,TR_STATCAN_JVWS_AB_NOC_1_0_0,status:D
OBS_JVWS_BD1E5BF5BCEA27581A9B,JVWS_AVERAGE_OFFERED_HOURLY_WAGE_NOC_72402,72402,"Heating, refrigeration and air conditioning mechanics",trade_hvac,Average offered hourly wage,35.6,Dollars,PR_48,2023-04-01,2023-06-30,STATCAN_JVWS_14100444,observed,2023-06-30,TR_STATCAN_JVWS_AB_NOC_1_0_0,status:B
OBS_JVWS_13B6230D1879B3C431B3,JVWS_JOB_VACANCIES_NOC_72402,72402,"Heating, refrigeration and air conditioning mechanics",trade_hvac,Job vacancies,,Number,PR_48,2023-04-01,2023-06-30,STATCAN_JVWS_14100444,observed,2023-06-30,TR_STATCAN_JVWS_AB_NOC_1_0_0,status:F|value_missing_or_suppressed
OBS_JVWS_0B7B207524AA3285F5D1,JVWS_AVERAGE_OFFERED_HOURLY_WAGE_NOC_72202,72202,Power system electricians,trade_power_line,Average offered hourly wage,,Dollars,PR_48,2023-04-01,2023-06-30,STATCAN_JVWS_14100444,observed,2023-06-30,TR_STATCAN_JVWS_AB_NOC_1_0_0,status:F|value_missing_or_suppressed
OBS_JVWS_2DE48CA80D67EB7237D8,JVWS_JOB_VACANCIES_NOC_72202,72202,Power system electricians,trade_power_line,Job vacancies,,Number,PR_48,2023-04-01,2023-06-30,STATCAN_JVWS_14100444,observed,2023-06-30,TR_STATCAN_JVWS_AB_NOC_1_0_0,status:F|value_missing_or_suppressed
OBS_JVWS_7AFAA330C27E20D0DFE7,JVWS_AVERAGE_OFFERED_HOURLY_WAGE_NOC_72203,72203,Electrical power line and cable workers,trade_power_line,Average offered hourly wage,35.4,Dollars,PR_48,2023-04-01,2023-06-30,STATCAN_JVWS_14100444,observed,2023-06-30,TR_STATCAN_JVWS_AB_NOC_1_0_0,status:D
OBS_JVWS_EADCB89632B607372BF5,JVWS_JOB_VACANCIES_NOC_72203,72203,Electrical power line and cable workers,trade_power_line,Job vacancies,,Number,PR_48,2023-04-01,2023-06-30,STATCAN_JVWS_14100444,observed,2023-06-30,TR_STATCAN_JVWS_AB_NOC_1_0_0,status:F|value_missing_or_suppressed
OBS_JVWS_2A9A6AAD08667A6E6782,JVWS_AVERAGE_OFFERED_HOURLY_WAGE_NOC_73100,73100,Concrete finishers,trade_concrete,Average offered hourly wage,29.9,Dollars,PR_48,2023-07-01,2023-09-30,STATCAN_JVWS_14100444,observed,2023-09-30,TR_STATCAN_JVWS_AB_NOC_1_0_0,status:A
OBS_JVWS_770DD0D72D3A1EFC50DE,JVWS_JOB_VACANCIES_NOC_73100,73100,Concrete finishers,trade_concrete,Job vacancies,,Number,PR_48,2023-07-01,2023-09-30,STATCAN_JVWS_14100444,observed,2023-09-30,TR_STATCAN_JVWS_AB_NOC_1_0_0,status:F|value_missing_or_suppressed
OBS_JVWS_F3A8AF317FC706062023,JVWS_AVERAGE_OFFERED_HOURLY_WAGE_NOC_72200,72200,Electricians (except industrial and power system),trade_electricians,Average offered hourly wage,33.15,Dollars,PR_48,2023-07-01,2023-09-30,STATCAN_JVWS_14100444,observed,2023-09-30,TR_STATCAN_JVWS_AB_NOC_1_0_0,status:A
OBS_JVWS_F89895590F55B1E6D406,JVWS_JOB_VACANCIES_NOC_72200,72200,Electricians (except industrial and power system),trade_electricians,Job vacancies,1425.0,Number,PR_48,2023-07-01,2023-09-30,STATCAN_JVWS_14100444,observed,2023-09-30,TR_STATCAN_JVWS_AB_NOC_1_0_0,status:E
OBS_JVWS_E1D55EE12E5787FE6AA7,JVWS_AVERAGE_OFFERED_HOURLY_WAGE_NOC_72201,72201,Industrial electricians,trade_electricians,Average offered hourly wage,30.6,Dollars,PR_48,2023-07-01,2023-09-30,STATCAN_JVWS_14100444,observed,2023-09-30,TR_STATCAN_JVWS_AB_NOC_1_0_0,status:D
OBS_JVWS_4F633058D727F00CA958,JVWS_JOB_VACANCIES_NOC_72201,72201,Industrial electricians,trade_electricians,Job vacancies,,Number,PR_48,2023-07-01,2023-09-30,STATCAN_JVWS_14100444,observed,2023-09-30,TR_STATCAN_JVWS_AB_NOC_1_0_0,status:F|value_missing_or_suppressed
OBS_JVWS_AFB63B088DB37B95C76B,JVWS_AVERAGE_OFFERED_HOURLY_WAGE_NOC_72402,72402,"Heating, refrigeration and air conditioning mechanics",trade_hvac,Average offered hourly wage,33.35,Dollars,PR_48,2023-07-01,2023-09-30,STATCAN_JVWS_14100444,observed,2023-09-30,TR_STATCAN_JVWS_AB_NOC_1_0_0,status:C
OBS_JVWS_021926214167A1595947,JVWS_JOB_VACANCIES_NOC_72402,72402,"Heating, refrigeration and air conditioning mechanics",trade_hvac,Job vacancies,,Number,PR_48,2023-07-01,2023-09-30,STATCAN_JVWS_14100444,observed,2023-09-30,TR_STATCAN_JVWS_AB_NOC_1_0_0,status:F|value_missing_or_suppressed
OBS_JVWS_B6012B0DBF2BA2EF2C8E,JVWS_AVERAGE_OFFERED_HOURLY_WAGE_NOC_72202,72202,Power system electricians,trade_power_line,Average offered hourly wage,36.95,Dollars,PR_48,2023-07-01,2023-09-30,STATCAN_JVWS_14100444,observed,2023-09-30,TR_STATCAN_JVWS_AB_NOC_1_0_0,status:E
OBS_JVWS_5E8F19BBBC0EB5EB338C,JVWS_JOB_VACANCIES_NOC_72202,72202,Power system electricians,trade_power_line,Job vacancies,15.0,Number,PR_48,2023-07-01,2023-09-30,STATCAN_JVWS_14100444,observed,2023-09-30,TR_STATCAN_JVWS_AB_NOC_1_0_0,status:E
OBS_JVWS_2A8D7CD5F9426CCB358A,JVWS_AVERAGE_OFFERED_HOURLY_WAGE_NOC_72203,72203,Electrical power line and cable workers,trade_power_line,Average offered hourly wage,48.6,Dollars,PR_48,2023-07-01,2023-09-30,STATCAN_JVWS_14100444,observed,2023-09-30,TR_STATCAN_JVWS_AB_NOC_1_0_0,status:A
OBS_JVWS_A3688EA831BE5E56A7F9,JVWS_JOB_VACANCIES_NOC_72203,72203,Electrical power line and cable workers,trade_power_line,Job vacancies,,Number,PR_48,2023-07-01,2023-09-30,STATCAN_JVWS_14100444,observed,2023-09-30,TR_STATCAN_JVWS_AB_NOC_1_0_0,status:F|value_missing_or_suppressed
OBS_JVWS_1B40D9A532752D2FA9DE,JVWS_AVERAGE_OFFERED_HOURLY_WAGE_NOC_73100,73100,Concrete finishers,trade_concrete,Average offered hourly wage,29.0,Dollars,PR_48,2023-10-01,2023-12-31,STATCAN_JVWS_14100444,observed,2023-12-31,TR_STATCAN_JVWS_AB_NOC_1_0_0,status:A
OBS_JVWS_72A321A6ADE137C34728,JVWS_JOB_VACANCIES_NOC_73100,73100,Concrete finishers,trade_concrete,Job vacancies,,Number,PR_48,2023-10-01,2023-12-31,STATCAN_JVWS_14100444,observed,2023-12-31,TR_STATCAN_JVWS_AB_NOC_1_0_0,status:F|value_missing_or_suppressed
OBS_JVWS_47387326F05A0F06BD87,JVWS_AVERAGE_OFFERED_HOURLY_WAGE_NOC_72200,72200,Electricians (except industrial and power system),trade_electricians,Average offered hourly wage,33.35,Dollars,PR_48,2023-10-01,2023-12-31,STATCAN_JVWS_14100444,observed,2023-12-31,TR_STATCAN_JVWS_AB_NOC_1_0_0,status:A
OBS_JVWS_7BA71DFB08581FAB4FBA,JVWS_JOB_VACANCIES_NOC_72200,72200,Electricians (except industrial and power system),trade_electricians,Job vacancies,,Number,PR_48,2023-10-01,2023-12-31,STATCAN_JVWS_14100444,observed,2023-12-31,TR_STATCAN_JVWS_AB_NOC_1_0_0,status:F|value_missing_or_suppressed
OBS_JVWS_8E9677F96F65187784BB,JVWS_AVERAGE_OFFERED_HOURLY_WAGE_NOC_72201,72201,Industrial electricians,trade_electricians,Average offered hourly wage,39.95,Dollars,PR_48,2023-10-01,2023-12-31,STATCAN_JVWS_14100444,observed,2023-12-31,TR_STATCAN_JVWS_AB_NOC_1_0_0,status:A
OBS_JVWS_AE7AF5414A458177470A,JVWS_JOB_VACANCIES_NOC_72201,72201,Industrial electricians,trade_electricians,Job vacancies,115.0,Number,PR_48,2023-10-01,2023-12-31,STATCAN_JVWS_14100444,observed,2023-12-31,TR_STATCAN_JVWS_AB_NOC_1_0_0,status:E
OBS_JVWS_05C0BCD79AAC30A3672B,JVWS_AVERAGE_OFFERED_HOURLY_WAGE_NOC_72402,72402,"Heating, refrigeration and air conditioning mechanics",trade_hvac,Average offered hourly wage,,Dollars,PR_48,2023-10-01,2023-12-31,STATCAN_JVWS_14100444,observed,2023-12-31,TR_STATCAN_JVWS_AB_NOC_1_0_0,status:F|value_missing_or_suppressed
OBS_JVWS_326B16E1D7A17D8ABCBF,JVWS_JOB_VACANCIES_NOC_72402,72402,"Heating, refrigeration and air conditioning mechanics",trade_hvac,Job vacancies,,Number,PR_48,2023-10-01,2023-12-31,STATCAN_JVWS_14100444,observed,2023-12-31,TR_STATCAN_JVWS_AB_NOC_1_0_0,status:F|value_missing_or_suppressed
OBS_JVWS_7D01EC0EE1D5EE175B03,JVWS_AVERAGE_OFFERED_HOURLY_WAGE_NOC_72202,72202,Power system electricians,trade_power_line,Average offered hourly wage,,Dollars,PR_48,2023-10-01,2023-12-31,STATCAN_JVWS_14100444,observed,2023-12-31,TR_STATCAN_JVWS_AB_NOC_1_0_0,status:F|value_missing_or_suppressed
OBS_JVWS_EF93CF466955BD748679,JVWS_JOB_VACANCIES_NOC_72202,72202,Power system electricians,trade_power_line,Job vacancies,,Number,PR_48,2023-10-01,2023-12-31,STATCAN_JVWS_14100444,observed,2023-12-31,TR_STATCAN_JVWS_AB_NOC_1_0_0,status:F|value_missing_or_suppressed
OBS_JVWS_F6E269E27D9C4F4A5C38,JVWS_AVERAGE_OFFERED_HOURLY_WAGE_NOC_72203,72203,Electrical power line and cable workers,trade_power_line,Average offered hourly wage,52.9,Dollars,PR_48,2023-10-01,2023-12-31,STATCAN_JVWS_14100444,observed,2023-12-31,TR_STATCAN_JVWS_AB_NOC_1_0_0,status:A
OBS_JVWS_559A23642BA9980C972F,JVWS_JOB_VACANCIES_NOC_72203,72203,Electrical power line and cable workers,trade_power_line,Job vacancies,,Number,PR_48,2023-10-01,2023-12-31,STATCAN_JVWS_14100444,observed,2023-12-31,TR_STATCAN_JVWS_AB_NOC_1_0_0,status:F|value_missing_or_suppressed
OBS_JVWS_8A3A9E7AFD9C18F7CDE3,JVWS_AVERAGE_OFFERED_HOURLY_WAGE_NOC_73100,73100,Concrete finishers,trade_concrete,Average offered hourly wage,34.05,Dollars,PR_48,2024-01-01,2024-03-31,STATCAN_JVWS_14100444,observed,2024-03-31,TR_STATCAN_JVWS_AB_NOC_1_0_0,status:B
OBS_JVWS_0BAF97413B39CCF3E7BD,JVWS_JOB_VACANCIES_NOC_73100,73100,Concrete finishers,trade_concrete,Job vacancies,,Number,PR_48,2024-01-01,2024-03-31,STATCAN_JVWS_14100444,observed,2024-03-31,TR_STATCAN_JVWS_AB_NOC_1_0_0,status:F|value_missing_or_suppressed
OBS_JVWS_9B8AEAD0D1639341DAFF,JVWS_AVERAGE_OFFERED_HOURLY_WAGE_NOC_72200,72200,Electricians (except industrial and power system),trade_electricians,Average offered hourly wage,32.9,Dollars,PR_48,2024-01-01,2024-03-31,STATCAN_JVWS_14100444,observed,2024-03-31,TR_STATCAN_JVWS_AB_NOC_1_0_0,status:B
OBS_JVWS_E470CC9E302E2A7ED2B1,JVWS_JOB_VACANCIES_NOC_72200,72200,Electricians (except industrial and power system),trade_electricians,Job vacancies,,Number,PR_48,2024-01-01,2024-03-31,STATCAN_JVWS_14100444,observed,2024-03-31,TR_STATCAN_JVWS_AB_NOC_1_0_0,status:F|value_missing_or_suppressed
OBS_JVWS_7CA3EAEB9DEBC099A5AA,JVWS_AVERAGE_OFFERED_HOURLY_WAGE_NOC_72201,72201,Industrial electricians,trade_electricians,Average offered hourly wage,41.6,Dollars,PR_48,2024-01-01,2024-03-31,STATCAN_JVWS_14100444,observed,2024-03-31,TR_STATCAN_JVWS_AB_NOC_1_0_0,status:A
OBS_JVWS_5985095F07443F27E440,JVWS_JOB_VACANCIES_NOC_72201,72201,Industrial electricians,trade_electricians,Job vacancies,80.0,Number,PR_48,2024-01-01,2024-03-31,STATCAN_JVWS_14100444,observed,2024-03-31,TR_STATCAN_JVWS_AB_NOC_1_0_0,status:D
OBS_JVWS_BD823E8858F642A038E6,JVWS_AVERAGE_OFFERED_HOURLY_WAGE_NOC_72402,72402,"Heating, refrigeration and air conditioning mechanics",trade_hvac,Average offered hourly wage,28.9,Dollars,PR_48,2024-01-01,2024-03-31,STATCAN_JVWS_14100444,observed,2024-03-31,TR_STATCAN_JVWS_AB_NOC_1_0_0,status:C
OBS_JVWS_E5E1526CC68986D15863,JVWS_JOB_VACANCIES_NOC_72402,72402,"Heating, refrigeration and air conditioning mechanics",trade_hvac,Job vacancies,,Number,PR_48,2024-01-01,2024-03-31,STATCAN_JVWS_14100444,observed,2024-03-31,TR_STATCAN_JVWS_AB_NOC_1_0_0,status:F|value_missing_or_suppressed
OBS_JVWS_975E542B4ECD054B8E1A,JVWS_AVERAGE_OFFERED_HOURLY_WAGE_NOC_72202,72202,Power system electricians,trade_power_line,Average offered hourly wage,,Dollars,PR_48,2024-01-01,2024-03-31,STATCAN_JVWS_14100444,observed,2024-03-31,TR_STATCAN_JVWS_AB_NOC_1_0_0,status:F|value_missing_or_suppressed
OBS_JVWS_828333BA74306B284463,JVWS_JOB_VACANCIES_NOC_72202,72202,Power system electricians,trade_power_line,Job vacancies,,Number,PR_48,2024-01-01,2024-03-31,STATCAN_JVWS_14100444,observed,2024-03-31,TR_STATCAN_JVWS_AB_NOC_1_0_0,status:F|value_missing_or_suppressed
OBS_JVWS_A8D251CFCF924D78095A,JVWS_AVERAGE_OFFERED_HOURLY_WAGE_NOC_72203,72203,Electrical power line and cable workers,trade_power_line,Average offered hourly wage,52.4,Dollars,PR_48,2024-01-01,2024-03-31,STATCAN_JVWS_14100444,observed,2024-03-31,TR_STATCAN_JVWS_AB_NOC_1_0_0,status:B
OBS_JVWS_8C6675B464DE97EA65B0,JVWS_JOB_VACANCIES_NOC_72203,72203,Electrical power line and cable workers,trade_power_line,Job vacancies,,Number,PR_48,2024-01-01,2024-03-31,STATCAN_JVWS_14100444,observed,2024-03-31,TR_STATCAN_JVWS_AB_NOC_1_0_0,status:F|value_missing_or_suppressed
OBS_JVWS_C55F6784F5279AE3CDB9,JVWS_AVERAGE_OFFERED_HOURLY_WAGE_NOC_73100,73100,Concrete finishers,trade_concrete,Average offered hourly wage,31.9,Dollars,PR_48,2024-04-01,2024-06-30,STATCAN_JVWS_14100444,observed,2024-06-30,TR_STATCAN_JVWS_AB_NOC_1_0_0,status:B
OBS_JVWS_300A83085F9194893A22,JVWS_JOB_VACANCIES_NOC_73100,73100,Concrete finishers,trade_concrete,Job vacancies,,Number,PR_48,2024-04-01,2024-06-30,STATCAN_JVWS_14100444,observed,2024-06-30,TR_STATCAN_JVWS_AB_NOC_1_0_0,status:F|value_missing_or_suppressed
OBS_JVWS_6149FA9B8BF6B915824C,JVWS_AVERAGE_OFFERED_HOURLY_WAGE_NOC_72200,72200,Electricians (except industrial and power system),trade_electricians,Average offered hourly wage,33.3,Dollars,PR_48,2024-04-01,2024-06-30,STATCAN_JVWS_14100444,observed,2024-06-30,TR_STATCAN_JVWS_AB_NOC_1_0_0,status:B
OBS_JVWS_519B2B34CFCE38237E05,JVWS_JOB_VACANCIES_NOC_72200,72200,Electricians (except industrial and power system),trade_electricians,Job vacancies,,Number,PR_48,2024-04-01,2024-06-30,STATCAN_JVWS_14100444,observed,2024-06-30,TR_STATCAN_JVWS_AB_NOC_1_0_0,status:F|value_missing_or_suppressed
OBS_JVWS_A5DEFA02C62C00C5CFA5,JVWS_AVERAGE_OFFERED_HOURLY_WAGE_NOC_72201,72201,Industrial electricians,trade_electricians,Average offered hourly wage,36.9,Dollars,PR_48,2024-04-01,2024-06-30,STATCAN_JVWS_14100444,observed,2024-06-30,TR_STATCAN_JVWS_AB_NOC_1_0_0,status:A
OBS_JVWS_04F636A95C0269294E74,JVWS_JOB_VACANCIES_NOC_72201,72201,Industrial electricians,trade_electricians,Job vacancies,,Number,PR_48,2024-04-01,2024-06-30,STATCAN_JVWS_14100444,observed,2024-06-30,TR_STATCAN_JVWS_AB_NOC_1_0_0,status:F|value_missing_or_suppressed
OBS_JVWS_7A9A366AD30D493701DF,JVWS_AVERAGE_OFFERED_HOURLY_WAGE_NOC_72402,72402,"Heating, refrigeration and air conditioning mechanics",trade_hvac,Average offered hourly wage,34.05,Dollars,PR_48,2024-04-01,2024-06-30,STATCAN_JVWS_14100444,observed,2024-06-30,TR_STATCAN_JVWS_AB_NOC_1_0_0,status:B
OBS_JVWS_84BE838D49AE540F179D,JVWS_JOB_VACANCIES_NOC_72402,72402,"Heating, refrigeration and air conditioning mechanics",trade_hvac,Job vacancies,315.0,Number,PR_48,2024-04-01,2024-06-30,STATCAN_JVWS_14100444,observed,2024-06-30,TR_STATCAN_JVWS_AB_NOC_1_0_0,status:E
OBS_JVWS_106881A3D428CBA52F8C,JVWS_AVERAGE_OFFERED_HOURLY_WAGE_NOC_72202,72202,Power system electricians,trade_power_line,Average offered hourly wage,44.15,Dollars,PR_48,2024-04-01,2024-06-30,STATCAN_JVWS_14100444,observed,2024-06-30,TR_STATCAN_JVWS_AB_NOC_1_0_0,status:E
OBS_JVWS_A45AF93987AA4CC45AAC,JVWS_JOB_VACANCIES_NOC_72202,72202,Power system electricians,trade_power_line,Job vacancies,10.0,Number,PR_48,2024-04-01,2024-06-30,STATCAN_JVWS_14100444,observed,2024-06-30,TR_STATCAN_JVWS_AB_NOC_1_0_0,status:E
OBS_JVWS_A3ED97BF2341B5E4898C,JVWS_AVERAGE_OFFERED_HOURLY_WAGE_NOC_72203,72203,Electrical power line and cable workers,trade_power_line,Average offered hourly wage,45.65,Dollars,PR_48,2024-04-01,2024-06-30,STATCAN_JVWS_14100444,observed,2024-06-30,TR_STATCAN_JVWS_AB_NOC_1_0_0,status:A
OBS_JVWS_58263FF73AFEFA4DAD75,JVWS_JOB_VACANCIES_NOC_72203,72203,Electrical power line and cable workers,trade_power_line,Job vacancies,25.0,Number,PR_48,2024-04-01,2024-06-30,STATCAN_JVWS_14100444,observed,2024-06-30,TR_STATCAN_JVWS_AB_NOC_1_0_0,status:D
OBS_JVWS_EE2E6594991A63140FDB,JVWS_AVERAGE_OFFERED_HOURLY_WAGE_NOC_73100,73100,Concrete finishers,trade_concrete,Average offered hourly wage,29.55,Dollars,PR_48,2024-07-01,2024-09-30,STATCAN_JVWS_14100444,observed,2024-09-30,TR_STATCAN_JVWS_AB_NOC_1_0_0,status:B
OBS_JVWS_BBF22E371E2F8AE0C933,JVWS_JOB_VACANCIES_NOC_73100,73100,Concrete finishers,trade_concrete,Job vacancies,,Number,PR_48,2024-07-01,2024-09-30,STATCAN_JVWS_14100444,observed,2024-09-30,TR_STATCAN_JVWS_AB_NOC_1_0_0,status:F|value_missing_or_suppressed
OBS_JVWS_3E403A8301683EA17DA4,JVWS_AVERAGE_OFFERED_HOURLY_WAGE_NOC_72200,72200,Electricians (except industrial and power system),trade_electricians,Average offered hourly wage,32.7,Dollars,PR_48,2024-07-01,2024-09-30,STATCAN_JVWS_14100444,observed,2024-09-30,TR_STATCAN_JVWS_AB_NOC_1_0_0,status:B
OBS_JVWS_B396F3545D09ED163063,JVWS_JOB_VACANCIES_NOC_72200,72200,Electricians (except industrial and power system),trade_electricians,Job vacancies,725.0,Number,PR_48,2024-07-01,2024-09-30,STATCAN_JVWS_14100444,observed,2024-09-30,TR_STATCAN_JVWS_AB_NOC_1_0_0,status:E
OBS_JVWS_CAC40519C8B8E743B5E3,JVWS_AVERAGE_OFFERED_HOURLY_WAGE_NOC_72201,72201,Industrial electricians,trade_electricians,Average offered hourly wage,40.7,Dollars,PR_48,2024-07-01,2024-09-30,STATCAN_JVWS_14100444,observed,2024-09-30,TR_STATCAN_JVWS_AB_NOC_1_0_0,status:A
OBS_JVWS_5C0FF3D98041151ACD56,JVWS_JOB_VACANCIES_NOC_72201,72201,Industrial electricians,trade_electricians,Job vacancies,95.0,Number,PR_48,2024-07-01,2024-09-30,STATCAN_JVWS_14100444,observed,2024-09-30,TR_STATCAN_JVWS_AB_NOC_1_0_0,status:D
OBS_JVWS_D4AE448C30EAF427E8A9,JVWS_AVERAGE_OFFERED_HOURLY_WAGE_NOC_72402,72402,"Heating, refrigeration and air conditioning mechanics",trade_hvac,Average offered hourly wage,35.85,Dollars,PR_48,2024-07-01,2024-09-30,STATCAN_JVWS_14100444,observed,2024-09-30,TR_STATCAN_JVWS_AB_NOC_1_0_0,status:B
OBS_JVWS_B078C8A5547E14B499F8,JVWS_JOB_VACANCIES_NOC_72402,72402,"Heating, refrigeration and air conditioning mechanics",trade_hvac,Job vacancies,,Number,PR_48,2024-07-01,2024-09-30,STATCAN_JVWS_14100444,observed,2024-09-30,TR_STATCAN_JVWS_AB_NOC_1_0_0,status:F|value_missing_or_suppressed
OBS_JVWS_6489C835675BE478F106,JVWS_AVERAGE_OFFERED_HOURLY_WAGE_NOC_72202,72202,Power system electricians,trade_power_line,Average offered hourly wage,,Dollars,PR_48,2024-07-01,2024-09-30,STATCAN_JVWS_14100444,observed,2024-09-30,TR_STATCAN_JVWS_AB_NOC_1_0_0,status:F|value_missing_or_suppressed
OBS_JVWS_C49E7DEFCF6573396EF0,JVWS_JOB_VACANCIES_NOC_72202,72202,Power system electricians,trade_power_line,Job vacancies,,Number,PR_48,2024-07-01,2024-09-30,STATCAN_JVWS_14100444,observed,2024-09-30,TR_STATCAN_JVWS_AB_NOC_1_0_0,status:F|value_missing_or_suppressed
OBS_JVWS_D30126077801A082284C,JVWS_AVERAGE_OFFERED_HOURLY_WAGE_NOC_72203,72203,Electrical power line and cable workers,trade_power_line,Average offered hourly wage,53.6,Dollars,PR_48,2024-07-01,2024-09-30,STATCAN_JVWS_14100444,observed,2024-09-30,TR_STATCAN_JVWS_AB_NOC_1_0_0,status:C
OBS_JVWS_28685D1584F0ACF30C38,JVWS_JOB_VACANCIES_NOC_72203,72203,Electrical power line and cable workers,trade_power_line,Job vacancies,,Number,PR_48,2024-07-01,2024-09-30,STATCAN_JVWS_14100444,observed,2024-09-30,TR_STATCAN_JVWS_AB_NOC_1_0_0,status:F|value_missing_or_suppressed
OBS_JVWS_44A6632D0F0EA8328001,JVWS_AVERAGE_OFFERED_HOURLY_WAGE_NOC_73100,73100,Concrete finishers,trade_concrete,Average offered hourly wage,,Dollars,PR_48,2024-10-01,2024-12-31,STATCAN_JVWS_14100444,observed,2024-12-31,TR_STATCAN_JVWS_AB_NOC_1_0_0,status:F|value_missing_or_suppressed
OBS_JVWS_871128F46C13E6BE7F36,JVWS_JOB_VACANCIES_NOC_73100,73100,Concrete finishers,trade_concrete,Job vacancies,,Number,PR_48,2024-10-01,2024-12-31,STATCAN_JVWS_14100444,observed,2024-12-31,TR_STATCAN_JVWS_AB_NOC_1_0_0,status:F|value_missing_or_suppressed
OBS_JVWS_2BDA922079A06C9895F9,JVWS_AVERAGE_OFFERED_HOURLY_WAGE_NOC_72200,72200,Electricians (except industrial and power system),trade_electricians,Average offered hourly wage,31.0,Dollars,PR_48,2024-10-01,2024-12-31,STATCAN_JVWS_14100444,observed,2024-12-31,TR_STATCAN_JVWS_AB_NOC_1_0_0,status:B
OBS_JVWS_FC4A6D3D87D6ADB8BFFD,JVWS_JOB_VACANCIES_NOC_72200,72200,Electricians (except industrial and power system),trade_electricians,Job vacancies,540.0,Number,PR_48,2024-10-01,2024-12-31,STATCAN_JVWS_14100444,observed,2024-12-31,TR_STATCAN_JVWS_AB_NOC_1_0_0,status:D
OBS_JVWS_58C91D810EC04D379DB5,JVWS_AVERAGE_OFFERED_HOURLY_WAGE_NOC_72201,72201,Industrial electricians,trade_electricians,Average offered hourly wage,40.95,Dollars,PR_48,2024-10-01,2024-12-31,STATCAN_JVWS_14100444,observed,2024-12-31,TR_STATCAN_JVWS_AB_NOC_1_0_0,status:A
OBS_JVWS_8A9DF5C55AA03DC85C7F,JVWS_JOB_VACANCIES_NOC_72201,72201,Industrial electricians,trade_electricians,Job vacancies,105.0,Number,PR_48,2024-10-01,2024-12-31,STATCAN_JVWS_14100444,observed,2024-12-31,TR_STATCAN_JVWS_AB_NOC_1_0_0,status:D
OBS_JVWS_F5901D9CCBE8CA908E76,JVWS_AVERAGE_OFFERED_HOURLY_WAGE_NOC_72402,72402,"Heating, refrigeration and air conditioning mechanics",trade_hvac,Average offered hourly wage,34.25,Dollars,PR_48,2024-10-01,2024-12-31,STATCAN_JVWS_14100444,observed,2024-12-31,TR_STATCAN_JVWS_AB_NOC_1_0_0,status:B
OBS_JVWS_A374F3B760E3D5E59F36,JVWS_JOB_VACANCIES_NOC_72402,72402,"Heating, refrigeration and air conditioning mechanics",trade_hvac,Job vacancies,290.0,Number,PR_48,2024-10-01,2024-12-31,STATCAN_JVWS_14100444,observed,2024-12-31,TR_STATCAN_JVWS_AB_NOC_1_0_0,status:E
OBS_JVWS_FB050EB3C5BB105A2300,JVWS_AVERAGE_OFFERED_HOURLY_WAGE_NOC_72202,72202,Power system electricians,trade_power_line,Average offered hourly wage,,Dollars,PR_48,2024-10-01,2024-12-31,STATCAN_JVWS_14100444,observed,2024-12-31,TR_STATCAN_JVWS_AB_NOC_1_0_0,status:F|value_missing_or_suppressed
OBS_JVWS_64A1C87048B92B2F0DB4,JVWS_JOB_VACANCIES_NOC_72202,72202,Power system electricians,trade_power_line,Job vacancies,,Number,PR_48,2024-10-01,2024-12-31,STATCAN_JVWS_14100444,observed,2024-12-31,TR_STATCAN_JVWS_AB_NOC_1_0_0,status:F|value_missing_or_suppressed
OBS_JVWS_D29A18767924AEA74B5B,JVWS_AVERAGE_OFFERED_HOURLY_WAGE_NOC_72203,72203,Electrical power line and cable workers,trade_power_line,Average offered hourly wage,46.6,Dollars,PR_48,2024-10-01,2024-12-31,STATCAN_JVWS_14100444,observed,2024-12-31,TR_STATCAN_JVWS_AB_NOC_1_0_0,status:E
OBS_JVWS_3DFBDDE7CB14069B35B7,JVWS_JOB_VACANCIES_NOC_72203,72203,Electrical power line and cable workers,trade_power_line,Job vacancies,15.0,Number,PR_48,2024-10-01,2024-12-31,STATCAN_JVWS_14100444,observed,2024-12-31,TR_STATCAN_JVWS_AB_NOC_1_0_0,status:E
OBS_JVWS_EFA3278255E6384F0017,JVWS_AVERAGE_OFFERED_HOURLY_WAGE_NOC_73100,73100,Concrete finishers,trade_concrete,Average offered hourly wage,30.8,Dollars,PR_48,2025-01-01,2025-03-31,STATCAN_JVWS_14100444,observed,2025-03-31,TR_STATCAN_JVWS_AB_NOC_1_0_0,status:B
OBS_JVWS_6DCA7C7D3DCB91BA42E8,JVWS_JOB_VACANCIES_NOC_73100,73100,Concrete finishers,trade_concrete,Job vacancies,,Number,PR_48,2025-01-01,2025-03-31,STATCAN_JVWS_14100444,observed,2025-03-31,TR_STATCAN_JVWS_AB_NOC_1_0_0,status:F|value_missing_or_suppressed
OBS_JVWS_A4AD91CB01A6409B592C,JVWS_AVERAGE_OFFERED_HOURLY_WAGE_NOC_72200,72200,Electricians (except industrial and power system),trade_electricians,Average offered hourly wage,28.9,Dollars,PR_48,2025-01-01,2025-03-31,STATCAN_JVWS_14100444,observed,2025-03-31,TR_STATCAN_JVWS_AB_NOC_1_0_0,status:B
OBS_JVWS_F5C15339E41761A91B2A,JVWS_JOB_VACANCIES_NOC_72200,72200,Electricians (except industrial and power system),trade_electricians,Job vacancies,,Number,PR_48,2025-01-01,2025-03-31,STATCAN_JVWS_14100444,observed,2025-03-31,TR_STATCAN_JVWS_AB_NOC_1_0_0,status:F|value_missing_or_suppressed
OBS_JVWS_BE60959260D04633AC66,JVWS_AVERAGE_OFFERED_HOURLY_WAGE_NOC_72201,72201,Industrial electricians,trade_electricians,Average offered hourly wage,45.5,Dollars,PR_48,2025-01-01,2025-03-31,STATCAN_JVWS_14100444,observed,2025-03-31,TR_STATCAN_JVWS_AB_NOC_1_0_0,status:A
OBS_JVWS_9D9BBD588034EE182DD1,JVWS_JOB_VACANCIES_NOC_72201,72201,Industrial electricians,trade_electricians,Job vacancies,70.0,Number,PR_48,2025-01-01,2025-03-31,STATCAN_JVWS_14100444,observed,2025-03-31,TR_STATCAN_JVWS_AB_NOC_1_0_0,status:D
OBS_JVWS_9C578F9C62074049A49D,JVWS_AVERAGE_OFFERED_HOURLY_WAGE_NOC_72402,72402,"Heating, refrigeration and air conditioning mechanics",trade_hvac,Average offered hourly wage,32.8,Dollars,PR_48,2025-01-01,2025-03-31,STATCAN_JVWS_14100444,observed,2025-03-31,TR_STATCAN_JVWS_AB_NOC_1_0_0,status:B
OBS_JVWS_76655AC7BBEB17167C97,JVWS_JOB_VACANCIES_NOC_72402,72402,"Heating, refrigeration and air conditioning mechanics",trade_hvac,Job vacancies,305.0,Number,PR_48,2025-01-01,2025-03-31,STATCAN_JVWS_14100444,observed,2025-03-31,TR_STATCAN_JVWS_AB_NOC_1_0_0,status:E
OBS_JVWS_70054FBAA32FC9974E9A,JVWS_AVERAGE_OFFERED_HOURLY_WAGE_NOC_72202,72202,Power system electricians,trade_power_line,Average offered hourly wage,,Dollars,PR_48,2025-01-01,2025-03-31,STATCAN_JVWS_14100444,observed,2025-03-31,TR_STATCAN_JVWS_AB_NOC_1_0_0,status:F|value_missing_or_suppressed
OBS_JVWS_0A2942800A478ABB0D73,JVWS_JOB_VACANCIES_NOC_72202,72202,Power system electricians,trade_power_line,Job vacancies,,Number,PR_48,2025-01-01,2025-03-31,STATCAN_JVWS_14100444,observed,2025-03-31,TR_STATCAN_JVWS_AB_NOC_1_0_0,status:F|value_missing_or_suppressed
OBS_JVWS_4956D64CF77AD1BB3B08,JVWS_AVERAGE_OFFERED_HOURLY_WAGE_NOC_72203,72203,Electrical power line and cable workers,trade_power_line,Average offered hourly wage,51.85,Dollars,PR_48,2025-01-01,2025-03-31,STATCAN_JVWS_14100444,observed,2025-03-31,TR_STATCAN_JVWS_AB_NOC_1_0_0,status:A
OBS_JVWS_8FD3F48237C78A6BA857,JVWS_JOB_VACANCIES_NOC_72203,72203,Electrical power line and cable workers,trade_power_line,Job vacancies,,Number,PR_48,2025-01-01,2025-03-31,STATCAN_JVWS_14100444,observed,2025-03-31,TR_STATCAN_JVWS_AB_NOC_1_0_0,status:F|value_missing_or_suppressed
OBS_JVWS_CE337E7FD98E211B388C,JVWS_AVERAGE_OFFERED_HOURLY_WAGE_NOC_73100,73100,Concrete finishers,trade_concrete,Average offered hourly wage,32.55,Dollars,PR_48,2025-04-01,2025-06-30,STATCAN_JVWS_14100444,observed,2025-06-30,TR_STATCAN_JVWS_AB_NOC_1_0_0,status:B
OBS_JVWS_EE861CAFE98D400E445B,JVWS_JOB_VACANCIES_NOC_73100,73100,Concrete finishers,trade_concrete,Job vacancies,,Number,PR_48,2025-04-01,2025-06-30,STATCAN_JVWS_14100444,observed,2025-06-30,TR_STATCAN_JVWS_AB_NOC_1_0_0,status:F|value_missing_or_suppressed
OBS_JVWS_8F083A50DB43E2DA571F,JVWS_AVERAGE_OFFERED_HOURLY_WAGE_NOC_72200,72200,Electricians (except industrial and power system),trade_electricians,Average offered hourly wage,27.3,Dollars,PR_48,2025-04-01,2025-06-30,STATCAN_JVWS_14100444,observed,2025-06-30,TR_STATCAN_JVWS_AB_NOC_1_0_0,status:C
OBS_JVWS_5BE42AC6FF4DAEE1F79A,JVWS_JOB_VACANCIES_NOC_72200,72200,Electricians (except industrial and power system),trade_electricians,Job vacancies,810.0,Number,PR_48,2025-04-01,2025-06-30,STATCAN_JVWS_14100444,observed,2025-06-30,TR_STATCAN_JVWS_AB_NOC_1_0_0,status:E
OBS_JVWS_55A39AF05C6DB41684AF,JVWS_AVERAGE_OFFERED_HOURLY_WAGE_NOC_72201,72201,Industrial electricians,trade_electricians,Average offered hourly wage,41.65,Dollars,PR_48,2025-04-01,2025-06-30,STATCAN_JVWS_14100444,observed,2025-06-30,TR_STATCAN_JVWS_AB_NOC_1_0_0,status:A
OBS_JVWS_86390FC038CB2C52EFEC,JVWS_JOB_VACANCIES_NOC_72201,72201,Industrial electricians,trade_electricians,Job vacancies,85.0,Number,PR_48,2025-04-01,2025-06-30,STATCAN_JVWS_14100444,observed,2025-06-30,TR_STATCAN_JVWS_AB_NOC_1_0_0,status:E
OBS_JVWS_87E843179B0BB4E8E476,JVWS_AVERAGE_OFFERED_HOURLY_WAGE_NOC_72402,72402,"Heating, refrigeration and air conditioning mechanics",trade_hvac,Average offered hourly wage,29.6,Dollars,PR_48,2025-04-01,2025-06-30,STATCAN_JVWS_14100444,observed,2025-06-30,TR_STATCAN_JVWS_AB_NOC_1_0_0,status:B
OBS_JVWS_ACE600097BFB7BCE2D02,JVWS_JOB_VACANCIES_NOC_72402,72402,"Heating, refrigeration and air conditioning mechanics",trade_hvac,Job vacancies,325.0,Number,PR_48,2025-04-01,2025-06-30,STATCAN_JVWS_14100444,observed,2025-06-30,TR_STATCAN_JVWS_AB_NOC_1_0_0,status:E
OBS_JVWS_ED592E9B475AC6524697,JVWS_AVERAGE_OFFERED_HOURLY_WAGE_NOC_72202,72202,Power system electricians,trade_power_line,Average offered hourly wage,,Dollars,PR_48,2025-04-01,2025-06-30,STATCAN_JVWS_14100444,observed,2025-06-30,TR_STATCAN_JVWS_AB_NOC_1_0_0,status:..|value_missing_or_suppressed
OBS_JVWS_2965F8076DE6AA2A4461,JVWS_JOB_VACANCIES_NOC_72202,72202,Power system electricians,trade_power_line,Job vacancies,,Number,PR_48,2025-04-01,2025-06-30,STATCAN_JVWS_14100444,observed,2025-06-30,TR_STATCAN_JVWS_AB_NOC_1_0_0,status:..|value_missing_or_suppressed
OBS_JVWS_03EAEB429297B0FB1915,JVWS_AVERAGE_OFFERED_HOURLY_WAGE_NOC_72203,72203,Electrical power line and cable workers,trade_power_line,Average offered hourly wage,40.25,Dollars,PR_48,2025-04-01,2025-06-30,STATCAN_JVWS_14100444,observed,2025-06-30,TR_STATCAN_JVWS_AB_NOC_1_0_0,status:B
OBS_JVWS_E7A880E2F430585FB02F,JVWS_JOB_VACANCIES_NOC_72203,72203,Electrical power line and cable workers,trade_power_line,Job vacancies,,Number,PR_48,2025-04-01,2025-06-30,STATCAN_JVWS_14100444,observed,2025-06-30,TR_STATCAN_JVWS_AB_NOC_1_0_0,status:F|value_missing_or_suppressed
OBS_JVWS_484293D1AE43967D1955,JVWS_AVERAGE_OFFERED_HOURLY_WAGE_NOC_73100,73100,Concrete finishers,trade_concrete,Average offered hourly wage,33.65,Dollars,PR_48,2025-07-01,2025-09-30,STATCAN_JVWS_14100444,observed,2025-09-30,TR_STATCAN_JVWS_AB_NOC_1_0_0,status:A
OBS_JVWS_BCD46F12C844101237A3,JVWS_JOB_VACANCIES_NOC_73100,73100,Concrete finishers,trade_concrete,Job vacancies,,Number,PR_48,2025-07-01,2025-09-30,STATCAN_JVWS_14100444,observed,2025-09-30,TR_STATCAN_JVWS_AB_NOC_1_0_0,status:F|value_missing_or_suppressed
OBS_JVWS_07C0E8BE07392A603FBE,JVWS_AVERAGE_OFFERED_HOURLY_WAGE_NOC_72200,72200,Electricians (except industrial and power system),trade_electricians,Average offered hourly wage,28.45,Dollars,PR_48,2025-07-01,2025-09-30,STATCAN_JVWS_14100444,observed,2025-09-30,TR_STATCAN_JVWS_AB_NOC_1_0_0,status:B
OBS_JVWS_34E2F9F6714BFD64E79D,JVWS_JOB_VACANCIES_NOC_72200,72200,Electricians (except industrial and power system),trade_electricians,Job vacancies,550.0,Number,PR_48,2025-07-01,2025-09-30,STATCAN_JVWS_14100444,observed,2025-09-30,TR_STATCAN_JVWS_AB_NOC_1_0_0,status:E
OBS_JVWS_159B0FB31ED48CF1500D,JVWS_AVERAGE_OFFERED_HOURLY_WAGE_NOC_72201,72201,Industrial electricians,trade_electricians,Average offered hourly wage,36.4,Dollars,PR_48,2025-07-01,2025-09-30,STATCAN_JVWS_14100444,observed,2025-09-30,TR_STATCAN_JVWS_AB_NOC_1_0_0,status:B
OBS_JVWS_A85AE967951C3489A255,JVWS_JOB_VACANCIES_NOC_72201,72201,Industrial electricians,trade_electricians,Job vacancies,110.0,Number,PR_48,2025-07-01,2025-09-30,STATCAN_JVWS_14100444,observed,2025-09-30,TR_STATCAN_JVWS_AB_NOC_1_0_0,status:E
OBS_JVWS_25C831FE16EEC734BF6B,JVWS_AVERAGE_OFFERED_HOURLY_WAGE_NOC_72402,72402,"Heating, refrigeration and air conditioning mechanics",trade_hvac,Average offered hourly wage,39.15,Dollars,PR_48,2025-07-01,2025-09-30,STATCAN_JVWS_14100444,observed,2025-09-30,TR_STATCAN_JVWS_AB_NOC_1_0_0,status:B
OBS_JVWS_D129CA52FE5B364CF845,JVWS_JOB_VACANCIES_NOC_72402,72402,"Heating, refrigeration and air conditioning mechanics",trade_hvac,Job vacancies,285.0,Number,PR_48,2025-07-01,2025-09-30,STATCAN_JVWS_14100444,observed,2025-09-30,TR_STATCAN_JVWS_AB_NOC_1_0_0,status:E
OBS_JVWS_01D62AF1281CC4CA7725,JVWS_AVERAGE_OFFERED_HOURLY_WAGE_NOC_72202,72202,Power system electricians,trade_power_line,Average offered hourly wage,,Dollars,PR_48,2025-07-01,2025-09-30,STATCAN_JVWS_14100444,observed,2025-09-30,TR_STATCAN_JVWS_AB_NOC_1_0_0,status:F|value_missing_or_suppressed
OBS_JVWS_D2C350C062575EF1F313,JVWS_JOB_VACANCIES_NOC_72202,72202,Power system electricians,trade_power_line,Job vacancies,,Number,PR_48,2025-07-01,2025-09-30,STATCAN_JVWS_14100444,observed,2025-09-30,TR_STATCAN_JVWS_AB_NOC_1_0_0,status:F|value_missing_or_suppressed
OBS_JVWS_1FF24F9E5FA5BC7A37A8,JVWS_AVERAGE_OFFERED_HOURLY_WAGE_NOC_72203,72203,Electrical power line and cable workers,trade_power_line,Average offered hourly wage,52.15,Dollars,PR_48,2025-07-01,2025-09-30,STATCAN_JVWS_14100444,observed,2025-09-30,TR_STATCAN_JVWS_AB_NOC_1_0_0,status:C
OBS_JVWS_A1310DEBFB48B7F99082,JVWS_JOB_VACANCIES_NOC_72203,72203,Electrical power line and cable workers,trade_power_line,Job vacancies,15.0,Number,PR_48,2025-07-01,2025-09-30,STATCAN_JVWS_14100444,observed,2025-09-30,TR_STATCAN_JVWS_AB_NOC_1_0_0,status:E
OBS_JVWS_191F45D855DE135DDBB1,JVWS_AVERAGE_OFFERED_HOURLY_WAGE_NOC_73100,73100,Concrete finishers,trade_concrete,Average offered hourly wage,32.6,Dollars,PR_48,2025-10-01,2025-12-31,STATCAN_JVWS_14100444,observed,2025-12-31,TR_STATCAN_JVWS_AB_NOC_1_0_0,status:E
OBS_JVWS_033DE8EB2CCF6F74B8C9,JVWS_JOB_VACANCIES_NOC_73100,73100,Concrete finishers,trade_concrete,Job vacancies,,Number,PR_48,2025-10-01,2025-12-31,STATCAN_JVWS_14100444,observed,2025-12-31,TR_STATCAN_JVWS_AB_NOC_1_0_0,status:F|value_missing_or_suppressed
OBS_JVWS_26D69BA6414EE6F4C1C0,JVWS_AVERAGE_OFFERED_HOURLY_WAGE_NOC_72200,72200,Electricians (except industrial and power system),trade_electricians,Average offered hourly wage,32.15,Dollars,PR_48,2025-10-01,2025-12-31,STATCAN_JVWS_14100444,observed,2025-12-31,TR_STATCAN_JVWS_AB_NOC_1_0_0,status:A
OBS_JVWS_F7C2EA44B16E90212AEC,JVWS_JOB_VACANCIES_NOC_72200,72200,Electricians (except industrial and power system),trade_electricians,Job vacancies,640.0,Number,PR_48,2025-10-01,2025-12-31,STATCAN_JVWS_14100444,observed,2025-12-31,TR_STATCAN_JVWS_AB_NOC_1_0_0,status:D
OBS_JVWS_2FCE1098C5DF7FDAF424,JVWS_AVERAGE_OFFERED_HOURLY_WAGE_NOC_72201,72201,Industrial electricians,trade_electricians,Average offered hourly wage,45.15,Dollars,PR_48,2025-10-01,2025-12-31,STATCAN_JVWS_14100444,observed,2025-12-31,TR_STATCAN_JVWS_AB_NOC_1_0_0,status:A
OBS_JVWS_617924D8E9F179D9C3C8,JVWS_JOB_VACANCIES_NOC_72201,72201,Industrial electricians,trade_electricians,Job vacancies,75.0,Number,PR_48,2025-10-01,2025-12-31,STATCAN_JVWS_14100444,observed,2025-12-31,TR_STATCAN_JVWS_AB_NOC_1_0_0,status:D
OBS_JVWS_1B9C91FA4631CF72552D,JVWS_AVERAGE_OFFERED_HOURLY_WAGE_NOC_72402,72402,"Heating, refrigeration and air conditioning mechanics",trade_hvac,Average offered hourly wage,32.55,Dollars,PR_48,2025-10-01,2025-12-31,STATCAN_JVWS_14100444,observed,2025-12-31,TR_STATCAN_JVWS_AB_NOC_1_0_0,status:C
OBS_JVWS_3A6656D5C61A2D21FB51,JVWS_JOB_VACANCIES_NOC_72402,72402,"Heating, refrigeration and air conditioning mechanics",trade_hvac,Job vacancies,280.0,Number,PR_48,2025-10-01,2025-12-31,STATCAN_JVWS_14100444,observed,2025-12-31,TR_STATCAN_JVWS_AB_NOC_1_0_0,status:E
OBS_JVWS_2D5A9AC163C1067D5E7B,JVWS_AVERAGE_OFFERED_HOURLY_WAGE_NOC_72202,72202,Power system electricians,trade_power_line,Average offered hourly wage,,Dollars,PR_48,2025-10-01,2025-12-31,STATCAN_JVWS_14100444,observed,2025-12-31,TR_STATCAN_JVWS_AB_NOC_1_0_0,status:..|value_missing_or_suppressed
OBS_JVWS_92C59B15A11EB96E0544,JVWS_JOB_VACANCIES_NOC_72202,72202,Power system electricians,trade_power_line,Job vacancies,,Number,PR_48,2025-10-01,2025-12-31,STATCAN_JVWS_14100444,observed,2025-12-31,TR_STATCAN_JVWS_AB_NOC_1_0_0,status:..|value_missing_or_suppressed
OBS_JVWS_3769E1F8F0F0B3FF787F,JVWS_AVERAGE_OFFERED_HOURLY_WAGE_NOC_72203,72203,Electrical power line and cable workers,trade_power_line,Average offered hourly wage,48.2,Dollars,PR_48,2025-10-01,2025-12-31,STATCAN_JVWS_14100444,observed,2025-12-31,TR_STATCAN_JVWS_AB_NOC_1_0_0,status:B
OBS_JVWS_95793DFEC06BFA875856,JVWS_JOB_VACANCIES_NOC_72203,72203,Electrical power line and cable workers,trade_power_line,Job vacancies,,Number,PR_48,2025-10-01,2025-12-31,STATCAN_JVWS_14100444,observed,2025-12-31,TR_STATCAN_JVWS_AB_NOC_1_0_0,status:F|value_missing_or_suppressed
OBS_JVWS_D64CA27766B1D77A23B5,JVWS_AVERAGE_OFFERED_HOURLY_WAGE_NOC_73100,73100,Concrete finishers,trade_concrete,Average offered hourly wage,32.85,Dollars,PR_48,2026-01-01,2026-03-31,STATCAN_JVWS_14100444,observed,2026-03-31,TR_STATCAN_JVWS_AB_NOC_1_0_0,status:E
OBS_JVWS_8518C84C98519EB8DA69,JVWS_JOB_VACANCIES_NOC_73100,73100,Concrete finishers,trade_concrete,Job vacancies,,Number,PR_48,2026-01-01,2026-03-31,STATCAN_JVWS_14100444,observed,2026-03-31,TR_STATCAN_JVWS_AB_NOC_1_0_0,status:F|value_missing_or_suppressed
OBS_JVWS_329C2BDEB84516DB1AFE,JVWS_AVERAGE_OFFERED_HOURLY_WAGE_NOC_72200,72200,Electricians (except industrial and power system),trade_electricians,Average offered hourly wage,29.3,Dollars,PR_48,2026-01-01,2026-03-31,STATCAN_JVWS_14100444,observed,2026-03-31,TR_STATCAN_JVWS_AB_NOC_1_0_0,status:B
OBS_JVWS_996307289B305C086EF1,JVWS_JOB_VACANCIES_NOC_72200,72200,Electricians (except industrial and power system),trade_electricians,Job vacancies,460.0,Number,PR_48,2026-01-01,2026-03-31,STATCAN_JVWS_14100444,observed,2026-03-31,TR_STATCAN_JVWS_AB_NOC_1_0_0,status:E
OBS_JVWS_AC3E60777ABE191D55B3,JVWS_AVERAGE_OFFERED_HOURLY_WAGE_NOC_72201,72201,Industrial electricians,trade_electricians,Average offered hourly wage,45.15,Dollars,PR_48,2026-01-01,2026-03-31,STATCAN_JVWS_14100444,observed,2026-03-31,TR_STATCAN_JVWS_AB_NOC_1_0_0,status:B
OBS_JVWS_640E14AAAF5B4B0E3932,JVWS_JOB_VACANCIES_NOC_72201,72201,Industrial electricians,trade_electricians,Job vacancies,80.0,Number,PR_48,2026-01-01,2026-03-31,STATCAN_JVWS_14100444,observed,2026-03-31,TR_STATCAN_JVWS_AB_NOC_1_0_0,status:E
OBS_JVWS_F751E089ADE12F6BE3DC,JVWS_AVERAGE_OFFERED_HOURLY_WAGE_NOC_72402,72402,"Heating, refrigeration and air conditioning mechanics",trade_hvac,Average offered hourly wage,37.1,Dollars,PR_48,2026-01-01,2026-03-31,STATCAN_JVWS_14100444,observed,2026-03-31,TR_STATCAN_JVWS_AB_NOC_1_0_0,status:A
OBS_JVWS_AB9BFCA78334E53B249D,JVWS_JOB_VACANCIES_NOC_72402,72402,"Heating, refrigeration and air conditioning mechanics",trade_hvac,Job vacancies,230.0,Number,PR_48,2026-01-01,2026-03-31,STATCAN_JVWS_14100444,observed,2026-03-31,TR_STATCAN_JVWS_AB_NOC_1_0_0,status:E
OBS_JVWS_700A0E6F9E46DE111DEB,JVWS_AVERAGE_OFFERED_HOURLY_WAGE_NOC_72202,72202,Power system electricians,trade_power_line,Average offered hourly wage,,Dollars,PR_48,2026-01-01,2026-03-31,STATCAN_JVWS_14100444,observed,2026-03-31,TR_STATCAN_JVWS_AB_NOC_1_0_0,status:F|value_missing_or_suppressed
OBS_JVWS_75B69B7E87BE50BCF8FC,JVWS_JOB_VACANCIES_NOC_72202,72202,Power system electricians,trade_power_line,Job vacancies,,Number,PR_48,2026-01-01,2026-03-31,STATCAN_JVWS_14100444,observed,2026-03-31,TR_STATCAN_JVWS_AB_NOC_1_0_0,status:F|value_missing_or_suppressed
OBS_JVWS_0BCA937280A1F14B1481,JVWS_AVERAGE_OFFERED_HOURLY_WAGE_NOC_72203,72203,Electrical power line and cable workers,trade_power_line,Average offered hourly wage,50.55,Dollars,PR_48,2026-01-01,2026-03-31,STATCAN_JVWS_14100444,observed,2026-03-31,TR_STATCAN_JVWS_AB_NOC_1_0_0,status:C
OBS_JVWS_B95114EA86545CF4EE09,JVWS_JOB_VACANCIES_NOC_72203,72203,Electrical power line and cable workers,trade_power_line,Job vacancies,,Number,PR_48,2026-01-01,2026-03-31,STATCAN_JVWS_14100444,observed,2026-03-31,TR_STATCAN_JVWS_AB_NOC_1_0_0,status:F|value_missing_or_suppressed
OBS_JVWS_62DAE9F9DC98C731B001,JVWS_AVERAGE_OFFERED_HOURLY_WAGE_NOC_73100,73100,Concrete finishers,trade_concrete,Average offered hourly wage,30.2,Dollars,PR_48,2026-04-01,2026-06-30,STATCAN_JVWS_14100444,observed,2026-06-30,TR_STATCAN_JVWS_AB_NOC_1_0_0,status:D
OBS_JVWS_E962788E43604251B9DC,JVWS_JOB_VACANCIES_NOC_73100,73100,Concrete finishers,trade_concrete,Job vacancies,,Number,PR_48,2026-04-01,2026-06-30,STATCAN_JVWS_14100444,observed,2026-06-30,TR_STATCAN_JVWS_AB_NOC_1_0_0,status:F|value_missing_or_suppressed
OBS_JVWS_6688695151E065D48143,JVWS_AVERAGE_OFFERED_HOURLY_WAGE_NOC_72200,72200,Electricians (except industrial and power system),trade_electricians,Average offered hourly wage,32.3,Dollars,PR_48,2026-04-01,2026-06-30,STATCAN_JVWS_14100444,observed,2026-06-30,TR_STATCAN_JVWS_AB_NOC_1_0_0,status:B
OBS_JVWS_94ED39A0E4AFCE8B22C2,JVWS_JOB_VACANCIES_NOC_72200,72200,Electricians (except industrial and power system),trade_electricians,Job vacancies,390.0,Number,PR_48,2026-04-01,2026-06-30,STATCAN_JVWS_14100444,observed,2026-06-30,TR_STATCAN_JVWS_AB_NOC_1_0_0,status:D
OBS_JVWS_D7A09CFCF4D5E5CB7DAB,JVWS_AVERAGE_OFFERED_HOURLY_WAGE_NOC_72201,72201,Industrial electricians,trade_electricians,Average offered hourly wage,45.6,Dollars,PR_48,2026-04-01,2026-06-30,STATCAN_JVWS_14100444,observed,2026-06-30,TR_STATCAN_JVWS_AB_NOC_1_0_0,status:A
OBS_JVWS_F2D503BB41E31EEC77B0,JVWS_JOB_VACANCIES_NOC_72201,72201,Industrial electricians,trade_electricians,Job vacancies,35.0,Number,PR_48,2026-04-01,2026-06-30,STATCAN_JVWS_14100444,observed,2026-06-30,TR_STATCAN_JVWS_AB_NOC_1_0_0,status:D
OBS_JVWS_8C3720034BE58AFCE0A8,JVWS_AVERAGE_OFFERED_HOURLY_WAGE_NOC_72402,72402,"Heating, refrigeration and air conditioning mechanics",trade_hvac,Average offered hourly wage,40.35,Dollars,PR_48,2026-04-01,2026-06-30,STATCAN_JVWS_14100444,observed,2026-06-30,TR_STATCAN_JVWS_AB_NOC_1_0_0,status:B
OBS_JVWS_D5593F8AEBA1D0BE8837,JVWS_JOB_VACANCIES_NOC_72402,72402,"Heating, refrigeration and air conditioning mechanics",trade_hvac,Job vacancies,290.0,Number,PR_48,2026-04-01,2026-06-30,STATCAN_JVWS_14100444,observed,2026-06-30,TR_STATCAN_JVWS_AB_NOC_1_0_0,status:E
OBS_JVWS_B786966F67A1E0F36C7D,JVWS_AVERAGE_OFFERED_HOURLY_WAGE_NOC_72202,72202,Power system electricians,trade_power_line,Average offered hourly wage,73.25,Dollars,PR_48,2026-04-01,2026-06-30,STATCAN_JVWS_14100444,observed,2026-06-30,TR_STATCAN_JVWS_AB_NOC_1_0_0,status:E
OBS_JVWS_E27ACF9EBAB5CD19F6CD,JVWS_JOB_VACANCIES_NOC_72202,72202,Power system electricians,trade_power_line,Job vacancies,,Number,PR_48,2026-04-01,2026-06-30,STATCAN_JVWS_14100444,observed,2026-06-30,TR_STATCAN_JVWS_AB_NOC_1_0_0,status:F|value_missing_or_suppressed
OBS_JVWS_8C7F51431A3778A8124B,JVWS_AVERAGE_OFFERED_HOURLY_WAGE_NOC_72203,72203,Electrical power line and cable workers,trade_power_line,Average offered hourly wage,46.95,Dollars,PR_48,2026-04-01,2026-06-30,STATCAN_JVWS_14100444,observed,2026-06-30,TR_STATCAN_JVWS_AB_NOC_1_0_0,status:B
OBS_JVWS_B67B420E888DD0C3EF2C,JVWS_JOB_VACANCIES_NOC_72203,72203,Electrical power line and cable workers,trade_power_line,Job vacancies,,Number,PR_48,2026-04-01,2026-06-30,STATCAN_JVWS_14100444,observed,2026-06-30,TR_STATCAN_JVWS_AB_NOC_1_0_0,status:F|value_missing_or_suppressed
